TradDt,BizDt,Sgmt,Src,FinInstrmTp,FinInstrmId,ISIN,TckrSymb,SctySrs,XpryDt,FininstrmActlXpryDt,StrkPric,OptnTp,FinInstrmNm,OpnPric,HghPric,LwPric,ClsPric,LastPric,PrvsClsgPric,UndrlygPric,SttlmPric,OpnIntrst,ChngInOpnIntrst,TtlTradgVol,TtlTrfVal,TtlNbOfTxsExctd,SsnId,NewBrdLotQty,Rmks,Rsvd1,Rsvd2,Rsvd3,Rsvd4
2026-09-02,2026-09-02,CM,NSE,STK,19078,IN0020200104,SGBJUN28,GB,,,,,2.5%GOLDBONDS2028SR-III,15000.00,15000.00,14850.00,14850.00,14850.00,15141.87,,14841.00,,,103,1532731.15,28,F1,1,,,,,
2026-09-02,2026-09-02,CM,NSE,STK,1342,IN0020200286,SGBN28VIII,GB,,,,,2.5%GOLDBONDS2028SR-VIII,15120.00,15120.00,14850.00,14866.96,14880.00,15160.50,,14866.37,,,274,4093421.71,44,F1,1,,,,,
2026-09-02,2026-09-02,CM,NSE,STK,3742,IN0020210053,SGBMAY29I,GB,,,,,2.5%GOLDBONDS2029SR-I,15000.00,15050.00,14850.00,14860.91,14869.00,15081.00,,14852.61,,,850,12643371.91,125,F1,1,,,,,
2026-09-02,2026-09-02,CM,NSE,STK,3743,IN0020210061,SGBJUN29II,GB,,,,,2.5%GOLDBONDS2029SR-II,15074.00,15074.00,14743.01,14868.88,14850.00,15106.16,,14868.88,,,268,3991313.85,32,F1,1,,,,,
2026-09-02,2026-09-02,CM,NSE,STK,3800,IN0020210087,SGBJU29III,GB,,,,,2.5%GOLDBONDS2029SR-III,14998.99,14998.99,14822.55,14862.97,14830.01,15088.33,,14862.97,,,208,3092503.12,36,F1,1,,,,,
2026-09-02,2026-09-02,CM,NSE,STK,5575,IN0020210145,SGBSEP29VI,GB,,,,,2.5%GOLDBONDS2029SR-VI,15025.00,15140.00,14840.00,14891.34,14880.00,15178.20,,14900.38,,,571,8517757.85,128,F1,1,,,,,
2026-09-02,2026-09-02,CM,NSE,STK,6518,IN0020210178,SGBNV29VII,GB,,,,,2.5%GOLDBONDS2029SR-VII,15074.00,15074.00,14845.00,14885.57,14855.00,15106.72,,14877.90,,,192,2863500.58,72,F1,1,,,,,
2026-09-02,2026-09-02,CM,NSE,STK,5960,IN0020180249,SGBOCT26,GB,,,,,2.50%GOLDBONDS2026SR-II,15000.00,15000.00,15000.00,15000.00,15000.00,15621.50,,14825.00,,,2,30000.00,1,F1,1,,,,,
2026-09-02,2026-09-02,CM,NSE,STK,7654,IN0020180389,SGBDEC26,GB,,,,,2.50%GOLDBONDS2026SR-IV,15030.00,15550.00,14652.00,15550.00,15550.00,15600.00,,15300.00,,,13,194851.15,8,F1,1,,,,,
2026-09-02,2026-09-02,CM,NSE,STK,10261,IN0020190073,SGBJUN27,GB,,,,,2.50%GOLDBONDS2027SR-I,15030.00,15030.00,14710.01,14950.00,14950.00,15025.83,,14975.00,,,27,403442.76,6,F1,1,,,,,
2026-09-02,2026-09-02,CM,NSE,STK,11154,IN0020190081,SGBJUL27,GB,,,,,2.50%GOLDBONDS2027SR-II,15050.00,15050.00,14605.00,15024.99,15024.99,15050.00,,15032.50,,,5,74729.97,4,F1,1,,,,,
2026-09-02,2026-09-02,CM,NSE,STK,12904,IN0020190107,SGBAUG27,GB,,,,,2.50%GOLDBONDS2027SR-III,15034.99,15771.99,14801.00,14959.21,15100.00,15043.90,,14962.27,,,238,3554515.18,74,F1,1,,,,,
2026-09-02,2026-09-02,CM,NSE,STK,13209,IN0020190115,SGBSEP27,GB,,,,,2.50%GOLDBONDS2027SR-IV,14915.01,15000.00,14915.01,14915.02,14915.02,15295.00,,14915.02,,,6,89575.07,3,F1,1,,,,,
2026-09-02,2026-09-02,CM,NSE,STK,8308,IN0020180462,SGBJAN27,GB,,,,,2.50%GOLDBONDS2027SR-V,14950.00,14950.00,14950.00,14950.00,14950.00,15211.00,,14950.00,,,1,14950.00,1,F1,1,,,,,
2026-09-02,2026-09-02,CM,NSE,STK,13981,IN0020190370,SGBOCT27,GB,,,,,2.50%GOLDBONDS2027SR-V,15705.00,15705.00,14962.00,14962.00,14962.00,15750.00,,14962.00,,,15,226594.00,8,F1,1,,,,,
2026-09-02,2026-09-02,CM,NSE,STK,8766,IN0020180561,SGBFEB27,GB,,,,,2.50%GOLDBONDS2027SR-VI,15009.99,15009.99,14725.01,14849.00,14849.00,15010.01,,14849.00,,,3,44584.00,3,F1,1,,,,,
2026-09-02,2026-09-02,CM,NSE,STK,14252,IN0020190388,SGBOCT27VI,GB,,,,,2.50%GOLDBONDS2027SR-VI,14770.00,14770.00,14770.00,14770.00,14770.00,15211.00,,14755.00,,,1,14770.00,1,F1,1,,,,,
2026-09-02,2026-09-02,CM,NSE,STK,15432,IN0020190461,SGBDC27VII,GB,,,,,2.50%GOLDBONDS2027SR-VII,14911.00,15090.00,14909.99,15090.00,15090.00,15108.33,,15090.00,,,14,209460.96,6,F1,1,,,,,
2026-09-02,2026-09-02,CM,NSE,STK,18862,IN0020200062,SGBAPR28I,GB,,,,,2.50%GOLDBONDS2028SR-I,14861.00,14998.00,14861.00,14890.48,14900.00,15110.78,,14894.04,,,236,3524341.67,46,F1,1,,,,,
2026-09-02,2026-09-02,CM,NSE,STK,18972,IN0020200088,SGBMAY28,GB,,,,,2.50%GOLDBONDS2028SR-II,15000.80,15000.80,14711.00,14861.71,14869.99,15080.80,,14861.71,,,151,2245374.73,40,F1,1,,,,,
2026-09-02,2026-09-02,CM,NSE,STK,22242,IN0020200146,SGBJUL28IV,GB,,,,,2.50%GOLDBONDS2028SR-IV,14943.99,14943.99,14816.00,14843.67,14885.00,15078.25,,14845.24,,,509,7568780.68,71,F1,1,,,,,
2026-09-02,2026-09-02,CM,NSE,STK,17664,IN0020190545,SGBFEB28IX,GB,,,,,2.50%GOLDBONDS2028SR-IX,14710.10,14802.11,14710.10,14802.11,14802.11,15600.00,,14802.11,,,4,59024.42,2,F1,1,,,,,
2026-09-02,2026-09-02,CM,NSE,STK,22385,IN0020200161,SGBAUG28V,GB,,,,,2.50%GOLDBONDS2028SR-V,15080.00,15080.00,14801.01,14871.55,14885.00,15072.82,,14872.71,,,850,12667152.86,189,F1,1,,,,,
2026-09-02,2026-09-02,CM,NSE,STK,149,IN0020200195,SGBSEP28VI,GB,,,,,2.50%GOLDBONDS2028SR-VI,15069.70,15069.70,14913.01,14946.66,14940.00,15129.78,,14944.59,,,127,1902709.94,58,F1,1,,,,,
2026-09-02,2026-09-02,CM,NSE,STK,834,IN0020200203,SGBOC28VII,GB,,,,,2.50%GOLDBONDS2028SR-VII,15099.00,15099.00,14800.00,14870.41,14870.00,15136.16,,14870.41,,,134,1997045.38,33,F1,1,,,,,
2026-09-02,2026-09-02,CM,NSE,STK,17110,IN0020190537,SGBJ28VIII,GB,,,,,2.50%GOLDBONDS2028SR-VIII,14850.00,14911.00,14770.00,14846.31,14850.00,15108.00,,14846.31,,,98,1458313.87,13,F1,1,,,,,
2026-09-02,2026-09-02,CM,NSE,STK,18451,IN0020190552,SGBMAR28X,GB,,,,,2.50%GOLDBONDS2028SR-X,15000.00,15000.00,15000.00,15000.00,15000.00,15230.00,,15000.00,,,5,75000.00,1,F1,1,,,,,
2026-09-02,2026-09-02,CM,NSE,STK,5113,IN0020210111,SGBJUL29IV,GB,,,,,2.50%GOLDBONDS2029SR-IV,14899.00,14933.00,14890.00,14895.64,14890.00,15105.72,,14890.97,,,361,5379103.94,52,F1,1,,,,,
2026-09-02,2026-09-02,CM,NSE,STK,1920,IN0020200377,SGBJAN29IX,GB,,,,,2.50%GOLDBONDS2029SR-IX,14850.00,14970.00,14830.00,14865.81,14870.00,15083.59,,14870.42,,,731,10884168.92,66,F1,1,,,,,
2026-09-02,2026-09-02,CM,NSE,STK,5455,IN0020210129,SGBAUG29V,GB,,,,,2.50%GOLDBONDS2029SR-V,15050.00,15345.00,14950.00,15108.38,15299.00,15380.00,,15098.17,,,103,1552033.23,57,F1,1,,,,,
2026-09-02,2026-09-02,CM,NSE,STK,7098,IN0020210228,SGBD29VIII,GB,,,,,2.50%GOLDBONDS2029SR-VIII,14999.00,15150.00,14850.01,14961.64,14960.00,15265.81,,14961.64,,,244,3661787.02,65,F1,1,,,,,
2026-09-02,2026-09-02,CM,NSE,STK,2003,IN0020200385,SGBJAN29X,GB,,,,,2.50%GOLDBONDS2029SR-X,14900.00,14995.99,14820.00,14891.07,14899.98,15121.80,,14890.72,,,223,3318015.56,34,F1,1,,,,,
2026-09-02,2026-09-02,CM,NSE,STK,2200,IN0020200393,SGBFEB29XI,GB,,,,,2.50%GOLDBONDS2029SR-XI,14998.99,14999.00,14801.01,14849.66,14838.00,15150.00,,14841.24,,,136,2027674.28,35,F1,1,,,,,
2026-09-02,2026-09-02,CM,NSE,STK,2810,IN0020200427,SGBMR29XII,GB,,,,,2.50%GOLDBONDS2029SR-XII,14990.00,14990.00,14862.00,14903.17,14885.00,15115.50,,14902.07,,,140,2088971.45,42,F1,1,,,,,
2026-09-02,2026-09-02,CM,NSE,STK,10232,IN0020220045,SGBJUN30,GB,,,,,2.50%GOLDBONDS2030SR-I,14835.01,15089.99,14835.01,14940.62,14935.00,15148.33,,14940.62,,,187,2798454.32,69,F1,1,,,,,
2026-09-02,2026-09-02,CM,NSE,STK,11192,IN0020220078,SGBAUG30,GB,,,,,2.50%GOLDBONDS2030SR-II,15321.28,15321.28,14836.57,15021.48,15034.80,15321.28,,15018.86,,,416,6244375.59,157,F1,1,,,,,
2026-09-02,2026-09-02,CM,NSE,STK,13642,IN0020220110,SGBDE30III,GB,,,,,2.50%GOLDBONDS2030SR-III,15247.69,15247.69,15050.02,15105.81,15108.54,15300.00,,15109.84,,,143,2162881.41,54,F1,1,,,,,
2026-09-02,2026-09-02,CM,NSE,STK,7879,IN0020210236,SGBJAN30IX,GB,,,,,2.50%GOLDBONDS2030SR-IX,15046.00,15046.00,14900.00,14999.98,14999.98,15146.27,,14999.99,,,285,4269900.37,61,F1,1,,,,,
2026-09-02,2026-09-02,CM,NSE,STK,8401,IN0020210319,SGBMAR30X,GB,,,,,2.50%GOLDBONDS2030SR-X,14999.99,15000.00,14925.00,14998.00,14998.00,15213.80,,14998.00,,,141,2111000.92,52,F1,1,,,,,
2026-09-02,2026-09-02,CM,NSE,STK,17202,IN0020230069,SGBJUN31I,GB,,,,,2.50%GOLDBONDS2031SR-I,15399.00,15399.00,15130.00,15191.80,15180.01,15470.96,,15193.91,,,776,11811361.98,122,F1,1,,,,,
2026-09-02,2026-09-02,CM,NSE,STK,19456,IN0020230093,SGBSEP31II,GB,,,,,2.50%GOLDBONDS2031SR-II,15388.99,15388.99,15222.05,15303.26,15300.00,15439.54,,15298.78,,,802,12265612.86,187,F1,1,,,,,
2026-09-02,2026-09-02,CM,NSE,STK,22476,IN0020230168,SGBDE31III,GB,,,,,2.50%GOLDBONDS2031SR-III,15398.89,15398.98,15242.04,15314.62,15305.01,15459.85,,15315.02,,,1564,23966262.10,318,F1,1,,,,,
2026-09-02,2026-09-02,CM,NSE,STK,14598,IN0020220169,SGBMAR31IV,GB,,,,,2.50%GOLDBONDS2031SR-IV,15347.70,15347.70,15101.20,15234.75,15249.99,15388.39,,15230.00,,,105,1597457.20,41,F1,1,,,,,
2026-09-02,2026-09-02,CM,NSE,STK,22886,IN0020230184,SGBFEB32IV,GB,,,,,2.50%GOLDBONDS2032SR-IV,15510.00,15589.99,15351.00,15553.55,15530.00,15670.33,,15553.07,,,2216,34394634.92,423,F1,1,,,,,
2026-09-02,2026-09-02,CM,NSE,STK,16921,INE144J01027,20MICRONS,EQ,,,,,20 MICRONS LTD,212.00,216.39,207.00,211.36,212.56,213.00,,211.36,,,90223,19117720.14,3513,F1,1,,,,,
2026-09-02,2026-09-02,CM,NSE,STK,4,INE253B01015,21STCENMGM,EQ,,,,,21ST CENTURY MGMT SERVICE,40.39,40.39,38.81,38.85,39.38,39.60,,38.85,,,5812,226747.72,73,F1,1,,,,,
2026-09-02,2026-09-02,CM,NSE,STK,13061,INE466L01038,360ONE,EQ,,,,,360 ONE WAM LIMITED,1156.40,1181.30,1128.60,1181.30,1181.30,1165.60,,1181.45,,,666823,765774597.80,29892,F1,1,,,,,
2026-09-02,2026-09-02,CM,NSE,STK,30105,INF579M01BB5,GOLD360,EQ,,,,,360ONEAMC - GOLD360,147.60,147.60,145.05,145.60,146.15,147.90,,145.66,,,23092,3378043.20,303,F1,1,,,,,
2026-09-02,2026-09-02,CM,NSE,STK,763602,INF579M01BP5,MSCI360,EQ,,,,,360ONEAMC - MSCI360,10.12,10.12,9.99,10.07,10.07,10.12,,10.07,,,8982,90207.36,13,F1,1,,,,,
2026-09-02,2026-09-02,CM,NSE,STK,756150,INF579M01BC3,SILVER360,EQ,,,,,360ONEAMC - SILVER360,222.55,224.43,221.54,222.54,222.18,225.44,,222.49,,,30512,6789930.33,599,F1,1,,,,,
2026-09-02,2026-09-02,CM,NSE,STK,762518,INE994E01018,3BBLACKBIO,EQ,,,,,3B BLACKBIO DX LTD.,1528.50,1588.90,1469.10,1478.60,1478.90,1523.50,,1478.66,,,50928,78639719.10,5115,F1,1,,,,,
2026-09-02,2026-09-02,CM,NSE,STK,6240,INE748C01038,3IINFOLTD,BE,,,,,3I INFOTECH LIMITED,22.80,22.99,22.01,22.43,22.40,22.67,,22.42,,,131772,2931814.46,656,F1,1,,,,,
2026-09-02,2026-09-02,CM,NSE,STK,474,INE470A01017,3MINDIA,EQ,,,,,3M INDIA LIMITED,33205.00,33290.00,32805.00,32895.00,32805.00,33315.00,,32894.50,,,1858,61177925.00,1240,F1,1,,,,,
2026-09-02,2026-09-02,CM,NSE,STK,2595,INE105C01023,3PLAND,EQ,,,,,3P LAND HOLDINGS LIMITED,31.80,33.97,31.51,32.75,32.75,31.80,,32.75,,,911,29027.23,55,F1,1,,,,,
2026-09-02,2026-09-02,CM,NSE,STK,445,INE618L01018,5PAISA,EQ,,,,,5PAISA CAPITAL LIMITED,344.25,344.80,335.00,336.55,337.95,344.85,,336.65,,,26993,9156686.85,1671,F1,1,,,,,
2026-09-02,2026-09-02,CM,NSE,STK,11868,INE111B01023,63MOONS,EQ,,,,,63 MOONS TECHNOLOGIES LTD,777.75,820.00,775.00,805.10,803.50,775.55,,805.08,,,444235,354647129.35,17298,F1,1,,,,,
2026-09-02,2026-09-02,CM,NSE,STK,29323,INE053F07579,734IRFC28,N4,,,,,7.34 NCD 19FEB28 TR1 SR2,1088.00,1088.00,1088.00,1088.00,1088.00,1088.00,,1088.00,,,139,151232.00,1,F1,1,,,,,
2026-09-02,2026-09-02,CM,NSE,STK,20032,INE261F07057,735NABAR31,N1,,,,,7.35% TAX FREE TRI SRIIA,1120.00,1138.45,1110.00,1110.00,1110.00,1115.00,,1110.01,,,1036,1168869.15,10,F1,1,,,,,
2026-09-02,2026-09-02,CM,NSE,STK,19926,INE020B07JU4,743REC35,NH,,,,,7.43% TAX FREE TRI SR3B,1205.00,1215.00,1205.00,1215.00,1215.00,1196.00,,1215.00,,,1000,1206966.00,10,F1,1,,,,,
2026-09-02,2026-09-02,CM,NSE,STK,19976,INE134E07588,760PFCL35,N3,,,,,7.60% TAX FREE NCD,1210.01,1237.00,1210.01,1211.11,1211.11,1215.00,,1211.11,,,1249,1537697.99,7,F1,1,,,,,
2026-09-02,2026-09-02,CM,NSE,STK,20034,INE261F07032,764NABAR31,N2,,,,,7.64% TAX FREE TRI SRIIB,1111.10,1115.00,1110.25,1115.00,1115.00,1112.90,,1115.00,,,1584,1758832.65,22,F1,1,,,,,
2026-09-02,2026-09-02,CM,NSE,STK,19928,INE031A07AO5,764HUDCO31,N8,,,,,7.64% TAX FREETRI SR2B,1117.00,1117.00,1117.00,1117.00,1117.00,1118.00,,1117.00,,,35,39095.00,1,F1,1,,,,,
2026-09-02,2026-09-02,CM,NSE,STK,20030,INE202E07229,774IREDA31,N7,,,,,7.74% TAX FREE NCD,1127.50,1127.50,1121.00,1124.18,1121.00,1130.00,,1124.18,,,260,292287.50,4,F1,1,,,,,
2026-09-02,2026-09-02,CM,NSE,STK,19924,INE020B07GH7,812REC27,NI,,,,,8.12/8.32% TAX FREE NCD,1029.89,1029.89,1025.00,1025.64,1025.00,1025.00,,1026.88,,,17,17444.44,3,F1,1,,,,,
2026-09-02,2026-09-02,CM,NSE,STK,31240,INE031A07840,82HUDCO27,N2,,,,,8.20 NCD05MAR27 FV 1000,1056.90,1056.90,1050.27,1051.10,1051.10,1050.26,,1051.10,,,1359,1429429.42,17,F1,1,,,,,
2026-09-02,2026-09-02,CM,NSE,STK,192,INE906B07DF8,875NHAI29,N6,,,,,8.75% TAX FREE TR I S IIB,1110.39,1111.55,1110.00,1111.11,1111.00,1110.36,,1111.11,,,290,322004.61,11,F1,1,,,,,
2026-09-02,2026-09-02,CM,NSE,STK,19968,INE031A07949,876HUDCO28,ND,,,,,8.76% TAX FREETRI SR2B,1132.46,1134.89,1131.00,1131.44,1134.89,1132.46,,1131.52,,,1343,1520214.60,14,F1,1,,,,,
2026-09-02,2026-09-02,CM,NSE,STK,20058,INE787H07370,891IIFCL34,N4,,,,,8.91% TAX FREE NCD,1255.01,1255.01,1255.01,1255.01,1255.01,1265.00,,1255.01,,,300,376503.00,1,F1,1,,,,,
2026-09-02,2026-09-02,CM,NSE,STK,31487,INE848E07567,892NHPC33,N6,,,,,8.92% SEC RED BOND S3B,1260.00,1260.00,1260.00,1260.00,1260.00,1256.00,,1260.00,,,90,113400.00,3,F1,1,,,,,
2026-09-02,2026-09-02,CM,NSE,STK,20028,INE134E07463,892PFCL33,N8,,,,,8.92% TAX FREE NCD,1287.90,1287.90,1283.10,1286.87,1287.00,1287.90,,1286.87,,,377,484978.10,6,F1,1,,,,,
2026-09-02,2026-09-02,CM,NSE,STK,19970,INE031A07AB2,901HUDCO34,NE,,,,,9.01% TAX FREETRII SR3B,1284.99,1285.00,1284.99,1284.99,1284.99,1289.75,,1284.99,,,300,385497.50,6,F1,1,,,,,
2026-09-02,2026-09-02,CM,NSE,STK,759130,INE08PH01015,ABCOTS,EQ,,,,,A B COTSPIN INDIA LIMITED,215.90,215.90,208.00,209.57,211.85,213.11,,209.57,,,2466,519902.23,145,F1,1,,,,,
2026-09-02,2026-09-02,CM,NSE,STK,27016,INE00YB01025,ABINFRA,BE,,,,,A B INFRABUILD LIMITED,11.03,11.39,11.03,11.27,11.39,11.32,,11.28,,,87389,978239.10,269,F1,1,,,,,
2026-09-02,2026-09-02,CM,NSE,STK,762528,INE850B01026,ABMKNO,EQ,,,,,A B M KNOWLEDGEWARE LTD.,190.91,191.86,190.00,190.90,190.90,186.74,,190.90,,,1070,204167.40,24,F1,1,,,,,
2026-09-02,2026-09-02,CM,NSE,STK,762536,INE366C01021,ACSTECH,BE,,,,,A C S TECHNOLOGIES LTD.,50.94,51.50,50.02,51.25,50.70,50.94,,51.28,,,59299,3034732.87,156,F1,1,,,,,
2026-09-02,2026-09-02,CM,NSE,STK,762538,INE701G01012,AKCAPIT,EQ,,,,,A K CAPITAL SERVICES LTD.,1729.70,1729.70,1682.00,1699.40,1699.00,1733.90,,1700.16,,,1057,1800142.50,274,F1,1,,,,,
2026-09-02,2026-09-02,CM,NSE,STK,20906,INE619I01012,A2ZINFRA,EQ,,,,,A2Z INFRA ENGINEERING LTD,16.16,16.80,16.11,16.40,16.50,16.66,,16.43,,,167484,2747360.80,424,F1,1,,,,,
2026-09-02,2026-09-02,CM,NSE,STK,12533,INE0D0U01013,AAATECH,EQ,,,,,AAA TECHNOLOGIES LIMITED,93.79,95.77,93.01,93.07,93.75,93.72,,93.06,,,9744,912625.32,169,F1,1,,,,,
2026-09-02,2026-09-02,CM,NSE,STK,23729,INE883F01010,AADHARHFC,EQ,,,,,AADHAR HOUSING FINANCE L,478.50,478.50,465.00,475.40,476.00,476.45,,475.40,,,240290,113903270.10,14622,F1,1,,,,,
2026-09-02,2026-09-02,CM,NSE,STK,757579,INE1GYP01013,AAKAAR,SM,,,,,AAKAAR MEDICAL TECHNO LTD,62.05,63.50,61.95,62.00,62.00,63.50,,62.00,,,11200,698480.00,7,F1,1600,,,,,
2026-09-02,2026-09-02,CM,NSE,STK,235,INE087Z01024,AAKASH,EQ,,,,,AAKASH EXPLORATION SER L,8.80,8.87,8.52,8.67,8.72,8.68,,8.67,,,72356,629877.08,273,F1,1,,,,,
2026-09-02,2026-09-02,CM,NSE,STK,758120,INE124401014,AARADHYA,SM,,,,,AARADHYA DISPOSAL INDUS L,95.50,102.95,94.00,102.95,102.95,93.60,,102.95,,,38400,3867720.00,31,F1,1200,,,,,
2026-09-02,2026-09-02,CM,NSE,STK,5245,INE198H01019,AAREYDRUGS,EQ,,,,,AAREY DRUGS & PHARM LTD,92.50,94.00,91.00,91.72,92.00,92.49,,91.68,,,146358,13557250.47,1767,F1,1,,,,,
2026-09-02,2026-09-02,CM,NSE,STK,761824,INE750R01016,AARNAV,BE,,,,,AARNAV FASHIONS LIMITED,33.60,33.60,32.05,32.10,32.10,33.63,,32.10,,,6179,199278.03,38,F1,1,,,,,
2026-09-02,2026-09-02,CM,NSE,STK,1030,INE721Z01010,AARON,EQ,,,,,AARON INDUSTRIES LIMITED,127.60,130.00,124.68,125.95,126.40,127.59,,125.95,,,8560,1085185.07,403,F1,1,,,,,
2026-09-02,2026-09-02,CM,NSE,STK,17164,INE01C001026,AARTECH,BE,,,,,AARTECH SOLONICS LIMITED,48.00,50.00,48.00,49.81,49.99,48.94,,49.69,,,68063,3382499.07,173,F1,1,,,,,
2026-09-02,2026-09-02,CM,NSE,STK,4481,INE767A01016,AARTIDRUGS,EQ,,,,,AARTI DRUGS LTD.,430.00,430.00,415.85,417.80,417.55,427.10,,417.77,,,170806,71657332.55,6266,F1,1,,,,,
2026-09-02,2026-09-02,CM,NSE,STK,7,INE769A01020,AARTIIND,EQ,,,,,AARTI INDUSTRIES LTD,520.00,520.90,503.05,505.20,505.85,524.85,,505.21,,,917705,468212999.45,30622,F1,1,,,,,
2026-09-02,2026-09-02,CM,NSE,STK,13868,INE0LRU01027,AARTIPHARM,EQ,,,,,AARTI PHARMALABS LIMITED,866.00,879.40,859.50,867.25,864.45,865.20,,867.26,,,343720,298815762.85,19770,F1,1,,,,,
2026-09-02,2026-09-02,CM,NSE,STK,19263,INE09EO01013,AARTISURF,BE,,,,,AARTI SURFACTANTS LIMITED,507.00,539.90,502.00,526.05,525.55,514.45,,526.64,,,22238,11500219.15,563,F1,1,,,,,
2026-09-02,2026-09-02,CM,NSE,STK,19073,INE754X01016,AARVI,EQ,,,,,AARVI ENCON LIMITED,148.94,149.00,142.20,143.08,143.27,148.92,,143.08,,,29676,4276065.59,1038,F1,1,,,,,
2026-09-02,2026-09-02,CM,NSE,STK,763800,INE2FMX01012,AASTHA,EQ,,,,,AASTHA SPINTEX LIMITED,82.96,82.96,78.10,79.19,79.99,83.01,,79.21,,,304911,24333623.49,3002,F1,1,,,,,
2026-09-02,2026-09-02,CM,NSE,STK,5385,INE216P01012,AAVAS,EQ,,,,,AAVAS FINANCIERS LIMITED,1248.50,1287.60,1234.20,1258.70,1254.40,1248.40,,1258.70,,,229811,289446209.10,31542,F1,1,,,,,
2026-09-02,2026-09-02,CM,NSE,STK,7759,INE421A01028,ABAN,BE,,,,,ABAN OFFSHORE LTD.,14.54,14.83,14.25,14.83,14.83,14.54,,14.83,,,60782,895557.21,230,F1,1,,,,,
2026-09-02,2026-09-02,CM,NSE,STK,762523,INE365O01028,ABANSENT,EQ,,,,,ABANS ENTERPRISES LTD.,27.93,27.93,26.63,27.58,27.05,27.93,,27.57,,,14689,400529.81,84,F1,1,,,,,
2026-09-02,2026-09-02,CM,NSE,STK,13288,INE00ZE01026,AFSL,EQ,,,,,ABANS FINANCIAL SRVCS LTD,205.00,215.00,202.25,210.47,210.65,207.73,,210.47,,,6924,1450336.71,322,F1,1,,,,,
2026-09-02,2026-09-02,CM,NSE,STK,13,INE117A01022,ABB,EQ,,,,,ABB INDIA LIMITED,7348.50,7447.50,7258.00,7447.50,7447.50,7396.00,,7447.49,,,163580,1201487131.50,24294,F1,1,,,,,
2026-09-02,2026-09-02,CM,NSE,STK,17903,INE358A01014,ABBOTINDIA,EQ,,,,,ABBOTT INDIA LIMITED,26185.00,26265.00,25810.00,26045.00,26095.00,26135.00,,26044.16,,,7827,203992355.00,3968,F1,1,,,,,
2026-09-02,2026-09-02,CM,NSE,STK,755943,INE860H07IS6,81ABCL33,N4,,,,,ABCL 8.1% SR VI,1050.01,1050.01,1050.01,1050.01,1050.01,1150.00,,1050.01,,,10,10500.10,1,F1,1,,,,,
2026-09-02,2026-09-02,CM,NSE,STK,765466,INE1R2M01019,ABH,ST,,,,,ABH HEALTHCARE LIMITED,89.35,89.35,89.35,89.35,89.35,94.05,,89.35,,,1200,107220.00,1,F1,1200,,,,,
2026-09-02,2026-09-02,CM,NSE,STK,27284,INE0UYG01015,ABHAPOWER,SM,,,,,ABHA POWER N STEEL LTD,23.90,23.90,23.90,23.90,23.90,23.80,,23.90,,,1600,38240.00,1,F1,1600,,,,,
2026-09-02,2026-09-02,CM,NSE,STK,4626,INE0CAJ01017,AILIMITED,SM,,,,,ABHISHEK INTEGRATIONS LTD,19.80,20.70,19.80,20.25,20.70,19.80,,20.25,,,6000,121500.00,2,F1,3000,,,,,
2026-09-02,2026-09-02,CM,NSE,STK,5551,INE251C01025,ABMINTLLTD,BE,,,,,ABM INTERNATIONAL LTD,55.00,56.10,55.00,56.10,56.10,55.00,,56.10,,,132,7283.10,6,F1,1,,,,,
2026-09-02,2026-09-02,CM,NSE,STK,23783,INE0QRV01016,ABSMARINE,SM,,,,,ABS MARINE SERVICES LTD,283.50,294.15,277.10,289.60,288.20,288.50,,289.60,,,54500,15646500.00,92,F1,500,,,,,
2026-09-02,2026-09-02,CM,NSE,STK,22,INE012A01025,ACC,EQ,,,,,ACC LIMITED,1271.00,1272.20,1252.90,1266.60,1267.00,1272.30,,1266.56,,,146429,185400374.80,13465,F1,1,,,,,
2026-09-02,2026-09-02,CM,NSE,STK,7053,INE793A01012,ACCELYA,EQ,,,,,ACCELYA SOLN INDIA LTD,1137.90,1143.80,1125.60,1135.10,1133.30,1132.30,,1135.09,,,4566,5182656.60,428,F1,1,,,,,
2026-09-02,2026-09-02,CM,NSE,STK,20488,INE0Q5D01013,ACCENTMIC,SM,,,,,ACCENT MICROCELL LIMITED,606.95,607.00,597.35,602.10,603.00,605.90,,602.10,,,27000,16222725.00,48,F1,500,,,,,
2026-09-02,2026-09-02,CM,NSE,STK,757024,INE0T8T01010,ACCPL,ST,,,,,ACCRETION PHARMA LIMITED,203.00,205.00,203.00,205.00,205.00,207.00,,205.00,,,2400,489600.00,2,F1,1200,,,,,
2026-09-02,2026-09-02,CM,NSE,STK,1472,INE648Z01023,ACCURACY,BE,,,,,ACCURACY SHIPPING LIMITED,4.29,4.29,4.16,4.26,4.27,4.21,,4.26,,,57458,243457.39,151,F1,1,,,,,
2026-09-02,2026-09-02,CM,NSE,STK,11779,INE543V01017,ACEINTEG,EQ,,,,,ACE INTEGRATED SOLU. LTD.,17.45,17.67,17.01,17.27,17.31,17.63,,17.27,,,5445,93717.53,92,F1,1,,,,,
2026-09-02,2026-09-02,CM,NSE,STK,761112,INE1J6M01010,ACETEC,SM,,,,,ACETECH E-COMMERCE LTD,135.00,139.00,135.00,139.00,139.00,139.00,,139.00,,,2400,328800.00,2,F1,1200,,,,,
2026-09-02,2026-09-02,CM,NSE,STK,27061,INE622W01025,ACMESOLAR,EQ,,,,,ACME SOLAR HOLDINGS LTD,395.00,411.15,391.10,398.25,397.90,403.70,,398.26,,,2449655,981928499.20,106139,F1,1,,,,,
2026-09-02,2026-09-02,CM,NSE,STK,13587,INE731H01025,ACE,EQ,,,,,ACTION CONST EQUIP LTD,1087.00,1099.90,1073.80,1090.90,1097.20,1093.80,,1090.93,,,159180,172909584.50,13346,F1,1,,,,,
2026-09-02,2026-09-02,CM,NSE,STK,30464,INE0KLO01025,ACTIVEINFR,SM,,,,,ACTIVE INFRASTRUCTURES L,172.50,172.50,172.50,172.50,172.50,172.50,,172.50,,,600,103500.00,1,F1,600,,,,,
2026-09-02,2026-09-02,CM,NSE,STK,5578,INE00FF01025,ACUTAAS,EQ,,,,,ACUTAAS CHEMICALS LIMITED,3161.10,3195.60,3120.00,3134.90,3147.50,3174.30,,3134.98,,,190272,598381006.20,23108,F1,1,,,,,
2026-09-02,2026-09-02,CM,NSE,STK,10217,INE931S01010,ADANIENSOL,EQ,,,,,ADANI ENERGY SOLUTION LTD,1374.60,1401.00,1348.00,1396.60,1396.60,1382.00,,1396.59,,,4214587,5807448565.50,106245,F1,1,,,,,
2026-09-02,2026-09-02,CM,NSE,STK,25,INE423A01024,ADANIENT,EQ,,,,,ADANI ENTERPRISES LIMITED,2859.80,2905.00,2830.50,2891.80,2891.80,2863.90,,2891.81,,,1642492,4728768811.80,80452,F1,1,,,,,
2026-09-02,2026-09-02,CM,NSE,STK,3563,INE364U01010,ADANIGREEN,EQ,,,,,ADANI GREEN ENERGY LTD,1244.00,1303.00,1236.40,1296.00,1296.00,1265.00,,1295.97,,,2634560,3375506061.40,68860,F1,1,,,,,
2026-09-02,2026-09-02,CM,NSE,STK,15083,INE742F01042,ADANIPORTS,EQ,,,,,ADANI PORT & SEZ LTD,1637.10,1676.70,1632.10,1672.70,1672.70,1647.50,,1672.70,,,2338937,3890790193.20,71148,F1,1,,,,,
2026-09-02,2026-09-02,CM,NSE,STK,17388,INE814H01029,ADANIPOWER,EQ,,,,,ADANI POWER LTD,202.59,207.70,200.12,207.70,207.70,204.36,,207.70,,,18174608,3727412771.46,95985,F1,1,,,,,
2026-09-02,2026-09-02,CM,NSE,STK,6066,INE399L01023,ATGL,EQ,,,,,ADANI TOTAL GAS LIMITED,613.95,624.95,604.30,614.95,618.00,613.65,,614.94,,,776942,477658260.75,27683,F1,1,,,,,
2026-09-02,2026-09-02,CM,NSE,STK,764563,INE757C01021,ADDIND,EQ,,,,,ADDI INDUSTRIES LTD.,83.50,90.00,83.50,85.29,85.29,81.44,,84.88,,,595,51428.48,18,F1,1,,,,,
2026-09-02,2026-09-02,CM,NSE,STK,22468,INE0RDH01021,ADDICTIVE,SM,,,,,ADDICTIVE LEARNING TECH L,45.25,45.25,43.65,44.00,44.00,45.50,,44.00,,,12000,536525.00,15,F1,500,,,,,
2026-09-02,2026-09-02,CM,NSE,STK,19761,INE982B01027,ADFFOODS,EQ,,,,,ADF FOODS LIMITED,263.00,269.00,258.80,267.70,268.50,265.15,,267.71,,,107626,28283632.50,3112,F1,1,,,,,
2026-09-02,2026-09-02,CM,NSE,STK,763156,INE20PL01012,ADISOFT,SM,,,,,ADISOFT TECHNOLOGIES LTD,185.05,204.65,184.55,196.70,197.90,188.80,,196.70,,,68000,13251240.00,77,F1,800,,,,,
2026-09-02,2026-09-02,CM,NSE,STK,6018,INE404A01024,ABSLAMC,EQ,,,,,ADIT BIRL SUN LIF AMC LTD,1025.30,1036.40,1007.50,1022.00,1036.40,1029.10,,1022.22,,,398572,406615971.00,13309,F1,1,,,,,
2026-09-02,2026-09-02,CM,NSE,STK,21614,INE674K01013,ABCAPITAL,EQ,,,,,ADITYA BIRLA CAPITAL LTD.,390.00,397.05,385.10,397.05,397.05,394.45,,397.05,,,4883439,1917482501.45,42390,F1,1,,,,,
2026-09-02,2026-09-02,CM,NSE,STK,30108,INE647O01011,ABFRL,EQ,,,,,ADITYA BIRLA FASHION & RT,51.10,51.29,50.20,50.47,50.75,51.10,,50.47,,,4428051,224515279.93,20145,F1,1,,,,,
2026-09-02,2026-09-02,CM,NSE,STK,756843,INE14LE01019,ABLBL,EQ,,,,,ADITYA BIRLA LIFES BRAN L,84.60,84.70,82.61,82.78,83.00,85.33,,82.78,,,860340,71579741.56,12643,F1,1,,,,,
2026-09-02,2026-09-02,CM,NSE,STK,15239,INE865C01022,BIRLAMONEY,EQ,,,,,ADITYA BIRLA MONEY LTD,127.02,129.00,125.62,126.47,126.10,127.02,,126.47,,,11603,1469928.22,523,F1,1,,,,,
2026-09-02,2026-09-02,CM,NSE,STK,625,INE055A01016,ABREL,EQ,,,,,ADITYA BIRLA REAL EST LTD,1350.30,1350.30,1318.70,1331.10,1335.60,1357.00,,1331.11,,,84555,112772238.60,7680,F1,1,,,,,
2026-09-02,2026-09-02,CM,NSE,STK,758858,INE819V01029,CPPLUS,EQ,,,,,ADITYA INFOTECH LIMITED,3742.00,3787.60,3665.20,3721.40,3712.00,3726.90,,3721.28,,,222182,825269509.30,29419,F1,1,,,,,
2026-09-02,2026-09-02,CM,NSE,STK,25248,INE01YQ01013,AUSL,SM,,,,,ADITYA ULTRA STEEL LTD,24.50,24.65,24.50,24.65,24.65,23.50,,24.65,,,6000,147600.00,3,F1,2000,,,,,
2026-09-02,2026-09-02,CM,NSE,STK,25984,INE679V01027,AVL,EQ,,,,,ADITYA VISION LIMITED,601.00,607.60,593.15,599.85,598.10,604.10,,599.85,,,315136,188933701.50,6928,F1,1,,,,,
2026-09-02,2026-09-02,CM,NSE,STK,23804,INF209KB18D3,BSLGOLDETF,EQ,,,,,ADITYBIRLA SL GOLD ETF-GR,133.47,133.47,131.08,131.74,131.75,133.67,,131.74,,,432842,57030824.76,2878,F1,1,,,,,
2026-09-02,2026-09-02,CM,NSE,STK,24781,INF209KB19D1,BSLNIFTY,EQ,,,,,ADITYBIRLA SL NIF ETF-GR,28.40,28.40,27.96,28.10,28.00,28.18,,28.10,,,1719207,48294755.78,4516,F1,1,,,,,
2026-09-02,2026-09-02,CM,NSE,STK,34,INE045A01017,ADOR,EQ,,,,,ADOR WELDING LTD,1706.00,1744.80,1670.80,1730.30,1740.00,1700.80,,1730.45,,,71667,123197701.20,8126,F1,1,,,,,
2026-09-02,2026-09-02,CM,NSE,STK,4953,INE737B01033,ADROITINFO,EQ,,,,,ADROIT INFOTECH LIMITED,10.53,10.55,10.02,10.26,10.22,10.46,,10.27,,,7962,82545.66,80,F1,1,,,,,
2026-09-02,2026-09-02,CM,NSE,STK,760657,INE0ALI01010,ADVAIT,EQ,,,,,ADVAIT ENRGY TRANSITION L,2095.00,2160.00,2080.00,2139.00,2160.00,2121.00,,2139.11,,,49312,104860114.00,6572,F1,1,,,,,
2026-09-02,2026-09-02,CM,NSE,STK,759402,INE1B0W01010,ADVANCE,EQ,,,,,ADVANCE AGROLIFE LIMITED,116.62,121.09,115.10,117.89,117.50,116.22,,117.89,,,331320,39437711.72,3421,F1,1,,,,,
2026-09-02,2026-09-02,CM,NSE,STK,18039,INE837H01020,ADVENZYMES,EQ,,,,,ADVANCED ENZYME TECH LTD,295.35,296.60,292.25,292.90,293.00,295.35,,292.90,,,188103,55373719.85,3173,F1,1,,,,,
2026-09-02,2026-09-02,CM,NSE,STK,14745,INE199C01026,ADVANIHOTR,EQ,,,,,ADVANI HOT.& RES.(I) LTD,49.60,50.00,49.30,49.43,49.30,49.55,,49.43,,,27794,1381435.11,348,F1,1,,,,,
2026-09-02,2026-09-02,CM,NSE,STK,759769,INE28GN01010,ADVENTHTL,EQ,,,,,ADVENT HOTELS INTERNATI L,134.55,137.98,133.41,136.89,137.00,135.72,,136.88,,,48518,6599581.45,1378,F1,1,,,,,
2026-09-02,2026-09-02,CM,NSE,STK,765015,INE178T01024,ADVIKCA,EQ,,,,,ADVIK CAPITAL LTD.,1.16,1.26,1.11,1.15,1.15,1.15,,1.15,,,899571,1034558.30,467,F1,1,,,,,
2026-09-02,2026-09-02,CM,NSE,STK,762227,INE1SJO01012,RAMBHAJO,EQ,,,,,ADVIT JEWELS LIMITED,233.34,258.99,233.34,246.17,245.51,237.07,,246.17,,,1238324,302682034.82,14962,F1,1,,,,,
2026-09-02,2026-09-02,CM,NSE,STK,40,INE208C01025,AEGISLOG,EQ,,,,,AEGIS LOGISTICS LIMITED,1202.00,1252.90,1200.00,1241.80,1247.70,1219.30,,1241.85,,,722924,887030241.60,37358,F1,1,,,,,
2026-09-02,2026-09-02,CM,NSE,STK,757336,INE0INX01018,AEGISVOPAK,EQ,,,,,AEGIS VOPAK TERMINALS LTD,268.45,288.30,266.30,286.30,286.50,270.10,,286.30,,,3128778,881059623.25,40284,F1,1,,,,,
2026-09-02,2026-09-02,CM,NSE,STK,761342,INE423A07492,848AEL29,NJ,,,,,AEL 8.48% 2029 SR III,1010.00,1010.00,1010.00,1010.00,1010.00,1010.00,,1010.00,,,10,10100.00,1,F1,1,,,,,
2026-09-02,2026-09-02,CM,NSE,STK,761345,INE423A07518,862AEL31,NM,,,,,AEL 8.62% 2031 SR VI,1015.00,1015.00,1015.00,1015.00,1015.00,1011.00,,1015.00,,,5,5075.00,1,F1,1,,,,,
2026-09-02,2026-09-02,CM,NSE,STK,757871,INE423A07427,885AEL28,NB,,,,,AEL 8.85% 2028 SR III,1070.00,1070.00,1030.00,1035.00,1035.00,1010.62,,1032.50,,,113,118755.00,8,F1,1,,,,,
2026-09-02,2026-09-02,CM,NSE,STK,761346,INE423A07526,890AEL31,NN,,,,,AEL 8.90% 2031 SR VII,1053.00,1055.85,1053.00,1055.21,1055.85,1055.99,,1055.48,,,2761,2909259.71,14,F1,1,,,,,
2026-09-02,2026-09-02,CM,NSE,STK,757869,INE423A07450,895AEL27,N9,,,,,AEL 8.95% 2027 SR I,1012.00,1012.00,1010.50,1010.50,1010.50,1009.82,,1010.50,,,50,50528.00,2,F1,1,,,,,
2026-09-02,2026-09-02,CM,NSE,STK,757874,INE423A07443,9AEL30,NE,,,,,AEL 9% 2030 SR VI,1049.04,1050.00,1049.04,1050.00,1050.00,1049.69,,1050.00,,,102,107068.04,3,F1,1,,,,,
2026-09-02,2026-09-02,CM,NSE,STK,757872,INE423A07435,915AEL28,NC,,,,,AEL 9.15% 2028 SR IV,1019.00,1019.00,1019.00,1019.00,1019.00,1024.80,,1029.87,,,10,10190.00,1,F1,1,,,,,
2026-09-02,2026-09-02,CM,NSE,STK,757875,INE423A07393,930AEL30,NF,,,,,AEL 9.3% 2030 SR VII,1035.22,1039.79,1035.21,1039.79,1039.79,1040.10,,1039.79,,,110,113965.35,5,F1,1,,,,,
2026-09-02,2026-09-02,CM,NSE,STK,760234,INE947N01017,AEQUS,EQ,,,,,AEQUS LIMITED,245.00,248.15,241.03,245.62,245.00,247.47,,245.61,,,1668299,409466280.96,24263,F1,1,,,,,
2026-09-02,2026-09-02,CM,NSE,STK,12015,INE065D01027,AEROENTER,EQ,,,,,AEROFLEX ENTERPRISES LTD,142.00,143.59,139.41,140.46,140.70,143.39,,140.46,,,413196,58153834.54,4515,F1,1,,,,,
2026-09-02,2026-09-02,CM,NSE,STK,18268,INE024001021,AEROFLEX,EQ,,,,,AEROFLEX INDUSTRIES LTD,548.20,561.45,536.30,540.75,541.25,552.05,,540.74,,,1124008,614353472.55,26633,F1,1,,,,,
2026-09-02,2026-09-02,CM,NSE,STK,13689,INE035801013,AERONEU,EQ,,,,,AEROFLEX NEU LIMITED,79.87,84.70,77.80,80.70,81.30,77.97,,80.70,,,72398,5789495.62,1700,F1,1,,,,,
2026-09-02,2026-09-02,CM,NSE,STK,25065,INE0WL801011,AERON,SM,,,,,AERON COMPOSITE LIMITED,74.15,76.50,71.55,75.25,75.00,74.15,,75.25,,,20000,1483150.00,20,F1,1000,,,,,
2026-09-02,2026-09-02,CM,NSE,STK,24830,INE0TSF01011,AESTHETIK,SM,,,,,AESTHETIK ENGINEERS LTD,68.95,69.00,68.00,69.00,69.00,69.00,,69.00,,,18000,1237300.00,9,F1,1000,,,,,
2026-09-02,2026-09-02,CM,NSE,STK,9810,INE0BWX01014,AETHER,EQ,,,,,AETHER INDUSTRIES LIMITED,1685.00,1693.70,1641.10,1646.40,1657.70,1683.70,,1646.39,,,232941,386090180.40,18828,F1,1,,,,,
2026-09-02,2026-09-02,CM,NSE,STK,25977,INE101I01011,AFCONS,EQ,,,,,AFCONS INFRASTRUCTURE LTD,282.05,286.25,280.50,285.10,285.50,285.25,,285.09,,,402500,114180321.30,6552,F1,1,,,,,
2026-09-02,2026-09-02,CM,NSE,STK,11343,INE00WC01027,AFFLE,EQ,,,,,AFFLE 3I LIMITED,1561.00,1561.00,1509.00,1517.90,1518.00,1565.10,,1517.85,,,443298,673928291.10,33661,F1,1,,,,,
2026-09-02,2026-09-02,CM,NSE,STK,25855,INE692Z01013,AFFORDABLE,EQ,,,,,AFFORD ROBO & AUTO LTD,160.99,161.80,157.05,159.41,160.50,157.07,,159.26,,,7436,1185703.32,388,F1,1,,,,,
2026-09-02,2026-09-02,CM,NSE,STK,760641,INE916Y07073,1150AFIL29,N0,,,,,AFIL 11.50% 2029,9921.00,9921.00,9909.20,9909.20,9909.20,9921.00,,9909.20,,,5,49593.20,2,F1,1,,,,,
2026-09-02,2026-09-02,CM,NSE,STK,759446,INE916Y07032,12AFIL27,N0,,,,,AFIL 12% 2027 SR 1,10031.00,10031.00,9980.84,9980.84,9980.84,10100.00,,9980.84,,,3,30042.84,2,F1,1,,,,,
2026-09-02,2026-09-02,CM,NSE,STK,759283,INE916Y07057,12AFIL28,N0,,,,,AFIL 12% 2028,9974.00,9974.00,9974.00,9974.00,9974.00,10038.77,,9974.00,,,3,29922.00,2,F1,1,,,,,
2026-09-02,2026-09-02,CM,NSE,STK,14263,INE0MLA01012,AGARWALFT,SM,,,,,AGARWAL FLOAT GLASS I LTD,29.00,30.00,28.85,30.00,30.00,30.35,,30.00,,,16500,477975.00,7,F1,1500,,,,,
2026-09-02,2026-09-02,CM,NSE,STK,3389,INE204E01012,AGARIND,EQ,,,,,AGARWAL INDS CORP LTD.,439.50,454.70,432.05,450.55,449.60,442.80,,450.56,,,49700,21986780.60,2846,F1,1,,,,,
2026-09-02,2026-09-02,CM,NSE,STK,27309,INE0P8X01016,AGARWALTUF,SM,,,,,AGARWAL TOUGH GLASS IND L,133.00,133.00,130.00,131.00,130.00,133.80,,131.00,,,20400,2690220.00,13,F1,1200,,,,,
2026-09-02,2026-09-02,CM,NSE,STK,1412,INE415A01038,AGI,EQ,,,,,AGI GREENPAC LIMITED,776.00,778.35,748.00,749.45,749.00,782.25,,749.40,,,199603,151500602.15,11254,F1,1,,,,,
2026-09-02,2026-09-02,CM,NSE,STK,24445,INE976R01033,AGIIL,EQ,,,,,AGI INFRA LIMITED,284.70,285.00,276.50,280.75,281.75,286.10,,280.75,,,231029,64782529.90,4242,F1,1,,,,,
2026-09-02,2026-09-02,CM,NSE,STK,11072,INE449G01018,AGRITECH,EQ,,,,,AGRI-TECH (INDIA) LIMITED,102.37,104.90,100.60,100.90,100.90,101.16,,100.91,,,3722,380424.93,78,F1,1,,,,,
2026-09-02,2026-09-02,CM,NSE,STK,9046,INE740V01019,AGROPHOS,EQ,,,,,AGRO PHOS INDIA LIMITED,25.63,26.44,24.81,24.99,25.19,25.60,,24.99,,,33087,835045.38,393,F1,1,,,,,
2026-09-02,2026-09-02,CM,NSE,STK,759202,INE583L01014,AGSTRA,BZ,,,,,AGS TRANSACT TECH LTD,1.99,2.04,1.96,1.98,1.98,2.01,,1.98,,,89045,178499.81,175,F1,1,,,,,
2026-09-02,2026-09-02,CM,NSE,STK,2004,INE00PV01013,AHLADA,EQ,,,,,AHLADA ENGINEERS LIMITED,37.25,38.37,36.70,37.27,37.97,37.31,,37.27,,,2566,95465.13,59,F1,1,,,,,
2026-09-02,2026-09-02,CM,NSE,STK,17833,INE758C01029,AHLUCONT,EQ,,,,,AHLUWALIA CONT IND LTD,606.05,611.65,590.00,602.20,602.80,612.50,,602.24,,,107402,64217235.95,9621,F1,1,,,,,
2026-09-02,2026-09-02,CM,NSE,STK,13086,INE212H01026,AIAENG,EQ,,,,,AIA ENGINEERING LIMITED,4243.20,4260.00,4141.00,4159.70,4180.00,4243.20,,4159.68,,,51399,214239790.90,13184,F1,1,,,,,
2026-09-02,2026-09-02,CM,NSE,STK,23984,INE0RUV01018,AIMTRON,SM,,,,,AIMTRON ELECTRONICS LTD,1611.00,1619.95,1562.25,1583.45,1590.00,1602.35,,1583.45,,,26600,42163750.00,121,F1,200,,,,,
2026-09-02,2026-09-02,CM,NSE,STK,9878,INE805A01014,GOLDTECH,BE,,,,,AION-TECH SOLUTIONS LTD,47.75,47.93,46.25,47.28,47.29,47.25,,47.28,,,12252,573506.66,109,F1,1,,,,,
2026-09-02,2026-09-02,CM,NSE,STK,9897,INE645W01026,AIRAN,EQ,,,,,AIRAN LIMITED,14.92,15.05,14.50,14.83,14.65,14.92,,14.83,,,68092,1008041.86,419,F1,1,,,,,
2026-09-02,2026-09-02,CM,NSE,STK,6068,INE801L01010,AIROLAM,EQ,,,,,AIRO LAM LIMITED,86.68,88.50,86.50,86.51,86.51,86.68,,86.51,,,3469,305700.07,42,F1,1,,,,,
2026-09-02,2026-09-02,CM,NSE,STK,8124,INE031B01049,AJANTPHARM,EQ,,,,,AJANTA PHARMA LIMITED,3504.80,3544.00,3425.00,3481.70,3475.00,3504.80,,3481.68,,,99445,343718499.60,16246,F1,1,,,,,
2026-09-02,2026-09-02,CM,NSE,STK,29624,INE274Y01021,AJAXENGG,EQ,,,,,AJAX ENGINEERING LIMITED,569.00,582.00,565.00,570.65,578.25,573.95,,570.65,,,62498,35820461.10,8032,F1,1,,,,,
2026-09-02,2026-09-02,CM,NSE,STK,17307,INE298G01035,AJMERA,EQ,,,,,AJMERA REALTY & INF I LTD,114.80,117.01,113.79,115.69,116.50,115.67,,115.70,,,326215,37532153.55,7976,F1,1,,,,,
2026-09-02,2026-09-02,CM,NSE,STK,3403,INE820Y01021,AJOONI,EQ,,,,,AJOONI BIOTECH LIMITED,3.74,3.80,3.70,3.72,3.75,3.75,,3.72,,,151345,565670.47,366,F1,1,,,,,
2026-09-02,2026-09-02,CM,NSE,STK,21121,INE0PCY01014,AKANKSHA,SM,,,,,AKANKSHA POWER N INFRA L,118.85,124.25,118.85,124.00,124.00,118.35,,124.00,,,17000,2102100.00,13,F1,1000,,,,,
2026-09-02,2026-09-02,CM,NSE,STK,13510,INE737W01013,AKASH,EQ,,,,,AKASH INFRA-PROJECTS LTD,24.70,26.00,24.52,25.20,24.71,24.36,,25.20,,,5134,129868.94,43,F1,1,,,,,
2026-09-02,2026-09-02,CM,NSE,STK,2176,INE00Y801016,AKG,EQ,,,,,AKG EXIM LIMITED,9.19,9.26,9.02,9.21,9.16,9.19,,9.21,,,14000,128089.11,89,F1,1,,,,,
2026-09-02,2026-09-02,CM,NSE,STK,14890,INE642Z01026,AKI,EQ,,,,,AKI INDIA LIMITED,4.85,5.48,4.70,5.48,5.48,4.57,,5.50,,,3044554,16247651.57,3445,F1,1,,,,,
2026-09-02,2026-09-02,CM,NSE,STK,24304,INE0PMR01017,AKIKO,SM,,,,,AKIKO GLOBAL SERVICES L,380.00,382.95,375.00,379.10,379.10,383.20,,379.10,,,9600,3628920.00,12,F1,800,,,,,
2026-09-02,2026-09-02,CM,NSE,STK,24159,INE916Y01027,AFIL,EQ,,,,,AKME FINTRADE (INDIA) LTD,9.31,9.58,9.31,9.39,9.35,9.43,,9.39,,,196038,1844009.97,316,F1,1,,,,,
2026-09-02,2026-09-02,CM,NSE,STK,8595,INE523B01011,AKSHOPTFBR,BE,,,,,AKSH OPTIFIBRE  LTD,7.20,7.69,7.16,7.41,7.45,7.42,,7.41,,,370249,2726676.99,420,F1,1,,,,,
2026-09-02,2026-09-02,CM,NSE,STK,9558,INE256Z01025,AKSHAR,EQ,,,,,AKSHAR SPINTEX LIMITED,0.42,0.43,0.41,0.42,0.43,0.41,,0.42,,,1428759,598183.02,282,F1,1,,,,,
2026-09-02,2026-09-02,CM,NSE,STK,20194,INE542B01011,AKSHARCHEM,BE,,,,,AKSHARCHEM INDIA LIMITED,403.00,403.85,375.00,403.85,403.85,384.65,,405.30,,,32662,12859508.00,522,F1,1,,,,,
2026-09-02,2026-09-02,CM,NSE,STK,24715,INE09XN01023,AKUMS,EQ,,,,,AKUMS DRUGS AND PHARMA L,778.00,794.90,768.20,770.25,769.70,779.05,,770.24,,,750068,582986947.70,27882,F1,1,,,,,
2026-09-02,2026-09-02,CM,NSE,STK,9921,INE914E01040,ALANKIT,EQ,,,,,ALANKIT LIMITED,8.10,8.16,7.85,7.96,8.00,8.07,,7.96,,,82889,666239.07,433,F1,1,,,,,
2026-09-02,2026-09-02,CM,NSE,STK,17256,INE155C01010,ALBERTDAVD,EQ,,,,,ALBERT DAVID LIMITED,875.10,878.00,861.00,871.70,864.90,871.70,,871.72,,,3973,3459518.10,573,F1,1,,,,,
2026-09-02,2026-09-02,CM,NSE,STK,79,INE426A01027,ALEMBICLTD,EQ,,,,,ALEMBIC LIMITED,98.85,101.00,98.00,100.14,100.00,98.85,,100.14,,,645226,64295598.42,6767,F1,1,,,,,
2026-09-02,2026-09-02,CM,NSE,STK,25328,INE901L01018,APLLTD,EQ,,,,,ALEMBIC PHARMA LTD,845.00,859.00,823.25,826.90,827.00,843.85,,826.81,,,172875,145248341.25,12727,F1,1,,,,,
2026-09-02,2026-09-02,CM,NSE,STK,764573,INE782D01027,ALFREDHE,EQ,,,,,ALFRED HERBERT INDIA L,2860.90,2980.00,2860.90,2884.00,2884.00,2889.80,,2887.13,,,310,907980.60,27,F1,1,,,,,
2026-09-02,2026-09-02,CM,NSE,STK,761270,INE598D01035,ALGOQUANT,EQ,,,,,ALGOQUANT FINTECH LIMITED,63.00,64.90,62.57,63.80,63.84,63.02,,63.82,,,1328784,84433130.55,5782,F1,1,,,,,
2026-09-02,2026-09-02,CM,NSE,STK,13656,INE062D01024,ALICON,EQ,,,,,ALICON CASTALLOY LIMITED,652.00,672.55,647.65,665.50,666.00,659.65,,665.47,,,22999,15147741.05,2260,F1,1,,,,,
2026-09-02,2026-09-02,CM,NSE,STK,5265,INE03Q201024,ALIVUS,EQ,,,,,ALIVUS LIFE SCIENCES LTD,1438.10,1470.10,1398.10,1417.90,1413.00,1443.70,,1417.91,,,561531,800167251.10,30353,F1,1,,,,,
2026-09-02,2026-09-02,CM,NSE,STK,16963,INE773I01017,ALKALI,BE,,,,,ALKALI METALS LTD,70.45,70.45,66.60,68.86,68.85,67.41,,68.86,,,5599,386007.00,54,F1,1,,,,,
2026-09-02,2026-09-02,CM,NSE,STK,11703,INE540L01014,ALKEM,EQ,,,,,ALKEM LABORATORIES LTD.,5280.00,5289.50,5187.50,5210.00,5210.00,5300.00,,5210.00,,,218220,1139838200.00,20518,F1,1,,,,,
2026-09-02,2026-09-02,CM,NSE,STK,4487,INE150B01039,ALKYLAMINE,EQ,,,,,ALKYL AMINES CHEM. LTD,1981.10,2044.50,1956.70,1975.50,1978.00,2011.00,,1975.52,,,138950,277718254.50,17205,F1,1,,,,,
2026-09-02,2026-09-02,CM,NSE,STK,13203,INE0M2X01012,ALLETEC,SM,,,,,ALL E TECHNOLOGIES LTD,126.00,128.15,125.05,126.30,126.30,128.15,,126.30,,,7200,910500.00,18,F1,400,,,,,
2026-09-02,2026-09-02,CM,NSE,STK,758448,INE0GV601021,ALLTIME,EQ,,,,,ALL TIME PLASTICS LIMITED,200.00,202.84,197.46,199.61,199.00,200.60,,199.60,,,180025,36045556.15,4954,F1,1,,,,,
2026-09-02,2026-09-02,CM,NSE,STK,763784,INE1YPB01014,AGL,EQ,,,,,ALLCARGO GLOBAL LIMITED,13.56,13.95,13.28,13.79,13.70,13.59,,13.79,,,1532028,20858867.30,2719,F1,1,,,,,
2026-09-02,2026-09-02,CM,NSE,STK,13501,INE418H01029,ALLCARGO,EQ,,,,,ALLCARGO LOGISTICS LTD,11.92,12.37,11.74,12.27,12.25,11.92,,12.27,,,16512418,198440556.99,16261,F1,1,,,,,
2026-09-02,2026-09-02,CM,NSE,STK,17778,INE0NN701020,ATL,EQ,,,,,ALLCARGO TERMINALS LTD,25.30,25.30,23.50,23.80,23.73,25.33,,23.77,,,782831,18882240.61,4818,F1,1,,,,,
2026-09-02,2026-09-02,CM,NSE,STK,11798,INE835G01018,ALLDIGI,EQ,,,,,ALLDIGI TECH LIMITED,811.90,811.90,788.55,796.55,793.60,807.80,,796.54,,,10831,8602456.45,687,F1,1,,,,,
2026-09-02,2026-09-02,CM,NSE,STK,24308,INE552Z01027,ABDL,EQ,,,,,ALLIED BLEND N DISTILS L,614.00,614.90,603.35,604.40,604.05,617.20,,604.38,,,125467,76343115.70,7666,F1,1,,,,,
2026-09-02,2026-09-02,CM,NSE,STK,14813,INE102I01027,ADSL,EQ,,,,,ALLIED DIGITAL SERV. LTD,103.80,104.94,100.65,103.90,104.30,103.94,,103.86,,,60736,6297435.45,1182,F1,1,,,,,
2026-09-02,2026-09-02,CM,NSE,STK,16719,INE326B01035,ALMONDZ,EQ,,,,,ALMONDZ GLOBAL SEC LTD,17.02,17.90,16.80,17.43,17.84,17.49,,17.43,,,286311,4940473.79,770,F1,1,,,,,
2026-09-02,2026-09-02,CM,NSE,STK,17675,INE270A01029,ALOKINDS,EQ,,,,,ALOK INDUSTRIES LIMITED,7.60,8.19,7.06,7.73,7.78,7.69,,7.73,,,117258835,881579744.03,75608,F1,1,,,,,
2026-09-02,2026-09-02,CM,NSE,STK,14848,INE385I01010,ALPA,EQ,,,,,ALPA LABORATORIES LTD,61.73,65.00,61.35,63.13,62.80,61.73,,63.13,,,18733,1173405.47,326,F1,1,,,,,
2026-09-02,2026-09-02,CM,NSE,STK,22688,INE0R4701017,ALPEXSOLAR,SM,,,,,ALPEX SOLAR LIMITED,854.00,880.00,847.10,866.85,866.00,849.20,,866.85,,,58700,50735555.00,384,F1,100,,,,,
2026-09-02,2026-09-02,CM,NSE,STK,14601,INE137C01018,ALPHAGEO,BE,,,,,ALPHAGEO (INDIA) LIMITED,289.90,300.75,281.35,300.00,297.50,286.45,,300.20,,,13023,3838693.95,281,F1,1,,,,,
2026-09-02,2026-09-02,CM,NSE,STK,764186,INE1JCQ01037,ALPINETEX,EQ,,,,,ALPINE TEXWORLD LIMITED,51.69,52.38,50.46,51.09,50.85,51.95,,51.10,,,293413,15025405.05,3046,F1,1,,,,,
2026-09-02,2026-09-02,CM,NSE,STK,764578,INE058F01019,ALUFLUOR,EQ,,,,,ALUFLUORIDE LTD.,509.90,509.90,491.90,502.55,502.05,496.90,,502.42,,,11146,5573144.35,518,F1,1,,,,,
2026-09-02,2026-09-02,CM,NSE,STK,23474,INE0STM01017,ALUWIND,SM,,,,,ALUWIND INFRA-TECH LTD,47.10,47.10,47.10,47.10,47.10,47.10,,47.10,,,1500,70650.00,1,F1,1500,,,,,
2026-09-02,2026-09-02,CM,NSE,STK,760740,INE121R01077,AMAGI,EQ,,,,,AMAGI MEDIA LABS LIMITED,578.00,582.25,569.00,572.80,569.15,584.25,,572.80,,,264517,152376966.80,8736,F1,1,,,,,
2026-09-02,2026-09-02,CM,NSE,STK,764583,INE841D01013,AMAL,EQ,,,,,AMAL LTD.,755.00,771.00,741.00,749.70,759.70,753.10,,750.32,,,15022,11356440.00,765,F1,1,,,,,
2026-09-02,2026-09-02,CM,NSE,STK,758910,INE084K01015,AMANTA,BE,,,,,AMANTA HEALTHCARE LIMITED,190.00,190.00,186.50,186.50,186.50,190.00,,187.30,,,24024,4543351.50,129,F1,1,,,,,
2026-09-02,2026-09-02,CM,NSE,STK,100,INE885A01032,ARE&M,EQ,,,,,AMARA RAJA ENERGY MOB LTD,878.00,882.30,864.15,871.25,872.80,879.90,,871.21,,,410795,357631111.65,24138,F1,1,,,,,
2026-09-02,2026-09-02,CM,NSE,STK,764588,INE484D01012,AMARJOTHI,EQ,,,,,AMARJOTHI SPINNING MILL L,158.00,160.00,155.00,156.13,160.00,159.18,,156.13,,,598,93091.54,24,F1,1,,,,,
2026-09-02,2026-09-02,CM,NSE,STK,763256,INE293601014,AMBAAUTO,SM,,,,,AMBA AUTO SALES AND SER L,110.00,111.85,110.00,111.85,111.85,111.95,,111.85,,,104000,11473950.00,14,F1,1000,,,,,
2026-09-02,2026-09-02,CM,NSE,STK,762546,INE432A01017,AMBALALSA,BE,,,,,AMBALAL SARABHAI ENT L,42.25,44.50,42.25,44.10,44.00,43.92,,44.37,,,44130,1923485.90,209,F1,1,,,,,
2026-09-02,2026-09-02,CM,NSE,STK,1185,INE371P01015,AMBER,EQ,,,,,AMBER ENTERPRISES (I) LTD,7470.00,7482.50,7281.50,7415.00,7415.00,7508.00,,7414.94,,,174407,1287333518.00,19444,F1,1,,,,,
2026-09-02,2026-09-02,CM,NSE,STK,11496,INE792B01012,AMBICAAGAR,EQ,,,,,AMBICA AGAR & AROMAINDLTD,25.49,25.50,24.26,24.75,24.75,24.75,,24.80,,,26635,662285.26,130,F1,1,,,,,
2026-09-02,2026-09-02,CM,NSE,STK,15234,INE540G01014,AMBIKCO,EQ,,,,,AMBIKA COTTON MILL LTD.,1625.10,1648.80,1614.40,1629.20,1624.20,1625.10,,1629.22,,,9215,14985172.60,1056,F1,1,,,,,
2026-09-02,2026-09-02,CM,NSE,STK,1270,INE079A01024,AMBUJACEM,EQ,,,,,AMBUJA CEMENTS LTD,400.00,402.70,395.05,402.70,402.70,402.20,,402.70,,,1330391,531274253.70,34675,F1,1,,,,,
2026-09-02,2026-09-02,CM,NSE,STK,14398,INE005I01014,AMDIND,EQ,,,,,AMD INDUSTRIES LIMITED,57.02,58.50,55.55,57.39,57.70,57.02,,57.39,,,42435,2403556.82,288,F1,1,,,,,
2026-09-02,2026-09-02,CM,NSE,STK,19867,INE275D01022,AMNPLST,EQ,,,,,AMINES & PLASTICIZERS LTD,184.00,185.00,180.00,180.32,180.24,181.17,,180.32,,,5863,1060176.08,142,F1,1,,,,,
2026-09-02,2026-09-02,CM,NSE,STK,761670,INE05TO01019,AEROPLANE,EQ,,,,,AMIR CHAND JAG KUM (E) L,173.95,182.32,172.63,179.25,178.05,174.19,,179.30,,,711360,127851571.61,4885,F1,1,,,,,
2026-09-02,2026-09-02,CM,NSE,STK,2598,INE606A01024,AMJLAND,EQ,,,,,AMJ LAND HOLDINGS LIMITED,39.00,39.39,38.33,38.61,38.61,38.45,,38.61,,,5934,231208.47,63,F1,1,,,,,
2026-09-02,2026-09-02,CM,NSE,STK,17547,INE098F01031,AMRUTANJAN,EQ,,,,,AMRUTAJAN HEALTH LTD,499.50,510.90,499.50,500.25,500.00,498.35,,500.28,,,33541,16865759.85,2933,F1,1,,,,,
2026-09-02,2026-09-02,CM,NSE,STK,759956,INE549H01021,ARSSBL,EQ,,,,,ANAND RATHI SH N STK BR L,500.00,514.20,500.00,508.30,506.00,508.80,,508.30,,,199206,101315711.35,4422,F1,1,,,,,
2026-09-02,2026-09-02,CM,NSE,STK,7145,INE463V01026,ANANDRATHI,EQ,,,,,ANAND RATHI WEALTH LTD,2200.00,2212.00,2182.00,2198.30,2201.30,2197.00,,2198.29,,,183620,403312548.40,16105,F1,1,,,,,
2026-09-02,2026-09-02,CM,NSE,STK,13620,INE242C01024,ANANTRAJ,EQ,,,,,ANANT RAJ LIMITED,583.00,594.85,571.35,588.85,592.95,587.80,,588.83,,,1282254,745048273.70,30435,F1,1,,,,,
2026-09-02,2026-09-02,CM,NSE,STK,759363,INE1UA823019,ANANTAM,IV,,,,,ANANTAM HIGHWAYS TRUST,105.00,106.49,105.00,106.00,106.05,105.98,,106.00,,,36274,3841333.86,93,F1,1,,,,,
2026-09-02,2026-09-02,CM,NSE,STK,764446,INE1J5V01013,ANAWIL,SM,,,,,ANAWIL WIRE AND ENGIN LTD,382.30,413.00,371.25,390.00,391.00,384.75,,390.00,,,425200,166902960.00,903,F1,400,,,,,
2026-09-02,2026-09-02,CM,NSE,STK,758427,INE0VG001016,AMCL,SM,,,,,ANB METAL CAST LIMITED,362.00,365.00,362.00,365.00,365.00,357.00,,365.00,,,1200,436800.00,3,F1,400,,,,,
2026-09-02,2026-09-02,CM,NSE,STK,15420,INE666E01020,ACL,EQ,,,,,ANDHRA CEMENTS LIMITED,44.10,44.20,43.13,43.92,43.65,43.94,,43.92,,,8724,381712.16,214,F1,1,,,,,
2026-09-02,2026-09-02,CM,NSE,STK,166,INE435A01051,ANDHRAPAP,EQ,,,,,ANDHRA PAPER LIMITED,60.50,61.30,60.20,61.09,61.11,60.55,,61.09,,,234449,14226698.99,4508,F1,1,,,,,
2026-09-02,2026-09-02,CM,NSE,STK,136,INE715B01021,ANDHRSUGAR,EQ,,,,,ANDHRA SUGARS LTD,96.87,99.80,96.11,99.20,99.02,96.49,,99.19,,,490982,48249316.18,6574,F1,1,,,,,
2026-09-02,2026-09-02,CM,NSE,STK,5206,INE449C01025,ANDREWYU,EQ,,,,,ANDREW YULE & CO. LTD.,27.66,28.35,27.51,28.15,28.02,28.11,,28.14,,,123709,3460258.23,363,F1,1,,,,,
2026-09-02,2026-09-02,CM,NSE,STK,324,INE732I01021,ANGELONE,EQ,,,,,ANGEL ONE LIMITED,280.25,280.85,275.25,279.25,279.25,281.55,,279.24,,,4437022,1234820926.45,35842,F1,1,,,,,
2026-09-02,2026-09-02,CM,NSE,STK,482,INE635Y01015,AISL,SM,,,,,ANI INTEGRATED SERV LTD.,54.00,57.90,54.00,57.90,57.90,56.60,,57.90,,,1200,67140.00,2,F1,600,,,,,
2026-09-02,2026-09-02,CM,NSE,STK,16657,INE087B01017,ANIKINDS,EQ,,,,,ANIK INDUSTRIES LTD,44.75,46.47,44.11,44.77,45.00,45.89,,44.77,,,4037,181964.25,127,F1,1,,,,,
2026-09-02,2026-09-02,CM,NSE,STK,20453,INE071F01012,APCL,EQ,,,,,ANJANI PORTLAND CEM LTD,100.50,100.50,98.90,100.00,100.01,100.19,,100.00,,,7960,794235.87,116,F1,1,,,,,
2026-09-02,2026-09-02,CM,NSE,STK,25878,INE106I01010,ANKITMETAL,BZ,,,,,ANKIT MET & POW LTD,1.71,1.72,1.69,1.71,1.71,1.72,,1.71,,,8722,14917.43,23,F1,1,,,,,
2026-09-02,2026-09-02,CM,NSE,STK,758968,INE0Y8W01025,AHCL,EQ,,,,,ANLON HEALTHCARE LIMITED,15.49,15.76,15.32,15.56,15.56,15.49,,15.55,,,1668193,25939742.49,2649,F1,1,,,,,
2026-09-02,2026-09-02,CM,NSE,STK,13657,INE0LR101013,ANLON,SM,,,,,ANLON TECHNOLOGY SOL LTD,629.00,669.00,629.00,645.00,645.00,632.00,,645.00,,,6800,4392100.00,17,F1,400,,,,,
2026-09-02,2026-09-02,CM,NSE,STK,3727,INE02AR01019,ANMOL,EQ,,,,,ANMOL INDIA LIMITED,10.07,10.36,9.91,9.97,10.00,10.02,,9.97,,,61224,612218.43,140,F1,1,,,,,
2026-09-02,2026-09-02,CM,NSE,STK,764471,INE0MGM01017,ANNAPURNA,EQ,,,,,ANNAPURNA SWADISHT LTD,144.04,146.58,141.50,143.73,144.80,145.76,,143.73,,,26855,3880617.05,377,F1,1,,,,,
2026-09-02,2026-09-02,CM,NSE,STK,765503,INE103001017,ANNU,BE,,,,,ANNU PROJECTS LIMITED,72.00,75.60,70.00,75.60,75.60,99.00,,76.99,,,6333016,460403554.31,11515,F1,1,,,,,
2026-09-02,2026-09-02,CM,NSE,STK,758740,INE0VTV01012,ANONDITA,SM,,,,,ANONDITA MEDICARE LIMITED,1050.00,1108.95,1049.95,1060.85,1061.05,1051.95,,1060.85,,,109200,117098050.00,396,F1,200,,,,,
2026-09-02,2026-09-02,CM,NSE,STK,765020,INE030C01015,ANSALBU,EQ,,,,,ANSAL BUILDWELL LTD.,82.00,82.00,76.10,78.91,78.90,78.57,,81.07,,,1443,114755.11,117,F1,1,,,,,
2026-09-02,2026-09-02,CM,NSE,STK,19677,INE436A01026,ANSALAPI,BZ,,,,,ANSAL PROP & INFRA LTD,3.26,3.26,3.24,3.26,3.26,3.20,,3.27,,,3398,11076.10,20,F1,1,,,,,
2026-09-02,2026-09-02,CM,NSE,STK,5194,INE414B01021,ANTGRAPHIC,EQ,,,,,ANTARCTICA LTD,0.75,0.77,0.72,0.73,0.74,0.75,,0.73,,,415805,306230.70,204,F1,1,,,,,
2026-09-02,2026-09-02,CM,NSE,STK,13598,INE818A01017,ANTELOPUS,EQ,,,,,ANTELOPUS SELAN ENRGY LTD,813.00,951.15,807.10,951.15,951.15,792.65,,951.29,,,12446135,11223349715.75,305044,F1,1,,,,,
2026-09-02,2026-09-02,CM,NSE,STK,757885,INE0CZ201020,ANTHEM,EQ,,,,,ANTHEM BIOSCIENCES LTD,920.00,952.80,915.65,934.50,938.00,924.50,,934.49,,,1484697,1396101614.20,50359,F1,1,,,,,
2026-09-02,2026-09-02,CM,NSE,STK,1797,INE01BK01022,AWHCL,EQ,,,,,ANTONY WASTE HDG CELL LTD,375.00,375.00,370.10,372.95,373.95,377.35,,372.96,,,63740,23766819.85,3428,F1,1,,,,,
2026-09-02,2026-09-02,CM,NSE,STK,28314,INE489G01022,ANUHPHR,EQ,,,,,ANUH PHARMA LIMITED,81.43,81.93,78.40,78.94,79.00,81.43,,78.95,,,138379,11004535.98,1815,F1,1,,,,,
2026-09-02,2026-09-02,CM,NSE,STK,2829,INE930P01018,ANURAS,EQ,,,,,ANUPAM RASAYAN INDIA LTD,1259.10,1260.00,1232.10,1240.30,1236.10,1259.80,,1240.31,,,282041,350624742.50,9724,F1,1,,,,,
2026-09-02,2026-09-02,CM,NSE,STK,28983,INE0SI601032,ANYA,SM,,,,,ANYA POLYTECH & FERTI LTD,15.00,15.40,15.00,15.40,15.40,15.20,,15.40,,,10000,152000.00,2,F1,5000,,,,,
2026-09-02,2026-09-02,CM,NSE,STK,11945,INE0MIZ23019,ANZEN,IV,,,,,ANZEN IND ENE YLD PLU TRU,129.00,129.00,129.00,129.00,129.00,131.80,,129.00,,,25000,3225000.00,1,F1,25000,,,,,
2026-09-02,2026-09-02,CM,NSE,STK,758904,INF1J2R01114,AONEGOLD,EQ,,,,,AONEAMC - AONEGOLD,14.16,14.16,13.90,13.98,13.99,14.18,,13.98,,,420827,5884466.29,1616,F1,1,,,,,
2026-09-02,2026-09-02,CM,NSE,STK,30472,INF1J2R01056,AONELIQUID,EQ,,,,,AONEAMC - AONELIQUID,1075.17,1075.18,1075.16,1075.16,1075.18,1075.03,,1075.16,,,24958,26833878.64,116,F1,1,,,,,
2026-09-02,2026-09-02,CM,NSE,STK,757096,INF1J2R01064,AONENIFTY,EQ,,,,,AONEAMC - AONENIFTY,9.96,9.96,9.69,9.85,9.89,9.89,,9.85,,,306263,3023543.08,1302,F1,1,,,,,
2026-09-02,2026-09-02,CM,NSE,STK,760193,INF1J2R01171,AONESILVER,EQ,,,,,AONEAMC - AONESILVER,8.71,8.76,8.54,8.64,8.66,8.71,,8.64,,,380983,3291972.37,1406,F1,1,,,,,
2026-09-02,2026-09-02,CM,NSE,STK,759992,INF1J2R01148,AONETMMQ50,EQ,,,,,AONEAMC - AONETMMQ50,10.33,10.50,10.18,10.31,10.32,10.33,,10.31,,,33121,340226.17,240,F1,1,,,,,
2026-09-02,2026-09-02,CM,NSE,STK,29975,INF1J2R01015,AONETOTAL,EQ,,,,,AONEAMC - AONETOTAL,12.10,12.35,11.80,11.83,11.80,11.90,,11.83,,,299224,3538869.84,1285,F1,1,,,,,
2026-09-02,2026-09-02,CM,NSE,STK,11491,INE372A01015,APARINDS,EQ,,,,,APAR INDUSTRIES LTD.,17401.00,17444.00,16500.00,16813.00,16889.00,17400.00,,16812.90,,,94227,1593915259.00,26235,F1,1,,,,,
2026-09-02,2026-09-02,CM,NSE,STK,154,INE116A01032,APCOTEXIND,EQ,,,,,APCOTEX INDUSTRIES LIMITE,638.00,642.40,617.05,628.65,629.30,639.20,,628.66,,,107750,67479300.80,4870,F1,1,,,,,
2026-09-02,2026-09-02,CM,NSE,STK,27291,INE0T4V01015,APEXECO,ST,,,,,APEX ECOTECH LIMITED,260.00,260.00,256.00,256.00,256.00,249.05,,256.00,,,4000,1032720.00,5,F1,800,,,,,
2026-09-02,2026-09-02,CM,NSE,STK,21623,INE346W01013,APEX,EQ,,,,,APEX FROZEN FOODS LIMITED,374.70,379.00,363.90,367.25,366.45,374.70,,367.26,,,140115,51434506.55,6360,F1,1,,,,,
2026-09-02,2026-09-02,CM,NSE,STK,25780,INE702C01027,APLAPOLLO,EQ,,,,,APL APOLLO TUBES LTD,2219.20,2228.50,2186.70,2210.00,2210.00,2234.00,,2210.01,,,786402,1734884667.50,26484,F1,1,,,,,
2026-09-02,2026-09-02,CM,NSE,STK,757178,INE0TLC07085,930APMD27,N0,,,,,APMD 9.30% 2027 STRPP A,76615.00,76615.00,76615.00,76615.00,76615.00,77000.00,,76615.00,,,2,153230.00,1,F1,1,,,,,
2026-09-02,2026-09-02,CM,NSE,STK,757182,INE0TLC07069,930APMD29,N0,,,,,APMD 9.30% 2029 STRPP C,103990.00,103990.00,103990.00,103990.00,103990.00,103053.19,,103990.00,,,1,103990.00,1,F1,1,,,,,
2026-09-02,2026-09-02,CM,NSE,STK,157,INE437A01024,APOLLOHOSP,EQ,,,,,APOLLO HOSPITALS ENTER. L,8680.00,8746.50,8640.00,8719.00,8719.00,8755.00,,8718.96,,,169190,1471047435.00,24297,F1,1,,,,,
2026-09-02,2026-09-02,CM,NSE,STK,1134,INE713T01028,APOLLO,EQ,,,,,APOLLO MICRO SYSTEMS LTD,378.75,389.10,374.35,382.65,382.50,379.50,,382.65,,,4275794,1640317300.80,33320,F1,1,,,,,
2026-09-02,2026-09-02,CM,NSE,STK,14361,INE126J01016,APOLLOPIPE,EQ,,,,,APOLLO PIPES LIMITED,588.65,612.00,588.60,599.05,598.00,609.85,,598.99,,,159504,95951124.05,7010,F1,1,,,,,
2026-09-02,2026-09-02,CM,NSE,STK,6302,INE451F01024,APOLSINHOT,EQ,,,,,APOLLO SINDOORI HOTEL LTD,1213.40,1234.70,1201.20,1221.20,1213.00,1219.50,,1221.20,,,1311,1595248.50,163,F1,1,,,,,
2026-09-02,2026-09-02,CM,NSE,STK,163,INE438A01022,APOLLOTYRE,EQ,,,,,APOLLO TYRES LTD,439.25,440.75,432.20,434.15,434.40,442.70,,434.15,,,333100,144915833.00,14632,F1,1,,,,,
2026-09-02,2026-09-02,CM,NSE,STK,764593,INE217S01014,APOORVA,EQ,,,,,APOORVA LEAS F & INV C L,26.58,26.58,25.25,25.25,25.25,26.57,,25.29,,,500,12861.85,7,F1,1,,,,,
2026-09-02,2026-09-02,CM,NSE,STK,24638,INE0LQG01010,APRAMEYA,SM,,,,,APRAMEYA ENGINEERING LTD,124.00,124.00,120.60,120.60,120.60,126.60,,120.60,,,12000,1455750.00,16,F1,500,,,,,
2026-09-02,2026-09-02,CM,NSE,STK,760366,INE0M2307370,915APSBC28,N0,,,,,APSBC 9.15% 2028 STRPP C,101000.01,101000.01,101000.01,101000.01,101000.01,101895.07,,101000.01,,,2,202000.02,1,F1,1,,,,,
2026-09-02,2026-09-02,CM,NSE,STK,760372,INE0M2307388,915APSBC31,N0,,,,,APSBC 9.15% 2031 STRPP F,104233.29,104233.29,103999.00,103999.00,103999.00,104209.95,,103999.00,,,10,1041161.16,4,F1,1,,,,,
2026-09-02,2026-09-02,CM,NSE,STK,761435,INE1OOJ01011,APSISAERO,ST,,,,,APSIS AEROCOM LIMITED,587.60,587.60,587.60,587.60,587.60,576.10,,587.60,,,3600,2115360.00,3,F1,1200,,,,,
2026-09-02,2026-09-02,CM,NSE,STK,14074,INE266F01018,APTECHT,BE,,,,,APTECH LIMITED,91.41,92.75,89.00,90.78,91.00,91.41,,90.74,,,42019,3817385.34,421,F1,1,,,,,
2026-09-02,2026-09-02,CM,NSE,STK,5435,INE852O01025,APTUS,EQ,,,,,APTUS VALUE HSG FIN I LTD,252.00,256.61,249.20,254.28,254.90,253.36,,254.28,,,466564,117864718.05,17966,F1,1,,,,,
2026-09-02,2026-09-02,CM,NSE,STK,23365,INE416A01051,AQYLON,EQ,,,,,AQYLON NEXUS LIMITED,21.50,22.05,20.61,20.61,20.61,21.69,,20.55,,,684411,14285808.64,1474,F1,1,,,,,
2026-09-02,2026-09-02,CM,NSE,STK,19253,INE08NJ01024,ARABIAN,SM,,,,,ARABIAN PETROLEUM LIMITED,86.25,86.25,86.25,86.25,86.25,88.00,,86.25,,,2000,172500.00,1,F1,2000,,,,,
2026-09-02,2026-09-02,CM,NSE,STK,758670,INE0YDV01010,ARCIIL,SM,,,,,ARC INSULATION & INSU LTD,38.20,39.00,38.20,39.00,39.00,39.00,,39.00,,,12000,466400.00,7,F1,1000,,,,,
2026-09-02,2026-09-02,CM,NSE,STK,12024,INE128X01021,ACI,EQ,,,,,ARCHEAN CHEMICAL IND LTD,490.00,501.00,484.15,494.10,493.35,492.65,,494.06,,,635843,312527221.15,18077,F1,1,,,,,
2026-09-02,2026-09-02,CM,NSE,STK,245,INE0CHO01012,ADL,EQ,,,,,ARCHIDPLY DECOR LIMITED,76.93,76.93,71.75,76.40,76.57,75.42,,76.40,,,1341,99450.40,39,F1,1,,,,,
2026-09-02,2026-09-02,CM,NSE,STK,16795,INE877I01016,ARCHIDPLY,EQ,,,,,ARCHIDPLY IND. LTD,102.05,107.65,102.02,106.52,107.00,101.72,,106.49,,,33961,3583180.23,470,F1,1,,,,,
2026-09-02,2026-09-02,CM,NSE,STK,5688,INE731A01020,ARCHIES,EQ,,,,,ARCHIES LTD,13.46,13.46,12.65,12.94,12.90,13.40,,12.96,,,27463,358070.81,214,F1,1,,,,,
2026-09-02,2026-09-02,CM,NSE,STK,764598,INE372M01010,ARCL,EQ,,,,,ARCL ORGANICS LTD.,225.00,230.00,221.35,230.00,230.00,233.00,,230.00,,,248,55537.90,22,F1,1,,,,,
2026-09-02,2026-09-02,CM,NSE,STK,764480,INE0XNF01022,ARDEE,EQ,,,,,ARDEE INDUSTRIES LIMITED,56.45,57.49,55.71,56.40,56.40,56.20,,56.40,,,2698066,152865176.65,11756,F1,1,,,,,
2026-09-02,2026-09-02,CM,NSE,STK,758700,INE784R01023,ARFIN,EQ,,,,,ARFIN INDIA LIMITED,85.50,88.50,85.50,87.87,87.92,85.50,,87.87,,,1010679,87404751.21,2122,F1,1,,,,,
2026-09-02,2026-09-02,CM,NSE,STK,13092,INE0L2Y01011,ARHAM,SM,,,,,ARHAM TECHNOLOGIES LTD,209.75,209.75,201.00,206.10,208.90,205.75,,206.10,,,68000,13782500.00,41,F1,1000,,,,,
2026-09-02,2026-09-02,CM,NSE,STK,15204,INE298I01015,ARIES,EQ,,,,,ARIES AGRO LTD.,461.60,510.25,461.55,495.35,496.50,458.85,,495.37,,,480377,237748370.65,16856,F1,1,,,,,
2026-09-02,2026-09-02,CM,NSE,STK,3813,INE420B01036,ARIHANTCAP,EQ,,,,,ARIHANT CAPITAL MKTS LTD,79.80,79.98,77.63,78.48,78.41,80.03,,78.47,,,132223,10393993.15,1201,F1,1,,,,,
2026-09-02,2026-09-02,CM,NSE,STK,13885,INE413D01011,ARIHANT,EQ,,,,,ARIHANT FOUN & HOU LTD,909.00,914.45,878.00,900.30,906.00,900.00,,900.35,,,2447,2184523.30,250,F1,1,,,,,
2026-09-02,2026-09-02,CM,NSE,STK,20159,INE643K01018,ARIHANTSUP,EQ,,,,,ARIHANT SUPERSTRUCT LTD,245.20,251.90,245.20,247.75,249.85,250.15,,247.04,,,3340,827497.00,110,F1,1,,,,,
2026-09-02,2026-09-02,CM,NSE,STK,757614,INE0H9P01028,ARIS,EQ,,,,,ARISINFRA SOLUTIONS LTD,130.99,131.03,125.86,128.31,128.35,131.68,,128.31,,,897946,114847782.80,9775,F1,1,,,,,
2026-09-02,2026-09-02,CM,NSE,STK,13926,INE082101010,ARISTO,SM,,,,,ARISTO BIO T AND LIFESC L,103.00,103.00,103.00,103.00,103.00,103.00,,103.00,,,3200,329600.00,3,F1,800,,,,,
2026-09-02,2026-09-02,CM,NSE,STK,25398,INE0QRL01017,ARKADE,EQ,,,,,ARKADE DEVELOPERS LIMITED,120.72,121.08,117.11,117.93,118.00,120.72,,117.93,,,231541,27612912.37,2583,F1,1,,,,,
2026-09-02,2026-09-02,CM,NSE,STK,17263,INE109C01017,ARMANFIN,EQ,,,,,ARMAN FIN SERV LTD,1945.00,1994.00,1927.00,1947.20,1994.00,1952.30,,1947.23,,,21151,41119047.90,3292,F1,1,,,,,
2026-09-02,2026-09-02,CM,NSE,STK,14557,INE210C01013,AROGRANITE,EQ,,,,,ARO GRANITE IND. LTD.,24.45,25.05,24.45,24.61,24.61,24.45,,24.61,,,4239,104639.09,35,F1,1,,,,,
2026-09-02,2026-09-02,CM,NSE,STK,9264,INE570D01018,ARROWGREEN,BE,,,,,ARROW GREENTECH LIMITED,746.00,771.20,735.05,771.20,771.20,734.50,,771.23,,,26675,20256801.20,781,F1,1,,,,,
2026-09-02,2026-09-02,CM,NSE,STK,29015,INE968D01022,ARSHIYA,BZ,,,,,ARSHIYA LIMITED,0.71,0.71,0.71,0.71,0.71,0.74,,0.70,,,72444,51435.24,63,F1,1,,,,,
2026-09-02,2026-09-02,CM,NSE,STK,6156,INE738V01013,ARTNIRMAN,EQ,,,,,ART NIRMAN LIMITED,40.70,41.10,39.10,40.25,40.95,40.70,,40.25,,,1607,65124.32,34,F1,1,,,,,
2026-09-02,2026-09-02,CM,NSE,STK,761330,INE757T01025,AEPL,EQ,,,,,ARTEMIS ELECTRICALS & P L,15.87,15.87,15.00,15.08,15.02,15.09,,15.08,,,478365,7234085.01,319,F1,1,,,,,
2026-09-02,2026-09-02,CM,NSE,STK,16913,INE025R01021,ARTEMISMED,EQ,,,,,ARTEMIS MED SERVICE LTD,328.00,332.40,320.00,320.70,320.65,327.95,,320.70,,,226615,73219501.30,10030,F1,1,,,,,
2026-09-02,2026-09-02,CM,NSE,STK,756896,INE0TTG01017,ARUNAYA,SM,,,,,ARUNAYA ORGANICS LIMITED,14.10,14.20,14.10,14.20,14.20,14.50,,14.20,,,6000,85000.00,3,F1,2000,,,,,
2026-09-02,2026-09-02,CM,NSE,STK,2814,INE006Z01016,ARVEE,EQ,,,,,ARVEE LABORATORIES I LTD,164.01,166.80,163.39,165.81,165.00,164.21,,165.81,,,962,158830.80,40,F1,1,,,,,
2026-09-02,2026-09-02,CM,NSE,STK,9111,INE955V01021,ARVINDFASN,EQ,,,,,ARVIND FASHIONS LIMITED,454.00,463.00,448.40,461.15,460.10,458.80,,461.11,,,203097,92873356.10,21623,F1,1,,,,,
2026-09-02,2026-09-02,CM,NSE,STK,193,INE034A01011,ARVIND,EQ,,,,,ARVIND LIMITED,552.95,578.00,548.20,574.05,573.00,557.10,,573.95,,,790352,446988572.90,28652,F1,1,,,,,
2026-09-02,2026-09-02,CM,NSE,STK,19579,INE0P4T01013,ARVINDPORT,SM,,,,,ARVIND PORT AND INFRA LTD,33.50,33.50,33.50,33.50,33.50,33.95,,33.50,,,12000,402000.00,4,F1,1500,,,,,
2026-09-02,2026-09-02,CM,NSE,STK,10457,INE034S01021,ARVSMART,EQ,,,,,ARVIND SMARTSPACES LTD,650.20,656.00,638.75,642.40,640.05,656.00,,642.38,,,79766,51386922.55,2957,F1,1,,,,,
2026-09-02,2026-09-02,CM,NSE,STK,764603,INE032E01017,ARYAMAN,EQ,,,,,ARYAMAN FINANCIAL SERV L,635.00,640.00,620.00,639.95,639.95,625.00,,635.00,,,229,146114.90,6,F1,1,,,,,
2026-09-02,2026-09-02,CM,NSE,STK,5378,INE439A01020,ASAHIINDIA,EQ,,,,,ASAHI INDIA GLASS LIMITED,950.00,964.70,936.05,951.05,951.50,951.20,,951.00,,,213328,203243262.05,14265,F1,1,,,,,
2026-09-02,2026-09-02,CM,NSE,STK,25092,INE228I01012,ASAHISONG,BE,,,,,ASAHI SONGWON COLOR LTD,364.15,374.55,364.00,367.90,369.90,374.55,,367.90,,,12724,4687757.75,202,F1,1,,,,,
2026-09-02,2026-09-02,CM,NSE,STK,24711,INE0LAA01017,ASHALOG,SM,,,,,ASHAPURA LOGISTICS LTD,62.00,62.00,62.00,62.00,62.00,61.80,,62.00,,,2000,124000.00,2,F1,1000,,,,,
2026-09-02,2026-09-02,CM,NSE,STK,203,INE348A01023,ASHAPURMIN,EQ,,,,,ASHAPURA MINECHEM LTD,555.70,561.00,549.35,550.50,551.00,555.50,,550.49,,,226693,125372380.80,11233,F1,1,,,,,
2026-09-02,2026-09-02,CM,NSE,STK,24403,INE365D01021,ASHIANA,EQ,,,,,ASHIANA HOUSING LTD,367.25,368.95,361.10,368.30,368.50,363.65,,368.30,,,38619,14127462.00,1462,F1,1,,,,,
2026-09-02,2026-09-02,CM,NSE,STK,762551,INE094B01013,ASHIKAG,BE,,,,,ASHIKA GLOBAL SEC LTD,429.00,429.00,420.00,425.95,423.00,429.95,,426.02,,,34573,14637387.85,173,F1,1,,,,,
2026-09-02,2026-09-02,CM,NSE,STK,206,INE440A01010,ASHIMASYN,EQ,,,,,ASHIMA LTD,17.67,18.90,17.20,17.83,17.80,17.67,,17.83,,,71620,1278555.08,338,F1,1,,,,,
2026-09-02,2026-09-02,CM,NSE,STK,212,INE208A01029,ASHOKLEY,EQ,,,,,ASHOK LEYLAND LTD,169.11,169.29,165.02,167.90,167.90,170.53,,167.90,,,16412854,2733440927.72,123369,F1,1,,,,,
2026-09-02,2026-09-02,CM,NSE,STK,20182,INE442H01029,ASHOKA,EQ,,,,,ASHOKA BUILDCON LTD,119.71,120.00,116.49,117.39,117.84,121.75,,117.40,,,2169165,255198575.14,14668,F1,1,,,,,
2026-09-02,2026-09-02,CM,NSE,STK,16943,INE760Y01011,ASHOKAMET,EQ,,,,,ASHOKA METCAST LIMITED,13.63,13.63,13.34,13.49,13.50,13.63,,13.49,,,18438,248438.80,132,F1,1,,,,,
2026-09-02,2026-09-02,CM,NSE,STK,760418,INE1A6Q01010,ASHWINI,SM,,,,,ASHWINI CONTAINER MOVER L,186.50,190.00,186.00,186.00,186.00,186.50,,186.00,,,7000,1314500.00,7,F1,1000,,,,,
2026-09-02,2026-09-02,CM,NSE,STK,7030,INE276G01015,ASIANENE,EQ,,,,,ASIAN ENERGY SERVICES LTD,490.10,516.15,483.10,504.10,505.00,488.40,,504.10,,,919172,459828138.95,27497,F1,1,,,,,
2026-09-02,2026-09-02,CM,NSE,STK,14889,INE022I01019,ASIANTILES,EQ,,,,,ASIAN GRANITO IND. LTD.,50.29,51.18,48.85,50.16,50.29,50.26,,50.16,,,5231296,261525839.20,12884,F1,1,,,,,
2026-09-02,2026-09-02,CM,NSE,STK,19438,INE926K01017,AHLEAST,EQ,,,,,ASIAN HOTELS (EAST) LTD,138.80,143.00,138.51,142.01,143.00,142.20,,142.01,,,1209,171161.54,26,F1,1,,,,,
2026-09-02,2026-09-02,CM,NSE,STK,18422,INE363A01022,ASIANHOTNR,EQ,,,,,ASIAN HOTELS (NORTH) LTD,369.20,386.00,360.10,379.90,379.00,369.20,,379.88,,,26364,9875913.50,1021,F1,1,,,,,
2026-09-02,2026-09-02,CM,NSE,STK,19370,INE915K01010,AHLWEST,BE,,,,,ASIAN HOTELS (WEST) LTD,511.05,535.00,511.00,535.00,535.00,534.65,,535.00,,,330,171003.50,6,F1,1,,,,,
2026-09-02,2026-09-02,CM,NSE,STK,236,INE021A01026,ASIANPAINT,EQ,,,,,ASIAN PAINTS LIMITED,2548.00,2548.00,2510.70,2527.50,2527.50,2575.50,,2527.50,,,497889,1256810334.90,45493,F1,1,,,,,
2026-09-02,2026-09-02,CM,NSE,STK,762553,INE194D01017,ASTAR,EQ,,,,,ASIAN STAR CO. LTD.,600.00,600.00,590.00,590.00,590.00,599.90,,606.95,,,124,73606.55,26,F1,1,,,,,
2026-09-02,2026-09-02,CM,NSE,STK,765025,INE822B01017,ASIANTNE,EQ,,,,,ASIAN TEA & EXPORTS LTD.,10.17,10.17,9.75,9.83,10.05,10.17,,9.82,,,3443,34191.38,45,F1,1,,,,,
2026-09-02,2026-09-02,CM,NSE,STK,20152,INE491J01022,ASKAUTOLTD,EQ,,,,,ASK AUTOMOTIVE LIMITED,638.05,638.05,618.05,623.85,624.30,635.65,,623.83,,,134316,83877686.10,6371,F1,1,,,,,
2026-09-02,2026-09-02,CM,NSE,STK,17270,INE991I01015,ASPINWALL,EQ,,,,,ASPINWALL & CO LTD,260.05,264.95,256.30,259.85,256.30,260.05,,259.85,,,1099,285832.15,44,F1,1,,,,,
2026-09-02,2026-09-02,CM,NSE,STK,765237,INE165G01010,ASSAMENT,EQ,,,,,ASSAM ENTRADE LIMITED,828.00,828.00,763.00,819.00,819.00,800.00,,819.00,,,3,2410.00,3,F1,1,,,,,
2026-09-02,2026-09-02,CM,NSE,STK,17598,INE073G01016,ASALCBR,EQ,,,,,ASSO ALCOHOLS & BREW LTD,694.70,705.00,690.45,703.80,704.95,693.70,,704.20,,,14509,10151115.20,1482,F1,1,,,,,
2026-09-02,2026-09-02,CM,NSE,STK,17728,INE563J01010,ASTEC,EQ,,,,,ASTEC LIFESCIENCES LTD,556.95,584.90,553.05,572.55,572.00,562.40,,572.52,,,37649,21487954.55,2050,F1,1,,,,,
2026-09-02,2026-09-02,CM,NSE,STK,1511,INE914M01019,ASTERDM,BL,,,,,ASTER DM QUALITY CARE LTD,760.00,760.00,760.00,760.00,760.00,697.50,,760.00,,,4609800,3503448000.00,3,F1,999999999,,,,,
2026-09-02,2026-09-02,CM,NSE,STK,1508,INE914M01019,ASTERDM,EQ,,,,,ASTER DM QUALITY CARE LTD,761.70,768.00,745.05,759.90,760.00,757.80,,760.29,,,1275385,964500210.85,40099,F1,1,,,,,
2026-09-02,2026-09-02,CM,NSE,STK,11618,INE386C01029,ASTRAMICRO,EQ,,,,,ASTRA MICROWAVE LTD,1678.00,1678.00,1631.00,1641.80,1638.20,1686.40,,1641.83,,,220101,363702699.70,17281,F1,1,,,,,
2026-09-02,2026-09-02,CM,NSE,STK,14418,INE006I01046,ASTRAL,EQ,,,,,ASTRAL LIMITED,1502.00,1516.40,1476.70,1487.00,1487.00,1507.00,,1487.02,,,1046620,1563724645.60,32807,F1,1,,,,,
2026-09-02,2026-09-02,CM,NSE,STK,5610,INE203A01020,ASTRAZEN,EQ,,,,,ASTRAZENECA PHARMA IND LT,6930.00,6940.00,6835.00,6868.00,6860.00,6917.00,,6868.11,,,4789,32866384.00,1933,F1,1,,,,,
2026-09-02,2026-09-02,CM,NSE,STK,764445,INE646X01014,ASTRON,BZ,,,,,ASTRON PAPER BORD MIL LTD,3.00,3.10,2.95,2.98,2.96,3.07,,2.98,,,20922,62434.29,68,F1,1,,,,,
2026-09-02,2026-09-02,CM,NSE,STK,15649,INE0ALR01029,ATALREAL,EQ,,,,,ATAL REALTECH LIMITED,25.01,26.84,25.01,25.53,25.52,26.65,,25.53,,,33201247,847229486.89,25684,F1,1,,,,,
2026-09-02,2026-09-02,CM,NSE,STK,15404,INE09KD01013,ATAM,EQ,,,,,ATAM VALVES LIMITED,55.20,56.30,54.09,54.78,54.79,55.90,,54.78,,,8221,451437.50,157,F1,1,,,,,
2026-09-02,2026-09-02,CM,NSE,STK,756405,INE0V0Q01019,ATCENERGY,ST,,,,,ATC ENERGIES SYSTEM LTD,22.90,22.90,22.85,22.85,22.85,22.80,,22.85,,,3600,82320.00,3,F1,1200,,,,,
2026-09-02,2026-09-02,CM,NSE,STK,757645,INE0LEZ01016,ATHERENERG,EQ,,,,,ATHER ENERGY LIMITED,1722.00,1737.00,1641.00,1686.10,1686.10,1725.60,,1686.07,,,6312532,10735584017.70,154854,F1,1,,,,,
2026-09-02,2026-09-02,CM,NSE,STK,760953,IN90NN701011,ATLPP,E1,,,,,ATL RE.0.50 PPD UP,9.22,9.22,9.00,9.09,9.01,9.22,,9.09,,,4028,36710.27,21,F1,1,,,,,
2026-09-02,2026-09-02,CM,NSE,STK,759007,INE0Z4F01028,ATLANTAELE,EQ,,,,,ATLANTA ELECTRICALS LTD,1816.90,1846.90,1784.90,1838.90,1841.00,1823.60,,1838.92,,,70238,127778882.80,11104,F1,1,,,,,
2026-09-02,2026-09-02,CM,NSE,STK,13585,INE285H01022,ATLANTAA,EQ,,,,,ATLANTAA LIMITED,40.47,40.96,39.00,39.21,39.01,40.68,,39.19,,,53579,2129056.12,1087,F1,1,,,,,
2026-09-02,2026-09-02,CM,NSE,STK,4568,INE446A01025,ATLASCYCLE,EQ,,,,,ATLAS CYCLE (HARYANA) LTD,95.40,98.55,92.70,95.05,95.00,95.37,,95.06,,,6678,630933.40,176,F1,1,,,,,
2026-09-02,2026-09-02,CM,NSE,STK,22785,INE05DH01017,ATMASTCO,SM,,,,,ATMASTCO LIMITED,144.90,144.90,138.05,139.10,139.00,142.25,,139.10,,,16400,2297220.00,29,F1,400,,,,,
2026-09-02,2026-09-02,CM,NSE,STK,30023,INE951D01028,ATULAUTO,EQ,,,,,ATUL AUTO LIMITED,476.05,476.70,464.70,466.40,465.90,476.05,,466.40,,,124489,58239350.55,5002,F1,1,,,,,
2026-09-02,2026-09-02,CM,NSE,STK,263,INE100A01010,ATUL,EQ,,,,,ATUL LTD,6430.00,6499.00,6358.00,6485.50,6475.00,6452.00,,6485.48,,,22848,147399093.00,6440,F1,1,,,,,
2026-09-02,2026-09-02,CM,NSE,STK,21238,INE949L01017,AUBANK,EQ,,,,,AU SMALL FINANCE BANK LTD,1073.10,1077.90,1063.40,1077.90,1077.90,1079.20,,1077.90,,,864436,926229784.50,54900,F1,1,,,,,
2026-09-02,2026-09-02,CM,NSE,STK,765451,INE16W401027,AUGMONT,EQ,,,,,AUGMONT ENTERPRISES LTD,865.00,952.85,857.05,952.85,952.85,866.25,,952.85,,,4700620,4312425512.90,129866,F1,1,,,,,
2026-09-02,2026-09-02,CM,NSE,STK,12022,INE132H01018,AURIONPRO,EQ,,,,,AURIONPRO SOLN LTD,692.00,700.25,684.00,693.00,697.00,694.70,,693.02,,,170519,118131664.30,8605,F1,1,,,,,
2026-09-02,2026-09-02,CM,NSE,STK,15869,INE0NUL01018,AUROIMPEX,SM,,,,,AURO IMPEX & CHEMICALS L,27.25,27.30,27.25,27.30,27.30,26.00,,27.30,,,11200,305680.00,7,F1,1600,,,,,
2026-09-02,2026-09-02,CM,NSE,STK,275,INE406A01037,AUROPHARMA,EQ,,,,,AUROBINDO PHARMA LTD,1675.00,1695.00,1639.60,1648.20,1648.20,1683.30,,1648.21,,,816419,1366317259.20,40594,F1,1,,,,,
2026-09-02,2026-09-02,CM,NSE,STK,10310,INE898S01029,AURUM,EQ,,,,,AURUM PROPTECH LIMITED,225.25,227.11,218.85,224.95,223.90,223.93,,224.99,,,179857,40063258.18,3966,F1,1,,,,,
2026-09-02,2026-09-02,CM,NSE,STK,31468,INE142K01011,AURUS,EQ,,,,,AURUS GEM CORP LIMITED,4.72,4.72,4.51,4.64,4.65,4.66,,4.64,,,22489,102183.56,84,F1,1,,,,,
2026-09-02,2026-09-02,CM,NSE,STK,4037,INE218C01016,AUSOMENT,EQ,,,,,AUSOM ENTERPRISE LIMITED,148.00,157.25,147.10,156.45,155.00,149.77,,156.34,,,19464,3021178.84,320,F1,1,,,,,
2026-09-02,2026-09-02,CM,NSE,STK,764608,INE759F01012,AUSTENG,EQ,,,,,AUSTIN ENGINEERING CO. L,125.90,125.90,121.35,121.40,123.89,122.72,,121.40,,,59,7207.69,4,F1,1,,,,,
2026-09-02,2026-09-02,CM,NSE,STK,21451,INE0P0001010,APS,SM,,,,,AUSTRALIAN PREM SOLAR I L,250.00,250.00,245.00,249.35,247.00,250.25,,249.35,,,14500,3603950.00,50,F1,250,,,,,
2026-09-02,2026-09-02,CM,NSE,STK,23553,INE206F01022,AIIL,EQ,,,,,AUTHUM INVEST & INFRA LTD,538.00,541.05,504.85,507.45,509.00,539.30,,507.78,,,1027128,530442541.70,26257,F1,1,,,,,
2026-09-02,2026-09-02,CM,NSE,STK,14106,INE718H01014,AUTOIND,EQ,,,,,AUTOLINE INDUSTRIES LTD,85.85,86.80,83.60,84.68,84.35,85.59,,84.68,,,193816,16467137.98,2716,F1,1,,,,,
2026-09-02,2026-09-02,CM,NSE,STK,764558,INE451C01013,ACGL,EQ,,,,,AUTOMOBILE CORPN OF GOA L,1795.00,1809.80,1756.00,1760.00,1760.00,1787.80,,1761.50,,,629,1111894.20,145,F1,1,,,,,
2026-09-02,2026-09-02,CM,NSE,STK,278,INE449A01011,AUTOAXLES,EQ,,,,,AUTOMOTIVE AXLES LIMITED,1686.00,1744.50,1674.10,1732.50,1731.20,1690.90,,1732.53,,,9452,16272753.50,1247,F1,1,,,,,
2026-09-02,2026-09-02,CM,NSE,STK,10634,INE900C01027,ASAL,EQ,,,,,AUTOMOTIVE STAMPINGS & AS,469.90,478.65,463.55,473.40,478.65,473.60,,473.25,,,13648,6407050.80,747,F1,1,,,,,
2026-09-02,2026-09-02,CM,NSE,STK,21406,INE349W01017,AVADHSUGAR,EQ,,,,,AVADH SUG & ENERGY LTD,823.00,845.00,806.00,811.70,814.45,823.30,,811.71,,,120202,99244828.90,6922,F1,1,,,,,
2026-09-02,2026-09-02,CM,NSE,STK,15058,INE0LCL01028,AVALON,EQ,,,,,AVALON TECHNOLOGIES LTD,2295.00,2348.00,2166.60,2189.60,2188.00,2318.60,,2189.59,,,662674,1476691088.90,58117,F1,1,,,,,
2026-09-02,2026-09-02,CM,NSE,STK,760736,INE1KU201016,AVANA,ST,,,,,AVANA ELECTROSYSTEMS LTD,148.65,155.85,148.65,155.85,155.85,156.40,,155.85,,,8000,1218100.00,4,F1,2000,,,,,
2026-09-02,2026-09-02,CM,NSE,STK,765030,INE758A01072,AVANCE,EQ,,,,,AVANCE TECHNOLOGIES LTD.,0.83,0.85,0.80,0.82,0.83,0.82,,0.82,,,17145793,14069621.66,2083,F1,1,,,,,
2026-09-02,2026-09-02,CM,NSE,STK,24610,INE005B01027,AVANTEL,EQ,,,,,AVANTEL LIMITED,156.67,157.82,155.50,156.81,157.35,156.67,,156.81,,,611755,95851153.51,6094,F1,1,,,,,
2026-09-02,2026-09-02,CM,NSE,STK,7936,INE871C01038,AVANTIFEED,EQ,,,,,AVANTI FEEDS LIMITED,830.00,830.00,800.00,801.20,802.00,833.75,,801.21,,,400361,324060698.40,21944,F1,1,,,,,
2026-09-02,2026-09-02,CM,NSE,STK,19913,INE192R01011,DMART,EQ,,,,,AVENUE SUPERMARTS LIMITED,3790.00,3813.40,3775.00,3813.40,3813.40,3824.00,,3813.40,,,204007,774598504.50,21307,F1,1,,,,,
2026-09-02,2026-09-02,CM,NSE,STK,16249,INE483S01020,CCAVENUE,EQ,,,,,AVENUESAI LIMITED,15.30,15.91,15.02,15.50,15.50,15.31,,15.50,,,14217006,220080566.47,19841,F1,1,,,,,
2026-09-02,2026-09-02,CM,NSE,STK,15638,INE680Z01018,AVG,BE,,,,,AVG LOGISTICS LIMITED,174.90,174.90,170.10,171.42,171.50,174.63,,171.45,,,7867,1355566.32,94,F1,1,,,,,
2026-09-02,2026-09-02,CM,NSE,STK,25520,INE0TFB01017,AVIANSH,SM,,,,,AVI ANSH TEXTILE LIMITED,103.50,104.00,103.50,104.00,104.00,103.00,,104.00,,,2000,207500.00,2,F1,1000,,,,,
2026-09-02,2026-09-02,CM,NSE,STK,755092,INE0V9I01017,AVIENCE,SM,,,,,AVIENCE BIOMEDICALS LTD,275.00,275.00,265.00,272.50,272.50,275.00,,272.50,,,9000,2408160.00,14,F1,600,,,,,
2026-09-02,2026-09-02,CM,NSE,STK,14069,INE855F01042,ASMS,BE,,,,,AVIO SMART MRKT STACK LTD,7.15,7.33,6.91,7.01,7.01,7.24,,7.01,,,323359,2279834.17,463,F1,1,,,,,
2026-09-02,2026-09-02,CM,NSE,STK,13557,INE323B01024,AVONMORE,EQ,,,,,AVONMORE CAP&MGT SERV LTD,13.30,13.30,12.85,13.10,13.13,13.34,,13.10,,,194160,2538962.34,743,F1,1,,,,,
2026-09-02,2026-09-02,CM,NSE,STK,23159,INE0R9401019,AVPINFRA,SM,,,,,AVP INFRACON LIMITED,59.40,59.40,57.30,57.95,58.00,59.40,,57.95,,,25600,1493000.00,16,F1,800,,,,,
2026-09-02,2026-09-02,CM,NSE,STK,8827,INE652Z01025,AVROIND,EQ,,,,,AVRO INDIA LIMITED,8.69,9.25,8.57,9.13,9.18,8.64,,9.12,,,422890,3806750.36,672,F1,1,,,,,
2026-09-02,2026-09-02,CM,NSE,STK,14008,INE488D01021,AVTNPL,EQ,,,,,AVT NATURAL PRODUCTS LTD,88.40,88.40,86.15,87.16,87.70,88.41,,87.16,,,99085,8641504.27,1439,F1,1,,,,,
2026-09-02,2026-09-02,CM,NSE,STK,23864,INE108V01019,AWFIS,EQ,,,,,AWFIS SPACE SOLUTIONS LTD,260.00,261.30,255.10,256.40,257.00,262.80,,256.39,,,135933,35021716.50,3964,F1,1,,,,,
2026-09-02,2026-09-02,CM,NSE,STK,8110,INE699H01024,AWL,EQ,,,,,AWL AGRI BUSINESS LIMITED,194.01,194.02,189.71,191.25,191.00,194.38,,191.25,,,2934970,561650499.91,36796,F1,1,,,,,
2026-09-02,2026-09-02,CM,NSE,STK,5900,INE238A01034,AXISBANK,EQ,,,,,AXIS BANK LIMITED,1254.60,1266.90,1250.00,1253.90,1253.90,1258.00,,1253.90,,,6437250,8090023721.30,163906,F1,1,,,,,
2026-09-02,2026-09-02,CM,NSE,STK,765499,INF846KA1598,ENERGYAXIS,EQ,,,,,AXISAMC - ENERGYAXIS,19.15,19.27,18.81,19.01,19.01,19.06,,19.06,,,20686,392781.19,65,F1,1,,,,,
2026-09-02,2026-09-02,CM,NSE,STK,1044,INF846K01X63,BNKETFAXIS,EQ,,,,,AXISAMC-BNKETFAXIS,588.42,591.40,586.07,589.07,590.89,591.79,,589.07,,,201,118519.10,29,F1,1,,,,,
2026-09-02,2026-09-02,CM,NSE,STK,5732,INF846K016C7,CONSUMAXIS,EQ,,,,,AXISAMC-CONSUMAXIS,119.38,120.32,119.38,120.12,120.12,119.97,,120.12,,,5359,642334.31,32,F1,1,,,,,
2026-09-02,2026-09-02,CM,NSE,STK,20532,INF846K01W80,GOLDAXIS,EQ,,,,,AXISAMC-GOLDAXIS,125.50,125.50,123.20,124.18,124.40,125.91,,124.19,,,850365,105661644.28,4015,F1,1,,,,,
2026-09-02,2026-09-02,CM,NSE,STK,3608,INF846K01Z12,HEALTHAXIS,EQ,,,,,AXISAMC-HEALTHAXIS,169.73,173.00,168.32,170.11,171.27,169.20,,169.96,,,1130,191297.56,70,F1,1,,,,,
2026-09-02,2026-09-02,CM,NSE,STK,3010,INF846K01Y96,ITAXIS,EQ,,,,,AXISAMC-ITAXIS,343.32,344.35,338.37,343.11,343.66,343.43,,343.11,,,2185,747407.74,56,F1,1,,,,,
2026-09-02,2026-09-02,CM,NSE,STK,21252,INF846K01W98,NIFTYAXIS,EQ,,,,,AXISAMC-NIFTYAXIS,265.45,265.45,263.86,264.93,264.00,265.96,,264.93,,,226011,59864151.99,280,F1,1,,,,,
2026-09-02,2026-09-02,CM,NSE,STK,14742,INF846K010Q0,SENSEXAXIS,EQ,,,,,AXISAMC-SENSEXAXIS,79.00,79.70,79.00,79.56,79.56,79.39,,79.56,,,799,63536.67,41,F1,1,,,,,
2026-09-02,2026-09-02,CM,NSE,STK,11193,INF846K011K1,SILVERAXIS,EQ,,,,,AXISAMC-SILVERAXIS,225.12,225.37,223.38,223.98,224.29,226.12,,223.98,,,441304,99037340.08,1967,F1,1,,,,,
2026-09-02,2026-09-02,CM,NSE,STK,30155,INF846KA1119,VALUEAXIS,EQ,,,,,AXISAMC-VALUEAXIS,32.78,32.78,32.27,32.57,32.53,32.58,,32.57,,,193282,6273483.52,693,F1,1,,,,,
2026-09-02,2026-09-02,CM,NSE,STK,9436,INE555B01013,AXISCADES,EQ,,,,,AXISCADES TECH LTD,1657.00,1723.00,1625.30,1689.70,1690.00,1644.20,,1689.68,,,290857,492487391.70,20861,F1,1,,,,,
2026-09-02,2026-09-02,CM,NSE,STK,9902,INE02EZ01022,AXITA,EQ,,,,,AXITA COTTON LIMITED,8.07,8.08,7.97,7.97,7.98,7.96,,7.97,,,668683,5352406.53,791,F1,1,,,,,
2026-09-02,2026-09-02,CM,NSE,STK,764613,INE767C01012,AXTEL,EQ,,,,,AXTEL INDUSTRIES LTD.,395.00,398.50,392.00,396.75,394.80,397.65,,396.94,,,1840,730041.35,109,F1,1,,,,,
2026-09-02,2026-09-02,CM,NSE,STK,760981,INE501X01029,AYE,EQ,,,,,AYE FINANCE LIMITED,171.00,172.74,168.28,171.34,171.27,171.70,,171.34,,,1770200,301504303.48,17906,F1,1,,,,,
2026-09-02,2026-09-02,CM,NSE,STK,10285,INE193B01039,AYMSYNTEX,EQ,,,,,AYM SYNTEX LIMITED,294.20,318.80,288.00,312.50,312.00,294.20,,312.52,,,601939,186974280.70,17101,F1,1,,,,,
2026-09-02,2026-09-02,CM,NSE,STK,20905,INE02IJ01035,AZAD,EQ,,,,,AZAD ENGINEERING LIMITED,2820.10,2853.50,2754.90,2785.80,2792.00,2844.30,,2785.72,,,254104,709156129.50,22856,F1,1,,,,,
2026-09-02,2026-09-02,CM,NSE,STK,765035,INE566M01017,AZADIND,EQ,,,,,AZAD INDIA MOBILITY LTD.,91.99,91.99,88.15,89.09,91.50,90.37,,89.15,,,19649,1756038.03,441,F1,1,,,,,
2026-09-02,2026-09-02,CM,NSE,STK,762616,INE489D01011,BNALTD,BE,,,,,B & A LTD.,360.00,360.00,355.10,355.10,355.10,362.00,,355.10,,,394,140899.40,5,F1,1,,,,,
2026-09-02,2026-09-02,CM,NSE,STK,12153,INE01EE01011,BBTCL,EQ,,,,,B&B TRIPLEWALL CONT LTD,222.15,229.69,217.78,223.45,222.05,220.62,,223.55,,,9290,2052325.32,451,F1,1,,,,,
2026-09-02,2026-09-02,CM,NSE,STK,11226,INE116D01028,BAGFILMS,EQ,,,,,B.A.G FILMS AND MEDIA LTD,4.32,4.47,4.30,4.32,4.31,4.36,,4.32,,,85276,371722.62,168,F1,1,,,,,
2026-09-02,2026-09-02,CM,NSE,STK,759420,INE17CQ01015,BAGDIGITAL,SM,,,,,B.A.G.CONVERGENCE LIMITED,106.00,106.00,106.00,106.00,106.00,108.70,,106.00,,,1600,169600.00,1,F1,1600,,,,,
2026-09-02,2026-09-02,CM,NSE,STK,13290,INE350H01032,BLKASHYAP,EQ,,,,,B.L.KASHYAP & SON LTD,55.80,57.89,54.80,55.75,55.62,55.84,,55.75,,,682619,38617466.40,4328,F1,1,,,,,
2026-09-02,2026-09-02,CM,NSE,STK,25114,INE01FR01028,STYLEBAAZA,EQ,,,,,BAAZAR STYLE RETAIL LTD,396.70,405.00,386.80,395.45,396.45,398.15,,395.47,,,1012868,403013692.45,9937,F1,1,,,,,
2026-09-02,2026-09-02,CM,NSE,STK,20141,INE0QW501012,BABAFP,SM,,,,,BABA FOOD PROCESSING,21.60,21.60,21.60,21.60,21.60,22.10,,21.60,,,1600,34560.00,1,F1,1600,,,,,
2026-09-02,2026-09-02,CM,NSE,STK,17735,INE878I01022,BAFNAPH,BE,,,,,BAFNA PHARMACEUTICALS LTD,306.35,308.00,306.35,308.00,308.00,312.60,,308.35,,,7525,2307645.50,87,F1,1,,,,,
2026-09-02,2026-09-02,CM,NSE,STK,763363,INE2OVN25015,BAGMANE,RR,,,,,BAGMANE PRIME OFFICE REIT,106.49,106.60,105.73,106.13,106.49,105.95,,106.13,,,901651,95759549.79,15059,F1,1,,,,,
2026-09-02,2026-09-02,CM,NSE,STK,12989,INE029Q01017,BAHETI,SM,,,,,BAHETI RECYCLING IND LTD,848.90,848.90,835.05,840.90,840.90,843.30,,840.90,,,10875,9163650.00,27,F1,375,,,,,
2026-09-02,2026-09-02,CM,NSE,STK,13794,INE020D01022,BAIDFIN,EQ,,,,,BAID FINSERV LIMITED,10.15,10.16,9.93,9.99,10.06,10.15,,10.01,,,18429,184910.19,105,F1,1,,,,,
2026-09-02,2026-09-02,CM,NSE,STK,16669,INE917I01010,BAJAJ-AUTO,EQ,,,,,BAJAJ AUTO LIMITED,12211.00,12275.00,11925.00,12130.00,12130.00,12361.00,,12130.10,,,333619,4023885924.00,55750,F1,1,,,,,
2026-09-02,2026-09-02,CM,NSE,STK,19531,INE933K01021,BAJAJCON,EQ,,,,,BAJAJ CONSUMER CARE LTD,472.00,498.00,465.60,484.55,486.00,471.95,,484.55,,,2420197,1177149439.10,47934,F1,1,,,,,
2026-09-02,2026-09-02,CM,NSE,STK,15034,INE193E01025,BAJAJELEC,EQ,,,,,BAJAJ ELECT.LTD,322.60,327.00,320.10,323.60,322.90,325.85,,323.60,,,100313,32461014.10,4345,F1,1,,,,,
2026-09-02,2026-09-02,CM,NSE,STK,317,INE296A01032,BAJFINANCE,EQ,,,,,BAJAJ FINANCE LIMITED,1044.20,1061.00,1034.80,1055.90,1055.90,1053.90,,1055.90,,,6234288,6523863818.20,133068,F1,1,,,,,
2026-09-02,2026-09-02,CM,NSE,STK,16675,INE918I01026,BAJAJFINSV,EQ,,,,,BAJAJ FINSERV LTD.,1951.50,1990.00,1939.20,1990.00,1990.00,1972.00,,1990.00,,,730988,1437906210.10,30423,F1,1,,,,,
2026-09-02,2026-09-02,CM,NSE,STK,6863,INE411U01027,BAJAJHCARE,EQ,,,,,BAJAJ HEALTHCARE LIMITED,330.95,332.00,325.85,329.00,330.00,329.00,,329.00,,,43921,14415454.65,1740,F1,1,,,,,
2026-09-02,2026-09-02,CM,NSE,STK,308,INE306A01021,BAJAJHIND,EQ,,,,,BAJAJ HINDUSTHAN SUGAR LT,21.84,22.33,21.57,21.84,21.89,21.92,,21.84,,,28951286,632895810.35,31824,F1,1,,,,,
2026-09-02,2026-09-02,CM,NSE,STK,305,INE118A01012,BAJAJHLDNG,EQ,,,,,BAJAJ HOLDINGS & INVS LTD,11210.00,11247.00,11059.00,11100.00,11100.00,11310.00,,11099.93,,,32382,360572551.00,8476,F1,1,,,,,
2026-09-02,2026-09-02,CM,NSE,STK,25270,INE377Y01014,BAJAJHFL,EQ,,,,,BAJAJ HOUSING FINANCE LTD,82.82,83.06,81.71,82.78,82.85,82.85,,82.78,,,2276868,187794215.93,23064,F1,1,,,,,
2026-09-02,2026-09-02,CM,NSE,STK,762563,INE704G01024,BAJAJST,EQ,,,,,BAJAJ STEEL INDS. LTD.,355.00,355.00,347.00,352.00,352.00,351.55,,351.92,,,5216,1828707.75,237,F1,1,,,,,
2026-09-02,2026-09-02,CM,NSE,STK,20531,INE0KQN01018,BAJEL,EQ,,,,,BAJEL PROJECTS LIMITED,186.90,187.94,183.99,185.30,185.95,186.17,,185.30,,,100603,18699459.45,1969,F1,1,,,,,
2026-09-02,2026-09-02,CM,NSE,STK,13441,INE083D01012,BALPHARMA,EQ,,,,,BAL PHARMA LTD.,84.10,88.88,84.10,85.65,85.75,85.45,,85.61,,,14659,1267869.49,247,F1,1,,,,,
2026-09-02,2026-09-02,CM,NSE,STK,14501,INE050E01027,BALAMINES,EQ,,,,,BALAJI AMINES LIMITED,2415.20,2506.00,2371.50,2390.10,2381.40,2409.70,,2390.21,,,455466,1112930754.70,44528,F1,1,,,,,
2026-09-02,2026-09-02,CM,NSE,STK,30030,INE0PQ601019,BALAJIPHOS,SM,,,,,BALAJI PHOSPHATES LIMITED,114.80,120.10,110.00,116.00,115.90,108.25,,116.00,,,130000,15273600.00,104,F1,1000,,,,,
2026-09-02,2026-09-02,CM,NSE,STK,9158,INE794B01026,BALAJITELE,EQ,,,,,BALAJI TELEFILMS LIMITED.,90.92,92.57,89.96,91.09,90.80,92.26,,91.09,,,133306,12156266.43,1986,F1,1,,,,,
2026-09-02,2026-09-02,CM,NSE,STK,11309,INE618N01022,BALAXI,EQ,,,,,BALAXI PHARMA LTD,22.45,25.04,22.45,25.01,25.04,22.77,,25.01,,,302797,7501353.13,834,F1,1,,,,,
2026-09-02,2026-09-02,CM,NSE,STK,335,INE787D01026,BALKRISIND,EQ,,,,,BALKRISHNA IND. LTD,2310.20,2338.50,2273.00,2329.10,2335.00,2331.80,,2329.10,,,343301,792291453.90,30540,F1,1,,,,,
2026-09-02,2026-09-02,CM,NSE,STK,10181,INE875R01011,BALKRISHNA,EQ,,,,,BALKRISHNA PAPER MILLS L,17.29,17.29,16.50,16.70,16.98,16.97,,16.80,,,3958,66313.63,49,F1,1,,,,,
2026-09-02,2026-09-02,CM,NSE,STK,338,INE164A01016,BALMLAWRIE,EQ,,,,,BALMER LAWRIE & CO LTD,174.51,176.94,173.91,176.06,176.10,176.13,,176.03,,,97753,17180908.03,1884,F1,1,,,,,
2026-09-02,2026-09-02,CM,NSE,STK,762603,INE525F01025,BLIL,EQ,,,,,BALMER LAWRIE INVSTS. L,72.38,72.38,71.94,72.11,72.23,72.18,,72.12,,,58245,4200710.02,1360,F1,1,,,,,
2026-09-02,2026-09-02,CM,NSE,STK,341,INE119A01028,BALRAMCHIN,EQ,,,,,BALRAMPUR CHINI MILLS LTD,667.20,675.00,638.60,669.75,669.80,668.85,,669.79,,,4012425,2641001827.80,73423,F1,1,,,,,
2026-09-02,2026-09-02,CM,NSE,STK,23607,INE011E01029,BALUFORGE,EQ,,,,,BALU FORGE INDUSTRIES LTD,618.05,628.25,574.10,578.40,580.00,621.90,,578.40,,,2344406,1380613144.00,40756,F1,1,,,,,
2026-09-02,2026-09-02,CM,NSE,STK,347,INE655B01011,BANARBEADS,EQ,,,,,BANARAS BEADS LTD,113.20,117.50,113.20,114.15,115.98,116.40,,114.59,,,355,40789.69,43,F1,1,,,,,
2026-09-02,2026-09-02,CM,NSE,STK,13880,INE213C01025,BANCOINDIA,EQ,,,,,BANCO PRODUCTS (I) LTD,620.10,621.00,610.15,613.60,615.00,620.15,,613.58,,,81619,50104701.35,6678,F1,1,,,,,
2026-09-02,2026-09-02,CM,NSE,STK,2263,INE545U01014,BANDHANBNK,EQ,,,,,BANDHAN BANK LIMITED,161.00,162.32,159.24,161.52,161.52,162.90,,161.52,,,6396488,1029111113.19,41284,F1,1,,,,,
2026-09-02,2026-09-02,CM,NSE,STK,760325,INF194KB1KJ7,GOLDBND,EQ,,,,,BANDHANAMC - GOLDBND,148.54,150.98,148.00,149.22,149.55,151.57,,150.08,,,3995,596244.14,152,F1,1,,,,,
2026-09-02,2026-09-02,CM,NSE,STK,18783,INF194KA1U07,IDFNIFTYET,EQ,,,,,BANDHANAMC - IDFNIFTYET,263.94,269.90,262.94,267.14,269.75,265.41,,267.14,,,340,90206.80,47,F1,1,,,,,
2026-09-02,2026-09-02,CM,NSE,STK,760328,INF194KB1KI9,SILVERBND,EQ,,,,,BANDHANAMC - SILVERBND,226.50,227.98,225.52,226.02,225.65,228.50,,226.02,,,22114,5001131.06,185,F1,1,,,,,
2026-09-02,2026-09-02,CM,NSE,STK,15303,INE863I01016,BANG,EQ,,,,,BANG OVERSEAS LTD.,34.70,34.70,33.11,33.49,33.50,34.27,,33.49,,,28337,953548.54,286,F1,1,,,,,
2026-09-02,2026-09-02,CM,NSE,STK,4668,INE028A01039,BANKBARODA,EQ,,,,,BANK OF BARODA,237.50,241.25,235.84,241.20,241.20,237.70,,241.19,,,9638977,2310822688.86,62387,F1,1,,,,,
2026-09-02,2026-09-02,CM,NSE,STK,4745,INE084A01016,BANKINDIA,EQ,,,,,BANK OF INDIA,141.50,143.36,140.23,143.10,143.10,142.35,,143.10,,,5132803,728010225.53,29164,F1,1,,,,,
2026-09-02,2026-09-02,CM,NSE,STK,11377,INE457A01014,MAHABANK,EQ,,,,,BANK OF MAHARASHTRA,82.20,84.30,81.31,82.40,82.40,82.70,,82.40,,,17803645,1470203166.47,58900,F1,1,,,,,
2026-09-02,2026-09-02,CM,NSE,STK,822,INE862Y01015,BANKA,EQ,,,,,BANKA BIOLOO LIMITED,79.75,79.75,77.20,77.20,77.20,78.75,,77.20,,,1069,83712.21,29,F1,1,,,,,
2026-09-02,2026-09-02,CM,NSE,STK,12037,INE186H01022,BASML,BE,,,,,BANNARI AM SPIN MILL LTD.,25.06,25.73,24.75,25.00,25.00,25.57,,25.00,,,64332,1608550.70,107,F1,1,,,,,
2026-09-02,2026-09-02,CM,NSE,STK,350,INE459A01010,BANARISUG,EQ,,,,,BANNARI AMMAN SUGARS LTD,3769.10,3897.90,3768.00,3864.80,3868.00,3766.20,,3864.80,,,2140,8230769.30,453,F1,1,,,,,
2026-09-02,2026-09-02,CM,NSE,STK,24386,INE0B9K01025,BANSALWIRE,EQ,,,,,BANSAL WIRE INDUSTRIES L,316.10,321.60,316.10,319.75,321.20,319.75,,319.70,,,39275,12534331.15,2848,F1,1,,,,,
2026-09-02,2026-09-02,CM,NSE,STK,14511,INE629D01020,BANSWRAS,EQ,,,,,BANSWARA SYNTEX LIMITED,115.80,119.70,114.65,118.99,119.40,115.54,,119.00,,,41871,4947227.08,519,F1,1,,,,,
2026-09-02,2026-09-02,CM,NSE,STK,15073,INE139I01011,BVCL,EQ,,,,,BARAK VALLEY CEM. LTD.,43.10,43.77,42.20,42.93,43.49,43.50,,42.91,,,6239,270820.17,89,F1,1,,,,,
2026-09-02,2026-09-02,CM,NSE,STK,29176,INE0QX401014,BARFLEX,SM,,,,,BARFLEX POLYFILMS LIMITED,60.00,60.00,60.00,60.00,60.00,58.25,,60.00,,,2000,120000.00,1,F1,2000,,,,,
2026-09-02,2026-09-02,CM,NSE,STK,24117,INF251K01TL6,BBNPNBETF,EQ,,,,,BARODABNP - BBNPNBETF,57.76,57.88,57.20,57.44,57.44,57.86,,57.54,,,2071,118847.49,24,F1,1,,,,,
2026-09-02,2026-09-02,CM,NSE,STK,20547,INF251K01SU9,BBNPPGOLD,EQ,,,,,BARODABNP - BBNPPGOLD,146.80,146.80,144.20,144.65,144.85,146.85,,144.62,,,2926,423885.05,92,F1,1,,,,,
2026-09-02,2026-09-02,CM,NSE,STK,368,INE373A01013,BASF,EQ,,,,,BASF INDIA LTD,3742.00,3845.90,3728.00,3811.00,3825.00,3760.80,,3810.98,,,15322,58325307.30,4351,F1,1,,,,,
2026-09-02,2026-09-02,CM,NSE,STK,18442,INE0OCC01013,BASILIC,SM,,,,,BASILIC FLY STUDIO LTD,191.00,195.20,190.25,192.05,192.00,195.00,,192.05,,,5100,980220.00,16,F1,300,,,,,
2026-09-02,2026-09-02,CM,NSE,STK,371,INE176A01028,BATAINDIA,EQ,,,,,BATA INDIA LTD,677.50,677.95,666.85,670.45,669.95,677.35,,670.46,,,87033,58397600.95,6924,F1,1,,,,,
2026-09-02,2026-09-02,CM,NSE,STK,762568,INE177C01022,BATLIBOI,EQ,,,,,BATLIBOI LTD.,85.10,94.97,85.10,93.57,93.70,85.10,,93.61,,,122105,11271518.36,1782,F1,1,,,,,
2026-09-02,2026-09-02,CM,NSE,STK,22574,INE0JFJ01011,BAWEJA,ST,,,,,BAWEJA STUDIOS LIMITED,25.80,25.80,25.80,25.80,25.80,25.00,,25.80,,,800,20640.00,1,F1,800,,,,,
2026-09-02,2026-09-02,CM,NSE,STK,17927,INE462A01022,BAYERCROP,EQ,,,,,BAYER CROPSCIENCE LTD,3987.60,3994.90,3935.00,3979.50,3974.00,3987.60,,3979.53,,,16833,66765099.10,3600,F1,1,,,,,
2026-09-02,2026-09-02,CM,NSE,STK,2513,INE412G01024,BCLIND,EQ,,,,,BCL INDUSTRIES LIMITED,36.39,36.72,35.97,36.07,36.00,36.19,,36.07,,,473912,17160466.04,3313,F1,1,,,,,
2026-09-02,2026-09-02,CM,NSE,STK,761494,INE00SW01015,BCPL,EQ,,,,,BCPL RAILWAY INFRA LTD,68.58,68.99,67.15,67.85,67.51,68.58,,67.85,,,4322,292753.04,234,F1,1,,,,,
2026-09-02,2026-09-02,CM,NSE,STK,23922,INE639X01027,BEACON,SM,,,,,BEACON TRUSTEESHIP LTD,87.00,87.00,82.15,86.65,86.65,85.15,,86.65,,,5000,426800.00,5,F1,1000,,,,,
2026-09-02,2026-09-02,CM,NSE,STK,17933,INE520H01022,BEARDSELL,EQ,,,,,BEARDSELL LIMITED,25.70,26.40,24.75,24.94,24.75,25.79,,24.94,,,22548,567314.83,395,F1,1,,,,,
2026-09-02,2026-09-02,CM,NSE,STK,20196,INE844K01012,BEDMUTHA,EQ,,,,,BEDMUTHA INDUST LTD,107.50,108.00,105.39,107.96,108.00,106.61,,107.95,,,3679,395087.34,67,F1,1,,,,,
2026-09-02,2026-09-02,CM,NSE,STK,762573,INE213D01015,BEEKAY,EQ,,,,,BEEKAY STEEL INDS. LTD.,390.20,413.95,390.20,404.30,404.90,396.85,,404.29,,,3760,1518388.15,156,F1,1,,,,,
2026-09-02,2026-09-02,CM,NSE,STK,765291,INE1EEM01017,BLEL,EQ,,,,,BEHARI LAL ENGINEERING L,434.00,452.80,431.10,445.25,444.00,436.40,,445.25,,,1657322,734702708.80,26294,F1,1,,,,,
2026-09-02,2026-09-02,CM,NSE,STK,757938,INE344T01014,BELLACASA,EQ,,,,,BELLA CASA FASH AND RET L,248.15,253.00,240.00,242.90,245.00,248.58,,242.80,,,8193,2006459.40,396,F1,1,,,,,
2026-09-02,2026-09-02,CM,NSE,STK,757102,INE894V01022,BELRISE,EQ,,,,,BELRISE INDUSTRIES LTD,229.20,235.00,227.74,234.31,234.87,230.73,,234.31,,,3569979,832044885.29,38938,F1,1,,,,,
2026-09-02,2026-09-02,CM,NSE,STK,15067,INE0N7W01012,BLAL,EQ,,,,,BEML LAND ASSETS LIMITED,167.00,167.00,162.92,163.27,163.37,164.88,,163.30,,,19000,3110055.04,486,F1,1,,,,,
2026-09-02,2026-09-02,CM,NSE,STK,395,INE258A01024,BEML,EQ,,,,,BEML LIMITED,1973.80,2047.80,1955.10,2032.40,2037.60,1970.20,,2032.41,,,966324,1945027835.20,61260,F1,1,,,,,
2026-09-02,2026-09-02,CM,NSE,STK,764618,INE664D01019,BENARAS,EQ,,,,,BENARES HOTELS LTD.,10201.00,10300.00,10008.00,10155.00,10155.00,10312.00,,10155.00,,,44,450168.00,17,F1,1,,,,,
2026-09-02,2026-09-02,CM,NSE,STK,762578,INE083K01017,BENGALASM,EQ,,,,,BENGAL & ASSAM CO. LTD.,6630.00,6688.50,6263.00,6474.00,6600.00,6661.50,,6454.62,,,336,2199447.00,150,F1,1,,,,,
2026-09-02,2026-09-02,CM,NSE,STK,404,INE463A01038,BERGEPAINT,EQ,,,,,BERGER PAINTS (I) LTD,488.80,489.90,478.75,488.05,488.05,490.85,,488.04,,,225836,109558562.75,14152,F1,1,,,,,
2026-09-02,2026-09-02,CM,NSE,STK,2306,INE052T01021,BESTAGRO,EQ,,,,,BEST AGROLIFE LIMITED,18.40,18.82,18.00,18.82,18.82,17.11,,18.82,,,2169874,40577198.04,2195,F1,1,,,,,
2026-09-02,2026-09-02,CM,NSE,STK,759842,INE351Y01019,BETA,EQ,,,,,BETA DRUGS LIMITED,2208.50,2208.50,2076.00,2137.00,2200.00,2206.80,,2137.00,,,44647,94428139.00,6467,F1,1,,,,,
2026-09-02,2026-09-02,CM,NSE,STK,5662,INE0HQI01014,BEWLTD,SM,,,,,BEW ENGINEERING LIMITED,48.50,49.25,48.00,48.50,48.50,48.30,,48.50,,,19500,952850.00,23,F1,500,,,,,
2026-09-02,2026-09-02,CM,NSE,STK,21113,INE878K01010,BFINVEST,EQ,,,,,BF INVESTMENT LIMITED,447.75,454.75,438.00,452.95,454.50,444.40,,452.96,,,30551,13687515.35,2673,F1,1,,,,,
2026-09-02,2026-09-02,CM,NSE,STK,14567,INE243D01012,BFUTILITIE,EQ,,,,,BF UTILITIES LIMITED,501.50,504.00,495.35,500.65,499.90,504.70,,500.68,,,23073,11559100.90,1203,F1,1,,,,,
2026-09-02,2026-09-02,CM,NSE,STK,764183,INF0QA701CI0,BANK10BETF,EQ,,,,,BFAM - BANK10BETF,20.61,20.75,20.61,20.61,20.62,20.74,,20.62,,,1489,30820.84,9,F1,1,,,,,
2026-09-02,2026-09-02,CM,NSE,STK,21986,INF0QA701714,BANKBETF,EQ,,,,,BFAM - BANKBETF,58.15,58.33,57.86,58.06,58.31,58.21,,58.06,,,15722,913195.09,192,F1,1,,,,,
2026-09-02,2026-09-02,CM,NSE,STK,23915,INF0QA701854,LIQUIDBETF,EQ,,,,,BFAM - LIQUIDBETF,1097.14,1097.16,1097.14,1097.15,1097.15,1097.02,,1097.15,,,262810,288342039.85,136,F1,1,,,,,
2026-09-02,2026-09-02,CM,NSE,STK,21959,INF0QA701722,NIFTYBETF,EQ,,,,,BFAM - NIFTYBETF,246.05,246.57,244.83,246.26,246.51,247.21,,246.26,,,4236,1042976.15,83,F1,1,,,,,
2026-09-02,2026-09-02,CM,NSE,STK,15193,INE661I01014,BGRENERGY,BE,,,,,BGR ENERGY SYSTEMS LTD,234.00,244.77,230.02,244.77,244.77,233.12,,244.83,,,61270,14869836.19,503,F1,1,,,,,
2026-09-02,2026-09-02,CM,NSE,STK,758228,INE0ZRC01017,BHADORA,ST,,,,,BHADORA INDUSTRIES LTD,108.60,108.60,104.85,105.00,104.95,110.35,,105.00,,,24000,2556900.00,18,F1,1200,,,,,
2026-09-02,2026-09-02,CM,NSE,STK,13427,INE354C01027,BHAGERIA,BE,,,,,BHAGERIA INDUSTRIES LTD,273.00,276.35,253.05,276.35,276.35,263.20,,276.35,,,613964,167581499.95,2448,F1,1,,,,,
2026-09-02,2026-09-02,CM,NSE,STK,6164,INE414D01027,BHAGCHEM,EQ,,,,,BHAGIRADHA CHEM & INDS L,266.60,270.45,265.10,268.10,268.80,269.05,,268.10,,,70506,18853984.95,1256,F1,1,,,,,
2026-09-02,2026-09-02,CM,NSE,STK,20776,INE458B01036,BHAGYANGR,EQ,,,,,BHAGYANAGAR INDIA LIMITED,379.90,386.00,368.15,380.40,378.25,380.00,,380.38,,,140035,52720053.90,4509,F1,1,,,,,
2026-09-02,2026-09-02,CM,NSE,STK,19556,INE474E01029,BHANDARI,EQ,,,,,BHANDARI HOSIERY EXP LTD,2.97,3.10,2.94,2.98,2.99,2.96,,2.98,,,198728,595376.73,256,F1,1,,,,,
2026-09-02,2026-09-02,CM,NSE,STK,419,INE922A01025,BEPL,EQ,,,,,BHANSALI ENG. POLYMERS LT,127.16,129.20,125.00,127.29,127.50,127.16,,127.29,,,1468903,187212451.08,13165,F1,1,,,,,
2026-09-02,2026-09-02,CM,NSE,STK,13761,INE464A01036,BBL,EQ,,,,,BHARAT BIJLEE LTD,2322.80,2328.50,2278.60,2288.20,2288.20,2319.20,,2288.22,,,18647,42692452.90,1935,F1,1,,,,,
2026-09-02,2026-09-02,CM,NSE,STK,760726,INE05XR01022,BHARATCOAL,EQ,,,,,BHARAT COKING COAL LTD,33.33,34.83,33.00,33.92,34.00,33.34,,33.92,,,12235859,418122384.49,32104,F1,1,,,,,
2026-09-02,2026-09-02,CM,NSE,STK,2144,INE171Z01026,BDL,EQ,,,,,BHARAT DYNAMICS LIMITED,1242.10,1258.00,1231.00,1253.70,1253.70,1250.00,,1253.72,,,578257,719270840.40,25948,F1,1,,,,,
2026-09-02,2026-09-02,CM,NSE,STK,383,INE263A01024,BEL,EQ,,,,,BHARAT ELECTRONICS LTD,407.50,408.00,402.90,405.75,405.75,411.20,,405.75,,,11919117,4828694866.30,175932,F1,1,,,,,
2026-09-02,2026-09-02,CM,NSE,STK,422,INE465A01025,BHARATFORG,EQ,,,,,BHARAT FORGE LTD,2046.10,2046.10,2006.30,2031.80,2031.80,2052.20,,2031.71,,,1341071,2705460559.50,32598,F1,1,,,,,
2026-09-02,2026-09-02,CM,NSE,STK,9397,INE561C01019,BHARATGEAR,BE,,,,,BHARAT GEARS LTD,101.30,102.99,99.05,102.08,101.61,100.30,,102.18,,,8134,825987.60,197,F1,1,,,,,
2026-09-02,2026-09-02,CM,NSE,STK,764623,INE365Y01019,BPLPHARMA,EQ,,,,,BHARAT PARENTERALS LTD.,1513.00,1532.90,1490.00,1518.20,1520.00,1507.40,,1530.71,,,524,794639.20,75,F1,1,,,,,
2026-09-02,2026-09-02,CM,NSE,STK,526,INE029A01011,BPCL,EQ,,,,,BHARAT PETROLEUM CORP  LT,312.10,319.60,312.10,319.60,319.60,317.65,,319.59,,,8277464,2615931400.10,50371,F1,1,,,,,
2026-09-02,2026-09-02,CM,NSE,STK,3834,INE838B01021,BHARATRAS,EQ,,,,,BHARAT RASAYAN LTD,1239.90,1247.90,1190.50,1203.30,1196.60,1233.00,,1203.38,,,25627,31258970.20,2572,F1,1,,,,,
2026-09-02,2026-09-02,CM,NSE,STK,21683,INE727S01012,BRNL,EQ,,,,,BHARAT ROAD NETWORK LTD,17.44,17.44,17.00,17.11,17.02,17.28,,17.12,,,35170,601873.05,194,F1,1,,,,,
2026-09-02,2026-09-02,CM,NSE,STK,30244,INE415D01024,BHARATSE,EQ,,,,,BHARAT SEATS LIMITED,219.25,220.99,212.03,214.00,213.35,219.25,,214.10,,,180073,38529841.75,3760,F1,1,,,,,
2026-09-02,2026-09-02,CM,NSE,STK,16123,INE316L01019,BHARATWIRE,EQ,,,,,BHARAT WIRE ROPES LTD.,172.40,180.50,169.63,175.76,176.00,174.18,,175.77,,,247468,43465438.97,7030,F1,1,,,,,
2026-09-02,2026-09-02,CM,NSE,STK,10604,INE397D01024,BHARTIARTL,EQ,,,,,BHARTI AIRTEL LIMITED,1869.00,1873.00,1854.90,1862.80,1862.80,1877.20,,1862.80,,,4125938,7696355020.70,161986,F1,1,,,,,
2026-09-02,2026-09-02,CM,NSE,STK,23489,INE343G01021,BHARTIHEXA,EQ,,,,,BHARTI HEXACOM LIMITED,1512.00,1547.30,1498.20,1531.10,1518.00,1511.70,,1531.00,,,70741,107858646.80,12348,F1,1,,,,,
2026-09-02,2026-09-02,CM,NSE,STK,7848,INE828A01016,BIL,EQ,,,,,BHARTIYA INTERNATIONAL,938.00,938.00,885.45,893.20,892.00,885.45,,893.22,,,18069,16242739.35,1344,F1,1,,,,,
2026-09-02,2026-09-02,CM,NSE,STK,438,INE257A01026,BHEL,EQ,,,,,BHEL,423.55,427.50,417.35,427.50,427.50,426.55,,427.49,,,5742323,2429609414.40,58421,F1,1,,,,,
2026-09-02,2026-09-02,CM,NSE,STK,762621,INE274K01012,BTTL,BE,,,,,BHILWARA TECHNICAL TEXT L,43.00,43.00,41.20,42.09,43.00,43.19,,42.09,,,8575,359430.40,35,F1,1,,,,,
2026-09-02,2026-09-02,CM,NSE,STK,18431,INE412U01025,BIGBLOC,EQ,,,,,BIGBLOC CONSTRUCTION LTD,42.01,42.01,40.95,41.24,41.11,41.89,,41.27,,,24121,995640.39,497,F1,1,,,,,
2026-09-02,2026-09-02,CM,NSE,STK,11966,INE00E101023,BIKAJI,EQ,,,,,BIKAJI FOODS INTERN LTD,597.00,598.30,586.90,590.20,590.00,598.30,,590.19,,,356630,210664004.80,16228,F1,1,,,,,
2026-09-02,2026-09-02,CM,NSE,STK,25527,INE0SQH01013,BIKEWO,ST,,,,,BIKEWO GREEN TECH LIMITED,102.50,106.65,98.50,104.70,106.65,101.60,,104.70,,,160000,16649900.00,69,F1,2000,,,,,
2026-09-02,2026-09-02,CM,NSE,STK,13622,INE071A01013,BILVYAPAR,BE,,,,,BIL VYAPAR LIMITED,4.10,4.10,3.85,3.90,3.90,3.99,,4.12,,,2096,8586.94,17,F1,1,,,,,
2026-09-02,2026-09-02,CM,NSE,STK,762586,INE986A01012,BI,BE,,,,,BILCARE LTD.,87.00,91.50,85.00,87.04,86.60,87.26,,87.12,,,46584,4093894.83,197,F1,1,,,,,
2026-09-02,2026-09-02,CM,NSE,STK,759806,INE0HOQ01053,GROWW,EQ,,,,,BILLIONBRAINS GARAGE VN L,190.00,190.23,185.35,189.88,189.70,189.41,,189.88,,,21060867,3964209774.40,128571,F1,1,,,,,
2026-09-02,2026-09-02,CM,NSE,STK,762588,INE469A01019,BIMETAL,EQ,,,,,BIMETAL BEARINGS LTD.,640.00,641.00,633.00,638.90,641.00,640.05,,638.90,,,329,209160.15,37,F1,1,,,,,
2026-09-02,2026-09-02,CM,NSE,STK,763598,INE1BKA01015,BMLL,SM,,,,,BIO MEDICA LABORATORIES L,153.00,163.80,152.65,160.90,160.10,145.35,,160.90,,,30000,4758450.00,20,F1,1000,,,,,
2026-09-02,2026-09-02,CM,NSE,STK,11373,INE376G01013,BIOCON,EQ,,,,,BIOCON LIMITED.,400.00,402.40,397.90,401.00,401.00,401.05,,401.00,,,1433504,574111674.95,34775,F1,1,,,,,
2026-09-02,2026-09-02,CM,NSE,STK,4136,INE829A01014,BIOFILCHEM,EQ,,,,,BIOFIL CHEM & PHARMA LTD,32.60,32.80,31.55,31.95,32.23,32.15,,31.95,,,4881,156719.06,112,F1,1,,,,,
2026-09-02,2026-09-02,CM,NSE,STK,760942,INE0XW001014,BIOPOL,SM,,,,,BIOPOL CHEMICALS LIMITED,41.55,41.55,41.55,41.55,41.55,46.15,,41.55,,,57600,2393280.00,40,F1,1200,,,,,
2026-09-02,2026-09-02,CM,NSE,STK,6815,INE800A01015,BIRLACABLE,BE,,,,,BIRLA CABLE LIMITED,334.40,341.60,332.05,341.60,341.60,325.35,,341.44,,,324909,110416915.35,2955,F1,1,,,,,
2026-09-02,2026-09-02,CM,NSE,STK,480,INE340A01012,BIRLACORPN,EQ,,,,,BIRLA CORPORATION LTD,870.00,877.60,862.00,867.40,869.00,879.55,,867.37,,,43993,38198471.50,7688,F1,1,,,,,
2026-09-02,2026-09-02,CM,NSE,STK,762593,INE372E01025,BIRLAPREC,EQ,,,,,BIRLA PRECISION TECH L,43.80,44.89,43.00,43.11,43.15,43.79,,43.11,,,52217,2285244.52,484,F1,1,,,,,
2026-09-02,2026-09-02,CM,NSE,STK,1455,INE557A01011,BIRLANU,EQ,,,,,BIRLANU LIMITED,1443.50,1443.50,1403.10,1422.30,1427.00,1437.70,,1422.27,,,3869,5515519.20,568,F1,1,,,,,
2026-09-02,2026-09-02,CM,NSE,STK,24404,INF209KC1134,ABGSEC,EQ,,,,,BIRLASLAMC - ABGSEC,113.68,114.75,113.51,113.51,113.51,113.68,,113.51,,,44,5037.47,14,F1,1,,,,,
2026-09-02,2026-09-02,CM,NSE,STK,760247,INF209KC1670,ABSL10BANK,EQ,,,,,BIRLASLAMC - ABSL10BANK,168.00,168.02,167.74,167.74,167.74,168.36,,167.74,,,34,5710.68,3,F1,1,,,,,
2026-09-02,2026-09-02,CM,NSE,STK,13987,INF209KB17D5,ABSLBANETF,EQ,,,,,BIRLASLAMC - ABSLBANETF,59.30,59.30,58.28,58.64,58.76,58.88,,58.64,,,916157,53662493.52,329,F1,1,,,,,
2026-09-02,2026-09-02,CM,NSE,STK,14518,INF209KB18T9,ABSLLIQUID,EQ,,,,,BIRLASLAMC - ABSLLIQUID,1000.01,1000.01,999.99,999.99,999.99,1000.00,,999.99,,,1033,1032998.83,41,F1,1,,,,,
2026-09-02,2026-09-02,CM,NSE,STK,761066,INF209KC1662,ABSLMSCIN,EQ,,,,,BIRLASLAMC - ABSLMSCIN,29.51,29.51,29.14,29.37,29.37,29.51,,29.37,,,553,16226.66,14,F1,1,,,,,
2026-09-02,2026-09-02,CM,NSE,STK,7339,INF209KB16D7,ABSLNN50ET,EQ,,,,,BIRLASLAMC - ABSLNN50ET,78.33,78.33,75.75,77.04,77.00,76.79,,77.04,,,19744,1506067.79,265,F1,1,,,,,
2026-09-02,2026-09-02,CM,NSE,STK,5957,INF209KB10E8,BSLSENETFG,EQ,,,,,BIRLASLAMC - BSLSENETFG,79.37,79.37,76.80,77.23,77.09,77.82,,77.23,,,1239,95651.44,95,F1,1,,,,,
2026-09-02,2026-09-02,CM,NSE,STK,24847,INF209KC1142,GSEC10ABSL,EQ,,,,,BIRLASLAMC - GSEC10ABSL,112.62,113.06,111.61,111.61,111.61,112.65,,111.61,,,3,337.29,3,F1,1,,,,,
2026-09-02,2026-09-02,CM,NSE,STK,6297,INF209KB10C2,HEALTHY,EQ,,,,,BIRLASLAMC - HEALTHY,17.35,17.35,17.00,17.08,17.10,17.13,,17.08,,,238422,4069359.64,933,F1,1,,,,,
2026-09-02,2026-09-02,CM,NSE,STK,10693,INF209KB14K7,MOMENTUM,EQ,,,,,BIRLASLAMC - MOMENTUM,31.07,31.11,30.73,31.04,31.10,31.07,,31.05,,,98792,3054406.70,216,F1,1,,,,,
2026-09-02,2026-09-02,CM,NSE,STK,10690,INF209KB15K4,NIFTYQLITY,EQ,,,,,BIRLASLAMC - NIFTYQLITY,21.87,21.87,21.23,21.39,21.48,21.44,,21.39,,,27439,585050.23,172,F1,1,,,,,
2026-09-02,2026-09-02,CM,NSE,STK,8003,INF209KB19F6,SILVER,EQ,,,,,BIRLASLAMC - SILVER,226.99,226.99,224.10,225.17,225.30,227.52,,225.17,,,697460,157081353.12,8135,F1,1,,,,,
2026-09-02,2026-09-02,CM,NSE,STK,6462,INF209KB11D8,TECH,EQ,,,,,BIRLASLAMC - TECH,34.49,34.66,33.56,34.14,33.90,34.24,,34.18,,,107714,3656592.68,395,F1,1,,,,,
2026-09-02,2026-09-02,CM,NSE,STK,23806,INF209KB19Z4,ABSLPSE,EQ,,,,,BIRLASLAMC-ABSLPSE,10.17,10.17,9.97,10.07,10.01,10.05,,10.08,,,186780,1880840.20,1468,F1,1,,,,,
2026-09-02,2026-09-02,CM,NSE,STK,6994,INE836A01035,BSOFT,EQ,,,,,BIRLASOFT LIMITED,294.60,299.45,291.80,294.40,294.70,295.80,,294.40,,,1273310,376349990.10,28875,F1,1,,,,,
2026-09-02,2026-09-02,CM,NSE,STK,3435,INE676A01027,BBOX,EQ,,,,,BLACK BOX LIMITED,722.00,728.00,709.15,725.20,727.50,719.95,,725.19,,,207783,149741038.90,11461,F1,1,,,,,
2026-09-02,2026-09-02,CM,NSE,STK,762601,INE761G01016,BLACKROSE,BE,,,,,BLACK ROSE INDS. LTD.,113.60,114.20,112.00,112.64,113.70,113.60,,112.65,,,13715,1554361.72,152,F1,1,,,,,
2026-09-02,2026-09-02,CM,NSE,STK,27144,INE0UIZ01018,BLACKBUCK,EQ,,,,,BLACKBUCK LIMITED,578.20,584.70,570.10,581.65,584.00,580.30,,581.66,,,232439,134317110.75,17766,F1,1,,,,,
2026-09-02,2026-09-02,CM,NSE,STK,8132,INE791A01024,BLBLIMITED,EQ,,,,,BLB LIMITED,16.25,17.50,15.82,17.11,17.15,16.15,,17.10,,,361782,5999057.28,494,F1,1,,,,,
2026-09-02,2026-09-02,CM,NSE,STK,19269,INE416D01022,BLISSGVS,BE,,,,,BLISS GVS PHARMA LTD,624.10,659.00,616.00,648.65,649.90,630.40,,648.66,,,541997,347920994.35,4141,F1,1,,,,,
2026-09-02,2026-09-02,CM,NSE,STK,22566,INE0NLT01010,BLSE,EQ,,,,,BLS E-SERVICES LIMITED,329.05,330.40,322.50,322.85,322.50,327.70,,322.85,,,151988,49457944.50,3214,F1,1,,,,,
2026-09-02,2026-09-02,CM,NSE,STK,17279,INE153T01027,BLS,EQ,,,,,BLS INTL SERVS LTD,238.09,238.09,234.00,235.22,235.60,238.19,,235.22,,,620128,145890015.75,13163,F1,1,,,,,
2026-09-02,2026-09-02,CM,NSE,STK,765040,INE373T01047,BLUECLOUDS,EQ,,,,,BLUE CLOUD SOFTECH SOLU L,20.00,20.02,19.61,19.89,20.00,19.99,,19.90,,,1134230,22473130.01,2742,F1,1,,,,,
2026-09-02,2026-09-02,CM,NSE,STK,8552,INE472B01011,BLUECOAST,BE,,,,,BLUE COAST HOTELS LIMITED,21.50,22.50,21.50,22.07,22.07,22.57,,22.07,,,1407,31472.61,17,F1,1,,,,,
2026-09-02,2026-09-02,CM,NSE,STK,495,INE233B01017,BLUEDART,EQ,,,,,BLUE DART EXPRESS LTD,5061.00,5133.90,4991.00,5017.50,5000.00,5105.00,,5017.67,,,23531,118672691.70,5603,F1,1,,,,,
2026-09-02,2026-09-02,CM,NSE,STK,19686,INE0KBH01020,BLUEJET,EQ,,,,,BLUE JET HEALTHCARE LTD,586.30,586.30,576.50,580.35,581.00,586.35,,580.36,,,275975,160327483.25,11478,F1,1,,,,,
2026-09-02,2026-09-02,CM,NSE,STK,23410,INE0SAK01011,BLUEPEBBLE,SM,,,,,BLUE PEBBLE LIMITED,62.95,71.00,62.95,69.05,69.00,62.95,,69.05,,,16000,1084740.00,23,F1,400,,,,,
2026-09-02,2026-09-02,CM,NSE,STK,8311,INE472A01039,BLUESTARCO,EQ,,,,,BLUE STAR LIMITED,1491.00,1491.00,1432.50,1445.30,1445.30,1490.90,,1445.30,,,657972,954436126.80,34361,F1,1,,,,,
2026-09-02,2026-09-02,CM,NSE,STK,758185,INE0X3M01010,BLUEWATER,ST,,,,,BLUE WATER LOGISTICS LTD,502.95,502.95,480.05,487.00,487.00,483.00,,487.00,,,12000,5866100.00,12,F1,1000,,,,,
2026-09-02,2026-09-02,CM,NSE,STK,759291,INE304W01038,BLUESTONE,EQ,,,,,BLUESTONE JEWEL LFSTL LTD,810.00,819.00,794.55,813.40,805.20,813.25,,813.41,,,351724,283967628.20,14011,F1,1,,,,,
2026-09-02,2026-09-02,CM,NSE,STK,757520,INE0U4101014,BLUSPRING,EQ,,,,,BLUSPRING ENTERPRISES LTD,121.88,133.61,120.71,132.44,133.60,121.47,,132.41,,,1043522,134767730.77,10244,F1,1,,,,,
2026-09-02,2026-09-02,CM,NSE,STK,759256,INE965W01036,BMWVENTLTD,EQ,,,,,BMW VENTURES LIMITED,56.24,56.24,55.00,55.23,55.13,55.28,,55.23,,,51206,2831736.76,1964,F1,1,,,,,
2026-09-02,2026-09-02,CM,NSE,STK,762608,INE00HZ01011,BNAGROCHEM,EQ,,,,,BN AGROCHEM LTD.,225.05,228.89,218.00,225.00,225.00,229.00,,225.00,,,1745,384855.52,63,F1,1,,,,,
2026-09-02,2026-09-02,CM,NSE,STK,25017,INE338D01028,BODALCHEM,EQ,,,,,BODAL CHEMICALS LTD,126.51,151.89,119.00,145.45,143.60,126.76,,145.45,,,30271526,4222352328.44,176356,F1,1,,,,,
2026-09-02,2026-09-02,CM,NSE,STK,14150,INE0EEJ01023,BTML,EQ,,,,,BODHI TREE MULTIMEDIA LTD,8.13,8.19,7.90,8.08,8.12,8.06,,8.08,,,453815,3638670.12,329,F1,1,,,,,
2026-09-02,2026-09-02,CM,NSE,STK,11640,INE802W01023,BOHRAIND,EQ,,,,,BOHRA INDUSTRIES LIMITED,13.34,13.34,12.24,12.36,12.41,12.69,,12.36,,,21139,261430.73,99,F1,1,,,,,
2026-09-02,2026-09-02,CM,NSE,STK,380,INE050A01025,BBTC,EQ,,,,,BOMBAY BURMAH TRADING COR,1524.10,1538.30,1490.20,1492.70,1496.00,1539.00,,1492.74,,,76820,115856068.80,6732,F1,1,,,,,
2026-09-02,2026-09-02,CM,NSE,STK,513,INE032A01023,BOMDYEING,EQ,,,,,BOMBAY DYEING & MFG. CO L,112.70,115.50,111.47,113.86,114.39,113.49,,113.86,,,568186,64393556.22,5524,F1,1,,,,,
2026-09-02,2026-09-02,CM,NSE,STK,6052,INE0I3Y01014,BMETRICS,SM,,,,,BOMBAY METRICS S C LTD,34.95,35.85,34.95,35.85,35.85,33.50,,35.85,,,4000,142600.00,4,F1,800,,,,,
2026-09-02,2026-09-02,CM,NSE,STK,809,INE032Z01020,BSHSL,EQ,,,,,BOMBAY SUPER HYBRID SEEDS,89.03,90.89,89.03,89.91,89.90,89.03,,89.70,,,3027,270975.23,87,F1,1,,,,,
2026-09-02,2026-09-02,CM,NSE,STK,31128,INE053F07538,810IRFC27,N2,,,,,BOND 8.10% PA TAX FREE S2,1082.00,1082.00,1081.15,1081.71,1081.15,1080.68,,1081.71,,,350,378657.50,4,F1,1,,,,,
2026-09-02,2026-09-02,CM,NSE,STK,31040,INE906B07CB9,830NHAI27,N2,,,,,BOND 8.30% PA TAX FREE S2,1086.01,1087.00,1085.80,1085.91,1086.60,1086.35,,1085.91,,,696,756059.20,13,F1,1,,,,,
2026-09-02,2026-09-02,CM,NSE,STK,1991,INE053F07728,863IRFC29,NC,,,,,BOND 8.63% PA TF TII-SIIA,1155.00,1155.00,1155.00,1155.00,1155.00,1107.00,,1155.00,,,305,352275.00,2,F1,1,,,,,
2026-09-02,2026-09-02,CM,NSE,STK,603,INE053F07686,865IRFC29,NA,,,,,BOND 8.65% PA TF TI-SIIB,1106.85,1107.05,1105.00,1105.85,1105.85,1106.85,,1105.85,,,1996,2208210.10,12,F1,1,,,,,
2026-09-02,2026-09-02,CM,NSE,STK,30990,INE020B07HS2,871REC28,N9,,,,,BOND 8.71% TAX FREE S2B,1127.90,1127.90,1119.00,1123.00,1123.00,1124.00,,1121.23,,,1100,1235553.50,13,F1,1,,,,,
2026-09-02,2026-09-02,CM,NSE,STK,1999,INE053F07744,888IRFC29,NE,,,,,BOND 8.88% PA TF TII-SIIB,1130.00,1130.00,1128.50,1128.50,1128.50,1128.50,,1129.25,,,230,259759.00,6,F1,1,,,,,
2026-09-02,2026-09-02,CM,NSE,STK,31970,INE557F07132,901NHB34,N6,,,,,BOND 9.01%PA TF TR-I S 3B,6351.00,6500.00,6351.00,6387.00,6387.00,6354.79,,6387.00,,,1240,7996733.20,94,F1,1,,,,,
2026-09-02,2026-09-02,CM,NSE,STK,2947,INE020B07IG5,888REC29,NF,,,,,BOND8.88% PA TF TR II S2B,1140.00,1140.00,1140.00,1140.00,1140.00,1140.00,,1140.00,,,50,57000.00,3,F1,1,,,,,
2026-09-02,2026-09-02,CM,NSE,STK,761056,INE0B9A01018,BONLON,EQ,,,,,BONLON INDUSTRIES LIMITED,41.91,42.89,40.01,40.24,40.60,41.71,,40.23,,,4432,183515.18,129,F1,1,,,,,
2026-09-02,2026-09-02,CM,NSE,STK,757919,INE16SF01016,BORANA,EQ,,,,,BORANA WEAVES LIMITED,308.50,310.50,303.00,304.90,308.25,309.15,,304.96,,,19418,5940396.55,481,F1,1,,,,,
2026-09-02,2026-09-02,CM,NSE,STK,19401,INE02PY01013,BOROLTD,EQ,,,,,BOROSIL LIMITED,241.10,253.77,236.51,249.92,249.90,241.85,,249.91,,,310915,76597138.40,6627,F1,1,,,,,
2026-09-02,2026-09-02,CM,NSE,STK,3149,INE666D01022,BORORENEW,EQ,,,,,BOROSIL RENEWABLES LTD,493.00,499.00,487.80,495.75,495.80,497.15,,495.75,,,172957,85543256.05,7165,F1,1,,,,,
2026-09-02,2026-09-02,CM,NSE,STK,24014,INE02L001032,BOROSCI,EQ,,,,,BOROSIL SCIENTIFIC LTD,126.37,134.00,126.37,131.31,131.10,127.65,,131.24,,,92825,12018711.73,1858,F1,1,,,,,
2026-09-02,2026-09-02,CM,NSE,STK,4491,INE782A01015,BOSCH-HCIL,EQ,,,,,BOSCH HOME COMFRT IND LTD,1746.50,1750.80,1686.40,1733.90,1740.00,1745.50,,1734.49,,,29791,51441503.40,3579,F1,1,,,,,
2026-09-02,2026-09-02,CM,NSE,STK,2181,INE323A01026,BOSCHLTD,EQ,,,,,BOSCH LIMITED,47780.00,48090.00,46410.00,47250.00,47250.00,48550.00,,47249.49,,,50832,2378650580.00,20954,F1,1,,,,,
2026-09-02,2026-09-02,CM,NSE,STK,25119,INE0QNI01012,BOSS,SM,,,,,BOSS PACKAGING SOLU LTD,54.00,54.00,54.00,54.00,54.00,52.95,,54.00,,,2000,108000.00,1,F1,2000,,,,,
2026-09-02,2026-09-02,CM,NSE,STK,530,INE110A01019,BPL,EQ,,,,,BPL LTD,49.60,50.74,49.20,49.78,49.30,50.02,,49.78,,,59833,2985485.36,1064,F1,1,,,,,
2026-09-02,2026-09-02,CM,NSE,STK,24905,INE0R4Z01018,BRACEPORT,SM,,,,,BRACE PORT LOGISTICS LTD,58.75,58.80,58.25,58.80,58.80,54.75,,58.80,,,6400,374560.00,4,F1,1600,,,,,
2026-09-02,2026-09-02,CM,NSE,STK,764628,INE320I01017,BRAHMINFRA,EQ,,,,,BRAHMAPUTRA INFRA L,162.00,167.99,159.99,164.96,165.00,157.41,,164.88,,,46742,7643385.37,869,F1,1,,,,,
2026-09-02,2026-09-02,CM,NSE,STK,24814,INE02RE01045,FIRSTCRY,EQ,,,,,BRAINBEES SOLUTIONS LTD,176.98,176.98,168.15,170.82,171.10,177.67,,171.17,,,2461807,423857748.85,32981,F1,1,,,,,
2026-09-02,2026-09-02,CM,NSE,STK,7780,INE977Y01011,BCONCEPTS,EQ,,,,,BRAND CONCEPTS LIMITED,158.57,168.80,158.57,165.27,165.80,162.75,,165.22,,,7512,1223305.57,441,F1,1,,,,,
2026-09-02,2026-09-02,CM,NSE,STK,760972,INE0XUD01014,BRANDMAN,SM,,,,,BRANDMAN RETAIL LIMITED,195.00,195.00,183.20,184.95,185.00,183.00,,184.95,,,82400,15526720.00,74,F1,800,,,,,
2026-09-02,2026-09-02,CM,NSE,STK,15184,INE791I01019,BRIGADE,EQ,,,,,BRIGADE ENTER. LTD,639.70,658.00,622.60,640.00,642.05,645.10,,640.00,,,258628,163959242.50,13658,F1,1,,,,,
2026-09-02,2026-09-02,CM,NSE,STK,757794,INE03NU01014,BRIGHOTEL,EQ,,,,,BRIGADE HOTEL VENTURE LTD,58.32,59.39,58.01,58.42,58.31,58.32,,58.41,,,76485,4483461.88,1471,F1,1,,,,,
2026-09-02,2026-09-02,CM,NSE,STK,764633,INE630D01010,BRIGHTBR,EQ,,,,,BRIGHT BROTHERS LTD.,259.40,259.40,247.55,258.25,259.00,260.00,,257.52,,,1199,305584.85,40,F1,1,,,,,
2026-09-02,2026-09-02,CM,NSE,STK,8833,INE425B01027,BCG,EQ,,,,,BRIGHTCOM GROUP LIMITED,9.01,9.02,8.90,8.92,8.95,9.00,,8.92,,,3198107,28559003.52,3293,F1,1,,,,,
2026-09-02,2026-09-02,CM,NSE,STK,547,INE216A01030,BRITANNIA,EQ,,,,,BRITANNIA INDUSTRIES LTD,5135.00,5172.00,5046.00,5154.00,5154.00,5187.00,,5153.98,,,325672,1658400672.50,36879,F1,1,,,,,
2026-09-02,2026-09-02,CM,NSE,STK,2203,INE0FDU25010,BIRET,RR,,,,,BROOKFIELD INDIA RET,341.80,342.50,338.00,341.39,341.50,341.86,,341.39,,,180992,61720990.62,15740,F1,1,,,,,
2026-09-02,2026-09-02,CM,NSE,STK,25140,INE650L01011,BROOKS,BE,,,,,BROOKS LAB LIMITED,66.00,66.10,64.00,65.10,65.05,66.47,,65.20,,,23544,1523342.99,110,F1,1,,,,,
2026-09-02,2026-09-02,CM,NSE,STK,19585,INE118H01025,BSE,EQ,,,,,BSE LIMITED,3222.60,3265.00,3131.50,3168.00,3168.00,3242.00,,3168.00,,,6510791,20703811346.10,321310,F1,1,,,,,
2026-09-02,2026-09-02,CM,NSE,STK,559,INE594B01012,BSL,EQ,,,,,BSL LTD,122.89,123.00,121.05,122.12,121.60,123.25,,122.12,,,1740,211985.71,40,F1,1,,,,,
2026-09-02,2026-09-02,CM,NSE,STK,2716,INE295F01017,BUTTERFLY,EQ,,,,,BTRFLY GANDHI APPL LTD,624.35,624.35,611.10,614.25,614.00,624.35,,614.25,,,12254,7554027.75,757,F1,1,,,,,
2026-09-02,2026-09-02,CM,NSE,STK,24704,INE0SZ301012,BULKCORP,ST,,,,,BULKCORP INTERNATIONAL L,72.00,72.00,72.00,72.00,72.00,71.60,,72.00,,,1200,86400.00,1,F1,1200,,,,,
2026-09-02,2026-09-02,CM,NSE,STK,15194,INE817H01022,BURNPUR,EQ,,,,,BURNPUR CEMENT LIMITED,19.57,19.57,18.05,19.57,19.57,18.64,,19.57,,,467871,8981991.29,1459,F1,1,,,,,
2026-09-02,2026-09-02,CM,NSE,STK,764643,INE084D01010,CGVAK,EQ,,,,,C G V A K SOFTWARE & EX L,150.01,152.98,148.00,148.93,152.98,152.99,,149.31,,,1333,199881.82,25,F1,1,,,,,
2026-09-02,2026-09-02,CM,NSE,STK,18372,INE0QBU01012,CPS,SM,,,,,C P S SHAPERS LIMITED,1190.00,1190.00,1150.00,1150.00,1150.00,1150.00,,1150.00,,,1200,1395000.00,8,F1,150,,,,,
2026-09-02,2026-09-02,CM,NSE,STK,7227,INE0BV301023,MAPMYINDIA,EQ,,,,,C.E. INFO SYSTEMS LIMITED,999.80,1000.30,978.30,982.60,985.00,999.60,,982.61,,,114018,112348460.30,10059,F1,1,,,,,
2026-09-02,2026-09-02,CM,NSE,STK,27274,INE0U7V01015,C2C,SM,,,,,C2C ADVANCED SYSTEMS LTD,225.60,230.00,219.00,224.50,224.00,229.00,,224.50,,,91200,20351737.50,463,F1,150,,,,,
2026-09-02,2026-09-02,CM,NSE,STK,764255,INE11XY01018,CMLL,EQ,,,,,CALIBER MINING AND LOG L,501.00,521.00,491.00,495.45,497.50,501.40,,495.47,,,716590,359693435.10,15113,F1,1,,,,,
2026-09-02,2026-09-02,CM,NSE,STK,8341,INE526B01014,CALSOFT,EQ,,,,,CALIFORNIA SOFTWARE CO LT,40.49,41.08,40.11,41.08,41.08,39.13,,41.07,,,283152,11551721.40,710,F1,1,,,,,
2026-09-02,2026-09-02,CM,NSE,STK,14222,INE627H01017,CTE,BE,,,,,CAMBRIDGE TECH ENTER LTD,44.00,44.50,42.70,43.16,42.85,44.78,,43.37,,,6771,296068.19,66,F1,1,,,,,
2026-09-02,2026-09-02,CM,NSE,STK,6216,INE052I01032,CAMLINFINE,EQ,,,,,CAMLIN FINE SCIENCES LTD,102.01,103.30,101.00,102.80,102.95,102.14,,102.80,,,384536,39300831.43,3801,F1,1,,,,,
2026-09-02,2026-09-02,CM,NSE,STK,9362,INE278Y01022,CAMPUS,EQ,,,,,CAMPUS ACTIVEWEAR LIMITED,223.50,223.50,220.10,220.87,220.40,223.92,,220.86,,,248414,54980730.40,7928,F1,1,,,,,
2026-09-02,2026-09-02,CM,NSE,STK,583,INE477A01020,CANFINHOME,EQ,,,,,CAN FIN HOMES LTD,786.50,798.00,783.00,795.30,791.00,793.40,,795.30,,,171636,136181888.60,12749,F1,1,,,,,
2026-09-02,2026-09-02,CM,NSE,STK,10794,INE476A01022,CANBK,EQ,,,,,CANARA BANK,125.35,126.99,124.38,126.30,126.30,125.60,,126.30,,,13231733,1665563644.19,64406,F1,1,,,,,
2026-09-02,2026-09-02,CM,NSE,STK,759477,INE01TY01017,CANHLIFE,EQ,,,,,CANARA HSBC LIFE INS CO L,154.18,154.99,151.55,152.81,152.88,154.18,,152.83,,,315187,48111952.56,6104,F1,1,,,,,
2026-09-02,2026-09-02,CM,NSE,STK,759311,INE218I01013,CRAMC,EQ,,,,,CANARA ROBECO AMC LIMITED,255.00,255.00,251.50,252.85,252.70,255.35,,252.86,,,166410,42112391.60,6666,F1,1,,,,,
2026-09-02,2026-09-02,CM,NSE,STK,19368,INE0QG301017,CANARYS,SM,,,,,CANARYS AUTOMATIONS LTD,24.90,25.30,24.90,25.30,25.30,25.30,,25.30,,,12000,300800.00,3,F1,4000,,,,,
2026-09-02,2026-09-02,CM,NSE,STK,20160,INE068L01024,CANTABIL,EQ,,,,,CANTABIL RETAIL LTD,241.40,241.58,235.21,236.60,238.00,241.92,,236.60,,,96859,23121458.63,1616,F1,1,,,,,
2026-09-02,2026-09-02,CM,NSE,STK,21749,INE264T01014,CAPACITE,EQ,,,,,CAPACITE INFRAPROJECT LTD,207.50,209.94,201.51,205.02,205.49,208.64,,205.02,,,471954,96442717.49,7021,F1,1,,,,,
2026-09-02,2026-09-02,CM,NSE,STK,759867,INE0ILV01024,CAPILLARY,EQ,,,,,CAPILLARY TECHNO INDIA L,491.80,491.80,482.00,484.00,486.00,491.80,,484.00,,,79393,38566350.20,2753,F1,1,,,,,
2026-09-02,2026-09-02,CM,NSE,STK,756015,INE345H01024,CIFL,EQ,,,,,CAPITAL INDIA FINANCE LTD,20.31,20.64,20.30,20.41,20.43,20.38,,20.41,,,8872,180937.76,98,F1,1,,,,,
2026-09-02,2026-09-02,CM,NSE,STK,29157,INE0Z8Z23013,CAPINVIT,IV,,,,,CAPITAL INFRA TRUST,76.49,76.69,76.20,76.25,76.23,76.36,,76.25,,,121461,9281086.38,1560,F1,1,,,,,
2026-09-02,2026-09-02,CM,NSE,STK,22675,INE646H01017,CAPITALSFB,EQ,,,,,CAPITAL SMALL FIN BANK L,284.85,284.90,280.05,283.25,284.00,284.40,,282.99,,,10917,3082532.65,389,F1,1,,,,,
2026-09-02,2026-09-02,CM,NSE,STK,19451,INE707C01018,CAPTRUST,BE,,,,,CAPITAL TRUST LIMITED,18.60,19.76,18.60,19.76,19.76,18.82,,19.76,,,26227,511844.83,139,F1,1,,,,,
2026-09-02,2026-09-02,CM,NSE,STK,3906,INE475E01026,CAPLIPOINT,EQ,,,,,CAPLIN POINT LAB LTD.,2710.00,2735.80,2650.00,2720.50,2728.00,2711.20,,2720.14,,,373618,1007210751.00,32337,F1,1,,,,,
2026-09-02,2026-09-02,CM,NSE,STK,20329,INE180C01042,CGCL,EQ,,,,,CAPRI GLOBAL CAPITAL LTD,250.85,259.00,249.00,256.60,256.50,250.90,,256.59,,,3713359,948727407.20,34271,F1,1,,,,,
2026-09-02,2026-09-02,CM,NSE,STK,764203,INE536P01021,CPL,EQ,,,,,CAPTAIN POLYPLAST LIMITED,63.06,65.17,61.52,61.87,62.28,64.27,,61.90,,,144900,9089225.99,950,F1,1,,,,,
2026-09-02,2026-09-02,CM,NSE,STK,595,INE120A01034,CARBORUNIV,EQ,,,,,CARBORUNDUM UNIVERSAL LTD,1100.50,1107.60,1068.50,1071.50,1072.70,1100.50,,1071.57,,,146299,158238867.20,13118,F1,1,,,,,
2026-09-02,2026-09-02,CM,NSE,STK,29113,INE752H01013,CARERATING,EQ,,,,,CARE RATINGS LIMITED,1694.00,1727.50,1675.20,1683.00,1675.20,1705.00,,1683.01,,,101976,173278557.40,10795,F1,1,,,,,
2026-09-02,2026-09-02,CM,NSE,STK,758941,INE0P6P01016,CPEDU,EQ,,,,,CAREER POINT EDUTECH LTD,178.00,189.00,178.00,186.93,187.00,183.28,,186.77,,,2202,406579.57,118,F1,1,,,,,
2026-09-02,2026-09-02,CM,NSE,STK,28879,INE0V7W01012,CARRARO,EQ,,,,,CARRARO INDIA LIMITED,539.95,559.00,535.00,542.00,543.50,542.25,,541.99,,,88463,48081183.05,6957,F1,1,,,,,
2026-09-02,2026-09-02,CM,NSE,STK,5407,INE290S01011,CARTRADE,EQ,,,,,CARTRADE TECH LIMITED,2933.40,2990.60,2914.00,2932.30,2959.40,2970.10,,2932.39,,,157344,462094612.00,19278,F1,1,,,,,
2026-09-02,2026-09-02,CM,NSE,STK,1879,INE482D01024,CARYSIL,EQ,,,,,CARYSIL LIMITED,1102.60,1147.80,1102.60,1139.20,1136.10,1118.00,,1139.15,,,43539,49150447.60,4305,F1,1,,,,,
2026-09-02,2026-09-02,CM,NSE,STK,758129,INE0WL201014,CUDML,SM,,,,,CASH UR DRIVE MARKETING L,103.70,103.75,101.25,103.75,103.75,103.75,,103.75,,,12000,1225650.00,12,F1,1000,,,,,
2026-09-02,2026-09-02,CM,NSE,STK,1250,INE172A01027,CASTROLIND,EQ,,,,,CASTROL INDIA LIMITED,185.40,186.40,184.20,186.08,186.40,186.02,,186.08,,,858851,159641253.90,23055,F1,1,,,,,
2026-09-02,2026-09-02,CM,NSE,STK,11452,INE421D01022,CCL,EQ,,,,,CCL PRODUCTS (I) LTD,1096.60,1106.60,1074.50,1086.10,1090.00,1100.10,,1086.04,,,145991,159081992.80,17944,F1,1,,,,,
2026-09-02,2026-09-02,CM,NSE,STK,15254,INE482A01020,CEATLTD,EQ,,,,,CEAT LIMITED,3381.60,3382.30,3337.00,3347.80,3353.80,3400.20,,3347.68,,,47129,157974262.10,9552,F1,1,,,,,
2026-09-02,2026-09-02,CM,NSE,STK,757690,INE11J101017,CEDAAR,ST,,,,,CEDAAR TEXTILE LIMITED,13.40,13.40,13.30,13.30,13.30,14.00,,13.30,,,9000,120050.00,9,F1,1000,,,,,
2026-09-02,2026-09-02,CM,NSE,STK,24742,INE0AG901020,CEIGALL,EQ,,,,,CEIGALL INDIA LIMITED,342.90,344.70,338.90,340.60,341.00,344.70,,340.60,,,203190,69294239.15,3916,F1,1,,,,,
2026-09-02,2026-09-02,CM,NSE,STK,761037,INE016Q01014,CEINSYS,EQ,,,,,CEINSYS TECH LIMITED,698.00,720.00,694.95,697.90,700.00,704.40,,697.91,,,63889,45022677.05,3445,F1,1,,,,,
2026-09-02,2026-09-02,CM,NSE,STK,13162,INE185H01016,CELEBRITY,EQ,,,,,CELEBRITY FASHIONS LTD,6.70,6.90,6.46,6.75,6.90,6.74,,6.75,,,10192,67794.73,119,F1,1,,,,,
2026-09-02,2026-09-02,CM,NSE,STK,16950,INE0O0001013,CELLPOINT,SM,,,,,CELL POINT (INDIA) LTD,16.20,16.45,16.00,16.00,16.00,16.25,,16.00,,,6000,97860.00,5,F1,1200,,,,,
2026-09-02,2026-09-02,CM,NSE,STK,18806,INE0OMO01025,CELLECOR,SM,,,,,CELLECOR GADGETS LIMITED,31.40,33.00,31.40,32.90,33.00,31.40,,32.90,,,309000,10067100.00,54,F1,3000,,,,,
2026-09-02,2026-09-02,CM,NSE,STK,19795,INE0LMW01024,CELLO,EQ,,,,,CELLO WORLD LIMITED,349.40,349.40,343.15,347.60,345.15,349.40,,347.50,,,201808,69868176.50,7502,F1,1,,,,,
2026-09-02,2026-09-02,CM,NSE,STK,5622,INE686A01026,CEMPRO,EQ,,,,,CEMINDIA PROJECTS LIMITED,1244.00,1244.10,1213.40,1235.80,1230.20,1244.10,,1235.77,,,188580,232424420.50,13302,F1,1,,,,,
2026-09-02,2026-09-02,CM,NSE,STK,14894,INE483A01010,CENTRALBK,EQ,,,,,CENTRAL BANK OF INDIA,30.19,30.53,29.89,30.37,30.38,30.31,,30.37,,,6820964,206381716.20,21820,F1,1,,,,,
2026-09-02,2026-09-02,CM,NSE,STK,21174,INE736A01011,CDSL,EQ,,,,,CENTRAL DEPO SER (I) LTD,1378.00,1379.70,1355.90,1365.20,1365.20,1391.00,,1365.20,,,858052,1171265708.10,35997,F1,1,,,,,
2026-09-02,2026-09-02,CM,NSE,STK,761581,INE05HV01027,CMPDI,EQ,,,,,CENTRAL MINE P N D INST L,222.00,226.30,219.20,222.97,223.00,222.68,,222.97,,,906471,202406615.20,13911,F1,1,,,,,
2026-09-02,2026-09-02,CM,NSE,STK,2454,INE660C01027,CENTRUM,EQ,,,,,CENTRUM CAPITAL LIMITED,22.30,23.10,22.05,22.90,22.91,22.33,,22.92,,,201793,4546564.45,519,F1,1,,,,,
2026-09-02,2026-09-02,CM,NSE,STK,14982,INE320B01020,CENTUM,EQ,,,,,CENTUM ELECTRONICS LTD,3467.70,3595.00,3437.20,3555.30,3565.00,3420.10,,3555.33,,,117868,417014929.40,20339,F1,1,,,,,
2026-09-02,2026-09-02,CM,NSE,STK,619,INE485A01015,CENTENKA,EQ,,,,,CENTURY ENKA LTD,560.00,624.80,560.00,602.35,619.00,544.10,,602.34,,,9590323,5726296749.95,189707,F1,1,,,,,
2026-09-02,2026-09-02,CM,NSE,STK,11511,INE281A01026,CENTEXT,EQ,,,,,CENTURY EXTRUSIONS LTD,22.23,22.91,21.81,22.49,22.60,22.28,,22.49,,,184050,4103741.60,1082,F1,1,,,,,
2026-09-02,2026-09-02,CM,NSE,STK,13305,INE348B01021,CENTURYPLY,EQ,,,,,CENTURY PLYBOARDS (I) LTD,754.95,757.35,745.10,748.45,746.25,755.45,,748.45,,,25519,19139521.70,6607,F1,1,,,,,
2026-09-02,2026-09-02,CM,NSE,STK,15039,INE739E01017,CERA,EQ,,,,,CERA SANITARYWARE LTD,5700.00,5712.00,5641.00,5662.50,5651.00,5717.50,,5662.08,,,2090,11840478.00,829,F1,1,,,,,
2026-09-02,2026-09-02,CM,NSE,STK,29016,INE345B01019,CEREBRAINT,BZ,,,,,CEREBRA INT TECH LTD,2.51,2.59,2.49,2.57,2.59,2.51,,2.57,,,86970,220436.70,75,F1,1,,,,,
2026-09-02,2026-09-02,CM,NSE,STK,628,INE486A01021,CESC,EQ,,,,,CESC LTD,144.52,147.94,143.55,146.44,146.50,145.15,,146.44,,,1227110,179679514.12,19962,F1,1,,,,,
2026-09-02,2026-09-02,CM,NSE,STK,760,INE067A01029,CGPOWER,EQ,,,,,CG POWER AND IND SOL LTD,878.05,881.40,870.00,877.75,877.75,885.50,,877.75,,,2061765,1805604384.80,62541,F1,1,,,,,
2026-09-02,2026-09-02,CM,NSE,STK,8546,INE427F01016,CHALET,EQ,,,,,CHALET HOTELS LIMITED,897.55,904.70,884.50,897.95,893.00,897.50,,897.95,,,70205,62974524.35,6213,F1,1,,,,,
2026-09-02,2026-09-02,CM,NSE,STK,3482,INE419D01026,CLSEL,EQ,,,,,CHAMAN LAL SETIA EXP LTD,301.00,306.85,298.00,301.40,302.75,302.40,,301.39,,,70678,21358180.85,2929,F1,1,,,,,
2026-09-02,2026-09-02,CM,NSE,STK,13731,INE06PV01010,CMNL,SM,,,,,CHAMAN METALLICS LIMITED,117.00,120.00,116.05,120.00,120.00,115.00,,120.00,,,22500,2667900.00,21,F1,750,,,,,
2026-09-02,2026-09-02,CM,NSE,STK,637,INE085A01013,CHAMBLFERT,EQ,,,,,CHAMBAL FERTILIZERS LTD,412.40,414.65,407.25,411.45,411.80,412.30,,411.46,,,739003,303398552.05,21421,F1,1,,,,,
2026-09-02,2026-09-02,CM,NSE,STK,29633,INE0B2N01016,CHANDAN,SM,,,,,CHANDAN HEALTHCARE LTD,217.30,217.30,209.05,211.40,211.05,220.15,,211.40,,,51200,10890320.00,60,F1,800,,,,,
2026-09-02,2026-09-02,CM,NSE,STK,18654,INE0PT101017,CHAVDA,SM,,,,,CHAVDA INFRA LIMITED,122.60,125.15,120.85,123.90,124.00,126.75,,123.90,,,30000,3688550.00,30,F1,1000,,,,,
2026-09-02,2026-09-02,CM,NSE,STK,757991,INE0TGX01019,CHEMBONDCH,BE,,,,,CHEMBOND CHEMICAL LIMITED,269.00,276.90,260.05,261.40,266.50,267.60,,262.07,,,8614,2315908.15,113,F1,1,,,,,
2026-09-02,2026-09-02,CM,NSE,STK,14618,INE995D01025,CHEMBOND,EQ,,,,,CHEMBOND MATERIALTECH LTD,174.44,174.44,165.61,167.67,169.00,168.99,,167.39,,,3886,654143.25,147,F1,1,,,,,
2026-09-02,2026-09-02,CM,NSE,STK,276,INE03YM01018,CHEMCON,BE,,,,,CHEMCON SPECIAL CHEM LTD,198.00,200.37,195.32,199.61,198.00,199.32,,199.62,,,15863,3131713.89,248,F1,1,,,,,
2026-09-02,2026-09-02,CM,NSE,STK,765045,INE298W01016,CHEMCRUX,EQ,,,,,CHEMCRUX ENTERPRISES LTD.,83.24,83.85,80.24,81.52,81.99,83.24,,82.07,,,3519,288982.25,142,F1,1,,,,,
2026-09-02,2026-09-02,CM,NSE,STK,2799,INE783X01023,CHEMFAB,EQ,,,,,CHEMFAB ALKALIS LIMITED,366.00,366.00,351.80,355.25,355.00,362.80,,355.44,,,2940,1045641.55,138,F1,1,,,,,
2026-09-02,2026-09-02,CM,NSE,STK,5449,INE488A01050,CHEMPLASTS,EQ,,,,,CHEMPLAST SANMAR LIMITED,171.13,172.38,167.61,169.83,170.50,170.35,,169.83,,,128382,21801102.16,3938,F1,1,,,,,
2026-09-02,2026-09-02,CM,NSE,STK,2049,INE178A01016,CHENNPETRO,EQ,,,,,CHENNAI PETROLEUM CORP LT,1396.60,1423.50,1382.50,1414.00,1412.80,1387.00,,1413.97,,,1672746,2352088722.10,57977,F1,1,,,,,
2026-09-02,2026-09-02,CM,NSE,STK,24625,INE0U1T01012,CHETANA,SM,,,,,CHETANA EDUCATION LIMITED,41.05,43.95,41.05,43.90,43.95,43.85,,43.90,,,20800,893440.00,13,F1,1600,,,,,
2026-09-02,2026-09-02,CM,NSE,STK,9879,INE974B01016,CHEVIOT,EQ,,,,,CHEVIOT COMPANY LIMITED,1112.10,1159.00,1101.00,1150.60,1146.00,1124.60,,1150.60,,,1549,1758639.60,253,F1,1,,,,,
2026-09-02,2026-09-02,CM,NSE,STK,8866,INE102B01014,CHOICEIN,EQ,,,,,CHOICE INTERNATIONAL LTD,773.00,774.75,760.00,763.40,762.75,774.70,,763.39,,,203010,155248120.10,6029,F1,1,,,,,
2026-09-02,2026-09-02,CM,NSE,STK,759610,INF2KCX01012,CHOICEGOLD,EQ,,,,,CHOICEAMC - CHOICEGOLD,150.30,150.30,147.94,148.39,148.65,150.62,,148.39,,,6727,999792.73,112,F1,1,,,,,
2026-09-02,2026-09-02,CM,NSE,STK,21740,INE149A01033,CHOLAHLDNG,EQ,,,,,CHOLAMANDALAM FIN HOL LTD,1470.00,1501.00,1437.00,1489.00,1501.00,1475.00,,1488.96,,,143781,210993615.40,15603,F1,1,,,,,
2026-09-02,2026-09-02,CM,NSE,STK,685,INE121A01024,CHOLAFIN,EQ,,,,,CHOLAMANDALAM IN & FIN CO,1796.00,1825.90,1773.50,1825.90,1825.90,1814.70,,1825.84,,,853169,1534951821.90,51405,F1,1,,,,,
2026-09-02,2026-09-02,CM,NSE,STK,14937,INE536H01010,CIEINDIA,EQ,,,,,CIE AUTOMOTIVE INDIA LTD,392.00,392.00,383.85,385.00,385.00,390.85,,385.00,,,191339,73930745.15,11935,F1,1,,,,,
2026-09-02,2026-09-02,CM,NSE,STK,27161,INE704H01022,CINELINE,EQ,,,,,CINELINE INDIA LIMITED,88.98,89.59,88.00,88.18,88.00,88.95,,88.18,,,8621,760937.51,116,F1,1,,,,,
2026-09-02,2026-09-02,CM,NSE,STK,8024,INE039B01026,CINEVISTA,EQ,,,,,CINEVISTA LIMITED,14.78,15.09,13.96,14.40,14.39,14.38,,14.53,,,11609,166183.04,150,F1,1,,,,,
2026-09-02,2026-09-02,CM,NSE,STK,694,INE059A01026,CIPLA,EQ,,,,,CIPLA LTD,1414.00,1417.00,1401.20,1412.80,1412.80,1423.00,,1412.80,,,578260,815335088.40,34342,F1,1,,,,,
2026-09-02,2026-09-02,CM,NSE,STK,763149,INE2Q7823014,CITIUSINVT,IV,,,,,CITIUS TRANSNET INV TRUST,114.05,114.97,114.00,114.52,114.35,114.83,,114.52,,,106972,12248730.10,1173,F1,1,,,,,
2026-09-02,2026-09-02,CM,NSE,STK,5701,INE491A01021,CUB,EQ,,,,,CITY UNION BANK LTD,231.90,231.90,226.40,230.61,230.06,234.99,,230.60,,,2227407,512135670.91,52869,F1,1,,,,,
2026-09-02,2026-09-02,CM,NSE,STK,20233,INE201M01029,CLEDUCATE,BE,,,,,CL EDUCATE LIMITED,63.00,63.00,60.21,60.96,60.50,62.96,,60.96,,,16196,1009031.68,102,F1,1,,,,,
2026-09-02,2026-09-02,CM,NSE,STK,758736,INE0UQ601012,CLASSICEIL,SM,,,,,CLASSIC ELECTRODE (IND) L,55.00,55.00,53.20,53.20,53.20,55.00,,53.20,,,6400,344400.00,4,F1,1600,,,,,
2026-09-02,2026-09-02,CM,NSE,STK,754695,INE1QGM01024,CLAYCRAFT,SM,,,,,CLAY CRAFT INDIA LIMITED,159.00,162.90,158.00,161.80,160.45,157.75,,161.80,,,40200,6433500.00,41,F1,600,,,,,
2026-09-02,2026-09-02,CM,NSE,STK,760183,INE647U01026,CLEANMAX,EQ,,,,,CLEAN MAX ENVIRO EN SOL L,1240.00,1267.00,1225.10,1257.60,1262.00,1249.50,,1257.55,,,104707,131075384.20,10575,F1,1,,,,,
2026-09-02,2026-09-02,CM,NSE,STK,5049,INE227W01023,CLEAN,EQ,,,,,CLEAN SCIENCE & TECH LTD,826.35,869.10,815.50,863.15,863.00,827.10,,863.15,,,1112817,945185695.00,41501,F1,1,,,,,
2026-09-02,2026-09-02,CM,NSE,STK,760143,INE1EF801010,CSSL,SM,,,,,CLEAR SECURED SERVICES L,92.05,92.05,92.00,92.00,92.00,93.90,,92.00,,,2000,184050.00,2,F1,1000,,,,,
2026-09-02,2026-09-02,CM,NSE,STK,30893,INE00WV01027,CMRGREEN,EQ,,,,,CMR GREEN TECHNOLOGIES L,231.03,231.03,223.58,224.71,225.50,231.03,,224.71,,,277896,62664301.99,5081,F1,1,,,,,
2026-09-02,2026-09-02,CM,NSE,STK,7603,INE925R01014,CMSINFO,EQ,,,,,CMS INFO SYSTEMS LIMITED,248.00,254.00,245.62,249.30,249.00,247.67,,249.32,,,625944,156584487.89,15835,F1,1,,,,,
2026-09-02,2026-09-02,CM,NSE,STK,20374,INE522F01014,COALINDIA,EQ,,,,,COAL INDIA LTD,408.20,422.40,406.50,417.85,417.85,401.60,,417.86,,,34130970,14237413551.85,271387,F1,1,,,,,
2026-09-02,2026-09-02,CM,NSE,STK,6006,INE377E01024,COASTCORP,EQ,,,,,COASTAL CORPORATION LTD,39.50,40.58,39.00,39.40,39.00,39.84,,39.40,,,59914,2380595.74,915,F1,1,,,,,
2026-09-02,2026-09-02,CM,NSE,STK,21508,INE704P01025,COCHINSHIP,EQ,,,,,COCHIN SHIPYARD LIMITED,1473.90,1473.90,1452.10,1463.00,1463.00,1475.90,,1462.91,,,327832,478579163.20,16340,F1,1,,,,,
2026-09-02,2026-09-02,CM,NSE,STK,11169,INE335K01011,COFFEEDAY,BE,,,,,COFFEE DAY ENTERPRISE LTD,29.39,29.99,28.90,29.81,29.98,29.08,,29.73,,,325805,9586024.74,800,F1,1,,,,,
2026-09-02,2026-09-02,CM,NSE,STK,11543,INE591G01025,COFORGE,EQ,,,,,COFORGE LIMITED,1970.00,1975.00,1942.00,1965.70,1965.70,1988.90,,1965.65,,,1665060,3266885506.10,102409,F1,1,,,,,
2026-09-02,2026-09-02,CM,NSE,STK,17945,INE03QK01018,COHANCE,EQ,,,,,COHANCE LIFESCIENCES LTD,460.00,469.60,452.20,458.30,459.00,460.00,,458.33,,,417152,191649532.45,16369,F1,1,,,,,
2026-09-02,2026-09-02,CM,NSE,STK,15141,INE259A01022,COLPAL,EQ,,,,,COLGATE PALMOLIVE LTD.,1848.80,1862.60,1831.90,1861.50,1861.50,1859.80,,1861.50,,,274685,508056884.20,16516,F1,1,,,,,
2026-09-02,2026-09-02,CM,NSE,STK,762628,INE819A01049,COMFINTE,EQ,,,,,COMFORT INTECH LTD.,6.30,6.30,6.15,6.23,6.30,6.20,,6.23,,,116294,723434.10,286,F1,1,,,,,
2026-09-02,2026-09-02,CM,NSE,STK,21578,INE073V01015,COMSYN,EQ,,,,,COMMERCIAL SYN BAGS LTD,302.60,314.85,297.00,302.65,298.75,304.35,,302.62,,,113506,34629042.45,2621,F1,1,,,,,
2026-09-02,2026-09-02,CM,NSE,STK,19513,INE597Z01014,COMMITTED,SM,,,,,COMMITTED CARGO CARE LTD,349.00,349.00,349.00,349.00,349.00,347.95,,349.00,,,9600,3350400.00,1,F1,800,,,,,
2026-09-02,2026-09-02,CM,NSE,STK,764648,INE823B01015,COMPEAU,EQ,,,,,COMPETENT AUTOMOB CO. L,359.50,366.00,354.00,354.00,354.00,359.65,,364.95,,,561,203856.70,18,F1,1,,,,,
2026-09-02,2026-09-02,CM,NSE,STK,19670,INE070C01037,COMPINFO,BZ,,,,,COMPUAGE INFOCOM LTD,1.12,1.15,1.06,1.07,1.07,1.11,,1.08,,,11679,12564.86,21,F1,1,,,,,
2026-09-02,2026-09-02,CM,NSE,STK,31138,INE453B01029,COMPUSOFT,EQ,,,,,COMPUCOM SOFTWARE LTD,13.61,13.61,13.00,13.38,13.33,13.48,,13.38,,,17899,238944.83,141,F1,1,,,,,
2026-09-02,2026-09-02,CM,NSE,STK,342,INE596I01020,CAMS,EQ,,,,,COMPUTER AGE MNGT SER LTD,751.00,752.00,730.55,741.85,741.85,752.00,,741.82,,,1271642,937713833.20,38126,F1,1,,,,,
2026-09-02,2026-09-02,CM,NSE,STK,18060,INE338H01029,CONCORDBIO,EQ,,,,,CONCORD BIOTECH LIMITED,1485.00,1492.80,1440.90,1444.80,1445.00,1484.30,,1444.69,,,90956,132628508.80,10178,F1,1,,,,,
2026-09-02,2026-09-02,CM,NSE,STK,28764,INE037Z01029,CEWATER,EQ,,,,,CONCORD ENVIRO SYSTEMS L,262.00,267.10,256.70,263.30,265.00,262.70,,263.30,,,44650,11659005.35,2217,F1,1,,,,,
2026-09-02,2026-09-02,CM,NSE,STK,764638,INE700F01024,CFEL,EQ,,,,,CONFIDENCE FUTURIST ENE L,31.90,32.75,31.00,31.80,31.80,30.88,,31.80,,,18100,574124.04,104,F1,1,,,,,
2026-09-02,2026-09-02,CM,NSE,STK,10238,INE552D01024,CONFIPET,EQ,,,,,CONFIDENCE PETRO IND LTD.,80.11,84.40,78.85,82.55,82.25,80.34,,82.55,,,5113322,421752523.02,24018,F1,1,,,,,
2026-09-02,2026-09-02,CM,NSE,STK,758453,INE0EAS01014,CONNPLEX,SM,,,,,CONNPLEX CINEMAS LIMITED,210.00,219.00,210.00,213.15,213.15,211.10,,213.15,,,25600,5484920.00,31,F1,800,,,,,
2026-09-02,2026-09-02,CM,NSE,STK,14992,INE429I01024,CCCL,EQ,,,,,CONS. CONST. CONSORT LTD,14.45,14.49,14.01,14.31,14.42,14.45,,14.25,,,102155,1452755.31,488,F1,1,,,,,
2026-09-02,2026-09-02,CM,NSE,STK,11732,INE025A01027,CONSOFINVT,BE,,,,,CONSO. FIN. & HOLD. LTD.,276.90,276.90,266.00,266.25,266.25,264.00,,266.25,,,1836,490490.70,40,F1,1,,,,,
2026-09-02,2026-09-02,CM,NSE,STK,4749,INE111A01025,CONCOR,EQ,,,,,CONTAINER CORP OF IND LTD,510.00,520.75,508.25,510.00,510.00,514.00,,510.00,,,2202359,1130042576.50,29440,F1,1,,,,,
2026-09-02,2026-09-02,CM,NSE,STK,2531,INE340Z01019,CONTI,SM,,,,,CONTINENTAL SEED CHEM LTD,11.50,11.65,11.10,11.10,11.10,11.65,,11.10,,,279972,3225344.10,7,F1,3333,,,,,
2026-09-02,2026-09-02,CM,NSE,STK,17477,INE663B01015,CONTROLPR,EQ,,,,,CONTROL PRINT LIMITED,597.80,607.00,588.00,603.30,601.00,597.80,,603.39,,,64466,38680739.35,3030,F1,1,,,,,
2026-09-02,2026-09-02,CM,NSE,STK,8567,INE0HS001028,COOLCAPS,ST,,,,,COOL CAPS INDUSTRIES LTD,20.90,22.65,20.70,22.50,22.50,21.65,,22.50,,,157500,3439062.50,88,F1,1250,,,,,
2026-09-02,2026-09-02,CM,NSE,STK,4007,INE558D01021,CORALFINAC,EQ,,,,,CORAL INDIA FIN & HOUS LT,33.00,33.00,32.01,32.36,32.78,32.21,,32.38,,,17316,561947.44,364,F1,1,,,,,
2026-09-02,2026-09-02,CM,NSE,STK,15271,INE792I01017,CORDSCABLE,EQ,,,,,CORDS CABLE INDUS LTD.,319.85,329.30,305.50,315.50,314.80,312.95,,315.53,,,516769,165104272.05,12256,F1,1,,,,,
2026-09-02,2026-09-02,CM,NSE,STK,739,INE169A01031,COROMANDEL,EQ,,,,,COROMANDEL INTERNTL. LTD,1916.10,1929.50,1890.00,1914.60,1911.20,1922.90,,1914.55,,,95960,183422588.90,16435,F1,1,,,,,
2026-09-02,2026-09-02,CM,NSE,STK,760254,INE02ZQ01018,CORONA,EQ,,,,,CORONA REMEDIES LIMITED,2031.00,2073.10,2020.20,2054.20,2064.70,2033.30,,2053.85,,,9979,20497515.10,1892,F1,1,,,,,
2026-09-02,2026-09-02,CM,NSE,STK,742,INE757A01017,COSMOFIRST,EQ,,,,,COSMO FIRST LIMITED,950.20,966.00,938.85,952.85,950.00,949.65,,952.88,,,136691,130377897.50,8184,F1,1,,,,,
2026-09-02,2026-09-02,CM,NSE,STK,6385,INE652F01027,CCHHL,EQ,,,,,COUNTRY CLUB HOSP HOL LTD,12.90,12.90,12.22,12.42,12.69,12.77,,12.42,,,20907,260572.72,126,F1,1,,,,,
2026-09-02,2026-09-02,CM,NSE,STK,16989,INE695B01025,COUNCODOS,BE,,,,,COUNTRY CONDO S LIMITED,6.70,6.88,6.61,6.70,6.77,6.72,,6.66,,,13720,92079.83,143,F1,1,,,,,
2026-09-02,2026-09-02,CM,NSE,STK,20086,INE521J01018,CPCAP,EQ,,,,,CP CAPITAL LIMITED,118.33,118.50,113.00,115.16,114.50,117.72,,115.16,,,7926,914918.88,375,F1,1,,,,,
2026-09-02,2026-09-02,CM,NSE,STK,2328,INF457M01133,CPSEETF,EQ,,,,,CPSE ETF,94.84,94.84,92.06,93.64,93.73,92.53,,93.64,,,1238289,115607642.83,7054,F1,1,,,,,
2026-09-02,2026-09-02,CM,NSE,STK,2854,INE00LO01017,CRAFTSMAN,EQ,,,,,CRAFTSMAN AUTOMATION LTD,11215.00,11215.00,10927.00,10999.00,11040.00,11253.00,,10999.03,,,43059,474204732.00,15923,F1,1,,,,,
2026-09-02,2026-09-02,CM,NSE,STK,764653,INE145E01017,CRAVATEX,EQ,,,,,CRAVATEX LTD.,339.00,339.00,339.00,339.00,339.00,318.10,,339.18,,,1,339.00,1,F1,1,,,,,
2026-09-02,2026-09-02,CM,NSE,STK,9384,INE230B01021,CREATIVEYE,EQ,,,,,CREATIVE EYE LIMITED,6.18,6.18,6.00,6.15,6.15,6.09,,6.15,,,1356,8190.60,38,F1,1,,,,,
2026-09-02,2026-09-02,CM,NSE,STK,23468,INE0R7401011,CGRAPHICS,SM,,,,,CREATIVE GRAPHICS S IND L,145.95,149.00,145.55,147.30,147.85,146.80,,147.30,,,24000,3521960.00,25,F1,800,,,,,
2026-09-02,2026-09-02,CM,NSE,STK,11155,INE985W01018,CNL,EQ,,,,,CREATIVE NEWTECH LIMITED,1246.00,1270.00,1225.00,1259.60,1270.00,1245.50,,1259.60,,,17267,21508285.90,1472,F1,1,,,,,
2026-09-02,2026-09-02,CM,NSE,STK,765306,INE1KPX01025,CREDENT,ST,,,,,CREDENT CONNECT N CARE L,341.00,359.95,338.00,355.60,355.20,345.10,,355.60,,,140400,49099560.00,170,F1,600,,,,,
2026-09-02,2026-09-02,CM,NSE,STK,4421,INE741K01010,CREDITACC,EQ,,,,,CREDITACCESS GRAMEEN LTD,1379.00,1410.90,1362.20,1403.40,1400.00,1393.30,,1403.38,,,394282,553076978.40,45229,F1,1,,,,,
2026-09-02,2026-09-02,CM,NSE,STK,20878,INE220Q01020,MUFTI,EQ,,,,,CREDO BRANDS MARKETING L,72.81,73.78,71.50,72.13,71.86,72.81,,72.15,,,98065,7110776.01,2281,F1,1,,,,,
2026-09-02,2026-09-02,CM,NSE,STK,765053,INE716D01033,CRSL,BE,,,,,CRESSANDA RAILWAY SOLUT L,2.94,2.95,2.74,2.74,2.74,2.88,,2.74,,,397232,1109620.43,654,F1,1,,,,,
2026-09-02,2026-09-02,CM,NSE,STK,13900,INE559D01011,CREST,EQ,,,,,CREST VENTURES LIMITED,357.00,370.00,357.00,364.95,365.00,364.45,,365.01,,,4044,1475417.10,58,F1,1,,,,,
2026-09-02,2026-09-02,CM,NSE,STK,757,INE007A01025,CRISIL,EQ,,,,,CRISIL LTD,4770.30,4793.20,4672.00,4701.70,4720.00,4829.50,,4701.70,,,40753,192344469.00,14672,F1,1,,,,,
2026-09-02,2026-09-02,CM,NSE,STK,757850,INE0S4R01014,CRIZAC,EQ,,,,,CRIZAC LIMITED,164.95,170.42,161.66,165.30,164.89,164.63,,165.37,,,380389,63397557.33,7877,F1,1,,,,,
2026-09-02,2026-09-02,CM,NSE,STK,17094,INE299U01018,CROMPTON,EQ,,,,,CROMPT GREA CON ELEC LTD,230.90,230.90,226.05,227.72,227.72,231.10,,227.70,,,3476670,791309539.24,41067,F1,1,,,,,
2026-09-02,2026-09-02,CM,NSE,STK,18263,INE00NH01017,CLSL,ST,,,,,CROP LIFE SCIENCE LIMITED,83.15,83.15,83.15,83.15,83.15,87.50,,83.15,,,2000,166300.00,1,F1,2000,,,,,
2026-09-02,2026-09-02,CM,NSE,STK,8083,INE491V01019,CROWN,EQ,,,,,CROWN LIFTERS LIMITED,110.90,112.00,107.21,108.27,108.20,109.04,,108.27,,,7390,813669.25,134,F1,1,,,,,
2026-09-02,2026-09-02,CM,NSE,STK,14966,INE679A01013,CSBBANK,EQ,,,,,CSB BANK LIMITED,337.10,338.00,328.70,331.65,332.45,338.95,,331.66,,,340893,113358379.45,9414,F1,1,,,,,
2026-09-02,2026-09-02,CM,NSE,STK,10350,INE718F01018,CSLFINANCE,EQ,,,,,CSL FINANCE LIMITED,239.95,242.00,230.65,239.05,238.11,236.92,,239.17,,,46180,10861467.13,1537,F1,1,,,,,
2026-09-02,2026-09-02,CM,NSE,STK,763753,INE0ZK601013,CSM,EQ,,,,,CSM TECHNOLOGIES LIMITED,94.49,96.30,93.12,95.94,95.05,94.49,,95.94,,,130639,12435527.70,1402,F1,1,,,,,
2026-09-02,2026-09-02,CM,NSE,STK,15078,INE0NR623014,CUBEINVIT,IV,,,,,CUBE HIGHWAYS TRUST,156.30,157.25,156.03,156.94,156.89,156.27,,156.94,,,727940,113990938.67,9476,F1,1,,,,,
2026-09-02,2026-09-02,CM,NSE,STK,4064,INE144D01012,CUBEXTUB,EQ,,,,,CUBEX TUBINGS LTD,76.81,76.96,75.50,76.07,75.75,76.82,,76.06,,,22424,1707204.18,1083,F1,1,,,,,
2026-09-02,2026-09-02,CM,NSE,STK,1901,INE298A01020,CUMMINSIND,EQ,,,,,CUMMINS INDIA LTD,5089.00,5089.00,5001.00,5088.50,5088.50,5105.00,,5088.48,,,368600,1855481975.50,39047,F1,1,,,,,
2026-09-02,2026-09-02,CM,NSE,STK,18520,INE509F01029,CUPID,EQ,,,,,CUPID LIMITED,275.05,282.30,274.00,280.70,280.70,275.05,,280.69,,,9328144,2603590734.85,66546,F1,1,,,,,
2026-09-02,2026-09-02,CM,NSE,STK,30189,INE117B01020,CURAA,EQ,,,,,CURA TECHNOLOGIES LIMITED,68.34,68.50,67.00,67.04,67.00,67.00,,67.04,,,39,2640.85,8,F1,1,,,,,
2026-09-02,2026-09-02,CM,NSE,STK,759825,INE1BZN01016,CURIS,SM,,,,,CURIS LIFESCIENCES LTD,142.00,150.35,140.00,141.95,142.00,137.50,,141.95,,,10000,1432250.00,10,F1,1000,,,,,
2026-09-02,2026-09-02,CM,NSE,STK,758964,INE1CRQ01014,CURRENT,SM,,,,,CURRENT INFRAPROJECTS LTD,89.00,89.00,89.00,89.00,89.00,91.50,,89.00,,,6400,569600.00,4,F1,1600,,,,,
2026-09-02,2026-09-02,CM,NSE,STK,11842,INE278G01037,CYBERMEDIA,EQ,,,,,CYBER MEDIA (INDIA) LTD.,19.00,20.05,18.11,19.90,20.00,18.66,,19.90,,,83153,1616231.21,640,F1,1,,,,,
2026-09-02,2026-09-02,CM,NSE,STK,11447,INE075Z01011,CMRSL,SM,,,,,CYBER MEDIA RES & SER LTD,66.40,66.40,66.00,66.40,66.40,68.25,,66.40,,,4000,264680.00,5,F1,800,,,,,
2026-09-02,2026-09-02,CM,NSE,STK,6054,INE214A01019,CYBERTECH,BE,,,,,CYBERTECH SYSTEMS & SOFTW,133.99,133.99,132.01,133.35,133.50,132.91,,133.35,,,6781,901664.61,133,F1,1,,,,,
2026-09-02,2026-09-02,CM,NSE,STK,17187,INE055S01018,CYIENTDLM,EQ,,,,,CYIENT DLM LIMITED,852.00,865.10,836.05,854.75,859.90,857.20,,854.75,,,581016,495661987.05,31351,F1,1,,,,,
2026-09-02,2026-09-02,CM,NSE,STK,5748,INE136B01020,CYIENT,EQ,,,,,CYIENT LIMITED,1150.00,1150.00,1114.50,1122.20,1122.00,1164.60,,1122.20,,,820374,926084681.40,34205,F1,1,,,,,
2026-09-02,2026-09-02,CM,NSE,STK,16902,INE864X01013,DPWIRES,BE,,,,,D P WIRES LIMITED,159.00,159.00,151.20,155.30,156.85,158.02,,155.30,,,2189,338663.63,85,F1,1,,,,,
2026-09-02,2026-09-02,CM,NSE,STK,17851,INE250K01012,DLINKINDIA,EQ,,,,,D-LINK INDIA LTD,436.00,456.90,430.05,447.85,448.50,436.10,,447.85,,,411216,184251847.80,10757,F1,1,,,,,
2026-09-02,2026-09-02,CM,NSE,STK,936,INE266Y01019,DPABHUSHAN,EQ,,,,,D. P. ABHUSHAN LIMITED,1408.90,1408.90,1356.90,1370.40,1374.50,1416.00,,1370.43,,,24177,33372260.30,2335,F1,1,,,,,
2026-09-02,2026-09-02,CM,NSE,STK,17881,INE950I01011,DBCORP,EQ,,,,,D.B.CORP LTD,197.10,199.02,193.05,194.27,194.00,197.76,,194.23,,,97496,18970174.31,3503,F1,1,,,,,
2026-09-02,2026-09-02,CM,NSE,STK,772,INE016A01026,DABUR,EQ,,,,,DABUR INDIA LTD,383.70,383.70,377.60,379.00,379.00,384.00,,379.00,,,1597939,607084791.35,27433,F1,1,,,,,
2026-09-02,2026-09-02,CM,NSE,STK,762633,INE928C01010,DAICHI,EQ,,,,,DAI-ICHI KARKARIA LTD.,337.80,355.95,331.50,352.30,355.95,339.00,,352.04,,,18127,6283548.30,238,F1,1,,,,,
2026-09-02,2026-09-02,CM,NSE,STK,8075,INE00R701025,DALBHARAT,EQ,,,,,DALMIA BHARAT LIMITED,1801.90,1802.00,1760.20,1773.10,1774.90,1806.60,,1772.98,,,58918,104454310.10,7382,F1,1,,,,,
2026-09-02,2026-09-02,CM,NSE,STK,781,INE495A01022,DALMIASUG,EQ,,,,,DALMIA BHARAT SUG IN LTD,462.50,472.95,450.50,456.55,459.20,467.85,,456.55,,,337632,155376174.20,9535,F1,1,,,,,
2026-09-02,2026-09-02,CM,NSE,STK,28662,INE284H01025,DAMCAPITAL,EQ,,,,,DAM CAPITAL ADVISORS LTD,141.15,144.99,139.64,144.16,143.40,141.45,,144.17,,,271119,38757216.01,3485,F1,1,,,,,
2026-09-02,2026-09-02,CM,NSE,STK,17569,INE497D01022,DAMODARIND,BE,,,,,DAMODAR INDUSTRIES LTD,27.98,28.90,26.51,28.71,28.90,27.85,,28.61,,,3635,101722.14,29,F1,1,,,,,
2026-09-02,2026-09-02,CM,NSE,STK,1110,INE688Y01022,DANGEE,EQ,,,,,DANGEE DUMS LIMITED,2.74,2.97,2.63,2.87,2.88,2.71,,2.87,,,91306,262315.14,203,F1,1,,,,,
2026-09-02,2026-09-02,CM,NSE,STK,25927,INE0YU901016,DANISH,SM,,,,,DANISH POWER LIMITED,821.10,854.70,821.10,852.25,850.00,850.50,,852.25,,,15300,12910695.00,78,F1,150,,,,,
2026-09-02,2026-09-02,CM,NSE,STK,757107,INE04Q901010,DCCL,SM,,,,,DAR CREDIT & CAPITAL LTD,43.00,43.00,43.00,43.00,43.00,43.50,,43.00,,,2000,86000.00,1,F1,2000,,,,,
2026-09-02,2026-09-02,CM,NSE,STK,7358,INE0IX101010,DATAPATTNS,EQ,,,,,DATA PATTERNS INDIA LTD,4505.20,4543.60,4454.00,4516.70,4515.00,4515.20,,4516.71,,,292275,1314560161.10,26115,F1,1,,,,,
2026-09-02,2026-09-02,CM,NSE,STK,11423,INE365B01017,DATAMATICS,EQ,,,,,DATAMATICS GLOBAL SER LTD,767.70,769.45,760.15,763.95,762.00,771.05,,764.03,,,29964,22911002.30,1745,F1,1,,,,,
2026-09-02,2026-09-02,CM,NSE,STK,21794,INE179G01029,DAVANGERE,EQ,,,,,DAVANGERE SUGAR COMPANY L,2.10,2.13,2.06,2.09,2.10,2.08,,2.09,,,9326102,19534333.62,2323,F1,1,,,,,
2026-09-02,2026-09-02,CM,NSE,STK,31111,INE921B01025,DBSTOCKBRO,BE,,,,,DB (INT) STOCK BROKERS,30.46,31.97,29.52,30.30,30.50,30.46,,30.27,,,24139,740956.42,79,F1,1,,,,,
2026-09-02,2026-09-02,CM,NSE,STK,11566,INE0A1101019,DCI,EQ,,,,,DC INFOTECH AND COMUN LTD,374.00,376.60,345.80,354.55,357.00,369.70,,354.55,,,249417,88767992.30,8023,F1,1,,,,,
2026-09-02,2026-09-02,CM,NSE,STK,13725,INE503A01015,DCBBANK,EQ,,,,,DCB BANK LIMITED,224.39,224.39,218.55,222.34,222.12,224.39,,222.33,,,2487065,548785675.23,32289,F1,1,,,,,
2026-09-02,2026-09-02,CM,NSE,STK,23520,INE0S8401018,DCG,SM,,,,,DCG CABLES & WIRES LTD,67.25,77.00,65.00,74.65,74.60,67.05,,74.65,,,116400,8409840.00,92,F1,1200,,,,,
2026-09-02,2026-09-02,CM,NSE,STK,4775,INE891B01012,DCMFINSERV,EQ,,,,,DCM FINANCIAL SERVICES LT,5.20,5.41,5.05,5.21,5.06,5.22,,5.21,,,9021,47221.30,44,F1,1,,,,,
2026-09-02,2026-09-02,CM,NSE,STK,7323,INE498A01018,DCM,BE,,,,,DCM LIMITED,77.56,78.79,76.79,78.39,77.50,77.67,,78.39,,,14889,1148342.02,50,F1,1,,,,,
2026-09-02,2026-09-02,CM,NSE,STK,11039,INE08KP01019,DCMNVL,EQ,,,,,DCM NOUVELLE LIMITED,189.73,193.00,185.00,185.47,185.01,189.67,,185.29,,,31825,6013453.51,430,F1,1,,,,,
2026-09-02,2026-09-02,CM,NSE,STK,760893,INE0OFM01015,DSFCL,BE,,,,,DCM SHRIRAM FINE CHEM LTD,26.01,26.53,25.56,26.23,26.15,26.07,,26.23,,,24672,643848.40,93,F1,1,,,,,
2026-09-02,2026-09-02,CM,NSE,STK,7325,INE843D01027,DCMSRIND,EQ,,,,,DCM SHRIRAM IND LTD,45.98,47.48,45.98,46.81,46.35,46.61,,46.80,,,170129,7927575.56,1488,F1,1,,,,,
2026-09-02,2026-09-02,CM,NSE,STK,760896,INE0OU201013,DCMSIL,EQ,,,,,DCM SHRIRAM INTERNATNL L,69.48,72.83,69.48,71.65,71.00,70.98,,71.65,,,55181,3938037.02,1706,F1,1,,,,,
2026-09-02,2026-09-02,CM,NSE,STK,811,INE499A01024,DCMSHRIRAM,EQ,,,,,DCM SHRIRAM LIMITED,1033.00,1052.50,1021.00,1028.00,1028.00,1030.40,,1027.99,,,88712,91944987.00,14347,F1,1,,,,,
2026-09-02,2026-09-02,CM,NSE,STK,817,INE500A01029,DCW,EQ,,,,,DCW LTD,44.55,48.20,43.75,47.61,47.74,44.58,,47.62,,,6153160,288360396.63,23971,F1,1,,,,,
2026-09-02,2026-09-02,CM,NSE,STK,11895,INE0KL801015,DCXINDIA,EQ,,,,,DCX SYSTEMS LIMITED,173.00,173.00,169.62,171.23,172.07,173.51,,171.21,,,215087,36788688.46,3833,F1,1,,,,,
2026-09-02,2026-09-02,CM,NSE,STK,29098,INE0HR601026,DDEVPLSTIK,EQ,,,,,DDEV PLASTIKS IND LTD,280.40,280.40,272.95,274.05,275.60,278.75,,274.04,,,64985,17827818.90,2223,F1,1,,,,,
2026-09-02,2026-09-02,CM,NSE,STK,15449,INE0JWV01011,DENEERS,SM,,,,,DE NEERS TOOLS LIMITED,171.00,171.75,168.20,170.00,170.00,168.05,,170.00,,,2400,408570.00,4,F1,600,,,,,
2026-09-02,2026-09-02,CM,NSE,STK,4279,INE244A01016,DENORA,EQ,,,,,DE NORA INDIA LIMITED,802.00,824.00,802.00,816.95,812.10,813.90,,817.01,,,1761,1432194.65,249,F1,1,,,,,
2026-09-02,2026-09-02,CM,NSE,STK,14838,INE583C01021,DECCANCE,EQ,,,,,DECCAN CEMENTS LIMITED,567.05,573.70,567.00,571.30,570.95,574.40,,571.30,,,2760,1572788.70,170,F1,1,,,,,
2026-09-02,2026-09-02,CM,NSE,STK,762638,INE945F01025,DECNGOLD,EQ,,,,,DECCAN GOLD MINES LTD.,216.69,223.99,215.50,219.03,220.51,221.05,,219.02,,,757656,165884092.69,12232,F1,1,,,,,
2026-09-02,2026-09-02,CM,NSE,STK,25421,INE0S7C01019,DECCANTRAN,SM,,,,,DECCAN TRANSCON LEASING L,20.60,20.60,20.50,20.50,20.50,21.10,,20.50,,,6000,123120.00,5,F1,1200,,,,,
2026-09-02,2026-09-02,CM,NSE,STK,24154,INE841L01016,DEEDEV,EQ,,,,,DEE DEVELOPMENT ENG LTD,619.00,650.75,617.20,643.85,643.00,619.80,,643.86,,,530818,342737159.35,9883,F1,1,,,,,
2026-09-02,2026-09-02,CM,NSE,STK,3292,INE0FHS01024,DEEPINDS,EQ,,,,,DEEP INDUSTRIES LIMITED,666.85,704.50,655.00,693.65,697.05,665.00,,693.65,,,450290,306397436.40,13598,F1,1,,,,,
2026-09-02,2026-09-02,CM,NSE,STK,765055,INE00IY01012,DEEP,EQ,,,,,DEEP POLYMERS LTD.,36.10,36.10,34.20,35.24,35.99,36.10,,35.24,,,5874,208641.71,58,F1,1,,,,,
2026-09-02,2026-09-02,CM,NSE,STK,25894,INE0OPA01027,DBEIL,BE,,,,,DEEPAK BUILDERS & ENG I L,6.14,6.37,6.01,6.11,6.06,6.27,,6.12,,,156716,964123.47,342,F1,1,,,,,
2026-09-02,2026-09-02,CM,NSE,STK,827,INE501A01019,DEEPAKFERT,EQ,,,,,DEEPAK FERTILIZERS & PETR,1427.50,1433.20,1404.70,1416.70,1415.00,1427.50,,1416.71,,,130758,185166759.80,18571,F1,1,,,,,
2026-09-02,2026-09-02,CM,NSE,STK,19943,INE288B01029,DEEPAKNTR,EQ,,,,,DEEPAK NITRITE LTD,1784.00,1789.50,1717.80,1734.10,1734.00,1782.80,,1734.08,,,389513,679593570.30,28296,F1,1,,,,,
2026-09-02,2026-09-02,CM,NSE,STK,22527,INE0SK801018,DELAPLEX,SM,,,,,DELAPLEX LIMITED,96.00,102.00,95.00,101.25,102.00,96.60,,101.25,,,9000,896610.00,14,F1,600,,,,,
2026-09-02,2026-09-02,CM,NSE,STK,9599,INE148O01028,DELHIVERY,EQ,,,,,DELHIVERY LIMITED,458.50,459.70,452.50,454.80,454.80,460.80,,454.79,,,1061104,483047375.95,26549,F1,1,,,,,
2026-09-02,2026-09-02,CM,NSE,STK,24395,INE726L01027,DELPHIFX,BE,,,,,DELPHI WORLD MONEY LTD,6.41,6.41,6.09,6.09,6.09,6.41,,6.09,,,172651,1059434.87,276,F1,1,,,,,
2026-09-02,2026-09-02,CM,NSE,STK,15044,INE124G01033,DELTACORP,EQ,,,,,DELTA CORP LIMITED,57.30,57.50,56.60,56.95,56.70,57.41,,56.94,,,647310,36862875.84,4203,F1,1,,,,,
2026-09-02,2026-09-02,CM,NSE,STK,1214,INE393A01011,DELTAMAGNT,EQ,,,,,DELTA MANUFACTURING LTD,57.87,57.87,55.10,57.74,57.79,58.45,,57.74,,,2805,159287.34,89,F1,1,,,,,
2026-09-02,2026-09-02,CM,NSE,STK,17722,INE947J01015,DEN,EQ,,,,,DEN NETWORKS LTD,27.90,27.93,27.33,27.85,27.85,27.77,,27.85,,,304255,8400256.98,1516,F1,1,,,,,
2026-09-02,2026-09-02,CM,NSE,STK,29256,INE0R4L01018,DENTA,EQ,,,,,DENTA WATER N INFRA SOL L,271.00,275.90,262.90,270.50,270.10,270.35,,270.49,,,111326,30260584.60,3096,F1,1,,,,,
2026-09-02,2026-09-02,CM,NSE,STK,759079,INE0VOV01021,DEVX,EQ,,,,,DEV ACCELERATOR LIMITED,33.40,34.68,32.80,33.01,33.62,32.99,,33.02,,,114889,3794044.01,526,F1,1,,,,,
2026-09-02,2026-09-02,CM,NSE,STK,8146,INE060X01034,DEVIT,EQ,,,,,DEV INFO TECHNOLOGY LTD,24.61,25.09,24.60,24.64,24.62,25.02,,24.65,,,12989,321467.16,159,F1,1,,,,,
2026-09-02,2026-09-02,CM,NSE,STK,5373,INE872J01023,DEVYANI,EQ,,,,,DEVYANI INTERNATIONAL LTD,137.40,138.55,135.35,138.07,138.35,138.69,,138.07,,,1211173,166166513.69,15597,F1,1,,,,,
2026-09-02,2026-09-02,CM,NSE,STK,764661,INE260R01016,DHABRIYA,BE,,,,,DHABRIYA POLYWOOD LTD.,516.05,539.00,505.00,506.50,520.00,529.80,,511.56,,,23368,12099560.80,275,F1,1,,,,,
2026-09-02,2026-09-02,CM,NSE,STK,10893,INE0I3401014,DBOL,EQ,,,,,DHAMPUR BIO ORGANICS LTD,126.60,130.95,125.70,128.18,127.61,126.76,,128.18,,,136571,17552206.27,3708,F1,1,,,,,
2026-09-02,2026-09-02,CM,NSE,STK,857,INE041A01016,DHAMPURSUG,EQ,,,,,DHAMPUR SUGAR MILLS LTD.,172.20,176.79,168.03,170.67,170.08,172.82,,170.66,,,655398,112837900.12,10723,F1,1,,,,,
2026-09-02,2026-09-02,CM,NSE,STK,11359,INE680A01011,DHANBANK,EQ,,,,,DHANLAXMI BANK LIMITED,31.91,31.92,31.30,31.50,31.60,32.05,,31.52,,,612773,19383728.26,1965,F1,1,,,,,
2026-09-02,2026-09-02,CM,NSE,STK,27723,INE0V9V01010,DHANLAXMI,SM,,,,,DHANLAXMI CROP SCIENCE L,24.25,24.25,24.25,24.25,24.25,24.25,,24.25,,,2000,48500.00,1,F1,2000,,,,,
2026-09-02,2026-09-02,CM,NSE,STK,24415,INE0M3I01029,DHANSA,SM,,,,,DHANSA LABS LIMITED,26.00,26.00,25.65,25.85,26.00,27.00,,25.85,,,22000,568600.00,11,F1,2000,,,,,
2026-09-02,2026-09-02,CM,NSE,STK,24409,INE435G01025,DHANUKA,EQ,,,,,DHANUKA AGRITECH LTD,980.00,999.80,972.80,995.70,994.00,990.35,,995.59,,,17041,16848152.00,2283,F1,1,,,,,
2026-09-02,2026-09-02,CM,NSE,STK,760492,INE2HJL01019,DHARARAIL,ST,,,,,DHARA RAIL PROJECTS LTD,142.00,146.50,142.00,145.35,146.50,149.00,,145.35,,,12000,1727500.00,9,F1,1000,,,,,
2026-09-02,2026-09-02,CM,NSE,STK,759203,INE278R01034,DHARAN,BZ,,,,,DHARAN INFRA-EPC LIMITED,0.15,0.15,0.13,0.13,0.15,0.14,,0.13,,,30671706,4308338.97,2482,F1,1,,,,,
2026-09-02,2026-09-02,CM,NSE,STK,24747,INE0YRN01025,DHARIWAL,SM,,,,,DHARIWALCORP LIMITED,22.70,22.70,22.70,22.70,22.70,21.65,,22.70,,,81000,1838700.00,15,F1,3000,,,,,
2026-09-02,2026-09-02,CM,NSE,STK,13001,INE00OQ01016,DHARMAJ,EQ,,,,,DHARMAJ CROP GUARD LTD,267.50,271.00,267.50,270.00,268.20,269.75,,270.00,,,105881,28584982.40,1197,F1,1,,,,,
2026-09-02,2026-09-02,CM,NSE,STK,765060,INE715T01031,DHATRE,EQ,,,,,DHATRE UDYOG LTD.,4.45,4.45,4.20,4.32,4.34,4.35,,4.32,,,16175,69082.50,132,F1,1,,,,,
2026-09-02,2026-09-02,CM,NSE,STK,764553,INE01NH01023,DHOOTTRANS,EQ,,,,,DHOOT TRANSMISSION LTD,1433.10,1595.00,1424.00,1522.10,1516.00,1450.10,,1522.03,,,4833587,7379713652.80,176665,F1,1,,,,,
2026-09-02,2026-09-02,CM,NSE,STK,6858,INE506Z01015,DHRUV,EQ,,,,,DHRUV CONSULTANCY SER LTD,23.50,23.85,23.01,23.40,23.46,23.50,,23.40,,,4896,115052.90,71,F1,1,,,,,
2026-09-02,2026-09-02,CM,NSE,STK,22233,INE320L01011,DHUNINV,EQ,,,,,DHUNSERI INVESTMENTS LTD,987.90,1021.00,985.50,1016.65,1021.00,987.30,,1016.60,,,2140,2152118.05,210,F1,1,,,,,
2026-09-02,2026-09-02,CM,NSE,STK,6227,INE341R01014,DTIL,EQ,,,,,DHUNSERI TEA & IND. LTD.,153.50,153.50,148.50,149.95,149.70,153.50,,149.97,,,11996,1807707.64,365,F1,1,,,,,
2026-09-02,2026-09-02,CM,NSE,STK,15214,INE477B01010,DVL,EQ,,,,,DHUNSERI VENTURES LIMITED,282.50,287.00,275.10,285.65,287.00,282.50,,285.66,,,14922,4219504.65,588,F1,1,,,,,
2026-09-02,2026-09-02,CM,NSE,STK,18644,INE591D01014,DIAMINESQ,EQ,,,,,DIAMINES & CHEMICALS LTD,242.00,244.50,239.00,243.65,243.00,242.01,,243.65,,,4583,1109055.82,105,F1,1,,,,,
2026-09-02,2026-09-02,CM,NSE,STK,18545,INE989C01038,DIACABS,BE,,,,,DIAMOND POWER INFRA LTD,340.60,340.60,328.00,330.90,331.80,340.60,,330.84,,,857893,286575888.35,14014,F1,1,,,,,
2026-09-02,2026-09-02,CM,NSE,STK,703,INE303A01010,DICIND,EQ,,,,,DIC INDIA LIMITED,579.00,591.95,557.10,576.55,571.00,553.60,,576.50,,,4900,2822431.65,381,F1,1,,,,,
2026-09-02,2026-09-02,CM,NSE,STK,24313,INE0JRD01019,DTL,SM,,,,,DIENSTEN TECH LIMITED,128.00,128.00,128.00,128.00,128.00,120.00,,128.00,,,1200,153600.00,1,F1,1200,,,,,
2026-09-02,2026-09-02,CM,NSE,STK,25672,INE184O01015,DIFFNKG,EQ,,,,,DIFFUSION ENGINEERS LTD,476.50,486.70,467.00,476.80,479.00,477.50,,476.81,,,306772,146450787.65,9227,F1,1,,,,,
2026-09-02,2026-09-02,CM,NSE,STK,10346,INE03JI01017,DGCONTENT,EQ,,,,,DIGICONTENT LIMITED,24.69,29.07,24.66,24.95,25.00,24.23,,24.95,,,198027,5322594.99,1174,F1,1,,,,,
2026-09-02,2026-09-02,CM,NSE,STK,21247,INE0PSC01024,DIGIDRIVE,EQ,,,,,DIGIDRIVE DISTRIBUTORS L,17.62,17.82,17.26,17.69,17.60,17.82,,17.61,,,10459,183425.64,127,F1,1,,,,,
2026-09-02,2026-09-02,CM,NSE,STK,19138,INE0QJ901011,DIGIKORE,SM,,,,,DIGIKORE STUDIOS LIMITED,37.75,40.40,37.75,39.55,38.85,39.25,,39.55,,,51200,2026360.00,72,F1,400,,,,,
2026-09-02,2026-09-02,CM,NSE,STK,16683,INE927C01020,DIGISPICE,EQ,,,,,DIGISPICE TECHNOLOGIES LT,16.81,17.10,16.70,16.97,17.08,17.00,,16.97,,,50007,844095.14,220,F1,1,,,,,
2026-09-02,2026-09-02,CM,NSE,STK,757515,INE0U4701011,DIGITIDE,EQ,,,,,DIGITIDE SOLUTIONS LTD,96.30,99.00,95.12,95.88,95.99,97.01,,95.96,,,146462,14112186.09,1485,F1,1,,,,,
2026-09-02,2026-09-02,CM,NSE,STK,6127,INE731U01028,DIGJAMLMTD,EQ,,,,,DIGJAM LTD,49.10,50.00,49.00,49.01,49.90,49.17,,49.01,,,2110,103754.09,41,F1,1,,,,,
2026-09-02,2026-09-02,CM,NSE,STK,641,INE016M01021,DNAMEDIA,EQ,,,,,DILIGENT MEDIA CORP LTD.,2.55,2.69,2.50,2.53,2.56,2.58,,2.53,,,26237,66774.99,97,F1,1,,,,,
2026-09-02,2026-09-02,CM,NSE,STK,18086,INE917M01012,DBL,EQ,,,,,DILIP BUILDCON LIMITED,394.70,396.65,390.55,395.05,395.80,394.80,,394.97,,,58809,23176065.25,2420,F1,1,,,,,
2026-09-02,2026-09-02,CM,NSE,STK,762643,INE131C01011,DISAQ,EQ,,,,,DISA INDIA LTD.,12160.00,12160.00,11811.00,12008.00,12030.00,11724.00,,12009.50,,,342,4091133.00,290,F1,1,,,,,
2026-09-02,2026-09-02,CM,NSE,STK,14537,INE836F01026,DISHTV,EQ,,,,,DISH TV INDIA LTD.,2.67,2.70,2.64,2.65,2.67,2.67,,2.65,,,741311,1973587.33,903,F1,1,,,,,
2026-09-02,2026-09-02,CM,NSE,STK,21704,INE385W01011,DCAL,EQ,,,,,DISHMAN CARBO AMCIS LTD,182.00,183.62,174.82,176.85,176.54,181.83,,176.85,,,225327,40303776.04,4027,F1,1,,,,,
2026-09-02,2026-09-02,CM,NSE,STK,14479,INE753U01022,DIVGIITTS,EQ,,,,,DIVGI TORQTRANSFER SYST L,1268.80,1277.30,1220.10,1244.40,1250.00,1268.80,,1244.44,,,122025,152144161.20,11149,F1,1,,,,,
2026-09-02,2026-09-02,CM,NSE,STK,10940,INE361B01024,DIVISLAB,EQ,,,,,DIVI S LABORATORIES LTD,9121.50,9299.00,9104.50,9220.00,9220.00,9165.00,,9220.03,,,403619,3718760984.50,48348,F1,1,,,,,
2026-09-02,2026-09-02,CM,NSE,STK,30262,INE0NA501011,DIVINEHIRA,ST,,,,,DIVINE HIRA JEWELLERS LTD,116.00,116.00,109.70,110.00,110.00,115.45,,110.00,,,22800,2529000.00,17,F1,1200,,,,,
2026-09-02,2026-09-02,CM,NSE,STK,24286,INE0SCO01019,DPEL,SM,,,,,DIVINE POWER ENERGY LTD,582.90,584.80,573.10,577.75,577.75,581.00,,577.75,,,20000,11556575.00,40,F1,500,,,,,
2026-09-02,2026-09-02,CM,NSE,STK,25680,INE0QYI01019,DIVYADHAN,ST,,,,,DIVYADHAN RECYCLING IND L,39.85,40.85,39.85,40.85,40.85,41.90,,40.85,,,22000,878700.00,4,F1,2000,,,,,
2026-09-02,2026-09-02,CM,NSE,STK,21690,INE935N01020,DIXON,EQ,,,,,DIXON TECHNO (INDIA) LTD,14461.00,14620.00,14315.00,14590.00,14590.00,14461.00,,14589.80,,,216702,3135309538.00,41345,F1,1,,,,,
2026-09-02,2026-09-02,CM,NSE,STK,12749,INE0B1K01014,DJML,EQ,,,,,DJ MEDIAPRINT & LOG LTD,70.12,73.48,69.41,72.22,72.90,71.92,,72.21,,,147754,10592060.32,2104,F1,1,,,,,
2026-09-02,2026-09-02,CM,NSE,STK,14732,INE271C01023,DLF,EQ,,,,,DLF LIMITED,666.00,673.55,651.30,673.55,673.55,675.15,,673.55,,,3578778,2366825523.50,83213,F1,1,,,,,
2026-09-02,2026-09-02,CM,NSE,STK,6973,INE505A01010,DMCC,EQ,,,,,DMCC SPECIALITY CHEMICALS,286.60,297.00,285.10,293.35,294.80,286.80,,293.34,,,63510,18480537.65,2266,F1,1,,,,,
2026-09-02,2026-09-02,CM,NSE,STK,4822,INE021O01019,DODLA,EQ,,,,,DODLA DAIRY LIMITED,1067.90,1084.30,1056.30,1065.30,1068.10,1066.20,,1065.29,,,34781,37290599.70,7770,F1,1,,,,,
2026-09-02,2026-09-02,CM,NSE,STK,12124,INE966A01022,DOLATALGO,EQ,,,,,DOLAT ALGOTECH LIMITED,70.13,70.88,69.57,69.96,70.00,70.93,,69.95,,,178494,12510090.10,1401,F1,1,,,,,
2026-09-02,2026-09-02,CM,NSE,STK,20560,INE325C01035,DOLLAR,EQ,,,,,DOLLAR INDUSTRIES LIMITED,266.05,266.05,260.00,262.35,261.50,266.60,,262.36,,,84900,22303903.80,2114,F1,1,,,,,
2026-09-02,2026-09-02,CM,NSE,STK,13323,INE0JHH01011,DOLLEX,SM,,,,,DOLLEX AGROTECH LIMITED,35.80,36.35,35.35,36.15,36.15,36.35,,36.15,,,48000,1709200.00,7,F1,4000,,,,,
2026-09-02,2026-09-02,CM,NSE,STK,18139,INE920A01037,DOLPHIN,EQ,,,,,DOLPHIN OFF ENT (IND) L,598.00,608.00,565.50,603.45,607.00,583.30,,603.46,,,34269,20309092.00,1425,F1,1,,,,,
2026-09-02,2026-09-02,CM,NSE,STK,20551,INE321T01012,DOMS,EQ,,,,,DOMS INDUSTRIES LIMITED,2220.00,2226.90,2193.40,2206.30,2196.00,2229.00,,2206.26,,,29319,64704143.80,3861,F1,1,,,,,
2026-09-02,2026-09-02,CM,NSE,STK,13839,INE668D01028,DONEAR,EQ,,,,,DONEAR IND. LIMITED,84.40,85.35,83.01,83.46,83.65,84.02,,83.46,,,8254,690305.44,131,F1,1,,,,,
2026-09-02,2026-09-02,CM,NSE,STK,15423,INE360C01024,DPSCLTD,BE,,,,,DPSC LIMITED,7.38,7.71,6.99,7.41,7.40,7.35,,7.41,,,130408,949515.30,434,F1,1,,,,,
2026-09-02,2026-09-02,CM,NSE,STK,29452,INE943P01029,AGARWALEYE,EQ,,,,,DR AGARWALS HEALTH CARE L,508.15,524.50,508.15,514.25,511.00,508.70,,514.23,,,640862,331031083.40,17554,F1,1,,,,,
2026-09-02,2026-09-02,CM,NSE,STK,762648,INE934C01018,DRAGARWQ,EQ,,,,,DR. AGARWAL'S EYE HOSP L,5319.00,5489.50,5260.50,5420.00,5440.00,5309.50,,5419.21,,,2319,12471014.50,937,F1,1,,,,,
2026-09-02,2026-09-02,CM,NSE,STK,11654,INE600L01024,LALPATHLAB,EQ,,,,,DR. LAL PATH LABS LTD.,1904.40,1933.60,1893.10,1916.10,1914.00,1904.40,,1916.06,,,178401,341391035.60,23416,F1,1,,,,,
2026-09-02,2026-09-02,CM,NSE,STK,881,INE089A01031,DRREDDY,EQ,,,,,DR. REDDY S LABORATORIES,1165.00,1170.90,1156.50,1156.50,1156.50,1171.00,,1156.52,,,486542,566415813.40,30353,F1,1,,,,,
2026-09-02,2026-09-02,CM,NSE,STK,2645,INE03RS01027,DRCSYSTEMS,EQ,,,,,DRC SYSTEMS INDIA LIMITED,14.22,14.22,13.42,13.59,13.65,13.76,,13.59,,,30334,414934.28,275,F1,1,,,,,
2026-09-02,2026-09-02,CM,NSE,STK,10859,INE0JS101016,DREAMFOLKS,EQ,,,,,DREAMFOLKS SERVICES LTD,67.65,67.65,65.80,66.39,66.32,66.36,,66.39,,,26461,1757784.16,1214,F1,1,,,,,
2026-09-02,2026-09-02,CM,NSE,STK,11271,INE506A01018,DREDGECORP,EQ,,,,,DREDGING CORP OF INDIA,1070.10,1084.80,1056.20,1060.90,1064.00,1076.70,,1060.87,,,43034,45910486.90,3726,F1,1,,,,,
2026-09-02,2026-09-02,CM,NSE,STK,17372,INE0P7201019,DRONE,SM,,,,,DRONE DESTINATION LIMITED,34.30,35.30,34.25,34.70,34.70,34.25,,34.70,,,10500,363900.00,19,F1,500,,,,,
2026-09-02,2026-09-02,CM,NSE,STK,8772,INE891A01022,DSKULKARNI,BE,,,,,DS KULKARNI DEVELOPERS L,19.04,19.04,19.04,19.04,19.04,18.67,,19.04,,,4,76.16,1,F1,1,,,,,
2026-09-02,2026-09-02,CM,NSE,STK,778,INE055C01020,KEEPLEARN,EQ,,,,,DSJ KEEP LEARNING LTD,1.98,1.98,1.82,1.90,1.94,1.86,,1.90,,,12851,24407.06,93,F1,1,,,,,
2026-09-02,2026-09-02,CM,NSE,STK,1927,INF740KA1EU7,LIQUIDETF,EQ,,,,,DSP LIQUID ETF,1000.00,1000.01,999.99,999.99,1000.00,999.99,,999.99,,,94750,94749940.51,250,F1,1,,,,,
2026-09-02,2026-09-02,CM,NSE,STK,761364,INF740KA1YH2,BANK10ADD,EQ,,,,,DSPAMC - BANK10ADD,16.89,16.89,16.75,16.78,16.85,16.89,,16.78,,,3657235,61369685.18,173,F1,1,,,,,
2026-09-02,2026-09-02,CM,NSE,STK,13644,INF740KA1RX3,BANKADD,EQ,,,,,DSPAMC - DSPBANK,58.63,58.69,58.37,58.56,58.68,58.77,,58.56,,,9796,573910.13,70,F1,1,,,,,
2026-09-02,2026-09-02,CM,NSE,STK,15356,INF740KA1ZP2,GOLDADD,EQ,,,,,DSPAMC - DSPGOLD,14.70,14.70,14.46,14.51,14.49,14.73,,14.51,,,12536983,182602112.53,10226,F1,1,,,,,
2026-09-02,2026-09-02,CM,NSE,STK,17207,INF740KA1SX1,ITADD,EQ,,,,,DSPAMC - DSPIT,33.82,33.82,32.63,32.90,32.74,33.15,,32.90,,,22005,724098.77,611,F1,1,,,,,
2026-09-02,2026-09-02,CM,NSE,STK,6606,INF740KA1QK2,EQUAL50ADD,EQ,,,,,DSPAMC - DSPNEWETF,346.14,346.14,339.28,341.16,342.20,342.71,,341.09,,,51998,17689679.36,415,F1,1,,,,,
2026-09-02,2026-09-02,CM,NSE,STK,7451,INF740KA1CL0,NIFTYADD,EQ,,,,,DSPAMC - DSPNIFTY,252.95,253.48,251.41,252.18,253.00,253.06,,252.20,,,7958,2005624.34,184,F1,1,,,,,
2026-09-02,2026-09-02,CM,NSE,STK,17616,INF740KA1SY9,PSUBANKADD,EQ,,,,,DSPAMC - DSPPSBKETF,85.38,86.44,85.13,85.97,85.96,85.72,,85.97,,,42893,3680366.26,240,F1,1,,,,,
2026-09-02,2026-09-02,CM,NSE,STK,17576,INF740KA1TA7,PVTBANKADD,EQ,,,,,DSPAMC - DSPPVBKETF,28.05,28.15,27.95,28.02,28.15,28.08,,28.02,,,28206,791527.82,156,F1,1,,,,,
2026-09-02,2026-09-02,CM,NSE,STK,7456,INF740KA1ZF3,MIDQ50ADD,EQ,,,,,DSPAMC - DSPQ50ETF,25.21,26.00,24.91,25.10,25.12,25.44,,25.10,,,134661,3367025.89,345,F1,1,,,,,
2026-09-02,2026-09-02,CM,NSE,STK,17613,INF740KA1SZ6,SENSEXADD,EQ,,,,,DSPAMC - DSPSENXETF,78.88,79.13,78.76,79.03,79.08,79.37,,79.03,,,484,38201.00,17,F1,1,,,,,
2026-09-02,2026-09-02,CM,NSE,STK,10761,INF740KA1ZQ0,SILVERADD,EQ,,,,,DSPAMC - DSPSILVETF,21.80,21.85,21.64,21.71,21.75,22.08,,21.71,,,2578958,56064996.34,4868,F1,1,,,,,
2026-09-02,2026-09-02,CM,NSE,STK,759368,INF740KA1WU9,FLEXIADD,EQ,,,,,DSPAMC - FLEXIADD,10.20,10.27,9.98,10.03,10.06,10.15,,10.03,,,87285,875012.64,532,F1,1,,,,,
2026-09-02,2026-09-02,CM,NSE,STK,763530,INF740KA1ZA4,FMCGADD,EQ,,,,,DSPAMC - FMCGADD,46.50,46.68,46.18,46.45,46.67,46.70,,46.36,,,9246,428478.78,112,F1,1,,,,,
2026-09-02,2026-09-02,CM,NSE,STK,22592,INF740KA1ZG1,HEALTHADD,EQ,,,,,DSPAMC - HEALTHADD,16.83,16.83,16.69,16.73,16.74,16.83,,16.73,,,91074,1526617.57,207,F1,1,,,,,
2026-09-02,2026-09-02,CM,NSE,STK,23407,INF740KA1UM0,LIQUIDADD,EQ,,,,,DSPAMC - LIQUIDADD,1143.00,1143.02,1142.98,1142.98,1143.00,1142.86,,1142.98,,,538769,615805834.73,413,F1,1,,,,,
2026-09-02,2026-09-02,CM,NSE,STK,764428,INF740KA1ZH9,MIDBANKADD,EQ,,,,,DSPAMC - MIDBANKADD,17.40,17.40,17.12,17.33,17.33,17.34,,17.33,,,5659,96962.30,27,F1,1,,,,,
2026-09-02,2026-09-02,CM,NSE,STK,760356,INF740KA1WW5,MIDCAPADD,EQ,,,,,DSPAMC - MIDCAPADD,23.30,23.30,23.04,23.17,23.18,23.33,,23.17,,,15682,362124.18,43,F1,1,,,,,
2026-09-02,2026-09-02,CM,NSE,STK,759978,INF740KA1WV7,MSCIADD,EQ,,,,,DSPAMC - MSCIADD,29.52,29.52,29.20,29.41,29.41,29.55,,29.41,,,534,15656.71,15,F1,1,,,,,
2026-09-02,2026-09-02,CM,NSE,STK,29464,INF740KA1VE5,NEXT30ADD,EQ,,,,,DSPAMC - NEXT30ADD,42.78,42.78,42.28,42.60,42.60,42.78,,42.60,,,7799,331272.58,96,F1,1,,,,,
2026-09-02,2026-09-02,CM,NSE,STK,760599,INF740KA1XU7,NEXT50ADD,EQ,,,,,DSPAMC - NEXT50ADD,72.60,73.56,72.40,73.56,73.56,73.36,,73.76,,,4293,313396.35,56,F1,1,,,,,
2026-09-02,2026-09-02,CM,NSE,STK,760359,INF740KA1WX3,SMALLADD,EQ,,,,,DSPAMC - SMALLADD,18.59,18.59,18.25,18.33,18.46,18.50,,18.33,,,46783,858978.56,131,F1,1,,,,,
2026-09-02,2026-09-02,CM,NSE,STK,25171,INF740KA1UR9,TOP10ADD,EQ,,,,,DSPAMC - TOP10ADD,90.26,90.26,87.50,87.87,87.98,88.06,,87.87,,,176091,15469013.61,978,F1,1,,,,,
2026-09-02,2026-09-02,CM,NSE,STK,13766,INE0LZO01015,DUCOL,SM,,,,,DUCOL ORGS AND COLOURS LT,114.00,115.00,113.00,115.00,115.00,115.50,,115.00,,,2400,273600.00,3,F1,800,,,,,
2026-09-02,2026-09-02,CM,NSE,STK,28952,INE741L01018,DUCON,EQ,,,,,DUCON INFRATECHNOLOGIES L,2.15,2.15,1.92,2.08,2.07,2.07,,2.07,,,1030380,2108166.10,1367,F1,1,,,,,
2026-09-02,2026-09-02,CM,NSE,STK,5457,INE0HPK01020,DUGLOBAL,SM,,,,,DUDIGITAL GLOBAL LIMITED,25.00,25.00,23.70,23.85,24.45,25.00,,23.85,,,22500,539000.00,6,F1,2500,,,,,
2026-09-02,2026-09-02,CM,NSE,STK,24164,INE0OUW01013,DURLAX,SM,,,,,DURLAX TOP SURFACE LTD,62.50,63.00,62.00,63.00,63.00,63.05,,63.00,,,36000,2244400.00,14,F1,2000,,,,,
2026-09-02,2026-09-02,CM,NSE,STK,11667,INE366A01041,DWARKESH,EQ,,,,,DWARIKESH SUGAR IND LTD,49.15,50.75,48.12,48.78,48.71,49.14,,48.78,,,3908597,192855678.21,17280,F1,1,,,,,
2026-09-02,2026-09-02,CM,NSE,STK,25690,INE417B01040,DSSL,EQ,,,,,DYNACONS SYS & SOLN LTD,1019.30,1039.60,1010.00,1016.00,1015.50,1020.80,,1015.97,,,36263,36967291.00,2764,F1,1,,,,,
2026-09-02,2026-09-02,CM,NSE,STK,4525,INE221B01012,DYNAMATECH,EQ,,,,,DYNAMATIC TECHNOLOGIES,11612.00,11612.00,11350.00,11425.00,11465.00,11678.00,,11425.07,,,9361,106992059.00,3371,F1,1,,,,,
2026-09-02,2026-09-02,CM,NSE,STK,10417,INE600Y01019,DYCL,EQ,,,,,DYNAMIC CABLES LIMITED,542.00,550.00,530.25,535.55,536.00,542.40,,535.54,,,1090048,587365618.45,26370,F1,1,,,,,
2026-09-02,2026-09-02,CM,NSE,STK,6082,INE0DZ701010,DYNAMIC,ST,,,,,DYNAMIC SRVCS & SEC LTD,137.00,139.25,134.10,135.05,134.10,132.65,,135.05,,,12500,1714850.00,20,F1,500,,,,,
2026-09-02,2026-09-02,CM,NSE,STK,21314,INE256H01015,DYNPRO,EQ,,,,,DYNEMIC PRODUCTS LIMITED,228.10,234.21,224.00,229.06,229.00,230.19,,229.10,,,10344,2360654.54,312,F1,1,,,,,
2026-09-02,2026-09-02,CM,NSE,STK,760531,INE1CEJ01017,E2ERAIL,SM,,,,,E TO E TRANS INFRA LTD,296.50,353.00,296.50,347.70,339.85,296.50,,347.70,,,576000,192844000.00,515,F1,800,,,,,
2026-09-02,2026-09-02,CM,NSE,STK,8940,INE255Z01027,E2E,BE,,,,,E2E NETWORKS LIMITED,614.00,619.00,590.25,608.45,610.00,620.90,,608.56,,,626317,378126002.25,10525,F1,1,,,,,
2026-09-02,2026-09-02,CM,NSE,STK,765065,INE595R01023,EASTWEST,EQ,,,,,EAST WEST FREIGHT CARRI L,2.42,2.48,2.36,2.45,2.46,2.40,,2.45,,,26674,65042.96,70,F1,1,,,,,
2026-09-02,2026-09-02,CM,NSE,STK,9769,INE962C01035,EASTSILK,BE,,,,,EASTERN SILK INDUSTRIES L,63.00,63.00,60.50,61.28,60.50,63.68,,61.28,,,83,5061.90,9,F1,1,,,,,
2026-09-02,2026-09-02,CM,NSE,STK,2792,INE07O001026,EASEMYTRIP,EQ,,,,,EASY TRIP PLANNERS LTD,5.99,6.14,5.86,6.00,6.05,5.99,,6.00,,,11843898,70398318.79,8838,F1,1,,,,,
2026-09-02,2026-09-02,CM,NSE,STK,765070,INE432F01032,EBIX,EQ,,,,,EBIX LIMITED,19.06,20.50,19.06,20.03,20.50,19.99,,20.04,,,79184,1551787.28,218,F1,1,,,,,
2026-09-02,2026-09-02,CM,NSE,STK,759974,INE528S07110,888ECL28,N1,,,,,ECL 8.88% 2028 SR V,986.07,986.07,984.01,984.01,984.01,988.58,,984.01,,,282,277855.25,13,F1,1,,,,,
2026-09-02,2026-09-02,CM,NSE,STK,759975,INE528S07128,925ECL28,N2,,,,,ECL 9.25% 2028 SR VI,1020.00,1021.80,1020.00,1021.78,1021.80,1017.00,,1021.78,,,110,112306.80,5,F1,1,,,,,
2026-09-02,2026-09-02,CM,NSE,STK,15179,INE738I01010,ECLERX,EQ,,,,,ECLERX SERVICES LTD,1950.00,2020.00,1929.40,2004.50,2000.80,1973.80,,2004.46,,,264722,527786341.40,28766,F1,1,,,,,
2026-09-02,2026-09-02,CM,NSE,STK,764663,INE316A01038,ECORECO,EQ,,,,,ECO RECYCLING LTD.,459.80,468.70,451.05,454.45,454.50,464.50,,454.62,,,13107,5995525.80,755,F1,1,,,,,
2026-09-02,2026-09-02,CM,NSE,STK,759964,INE0VBS01016,ECOLINE,ST,,,,,ECOLINE EXIM LIMITED,174.00,182.00,171.90,178.25,181.00,180.00,,178.25,,,21000,3751700.00,18,F1,1000,,,,,
2026-09-02,2026-09-02,CM,NSE,STK,25060,INE06HJ01020,ECOSMOBLTY,EQ,,,,,ECOS (INDIA) MOB & HOSP L,114.05,124.19,112.50,114.79,114.70,115.16,,114.79,,,438547,51090561.12,4403,F1,1,,,,,
2026-09-02,2026-09-02,CM,NSE,STK,7196,INF754K01OB1,BBETF0432,EQ,,,,,EDELAMC - BBETF0432,1341.35,1341.99,1336.85,1340.67,1336.85,1338.05,,1340.67,,,1080,1446279.81,48,F1,1,,,,,
2026-09-02,2026-09-02,CM,NSE,STK,764378,INF754K01XH9,EBANK10,EQ,,,,,EDELAMC - EBANK10,16.71,16.74,16.57,16.71,16.71,16.71,,16.72,,,2651,44212.00,19,F1,1,,,,,
2026-09-02,2026-09-02,CM,NSE,STK,25258,INF754K01TE4,EBANKNIFTY,EQ,,,,,EDELAMC - EBANKNIFTY,57.32,57.90,57.32,57.83,57.83,57.95,,57.83,,,597,34447.09,23,F1,1,,,,,
2026-09-02,2026-09-02,CM,NSE,STK,16253,INF754K01KO2,EBBETF0430,EQ,,,,,EDELAMC - EBBETF0430,1609.00,1609.00,1603.31,1606.00,1605.51,1606.67,,1605.91,,,9788,15715145.24,371,F1,1,,,,,
2026-09-02,2026-09-02,CM,NSE,STK,22239,INF754K01LE1,EBBETF0431,EQ,,,,,EDELAMC - EBBETF0431,1439.69,1439.69,1428.32,1431.77,1431.56,1433.04,,1431.77,,,2018,2886703.29,94,F1,1,,,,,
2026-09-02,2026-09-02,CM,NSE,STK,13139,INF754K01QX0,EBBETF0433,EQ,,,,,EDELAMC - EBBETF0433,1350.32,1350.32,1305.01,1309.22,1310.00,1310.99,,1309.36,,,2242,2935980.52,105,F1,1,,,,,
2026-09-02,2026-09-02,CM,NSE,STK,29019,INF754K01TX4,ECAPINSURE,EQ,,,,,EDELAMC - ECAPINSURE,23.71,23.90,23.35,23.76,23.88,23.88,,23.70,,,27027,639906.64,388,F1,1,,,,,
2026-09-02,2026-09-02,CM,NSE,STK,19933,INF754K01SE6,EGOLD,EQ,,,,,EDELAMC - EGOLD,151.65,151.65,148.40,149.15,149.65,151.65,,149.15,,,82638,12348217.10,681,F1,1,,,,,
2026-09-02,2026-09-02,CM,NSE,STK,759466,INF754K01VW2,ELIQUID,EQ,,,,,EDELAMC - ELIQUID,1051.22,1051.22,1046.12,1046.13,1046.12,1045.99,,1046.13,,,16863,17640873.54,22,F1,1,,,,,
2026-09-02,2026-09-02,CM,NSE,STK,758952,INF754K01VV4,ELM250,EQ,,,,,EDELAMC - ELM250,16.73,16.75,16.45,16.50,16.65,16.65,,16.50,,,287747,4774985.93,300,F1,1,,,,,
2026-09-02,2026-09-02,CM,NSE,STK,764367,INF754K01XI7,ELMDIV,EQ,,,,,EDELAMC - ELMDIV,37.35,37.35,35.83,36.08,36.18,36.20,,36.08,,,2336,84689.54,19,F1,1,,,,,
2026-09-02,2026-09-02,CM,NSE,STK,764288,INF754K01XG1,EMETAL,EQ,,,,,EDELAMC - EMETAL,13.61,13.61,13.05,13.15,13.15,13.28,,13.15,,,5814,76419.52,38,F1,1,,,,,
2026-09-02,2026-09-02,CM,NSE,STK,25996,INF754K01TF1,EMULTIMQ,EQ,,,,,EDELAMC - EMULTIMQ,42.14,42.37,41.40,41.65,41.75,42.11,,41.65,,,23272,969989.91,255,F1,1,,,,,
2026-09-02,2026-09-02,CM,NSE,STK,763540,INF754K01XF3,ENEXT50,EQ,,,,,EDELAMC - ENEXT50,72.49,72.77,71.85,72.09,72.09,72.91,,72.31,,,2112,152345.33,17,F1,1,,,,,
2026-09-02,2026-09-02,CM,NSE,STK,759998,INF754K01VX0,ENIFTY,EQ,,,,,EDELAMC - ENIFTY,25.03,25.03,24.04,24.12,24.14,24.42,,24.12,,,7983,192233.02,78,F1,1,,,,,
2026-09-02,2026-09-02,CM,NSE,STK,759995,INF754K01VY8,ESENSEX,EQ,,,,,EDELAMC - ESENSEX,78.88,78.88,76.53,77.00,77.00,78.16,,77.21,,,304,23441.55,20,F1,1,,,,,
2026-09-02,2026-09-02,CM,NSE,STK,20257,INF754K01SF3,ESILVER,EQ,,,,,EDELAMC - ESILVER,226.78,226.78,224.29,224.97,224.51,227.73,,224.97,,,251202,56516686.41,1033,F1,1,,,,,
2026-09-02,2026-09-02,CM,NSE,STK,15119,INE532F01054,EDELWEISS,EQ,,,,,EDELWEISS FIN SERV LTD,128.61,131.20,125.53,126.18,126.40,128.94,,126.19,,,5705746,728893835.68,40500,F1,1,,,,,
2026-09-02,2026-09-02,CM,NSE,STK,758675,INE886D01026,EFCIL,EQ,,,,,EFC (I) LIMITED,200.00,200.92,197.60,199.12,198.97,201.34,,199.11,,,203846,40596043.25,4540,F1,1,,,,,
2026-09-02,2026-09-02,CM,NSE,STK,24438,INE0U9101019,EFFWA,ST,,,,,EFFWA INFRA & RESEARCH L,320.00,352.80,320.00,352.80,352.80,336.00,,352.80,,,32800,11332200.00,58,F1,400,,,,,
2026-09-02,2026-09-02,CM,NSE,STK,910,INE066A01021,EICHERMOT,EQ,,,,,EICHER MOTORS LTD,7860.00,7893.00,7507.50,7711.50,7711.50,7970.00,,7711.42,,,1117588,8521558103.00,113006,F1,1,,,,,
2026-09-02,2026-09-02,CM,NSE,STK,916,INE126A01031,EIDPARRY,EQ,,,,,EID PARRY INDIA LTD,795.60,805.45,782.15,800.65,800.00,795.60,,800.66,,,358986,284385697.65,16474,F1,1,,,,,
2026-09-02,2026-09-02,CM,NSE,STK,15399,INE276C01014,EIHAHOTELS,EQ,,,,,EIH ASSOCIATED HOTELS LTD,290.50,309.85,290.30,307.85,307.15,293.30,,307.86,,,49556,15086380.10,2716,F1,1,,,,,
2026-09-02,2026-09-02,CM,NSE,STK,919,INE230A01023,EIHOTEL,EQ,,,,,EIH LIMITED,290.00,292.80,285.00,285.80,286.00,294.45,,285.82,,,174245,50023656.25,9406,F1,1,,,,,
2026-09-02,2026-09-02,CM,NSE,STK,4040,INE158B01016,EIMCOELECO,EQ,,,,,EIMCO ELECON (INDIA) LTD,2180.00,2247.80,2159.40,2194.60,2196.10,2193.40,,2194.77,,,22028,48592812.40,3155,F1,1,,,,,
2026-09-02,2026-09-02,CM,NSE,STK,764668,INE0CPR01018,EKI,EQ,,,,,EKI ENERGY SERVICES LTD,76.99,77.00,72.52,75.80,76.70,73.69,,75.53,,,16532,1246283.56,271,F1,1,,,,,
2026-09-02,2026-09-02,CM,NSE,STK,762653,INE280B01018,ELANTAS,EQ,,,,,ELANTAS BECK INDIA LTD.,11590.00,12238.00,11403.00,11904.00,11862.00,11297.00,,11904.88,,,8310,98384254.00,3655,F1,1,,,,,
2026-09-02,2026-09-02,CM,NSE,STK,762658,INE927X01018,ELCIDIN,EQ,,,,,ELCID INVESTMENTS LTD.,106170.00,107000.00,106170.00,107000.00,107000.00,106700.00,,106500.00,,,3,320170.00,3,F1,1,,,,,
2026-09-02,2026-09-02,CM,NSE,STK,8953,INE668G01021,ELDEHSG,EQ,,,,,ELDECO HSG & IND LTD.,798.95,799.95,776.25,794.25,784.00,783.65,,794.25,,,838,665233.75,108,F1,1,,,,,
2026-09-02,2026-09-02,CM,NSE,STK,13643,INE205B01031,ELECON,EQ,,,,,ELECON ENG. CO. LTD,412.60,418.35,406.20,416.60,418.35,412.25,,416.53,,,329056,136002346.90,22353,F1,1,,,,,
2026-09-02,2026-09-02,CM,NSE,STK,20899,INE0Q1W01012,EFORCE,SM,,,,,ELECTRO FORCE (INDIA) LTD,21.00,21.75,20.35,20.35,20.35,21.40,,20.35,,,15600,331860.00,13,F1,1200,,,,,
2026-09-02,2026-09-02,CM,NSE,STK,11530,INE02YR01019,EMIL,EQ,,,,,ELECTRONICS MART IND LTD,173.00,179.39,173.00,176.44,178.73,175.70,,176.44,,,942548,165885342.78,15156,F1,1,,,,,
2026-09-02,2026-09-02,CM,NSE,STK,928,INE086A01029,ELECTCAST,EQ,,,,,ELECTROSTEEL CASTINGS LTD,83.63,86.27,82.16,85.28,85.17,83.83,,85.27,,,3654988,310693666.22,28171,F1,1,,,,,
2026-09-02,2026-09-02,CM,NSE,STK,4469,INE822G01016,ELECTHERM,EQ,,,,,ELECTROTHERM (I) LTD.,995.60,1005.90,981.10,1000.10,1001.50,997.25,,1000.10,,,7593,7578948.65,617,F1,1,,,,,
2026-09-02,2026-09-02,CM,NSE,STK,29595,INE0R9101015,ELGNZ,SM,,,,,ELEGANZ INTERIORS LIMITED,88.50,94.60,86.30,88.55,90.00,92.80,,88.55,,,56000,5024550.00,49,F1,1000,,,,,
2026-09-02,2026-09-02,CM,NSE,STK,937,INE285A01027,ELGIEQUIP,EQ,,,,,ELGI EQUIPMENTS LTD,627.05,627.05,613.90,616.75,621.00,628.90,,616.76,,,340531,210388053.25,15981,F1,1,,,,,
2026-09-02,2026-09-02,CM,NSE,STK,24924,INE819L01012,ELGIRUBCO,EQ,,,,,ELGI RUBBER CO. LTD,60.66,61.80,59.40,60.88,61.50,60.66,,60.88,,,56371,3416957.63,1424,F1,1,,,,,
2026-09-02,2026-09-02,CM,NSE,STK,13423,INE050401020,ELIN,EQ,,,,,ELIN ELECTRONICS LIMITED,95.01,96.99,94.62,95.26,95.15,96.17,,95.27,,,147098,14026652.02,1790,F1,1,,,,,
2026-09-02,2026-09-02,CM,NSE,STK,762663,INE669R01026,ELITECON,EQ,,,,,ELITECON INTERNATIONAL L,9.61,9.61,9.61,9.61,9.61,10.11,,9.61,,,809638,7780621.18,3098,F1,1,,,,,
2026-09-02,2026-09-02,CM,NSE,STK,758563,INE236E01022,ELLEN,EQ,,,,,ELLENBARRIE INDUS GASES L,315.05,317.90,308.35,313.30,314.70,315.40,,313.30,,,232113,72745007.05,5280,F1,1,,,,,
2026-09-02,2026-09-02,CM,NSE,STK,4471,INE579B01039,ELPROINTL,EQ,,,,,ELPRO INTERNATIONAL LTD,175.48,175.48,173.62,173.86,173.62,175.01,,173.83,,,17302,3012071.76,146,F1,1,,,,,
2026-09-02,2026-09-02,CM,NSE,STK,29229,INE0ZOL01023,EMAPARTNER,SM,,,,,EMA PARTNERS INDIA LTD,89.45,89.45,83.00,83.55,83.55,83.45,,83.55,,,4000,343950.00,4,F1,1000,,,,,
2026-09-02,2026-09-02,CM,NSE,STK,13517,INE548C01032,EMAMILTD,EQ,,,,,EMAMI LIMITED,375.95,375.95,366.10,368.05,367.00,376.65,,368.05,,,1183546,437713419.85,22575,F1,1,,,,,
2026-09-02,2026-09-02,CM,NSE,STK,10084,INE830C01026,EMAMIPAP,BE,,,,,EMAMI PAPER MILLS LIMITED,107.61,110.47,105.10,109.31,110.42,109.77,,109.00,,,15695,1697470.61,187,F1,1,,,,,
2026-09-02,2026-09-02,CM,NSE,STK,19277,INE778K01012,EMAMIREAL,EQ,,,,,EMAMI REALTY LIMITED,68.57,69.30,67.85,67.98,68.00,68.57,,67.98,,,14408,988666.00,1033,F1,1,,,,,
2026-09-02,2026-09-02,CM,NSE,STK,14450,INE069I01010,EMBDL,EQ,,,,,EMBASSY DEVELOPMENTS LTD,59.45,59.56,58.08,59.18,59.34,59.63,,59.18,,,2150451,126573118.16,9821,F1,1,,,,,
2026-09-02,2026-09-02,CM,NSE,STK,9383,INE041025011,EMBASSY,RR,,,,,EMBASSY OFFICE PARKS REIT,438.52,439.49,435.00,435.23,435.79,438.73,,435.30,,,372037,162380650.18,12995,F1,1,,,,,
2026-09-02,2026-09-02,CM,NSE,STK,24398,INE168P01015,EMCURE,EQ,,,,,EMCURE PHARMACEUTICALS L,1845.90,1880.00,1840.00,1858.40,1859.40,1845.90,,1858.39,,,93727,174479567.60,16050,F1,1,,,,,
2026-09-02,2026-09-02,CM,NSE,STK,27629,INE0RHD01013,ETML,SM,,,,,EMERALD TYRE MANUF LTD,80.70,81.25,80.70,80.80,80.80,80.65,,80.80,,,7200,582360.00,4,F1,1200,,,,,
2026-09-02,2026-09-02,CM,NSE,STK,13421,INE296H01011,EMKAY,EQ,,,,,EMKAY GLOBAL FIN SERV LTD,266.75,266.75,252.15,255.30,257.90,264.10,,255.32,,,34967,8986408.80,702,F1,1,,,,,
2026-09-02,2026-09-02,CM,NSE,STK,10253,INE332S01011,EMKAYTOOLS,SM,,,,,EMKAY TAP & CUT. TOOL LTD,95.45,95.45,91.00,92.00,92.00,90.30,,92.00,,,1050,96397.50,6,F1,150,,,,,
2026-09-02,2026-09-02,CM,NSE,STK,758591,INE0PXC01024,ETL,SM,,,,,EMKAY TOOLS LIMITED,1024.00,1100.00,1024.00,1100.00,1100.00,1048.00,,1100.00,,,1200,1253445.00,7,F1,150,,,,,
2026-09-02,2026-09-02,CM,NSE,STK,18146,INE753K01015,EMMBI,BE,,,,,EMMBI INDUSTRIES LIMITED,93.50,94.99,90.00,91.41,93.20,92.66,,91.41,,,16813,1528072.79,111,F1,1,,,,,
2026-09-02,2026-09-02,CM,NSE,STK,759728,INE1C6T01020,EMMVEE,EQ,,,,,EMMVEE PHOTOVOLTAIC PWR L,316.20,327.45,315.90,324.70,324.85,319.25,,324.75,,,1011269,326960769.30,21895,F1,1,,,,,
2026-09-02,2026-09-02,CM,NSE,STK,764673,INE515H01014,EMPIND,EQ,,,,,EMPIRE INDUSTRIES LTD.,1219.00,1221.00,1190.00,1196.90,1203.00,1209.20,,1197.08,,,7580,9125924.20,412,F1,1,,,,,
2026-09-02,2026-09-02,CM,NSE,STK,762670,INE507F01023,EMPOWER,EQ,,,,,EMPOWER INDIA LTD.,1.91,1.91,1.91,1.91,1.91,2.01,,1.91,,,2054257,3923630.87,1493,F1,1,,,,,
2026-09-02,2026-09-02,CM,NSE,STK,18593,INE0OV601013,EMSLIMITED,EQ,,,,,EMS LIMITED,391.00,409.50,380.00,386.80,383.40,372.40,,386.77,,,8214302,3267242617.65,128490,F1,1,,,,,
2026-09-02,2026-09-02,CM,NSE,STK,9756,INE01QM01018,EMUDHRA,EQ,,,,,EMUDHRA LIMITED,533.80,536.10,520.00,522.15,522.00,533.10,,522.18,,,72368,38113603.65,3731,F1,1,,,,,
2026-09-02,2026-09-02,CM,NSE,STK,760321,INE433T01015,ENCOMPAS,SM,,,,,ENCOMPASS DESIGN INDIA L,250.40,250.40,248.10,250.00,250.00,250.00,,250.00,,,3200,798600.00,8,F1,400,,,,,
2026-09-02,2026-09-02,CM,NSE,STK,18822,INE913H01037,ENDURANCE,EQ,,,,,ENDURANCE TECHNO. LTD.,2840.00,2841.30,2735.00,2755.90,2758.30,2841.70,,2755.84,,,143316,394705290.50,22337,F1,1,,,,,
2026-09-02,2026-09-02,CM,NSE,STK,15049,INE306C01019,ENERGYDEV,EQ,,,,,ENERGY DEVE. CO.LTD,15.66,16.13,15.58,15.65,15.87,15.78,,15.65,,,17038,268378.94,284,F1,1,,,,,
2026-09-02,2026-09-02,CM,NSE,STK,23745,INE0S1L01013,EMMIL,SM,,,,,ENERGY MISSION MACH IND L,122.95,124.00,122.55,123.80,123.80,121.00,,123.80,,,5500,677687.50,11,F1,250,,,,,
2026-09-02,2026-09-02,CM,NSE,STK,23224,INE0S3X01014,ENFUSE,SM,,,,,ENFUSE SOLUTIONS LIMITED,160.00,160.00,160.00,160.00,160.00,160.00,,160.00,,,1200,192000.00,1,F1,600,,,,,
2026-09-02,2026-09-02,CM,NSE,STK,4907,INE510A01028,ENGINERSIN,EQ,,,,,ENGINEERS INDIA LTD,279.00,282.85,273.65,276.60,276.60,280.05,,276.59,,,6781901,1882256305.05,65217,F1,1,,,,,
2026-09-02,2026-09-02,CM,NSE,STK,764678,INE130L01014,ENKEIWHEL,EQ,,,,,ENKEI WHEELS (INDIA) LTD.,400.00,405.00,385.00,389.20,389.00,400.00,,392.24,,,2735,1088696.10,57,F1,1,,,,,
2026-09-02,2026-09-02,CM,NSE,STK,23230,INE0R9I01021,ENSER,SM,,,,,ENSER COMMUNICATIONS LTD,15.00,15.40,15.00,15.30,15.30,14.90,,15.30,,,65000,978500.00,10,F1,5000,,,,,
2026-09-02,2026-09-02,CM,NSE,STK,22717,INE010601016,ENTERO,EQ,,,,,ENTERO HEALTHCARE SOLU L,1805.70,1834.00,1785.30,1797.40,1800.00,1805.00,,1797.66,,,166967,301981596.80,16391,F1,1,,,,,
2026-09-02,2026-09-02,CM,NSE,STK,13192,INE265F01028,ENIL,EQ,,,,,ENTERTAIN NET. IND. LTD.,101.01,101.16,100.00,100.28,100.70,100.96,,100.29,,,8961,899936.60,276,F1,1,,,,,
2026-09-02,2026-09-02,CM,NSE,STK,27213,INE0LLY01014,EIEL,EQ,,,,,ENVIRO INFRA ENGINEERS L,190.00,194.00,188.00,192.36,192.00,190.82,,192.35,,,446613,85087523.35,9627,F1,1,,,,,
2026-09-02,2026-09-02,CM,NSE,STK,25412,INE0SUH01015,ENVIRO,SM,,,,,ENVIROTECH SYSTEMS LTD,70.00,70.00,70.00,70.00,70.00,69.10,,70.00,,,1000,70000.00,1,F1,1000,,,,,
2026-09-02,2026-09-02,CM,NSE,STK,22463,INE0G5901015,EPACK,EQ,,,,,EPACK DURABLE LIMITED,187.00,189.61,184.86,187.53,187.05,187.72,,187.54,,,393677,73878149.04,5901,F1,1,,,,,
2026-09-02,2026-09-02,CM,NSE,STK,759251,INE0MLS01022,EPACKPEB,EQ,,,,,EPACK PREFAB TECHN LTD,221.92,227.95,220.00,225.04,224.50,224.00,,225.04,,,479629,107699013.29,6524,F1,1,,,,,
2026-09-02,2026-09-02,CM,NSE,STK,5382,INE071N01016,EPIGRAL,EQ,,,,,EPIGRAL LIMITED,1235.00,1240.80,1206.20,1230.60,1234.00,1239.50,,1230.44,,,35163,43217081.00,5258,F1,1,,,,,
2026-09-02,2026-09-02,CM,NSE,STK,981,INE255A01020,EPL,EQ,,,,,EPL LIMITED,238.90,243.00,234.15,236.30,238.90,240.35,,236.29,,,10496347,2511792275.80,49449,F1,1,,,,,
2026-09-02,2026-09-02,CM,NSE,STK,758349,INE11HF01010,EEPL,ST,,,,,EPPELTONE ENGINEERS LTD,141.90,141.90,135.20,136.25,135.35,142.25,,136.25,,,45000,6155450.00,39,F1,1000,,,,,
2026-09-02,2026-09-02,CM,NSE,STK,761217,INE1KEC01023,EPWINDIA,ST,,,,,EPW INDIA LIMITED,256.00,256.00,256.00,256.00,256.00,250.00,,256.00,,,1200,307200.00,1,F1,1200,,,,,
2026-09-02,2026-09-02,CM,NSE,STK,3553,INE217G01035,EQUIPPP,BE,,,,,EQUIPPP SOC IMP TECH LTD,22.37,23.20,22.20,23.19,23.19,22.20,,22.94,,,14860,340210.60,31,F1,1,,,,,
2026-09-02,2026-09-02,CM,NSE,STK,913,INE063P01018,EQUITASBNK,EQ,,,,,EQUITAS SMALL FIN BNK LTD,72.69,73.80,72.12,73.45,73.56,73.42,,73.45,,,670856,49169403.34,10746,F1,1,,,,,
2026-09-02,2026-09-02,CM,NSE,STK,21154,INE406M01024,ERIS,EQ,,,,,ERIS LIFESCIENCES LIMITED,1292.00,1349.90,1265.10,1288.90,1330.00,1299.90,,1288.94,,,152755,195852302.50,13397,F1,1,,,,,
2026-09-02,2026-09-02,CM,NSE,STK,955,INE284A01012,ESABINDIA,EQ,,,,,ESAB INDIA LTD,6156.00,6175.50,6001.00,6038.50,6055.00,6141.50,,6038.48,,,6800,41129852.00,2132,F1,1,,,,,
2026-09-02,2026-09-02,CM,NSE,STK,19884,INE818W01011,ESAFSFB,BE,,,,,ESAF SMALL FINANCE BANK L,41.48,42.60,40.10,42.36,42.08,41.48,,42.37,,,366036,15195414.36,1279,F1,1,,,,,
2026-09-02,2026-09-02,CM,NSE,STK,22764,INE0RQZ01017,ESCONET,SM,,,,,ESCONET TECHNOLOGIES LTD,229.00,239.10,219.05,239.10,239.10,217.40,,239.10,,,101200,23832880.00,182,F1,400,,,,,
2026-09-02,2026-09-02,CM,NSE,STK,958,INE042A01014,ESCORTS,EQ,,,,,ESCORTS KUBOTA LIMITED,3009.40,3039.90,2983.10,3019.40,3010.20,3016.10,,3019.40,,,103177,311136342.60,17343,F1,1,,,,,
2026-09-02,2026-09-02,CM,NSE,STK,759296,INE818W08149,113ESFB31,N0,,,,,ESFB 11.3% 2031 SR 2,100000.00,100000.00,100000.00,100000.00,100000.00,101001.00,,100000.00,,,1,100000.00,1,F1,1,,,,,
2026-09-02,2026-09-02,CM,NSE,STK,25634,INE122M01019,ESSARSHPNG,EQ,,,,,ESSAR SHIPPING LTD,16.99,16.99,16.50,16.73,16.79,16.83,,16.73,,,147217,2462990.65,552,F1,1,,,,,
2026-09-02,2026-09-02,CM,NSE,STK,17084,INE0ITO01014,ESFL,SM,,,,,ESSEN SPECIALITY FILMS L,118.90,118.90,115.00,117.10,117.50,120.15,,117.10,,,22680,2644884.00,39,F1,360,,,,,
2026-09-02,2026-09-02,CM,NSE,STK,24265,INE778B01029,ESTER,EQ,,,,,ESTER INDUSTRIES LTD,91.71,94.75,91.41,94.05,93.58,92.68,,94.12,,,95277,8892204.64,2164,F1,1,,,,,
2026-09-02,2026-09-02,CM,NSE,STK,5097,INE758T01015,ETERNAL,EQ,,,,,ETERNAL LIMITED,325.50,327.50,320.30,327.30,327.30,327.75,,327.29,,,20138975,6541082409.40,145685,F1,1,,,,,
2026-09-02,2026-09-02,CM,NSE,STK,9750,INE04TZ01018,ETHOSLTD,EQ,,,,,ETHOS LIMITED,2879.40,2901.50,2820.00,2839.40,2850.00,2879.40,,2839.45,,,25873,74122144.80,4947,F1,1,,,,,
2026-09-02,2026-09-02,CM,NSE,STK,25162,INE0KCE01017,EUREKAFORB,EQ,,,,,EUREKA FORBES LIMITED,425.50,426.30,419.85,422.95,424.00,427.80,,422.96,,,81366,34384250.15,8055,F1,1,,,,,
2026-09-02,2026-09-02,CM,NSE,STK,6042,INE546V01010,EIFFL,BE,,,,,EURO (I) FRESH FOODS LTD,284.25,284.25,284.25,284.25,284.25,290.05,,284.25,,,420,119385.00,8,F1,1,,,,,
2026-09-02,2026-09-02,CM,NSE,STK,757953,INE505V01016,EUROBOND,EQ,,,,,EURO PANEL PRODUCTS LTD,149.95,152.00,145.51,150.04,152.00,148.02,,150.04,,,7429,1110750.17,110,F1,1,,,,,
2026-09-02,2026-09-02,CM,NSE,STK,759797,INE198501012,EUROPRATIK,EQ,,,,,EURO PRATIK SALES LIMITED,257.50,271.20,255.30,260.05,259.40,259.35,,260.07,,,201379,52631344.55,2907,F1,1,,,,,
2026-09-02,2026-09-02,CM,NSE,STK,11782,INE128A01029,EVEREADY,EQ,,,,,EVEREADY INDS. IND.  LTD.,322.50,329.65,316.85,321.30,320.00,325.10,,321.29,,,86932,27833744.75,2642,F1,1,,,,,
2026-09-02,2026-09-02,CM,NSE,STK,6017,INE295A01018,EVERESTIND,BE,,,,,EVEREST INDUSTRIES LTD,429.00,429.00,414.00,427.55,428.00,420.75,,427.55,,,3705,1574537.55,104,F1,1,,,,,
2026-09-02,2026-09-02,CM,NSE,STK,13091,INE184H01027,EKC,EQ,,,,,EVEREST KANTO CYLINDERLTD,105.62,107.00,104.46,106.25,107.00,105.79,,106.26,,,127389,13468465.76,1854,F1,1,,,,,
2026-09-02,2026-09-02,CM,NSE,STK,11471,INE369A01029,EXCELINDUS,EQ,,,,,EXCEL INDUSTRIES LTD,1018.00,1035.10,1010.00,1027.40,1029.80,1015.50,,1027.40,,,5547,5694412.40,860,F1,1,,,,,
2026-09-02,2026-09-02,CM,NSE,STK,25327,INE0Y4801011,EXCELLENT,ST,,,,,EXCELLENT WIRES N PACK L,199.00,208.80,199.00,208.80,208.80,204.00,,208.80,,,3200,652480.00,2,F1,1600,,,,,
2026-09-02,2026-09-02,CM,NSE,STK,760007,INE606N01019,EXCELSOFT,EQ,,,,,EXCELSOFT TECHNOLOGIES L,70.00,70.00,69.05,69.62,69.60,69.79,,69.62,,,171128,11900391.06,1495,F1,1,,,,,
2026-09-02,2026-09-02,CM,NSE,STK,22947,INE777F01014,EXICOM,EQ,,,,,EXICOM TELE SYSTEMS LTD,158.31,165.80,158.15,163.33,162.42,162.98,,163.32,,,698763,113616886.87,9718,F1,1,,,,,
2026-09-02,2026-09-02,CM,NSE,STK,676,INE302A01020,EXIDEIND,EQ,,,,,EXIDE INDUSTRIES LTD,435.00,436.50,423.70,425.65,426.40,436.25,,425.65,,,2878998,1234629680.15,55350,F1,1,,,,,
2026-09-02,2026-09-02,CM,NSE,STK,760422,INE19I001020,EXIMROUTES,SM,,,,,EXIM ROUTES LIMITED,109.00,112.00,108.00,108.00,108.00,108.00,,108.00,,,6400,704800.00,8,F1,800,,,,,
2026-09-02,2026-09-02,CM,NSE,STK,17486,INE201K01015,EXPLEOSOL,EQ,,,,,EXPLEO SOLUTIONS LIMITED,871.50,926.90,871.50,890.85,884.00,854.40,,890.85,,,431972,387500194.35,22476,F1,1,,,,,
2026-09-02,2026-09-02,CM,NSE,STK,5352,INE0GFE01026,EXXARO,EQ,,,,,EXXARO TILES LIMITED,6.48,6.71,6.36,6.60,6.59,6.48,,6.60,,,382891,2510470.53,1213,F1,1,,,,,
2026-09-02,2026-09-02,CM,NSE,STK,760125,INE0HF201011,FABTECH,EQ,,,,,FABTECH TECHNOLOGIES LTD,147.64,149.79,145.77,147.84,148.00,147.60,,147.84,,,62164,9205299.88,1128,F1,1,,,,,
2026-09-02,2026-09-02,CM,NSE,STK,1008,INE188A01015,FACT,EQ,,,,,FACT LTD,815.00,817.45,800.30,804.30,807.00,815.25,,804.32,,,140166,113065588.05,8315,F1,1,,,,,
2026-09-02,2026-09-02,CM,NSE,STK,1619,INE0DNW01011,FAIRCHEMOR,BE,,,,,FAIRCHEM ORGANICS LIMITED,662.00,677.35,662.00,674.00,674.00,664.15,,670.00,,,3070,2054940.75,62,F1,1,,,,,
2026-09-02,2026-09-02,CM,NSE,STK,24150,INE0PQK01013,FALCONTECH,SM,,,,,FALCON TECHNOPROJ IND LTD,12.80,12.80,11.50,12.35,12.55,12.75,,12.35,,,8400,101700.00,7,F1,1200,,,,,
2026-09-02,2026-09-02,CM,NSE,STK,765371,INE1Q2D01019,FASCINATE,ST,,,,,FASCINATE TEXTILES LTD,80.35,80.35,80.35,80.35,80.35,84.55,,80.35,,,5600,449960.00,6,F1,800,,,,,
2026-09-02,2026-09-02,CM,NSE,STK,12000,INE963C01033,FAZE3Q,EQ,,,,,FAZE THREE LIMITED,482.80,491.95,473.00,488.75,485.60,490.55,,488.75,,,17325,8365441.55,860,F1,1,,,,,
2026-09-02,2026-09-02,CM,NSE,STK,11999,INE512B01022,FCSSOFT,EQ,,,,,FCS SOFTWARE SOLN. LTD.,1.45,1.50,1.44,1.45,1.46,1.45,,1.45,,,2997571,4406190.04,1302,F1,1,,,,,
2026-09-02,2026-09-02,CM,NSE,STK,4898,INE258B01022,FDC,EQ,,,,,FDC LIMITED,334.25,344.60,328.80,340.60,342.00,333.60,,340.57,,,159404,53658340.95,7321,F1,1,,,,,
2026-09-02,2026-09-02,CM,NSE,STK,20322,INE007N01010,FEDFINA,EQ,,,,,FEDBANK FINANCIAL SER L,155.00,158.50,153.89,157.57,157.89,156.21,,157.57,,,704394,110566902.16,9906,F1,1,,,,,
2026-09-02,2026-09-02,CM,NSE,STK,762675,INE417D01020,FEDDERSHOL,EQ,,,,,FEDDERS HOLDING LTD.,45.99,46.94,45.00,45.99,46.05,45.21,,45.99,,,954494,43947190.42,1826,F1,1,,,,,
2026-09-02,2026-09-02,CM,NSE,STK,1023,INE171A01029,FEDERALBNK,EQ,,,,,FEDERAL BANK LTD,349.00,353.50,345.20,353.35,353.35,349.25,,353.34,,,6273256,2198017162.10,67869,F1,1,,,,,
2026-09-02,2026-09-02,CM,NSE,STK,1190,INE529A01010,FMGOETZE,EQ,,,,,FEDERAL-MOGUL GOETZE (IND,626.00,628.75,607.40,612.40,613.35,624.85,,612.42,,,1528240,938977023.90,23843,F1,1,,,,,
2026-09-02,2026-09-02,CM,NSE,STK,573,INE901X01013,FELIX,SM,,,,,FELIX INDUSTRIES LTD.,184.00,191.00,182.05,189.70,191.00,184.35,,189.70,,,135000,25451250.00,149,F1,500,,,,,
2026-09-02,2026-09-02,CM,NSE,STK,762680,INE225B01021,FERMENTA,EQ,,,,,FERMENTA BIOTECH LTD.,486.00,529.80,480.00,520.65,529.80,485.80,,520.97,,,159537,80978559.70,7161,F1,1,,,,,
2026-09-02,2026-09-02,CM,NSE,STK,8159,INE296C01020,FIBERWEB,EQ,,,,,FIBERWEB INDIA LIMITED,26.00,26.00,25.52,25.76,25.80,26.15,,25.76,,,12490,322235.62,142,F1,1,,,,,
2026-09-02,2026-09-02,CM,NSE,STK,9858,INE0LQQ01019,FIDEL,SM,,,,,FIDEL SOFTECH LIMITED,141.00,141.00,141.00,141.00,141.00,142.00,,141.00,,,1000,141000.00,1,F1,1000,,,,,
2026-09-02,2026-09-02,CM,NSE,STK,13710,INE737H01014,FIEMIND,EQ,,,,,FIEM INDUSTRIES LIMITED,2085.00,2085.00,2040.00,2052.00,2048.00,2085.70,,2051.99,,,55396,113429164.10,6994,F1,1,,,,,
2026-09-02,2026-09-02,CM,NSE,STK,23647,INE185E01021,FILATFASH,EQ,,,,,FILATEX FASHIONS LIMITED,0.18,0.19,0.18,0.18,0.19,0.18,,0.18,,,20978413,3878952.83,1702,F1,1,,,,,
2026-09-02,2026-09-02,CM,NSE,STK,24532,INE816B01035,FILATEX,EQ,,,,,FILATEX INDIA LTD,73.00,75.21,72.10,73.31,73.51,73.74,,73.31,,,1849818,136041502.41,9380,F1,1,,,,,
2026-09-02,2026-09-02,CM,NSE,STK,759776,INE0EDU01014,FINBUD,SM,,,,,FINBUD FINANCIAL SERV LTD,129.90,129.90,126.00,126.00,126.00,129.90,,126.00,,,5000,637900.00,5,F1,1000,,,,,
2026-09-02,2026-09-02,CM,NSE,STK,3744,INE686Y01026,FINEORG,EQ,,,,,FINE ORGANIC IND. LTD.,5250.50,5251.50,5130.00,5146.50,5140.00,5255.50,,5146.43,,,17127,88244943.50,4539,F1,1,,,,,
2026-09-02,2026-09-02,CM,NSE,STK,6198,INE045J01034,FCL,EQ,,,,,FINEOTEX CHEMICAL LIMITED,49.00,49.60,48.11,49.19,49.35,48.83,,49.19,,,7723374,377210491.08,23280,F1,1,,,,,
2026-09-02,2026-09-02,CM,NSE,STK,759239,INE734I01027,FINKURVE,EQ,,,,,FINKURVE FINANCIAL SERV L,68.02,71.79,67.56,69.53,69.98,67.76,,69.42,,,58734,4080542.50,1153,F1,1,,,,,
2026-09-02,2026-09-02,CM,NSE,STK,6579,INE02NC01014,FINOPB,EQ,,,,,FINO PAYMENTS BANK LTD,137.12,145.78,135.00,140.49,141.00,136.44,,140.49,,,871541,123351086.83,10484,F1,1,,,,,
2026-09-02,2026-09-02,CM,NSE,STK,1038,INE235A01022,FINCABLES,EQ,,,,,FINOLEX CABLES LTD,1232.30,1235.50,1186.50,1191.20,1192.00,1248.30,,1191.25,,,643658,775250186.20,30248,F1,1,,,,,
2026-09-02,2026-09-02,CM,NSE,STK,1041,INE183A01024,FINPIPE,EQ,,,,,FINOLEX INDUSTRIES LTD,154.80,159.70,152.51,157.84,158.50,155.34,,157.86,,,1132536,175350745.00,25204,F1,1,,,,,
2026-09-02,2026-09-02,CM,NSE,STK,14304,INE684F01012,FSL,EQ,,,,,FIRSTSOURCE SOLU. LTD.,263.80,272.00,262.20,270.40,271.35,266.00,,270.38,,,674372,180839583.10,15770,F1,1,,,,,
2026-09-02,2026-09-02,CM,NSE,STK,757658,INE771F01041,FISCHER,EQ,,,,,FISCHER MEDICAL VENTURE L,37.67,38.00,36.76,37.73,37.51,36.77,,37.74,,,651361,24408636.84,2658,F1,1,,,,,
2026-09-02,2026-09-02,CM,NSE,STK,12032,INE128S01021,FIVESTAR,EQ,,,,,FIVE-STAR BUS FIN LTD,535.00,535.00,518.50,524.85,524.95,538.10,,524.85,,,558691,293485595.85,27151,F1,1,,,,,
2026-09-02,2026-09-02,CM,NSE,STK,20372,INE00Y201027,FLAIR,EQ,,,,,FLAIR WRITING INDUST LTD,250.50,250.50,246.10,247.14,246.90,249.98,,247.13,,,67200,16686377.25,1214,F1,1,,,,,
2026-09-02,2026-09-02,CM,NSE,STK,25516,INE060J01017,FLEXITUFF,BE,,,,,FLEXITUFF VENTURES INT L,2.46,2.46,2.34,2.39,2.40,2.46,,2.39,,,62354,148958.58,89,F1,1,,,,,
2026-09-02,2026-09-02,CM,NSE,STK,758208,INE0VCK01011,FLYSBS,SM,,,,,FLYSBS AVIATION LIMITED,601.00,648.00,591.00,634.65,633.25,606.65,,634.65,,,154400,95996560.00,474,F1,200,,,,,
2026-09-02,2026-09-02,CM,NSE,STK,6839,INE593W01028,FOCUS,BE,,,,,FOCUS LIGHTG & FIXTRS LTD,66.20,67.87,64.33,64.53,64.50,66.14,,64.53,,,37259,2430838.01,367,F1,1,,,,,
2026-09-02,2026-09-02,CM,NSE,STK,22517,INE0Q4701019,FONEBOX,SM,,,,,FONEBOX RETAIL LIMITED,99.00,99.00,99.00,99.00,99.00,99.00,,99.00,,,1000,99000.00,1,F1,1000,,,,,
2026-09-02,2026-09-02,CM,NSE,STK,6673,INE976E01023,FOODSIN,EQ,,,,,FOODS & INNS LIMITED,53.37,56.00,53.20,54.78,54.99,53.46,,54.78,,,374789,20600442.56,1982,F1,1,,,,,
2026-09-02,2026-09-02,CM,NSE,STK,24917,INE0U2501017,FORCAS,ST,,,,,FORCAS STUDIO LIMITED,237.60,243.95,228.80,239.95,239.95,235.85,,239.95,,,9600,2276960.00,6,F1,1600,,,,,
2026-09-02,2026-09-02,CM,NSE,STK,11573,INE451A01017,FORCEMOT,EQ,,,,,FORCE MOTORS LIMITED,17720.00,17823.00,17360.00,17600.00,17600.00,17722.00,,17603.88,,,103485,1818451279.00,24785,F1,1,,,,,
2026-09-02,2026-09-02,CM,NSE,STK,25664,INE0YKW01013,FORGEAUTO,SM,,,,,FORGE AUTO INTERNATION L,95.25,95.25,95.25,95.25,95.25,90.75,,95.25,,,1200,114300.00,1,F1,1200,,,,,
2026-09-02,2026-09-02,CM,NSE,STK,14592,INE061F01013,FORTIS,EQ,,,,,FORTIS HEALTHCARE LTD,907.65,915.00,901.35,915.00,915.00,915.00,,915.00,,,725295,659650471.60,21281,F1,1,,,,,
2026-09-02,2026-09-02,CM,NSE,STK,1073,INE519A01011,FOSECOIND,EQ,,,,,FOSECO INDIA LTD,6300.00,6369.50,6150.00,6183.00,6174.50,6308.50,,6183.06,,,12329,76896499.00,3410,F1,1,,,,,
2026-09-02,2026-09-02,CM,NSE,STK,760961,INE212S01015,FRACTAL,EQ,,,,,FRACTAL ANALYTICS LIMITED,824.90,838.75,816.40,821.40,823.00,827.80,,821.38,,,154219,127240439.70,9133,F1,1,,,,,
2026-09-02,2026-09-02,CM,NSE,STK,764683,INE194R01017,FREDUN,EQ,,,,,FREDUN PHARMACEUTICALS L,1497.80,1519.60,1470.00,1505.80,1510.00,1497.80,,1505.85,,,9712,14546150.10,1487,F1,1,,,,,
2026-09-02,2026-09-02,CM,NSE,STK,25871,INE0SFW01015,FRESHARA,ST,,,,,FRESHARA AGRO EXPORTS LTD,474.00,474.00,445.00,461.30,464.00,456.95,,461.30,,,18000,8288190.00,29,F1,600,,,,,
2026-09-02,2026-09-02,CM,NSE,STK,11504,INE385O01018,FROG,ST,,,,,FROG INNOVATIONS LIMITED,266.00,266.00,248.30,259.15,256.00,260.60,,259.15,,,30800,7944840.00,68,F1,400,,,,,
2026-09-02,2026-09-02,CM,NSE,STK,762685,INE572D01014,FRONTSP,EQ,,,,,FRONTIER SPRINGS LTD.,1259.90,1264.30,1242.50,1250.40,1253.00,1256.20,,1250.46,,,13571,16991131.90,1912,F1,1,,,,,
2026-09-02,2026-09-02,CM,NSE,STK,6545,INE388Y01029,NYKAA,EQ,,,,,FSN E COMMERCE VENTURES,335.05,337.40,329.75,337.40,337.40,338.50,,337.39,,,3267663,1090670648.90,48135,F1,1,,,,,
2026-09-02,2026-09-02,CM,NSE,STK,759876,INE12UR01024,UTLSOLAR,EQ,,,,,FUJIYAMA POWER SYSTEMS L,437.15,451.50,430.80,434.40,432.00,439.15,,434.45,,,250798,110560877.00,11684,F1,1,,,,,
2026-09-02,2026-09-02,CM,NSE,STK,11932,INE139R01012,FUSION,EQ,,,,,FUSION FINANCE LIMITED,194.65,196.11,191.13,193.42,193.60,194.65,,193.40,,,206791,39837953.37,4410,F1,1,,,,,
2026-09-02,2026-09-02,CM,NSE,STK,14868,INE452O01016,FLFL,BZ,,,,,FUT LIFESTYLE FASH LTD,1.22,1.24,1.15,1.23,1.24,1.19,,1.23,,,28609,34406.84,66,F1,1,,,,,
2026-09-02,2026-09-02,CM,NSE,STK,13812,INE623B01027,FEL,BZ,,,,,FUTURE ENTERPRISES LTD,0.38,0.39,0.38,0.39,0.39,0.38,,0.45,,,123793,47913.96,86,F1,1,,,,,
2026-09-02,2026-09-02,CM,NSE,STK,30491,IN9623B01058,FELDVR,BZ,,,,,FUTURE ENTERPRISES LTD,2.30,2.30,2.23,2.23,2.23,2.23,,2.25,,,420,948.12,8,F1,1,,,,,
2026-09-02,2026-09-02,CM,NSE,STK,21017,INE360L01017,FMNL,EQ,,,,,FUTURE MKT NETWORKS LTD,10.09,10.20,9.62,9.64,9.65,10.04,,9.72,,,15300,150266.32,125,F1,1,,,,,
2026-09-02,2026-09-02,CM,NSE,STK,1168,INE075D01018,GMBREW,EQ,,,,,G M BREWERIES LTD,876.00,889.90,871.00,885.40,883.05,876.20,,885.38,,,19456,17091827.75,1329,F1,1,,,,,
2026-09-02,2026-09-02,CM,NSE,STK,5054,INE201P01022,GRINFRA,EQ,,,,,G R INFRAPROJECTS LIMITED,875.05,890.00,858.25,873.90,868.00,882.50,,873.91,,,10763,9360801.70,1522,F1,1,,,,,
2026-09-02,2026-09-02,CM,NSE,STK,1135,INE586X01012,GTECJAINX,BE,,,,,G-TEC JAINX EDUCATION LTD,28.30,29.35,27.50,28.90,28.90,28.28,,28.90,,,2322,66162.56,31,F1,1,,,,,
2026-09-02,2026-09-02,CM,NSE,STK,1085,INE524A01029,GABRIEL,EQ,,,,,GABRIEL INDIA LTD,1427.00,1434.90,1372.20,1384.90,1400.00,1426.30,,1384.82,,,230274,320206665.70,15481,F1,1,,,,,
2026-09-02,2026-09-02,CM,NSE,STK,18018,INE224E01028,GATECH,BE,,,,,GACM TECHNOLOGIES LIMITED,1.00,1.00,1.00,1.00,1.00,1.05,,1.00,,,5654832,5654832.00,4670,F1,1,,,,,
2026-09-02,2026-09-02,CM,NSE,STK,27,INE224E01036,GATECHDVR,BE,,,,,GACM TECHNOLOGIES LIMITED,0.52,0.53,0.52,0.52,0.52,0.54,,0.52,,,435438,226907.46,267,F1,1,,,,,
2026-09-02,2026-09-02,CM,NSE,STK,4717,INE129A01019,GAIL,EQ,,,,,GAIL (INDIA) LTD,172.60,173.60,171.02,173.00,173.00,172.69,,173.00,,,5580510,961037860.08,59418,F1,1,,,,,
2026-09-02,2026-09-02,CM,NSE,STK,765396,INE18UN01038,GAJA,EQ,,,,,GAJA ALT ASSET MGT LTD,159.75,164.70,158.10,163.83,163.99,161.79,,163.84,,,2433047,393935364.56,24912,F1,1,,,,,
2026-09-02,2026-09-02,CM,NSE,STK,25134,INE0RE001014,GALAPREC,EQ,,,,,GALA PRECISION ENG LTD,1015.30,1047.80,1002.00,1040.50,1039.00,1009.60,,1040.49,,,35036,36152158.70,3556,F1,1,,,,,
2026-09-02,2026-09-02,CM,NSE,STK,759089,INE09A801015,GML,SM,,,,,GALAXY MEDICARE LIMITED,17.80,17.85,17.80,17.85,17.85,17.00,,17.85,,,18000,321000.00,8,F1,2000,,,,,
2026-09-02,2026-09-02,CM,NSE,STK,1315,INE600K01018,GALAXYSURF,EQ,,,,,GALAXY SURFACTANTS LTD,2223.90,2244.00,2200.00,2223.10,2218.50,2229.40,,2223.09,,,11285,25052643.20,3538,F1,1,,,,,
2026-09-02,2026-09-02,CM,NSE,STK,13337,INE297H01019,GALLANTT,EQ,,,,,GALLANTT ISPAT LIMITED,552.80,562.00,543.15,555.40,557.00,552.80,,555.37,,,49632,27461577.45,5430,F1,1,,,,,
2026-09-02,2026-09-02,CM,NSE,STK,20303,INE717W01049,GANDHAR,EQ,,,,,GANDHAR OIL REFINE IND L,263.65,267.75,262.10,265.95,265.60,261.80,,265.96,,,1018241,270201078.35,14840,F1,1,,,,,
2026-09-02,2026-09-02,CM,NSE,STK,14116,INE524B01027,GANDHITUBE,EQ,,,,,GANDHI SPL. TUBES LTD,891.65,904.50,887.35,896.40,897.10,896.60,,896.36,,,7989,7165149.55,600,F1,1,,,,,
2026-09-02,2026-09-02,CM,NSE,STK,5617,INE388A01029,GANESHBE,BE,,,,,GANESH BENZOPLAST LIMITED,115.50,122.18,114.50,122.18,122.18,116.37,,123.09,,,186820,22565494.66,459,F1,1,,,,,
2026-09-02,2026-09-02,CM,NSE,STK,759012,INE652V01016,GANESHCP,EQ,,,,,GANESH CONSUMER PRODUCT L,167.00,170.00,166.50,167.47,167.89,168.20,,167.47,,,67303,11281445.56,1087,F1,1,,,,,
2026-09-02,2026-09-02,CM,NSE,STK,24439,INE0R8C01018,GGBL,SM,,,,,GANESH GREEN BHARAT LTD,217.50,229.75,217.50,225.85,226.35,217.50,,225.85,,,29400,6588435.00,94,F1,300,,,,,
2026-09-02,2026-09-02,CM,NSE,STK,14339,INE460C01014,GANESHHOU,EQ,,,,,GANESH HOUSING LIMITED,773.95,773.95,757.05,762.00,763.00,775.20,,762.02,,,11344,8652493.15,865,F1,1,,,,,
2026-09-02,2026-09-02,CM,NSE,STK,27351,INE0TVT01024,GANESHIN,ST,,,,,GANESH INFRAWORLD LIMITED,100.00,102.30,97.70,97.70,97.70,102.80,,97.70,,,108800,10714720.00,107,F1,800,,,,,
2026-09-02,2026-09-02,CM,NSE,STK,6944,INE845D01014,GANECOS,EQ,,,,,GANESHA ECOSPHERE LIMITED,1026.50,1040.00,1001.80,1004.40,1008.00,1024.60,,1004.50,,,53502,54317821.40,5294,F1,1,,,,,
2026-09-02,2026-09-02,CM,NSE,STK,757525,INE0ZI101018,GANGABATH,SM,,,,,GANGA BATH FITTINGS LTD,21.45,21.45,20.40,20.60,20.85,21.80,,20.60,,,75000,1562100.00,24,F1,3000,,,,,
2026-09-02,2026-09-02,CM,NSE,STK,4957,INE691Z01023,GANGAFORGE,EQ,,,,,GANGA FORGING LIMITED,1.85,1.85,1.77,1.85,1.85,1.77,,1.85,,,7078382,13059862.50,1465,F1,1,,,,,
2026-09-02,2026-09-02,CM,NSE,STK,21399,INE335W01016,GANGESSECU,EQ,,,,,GANGES SECURITIES LIMITED,118.10,119.80,115.70,117.87,118.00,118.03,,117.87,,,1435,169540.08,30,F1,1,,,,,
2026-09-02,2026-09-02,CM,NSE,STK,5475,INE382Z01011,GRSE,EQ,,,,,GARDEN REACH SHIP&ENG LTD,2523.00,2535.00,2487.00,2495.10,2497.00,2530.20,,2495.12,,,273379,683286383.10,21221,F1,1,,,,,
2026-09-02,2026-09-02,CM,NSE,STK,25800,INE0JVO01026,GARUDA,EQ,,,,,GARUDA CONSTRUCT N ENG L,178.05,180.00,173.10,174.34,174.80,179.85,,174.34,,,459289,80953979.79,8118,F1,1,,,,,
2026-09-02,2026-09-02,CM,NSE,STK,7982,INE291A01017,GRWRHITECH,EQ,,,,,GARWARE HI-TECH FILMS LTD,7178.00,7323.00,7115.00,7202.50,7190.00,7209.50,,7202.14,,,27984,201776035.50,7212,F1,1,,,,,
2026-09-02,2026-09-02,CM,NSE,STK,1100,INE276A01018,GARFIBRES,EQ,,,,,GARWARE TECH FIBRES LTD,846.95,846.95,810.30,814.75,816.00,842.70,,814.74,,,52451,43240393.60,5511,F1,1,,,,,
2026-09-02,2026-09-02,CM,NSE,STK,8510,INE079J01017,GATEWAY,EQ,,,,,GATEWAY DISTRIPARKS LTD,53.40,53.53,52.40,53.10,52.98,52.86,,53.10,,,928175,49233476.83,8408,F1,1,,,,,
2026-09-02,2026-09-02,CM,NSE,STK,760179,INE0P8B01020,GAUDIUMIVF,BE,,,,,GAUDIUM IVF N WOMEN H L,128.98,129.80,121.34,123.40,124.00,127.72,,123.43,,,159307,19554045.31,1285,F1,1,,,,,
2026-09-02,2026-09-02,CM,NSE,STK,3693,INE287Z01012,GAYAHWS,EQ,,,,,GAYATRI HIGHWAYS LIMITED,2.02,2.09,1.95,1.99,1.97,2.02,,1.98,,,215434,429825.51,331,F1,1,,,,,
2026-09-02,2026-09-02,CM,NSE,STK,25023,INE336H01023,GAYAPROJ,EQ,,,,,GAYATRI PROJECTS LTD,20.51,21.72,20.35,21.46,21.40,20.69,,21.48,,,549373,11847261.86,2023,F1,1,,,,,
2026-09-02,2026-09-02,CM,NSE,STK,14052,INE0LVM01018,GRCL,SM,,,,,GAYATRI RUBB AND CHEM LTD,590.00,597.95,590.00,590.00,590.00,580.00,,590.00,,,1500,886987.50,6,F1,250,,,,,
2026-09-02,2026-09-02,CM,NSE,STK,7862,INE878A01011,GVPIL,EQ,,,,,GE POWER INDIA LIMITED,622.80,638.45,608.00,632.15,631.00,622.55,,632.17,,,125940,78541522.35,5160,F1,1,,,,,
2026-09-02,2026-09-02,CM,NSE,STK,16783,INE200A01026,GVT&D,EQ,,,,,GE VERNOVA T&D INDIA LTD,4280.00,4282.50,4183.20,4240.00,4240.00,4324.00,,4239.92,,,836148,3529375660.60,73323,F1,1,,,,,
2026-09-02,2026-09-02,CM,NSE,STK,13662,INE916G01016,GEECEE,BE,,,,,GEECEE VENTURES LIMITED,373.95,373.95,362.30,366.90,369.65,368.55,,366.90,,,1751,641902.00,31,F1,1,,,,,
2026-09-02,2026-09-02,CM,NSE,STK,17922,INE669X01032,GEEKAYWIRE,EQ,,,,,GEEKAY WIRES LIMITED,31.20,31.20,27.51,27.86,28.20,29.09,,27.86,,,334848,9755335.08,2694,F1,1,,,,,
2026-09-02,2026-09-02,CM,NSE,STK,759461,INE06XZ01023,GEMAROMA,EQ,,,,,GEM AROMATICS LIMITED,167.35,169.00,162.88,164.17,165.26,166.69,,164.21,,,63560,10474306.89,1155,F1,1,,,,,
2026-09-02,2026-09-02,CM,NSE,STK,277,INE481Y01014,GICRE,EQ,,,,,GENERAL INS CORP OF INDIA,354.95,358.45,352.25,355.45,355.20,354.75,,355.46,,,1798962,639200063.20,20274,F1,1,,,,,
2026-09-02,2026-09-02,CM,NSE,STK,2188,INE854S01022,GENCON,EQ,,,,,GENERIC ENG CONS PROJ LTD,45.41,45.41,43.51,44.33,43.56,44.93,,44.33,,,245355,10958878.48,599,F1,1,,,,,
2026-09-02,2026-09-02,CM,NSE,STK,10905,INE727B01026,GENESYS,EQ,,,,,GENESYS INTL CORPN LTD,225.00,225.79,216.35,219.87,219.99,225.93,,219.87,,,396489,87784456.75,5955,F1,1,,,,,
2026-09-02,2026-09-02,CM,NSE,STK,758842,INE06H201014,GENSOL,BZ,,,,,GENSOL ENGINEERING LTD,17.49,17.80,16.51,16.86,17.20,17.23,,16.89,,,26383,448724.10,334,F1,1,,,,,
2026-09-02,2026-09-02,CM,NSE,STK,6600,INE949P01018,GENUSPAPER,EQ,,,,,GENUS P&B LIMITED,12.04,12.14,11.82,11.96,11.90,11.99,,11.88,,,42138,504476.27,175,F1,1,,,,,
2026-09-02,2026-09-02,CM,NSE,STK,11905,INE955D01029,GENUSPOWER,EQ,,,,,GENUS POWER INFRASTRU LTD,325.00,341.00,324.00,336.15,339.00,327.90,,336.13,,,3705712,1232072983.65,89491,F1,1,,,,,
2026-09-02,2026-09-02,CM,NSE,STK,31942,INE1W0N01014,GENXAI,SM,,,,,GENXAI ANALYTICS LIMITED,84.05,84.05,79.50,81.90,81.90,85.05,,81.90,,,102000,8319120.00,44,F1,1200,,,,,
2026-09-02,2026-09-02,CM,NSE,STK,11896,INE007B01023,GEOJITFSL,EQ,,,,,GEOJIT FINANCIAL SER L,83.00,83.22,81.77,82.76,83.14,83.22,,82.78,,,225428,18615802.46,2670,F1,1,,,,,
2026-09-02,2026-09-02,CM,NSE,STK,1289,INE538A01037,GFLLIMITED,EQ,,,,,GFL LIMITED,55.12,59.67,54.18,58.82,58.62,56.30,,58.81,,,346841,20184957.36,4558,F1,1,,,,,
2026-09-02,2026-09-02,CM,NSE,STK,1127,INE539A01019,GHCL,EQ,,,,,GHCL LIMITED,435.00,438.15,431.00,435.10,435.90,435.60,,435.09,,,53854,23396895.55,2766,F1,1,,,,,
2026-09-02,2026-09-02,CM,NSE,STK,16696,INE0PA801013,GHCLTEXTIL,EQ,,,,,GHCL TEXTILES LIMITED,142.00,144.59,138.00,139.35,139.94,140.45,,139.34,,,1397109,197013793.37,19365,F1,1,,,,,
2026-09-02,2026-09-02,CM,NSE,STK,1139,INE289B01019,GICHSGFIN,EQ,,,,,GIC HOUSING FINANCE LTD,140.60,148.38,139.50,145.82,144.85,141.95,,145.81,,,155356,22331565.59,2260,F1,1,,,,,
2026-09-02,2026-09-02,CM,NSE,STK,17839,INE047B01011,GILLANDERS,EQ,,,,,GILLANDERS ARBUTHNOT LTD,106.00,108.89,103.00,105.02,106.00,105.83,,105.02,,,3326,349553.13,44,F1,1,,,,,
2026-09-02,2026-09-02,CM,NSE,STK,1576,INE322A01010,GILLETTE,EQ,,,,,GILLETTE INDIA LTD,7400.00,7460.00,7306.00,7346.00,7353.00,7419.50,,7345.91,,,20760,153207640.50,5166,F1,1,,,,,
2026-09-02,2026-09-02,CM,NSE,STK,9294,INE424C01010,GINNIFILA,BE,,,,,GINNIFILAMENTS LTD.,43.99,44.00,43.00,43.97,43.99,43.54,,43.95,,,38932,1703784.65,116,F1,1,,,,,
2026-09-02,2026-09-02,CM,NSE,STK,2365,INE614Z01017,GIRIRAJ,SM,,,,,GIRIRAJ CIVIL DEVP LTD,75.10,75.10,74.90,74.90,74.90,78.80,,74.90,,,12750,955050.00,19,F1,250,,,,,
2026-09-02,2026-09-02,CM,NSE,STK,759048,INE1AG301022,GKENERGY,EQ,,,,,GK ENERGY LIMITED,132.00,133.70,128.82,131.04,131.29,132.08,,131.05,,,225373,29521378.59,3036,F1,1,,,,,
2026-09-02,2026-09-02,CM,NSE,STK,764688,INE265D01015,GKB,EQ,,,,,GKB OPHTHALMICS LTD.,66.33,66.99,65.80,65.80,65.80,67.00,,63.15,,,68,4503.73,7,F1,1,,,,,
2026-09-02,2026-09-02,CM,NSE,STK,17357,INE528A01020,GKWLIMITED,EQ,,,,,GKW LIMITED,1568.00,1600.00,1510.10,1593.30,1600.00,1550.00,,1593.30,,,26045,40389574.70,160,F1,1,,,,,
2026-09-02,2026-09-02,CM,NSE,STK,1186,INE068V01023,GLAND,EQ,,,,,GLAND PHARMA LIMITED,2915.00,2930.00,2803.00,2868.40,2851.00,2875.00,,2868.23,,,556481,1593070275.40,49204,F1,1,,,,,
2026-09-02,2026-09-02,CM,NSE,STK,1153,INE159A01016,GLAXO,EQ,,,,,GLAXOSMITHKLINE PHARMA LT,2972.60,2990.10,2908.50,2949.90,2968.10,2996.10,,2949.78,,,59227,174519690.80,9304,F1,1,,,,,
2026-09-02,2026-09-02,CM,NSE,STK,7406,INE935A01035,GLENMARK,EQ,,,,,GLENMARK PHARMACEUTICALS,2455.00,2476.90,2420.00,2460.00,2460.00,2470.40,,2460.00,,,516029,1262181585.60,26799,F1,1,,,,,
2026-09-02,2026-09-02,CM,NSE,STK,1415,INE291W01037,GLOBAL,EQ,,,,,GLOBAL EDUCATION LIMITED,110.40,119.00,110.22,117.31,118.50,110.14,,117.31,,,496539,56919399.46,3475,F1,1,,,,,
2026-09-02,2026-09-02,CM,NSE,STK,11956,INE474Q01031,MEDANTA,EQ,,,,,GLOBAL HEALTH LIMITED,1455.00,1482.60,1440.00,1444.90,1445.00,1458.10,,1444.92,,,224430,327353494.00,24815,F1,1,,,,,
2026-09-02,2026-09-02,CM,NSE,STK,17170,INE0PS501019,GLOBALPET,ST,,,,,GLOBAL PET INDUSTRIES LTD,154.00,154.00,154.00,154.00,154.00,155.00,,154.00,,,750,115500.00,1,F1,750,,,,,
2026-09-02,2026-09-02,CM,NSE,STK,14599,INE0JSX01015,GSLSU,EQ,,,,,GLOBAL SURFACES LIMITED,24.60,25.74,24.55,25.74,25.74,24.52,,26.54,,,180235,4604253.20,845,F1,1,,,,,
2026-09-02,2026-09-02,CM,NSE,STK,13735,INE792H01019,GLOBALVECT,EQ,,,,,GLOBAL VEC HELICORP LTD,140.50,143.99,139.21,142.93,143.90,142.20,,142.90,,,5651,798216.62,271,F1,1,,,,,
2026-09-02,2026-09-02,CM,NSE,STK,24932,INE0URU01010,GLOBALE,EQ,,,,,GLOBALE TESSILE LIMITED,11.30,11.30,10.65,11.23,11.15,11.20,,11.23,,,3568,38522.04,29,F1,1,,,,,
2026-09-02,2026-09-02,CM,NSE,STK,758572,INE0V3U01015,GLOBECIVIL,EQ,,,,,GLOBE CIVIL PROJECTS LTD,47.00,47.70,45.20,46.84,47.00,46.21,,46.84,,,158647,7344378.37,445,F1,1,,,,,
2026-09-02,2026-09-02,CM,NSE,STK,393,INE581X01021,GLOBE,EQ,,,,,GLOBE ENTERPRISE (I) LTD,1.90,1.93,1.87,1.91,1.93,1.90,,1.91,,,610832,1159424.20,338,F1,1,,,,,
2026-09-02,2026-09-02,CM,NSE,STK,761025,INE947T01022,GICL,EQ,,,,,GLOBE INTL CARRIERS LTD,23.56,24.90,23.30,23.99,24.50,23.74,,23.99,,,234510,5575663.92,308,F1,1,,,,,
2026-09-02,2026-09-02,CM,NSE,STK,9764,INE00WS01056,GSTL,SM,,,,,GLOBESECURE TECHNO LTD,12.00,12.00,11.40,11.40,11.40,12.00,,11.40,,,7000,82400.00,7,F1,1000,,,,,
2026-09-02,2026-09-02,CM,NSE,STK,17424,INE615I01010,GLOBUSSPR,EQ,,,,,GLOBUS SPIRITS LTD,914.45,918.95,892.55,908.75,908.00,914.95,,908.71,,,110360,99579385.80,4863,F1,1,,,,,
2026-09-02,2026-09-02,CM,NSE,STK,23590,INE350Z01018,GLOSTERLTD,EQ,,,,,GLOSTER LIMITED,581.10,599.70,581.10,585.35,589.80,591.50,,585.20,,,1284,756265.55,77,F1,1,,,,,
2026-09-02,2026-09-02,CM,NSE,STK,760116,INE0TQE01026,GLOTTIS,EQ,,,,,GLOTTIS LIMITED,63.01,63.47,62.12,62.22,62.13,63.01,,62.29,,,26138,1638087.73,423,F1,1,,,,,
2026-09-02,2026-09-02,CM,NSE,STK,1570,INE541A01023,GMMPFAUDLR,EQ,,,,,GMM PFAUDLER LIMITED,1080.00,1089.60,1050.10,1070.00,1071.50,1083.80,,1069.97,,,167948,178941947.50,11185,F1,1,,,,,
2026-09-02,2026-09-02,CM,NSE,STK,13528,INE776C01039,GMRAIRPORT,EQ,,,,,GMR AIRPORTS LIMITED,93.40,94.21,92.60,93.99,93.99,94.12,,93.99,,,6108730,571802977.39,31555,F1,1,,,,,
2026-09-02,2026-09-02,CM,NSE,STK,8529,INE0CU601026,GMRP&UI,EQ,,,,,GMR POW AND URBAN INFRA L,89.20,91.91,86.80,91.14,91.14,89.91,,91.14,,,2248453,201407773.49,15522,F1,1,,,,,
2026-09-02,2026-09-02,CM,NSE,STK,18571,INE934S01014,GNA,EQ,,,,,GNA AXLES LIMITED,530.20,541.60,525.60,532.40,534.70,532.45,,532.42,,,155940,82961474.50,5039,F1,1,,,,,
2026-09-02,2026-09-02,CM,NSE,STK,757862,INE18JU01028,EBGNG,EQ,,,,,GNG ELECTRONICS LIMITED,650.00,673.40,637.60,641.80,640.00,650.50,,641.73,,,1248083,820742668.85,38003,F1,1,,,,,
2026-09-02,2026-09-02,CM,NSE,STK,23799,INE03JT01014,GODIGIT,EQ,,,,,GO DIGIT GENERAL INS LTD,258.05,262.20,255.20,258.40,257.10,260.75,,258.41,,,121329,31421673.00,7775,F1,1,,,,,
2026-09-02,2026-09-02,CM,NSE,STK,6964,INE0BJS01011,GOCOLORS,EQ,,,,,GO FASHION INDIA LTD,323.45,326.65,318.50,323.35,323.90,323.45,,323.35,,,51374,16590149.40,1692,F1,1,,,,,
2026-09-02,2026-09-02,CM,NSE,STK,14687,INE426D01013,GOACARBON,EQ,,,,,GOA CARBON LIMITED,366.15,373.00,363.00,365.80,368.20,369.05,,365.80,,,6453,2375364.60,479,F1,1,,,,,
2026-09-02,2026-09-02,CM,NSE,STK,3963,INE077F01035,GOCLCORP,EQ,,,,,GOCL CORPORATION LIMITED,387.75,395.00,382.55,391.70,394.95,387.35,,391.72,,,22496,8741376.40,1455,F1,1,,,,,
2026-09-02,2026-09-02,CM,NSE,STK,25941,INE497S01012,GODAVARIB,EQ,,,,,GODAVARI BIOREFINERIES L,234.95,239.00,232.00,237.30,236.62,234.95,,237.29,,,31043,7323741.50,1322,F1,1,,,,,
2026-09-02,2026-09-02,CM,NSE,STK,13409,INE177H01039,GPIL,EQ,,,,,GODAWARI POW & ISP LTD,243.41,243.41,237.01,239.39,239.45,243.41,,239.41,,,1989265,476450164.32,31169,F1,1,,,,,
2026-09-02,2026-09-02,CM,NSE,STK,1181,INE260B01028,GODFRYPHLP,EQ,,,,,GODFREY PHILLIPS INDIA LT,2072.00,2074.80,2025.40,2025.40,2025.40,2078.30,,2025.70,,,226079,460660344.60,17118,F1,1,,,,,
2026-09-02,2026-09-02,CM,NSE,STK,144,INE850D01014,GODREJAGRO,EQ,,,,,GODREJ AGROVET LIMITED,652.00,679.70,650.00,670.25,666.05,654.40,,670.27,,,2230141,1490500826.05,50244,F1,1,,,,,
2026-09-02,2026-09-02,CM,NSE,STK,10099,INE102D01028,GODREJCP,EQ,,,,,GODREJ CONSUMER PRODUCTS,900.55,905.00,891.50,905.00,905.00,905.00,,904.95,,,1120078,1005049474.85,32524,F1,1,,,,,
2026-09-02,2026-09-02,CM,NSE,STK,10925,INE233A01035,GODREJIND,EQ,,,,,GODREJ INDUSTRIES LTD,1152.90,1152.90,1135.00,1138.80,1135.00,1152.90,,1138.79,,,45406,51760555.20,4515,F1,1,,,,,
2026-09-02,2026-09-02,CM,NSE,STK,17875,INE484J01027,GODREJPROP,EQ,,,,,GODREJ PROPERTIES LTD,1950.00,1970.70,1908.90,1970.70,1970.70,1978.00,,1970.68,,,770610,1488405058.30,36302,F1,1,,,,,
2026-09-02,2026-09-02,CM,NSE,STK,765280,IN0020260058,620GS2029,GS,,,,,GOI LOAN   6.20% 2029,99.79,100.00,99.50,99.98,100.00,99.80,,99.98,,,1056,105332.34,7,F1,1,,,,,
2026-09-02,2026-09-02,CM,NSE,STK,27127,IN0020240134,692GS2039,GS,,,,,GOI LOAN   6.92% 2039,99.00,99.00,99.00,99.00,99.00,100.00,,99.00,,,110,10890.00,1,F1,1,,,,,
2026-09-02,2026-09-02,CM,NSE,STK,27819,IN0020240175,698GR2054,GS,,,,,GOI LOAN   6.98% 2054,93.10,93.10,93.10,93.10,93.10,95.00,,93.10,,,100,9310.00,1,F1,1,,,,,
2026-09-02,2026-09-02,CM,NSE,STK,27170,IN0020240142,709GS2074,GS,,,,,GOI LOAN   7.09% 2074,95.85,95.85,95.30,95.50,95.50,95.25,,95.64,,,9285,886724.58,29,F1,1,,,,,
2026-09-02,2026-09-02,CM,NSE,STK,6695,IN0020210186,574GS2026,GS,,,,,GOI LOAN  5.74% 2026,101.05,101.05,101.05,101.05,101.05,101.03,,101.05,,,1,101.05,1,F1,1,,,,,
2026-09-02,2026-09-02,CM,NSE,STK,757753,IN0020250034,591GS2028,GS,,,,,GOI LOAN  5.91% 2028,99.71,99.78,99.70,99.78,99.78,99.70,,99.78,,,3760,374901.60,6,F1,1,,,,,
2026-09-02,2026-09-02,CM,NSE,STK,757983,IN0020250067,601GS2030,GS,,,,,GOI LOAN  6.01% 2030,99.00,99.00,99.00,99.00,99.00,99.00,,99.00,,,100,9900.00,2,F1,1,,,,,
2026-09-02,2026-09-02,CM,NSE,STK,760622,IN0020250125,603GS2029,GS,,,,,GOI LOAN  6.03% 2029,98.81,98.81,98.50,98.50,98.50,99.00,,98.50,,,5000,493575.00,3,F1,1,,,,,
2026-09-02,2026-09-02,CM,NSE,STK,5012,IN0020210095,610GS2031,GS,,,,,GOI LOAN  6.10% 2031,99.99,99.99,99.00,99.00,99.00,99.99,,99.00,,,3003,297898.89,5,F1,1,,,,,
2026-09-02,2026-09-02,CM,NSE,STK,757994,IN0020250059,628GS2032,GS,,,,,GOI LOAN  6.28% 2032,99.50,99.50,99.50,99.50,99.50,97.85,,99.50,,,9349,930225.50,2,F1,1,,,,,
2026-09-02,2026-09-02,CM,NSE,STK,761020,IN0020250141,636GS2031,GS,,,,,GOI LOAN  6.36% 2031,100.00,100.00,100.00,100.00,100.00,100.00,,100.00,,,1,100.00,1,F1,1,,,,,
2026-09-02,2026-09-02,CM,NSE,STK,956,IN0020200252,667GS2050,GS,,,,,GOI LOAN  6.67% 2050,92.10,92.25,92.10,92.25,92.25,92.25,,92.25,,,5339,491871.90,6,F1,1,,,,,
2026-09-02,2026-09-02,CM,NSE,STK,757847,IN0020250042,668GS2040,GS,,,,,GOI LOAN  6.68% 2040,98.25,98.25,97.93,97.93,97.93,97.89,,97.93,,,442,43330.66,4,F1,1,,,,,
2026-09-02,2026-09-02,CM,NSE,STK,2317,IN0020200401,676GS2061,GS,,,,,GOI LOAN  6.76% 2061,90.90,90.90,90.40,90.79,90.79,90.74,,90.79,,,125937,11401658.34,47,F1,1,,,,,
2026-09-02,2026-09-02,CM,NSE,STK,756014,IN0020250018,690GS2065,GS,,,,,GOI LOAN  6.90% 2065,93.60,93.60,93.00,93.48,93.48,93.70,,93.48,,,101928,9518772.95,49,F1,1,,,,,
2026-09-02,2026-09-02,CM,NSE,STK,763340,IN0020260025,694GS2036,GS,,,,,GOI LOAN  6.94% 2036,102.65,102.65,101.62,102.40,102.40,102.65,,102.40,,,1300,133067.00,4,F1,1,,,,,
2026-09-02,2026-09-02,CM,NSE,STK,6817,IN0020210202,695GS2061,GS,,,,,GOI LOAN  6.95% 2061,93.00,93.01,92.30,93.00,93.00,93.40,,93.00,,,6901,639793.57,5,F1,1,,,,,
2026-09-02,2026-09-02,CM,NSE,STK,23854,IN0020240043,702GS2027,GS,,,,,GOI LOAN  7.02% 2027,103.00,103.00,103.00,103.00,103.00,102.40,,103.00,,,2010,207030.00,2,F1,1,,,,,
2026-09-02,2026-09-02,CM,NSE,STK,14970,IN0020230010,706GS2028,GS,,,,,GOI LOAN  7.06% 2028,104.00,104.20,103.61,104.20,104.20,104.34,,104.20,,,4560,473521.38,4,F1,1,,,,,
2026-09-02,2026-09-02,CM,NSE,STK,764295,IN0020260041,706GS2041,GS,,,,,GOI LOAN  7.06% 2041,100.25,100.50,99.25,99.25,99.25,100.25,,99.25,,,6775,680348.60,9,F1,1,,,,,
2026-09-02,2026-09-02,CM,NSE,STK,24949,IN0020240118,709GS2054,GS,,,,,GOI LOAN  7.09% 2054,96.00,96.00,95.60,95.65,95.65,95.70,,95.65,,,11163,1068908.00,13,F1,1,,,,,
2026-09-02,2026-09-02,CM,NSE,STK,17398,IN0020230077,718GS2037,GS,,,,,GOI LOAN  7.18% 2037,102.31,103.82,102.25,102.27,102.50,104.00,,102.27,,,76402,7814393.80,26,F1,1,,,,,
2026-09-02,2026-09-02,CM,NSE,STK,758674,IN0020250075,724GS2055,GS,,,,,GOI LOAN  7.24% 2055,97.11,97.20,96.92,97.15,97.15,97.35,,97.15,,,144021,13974185.80,94,F1,1,,,,,
2026-09-02,2026-09-02,CM,NSE,STK,16733,IN0020230044,725GS2063,GS,,,,,GOI LOAN  7.25% 2063,97.80,97.80,96.70,96.81,96.81,96.95,,96.82,,,486161,47083794.88,220,F1,1,,,,,
2026-09-02,2026-09-02,CM,NSE,STK,10722,IN0020220060,726GS2032,GS,,,,,GOI LOAN  7.26% 2032,101.56,103.00,101.56,103.00,103.00,103.00,,103.00,,,4400,452192.00,3,F1,1,,,,,
2026-09-02,2026-09-02,CM,NSE,STK,14051,IN0020220151,726GS2033,GS,,,,,GOI LOAN  7.26% 2033,102.00,103.00,101.70,102.55,102.55,104.00,,102.55,,,22850,2338995.00,7,F1,1,,,,,
2026-09-02,2026-09-02,CM,NSE,STK,16865,IN0020230051,73GS2053,GS,,,,,GOI LOAN  7.3% 2053,98.26,98.90,97.41,98.83,98.90,98.65,,98.83,,,20989,2063009.83,26,F1,1,,,,,
2026-09-02,2026-09-02,CM,NSE,STK,20136,IN0020230135,732GS2030,GS,,,,,GOI LOAN  7.32% 2030,103.77,103.95,102.57,102.57,102.57,104.00,,102.57,,,650,67386.50,4,F1,1,,,,,
2026-09-02,2026-09-02,CM,NSE,STK,19685,IN0020230119,733GS2026,GS,,,,,GOI LOAN  7.33% 2026,101.95,102.25,101.72,102.25,102.25,101.85,,102.25,,,2200,224293.00,7,F1,1,,,,,
2026-09-02,2026-09-02,CM,NSE,STK,23558,IN0020240035,734GS2064,GS,,,,,GOI LOAN  7.34% 2064,99.00,99.00,98.76,98.83,98.83,99.10,,98.83,,,166235,16442149.08,123,F1,1,,,,,
2026-09-02,2026-09-02,CM,NSE,STK,19566,IN0020230101,737GS2028,GS,,,,,GOI LOAN  7.37% 2028,104.21,106.58,104.21,106.58,106.58,106.58,,106.58,,,12814,1341684.72,23,F1,1,,,,,
2026-09-02,2026-09-02,CM,NSE,STK,10981,IN0020220094,74GS2062,GS,,,,,GOI LOAN  7.4% 2062,103.00,103.89,102.99,102.99,102.99,103.95,,102.97,,,208,21428.89,4,F1,1,,,,,
2026-09-02,2026-09-02,CM,NSE,STK,13194,IN0020220102,741GS2036,GS,,,,,GOI LOAN  7.41% 2036,104.80,104.90,104.40,104.40,104.85,105.00,,104.40,,,37549,3925866.77,30,F1,1,,,,,
2026-09-02,2026-09-02,CM,NSE,STK,760649,IN0020250117,743GS2076,GS,,,,,GOI LOAN  7.43% 2076,99.25,99.99,99.25,99.82,99.85,99.73,,99.70,,,16473,1638116.69,16,F1,1,,,,,
2026-09-02,2026-09-02,CM,NSE,STK,19808,IN0020230127,746GS2073,GS,,,,,GOI LOAN  7.46% 2073,101.00,104.00,101.00,101.50,101.50,101.50,,101.50,,,8082,817810.00,6,F1,1,,,,,
2026-09-02,2026-09-02,CM,NSE,STK,9585,IN0020220029,754GS2036,GS,,,,,GOI LOAN  7.54% 2036,106.38,106.38,106.00,106.08,106.05,106.08,,106.08,,,323043,34269678.45,199,F1,1,,,,,
2026-09-02,2026-09-02,CM,NSE,STK,763489,IN0020260033,771GS2066,GS,,,,,GOI LOAN  7.71% 2066,103.95,103.95,103.41,103.83,103.89,103.88,,103.83,,,14517,1506991.07,31,F1,1,,,,,
2026-09-02,2026-09-02,CM,NSE,STK,6833,IN0020010081,1018GS2026,GS,,,,,GOI LOAN 10.18% 2026,105.00,105.00,104.60,104.60,104.60,104.60,,104.63,,,16,1677.20,2,F1,1,,,,,
2026-09-02,2026-09-02,CM,NSE,STK,13472,IN0020190362,645GS2029,GS,,,,,GOI LOAN 6.45% 2029,103.20,103.20,103.20,103.20,103.20,101.60,,103.20,,,1,103.20,1,F1,1,,,,,
2026-09-02,2026-09-02,CM,NSE,STK,9047,IN0020220011,710GS2029,GS,,,,,GOI LOAN 7.10% 2029,104.16,104.45,104.15,104.30,104.30,104.17,,104.30,,,25148,2622498.42,8,F1,1,,,,,
2026-09-02,2026-09-02,CM,NSE,STK,18561,IN0020200054,716GS2050,GS,,,,,GOI LOAN 7.16% 2050,102.00,102.00,102.00,102.00,102.00,101.00,,102.00,,,450,45900.00,1,F1,1,,,,,
2026-09-02,2026-09-02,CM,NSE,STK,9913,IN0020220037,738GS2027,GS,,,,,GOI LOAN 7.38% 2027,102.40,102.70,102.40,102.63,102.63,102.40,,102.63,,,168119,17243431.38,36,F1,1,,,,,
2026-09-02,2026-09-02,CM,NSE,STK,10046,IN0020190065,757GS2033,GS,,,,,GOI LOAN 7.57% 2033,105.00,105.00,105.00,105.00,105.00,105.50,,105.00,,,7765,815325.00,2,F1,1,,,,,
2026-09-02,2026-09-02,CM,NSE,STK,7011,IN0020110055,897GS2030,GS,,,,,GOI LOAN 8.97% 2030,111.00,111.50,111.00,111.50,111.50,112.00,,111.50,,,2450,273000.00,7,F1,1,,,,,
2026-09-02,2026-09-02,CM,NSE,STK,7039,IN0020130053,92GS2030,GS,,,,,GOI LOAN 9.20% 2030,117.49,117.49,113.93,116.98,116.98,115.50,,116.98,,,152,17324.04,4,F1,1,,,,,
2026-09-02,2026-09-02,CM,NSE,STK,760100,IN002025Z369,364D031226,TB,,,,,GOI TBILL 364D-03/12/26,98.31,98.31,98.00,98.00,98.00,98.31,,98.00,,,15100,1479856.00,3,F1,100,,,,,
2026-09-02,2026-09-02,CM,NSE,STK,763289,IN002026Z052,364D060527,TB,,,,,GOI TBILL 364D-06/05/27,95.60,95.60,95.60,95.60,95.60,95.14,,95.60,,,67000,6405200.00,2,F1,100,,,,,
2026-09-02,2026-09-02,CM,NSE,STK,759199,IN002025Z252,364D170926,TB,,,,,GOI TBILL 364D-17/09/26,99.22,99.22,99.21,99.21,99.21,98.77,,99.21,,,7000,694495.00,2,F1,100,,,,,
2026-09-02,2026-09-02,CM,NSE,STK,763781,IN002026X131,91D011026,TB,,,,,GOI TBILL 91D-01/10/26,99.44,99.44,99.44,99.44,99.44,99.35,,99.44,,,200,19888.00,2,F1,100,,,,,
2026-09-02,2026-09-02,CM,NSE,STK,764047,IN002026X149,91D081026,TB,,,,,GOI TBILL 91D-08/10/26,99.31,99.31,99.31,99.31,99.31,99.20,,99.31,,,100,9931.00,1,F1,100,,,,,
2026-09-02,2026-09-02,CM,NSE,STK,765324,IN002026X206,91D191126,TB,,,,,GOI TBILL 91D-19/11/26,98.25,98.25,98.25,98.25,98.25,98.35,,98.25,,,900,88425.00,1,F1,100,,,,,
2026-09-02,2026-09-02,CM,NSE,STK,11778,INE887G01027,GOKEX,EQ,,,,,GOKALDAS EXPORTS LTD.,774.00,779.90,767.00,770.10,770.00,780.50,,770.13,,,138716,107172897.95,6169,F1,1,,,,,
2026-09-02,2026-09-02,CM,NSE,STK,14480,INE314T01033,GOKULAGRO,EQ,,,,,GOKUL AGRO RESOURCES LTD,235.40,238.00,229.68,234.19,233.50,236.58,,234.19,,,487548,113625852.71,9589,F1,1,,,,,
2026-09-02,2026-09-02,CM,NSE,STK,16705,INE020J01029,GOKUL,EQ,,,,,GOKUL REFOILS & SOLV LTD,40.70,41.77,40.50,41.37,41.68,41.53,,41.37,,,219183,9040378.31,1679,F1,1,,,,,
2026-09-02,2026-09-02,CM,NSE,STK,11619,INE973A01010,GOLDENTOBC,BZ,,,,,GOLDEN TOBACCO LIMITED,24.40,25.27,24.00,24.27,24.12,24.46,,24.27,,,4522,110245.15,34,F1,1,,,,,
2026-09-02,2026-09-02,CM,NSE,STK,11971,INE025B01025,GOLDIAM,EQ,,,,,GOLDIAM INTERNATIONAL LTD,340.20,347.10,336.05,344.10,347.00,342.40,,344.08,,,326183,111446868.85,5891,F1,1,,,,,
2026-09-02,2026-09-02,CM,NSE,STK,13616,INE06MH01016,GOLDKART,SM,,,,,GOLDKART JEWELS LIMITED,100.00,100.00,100.00,100.00,100.00,96.30,,100.00,,,1250,125000.00,2,F1,625,,,,,
2026-09-02,2026-09-02,CM,NSE,STK,1,INE405Y01021,GOLDSTAR,SM,,,,,GOLDSTAR POWER LIMITED,7.50,7.85,7.50,7.85,7.85,7.50,,7.85,,,56250,433687.50,5,F1,11250,,,,,
2026-09-02,2026-09-02,CM,NSE,STK,6125,INE127I01024,GOODLUCK,EQ,,,,,GOODLUCK INDIA LIMITED,453.10,479.90,448.00,474.75,476.35,452.90,,474.74,,,674267,315126244.50,15603,F1,1,,,,,
2026-09-02,2026-09-02,CM,NSE,STK,1205,INE533A01012,GOODYEAR,EQ,,,,,GOODYEAR INDIA LIMITED,729.05,740.00,729.05,736.10,737.10,736.25,,736.02,,,3995,2939078.70,452,F1,1,,,,,
2026-09-02,2026-09-02,CM,NSE,STK,23066,INE0L9R01028,GOPAL,EQ,,,,,GOPAL SNACKS LIMITED,270.30,271.60,262.80,264.90,266.00,270.30,,264.92,,,126055,33604483.60,3533,F1,1,,,,,
2026-09-02,2026-09-02,CM,NSE,STK,11787,INE705X01026,GOYALALUM,EQ,,,,,GOYAL ALUMINIUMS LIMITED,6.41,6.41,6.20,6.23,6.21,6.29,,6.23,,,33923,211892.48,273,F1,1,,,,,
2026-09-02,2026-09-02,CM,NSE,STK,19356,INE0QFE01017,GOYALSALT,SM,,,,,GOYAL SALT LIMITED,105.00,105.00,104.00,105.00,105.00,106.50,,105.00,,,2400,250800.00,4,F1,600,,,,,
2026-09-02,2026-09-02,CM,NSE,STK,24113,INE0S7E01015,GPECO,ST,,,,,GP ECO SOLUTIONS INDIA L,400.00,408.00,395.00,402.20,407.00,400.10,,402.20,,,7000,2810830.00,33,F1,200,,,,,
2026-09-02,2026-09-02,CM,NSE,STK,11584,INE586G01017,GULFPETRO,BE,,,,,GP PETROLEUMS LIMITED,68.45,68.45,66.00,67.56,67.84,67.51,,67.58,,,90692,6057606.45,299,F1,1,,,,,
2026-09-02,2026-09-02,CM,NSE,STK,22846,INE486R01017,GPTHEALTH,EQ,,,,,GPT HEALTHCARE LIMITED,150.00,154.54,150.00,150.83,151.00,151.63,,150.83,,,50195,7564297.03,1337,F1,1,,,,,
2026-09-02,2026-09-02,CM,NSE,STK,17685,INE390G01014,GPTINFRA,EQ,,,,,GPT INFRAPROJECTS LTD,107.55,119.13,106.41,110.71,110.28,107.72,,110.71,,,1296483,147691166.79,14919,F1,1,,,,,
2026-09-02,2026-09-02,CM,NSE,STK,763299,INE361K01017,GRADIENTE,EQ,,,,,GRADIENTE INFOTAINMENT L,2.64,2.67,2.63,2.65,2.66,2.59,,2.65,,,606549,1607983.17,171,F1,1,,,,,
2026-09-02,2026-09-02,CM,NSE,STK,30289,INE12E301017,GCHOTELS,ST,,,,,GRAND CONTINENT HOTELS L,95.00,98.45,92.00,98.45,98.45,93.80,,98.45,,,71400,6825990.00,68,F1,600,,,,,
2026-09-02,2026-09-02,CM,NSE,STK,762695,INE926B01016,GRANDOAK,EQ,,,,,GRAND OAK CANYONS DIST L,36.28,36.28,34.42,34.58,34.42,36.23,,34.60,,,7029,245437.28,67,F1,1,,,,,
2026-09-02,2026-09-02,CM,NSE,STK,11872,INE101D01020,GRANULES,EQ,,,,,GRANULES INDIA LIMITED,834.05,838.00,816.00,831.75,837.00,837.20,,831.72,,,787511,652459874.80,26033,F1,1,,,,,
2026-09-02,2026-09-02,CM,NSE,STK,20454,INE0POU01017,GRAPHISAD,SM,,,,,GRAPHISADS LIMITED,25.50,26.00,25.50,26.00,26.00,26.20,,26.00,,,2400,61800.00,2,F1,1200,,,,,
2026-09-02,2026-09-02,CM,NSE,STK,592,INE371A01025,GRAPHITE,EQ,,,,,GRAPHITE INDIA LTD,732.00,737.00,721.05,726.60,723.00,732.90,,726.49,,,680122,495573548.20,19024,F1,1,,,,,
2026-09-02,2026-09-02,CM,NSE,STK,1232,INE047A01021,GRASIM,EQ,,,,,GRASIM INDUSTRIES LTD,3292.00,3298.30,3235.50,3294.90,3294.90,3305.00,,3294.90,,,1085964,3545755225.40,61538,F1,1,,,,,
2026-09-02,2026-09-02,CM,NSE,STK,5200,INE266D01021,GRAUWEIL,EQ,,,,,GRAUER & WEIL IND LTD,68.81,70.79,68.81,70.06,69.71,69.25,,70.06,,,219735,15402883.63,2951,F1,1,,,,,
2026-09-02,2026-09-02,CM,NSE,STK,762700,INE214F01026,GRAVISSHO,EQ,,,,,GRAVISS HOSPITALITY LTD.,30.99,30.99,30.79,30.83,30.84,28.20,,30.37,,,128,3946.75,6,F1,1,,,,,
2026-09-02,2026-09-02,CM,NSE,STK,20534,INE024L01027,GRAVITA,EQ,,,,,GRAVITA INDIA LIMITED,1779.00,1789.50,1746.00,1749.10,1747.00,1781.90,,1749.11,,,120612,212934412.30,20427,F1,1,,,,,
2026-09-02,2026-09-02,CM,NSE,STK,1235,INE224A01026,GREAVESCOT,EQ,,,,,GREAVES COTTON LTD.,195.00,196.66,193.25,194.20,194.38,197.80,,194.19,,,785920,153078627.36,11381,F1,1,,,,,
2026-09-02,2026-09-02,CM,NSE,STK,17092,INE0O7P01015,GREENCHEF,SM,,,,,GREENCHEF APPLIANCES LTD,60.00,63.40,58.80,63.40,63.40,57.65,,63.40,,,25600,1579760.00,30,F1,800,,,,,
2026-09-02,2026-09-02,CM,NSE,STK,6848,INE544R01021,GREENLAM,EQ,,,,,GREENLAM INDUSTRIES LTD.,242.61,244.90,240.35,242.06,241.00,242.61,,241.99,,,50408,12207394.74,989,F1,1,,,,,
2026-09-02,2026-09-02,CM,NSE,STK,759427,INE0PLX01017,GREENLEAF,ST,,,,,GREENLEAF ENVIROTECH LTD,109.90,112.80,109.00,112.80,112.80,107.70,,112.80,,,6000,665950.00,6,F1,1000,,,,,
2026-09-02,2026-09-02,CM,NSE,STK,13810,INE08ZM01014,GREENPANEL,EQ,,,,,GREENPANEL INDUSTRIES LTD,160.00,160.49,154.55,158.00,158.00,160.09,,158.00,,,274624,43314945.18,22525,F1,1,,,,,
2026-09-02,2026-09-02,CM,NSE,STK,3987,INE461C01038,GREENPLY,EQ,,,,,GREENPLY INDUSTRIES LTD,285.35,288.70,280.60,283.70,284.90,286.20,,283.70,,,76970,21859052.50,2226,F1,1,,,,,
2026-09-02,2026-09-02,CM,NSE,STK,758986,INE199P01028,GCSL,EQ,,,,,GRETEX CORPORATE SERVICES,564.50,575.65,564.50,571.85,569.00,562.90,,571.88,,,556823,317496052.30,5597,F1,1,,,,,
2026-09-02,2026-09-02,CM,NSE,STK,13560,INE536A01023,GRINDWELL,EQ,,,,,GRINDWELL NORTON LIMITED,1983.30,1999.00,1950.10,1967.50,1999.00,1983.30,,1967.51,,,14477,28460323.20,3689,F1,1,,,,,
2026-09-02,2026-09-02,CM,NSE,STK,10871,INE192H01020,GRMOVER,EQ,,,,,GRM OVERSEAS LIMITED,85.05,86.47,83.72,86.03,85.68,85.29,,86.03,,,1220718,103893871.07,4242,F1,1,,,,,
2026-09-02,2026-09-02,CM,NSE,STK,760971,INE1TY801010,GJL,ST,,,,,GROVER JEWELLS LIMITED,244.90,246.75,235.00,235.00,235.00,235.00,,235.00,,,5600,1368920.00,6,F1,800,,,,,
2026-09-02,2026-09-02,CM,NSE,STK,764285,INF666M01PH7,CEMNTGROWW,EQ,,,,,GROWWAMC - CEMNTGROWW,15.04,15.04,14.40,14.53,14.55,14.68,,14.53,,,118820,1719064.76,747,F1,1,,,,,
2026-09-02,2026-09-02,CM,NSE,STK,760051,INF666M01MM4,GROWWCAPM,EQ,,,,,GROWWAMC - GROWWCAPM,11.40,11.40,11.19,11.20,11.26,11.37,,11.20,,,559055,6288519.22,988,F1,1,,,,,
2026-09-02,2026-09-02,CM,NSE,STK,760673,INF666M01NP5,GROWWCHEM,EQ,,,,,GROWWAMC - GROWWCHEM,29.92,30.25,29.58,30.01,30.00,30.00,,30.01,,,8369265,248512139.47,724,F1,1,,,,,
2026-09-02,2026-09-02,CM,NSE,STK,25758,INF666M01IO8,GROWWDEFNC,EQ,,,,,GROWWAMC - GROWWDEFNC,98.69,98.69,95.09,95.89,96.31,96.75,,95.78,,,281797,26929355.55,3125,F1,1,,,,,
2026-09-02,2026-09-02,CM,NSE,STK,24798,INF666M01IH2,GROWWEV,EQ,,,,,GROWWAMC - GROWWEV,33.18,33.18,32.22,32.60,32.55,33.17,,32.60,,,574173,18659794.60,3009,F1,1,,,,,
2026-09-02,2026-09-02,CM,NSE,STK,25872,INF666M01OE7,GROWWGOLD,EQ,,,,,GROWWAMC - GROWWGOLD,14.68,14.68,14.48,14.58,14.60,14.80,,14.58,,,4454236,65094458.00,5422,F1,1,,,,,
2026-09-02,2026-09-02,CM,NSE,STK,760874,INF666M01OD9,GROWWHOSPI,EQ,,,,,GROWWAMC - GROWWHOSPI,52.38,52.38,51.54,51.85,52.00,52.21,,51.85,,,223935,11601845.24,1757,F1,1,,,,,
2026-09-02,2026-09-02,CM,NSE,STK,25447,INF666M01IP5,GROWWLIQID,EQ,,,,,GROWWAMC - GROWWLIQID,110.59,110.60,110.59,110.59,110.60,110.58,,110.59,,,488458,54019983.23,195,F1,1,,,,,
2026-09-02,2026-09-02,CM,NSE,STK,758300,INF666M01LB9,GROWWLOVOL,EQ,,,,,GROWWAMC - GROWWLOVOL,10.30,10.52,10.21,10.30,10.48,10.38,,10.30,,,22557,232365.63,116,F1,1,,,,,
2026-09-02,2026-09-02,CM,NSE,STK,759719,INF666M01MV5,GROWWMC150,EQ,,,,,GROWWAMC - GROWWMC150,230.75,233.00,229.52,232.09,232.09,234.07,,232.09,,,1981,458558.21,53,F1,1,,,,,
2026-09-02,2026-09-02,CM,NSE,STK,760438,INF666M01NI0,GROWWMETAL,EQ,,,,,GROWWAMC - GROWWMETAL,12.70,12.77,12.33,12.48,12.58,12.52,,12.48,,,421344,5260972.85,1300,F1,1,,,,,
2026-09-02,2026-09-02,CM,NSE,STK,756086,INF666M01KJ4,GROWWMOM50,EQ,,,,,GROWWAMC - GROWWMOM50,11.18,11.18,10.88,11.01,10.99,11.02,,11.01,,,184990,2026661.15,550,F1,1,,,,,
2026-09-02,2026-09-02,CM,NSE,STK,29872,INF666M01JV1,GROWWN200,EQ,,,,,GROWWAMC - GROWWN200,11.42,11.45,11.21,11.31,11.40,11.28,,11.31,,,57672,649915.24,268,F1,1,,,,,
2026-09-02,2026-09-02,CM,NSE,STK,757814,INF666M01LI4,GROWWNET,EQ,,,,,GROWWAMC - GROWWNET,10.71,10.95,10.60,10.73,10.75,10.77,,10.73,,,823244,8781277.25,765,F1,1,,,,,
2026-09-02,2026-09-02,CM,NSE,STK,758697,INF666M01LL8,GROWWNIFTY,EQ,,,,,GROWWAMC - GROWWNIFTY,9.70,9.78,9.64,9.67,9.70,9.72,,9.67,,,856030,8278168.74,4000,F1,1,,,,,
2026-09-02,2026-09-02,CM,NSE,STK,759458,INF666M01LZ8,GROWWNXT50,EQ,,,,,GROWWAMC - GROWWNXT50,73.35,73.55,72.35,73.23,73.17,73.35,,73.23,,,6365,464218.32,142,F1,1,,,,,
2026-09-02,2026-09-02,CM,NSE,STK,758165,INF666M01LM6,GROWWPOWER,EQ,,,,,GROWWAMC - GROWWPOWER,11.19,11.27,11.03,11.18,11.21,11.16,,11.18,,,1494406,16684769.15,2764,F1,1,,,,,
2026-09-02,2026-09-02,CM,NSE,STK,760976,INF666M01NQ3,GROWWPSE,EQ,,,,,GROWWAMC - GROWWPSE,96.64,97.90,94.65,97.74,97.82,96.64,,97.74,,,3893,379511.56,204,F1,1,,,,,
2026-09-02,2026-09-02,CM,NSE,STK,761514,INF666M01OG2,GROWWPSUBK,EQ,,,,,GROWWAMC - GROWWPSUBK,85.46,86.02,83.88,85.36,85.45,85.46,,85.36,,,3573,303965.37,123,F1,1,,,,,
2026-09-02,2026-09-02,CM,NSE,STK,29527,INF666M01JJ6,GROWWRAIL,EQ,,,,,GROWWAMC - GROWWRAIL,28.02,28.28,27.71,27.90,28.00,28.17,,27.90,,,1386286,38636351.54,4241,F1,1,,,,,
2026-09-02,2026-09-02,CM,NSE,STK,759428,INF666M01MN2,GROWWRLTY,EQ,,,,,GROWWAMC - GROWWRLTY,9.94,10.04,9.75,9.92,10.03,9.96,,9.92,,,297808,2932274.73,631,F1,1,,,,,
2026-09-02,2026-09-02,CM,NSE,STK,759522,INF666M01MO0,GROWWSC250,EQ,,,,,GROWWAMC - GROWWSC250,10.91,10.91,10.45,10.58,10.60,10.65,,10.58,,,134149,1414407.20,655,F1,1,,,,,
2026-09-02,2026-09-02,CM,NSE,STK,756827,INF666M01OF4,GROWWSLVR,EQ,,,,,GROWWAMC - GROWWSLVR,22.10,22.22,22.00,22.08,22.11,22.27,,22.08,,,1558535,34454681.03,2308,F1,1,,,,,
2026-09-02,2026-09-02,CM,NSE,STK,763572,INF666M01OT5,PVTBKGROWW,EQ,,,,,GROWWAMC - PVTBKGROWW,27.66,27.95,27.41,27.76,27.50,27.73,,27.76,,,11623,321403.19,150,F1,1,,,,,
2026-09-02,2026-09-02,CM,NSE,STK,751745,INF666M01PG9,SMALLGROWW,EQ,,,,,GROWWAMC - SMALLGROWW,49.54,49.54,48.44,48.58,48.60,49.10,,48.58,,,10965,533353.09,182,F1,1,,,,,
2026-09-02,2026-09-02,CM,NSE,STK,6543,INE137I01015,GRPLTD,EQ,,,,,GRP LIMITED,2035.00,2048.00,1983.20,2008.90,2023.00,2025.60,,2009.16,,,771,1558598.60,212,F1,1,,,,,
2026-09-02,2026-09-02,CM,NSE,STK,23888,INE0SQY01018,GSMFOILS,SM,,,,,GSM FOILS LIMITED,134.00,134.80,123.15,123.15,123.15,129.60,,123.15,,,754500,95704150.00,589,F1,500,,,,,
2026-09-02,2026-09-02,CM,NSE,STK,762239,INE713R01022,GSPCROP,EQ,,,,,GSP CROP SCIENCE LIMITED,621.00,627.30,614.55,625.95,625.00,621.70,,625.96,,,51552,32015468.70,1960,F1,1,,,,,
2026-09-02,2026-09-02,CM,NSE,STK,15347,INE871H01011,GSS,EQ,,,,,GSS INFOTECH LIMITED,11.91,12.03,11.55,11.83,11.85,11.90,,11.83,,,14411,169922.84,132,F1,1,,,,,
2026-09-02,2026-09-02,CM,NSE,STK,13745,INE221H01019,GTLINFRA,EQ,,,,,GTL INFRA.LTD,1.17,1.18,1.15,1.16,1.16,1.15,,1.16,,,31318894,36396453.50,10421,F1,1,,,,,
2026-09-02,2026-09-02,CM,NSE,STK,1162,INE043A01012,GTL,EQ,,,,,GTL LTD,7.20,7.50,7.05,7.23,7.24,7.07,,7.23,,,196396,1414309.73,601,F1,1,,,,,
2026-09-02,2026-09-02,CM,NSE,STK,21195,INE869I01013,GTPL,EQ,,,,,GTPL HATHWAY LIMITED,58.20,58.20,55.51,56.17,56.82,57.14,,56.17,,,55563,3142684.25,508,F1,1,,,,,
2026-09-02,2026-09-02,CM,NSE,STK,11606,INE742B01025,GUFICBIO,EQ,,,,,GUFIC BIOSCIENCES LTD.,419.75,453.95,415.50,438.80,440.00,421.05,,438.82,,,693834,307016506.70,23086,F1,1,,,,,
2026-09-02,2026-09-02,CM,NSE,STK,1145,INE162A01010,GIPCL,EQ,,,,,GUJ IND POW CO. LTD,200.35,207.94,197.51,205.94,206.16,198.80,,205.95,,,1526007,311486717.75,21902,F1,1,,,,,
2026-09-02,2026-09-02,CM,NSE,STK,1174,INE113A01013,GNFC,EQ,,,,,GUJ NAR VAL FER & CHEM L,573.20,583.50,571.60,576.95,581.00,576.00,,576.97,,,610680,351684887.80,24415,F1,1,,,,,
2026-09-02,2026-09-02,CM,NSE,STK,1247,INE026A01025,GSFC,EQ,,,,,GUJ STATE FERT & CHEM LTD,158.00,160.25,157.30,159.95,160.10,158.75,,159.95,,,787261,125662471.57,9027,F1,1,,,,,
2026-09-02,2026-09-02,CM,NSE,STK,14677,INE826C01016,GUJAPOLLO,EQ,,,,,GUJ. APOLLO IND. LTD.,355.00,355.00,336.00,337.70,338.00,335.65,,337.70,,,3595,1221452.65,160,F1,1,,,,,
2026-09-02,2026-09-02,CM,NSE,STK,1267,INE186A01019,GUJALKALI,EQ,,,,,GUJARAT ALKALIES & CHEM,726.00,729.50,707.10,714.80,715.60,713.30,,714.79,,,107798,77462836.80,9514,F1,1,,,,,
2026-09-02,2026-09-02,CM,NSE,STK,8828,INE036B01030,GAEL,EQ,,,,,GUJARAT AMBUJA EXPORTS LT,171.80,173.67,169.15,170.80,171.40,172.03,,170.80,,,483798,82734858.58,10502,F1,1,,,,,
2026-09-02,2026-09-02,CM,NSE,STK,10599,INE844O01030,GUJENERGY,EQ,,,,,GUJARAT ENERGY LIMITED,255.00,262.80,253.65,262.29,262.22,254.30,,262.29,,,2260654,587260835.34,41185,F1,1,,,,,
2026-09-02,2026-09-02,CM,NSE,STK,13750,INE09N301011,FLUOROCHEM,EQ,,,,,GUJARAT FLUOROCHEM LTD,4744.90,4746.00,4680.10,4727.70,4729.00,4740.10,,4727.74,,,116596,549921973.50,16356,F1,1,,,,,
2026-09-02,2026-09-02,CM,NSE,STK,761197,INE0V0W01025,GKSL,EQ,,,,,GUJARAT KIDNEY N SUP SP L,162.45,171.90,161.50,168.30,168.05,162.45,,168.29,,,817412,137223607.93,10015,F1,1,,,,,
2026-09-02,2026-09-02,CM,NSE,STK,1156,INE540A01017,GLFL,EQ,,,,,GUJARAT LEASE FINANCING L,5.70,5.92,5.64,5.80,5.80,5.93,,5.80,,,6306,35968.21,21,F1,1,,,,,
2026-09-02,2026-09-02,CM,NSE,STK,5204,INE131A01031,GMDCLTD,EQ,,,,,GUJARAT MINERAL DEV CORP,558.00,562.85,555.55,557.65,558.90,562.25,,557.57,,,395940,221030619.80,13243,F1,1,,,,,
2026-09-02,2026-09-02,CM,NSE,STK,762690,INE207H01018,GNRL,EQ,,,,,GUJARAT NATURAL RES L,95.90,95.90,94.70,94.84,94.70,95.56,,94.84,,,58303,5540281.94,597,F1,1,,,,,
2026-09-02,2026-09-02,CM,NSE,STK,19731,INE517F01014,GPPL,EQ,,,,,GUJARAT PIPAVAV PORT LTD,162.42,165.50,162.00,164.44,164.89,169.02,,164.44,,,2172344,356615735.39,30486,F1,1,,,,,
2026-09-02,2026-09-02,CM,NSE,STK,4548,INE610B01024,GUJRAFFIA,EQ,,,,,GUJARAT RAFFIA INDUST LTD,40.02,41.45,39.46,40.00,40.00,39.96,,40.00,,,1260,51470.81,28,F1,1,,,,,
2026-09-02,2026-09-02,CM,NSE,STK,29731,INE942C01045,GUJTHEM,EQ,,,,,GUJARAT THEMIS BIOSYN LTD,408.95,420.20,407.10,413.05,411.50,419.95,,413.05,,,1719974,709264738.15,5334,F1,1,,,,,
2026-09-02,2026-09-02,CM,NSE,STK,4391,INE635Q01029,GULFOILLUB,EQ,,,,,GULF OIL LUB. IND. LTD.,1133.00,1147.40,1118.00,1125.00,1126.00,1132.80,,1125.03,,,64023,71968524.20,6699,F1,1,,,,,
2026-09-02,2026-09-02,CM,NSE,STK,6286,INE255D01024,GULPOLY,EQ,,,,,GULSHAN POLYOLS LIMITED,187.98,189.74,185.25,187.56,186.60,188.28,,187.56,,,170753,31961092.87,3321,F1,1,,,,,
2026-09-02,2026-09-02,CM,NSE,STK,13229,INE251H01024,GVKPIL,BE,,,,,GVK POW. & INFRA LTD.,2.10,2.10,2.04,2.06,2.05,2.08,,2.06,,,956635,1960297.93,927,F1,1,,,,,
2026-09-02,2026-09-02,CM,NSE,STK,10865,INE382T01030,GVPTECH,EQ,,,,,GVP INFOTECH LIMITED,8.43,8.99,8.11,8.33,8.20,8.23,,8.33,,,231970,1954502.11,759,F1,1,,,,,
2026-09-02,2026-09-02,CM,NSE,STK,764050,INE724A01017,GYFTR,EQ,,,,,GYFTR LIMITED,183.95,189.17,173.50,183.00,182.60,182.15,,182.99,,,102161,18518146.55,1545,F1,1,,,,,
2026-09-02,2026-09-02,CM,NSE,STK,762712,INE640B01021,HBESD,EQ,,,,,H B ESTATE DEVELOPERS L,74.90,75.90,74.90,75.00,75.00,75.27,,75.00,,,224,16798.90,7,F1,1,,,,,
2026-09-02,2026-09-02,CM,NSE,STK,1672,INE926X01010,HGINFRA,EQ,,,,,H.G.INFRA ENGINEERING LTD,481.90,483.25,470.00,471.80,474.85,481.85,,471.81,,,91321,43291460.80,4548,F1,1,,,,,
2026-09-02,2026-09-02,CM,NSE,STK,760715,INE115S01010,HALDER,EQ,,,,,HALDER VENTURE LIMITED,274.00,297.85,274.00,293.90,295.00,292.25,,293.90,,,34207,10073863.10,277,F1,1,,,,,
2026-09-02,2026-09-02,CM,NSE,STK,762708,INE506D01020,HALDYNGL,BE,,,,,HALDYN GLASS LTD.,140.45,145.00,137.77,142.55,144.00,139.52,,142.54,,,75540,10708938.37,414,F1,1,,,,,
2026-09-02,2026-09-02,CM,NSE,STK,21551,INE320X01016,HALEOSLABS,EQ,,,,,HALEOS LABS LIMITED,1480.10,1490.00,1475.00,1481.40,1481.00,1480.00,,1481.40,,,1498,2217761.00,34,F1,1,,,,,
2026-09-02,2026-09-02,CM,NSE,STK,765075,INE299D01022,HAMPTON,EQ,,,,,HAMPTON SKY REALTY LTD.,8.33,8.33,7.87,8.17,8.18,8.03,,8.15,,,6209,50578.32,73,F1,1,,,,,
2026-09-02,2026-09-02,CM,NSE,STK,13592,INE596H01014,HGM,EQ,,,,,HANDSON GBL MNGMNT LTD,49.77,49.77,46.55,48.34,47.51,48.67,,48.34,,,15445,751866.05,139,F1,1,,,,,
2026-09-02,2026-09-02,CM,NSE,STK,48,INE419U01012,HAPPSTMNDS,EQ,,,,,HAPPIEST MINDS TECHNO LTD,362.00,362.25,348.65,354.85,355.80,362.70,,354.82,,,4999399,1775623883.80,69910,F1,1,,,,,
2026-09-02,2026-09-02,CM,NSE,STK,20854,INE330T01021,HAPPYFORGE,EQ,,,,,HAPPY FORGINGS LIMITED,2380.80,2460.00,2340.00,2345.90,2350.00,2420.40,,2345.92,,,102193,247241074.30,21675,F1,1,,,,,
2026-09-02,2026-09-02,CM,NSE,STK,757665,INE0TLP01015,WHITEFORCE,SM,,,,,HAPPY SQUARE OUTSOURC S L,40.50,40.50,40.50,40.50,40.50,40.50,,40.50,,,3200,129600.00,2,F1,1600,,,,,
2026-09-02,2026-09-02,CM,NSE,STK,764131,INE1GFG01011,HAPPY,SM,,,,,HAPPY STEELS LIMITED,85.00,85.00,82.00,82.85,82.75,86.65,,82.85,,,38000,3156700.00,19,F1,2000,,,,,
2026-09-02,2026-09-02,CM,NSE,STK,8962,INE626Z01029,HARDWYN,EQ,,,,,HARDWYN INDIA LIMITED,9.06,9.25,8.95,9.12,9.15,9.03,,9.12,,,1367993,12436487.45,1034,F1,1,,,,,
2026-09-02,2026-09-02,CM,NSE,STK,8968,INE00EV01017,HARIOMPIPE,EQ,,,,,HARIOM PIPE INDUSTRIES L,340.40,352.90,332.50,348.60,347.80,342.55,,348.59,,,134360,46339715.65,4172,F1,1,,,,,
2026-09-02,2026-09-02,CM,NSE,STK,764703,INE400G01011,HRYNSHP,EQ,,,,,HARIYANA SHIP BREAKERS L,100.05,102.78,100.00,102.00,102.00,100.05,,99.75,,,395,39884.04,13,F1,1,,,,,
2026-09-02,2026-09-02,CM,NSE,STK,1313,INE544A01019,HARRMALAYA,EQ,,,,,HARRISON MALAYALAM LTD,191.55,194.00,186.66,188.98,188.05,193.07,,188.99,,,11701,2218614.49,480,F1,1,,,,,
2026-09-02,2026-09-02,CM,NSE,STK,11162,INE0JUS01029,HARSHA,EQ,,,,,HARSHA ENGINEERS INT LTD,458.00,462.00,445.00,450.75,448.50,453.70,,450.75,,,241531,109506827.35,9958,F1,1,,,,,
2026-09-02,2026-09-02,CM,NSE,STK,18154,INE982F01036,HATHWAY,EQ,,,,,HATHWAY CABLE & DATACOM,10.49,10.49,10.25,10.34,10.30,10.50,,10.34,,,1410954,14598918.89,2217,F1,1,,,,,
2026-09-02,2026-09-02,CM,NSE,STK,3892,INE473B01035,HATSUN,EQ,,,,,HATSUN AGRO PRODUCT LTD.,1191.00,1222.00,1172.50,1193.60,1172.90,1178.50,,1193.63,,,244250,293535850.50,15255,F1,1,,,,,
2026-09-02,2026-09-02,CM,NSE,STK,9819,INE176B01034,HAVELLS,EQ,,,,,HAVELLS INDIA LIMITED,1220.00,1220.00,1183.00,1193.00,1193.00,1222.80,,1193.06,,,752254,897838338.70,51947,F1,1,,,,,
2026-09-02,2026-09-02,CM,NSE,STK,4444,INE979B01015,HAWKINCOOK,EQ,,,,,HAWKINS COOKERS LTD,8151.00,8220.50,8124.00,8194.50,8151.50,8152.00,,8194.73,,,804,6561136.50,204,F1,1,,,,,
2026-09-02,2026-09-02,CM,NSE,STK,764693,INE550F01049,HAZOOR,EQ,,,,,HAZOOR MULTI PROJECTS LTD,19.47,19.47,18.81,18.95,18.98,19.39,,18.96,,,171123,3256918.34,630,F1,1,,,,,
2026-09-02,2026-09-02,CM,NSE,STK,765080,INE638B01025,HBPOR,EQ,,,,,HB PORTFOLIO LTD.,59.99,60.00,58.05,59.99,60.00,59.99,,59.99,,,515,30493.25,35,F1,1,,,,,
2026-09-02,2026-09-02,CM,NSE,STK,4116,INE550B01022,HBSL,EQ,,,,,HB STOCKHOLDINGS LIMITED,54.33,54.99,52.44,52.98,53.00,54.06,,53.98,,,730,38970.97,44,F1,1,,,,,
2026-09-02,2026-09-02,CM,NSE,STK,13966,INE292B01021,HBLENGINE,EQ,,,,,HBL ENGINEERING LTD,658.05,663.00,648.00,660.20,661.05,659.20,,660.19,,,519552,340242752.60,18859,F1,1,,,,,
2026-09-02,2026-09-02,CM,NSE,STK,1327,INE236A01020,HCL-INSYS,EQ,,,,,HCL INFOSYSTEMS LTD,10.72,10.72,10.25,10.32,10.39,10.46,,10.32,,,237943,2485436.74,837,F1,1,,,,,
2026-09-02,2026-09-02,CM,NSE,STK,7229,INE860A01027,HCLTECH,EQ,,,,,HCL TECHNOLOGIES LTD,1340.10,1349.30,1317.40,1331.50,1331.50,1351.40,,1331.50,,,2739386,3646172791.00,74188,F1,1,,,,,
2026-09-02,2026-09-02,CM,NSE,STK,757772,INE756I01012,HDBFS,EQ,,,,,HDB FINANCIAL SERVICES L,670.50,676.70,667.50,675.20,675.95,675.30,,675.17,,,203242,136745061.70,8183,F1,1,,,,,
2026-09-02,2026-09-02,CM,NSE,STK,4244,INE127D01025,HDFCAMC,EQ,,,,,HDFC AMC LIMITED,2511.50,2528.50,2477.00,2525.70,2525.70,2544.90,,2525.68,,,962353,2406151916.40,67554,F1,1,,,,,
2026-09-02,2026-09-02,CM,NSE,STK,1333,INE040A01034,HDFCBANK,EQ,,,,,HDFC BANK LTD,702.30,705.65,700.00,700.80,700.80,711.90,,700.80,,,36950338,25947121981.35,475283,F1,1,,,,,
2026-09-02,2026-09-02,CM,NSE,STK,19543,INF179KC1981,HDFCGOLD,EQ,,,,,HDFC GOLD ETF,128.34,128.43,127.28,127.80,127.82,129.71,,127.80,,,4434615,566729846.64,14482,F1,1,,,,,
2026-09-02,2026-09-02,CM,NSE,STK,467,INE795G01014,HDFCLIFE,EQ,,,,,HDFC LIFE INS CO LTD,538.00,538.00,532.05,533.00,533.00,540.30,,533.01,,,1116864,597834902.85,34775,F1,1,,,,,
2026-09-02,2026-09-02,CM,NSE,STK,14230,INF179KC1EZ4,HDFCBSE500,EQ,,,,,HDFCAMC - HDFCBSE500,37.55,37.82,37.09,37.55,37.50,37.56,,37.55,,,6500475,241494483.16,525,F1,1,,,,,
2026-09-02,2026-09-02,CM,NSE,STK,11241,INF179KC1DJ0,HDFCGROWTH,EQ,,,,,HDFCAMC - HDFCGROWTH,119.31,119.80,118.70,119.13,118.95,120.24,,119.17,,,33131,3944592.44,214,F1,1,,,,,
2026-09-02,2026-09-02,CM,NSE,STK,18279,INF179KC1JG3,HDFCLIQUID,EQ,,,,,HDFCAMC - HDFCLIQUID,1075.06,1078.79,1075.06,1076.27,1076.26,1076.13,,1076.27,,,18114,19497220.00,73,F1,1,,,,,
2026-09-02,2026-09-02,CM,NSE,STK,11547,INF179KC1HU8,HDFCLOWVOL,EQ,,,,,HDFCAMC - HDFCLOWVOL,20.53,20.67,20.51,20.57,20.67,20.69,,20.57,,,2076,42661.18,71,F1,1,,,,,
2026-09-02,2026-09-02,CM,NSE,STK,14236,INF179KC1HT0,HDFCMID150,EQ,,,,,HDFCAMC - HDFCMID150,23.56,23.72,23.21,23.40,23.51,23.56,,23.40,,,629418,14676937.89,2156,F1,1,,,,,
2026-09-02,2026-09-02,CM,NSE,STK,11538,INF179KC1HV6,HDFCMOMENT,EQ,,,,,HDFCAMC - HDFCMOMENT,31.20,31.25,30.62,30.90,31.08,31.01,,30.90,,,251617,7744783.62,766,F1,1,,,,,
2026-09-02,2026-09-02,CM,NSE,STK,10619,INF179KC1HS2,HDFCNEXT50,EQ,,,,,HDFCAMC - HDFCNEXT50,74.06,74.85,73.63,74.47,74.78,74.14,,74.47,,,131262,9723852.66,733,F1,1,,,,,
2026-09-02,2026-09-02,CM,NSE,STK,10633,INF179KC1HR4,HDFCNIF100,EQ,,,,,HDFCAMC - HDFCNIF100,26.00,26.00,25.77,25.90,25.93,26.00,,25.90,,,84250,2182043.79,291,F1,1,,,,,
2026-09-02,2026-09-02,CM,NSE,STK,22433,INF179KC1HY0,HDFCNIFBAN,EQ,,,,,HDFCAMC - HDFCNIFBAN,58.83,59.02,58.62,58.88,59.02,59.00,,58.88,,,152224,8961398.31,395,F1,1,,,,,
2026-09-02,2026-09-02,CM,NSE,STK,12101,INF179KC1IA8,HDFCNIFIT,EQ,,,,,HDFCAMC - HDFCNIFIT,33.11,33.39,32.85,33.07,33.27,33.43,,33.08,,,225637,7487522.64,510,F1,1,,,,,
2026-09-02,2026-09-02,CM,NSE,STK,11591,INF179KC1965,HDFCNIFTY,EQ,,,,,HDFCAMC - HDFCNIFTY,270.21,270.87,268.80,269.77,270.72,270.87,,269.77,,,420555,113324115.58,1307,F1,1,,,,,
2026-09-02,2026-09-02,CM,NSE,STK,764336,INF179KC1KT4,HDFCNIMEG,EQ,,,,,HDFCAMC - HDFCNIMEG,132.34,132.34,130.40,131.19,131.19,131.69,,131.19,,,22753,2986335.50,83,F1,1,,,,,
2026-09-02,2026-09-02,CM,NSE,STK,12108,INF179KC1HZ7,HDFCPVTBAN,EQ,,,,,HDFCAMC - HDFCPVTBAN,28.56,28.56,28.07,28.18,28.21,28.14,,28.18,,,57961,1632592.78,506,F1,1,,,,,
2026-09-02,2026-09-02,CM,NSE,STK,11255,INF179KC1DL6,HDFCQUAL,EQ,,,,,HDFCAMC - HDFCQUAL,59.25,59.25,58.40,58.82,58.63,59.14,,58.77,,,3956,231921.29,125,F1,1,,,,,
2026-09-02,2026-09-02,CM,NSE,STK,11593,INF179KC1HX2,HDFCSENSEX,EQ,,,,,HDFCAMC - HDFCSENSEX,87.67,87.67,86.53,86.79,86.96,87.38,,86.80,,,48366,4195654.54,804,F1,1,,,,,
2026-09-02,2026-09-02,CM,NSE,STK,10876,INF179KC1DI2,HDFCSILVER,EQ,,,,,HDFCAMC - HDFCSILVER,214.94,216.67,214.11,215.37,215.41,217.42,,215.37,,,2903676,625880753.52,12396,F1,1,,,,,
2026-09-02,2026-09-02,CM,NSE,STK,14233,INF179KC1FB2,HDFCSML250,EQ,,,,,HDFCAMC - HDFCSML250,185.64,185.64,183.13,184.13,183.98,185.65,,184.09,,,1788565,329252238.39,40288,F1,1,,,,,
2026-09-02,2026-09-02,CM,NSE,STK,11260,INF179KC1DK8,HDFCVALUE,EQ,,,,,HDFCAMC - HDFCVALUE,124.00,125.69,123.19,125.43,125.69,125.56,,125.40,,,1842,229583.28,97,F1,1,,,,,
2026-09-02,2026-09-02,CM,NSE,STK,22595,INF179KC1HW4,HDFCPSUBK,EQ,,,,,HDFCAMC HDFCPSUBK,85.49,86.49,85.24,85.92,85.50,85.73,,86.04,,,15985,1372438.98,228,F1,1,,,,,
2026-09-02,2026-09-02,CM,NSE,STK,19205,INE759V01019,HEADSUP,EQ,,,,,HEADS UP VENTURES LIMITED,6.72,7.00,6.60,6.83,6.66,6.85,,6.83,,,9607,64953.60,123,F1,1,,,,,
2026-09-02,2026-09-02,CM,NSE,STK,20063,INE019J01013,HEALTHX,EQ,,,,,HEALTH X PLATFORM LIMITED,309.95,309.95,293.00,294.30,294.30,297.90,,294.40,,,1875,554469.95,82,F1,1,,,,,
2026-09-02,2026-09-02,CM,NSE,STK,15555,INE075I01017,HCG,EQ,,,,,HEALTHCARE GLOB. ENT. LTD,704.40,716.55,695.80,699.30,699.55,704.40,,699.26,,,95423,67326272.35,8840,F1,1,,,,,
2026-09-02,2026-09-02,CM,NSE,STK,7425,INE558R01013,HECPROJECT,EQ,,,,,HEC INFRA PROJECTS LTD,116.37,119.37,115.00,116.09,116.85,116.37,,116.09,,,4614,533805.85,151,F1,1,,,,,
2026-09-02,2026-09-02,CM,NSE,STK,1336,INE545A01024,HEG,EQ,,,,,HEG LTD,725.00,726.30,702.95,706.40,707.00,729.90,,706.39,,,1020619,728247931.15,18971,F1,1,,,,,
2026-09-02,2026-09-02,CM,NSE,STK,2316,INE578A01017,HEIDELBERG,EQ,,,,,HEIDELBERGCEMENT (I) LTD,157.00,159.38,157.00,157.87,157.82,158.10,,157.86,,,138843,21910887.73,3055,F1,1,,,,,
2026-09-02,2026-09-02,CM,NSE,STK,701,INE0AJG01018,HEMIPROP,EQ,,,,,HEMISPHERE PROP IND LTD,126.52,127.30,125.25,126.61,126.85,127.15,,126.61,,,253856,32066685.31,2832,F1,1,,,,,
2026-09-02,2026-09-02,CM,NSE,STK,2614,INE694N01015,HERANBA,EQ,,,,,HERANBA INDUSTRIES LTD,175.99,177.32,173.74,175.23,175.96,175.96,,175.22,,,20511,3591997.92,593,F1,1,,,,,
2026-09-02,2026-09-02,CM,NSE,STK,4598,INE978A01027,HERITGFOOD,EQ,,,,,HERITAGE FOODS LTD,352.35,384.80,349.30,378.75,378.95,353.70,,378.76,,,4731013,1762793197.20,75855,F1,1,,,,,
2026-09-02,2026-09-02,CM,NSE,STK,1348,INE158A01026,HEROMOTOCO,EQ,,,,,HERO MOTOCORP LIMITED,5477.00,5485.00,5167.00,5300.00,5300.00,5555.00,,5300.07,,,1746768,9194406579.00,135952,F1,1,,,,,
2026-09-02,2026-09-02,CM,NSE,STK,7048,INE782E01017,HESTERBIO,EQ,,,,,HESTER BIOSCIENCES LTD,2189.50,2210.90,2146.00,2176.50,2170.20,2200.50,,2177.01,,,7011,15253557.80,915,F1,1,,,,,
2026-09-02,2026-09-02,CM,NSE,STK,27008,INE750M01017,HEXATRADEX,EQ,,,,,HEXA TRADEX LIMITED,158.25,161.00,157.40,157.91,157.40,158.72,,157.92,,,789,124942.40,41,F1,1,,,,,
2026-09-02,2026-09-02,CM,NSE,STK,750116,INE0JUI01012,HEXAGON,BE,,,,,HEXAGON NUTRITION LIMITED,65.00,66.50,64.80,66.14,66.00,66.19,,66.13,,,107199,7034700.74,495,F1,1,,,,,
2026-09-02,2026-09-02,CM,NSE,STK,29666,INE093A01041,HEXT,EQ,,,,,HEXAWARE TECHNOLOGIES LTD,552.80,552.80,539.60,543.60,546.00,551.10,,544.73,,,311273,169675900.10,23758,F1,1,,,,,
2026-09-02,2026-09-02,CM,NSE,STK,21951,INE548A01028,HFCL,EQ,,,,,HFCL LIMITED,230.00,238.89,225.01,226.27,225.98,236.64,,226.29,,,17046359,3935043275.56,121641,F1,1,,,,,
2026-09-02,2026-09-02,CM,NSE,STK,18794,INE0PIC01017,HIGREEN,SM,,,,,HI GREEN CARBON LIMITED,126.05,126.05,123.55,124.80,125.00,128.75,,124.80,,,8800,1099480.00,11,F1,800,,,,,
2026-09-02,2026-09-02,CM,NSE,STK,2868,INE106T01025,HITECH,EQ,,,,,HI-TECH PIPES LIMITED,79.62,80.00,76.00,76.54,76.60,79.67,,76.56,,,1100863,85372416.31,5234,F1,1,,,,,
2026-09-02,2026-09-02,CM,NSE,STK,759103,INE00RL01028,HILINFRA,EQ,,,,,HIGHWAY INFRASTRUCTURE L,43.55,44.84,43.50,43.56,44.00,44.19,,43.56,,,69280,3026746.49,606,F1,1,,,,,
2026-09-02,2026-09-02,CM,NSE,STK,9668,INE475B01022,HIKAL,EQ,,,,,HIKAL LIMITED,198.88,202.99,197.01,200.60,201.00,198.54,,200.63,,,237919,47529026.24,6385,F1,1,,,,,
2026-09-02,2026-09-02,CM,NSE,STK,14627,INE788H01017,HILTON,EQ,,,,,HILTON METAL FORGING LTD,19.51,19.71,18.40,18.79,18.80,19.32,,18.79,,,202367,3799149.03,793,F1,1,,,,,
2026-09-02,2026-09-02,CM,NSE,STK,14334,INE019C01026,HSCL,EQ,,,,,HIMADRI SPECIALITY CHEM L,672.50,683.80,654.00,659.60,657.00,680.85,,659.62,,,10982851,7357376504.30,89265,F1,1,,,,,
2026-09-02,2026-09-02,CM,NSE,STK,1360,INE049A01027,HIMATSEIDE,EQ,,,,,HIMATSINGKA SEIDE LTD,69.27,69.88,68.00,69.66,69.56,69.27,,69.66,,,266034,18406988.21,2681,F1,1,,,,,
2026-09-02,2026-09-02,CM,NSE,STK,765085,INE227B01019,HINDALUMI,EQ,,,,,HIND ALUMINIUM INDS. LTD.,99.00,100.00,97.00,97.32,97.00,97.80,,97.13,,,5519,541758.30,106,F1,1,,,,,
2026-09-02,2026-09-02,CM,NSE,STK,1363,INE038A01020,HINDALCO,EQ,,,,,HINDALCO  INDUSTRIES  LTD,1004.00,1011.20,998.20,1009.70,1009.70,1014.40,,1009.69,,,1902917,1915002708.00,65112,F1,1,,,,,
2026-09-02,2026-09-02,CM,NSE,STK,4920,INE642Y01029,HINDCON,EQ,,,,,HINDCON CHEMICALS LIMITED,23.50,23.50,22.81,23.16,23.25,23.47,,23.16,,,15529,358031.63,160,F1,1,,,,,
2026-09-02,2026-09-02,CM,NSE,STK,11796,INE05X901010,HPIL,EQ,,,,,HINDPRAKASH INDUSTRY LTD,122.00,124.75,121.00,122.01,122.00,121.17,,122.01,,,484,58901.68,19,F1,1,,,,,
2026-09-02,2026-09-02,CM,NSE,STK,14712,INE170I01016,HGS,EQ,,,,,HINDUJA GLOBAL SOLS. LTD.,395.50,399.15,390.60,393.10,393.25,393.70,,393.08,,,12083,4765347.45,824,F1,1,,,,,
2026-09-02,2026-09-02,CM,NSE,STK,764698,INE074C01013,HINDADH,EQ,,,,,HINDUSTAN ADHESIVES LTD.,348.90,365.00,347.90,359.50,365.00,346.10,,359.35,,,2619,933321.65,179,F1,1,,,,,
2026-09-02,2026-09-02,CM,NSE,STK,2303,INE066F01020,HAL,EQ,,,,,HINDUSTAN AERONAUTICS LTD,4785.00,4793.50,4707.00,4780.00,4780.00,4807.60,,4779.96,,,525620,2493794982.80,38580,F1,1,,,,,
2026-09-02,2026-09-02,CM,NSE,STK,1372,INE310C01029,HINDCOMPOS,EQ,,,,,HINDUSTAN COMPOSITES LTD.,405.20,405.20,397.00,399.60,399.10,405.20,,399.60,,,4600,1839699.45,202,F1,1,,,,,
2026-09-02,2026-09-02,CM,NSE,STK,1375,INE549A01026,HCC,EQ,,,,,HINDUSTAN CONSTRUCTION CO,23.26,23.74,22.90,23.08,23.16,23.36,,23.08,,,32414628,751745396.12,30683,F1,1,,,,,
2026-09-02,2026-09-02,CM,NSE,STK,17939,INE531E01026,HINDCOPPER,EQ,,,,,HINDUSTAN COPPER LTD,521.25,524.55,516.25,520.95,521.85,526.65,,520.96,,,6616530,3440496796.25,82167,F1,1,,,,,
2026-09-02,2026-09-02,CM,NSE,STK,12173,INE254N01026,HNDFDS,EQ,,,,,HINDUSTAN FOODS LIMITED,644.10,644.10,612.70,622.80,623.00,644.10,,622.17,,,239548,148894372.45,11192,F1,1,,,,,
2026-09-02,2026-09-02,CM,NSE,STK,19215,INE871K01015,HMVL,BE,,,,,HINDUSTAN MEDIA VENT LTD,86.10,88.20,86.00,87.33,87.89,86.57,,87.39,,,8500,741076.81,48,F1,1,,,,,
2026-09-02,2026-09-02,CM,NSE,STK,1403,INE345A01011,HINDOILEXP,EQ,,,,,HINDUSTAN OIL EXPLORATION,170.00,171.99,165.10,166.18,166.01,169.00,,166.18,,,551626,92123403.71,8777,F1,1,,,,,
2026-09-02,2026-09-02,CM,NSE,STK,1406,INE094A01015,HINDPETRO,EQ,,,,,HINDUSTAN PETROLEUM CORP,358.30,362.90,355.40,359.00,359.00,363.10,,359.00,,,7705518,2762912468.50,86435,F1,1,,,,,
2026-09-02,2026-09-02,CM,NSE,STK,1394,INE030A01027,HINDUNILVR,EQ,,,,,HINDUSTAN UNILEVER LTD.,1983.00,1983.80,1962.30,1975.00,1975.00,1994.80,,1975.01,,,1497019,2948008757.10,60321,F1,1,,,,,
2026-09-02,2026-09-02,CM,NSE,STK,1424,INE267A01025,HINDZINC,EQ,,,,,HINDUSTAN ZINC LIMITED,590.00,592.90,581.30,588.40,588.40,597.00,,588.39,,,3987561,2345349963.70,57085,F1,1,,,,,
2026-09-02,2026-09-02,CM,NSE,STK,15883,INE05AN01011,HINDWAREAP,EQ,,,,,HINDWARE HME INOVATON LTD,182.16,183.48,179.22,182.08,181.00,182.11,,182.08,,,74310,13431301.27,3172,F1,1,,,,,
2026-09-02,2026-09-02,CM,NSE,STK,13890,INE835D01023,HIRECT,EQ,,,,,HIRECT LIMITED,1244.00,1250.90,1214.00,1218.50,1219.40,1248.20,,1218.56,,,26426,32465661.30,2784,F1,1,,,,,
2026-09-02,2026-09-02,CM,NSE,STK,19322,INE598C01011,HISARMETAL,EQ,,,,,HISAR METAL IND. LIMITED,161.14,165.80,155.23,159.80,161.19,159.54,,159.80,,,2599,420287.70,77,F1,1,,,,,
2026-09-02,2026-09-02,CM,NSE,STK,18457,INE07Y701011,POWERINDIA,EQ,,,,,HITACHI ENERGY INDIA LTD,32595.00,32595.00,31750.00,32200.00,32200.00,32640.00,,32200.00,,,84787,2715711490.00,35056,F1,1,,,,,
2026-09-02,2026-09-02,CM,NSE,STK,15165,INE120D01012,HITECHCORP,BE,,,,,HITECH CORPORATION LTD,339.90,339.90,335.00,336.55,338.00,337.65,,336.55,,,7808,2619273.90,50,F1,1,,,,,
2026-09-02,2026-09-02,CM,NSE,STK,2289,INE461D01028,HLEGLAS,EQ,,,,,HLE GLASCOAT LIMITED,316.75,318.35,312.85,314.10,314.70,316.75,,314.10,,,71474,22533589.95,2436,F1,1,,,,,
2026-09-02,2026-09-02,CM,NSE,STK,1448,INE102A01024,HLVLTD,EQ,,,,,HLV LIMITED,6.34,6.34,6.22,6.30,6.32,6.34,,6.30,,,203740,1280102.58,499,F1,1,,,,,
2026-09-02,2026-09-02,CM,NSE,STK,17053,INE0ECP01024,HMAAGRO,EQ,,,,,HMA AGRO INDUSTRIES LTD,20.90,21.64,20.71,20.89,20.81,20.92,,20.89,,,4096974,86242348.28,6792,F1,1,,,,,
2026-09-02,2026-09-02,CM,NSE,STK,19698,INE262A01018,HMT,BZ,,,,,HMT LTD -,65.20,67.48,63.55,67.48,67.48,64.27,,67.64,,,46803,3103345.26,398,F1,1,,,,,
2026-09-02,2026-09-02,CM,NSE,STK,23826,INE0S6S01017,HOACFOODS,ST,,,,,HOAC FOODS INDIA LIMITED,914.00,950.00,914.00,923.70,930.00,914.00,,923.70,,,4875,4554450.00,13,F1,375,,,,,
2026-09-02,2026-09-02,CM,NSE,STK,18649,INE0LXA01019,HOLMARC,SM,,,,,HOLMARC OPTO MECHATRO L,100.25,107.00,100.00,107.00,107.00,105.00,,107.00,,,5250,541575.00,7,F1,750,,,,,
2026-09-02,2026-09-02,CM,NSE,STK,2056,INE481N01025,HOMEFIRST,EQ,,,,,HOME FIRST FIN CO IND LTD,1187.00,1199.00,1153.90,1196.70,1192.00,1182.80,,1196.70,,,125641,148980903.30,25485,F1,1,,,,,
2026-09-02,2026-09-02,CM,NSE,STK,13526,INE0N7F01017,HOMESFY,SM,,,,,HOMESFY REALTY LIMITED,111.30,111.30,111.30,111.30,111.30,111.30,,111.30,,,300,33390.00,1,F1,300,,,,,
2026-09-02,2026-09-02,CM,NSE,STK,19813,INE0J5401028,HONASA,EQ,,,,,HONASA CONSUMER LIMITED,472.50,481.50,464.60,469.95,471.40,473.50,,469.96,,,966603,457035010.05,30353,F1,1,,,,,
2026-09-02,2026-09-02,CM,NSE,STK,3138,INE634A01018,HONDAPOWER,EQ,,,,,HONDA I POWER PRODUCT LTD,2001.20,2021.80,1956.20,1976.10,1965.50,1993.40,,1976.04,,,5423,10757820.50,915,F1,1,,,,,
2026-09-02,2026-09-02,CM,NSE,STK,3417,INE671A01010,HONAUT,EQ,,,,,HONEYWELL AUTOMATION IND,35415.00,35415.00,34875.00,35170.00,35160.00,35580.00,,35169.04,,,2073,72831425.00,1389,F1,1,,,,,
2026-09-02,2026-09-02,CM,NSE,STK,765356,INE685T01010,HORIZONIND,EQ,,,,,HORIZON INDUSTRIAL PRKS L,55.57,57.25,53.75,56.57,56.69,55.37,,56.58,,,11684390,647483422.57,49482,F1,1,,,,,
2026-09-02,2026-09-02,CM,NSE,STK,17920,INE191I01012,HDIL,BZ,,,,,HOUSING DEV & INFRA LTD,1.50,1.54,1.47,1.52,1.53,1.50,,1.52,,,133742,200084.39,160,F1,1,,,,,
2026-09-02,2026-09-02,CM,NSE,STK,7376,INE0GSL01024,HPAL,EQ,,,,,HP ADHESIVES LIMITED,34.93,35.50,34.40,35.01,35.20,34.93,,35.01,,,45020,1577072.49,539,F1,1,,,,,
2026-09-02,2026-09-02,CM,NSE,STK,29875,INE0VA601019,HPTL,SM,,,,,HP TELECOM INDIA LIMITED,330.75,330.75,312.00,330.75,330.75,315.00,,330.75,,,91800,28804080.00,81,F1,600,,,,,
2026-09-02,2026-09-02,CM,NSE,STK,18679,INE495S01016,HPL,EQ,,,,,HPL ELECTRIC & POWER LTD,295.65,301.85,290.20,297.35,296.85,299.80,,297.35,,,74715,22212514.55,3489,F1,1,,,,,
2026-09-02,2026-09-02,CM,NSE,STK,21107,INE0R3501012,HRHNEXT,SM,,,,,HRH NEXT SERVICES LIMITED,23.55,24.65,23.55,24.65,24.65,23.50,,24.65,,,6000,146250.00,4,F1,1500,,,,,
2026-09-02,2026-09-02,CM,NSE,STK,761506,INF336L01RX2,HSBCGOLD,EQ,,,,,HSBCAMC - HSBCGOLD,131.99,131.99,128.00,130.24,130.32,132.04,,130.28,,,72337,9424084.78,147,F1,1,,,,,
2026-09-02,2026-09-02,CM,NSE,STK,20825,INE031A01017,HUDCO,EQ,,,,,HSG & URBAN DEV CORPN LTD,177.80,180.27,175.13,178.35,178.38,178.58,,178.32,,,1558842,275615368.28,23402,F1,1,,,,,
2026-09-02,2026-09-02,CM,NSE,STK,11979,INE501G01024,HTMEDIA,EQ,,,,,HT MEDIA LIMITED,26.98,26.98,25.71,26.19,25.71,26.88,,26.22,,,143113,3765846.45,467,F1,1,,,,,
2026-09-02,2026-09-02,CM,NSE,STK,14203,INE703H01016,HUBTOWN,EQ,,,,,HUBTOWN LIMITED,180.04,183.71,177.12,180.60,181.30,180.33,,180.59,,,369887,66401400.97,4317,F1,1,,,,,
2026-09-02,2026-09-02,CM,NSE,STK,2562,INE275B01026,HUHTAMAKI,EQ,,,,,HUHTAMAKI INDIA LIMITED,261.90,271.90,257.10,261.35,260.90,258.95,,261.31,,,337585,88303733.70,6857,F1,1,,,,,
2026-09-02,2026-09-02,CM,NSE,STK,25708,INE0TO501019,HVAX,SM,,,,,HVAX TECHNOLOGIES LIMITED,660.00,660.00,660.00,660.00,660.00,660.00,,660.00,,,150,99000.00,1,F1,150,,,,,
2026-09-02,2026-09-02,CM,NSE,STK,765468,INE0LEG01024,HTEL,BE,,,,,HY-TECH ENGINEERS LIMITED,76.80,81.40,75.25,78.55,78.00,78.75,,78.58,,,4060604,318984319.37,20499,F1,1,,,,,
2026-09-02,2026-09-02,CM,NSE,STK,12814,INE965B01022,HYBRIDFIN,BE,,,,,HYBRID FINANCIAL SERVICE,16.96,16.96,16.20,16.60,16.51,16.96,,16.98,,,7358,121272.46,48,F1,1,,,,,
2026-09-02,2026-09-02,CM,NSE,STK,25844,INE0V6F01027,HYUNDAI,EQ,,,,,HYUNDAI MOTOR INDIA LTD,2168.00,2168.00,2095.80,2154.40,2154.40,2179.80,,2154.31,,,1012608,2151717909.00,67601,F1,1,,,,,
2026-09-02,2026-09-02,CM,NSE,STK,14086,INE204A01010,IGPL,EQ,,,,,I G PETROCHEMICALS LTD,545.35,549.20,532.60,546.40,547.80,548.35,,546.38,,,75076,40669759.90,3480,F1,1,,,,,
2026-09-02,2026-09-02,CM,NSE,STK,764718,INE684B01029,ISTLTD,EQ,,,,,I S T LTD.,640.00,649.90,631.10,636.10,636.10,646.15,,636.10,,,246,156576.95,38,F1,1,,,,,
2026-09-02,2026-09-02,CM,NSE,STK,21348,INE0O7401018,IBLFL,SM,,,,,IBL FINANCE LIMITED,58.00,58.00,58.00,58.00,58.00,61.00,,58.00,,,20000,1160000.00,1,F1,2000,,,,,
2026-09-02,2026-09-02,CM,NSE,STK,764064,INE0XE501015,ICELCO,SM,,,,,IC ELECTRICALS COMPANY L,116.55,119.00,114.00,114.90,114.25,117.05,,114.90,,,88800,10332960.00,39,F1,1200,,,,,
2026-09-02,2026-09-02,CM,NSE,STK,6977,INE613B01010,ICDSLTD,EQ,,,,,ICDS LTD,52.00,59.06,52.00,59.06,59.06,49.22,,59.06,,,122072,7029725.38,762,F1,1,,,,,
2026-09-02,2026-09-02,CM,NSE,STK,489,INE520Y01019,ICEMAKE,EQ,,,,,ICE MAKE REFRIGERAT LTD,729.00,743.00,727.55,739.70,735.00,733.45,,739.70,,,7785,5734281.00,750,F1,1,,,,,
2026-09-02,2026-09-02,CM,NSE,STK,4963,INE090A01021,ICICIBANK,EQ,,,,,ICICI BANK LTD.,1425.10,1436.00,1420.70,1426.50,1426.50,1438.00,,1426.56,,,8515824,12146450397.70,148174,F1,1,,,,,
2026-09-02,2026-09-02,CM,NSE,STK,21770,INE765G01017,ICICIGI,EQ,,,,,ICICI LOMBARD GIC LIMITED,1542.20,1554.40,1521.10,1537.00,1537.00,1566.90,,1537.00,,,605897,929123727.20,34335,F1,1,,,,,
2026-09-02,2026-09-02,CM,NSE,STK,21254,INF109KC19U5,LOWVOLIETF,EQ,,,,,ICICI PR NIF LW VL 30 ETF,22.38,22.38,21.98,22.04,21.98,22.13,,22.04,,,751477,16584887.88,1561,F1,1,,,,,
2026-09-02,2026-09-02,CM,NSE,STK,18652,INE726G01019,ICICIPRULI,EQ,,,,,ICICI PRU LIFE INS CO LTD,495.00,501.85,487.50,499.50,499.50,495.45,,499.50,,,1099572,546121476.80,33055,F1,1,,,,,
2026-09-02,2026-09-02,CM,NSE,STK,17702,INF109KC10W0,MIDSELIETF,EQ,,,,,ICICI PRUD MIDCAP SEL ETF,19.97,19.97,19.72,19.88,19.86,19.97,,19.88,,,352313,6987832.62,877,F1,1,,,,,
2026-09-02,2026-09-02,CM,NSE,STK,30392,INF109KC16V9,NIF100IETF,EQ,,,,,ICICI PRUD NIFTY 100 ETF,28.62,28.65,27.79,27.96,28.07,28.06,,27.96,,,87022,2429783.25,1179,F1,1,,,,,
2026-09-02,2026-09-02,CM,NSE,STK,29553,INF109K012R6,NIFTYIETF,EQ,,,,,ICICI PRUD NIFTY ETF,271.76,271.76,270.26,271.22,271.50,272.12,,271.22,,,666394,180575563.71,10000,F1,1,,,,,
2026-09-02,2026-09-02,CM,NSE,STK,4378,INF346A01034,SENSEXIETF,EQ,,,,,ICICI PRUD SENSEX ETF,884.01,886.99,876.11,881.04,884.22,885.91,,881.08,,,28372,24985812.59,437,F1,1,,,,,
2026-09-02,2026-09-02,CM,NSE,STK,760407,INE346A01027,ICICIAMC,EQ,,,,,ICICI PRUDENTIAL AMC LTD,3030.00,3039.90,2946.00,2973.30,2980.00,3038.10,,2973.32,,,880414,2619068559.50,74038,F1,1,,,,,
2026-09-02,2026-09-02,CM,NSE,STK,19679,INF109KC1NT3,GOLDIETF,EQ,,,,,ICICI PRUDENTIAL GOLD ETF,132.97,132.97,126.48,127.84,127.94,129.73,,127.84,,,8804998,1127684093.11,38303,F1,1,,,,,
2026-09-02,2026-09-02,CM,NSE,STK,17475,INF109KC11V0,NV20IETF,EQ,,,,,ICICI PRUDENTIAL NV20 ETF,13.88,13.88,13.48,13.55,13.56,13.55,,13.55,,,245360,3324434.77,1663,F1,1,,,,,
2026-09-02,2026-09-02,CM,NSE,STK,522,INF109KB15Y7,ICICIB22,EQ,,,,,ICICIPRAMC - BHARATIWIN,112.80,114.06,112.64,113.81,113.84,113.64,,113.82,,,166033,18878905.28,2791,F1,1,,,,,
2026-09-02,2026-09-02,CM,NSE,STK,30139,INF109K1A021,CASHIETF,EQ,,,,,ICICIPRAMC - CASHIETF,1077.85,1077.87,1077.85,1077.86,1077.85,1077.71,,1077.86,,,344136,370932259.49,142,F1,1,,,,,
2026-09-02,2026-09-02,CM,NSE,STK,755881,INF109K1A153,EVIETF,EQ,,,,,ICICIPRAMC - EVIETF,33.92,33.92,32.36,32.53,32.60,33.10,,32.53,,,492139,15987450.63,1606,F1,1,,,,,
2026-09-02,2026-09-02,CM,NSE,STK,13143,INF109KC18O0,GSEC10IETF,EQ,,,,,ICICIPRAMC - ICICI10GS,264.81,264.81,262.55,263.42,262.55,263.50,,263.42,,,10,2644.54,5,F1,1,,,,,
2026-09-02,2026-09-02,CM,NSE,STK,3001,INF109KC1V59,BSE500IETF,EQ,,,,,ICICIPRAMC - ICICI500,39.13,39.32,39.07,39.26,39.26,39.51,,39.26,,,105175,4120348.53,1053,F1,1,,,,,
2026-09-02,2026-09-02,CM,NSE,STK,8342,INF109KC14A8,GSEC5IETF,EQ,,,,,ICICIPRAMC - ICICI5GSEC,66.53,66.53,66.04,66.25,66.25,66.01,,66.25,,,10415,690621.91,34,F1,1,,,,,
2026-09-02,2026-09-02,CM,NSE,STK,22344,INF109KC17V7,ALPL30IETF,EQ,,,,,ICICIPRAMC - ICICIALPLV,27.77,27.77,27.54,27.62,27.68,27.77,,27.62,,,1120581,30967298.97,948,F1,1,,,,,
2026-09-02,2026-09-02,CM,NSE,STK,7844,INF109KC10V2,AUTOIETF,EQ,,,,,ICICIPRAMC - ICICIAUTO,30.19,30.19,28.61,28.96,29.06,29.46,,28.96,,,1576618,45484455.87,4864,F1,1,,,,,
2026-09-02,2026-09-02,CM,NSE,STK,11386,INF109KC18U7,PVTBANIETF,EQ,,,,,ICICIPRAMC - ICICIBANKP,28.62,28.62,27.79,27.84,27.84,27.93,,27.84,,,3650705,101710586.13,1492,F1,1,,,,,
2026-09-02,2026-09-02,CM,NSE,STK,13198,INF109KC19O8,COMMOIETF,EQ,,,,,ICICIPRAMC - ICICICOMMO,101.32,101.80,97.92,99.26,99.19,98.85,,99.26,,,28045,2772022.73,534,F1,1,,,,,
2026-09-02,2026-09-02,CM,NSE,STK,6446,INF109KC1V42,CONSUMIETF,EQ,,,,,ICICIPRAMC - ICICICONSU,121.90,121.90,120.30,121.08,121.38,122.08,,121.08,,,7895,953598.17,267,F1,1,,,,,
2026-09-02,2026-09-02,CM,NSE,STK,5306,INF109KC19V3,FMCGIETF,EQ,,,,,ICICIPRAMC - ICICIFMCG,49.78,50.49,49.39,49.74,49.80,49.78,,49.74,,,1609017,79911230.28,5557,F1,1,,,,,
2026-09-02,2026-09-02,CM,NSE,STK,10723,INF109KC16E5,INFRAIETF,EQ,,,,,ICICIPRAMC - ICICIINFRA,94.49,94.84,93.77,94.55,94.30,94.49,,94.55,,,399829,37757609.30,3092,F1,1,,,,,
2026-09-02,2026-09-02,CM,NSE,STK,4838,INF109KC1KT9,LIQUIDIETF,EQ,,,,,ICICIPRAMC - ICICILIQ,1000.00,1000.01,999.99,999.99,999.99,999.99,,999.99,,,245121,245120285.14,156,F1,1,,,,,
2026-09-02,2026-09-02,CM,NSE,STK,17152,INF109KC11W8,MIDCAPIETF,EQ,,,,,ICICIPRAMC - ICICIM150,24.37,24.37,23.76,23.84,23.90,24.10,,23.84,,,1571103,37497820.00,3415,F1,1,,,,,
2026-09-02,2026-09-02,CM,NSE,STK,10585,INF109KC17C7,MOM30IETF,EQ,,,,,ICICIPRAMC - ICICIMOM30,31.63,31.63,30.92,31.15,31.20,31.29,,31.15,,,997656,30951586.04,2655,F1,1,,,,,
2026-09-02,2026-09-02,CM,NSE,STK,4529,INF109KC1NS5,NEXT50IETF,EQ,,,,,ICICIPRAMC - ICICINXT50,75.09,78.56,75.09,76.96,77.00,77.02,,76.96,,,812202,62112155.85,6627,F1,1,,,,,
2026-09-02,2026-09-02,CM,NSE,STK,3626,INF109KC1Q72,HEALTHIETF,EQ,,,,,ICICIPRAMC - ICICIPHARM,171.01,171.40,169.97,170.65,171.30,171.16,,170.65,,,70188,11960273.22,1343,F1,1,,,,,
2026-09-02,2026-09-02,CM,NSE,STK,17808,INF109KC18V5,QUAL30IETF,EQ,,,,,ICICIPRAMC - ICICIQTY30,21.27,21.27,20.99,21.10,21.12,21.49,,21.10,,,186417,3925559.01,681,F1,1,,,,,
2026-09-02,2026-09-02,CM,NSE,STK,7942,INF109KC1Y56,SILVERIETF,EQ,,,,,ICICIPRAMC - ICICISILVE,222.40,231.90,222.40,225.65,225.30,227.47,,225.65,,,3634029,818643825.96,20083,F1,1,,,,,
2026-09-02,2026-09-02,CM,NSE,STK,22365,INF109KC16I6,ITIETF,EQ,,,,,ICICIPRAMC - ICICITECH,34.80,34.80,34.12,34.38,34.60,34.80,,34.38,,,831659,28638178.25,1660,F1,1,,,,,
2026-09-02,2026-09-02,CM,NSE,STK,764364,INF109K1A567,INSUREIETF,EQ,,,,,ICICIPRAMC - INSUREIETF,15.43,15.43,15.00,15.10,15.10,15.43,,15.10,,,2499345,37606528.85,371,F1,1,,,,,
2026-09-02,2026-09-02,CM,NSE,STK,11037,INF109KC15I8,BANKIETF,EQ,,,,,ICICIPRAMC - IPRU5008,58.91,58.91,58.50,58.77,58.86,58.90,,58.77,,,168198,9877531.73,1355,F1,1,,,,,
2026-09-02,2026-09-02,CM,NSE,STK,24861,INF109KC19W1,METALIETF,EQ,,,,,ICICIPRAMC - METALIETF,13.56,13.56,13.09,13.19,13.22,13.23,,13.19,,,6515057,85860908.42,9360,F1,1,,,,,
2026-09-02,2026-09-02,CM,NSE,STK,24533,INF109KC18W3,OILIETF,EQ,,,,,ICICIPRAMC - OILIETF,11.55,11.55,11.19,11.30,11.28,11.27,,11.30,,,5484945,61930030.51,2425,F1,1,,,,,
2026-09-02,2026-09-02,CM,NSE,STK,14584,INF109KC10S8,PSUBNKIETF,EQ,,,,,ICICIPRAMC - PSUBANKICI,85.86,86.82,85.50,86.04,86.00,86.24,,86.04,,,88783,7639518.81,719,F1,1,,,,,
2026-09-02,2026-09-02,CM,NSE,STK,754612,INF109K1A476,SMALLIETF,EQ,,,,,ICICIPRAMC - SMALLIETF,18.47,18.50,18.21,18.33,18.35,18.47,,18.33,,,62585,1145848.63,175,F1,1,,,,,
2026-09-02,2026-09-02,CM,NSE,STK,757781,INF109K1A344,TOP15IETF,EQ,,,,,ICICIPRAMC - TOP15IETF,9.83,9.92,9.76,9.80,9.84,9.86,,9.80,,,88734,868714.51,225,F1,1,,,,,
2026-09-02,2026-09-02,CM,NSE,STK,25851,INF109KC16X5,VAL30IETF,EQ,,,,,ICICIPRAMC - VAL30IETF,15.20,15.22,14.92,15.08,15.14,15.08,,15.08,,,118389,1781525.15,581,F1,1,,,,,
2026-09-02,2026-09-02,CM,NSE,STK,12578,INF109KC17L8,FINIETF,EQ,,,,,ICICIPRAMC-ICICIFIN,32.66,32.68,32.14,32.43,32.58,32.65,,32.43,,,455095,14694694.15,1884,F1,1,,,,,
2026-09-02,2026-09-02,CM,NSE,STK,14523,INE725G01011,ICRA,EQ,,,,,ICRA LIMITED,4959.90,4999.80,4881.00,4891.30,4901.00,5011.90,,4891.27,,,16104,79251880.60,2984,F1,1,,,,,
2026-09-02,2026-09-02,CM,NSE,STK,1476,INE008A01015,IDBI,EQ,,,,,IDBI BANK LIMITED,91.65,93.25,90.61,91.55,91.70,92.06,,91.55,,,10822943,995347460.75,38093,F1,1,,,,,
2026-09-02,2026-09-02,CM,NSE,STK,17140,INE349Y01013,IDEAFORGE,EQ,,,,,IDEAFORGE TECHNO LTD,780.00,792.20,768.10,769.75,769.20,783.60,,769.76,,,214711,166746228.70,14764,F1,1,,,,,
2026-09-02,2026-09-02,CM,NSE,STK,24950,INE0T9I01011,IDEALTECHO,SM,,,,,IDEAL TECHNOPLAST IND LTD,170.00,170.00,170.00,170.00,170.00,175.00,,170.00,,,500,85000.00,1,F1,500,,,,,
2026-09-02,2026-09-02,CM,NSE,STK,28574,INE0TD101011,IDENTICAL,SM,,,,,IDENTICAL BRAINS STUDIO L,16.65,17.00,16.55,17.00,17.00,17.00,,17.00,,,8000,133500.00,4,F1,2000,,,,,
2026-09-02,2026-09-02,CM,NSE,STK,11184,INE092T01019,IDFCFIRSTB,EQ,,,,,IDFC FIRST BANK LIMITED,84.61,85.25,83.70,85.09,85.09,84.90,,85.08,,,15107630,1281048088.33,57257,F1,1,,,,,
2026-09-02,2026-09-02,CM,NSE,STK,1482,INE076C01018,IFBAGRO,EQ,,,,,IFB AGRO INDUSTRIES LTD,893.00,900.00,889.55,897.65,898.00,899.40,,897.68,,,2396,2147980.45,262,F1,1,,,,,
2026-09-02,2026-09-02,CM,NSE,STK,1485,INE559A01017,IFBIND,EQ,,,,,IFB INDUSTRIES LTD,1296.40,1311.70,1271.40,1296.00,1293.00,1301.40,,1296.00,,,35123,45517005.50,6589,F1,1,,,,,
2026-09-02,2026-09-02,CM,NSE,STK,1491,INE039A01010,IFCI,EQ,,,,,IFCI LTD,87.50,99.49,87.01,98.32,97.72,87.26,,98.32,,,428062214,41039071131.68,844172,F1,1,,,,,
2026-09-02,2026-09-02,CM,NSE,STK,436,INE133Y01011,IFGLEXPOR,EQ,,,,,IFGL REFRACTORIES LIMITED,207.58,211.50,202.41,207.95,210.97,207.91,,207.95,,,18135,3755328.70,705,F1,1,,,,,
2026-09-02,2026-09-02,CM,NSE,STK,634,INE188B01013,IGARASHI,EQ,,,,,IGARASHI MOTORS INDIA LTD,421.05,421.75,412.10,415.00,414.50,421.05,,414.98,,,32627,13589823.85,1819,F1,1,,,,,
2026-09-02,2026-09-02,CM,NSE,STK,761117,INE530B07591,852IIFL29,Y5,,,,,IIFL 8.52% TR I SR II,994.00,994.00,994.00,994.00,994.00,963.00,,994.00,,,1,994.00,1,F1,1,,,,,
2026-09-02,2026-09-02,CM,NSE,STK,761118,INE530B07633,865IIFL31,Y6,,,,,IIFL 8.65% TR I SR III,987.00,987.00,987.00,987.00,987.00,985.00,,987.00,,,20,19740.00,1,F1,1,,,,,
2026-09-02,2026-09-02,CM,NSE,STK,761121,INE530B07609,9IIFL31,Y9,,,,,IIFL 9.00% TR I SR VI,1040.00,1040.00,1014.00,1014.00,1014.00,998.10,,1014.00,,,138,140607.00,5,F1,1,,,,,
2026-09-02,2026-09-02,CM,NSE,STK,13072,INE489L01022,IIFLCAPS,EQ,,,,,IIFL CAPITAL SERVICES LTD,339.45,342.45,337.05,338.30,338.10,340.15,,338.33,,,375285,127591923.80,9029,F1,1,,,,,
2026-09-02,2026-09-02,CM,NSE,STK,11809,INE530B01024,IIFL,EQ,,,,,IIFL FINANCE LIMITED,633.85,652.00,624.25,633.25,635.80,639.15,,633.25,,,4480751,2863782993.40,66467,F1,1,,,,,
2026-09-02,2026-09-02,CM,NSE,STK,761124,INE530B07641,IIFL06326,YC,,,,,IIFL TR I SR IX,1000.00,1000.00,1000.00,1000.00,1000.00,980.00,,1000.00,,,1031,1031000.00,1,F1,1,,,,,
2026-09-02,2026-09-02,CM,NSE,STK,761122,INE530B07583,IIFL060326,YA,,,,,IIFL TR I SR VII,1019.00,1019.00,1019.00,1019.00,1019.00,1020.00,,1019.00,,,30,30570.00,1,F1,1,,,,,
2026-09-02,2026-09-02,CM,NSE,STK,16822,INE0LOJ01019,IKIO,EQ,,,,,IKIO TECHNOLOGIES LIMITED,204.50,213.00,203.00,206.14,206.01,207.53,,206.15,,,375682,78149566.95,6972,F1,1,,,,,
2026-09-02,2026-09-02,CM,NSE,STK,9380,INE369I01014,IL&FSENGG,BZ,,,,,IL&FS ENG AND CONS CO LTD,35.00,35.49,34.00,34.10,35.49,35.00,,35.60,,,7834,268228.31,27,F1,1,,,,,
2026-09-02,2026-09-02,CM,NSE,STK,6711,INE050B01023,IVC,EQ,,,,,IL&FS INVESTMENT MANAGERS,9.50,9.90,9.01,9.59,9.37,9.32,,9.58,,,1346252,12729063.46,1530,F1,1,,,,,
2026-09-02,2026-09-02,CM,NSE,STK,9381,INE975G01012,IL&FSTRANS,BZ,,,,,IL&FS TRANS NET LTD,2.29,2.29,2.16,2.19,2.26,2.23,,2.19,,,28924,63846.08,61,F1,1,,,,,
2026-09-02,2026-09-02,CM,NSE,STK,7672,INE172N01012,IMAGICAA,EQ,,,,,IMAGICAAWORLD ENT LTD,54.50,54.99,53.90,54.61,54.95,55.00,,54.60,,,484536,26345911.61,2589,F1,1,,,,,
2026-09-02,2026-09-02,CM,NSE,STK,25881,INE691G01015,IMPEXFERRO,BZ,,,,,IMPEX FERRO TECH LIMITED,4.54,4.54,4.54,4.54,4.54,4.46,,4.68,,,9856,44746.24,12,F1,1,,,,,
2026-09-02,2026-09-02,CM,NSE,STK,17507,INE452L01012,INCREDIBLE,EQ,,,,,INCREDIBLE INDUSTRIES LTD,32.48,33.48,31.00,32.08,32.89,32.81,,32.38,,,5295,171197.88,135,F1,1,,,,,
2026-09-02,2026-09-02,CM,NSE,STK,12009,INE547E01014,IMPAL,EQ,,,,,IND MOTOR PART & ACC LTD,1134.00,1134.00,1090.00,1102.10,1100.00,1131.40,,1102.10,,,1509,1660558.00,180,F1,1,,,,,
2026-09-02,2026-09-02,CM,NSE,STK,4870,INE915B01019,INDSWFTLAB,EQ,,,,,IND SWIFT LABORATORIES LT,364.10,378.90,363.10,366.85,366.00,368.15,,366.86,,,473769,175118859.20,10743,F1,1,,,,,
2026-09-02,2026-09-02,CM,NSE,STK,21957,INE611L01021,INDTERRAIN,EQ,,,,,IND TERRAIN FASHIONS LTD,30.01,30.50,30.00,30.16,30.20,30.82,,30.16,,,16292,491165.57,93,F1,1,,,,,
2026-09-02,2026-09-02,CM,NSE,STK,16933,INE841B01017,INDBANK,EQ,,,,,INDBANK MERCH BANK,31.50,31.50,30.95,31.10,31.10,31.27,,31.06,,,14504,451854.95,180,F1,1,,,,,
2026-09-02,2026-09-02,CM,NSE,STK,29678,INE0O9T01021,BAJAJINDEF,EQ,,,,,INDEF MANUFACTURING LTD,224.48,226.60,220.51,221.34,221.01,224.51,,221.32,,,10094,2248126.12,296,F1,1,,,,,
2026-09-02,2026-09-02,CM,NSE,STK,23693,INE065X01017,INDGN,EQ,,,,,INDEGENE LIMITED,602.40,613.75,593.60,600.15,597.00,605.40,,600.14,,,684806,411662500.15,27098,F1,1,,,,,
2026-09-02,2026-09-02,CM,NSE,STK,7128,INE560A01023,INDIAGLYCO,BE,,,,,INDIA GLYCOLS LTD,225.00,236.20,217.00,236.20,236.20,1111.70,,240.99,,,115189,26332106.70,974,F1,1,,,,,
2026-09-02,2026-09-02,CM,NSE,STK,4747,INE092B01025,INDNIPPON,EQ,,,,,INDIA NIPPON ELECT  LTD,1076.20,1079.70,1055.10,1064.30,1060.00,1072.10,,1063.89,,,9746,10378069.10,1400,F1,1,,,,,
2026-09-02,2026-09-02,CM,NSE,STK,4934,INE0D6701023,IPL,EQ,,,,,INDIA PESTICIDES LIMITED,136.80,137.61,135.61,136.45,136.30,138.24,,136.44,,,66187,9032041.83,1556,F1,1,,,,,
2026-09-02,2026-09-02,CM,NSE,STK,20556,INE922K01024,INDIASHLTR,EQ,,,,,INDIA SHELTER FIN CORP L,630.05,658.00,620.15,651.20,652.00,628.90,,651.23,,,94870,60476643.55,7118,F1,1,,,,,
2026-09-02,2026-09-02,CM,NSE,STK,19299,INE353K01014,ITDC,EQ,,,,,INDIA TOUR. DEV. CO. LTD.,645.00,645.05,630.00,637.15,639.00,644.75,,637.17,,,67907,43172637.35,5908,F1,1,,,,,
2026-09-02,2026-09-02,CM,NSE,STK,24999,INE126M01010,IBULLSLTD,EQ,,,,,INDIABULLS LIMITED,25.39,26.50,24.66,25.96,26.00,25.44,,25.96,,,12745266,326898965.63,20215,F1,1,,,,,
2026-09-02,2026-09-02,CM,NSE,STK,10726,INE933S01016,INDIAMART,EQ,,,,,INDIAMART INTERMESH LTD,1760.00,1760.00,1733.30,1740.80,1736.10,1764.40,,1740.73,,,48141,83808592.70,5537,F1,1,,,,,
2026-09-02,2026-09-02,CM,NSE,STK,14309,INE562A01011,INDIANB,EQ,,,,,INDIAN BANK,875.00,884.40,866.00,878.80,878.80,881.75,,878.80,,,898988,784813863.10,29905,F1,1,,,,,
2026-09-02,2026-09-02,CM,NSE,STK,4422,INE061A01014,INDIANCARD,EQ,,,,,INDIAN CARD CLOTHING CO.,206.00,212.94,206.00,209.92,210.00,211.47,,209.92,,,313,65006.22,23,F1,1,,,,,
2026-09-02,2026-09-02,CM,NSE,STK,23792,INE0RRU01016,IEML,ST,,,,,INDIAN EMULSIFIERS LTD,40.70,42.00,40.35,41.30,41.30,42.45,,41.30,,,28000,1138475.00,49,F1,500,,,,,
2026-09-02,2026-09-02,CM,NSE,STK,220,INE022Q01020,IEX,EQ,,,,,INDIAN ENERGY EXC LTD,118.99,119.25,117.70,118.86,118.86,119.20,,118.86,,,3975640,471487125.82,79328,F1,1,,,,,
2026-09-02,2026-09-02,CM,NSE,STK,1530,INE323C01030,INDIANHUME,EQ,,,,,INDIAN HUME PIPE CO. LTD.,370.10,394.00,368.50,388.70,389.20,372.15,,388.70,,,91818,35356311.35,2576,F1,1,,,,,
2026-09-02,2026-09-02,CM,NSE,STK,19235,INE919H01018,IMFA,EQ,,,,,INDIAN METALS & FERRO,1299.00,1313.50,1285.00,1289.10,1293.00,1301.10,,1289.36,,,76217,98728050.30,7413,F1,1,,,,,
2026-09-02,2026-09-02,CM,NSE,STK,1624,INE242A01010,IOC,EQ,,,,,INDIAN OIL CORP LTD,135.00,137.00,134.35,137.00,137.00,136.53,,137.00,,,8229119,1118360606.46,58634,F1,1,,,,,
2026-09-02,2026-09-02,CM,NSE,STK,9348,INE565A01014,IOB,EQ,,,,,INDIAN OVERSEAS BANK,32.15,32.84,31.83,32.68,32.77,32.27,,32.68,,,3854357,124730700.83,18414,F1,1,,,,,
2026-09-02,2026-09-02,CM,NSE,STK,25033,INE0DHF01018,IPHL,SM,,,,,INDIAN PHOSPHATE LIMITED,75.50,75.50,66.50,69.80,71.00,76.40,,69.80,,,81600,5799300.00,53,F1,1200,,,,,
2026-09-02,2026-09-02,CM,NSE,STK,13611,INE335Y01020,IRCTC,EQ,,,,,INDIAN RAIL TOUR CORP LTD,481.30,481.35,470.70,472.60,473.05,481.35,,472.61,,,1151968,545577076.65,45279,F1,1,,,,,
2026-09-02,2026-09-02,CM,NSE,STK,2029,INE053F01010,IRFC,EQ,,,,,INDIAN RAILWAY FIN CORP L,82.50,82.50,81.30,82.48,82.48,82.50,,82.48,,,7977861,654778320.37,42786,F1,1,,,,,
2026-09-02,2026-09-02,CM,NSE,STK,20261,INE202E01016,IREDA,EQ,,,,,INDIAN RENEWABLE ENERGY,113.65,113.68,112.05,112.55,112.55,114.20,,112.54,,,4711096,530471872.32,31096,F1,1,,,,,
2026-09-02,2026-09-02,CM,NSE,STK,762727,INE586E01020,IWP,EQ,,,,,INDIAN WOOD PRODUCTS CO L,34.49,35.50,34.49,34.96,35.48,34.49,,34.79,,,2965,104276.10,57,F1,1,,,,,
2026-09-02,2026-09-02,CM,NSE,STK,2048,INE09VQ01012,INDIGOPNTS,EQ,,,,,INDIGO PAINTS LIMITED,1172.20,1182.00,1127.40,1171.00,1175.00,1172.40,,1170.89,,,106322,123334900.90,12948,F1,1,,,,,
2026-09-02,2026-09-02,CM,NSE,STK,20988,INE219X23014,INDIGRID,IV,,,,,INDIGRID INFRASTRUCT TRST,175.90,175.90,174.85,175.22,175.19,175.06,,175.22,,,980911,171852573.16,14419,F1,1,,,,,
2026-09-02,2026-09-02,CM,NSE,STK,757845,INE06ST01018,INDIQUBE,EQ,,,,,INDIQUBE SPACES LIMITED,190.53,193.79,186.91,193.17,193.79,190.05,,193.17,,,38944,7458749.23,983,F1,1,,,,,
2026-09-02,2026-09-02,CM,NSE,STK,9120,INE760F01028,INDOAMIN,BE,,,,,INDO AMINES LIMITED,121.00,122.79,118.50,122.38,122.60,120.47,,122.58,,,36353,4408359.09,287,F1,1,,,,,
2026-09-02,2026-09-02,CM,NSE,STK,8614,INE803D01021,INDOBORAX,EQ,,,,,INDO BORAX & CHEMICAL LTD,508.00,518.25,502.15,506.15,507.00,516.05,,506.13,,,129523,65940151.25,6264,F1,1,,,,,
2026-09-02,2026-09-02,CM,NSE,STK,11987,INE483B01026,ICIL,EQ,,,,,INDO COUNT INDUSTRIES LTD,433.45,450.00,423.45,447.15,446.10,433.45,,447.17,,,823554,361814297.35,23946,F1,1,,,,,
2026-09-02,2026-09-02,CM,NSE,STK,29025,INE622H01018,INDOFARM,EQ,,,,,INDO FARM EQUIPMENT LTD,134.50,136.00,133.04,134.97,135.49,134.83,,134.84,,,67157,9027232.31,1485,F1,1,,,,,
2026-09-02,2026-09-02,CM,NSE,STK,10993,INE156A01020,INDORAMA,EQ,,,,,INDO RAMA SYNTHETICS LTD,69.99,69.99,65.50,66.77,67.02,68.01,,66.77,,,435143,29110018.05,4943,F1,1,,,,,
2026-09-02,2026-09-02,CM,NSE,STK,13275,INE332H01014,INDOTECH,EQ,,,,,INDO TECH TRANSFORM LTD.,3700.00,3703.30,3551.00,3577.20,3565.00,3702.20,,3573.93,,,20517,74200879.90,3407,F1,1,,,,,
2026-09-02,2026-09-02,CM,NSE,STK,25608,INE337M01021,INDOTHAI,EQ,,,,,INDO THAI SEC LTD,39.61,43.00,39.61,39.61,39.61,41.69,,39.61,,,6527923,259322473.66,3029,F1,1,,,,,
2026-09-02,2026-09-02,CM,NSE,STK,25503,INE250Z01010,INDOUS,EQ,,,,,INDO US BIOTECH LTD,79.00,81.30,76.05,78.15,78.15,79.09,,78.15,,,5087,396742.47,134,F1,1,,,,,
2026-09-02,2026-09-02,CM,NSE,STK,764301,INE084101034,INDOMIM,EQ,,,,,INDO-MIM LIMITED,856.00,892.00,839.05,888.00,890.50,858.85,,888.04,,,2583002,2253150080.30,65987,F1,1,,,,,
2026-09-02,2026-09-02,CM,NSE,STK,6782,INE567A01028,NIPPOBATRY,EQ,,,,,INDO-NATIONAL LIMITED,325.00,328.00,321.20,323.10,324.95,328.05,,323.09,,,885,286039.25,74,F1,1,,,,,
2026-09-02,2026-09-02,CM,NSE,STK,11677,INE873D01024,INDOCO,EQ,,,,,INDOCO REMEDIES LTD.,242.00,287.80,241.34,273.77,273.11,243.84,,273.77,,,19225160,5294320339.46,253065,F1,1,,,,,
2026-09-02,2026-09-02,CM,NSE,STK,757801,INE05J901018,IGCL,EQ,,,,,INDOGULF CROPSCIENCES LTD,72.24,74.80,71.15,73.27,73.00,71.98,,73.29,,,75535,5476304.00,475,F1,1,,,,,
2026-09-02,2026-09-02,CM,NSE,STK,764708,INE716F01012,INDOKEM,EQ,,,,,INDOKEM LTD.,615.00,619.00,590.30,597.55,594.00,607.45,,597.14,,,2412,1461405.05,179,F1,1,,,,,
2026-09-02,2026-09-02,CM,NSE,STK,19955,INE866K01023,WAAREEINDO,EQ,,,,,INDOSOLAR LIMITED,267.95,273.70,261.20,264.95,266.00,268.10,,265.06,,,51929,13928324.95,1642,F1,1,,,,,
2026-09-02,2026-09-02,CM,NSE,STK,3088,INE896L01010,INDOSTAR,EQ,,,,,INDOSTAR CAPITAL FIN LTD,250.13,263.90,250.00,261.07,260.00,252.08,,261.08,,,130359,33796552.83,2341,F1,1,,,,,
2026-09-02,2026-09-02,CM,NSE,STK,14952,INE227G01018,INDOWIND,EQ,,,,,INDOWIND ENERGY LTD,9.00,9.09,8.81,8.98,9.04,9.04,,9.00,,,79240,711581.12,321,F1,1,,,,,
2026-09-02,2026-09-02,CM,NSE,STK,11262,INE203G01027,IGL,EQ,,,,,INDRAPRASTHA GAS LTD,149.51,149.76,147.45,147.94,147.93,149.85,,147.94,,,1206517,179067428.79,20886,F1,1,,,,,
2026-09-02,2026-09-02,CM,NSE,STK,4751,INE681B01017,INDRAMEDCO,EQ,,,,,INDRAPRASTHA MEDICAL CORP,356.80,357.05,349.55,352.35,353.00,357.80,,352.36,,,295932,104225709.20,7489,F1,1,,,,,
2026-09-02,2026-09-02,CM,NSE,STK,23036,INE0NHL23019,INDUSINVIT,IV,,,,,INDUS INFRA TRUST,133.80,134.50,133.03,133.43,133.30,133.12,,133.39,,,85835,11462736.94,6209,F1,1,,,,,
2026-09-02,2026-09-02,CM,NSE,STK,29135,INE121J01017,INDUSTOWER,EQ,,,,,INDUS TOWERS LIMITED,375.00,380.00,371.95,379.00,379.00,375.00,,379.00,,,2707843,1020172280.45,48600,F1,1,,,,,
2026-09-02,2026-09-02,CM,NSE,STK,5258,INE095A01012,INDUSINDBK,EQ,,,,,INDUSIND BANK LIMITED,985.00,987.60,963.30,978.00,978.00,992.60,,978.00,,,2673391,2607154743.40,68147,F1,1,,,,,
2026-09-02,2026-09-02,CM,NSE,STK,762717,INE620D01011,INDPRUD,EQ,,,,,INDUSTRIAL & PRU INV CO L,6297.00,6297.00,6275.00,6275.00,6275.00,6232.00,,6272.50,,,38,238472.00,23,F1,1,,,,,
2026-09-02,2026-09-02,CM,NSE,STK,19525,INE886A01014,IITL,EQ,,,,,INDUSTRIAL INV TRUST LTD,154.12,158.98,148.12,150.05,149.50,153.00,,150.02,,,96731,14814215.75,1039,F1,1,,,,,
2026-09-02,2026-09-02,CM,NSE,STK,15036,INE0MRE01011,INFINIUM,SM,,,,,INFINIUM PHARMACHEM LTD,255.00,261.50,255.00,259.95,260.00,261.70,,259.95,,,4500,1168225.00,9,F1,500,,,,,
2026-09-02,2026-09-02,CM,NSE,STK,757602,INE0MYZ01012,INFLUX,SM,,,,,INFLUX HEALTHTECH LIMITED,282.00,292.95,275.30,283.85,283.60,292.55,,283.85,,,23400,6597660.00,39,F1,600,,,,,
2026-09-02,2026-09-02,CM,NSE,STK,13751,INE663F01032,NAUKRI,EQ,,,,,INFO EDGE (I) LTD,1330.10,1352.40,1314.80,1343.70,1343.70,1356.00,,1343.70,,,1456671,1940878804.20,68370,F1,1,,,,,
2026-09-02,2026-09-02,CM,NSE,STK,11027,INE344S01016,INFOBEAN,EQ,,,,,INFOBEANS TECHNO. LTD.,158.21,159.18,154.03,157.22,157.79,157.52,,157.23,,,284603,44665203.83,4110,F1,1,,,,,
2026-09-02,2026-09-02,CM,NSE,STK,16588,INE0NNZ01013,INFOLLION,SM,,,,,INFOLLION RESEARCH SER L,159.00,159.00,156.05,156.25,156.05,159.50,,156.25,,,2400,377440.00,6,F1,400,,,,,
2026-09-02,2026-09-02,CM,NSE,STK,13693,INE669A01022,INFOMEDIA,EQ,,,,,INFOMEDIA PRESS LIMITED,5.27,5.27,5.06,5.15,5.25,5.27,,5.10,,,16755,86870.33,50,F1,1,,,,,
2026-09-02,2026-09-02,CM,NSE,STK,1594,INE009A01021,INFY,EQ,,,,,INFOSYS LIMITED,1137.70,1147.80,1118.60,1140.00,1140.00,1156.00,,1140.00,,,8564358,9720500603.10,192466,F1,1,,,,,
2026-09-02,2026-09-02,CM,NSE,STK,1597,INE177A01018,INGERRAND,EQ,,,,,INGERSOLL-RAND INDIA LTD,4761.50,4955.00,4738.80,4883.50,4889.90,4794.00,,4883.57,,,78135,381461895.40,11427,F1,1,,,,,
2026-09-02,2026-09-02,CM,NSE,STK,25323,INE0S1D01010,INNOMET,ST,,,,,INNOMET ADVANCED MATERI L,271.55,271.55,271.55,271.55,271.55,266.25,,271.55,,,15000,4073250.00,21,F1,600,,,,,
2026-09-02,2026-09-02,CM,NSE,STK,21062,INE0DUT01020,INNOVACAP,EQ,,,,,INNOVA CAPTAB LIMITED,1068.10,1140.00,1058.10,1108.60,1122.00,1068.10,,1108.76,,,246228,273749429.00,25011,F1,1,,,,,
2026-09-02,2026-09-02,CM,NSE,STK,27754,INE403Y01018,INNOVANA,EQ,,,,,INNOVANA THINKLABS LTD,301.00,303.00,291.05,298.05,297.10,300.00,,298.33,,,1770,526364.70,121,F1,1,,,,,
2026-09-02,2026-09-02,CM,NSE,STK,27266,INE070Y01023,ITTL,ST,,,,,INNOVATIVE TYRE & TUBE LT,64.20,64.20,64.20,64.20,64.20,64.20,,64.20,,,105,6741.00,1,F1,105,,,,,
2026-09-02,2026-09-02,CM,NSE,STK,761528,INE0ADB01012,INNOVISION,EQ,,,,,INNOVISION LIMITED,263.00,263.30,258.00,258.75,259.50,263.30,,258.76,,,7422,1925876.65,470,F1,1,,,,,
2026-09-02,2026-09-02,CM,NSE,STK,12188,INE510W01014,INOXGREEN,EQ,,,,,INOX GREEN ENERGY SER LTD,160.34,166.70,159.12,164.25,165.44,160.29,,164.25,,,673411,110394011.01,10851,F1,1,,,,,
2026-09-02,2026-09-02,CM,NSE,STK,20607,INE616N01034,INOXINDIA,EQ,,,,,INOX INDIA LIMITED,2145.00,2168.90,2076.40,2099.40,2097.00,2165.90,,2099.34,,,226228,479907199.40,24673,F1,1,,,,,
2026-09-02,2026-09-02,CM,NSE,STK,7852,INE066P01011,INOXWIND,EQ,,,,,INOX WIND LIMITED,69.15,71.31,68.00,70.59,70.59,69.50,,70.59,,,13562084,948385451.12,46132,F1,1,,,,,
2026-09-02,2026-09-02,CM,NSE,STK,14657,INE070I01018,INSECTICID,EQ,,,,,INSECTICIDES (I) LTD,598.00,614.95,591.10,612.60,613.30,598.35,,612.60,,,18329,11125021.50,1527,F1,1,,,,,
2026-09-02,2026-09-02,CM,NSE,STK,761099,INE0LGX01024,INA,EQ,,,,,INSOLATION ENERGY LIMITED,90.98,90.98,88.00,89.37,89.50,89.60,,89.38,,,328762,29354789.11,3837,F1,1,,,,,
2026-09-02,2026-09-02,CM,NSE,STK,13730,INE020G01017,INSPIRISYS,EQ,,,,,INSPIRISYS SOLUTIONS LTD,86.25,89.99,86.00,89.70,89.98,86.21,,89.59,,,3545,313095.94,89,F1,1,,,,,
2026-09-02,2026-09-02,CM,NSE,STK,30323,INE418N01035,ESSENTIA,EQ,,,,,INTEGRA ESSENTIA LIMITED,1.06,1.06,1.03,1.04,1.04,1.04,,1.04,,,2411294,2522315.33,741,F1,1,,,,,
2026-09-02,2026-09-02,CM,NSE,STK,757905,INE0YSH01017,INTEGRITY,ST,,,,,INTEGRITY INFRABUILD DE L,174.00,174.00,174.00,174.00,174.00,175.00,,174.00,,,1200,208800.00,1,F1,1200,,,,,
2026-09-02,2026-09-02,CM,NSE,STK,5926,INE306R01017,INTELLECT,EQ,,,,,INTELLECT DESIGN ARENA,696.00,697.70,677.00,679.25,679.00,694.70,,679.27,,,342023,233961727.90,20609,F1,1,,,,,
2026-09-02,2026-09-02,CM,NSE,STK,20071,INE781A01025,INTENTECH,EQ,,,,,INTENSE TECHNOLOGIES LTD,82.47,82.80,79.00,80.09,80.00,81.20,,80.09,,,12426,997479.81,281,F1,1,,,,,
2026-09-02,2026-09-02,CM,NSE,STK,24909,INE00M901018,INTERARCH,EQ,,,,,INTERARCH BLDNG SOLTN LTD,1720.00,1737.90,1680.10,1687.50,1687.80,1722.60,,1687.52,,,55317,94413559.20,6009,F1,1,,,,,
2026-09-02,2026-09-02,CM,NSE,STK,11195,INE646L01027,INDIGO,EQ,,,,,INTERGLOBE AVIATION LTD,4957.00,5020.00,4908.50,5020.00,5020.00,5052.00,,5019.96,,,1437991,7111870961.50,91643,F1,1,,,,,
2026-09-02,2026-09-02,CM,NSE,STK,5606,INE575C01027,INTLCONV,EQ,,,,,INTL CONVEYORS LIMITED,80.50,80.50,78.21,79.65,79.90,79.51,,79.65,,,26946,2145803.06,1384,F1,1,,,,,
2026-09-02,2026-09-02,CM,NSE,STK,28378,INE0Q9301021,IGIL,EQ,,,,,INTL GEMOLOGICAL INST LTD,339.05,339.05,325.85,327.20,326.50,339.75,,327.22,,,552217,181853064.05,26342,F1,1,,,,,
2026-09-02,2026-09-02,CM,NSE,STK,18479,INE566K01011,ISFT,EQ,,,,,INTRASOFT TECH. LTD,91.68,93.88,87.50,87.81,87.50,93.21,,87.82,,,19820,1775019.19,654,F1,1,,,,,
2026-09-02,2026-09-02,CM,NSE,STK,24870,INE878H01024,INVENTURE,EQ,,,,,INVENTURE GRO & SEC LTD,0.94,0.94,0.91,0.92,0.93,0.92,,0.92,,,590515,544128.72,303,F1,1,,,,,
2026-09-02,2026-09-02,CM,NSE,STK,28125,INE115Q01022,IKS,EQ,,,,,INVENTURUS KNOWLEDGE SO L,1740.80,1748.00,1712.10,1744.10,1743.00,1740.80,,1744.03,,,78597,136284811.30,8396,F1,1,,,,,
2026-09-02,2026-09-02,CM,NSE,STK,18292,INF205KA1BP1,IVZINGOLD,EQ,,,,,INVESCO INDIA GOLD ETF,131.40,131.40,128.70,129.65,130.10,131.90,,129.65,,,17990,2327287.55,259,F1,1,,,,,
2026-09-02,2026-09-02,CM,NSE,STK,24217,INF205KA1CC7,IVZINNIFTY,EQ,,,,,INVESCO INDIA NIFTY ETF,275.76,275.76,273.60,274.31,274.31,275.76,,274.31,,,114,31271.16,28,F1,1,,,,,
2026-09-02,2026-09-02,CM,NSE,STK,762725,INE155E01016,INVPRECQ,BE,,,,,INVESTMENT & PREC CAST L,1290.00,1290.00,1257.00,1275.00,1275.00,1281.00,,1275.00,,,2935,3731392.00,55,F1,1,,,,,
2026-09-02,2026-09-02,CM,NSE,STK,760139,INE0XJ501010,INVICTA,SM,,,,,INVICTA DIAGNOSTIC LTD,69.95,70.00,68.55,69.90,69.90,70.00,,69.90,,,11200,779040.00,7,F1,1600,,,,,
2026-09-02,2026-09-02,CM,NSE,STK,20413,INE485C01029,IOLCP,EQ,,,,,IOL CHEM AND PHARMA LTD,190.00,194.10,186.00,188.38,188.50,190.48,,188.38,,,2248618,425302582.14,24637,F1,1,,,,,
2026-09-02,2026-09-02,CM,NSE,STK,1630,INE570A01022,IONEXCHANG,EQ,,,,,ION EXCHANGE (INDIA) LTD,367.60,385.50,362.85,382.10,383.00,367.60,,381.94,,,309897,116570313.15,12569,F1,1,,,,,
2026-09-02,2026-09-02,CM,NSE,STK,764713,INE558A01019,IPRINGLTD,EQ,,,,,IP RINGS LTD.,176.70,182.20,163.00,167.78,164.20,176.70,,166.50,,,7719,1311101.50,329,F1,1,,,,,
2026-09-02,2026-09-02,CM,NSE,STK,1633,INE571A01038,IPCALAB,EQ,,,,,IPCA LABORATORIES LTD,1979.00,2001.50,1948.90,1956.50,1955.80,1987.60,,1956.50,,,161648,316938182.00,23019,F1,1,,,,,
2026-09-02,2026-09-02,CM,NSE,STK,15313,INE821I01022,IRB,EQ,,,,,IRB INFRA DEV LTD.,19.35,19.59,19.11,19.18,19.20,19.35,,19.18,,,28951268,558061793.03,41719,F1,1,,,,,
2026-09-02,2026-09-02,CM,NSE,STK,20817,INE183W23014,IRBINVIT,IV,,,,,IRB INVIT FUND,64.93,64.93,64.00,64.30,64.30,64.71,,64.30,,,324970,20965074.38,4369,F1,1,,,,,
2026-09-02,2026-09-02,CM,NSE,STK,4986,INE962Y01021,IRCON,EQ,,,,,IRCON INTERNATIONAL LTD,118.50,119.00,116.46,118.25,118.97,119.08,,118.26,,,1047669,123314562.28,15201,F1,1,,,,,
2026-09-02,2026-09-02,CM,NSE,STK,1391,INE202E07138,880IREDA29,N5,,,,,IREDA 8.80NCDTR I SR II B,1130.00,1130.00,1130.00,1130.00,1130.00,1116.00,,1129.50,,,15,16950.00,1,F1,1,,,,,
2026-09-02,2026-09-02,CM,NSE,STK,1393,INE202E07153,880IREDA34,N6,,,,,IREDA 8.80NCDTR I SR IIIB,1280.00,1280.00,1280.00,1280.00,1280.00,1279.00,,1248.21,,,1000,1280000.00,4,F1,1,,,,,
2026-09-02,2026-09-02,CM,NSE,STK,2275,INE01GN01025,IRISDOREME,EQ,,,,,IRIS CLOTHINGS LIMITED,57.84,58.80,57.16,58.39,58.70,57.85,,58.39,,,676779,39478636.22,4345,F1,1,,,,,
2026-09-02,2026-09-02,CM,NSE,STK,6489,INE864K01010,IRIS,EQ,,,,,IRIS REGTECH SOLUTION LTD,249.00,249.00,241.00,245.80,244.10,250.04,,245.80,,,25963,6354625.91,1028,F1,1,,,,,
2026-09-02,2026-09-02,CM,NSE,STK,19597,INE07U701015,IRMENERGY,EQ,,,,,IRM ENERGY LIMITED,287.90,287.90,278.85,283.25,284.50,280.40,,283.34,,,95221,26949199.20,3588,F1,1,,,,,
2026-09-02,2026-09-02,CM,NSE,STK,761208,INE413U07442,925ISF28,N0,,,,,ISF 9.25% 2028,9788.46,9788.46,9605.55,9605.55,9605.55,9788.46,,9605.55,,,5,48210.66,2,F1,1,,,,,
2026-09-02,2026-09-02,CM,NSE,STK,757708,INE413U07426,950ISF27C,N0,,,,,ISF 9.50% 2027,9918.00,9918.00,9916.00,9916.00,9916.00,9918.00,,9916.00,,,21,208258.00,4,F1,1,,,,,
2026-09-02,2026-09-02,CM,NSE,STK,3329,INE858B01029,ISGEC,EQ,,,,,ISGEC HEAVY ENG LTD,782.10,785.75,766.75,777.55,780.80,778.25,,777.53,,,20339,15803751.25,3056,F1,1,,,,,
2026-09-02,2026-09-02,CM,NSE,STK,30249,INE561M01018,ISHANCH,EQ,,,,,ISHAN DYES N CHEMICALS L,44.23,44.39,41.81,43.77,44.37,44.22,,43.77,,,23202,1001600.64,493,F1,1,,,,,
2026-09-02,2026-09-02,CM,NSE,STK,10995,INE0LCW01025,ISHAN,SM,,,,,ISHAN INTERNATIONAL LTD,0.50,0.50,0.50,0.50,0.50,0.50,,0.50,,,192000,96000.00,4,F1,48000,,,,,
2026-09-02,2026-09-02,CM,NSE,STK,22645,INE0R7R01018,ITALIANE,SM,,,,,ITALIAN EDIBLES LIMITED,32.00,32.00,32.00,32.00,32.00,33.15,,32.00,,,2000,64000.00,1,F1,2000,,,,,
2026-09-02,2026-09-02,CM,NSE,STK,29251,INE379A01028,ITCHOTELS,EQ,,,,,ITC HOTELS LIMITED,161.00,161.00,155.80,158.63,158.72,161.58,,158.63,,,2352334,371677277.18,37670,F1,1,,,,,
2026-09-02,2026-09-02,CM,NSE,STK,1660,INE154A01025,ITC,EQ,,,,,ITC LTD,266.00,269.00,262.80,266.30,266.30,266.60,,266.30,,,14643482,3909106881.55,244645,F1,1,,,,,
2026-09-02,2026-09-02,CM,NSE,STK,1675,INE248A01017,ITI,EQ,,,,,ITI LTD,266.00,269.90,264.15,267.70,267.75,268.55,,267.70,,,133079,35587974.40,4327,F1,1,,,,,
2026-09-02,2026-09-02,CM,NSE,STK,764723,INE478D01014,ITL,EQ,,,,,ITL INDUSTRIES LTD.,373.00,373.00,358.05,363.20,367.70,363.95,,362.80,,,852,310351.70,67,F1,1,,,,,
2026-09-02,2026-09-02,CM,NSE,STK,759041,INE056801025,IVALUE,EQ,,,,,IVALUE INFOSOLUTIONS LTD,234.36,241.52,230.41,238.38,240.41,236.35,,238.36,,,176126,41765743.66,4348,F1,1,,,,,
2026-09-02,2026-09-02,CM,NSE,STK,8857,INE043C01018,IVP,BE,,,,,IVP LIMITED,206.80,211.00,206.00,209.80,209.75,205.84,,210.24,,,22584,4704729.19,239,F1,1,,,,,
2026-09-02,2026-09-02,CM,NSE,STK,757644,INE1AII01014,IWARE,ST,,,,,IWARE SUPPLYCHAIN SER LTD,442.00,449.95,431.20,440.25,440.25,440.25,,440.25,,,5400,2379840.00,9,F1,600,,,,,
2026-09-02,2026-09-02,CM,NSE,STK,14174,INE848A01014,IZMO,EQ,,,,,IZMO LIMITED,940.00,989.00,885.10,938.80,932.00,916.30,,938.98,,,963349,898911789.45,59837,F1,1,,,,,
2026-09-02,2026-09-02,CM,NSE,STK,5633,INE168A01041,J&KBANK,EQ,,,,,J & K BANK LTD.,146.50,147.88,144.00,144.44,144.50,147.38,,144.44,,,1856552,269606591.37,30719,F1,1,,,,,
2026-09-02,2026-09-02,CM,NSE,STK,23056,INE0MB501011,JGCHEM,EQ,,,,,J.G.CHEMICALS LIMITED,628.85,637.90,597.30,600.85,600.50,626.30,,600.85,,,364638,222563602.25,17717,F1,1,,,,,
2026-09-02,2026-09-02,CM,NSE,STK,13211,INE199G01027,JAGRAN,EQ,,,,,JAGRAN PRAKASHAN LIMITED,61.41,61.44,60.80,61.03,60.90,61.17,,61.03,,,189910,11600730.65,31065,F1,1,,,,,
2026-09-02,2026-09-02,CM,NSE,STK,4410,INE048B01035,JAGSNPHARM,EQ,,,,,JAGSONPAL PHARMACEUTICALS,239.49,239.55,235.50,237.03,237.34,239.63,,237.03,,,58876,13946970.82,1878,F1,1,,,,,
2026-09-02,2026-09-02,CM,NSE,STK,11256,INE091G01026,JAIBALAJI,EQ,,,,,JAI BALAJI INDUSTRIES LTD,69.61,72.26,69.04,70.60,70.80,70.44,,70.60,,,563457,39802057.07,5054,F1,1,,,,,
2026-09-02,2026-09-02,CM,NSE,STK,5143,INE070D01027,JAICORPLTD,EQ,,,,,JAI CORP LIMITED,98.00,98.52,96.41,98.01,98.25,98.35,,98.01,,,230222,22429492.92,3247,F1,1,,,,,
2026-09-02,2026-09-02,CM,NSE,STK,25684,IN9175A01010,JISLDVREQS,EQ,,,,,JAIN DVR EQUITY SHARES,21.00,21.69,20.11,20.97,20.75,20.97,,20.97,,,113094,2372484.61,339,F1,1,,,,,
2026-09-02,2026-09-02,CM,NSE,STK,10397,INE175A01038,JISLJALEQS,EQ,,,,,JAIN IRRIGATION SYSTEMS,27.99,28.58,27.54,28.24,28.32,28.07,,28.24,,,1413119,39691428.51,4495,F1,1,,,,,
2026-09-02,2026-09-02,CM,NSE,STK,759244,INE0YD401026,JAINREC,EQ,,,,,JAIN RESOURCE RECYCLING L,278.00,284.45,272.55,282.15,284.05,280.70,,282.17,,,1437062,398985445.15,25166,F1,1,,,,,
2026-09-02,2026-09-02,CM,NSE,STK,6012,INE02KC01010,JAINAM,SM,,,,,JAINAM FER ALLOYS (I) LTD,224.90,224.90,224.90,224.90,224.90,226.00,,224.90,,,1000,224900.00,1,F1,500,,,,,
2026-09-02,2026-09-02,CM,NSE,STK,758303,INE0XIL01012,JAINIK,SM,,,,,JAINIK POWER CABLES LTD,201.00,208.00,201.00,208.00,208.00,200.05,,208.00,,,2400,490800.00,2,F1,1200,,,,,
2026-09-02,2026-09-02,CM,NSE,STK,11763,INE351F01018,JPPOWER,EQ,,,,,JAIPRAKASH POWER VEN. LTD,16.55,16.55,16.28,16.37,16.39,16.56,,16.37,,,21807243,357279808.22,21165,F1,1,,,,,
2026-09-02,2026-09-02,CM,NSE,STK,20930,INE349X01015,JALAN,ST,,,,,JALAN TRANSOLU. INDIA LTD,1.85,1.85,1.85,1.85,1.85,1.85,,1.85,,,6000,11100.00,2,F1,3000,,,,,
2026-09-02,2026-09-02,CM,NSE,STK,20778,INE039C01032,JAMNAAUTO,EQ,,,,,JAMNA AUTO IND LTD,119.86,121.00,118.89,120.29,120.94,120.85,,120.28,,,910304,109051621.22,10528,F1,1,,,,,
2026-09-02,2026-09-02,CM,NSE,STK,22663,INE953L01027,JSFB,EQ,,,,,JANA SMALL FIN BANK LTD,529.00,529.70,519.00,523.40,523.65,529.80,,523.41,,,250706,131406660.70,8170,F1,1,,,,,
2026-09-02,2026-09-02,CM,NSE,STK,759951,INE00YJ01010,JARO,EQ,,,,,JARO INS OF TEC MG N RE L,453.90,459.80,449.05,455.25,454.00,453.05,,455.24,,,84913,38701883.90,2267,F1,1,,,,,
2026-09-02,2026-09-02,CM,NSE,STK,13982,INE039O01029,JASH,EQ,,,,,JASH ENGINEERING LIMITED,456.85,472.00,456.85,470.35,471.80,457.70,,470.35,,,75576,35185209.10,4870,F1,1,,,,,
2026-09-02,2026-09-02,CM,NSE,STK,25037,INE0SMY01017,JAYBEE,SM,,,,,JAY BEE LAMINATIONS LTD,86.05,87.80,86.05,86.30,86.15,86.05,,86.30,,,10000,866650.00,17,F1,500,,,,,
2026-09-02,2026-09-02,CM,NSE,STK,1708,INE571B01036,JAYBARMARU,EQ,,,,,JAY BHARAT MARUTI LTD,125.73,125.73,122.00,122.44,123.00,124.80,,122.45,,,108296,13301506.43,1388,F1,1,,,,,
2026-09-02,2026-09-02,CM,NSE,STK,10889,INE0J6801010,KORE,SM,,,,,JAY JALARAM TECHNO LTD,113.00,122.95,106.05,114.05,106.05,111.80,,114.05,,,60500,6983637.50,140,F1,250,,,,,
2026-09-02,2026-09-02,CM,NSE,STK,4041,INE785A01026,JAYAGROGN,EQ,,,,,JAYANT AGRO ORGANICS LTD,227.18,233.95,222.32,229.57,231.97,229.42,,229.52,,,18896,4315965.37,551,F1,1,,,,,
2026-09-02,2026-09-02,CM,NSE,STK,2331,INE854B01010,JAYNECOIND,EQ,,,,,JAYASWAL NECO INDUSTR LTD,97.30,99.00,95.66,98.19,97.94,96.88,,98.18,,,2257984,220050889.96,14910,F1,1,,,,,
2026-09-02,2026-09-02,CM,NSE,STK,759159,INE1AE401014,JAYESH,SM,,,,,JAYESH LOGISTICS LIMITED,132.50,132.85,132.40,132.65,132.80,138.00,,132.65,,,4000,530550.00,4,F1,1000,,,,,
2026-09-02,2026-09-02,CM,NSE,STK,760073,INE903A01025,JAYKAY,EQ,,,,,JAYKAY ENTERPRISES LTD,158.00,171.00,155.81,169.40,169.00,161.97,,169.42,,,937003,156706478.41,16405,F1,1,,,,,
2026-09-02,2026-09-02,CM,NSE,STK,1720,INE364A01020,JAYSREETEA,EQ,,,,,JAYSHREE TEA & INDUSTRIES,98.41,101.00,97.02,99.79,99.49,98.12,,99.79,,,67011,6621202.31,1141,F1,1,,,,,
2026-09-02,2026-09-02,CM,NSE,STK,11655,INE927D01051,JBMA,EQ,,,,,JBM AUTO LIMITED,620.00,631.55,611.50,621.50,619.00,621.85,,621.41,,,208269,129215218.80,10882,F1,1,,,,,
2026-09-02,2026-09-02,CM,NSE,STK,758115,INE0J5801029,JSLL,EQ,,,,,JEENA SIKHO LIFECARE LTD,503.45,517.95,495.85,513.65,510.00,503.45,,513.65,,,394505,201043396.45,15605,F1,1,,,,,
2026-09-02,2026-09-02,CM,NSE,STK,764728,INE354A01013,JENBURPH,EQ,,,,,JENBURKT PHARMACEUTICAL L,1056.50,1057.00,1032.10,1043.90,1044.00,1048.00,,1040.93,,,574,600086.30,39,F1,1,,,,,
2026-09-02,2026-09-02,CM,NSE,STK,7211,INE982V01025,JETFREIGHT,EQ,,,,,JET FREIGHT LOGISTICS LTD,21.40,22.23,21.06,21.17,21.06,21.59,,21.18,,,188582,4039478.27,1757,F1,1,,,,,
2026-09-02,2026-09-02,CM,NSE,STK,25150,INE0RXB01022,JEYYAM,ST,,,,,JEYYAM GLOBAL FOODS LTD,22.60,23.40,22.10,22.30,22.30,22.65,,22.30,,,44000,981700.00,14,F1,2000,,,,,
2026-09-02,2026-09-02,CM,NSE,STK,10885,INE0LA901015,JFLLIFE,SM,,,,,JFL LIFE SCIENCES LIMITED,10.50,10.50,10.15,10.15,10.15,10.55,,10.15,,,42000,430200.00,5,F1,6000,,,,,
2026-09-02,2026-09-02,CM,NSE,STK,13720,INE544H01014,JHS,EQ,,,,,JHS SVEND. LAB. LTD,8.29,8.29,7.77,7.81,7.81,7.91,,7.81,,,52593,413750.99,203,F1,1,,,,,
2026-09-02,2026-09-02,CM,NSE,STK,24145,INE03DD01011,RETAIL,EQ,,,,,JHS SVENDGAARD RETAIL V L,16.60,18.69,16.60,17.29,17.69,17.09,,17.29,,,11270,199334.96,119,F1,1,,,,,
2026-09-02,2026-09-02,CM,NSE,STK,31507,INE147P01019,JPOLYINVST,EQ,,,,,JIND POL INV & FIN CO LTD,1010.00,1019.00,980.10,1011.90,995.10,1011.80,,1011.73,,,8189,8182393.45,995,F1,1,,,,,
2026-09-02,2026-09-02,CM,NSE,STK,13875,INE742C01031,JINDRILL,EQ,,,,,JINDAL DRILLING IND. LTD,624.00,646.55,616.00,642.10,644.00,615.65,,642.16,,,610029,386251968.50,20487,F1,1,,,,,
2026-09-02,2026-09-02,CM,NSE,STK,11743,INE796G01012,JINDALPHOT,EQ,,,,,JINDAL PHOTO LIMITED,1032.30,1032.30,1004.20,1027.60,1028.70,1012.00,,1027.60,,,1024,1049245.90,187,F1,1,,,,,
2026-09-02,2026-09-02,CM,NSE,STK,1756,INE197D01010,JINDALPOLY,EQ,,,,,JINDAL POLY FILMS LIMITED,714.95,714.95,671.00,686.25,683.70,694.45,,686.22,,,98538,67710682.50,5514,F1,1,,,,,
2026-09-02,2026-09-02,CM,NSE,STK,3024,INE324A01032,JINDALSAW,EQ,,,,,JINDAL SAW LIMITED,309.75,313.35,304.20,309.15,310.00,309.75,,309.16,,,2082953,644877275.60,29876,F1,1,,,,,
2026-09-02,2026-09-02,CM,NSE,STK,11236,INE220G01021,JSL,EQ,,,,,JINDAL STAINLESS LIMITED,730.00,741.50,715.90,734.90,735.00,734.00,,734.83,,,485040,353538074.80,34437,F1,1,,,,,
2026-09-02,2026-09-02,CM,NSE,STK,6733,INE749A01030,JINDALSTEL,EQ,,,,,JINDAL STEEL LIMITED,1149.00,1165.30,1141.00,1159.40,1159.40,1160.00,,1159.40,,,706262,816325299.80,26974,F1,1,,,,,
2026-09-02,2026-09-02,CM,NSE,STK,20642,INE247D01039,JINDWORLD,EQ,,,,,JINDAL WORLDWIDE LTD,42.00,42.05,38.40,40.19,40.01,42.08,,40.16,,,15067052,618213848.16,30985,F1,1,,,,,
2026-09-02,2026-09-02,CM,NSE,STK,759205,INE1FF001016,JKIPL,EQ,,,,,JINKUSHAL INDUSTRIES LTD,104.00,108.96,103.82,107.56,107.15,108.40,,107.56,,,28408,3058654.95,305,F1,1,,,,,
2026-09-02,2026-09-02,CM,NSE,STK,18143,INE758E01017,JIOFIN,EQ,,,,,JIO FIN SERVICES LTD,234.00,237.40,232.30,236.90,236.90,235.85,,236.91,,,15926208,3749640180.85,88253,F1,1,,,,,
2026-09-02,2026-09-02,CM,NSE,STK,765307,INF22M001184,NIFTYJBLK,EQ,,,,,JIOBLACKROCKAMC-NIFTYJBLK,12.62,12.62,12.18,12.29,12.35,12.32,,12.28,,,165102,2021173.76,838,F1,1,,,,,
2026-09-02,2026-09-02,CM,NSE,STK,19691,INE863T01013,JITFINFRA,EQ,,,,,JITF INFRALOGISTICS LTD,309.90,312.60,303.10,304.25,305.90,310.25,,304.28,,,15433,4722624.75,441,F1,1,,,,,
2026-09-02,2026-09-02,CM,NSE,STK,18558,INE0N5H01017,JIWANRAM,SM,,,,,JIWANRAM SHEODUTTRA IND L,4.45,4.45,4.35,4.35,4.35,4.50,,4.35,,,36000,158100.00,6,F1,6000,,,,,
2026-09-02,2026-09-02,CM,NSE,STK,13270,INE823G01014,JKCEMENT,EQ,,,,,JK CEMENT LIMITED,5078.50,5080.00,4951.00,4979.50,4970.00,5078.50,,4979.42,,,63500,316611459.50,11497,F1,1,,,,,
2026-09-02,2026-09-02,CM,NSE,STK,13491,INE786A01032,JKLAKSHMI,EQ,,,,,JK LAKSHMI CEMENT LTD,525.05,528.75,512.30,514.30,514.50,524.10,,514.30,,,141071,72628574.55,10678,F1,1,,,,,
2026-09-02,2026-09-02,CM,NSE,STK,11860,INE789E01012,JKPAPER,EQ,,,,,JK PAPER LIMITED,408.05,412.00,387.00,395.20,393.40,401.05,,395.17,,,776388,306965371.50,18038,F1,1,,,,,
2026-09-02,2026-09-02,CM,NSE,STK,14435,INE573A01042,JKTYRE,EQ,,,,,JK TYRE & INDUSTRIES LTD,368.00,371.50,363.50,370.15,371.50,373.95,,370.15,,,367987,135557296.00,12185,F1,1,,,,,
2026-09-02,2026-09-02,CM,NSE,STK,15266,INE576I01022,JKIL,EQ,,,,,JKUMAR INFR.LTD.,484.00,491.90,480.50,483.50,483.20,486.45,,483.53,,,56942,27725499.15,2811,F1,1,,,,,
2026-09-02,2026-09-02,CM,NSE,STK,13637,INE780C01023,JMFINANCIL,EQ,,,,,JM FINANCIAL LIMITED,127.85,130.00,125.61,129.39,129.50,128.25,,129.39,,,1534370,197121281.05,20465,F1,1,,,,,
2026-09-02,2026-09-02,CM,NSE,STK,23621,INE0OAF01028,JNKINDIA,EQ,,,,,JNK INDIA LIMITED,430.75,430.75,415.60,420.90,421.40,430.75,,420.88,,,59074,24940823.35,2490,F1,1,,,,,
2026-09-02,2026-09-02,CM,NSE,STK,16931,INE839G01010,JOCIL,BE,,,,,JOCIL LIMITED,148.20,150.80,147.60,150.79,150.80,148.74,,150.79,,,2702,402318.19,20,F1,1,,,,,
2026-09-02,2026-09-02,CM,NSE,STK,762623,INE515A01019,COCKERILL,EQ,,,,,JOHN COCKERILL INDIA LTD.,7965.00,8049.00,7820.50,8005.00,8020.00,7968.50,,8004.81,,,4052,32159039.00,1204,F1,1,,,,,
2026-09-02,2026-09-02,CM,NSE,STK,758460,INE718I01012,JSWCEMENT,EQ,,,,,JSW CEMENT LIMITED,124.70,124.70,123.17,123.60,123.38,124.75,,123.60,,,822154,101698662.68,21636,F1,1,,,,,
2026-09-02,2026-09-02,CM,NSE,STK,1467,INE133A01011,JSWDULUX,EQ,,,,,JSW DULUX LIMITED,3143.40,3180.00,3085.60,3163.30,3165.00,3143.40,,3163.62,,,29237,91622345.80,5529,F1,1,,,,,
2026-09-02,2026-09-02,CM,NSE,STK,17869,INE121E01018,JSWENERGY,EQ,,,,,JSW ENERGY LIMITED,515.00,540.75,511.40,539.80,539.80,518.00,,539.78,,,3635853,1941829963.20,66075,F1,1,,,,,
2026-09-02,2026-09-02,CM,NSE,STK,11880,INE824G01012,JSWHL,EQ,,,,,JSW HOLDINGS LIMITED,11716.00,11717.00,11405.00,11441.00,11414.00,11716.00,,11442.60,,,1387,15941236.00,789,F1,1,,,,,
2026-09-02,2026-09-02,CM,NSE,STK,19020,INE880J01026,JSWINFRA,EQ,,,,,JSW INFRASTRUCTURE LTD,335.00,336.75,330.65,332.10,332.45,334.80,,332.09,,,1661891,553653136.25,23245,F1,1,,,,,
2026-09-02,2026-09-02,CM,NSE,STK,11723,INE019A01038,JSWSTEEL,EQ,,,,,JSW STEEL LIMITED,1308.10,1309.80,1299.40,1306.00,1306.00,1313.50,,1306.00,,,1562597,2036025220.80,37710,F1,1,,,,,
2026-09-02,2026-09-02,CM,NSE,STK,3237,INE643A01035,JTEKTINDIA,EQ,,,,,JTEKT INDIA LIMITED,124.85,124.86,117.00,121.38,121.78,125.72,,121.38,,,765359,92011641.56,9495,F1,1,,,,,
2026-09-02,2026-09-02,CM,NSE,STK,7287,INE391J01032,JTLIND,EQ,,,,,JTL INDUSTRIES LIMITED,88.05,94.00,87.26,92.40,92.00,87.97,,92.40,,,10046013,922838820.81,57130,F1,1,,,,,
2026-09-02,2026-09-02,CM,NSE,STK,29590,INE03CC01015,JUBLCPL,EQ,,,,,JUBILANT AGRI N CON PRO L,2220.00,2252.00,2185.70,2217.90,2196.00,2222.00,,2218.11,,,12367,27430300.90,1717,F1,1,,,,,
2026-09-02,2026-09-02,CM,NSE,STK,18096,INE797F01020,JUBLFOOD,EQ,,,,,JUBILANT FOODWORKS LTD,482.00,486.50,476.95,486.50,486.50,484.40,,486.46,,,976244,469617316.90,20125,F1,1,,,,,
2026-09-02,2026-09-02,CM,NSE,STK,2783,INE0BY001018,JUBLINGREA,EQ,,,,,JUBILANT INGREVIA LIMITED,689.85,691.80,680.70,683.60,686.90,693.25,,683.58,,,93217,63904644.95,8840,F1,1,,,,,
2026-09-02,2026-09-02,CM,NSE,STK,3637,INE700A01033,JUBLPHARMA,EQ,,,,,JUBILANT PHARMOVA LTD,907.60,911.70,893.60,900.30,901.60,907.60,,900.67,,,63912,57580406.70,9156,F1,1,,,,,
2026-09-02,2026-09-02,CM,NSE,STK,7109,INE412C01023,JMA,EQ,,,,,JULLUNDUR MOT AGENCY LTD,91.25,92.59,87.30,90.56,90.05,91.27,,90.56,,,7357,670111.25,156,F1,1,,,,,
2026-09-02,2026-09-02,CM,NSE,STK,764408,INE05C901015,JNPR,EQ,,,,,JUNIPER GREEN ENERGY LTD,260.90,261.65,255.60,260.25,260.00,262.35,,260.24,,,329482,85331388.20,8488,F1,1,,,,,
2026-09-02,2026-09-02,CM,NSE,STK,22824,INE696F01016,JUNIPER,EQ,,,,,JUNIPER HOTELS LIMITED,213.00,220.20,211.60,218.50,218.00,214.14,,218.45,,,383474,82710398.54,6949,F1,1,,,,,
2026-09-02,2026-09-02,CM,NSE,STK,18553,INE682M01020,JLHL,EQ,,,,,JUPITER LIFE LINE HOSP L,293.00,293.35,282.35,287.65,288.90,293.15,,287.65,,,210142,60405459.25,8797,F1,1,,,,,
2026-09-02,2026-09-02,CM,NSE,STK,20224,INE209L01016,JWL,EQ,,,,,JUPITER WAGONS LIMITED,242.00,242.00,237.40,239.37,240.00,242.36,,239.37,,,498860,119272523.36,15871,F1,1,,,,,
2026-09-02,2026-09-02,CM,NSE,STK,29962,INE599M01018,JUSTDIAL,EQ,,,,,JUSTDIAL LTD.,704.00,704.00,691.50,697.85,692.95,705.65,,697.87,,,172227,120081778.05,5851,F1,1,,,,,
2026-09-02,2026-09-02,CM,NSE,STK,15146,INE668F01031,JYOTHYLAB,EQ,,,,,JYOTHY LABS LIMITED,206.50,209.00,195.98,202.09,202.50,204.81,,202.07,,,8133068,1644602899.85,50489,F1,1,,,,,
2026-09-02,2026-09-02,CM,NSE,STK,21334,INE980O01024,JYOTICNC,EQ,,,,,JYOTI CNC AUTOMATION LTD,989.10,990.00,948.05,955.65,961.00,989.10,,956.65,,,757084,730776883.55,31520,F1,1,,,,,
2026-09-02,2026-09-02,CM,NSE,STK,764733,INE577D01013,JYOTIRES,EQ,,,,,JYOTI RESINS & ADHESIVE L,871.05,880.40,836.05,857.60,880.00,870.95,,858.35,,,10196,8689580.40,1076,F1,1,,,,,
2026-09-02,2026-09-02,CM,NSE,STK,1802,INE197A01024,JYOTISTRUC,EQ,,,,,JYOTI STRUCTURES LTD,9.83,9.87,9.67,9.79,9.87,9.84,,9.79,,,5733894,56000750.46,3772,F1,1,,,,,
2026-09-02,2026-09-02,CM,NSE,STK,764743,INE533C01018,KJMCFIN,EQ,,,,,K J M C FINANCIAL SERV L,64.10,67.00,64.10,64.37,64.32,64.10,,64.70,,,615,39795.61,10,F1,1,,,,,
2026-09-02,2026-09-02,CM,NSE,STK,764748,INE879K01018,KMCSHIL,EQ,,,,,K M C SPECIALITY HOSP I L,133.83,134.90,131.45,133.19,134.00,133.32,,133.19,,,62555,8294814.55,1395,F1,1,,,,,
2026-09-02,2026-09-02,CM,NSE,STK,14667,INE157H01023,KMSUGAR,EQ,,,,,K M SUGAR MILLS LTD,31.30,32.12,31.00,31.26,31.20,31.39,,31.26,,,239654,7555721.02,1849,F1,1,,,,,
2026-09-02,2026-09-02,CM,NSE,STK,27079,INE127T01021,KPEL,EQ,,,,,K.P. ENERGY LIMITED,241.75,245.00,239.10,241.14,243.39,241.75,,241.18,,,208427,50262966.02,4719,F1,1,,,,,
2026-09-02,2026-09-02,CM,NSE,STK,23462,INE0DEZ01013,K2INFRA,ST,,,,,K2 INFRAGEN LIMITED,49.80,50.00,48.25,50.00,50.00,49.80,,50.00,,,14400,705450.00,21,F1,600,,,,,
2026-09-02,2026-09-02,CM,NSE,STK,1805,INE900B01029,KABRAEXTRU,EQ,,,,,KABRA EXTRUSION TECHNIK L,567.35,580.00,552.35,559.95,561.00,579.40,,560.01,,,315900,178421378.25,10961,F1,1,,,,,
2026-09-02,2026-09-02,CM,NSE,STK,29192,INE0XOW01017,KKJEWELS,SM,,,,,KABRA JEWELS LIMITED,97.25,97.25,97.00,97.10,97.00,98.00,,97.10,,,2000,194250.00,2,F1,1000,,,,,
2026-09-02,2026-09-02,CM,NSE,STK,1808,INE217B01036,KAJARIACER,EQ,,,,,KAJARIA CERAMICS LTD,1205.30,1269.90,1205.30,1261.10,1265.00,1229.00,,1261.09,,,725742,909588158.40,44646,F1,1,,,,,
2026-09-02,2026-09-02,CM,NSE,STK,1811,INE437B01014,KAKATCEM,EQ,,,,,KAKATIYA CEM SUGAR &IND L,112.55,114.70,106.70,110.50,111.75,112.30,,110.74,,,6804,753420.29,170,F1,1,,,,,
2026-09-02,2026-09-02,CM,NSE,STK,25443,INE0T0L01014,KALANA,SM,,,,,KALANA ISPAT LIMITED,20.30,20.30,20.25,20.25,20.25,21.30,,20.25,,,10000,202600.00,5,F1,2000,,,,,
2026-09-02,2026-09-02,CM,NSE,STK,758558,INE227J01012,KALPATARU,EQ,,,,,KALPATARU LIMITED,278.70,279.00,272.00,274.90,273.50,278.10,,274.90,,,18702,5130393.25,681,F1,1,,,,,
2026-09-02,2026-09-02,CM,NSE,STK,1814,INE220B01022,KPIL,EQ,,,,,KALPATARU PROJECT INT LTD,1408.40,1418.70,1391.00,1410.50,1414.00,1408.40,,1410.46,,,78306,110158229.70,10027,F1,1,,,,,
2026-09-02,2026-09-02,CM,NSE,STK,2955,INE303R01014,KALYANKJIL,EQ,,,,,KALYAN JEWELLERS IND LTD,568.60,595.45,556.50,590.00,590.00,573.00,,589.90,,,21212135,12283333654.45,161486,F1,1,,,,,
2026-09-02,2026-09-02,CM,NSE,STK,15156,INE314G01014,KALYANIFRG,EQ,,,,,KALYANI FORGE LIMITED,1079.05,1192.25,975.55,1113.65,1176.60,1083.90,,1115.31,,,82533,86778212.85,6887,F1,1,,,,,
2026-09-02,2026-09-02,CM,NSE,STK,21119,INE029L01018,KICL,EQ,,,,,KALYANI INVEST CO LTD,5177.00,5249.00,5130.50,5215.00,5249.00,5177.00,,5214.26,,,840,4348863.50,141,F1,1,,,,,
2026-09-02,2026-09-02,CM,NSE,STK,18889,INE907A01026,KSL,EQ,,,,,KALYANI STEELS LIMITED,906.00,919.00,891.40,904.30,906.30,900.00,,904.31,,,110343,99950981.60,6382,F1,1,,,,,
2026-09-02,2026-09-02,CM,NSE,STK,762732,INE411F01010,KAMAHOLD,EQ,,,,,KAMA HOLDINGS LTD.,2350.10,2359.80,2340.00,2344.90,2341.00,2352.70,,2344.13,,,6405,15050713.70,591,F1,1,,,,,
2026-09-02,2026-09-02,CM,NSE,STK,764738,INE344D01018,KAMANWALA,EQ,,,,,KAMANWALA HOUSING CONST L,16.50,16.55,15.99,16.00,16.00,16.66,,16.00,,,25901,424290.22,20,F1,1,,,,,
2026-09-02,2026-09-02,CM,NSE,STK,1826,INE967C01018,KAMATHOTEL,EQ,,,,,KAMAT HOTELS (I) LTD,233.90,238.40,227.67,232.74,230.00,233.89,,232.75,,,128608,30062647.73,2936,F1,1,,,,,
2026-09-02,2026-09-02,CM,NSE,STK,13461,INE390H01020,KAMDHENU,BE,,,,,KAMDHENU LIMITED,35.30,37.62,35.00,37.45,37.59,36.16,,37.45,,,1034547,38090226.14,1730,F1,1,,,,,
2026-09-02,2026-09-02,CM,NSE,STK,13814,INE0BTI01037,KAMOPAINTS,EQ,,,,,KAMDHENU VENTURES LIMITED,4.42,4.55,4.38,4.46,4.46,4.48,,4.46,,,147223,655982.50,477,F1,1,,,,,
2026-09-02,2026-09-02,CM,NSE,STK,25786,INE879E01037,KANANIIND,EQ,,,,,KANANI INDUSTRIES LTD,1.56,1.60,1.53,1.53,1.54,1.56,,1.53,,,123510,193357.97,267,F1,1,,,,,
2026-09-02,2026-09-02,CM,NSE,STK,762737,INE081G01019,KANCHI,EQ,,,,,KANCHI KARPOORAM LTD.,405.10,417.00,400.00,410.95,410.95,411.50,,408.71,,,3543,1443037.55,149,F1,1,,,,,
2026-09-02,2026-09-02,CM,NSE,STK,765090,INE398L01017,KANCOTEA,EQ,,,,,KANCO TEA & INDS. LTD.,55.35,56.65,53.99,54.67,55.01,55.55,,54.67,,,46,2509.09,10,F1,1,,,,,
2026-09-02,2026-09-02,CM,NSE,STK,11208,INE0MOT01016,KANDARP,SM,,,,,KANDARP DG SMART BPO LTD,85.05,97.95,85.05,97.95,97.95,91.00,,97.95,,,3000,271900.00,3,F1,1000,,,,,
2026-09-02,2026-09-02,CM,NSE,STK,9805,INE138C01024,KANORICHEM,BE,,,,,KANORIACHEMICALS-,158.85,159.45,150.05,154.75,156.40,156.18,,155.38,,,49706,7716186.39,299,F1,1,,,,,
2026-09-02,2026-09-02,CM,NSE,STK,1782,INE694E01014,KANPRPLA,EQ,,,,,KANPUR PLASTIPACK LIMITED,263.25,273.95,252.00,253.35,257.55,262.20,,253.35,,,19999,5174934.15,893,F1,1,,,,,
2026-09-02,2026-09-02,CM,NSE,STK,1196,INE531A01024,KANSAINER,EQ,,,,,KANSAI NEROLAC PAINTS LTD,193.75,195.50,191.05,194.82,195.00,194.75,,194.82,,,279290,54070564.78,9642,F1,1,,,,,
2026-09-02,2026-09-02,CM,NSE,STK,18967,INE542Z01028,KAPSTON,EQ,,,,,KAPSTON SERVICES LIMITED,570.00,579.00,552.30,573.75,570.00,572.30,,573.75,,,47094,26811152.10,2379,F1,1,,,,,
2026-09-02,2026-09-02,CM,NSE,STK,24385,INE725L01011,KARMAENG,EQ,,,,,KARMA ENERGY LIMITED,37.70,37.95,36.61,37.00,37.00,37.28,,37.00,,,2444,91480.36,52,F1,1,,,,,
2026-09-02,2026-09-02,CM,NSE,STK,8054,INE614B01018,KTKBANK,EQ,,,,,KARNATAKA BANK LIMITED,326.95,333.00,321.55,330.35,329.40,330.90,,330.35,,,2245525,735806933.65,31879,F1,1,,,,,
2026-09-02,2026-09-02,CM,NSE,STK,19465,INE0MGA01012,KARNIKA,SM,,,,,KARNIKA INDUSTRIES LTD,115.00,118.00,114.60,114.60,114.60,116.85,,114.60,,,15000,1742200.00,12,F1,1000,,,,,
2026-09-02,2026-09-02,CM,NSE,STK,1838,INE036D01028,KARURVYSYA,EQ,,,,,KARUR VYSYA BANK LTD,345.60,349.85,345.00,346.60,347.50,347.60,,346.58,,,1317009,457062420.15,30025,F1,1,,,,,
2026-09-02,2026-09-02,CM,NSE,STK,24528,INE0SVY01018,KATARIA,SM,,,,,KATARIA INDUSTRIES LTD,106.00,109.90,106.00,108.35,109.90,105.05,,108.35,,,7800,842850.00,12,F1,600,,,,,
2026-09-02,2026-09-02,CM,NSE,STK,15140,INE234I01028,KAUSHALYA,BE,,,,,KAUSHALYA INFRA DEV LTD.,855.00,876.80,852.30,872.75,875.50,876.90,,876.82,,,376,324188.80,17,F1,1,,,,,
2026-09-02,2026-09-02,CM,NSE,STK,21186,INE0Q2V01012,KLL,SM,,,,,KAUSHALYA LOGISTICS LTD,22.95,25.00,22.95,24.75,24.85,22.95,,24.75,,,32000,774400.00,28,F1,800,,,,,
2026-09-02,2026-09-02,CM,NSE,STK,14972,INE455I01029,KSCL,EQ,,,,,KAVERI SEED CO. LTD.,763.00,763.00,735.95,738.75,740.00,761.60,,738.86,,,112238,83647190.90,5561,F1,1,,,,,
2026-09-02,2026-09-02,CM,NSE,STK,15244,INE641C01019,KAVDEFENCE,EQ,,,,,KAVVERI DFS & WIR TEC LTD,55.75,56.78,55.00,55.31,55.17,56.05,,55.32,,,61691,3413181.65,1003,F1,1,,,,,
2026-09-02,2026-09-02,CM,NSE,STK,21173,INE0RCG01017,KCEIL,SM,,,,,KAY CEE ENERGY & INFRA L,80.00,82.70,80.00,80.55,80.00,80.00,,80.55,,,11000,895425.00,17,F1,500,,,,,
2026-09-02,2026-09-02,CM,NSE,STK,10282,INE587G01015,KAYA,BE,,,,,KAYA LIMITED,326.00,339.95,324.40,335.20,338.00,327.15,,334.65,,,8079,2682348.00,338,F1,1,,,,,
2026-09-02,2026-09-02,CM,NSE,STK,12092,INE918Z01012,KAYNES,EQ,,,,,KAYNES TECHNOLOGY IND LTD,3580.00,3623.10,3517.10,3583.00,3583.00,3600.50,,3583.05,,,834972,2980776324.30,54492,F1,1,,,,,
2026-09-02,2026-09-02,CM,NSE,STK,758868,INE13ZD01013,KAYTEX,SM,,,,,KAYTEX FABRICS LIMITED,56.00,56.00,56.00,56.00,56.00,56.00,,56.00,,,800,44800.00,1,F1,800,,,,,
2026-09-02,2026-09-02,CM,NSE,STK,10296,INE0J1E01027,KCK,ST,,,,,KCK INDUSTRIES LTD,15.00,15.20,14.30,14.80,14.80,14.80,,14.80,,,95000,1425250.00,13,F1,2500,,,,,
2026-09-02,2026-09-02,CM,NSE,STK,1841,INE805C01028,KCP,EQ,,,,,KCP LTD,167.89,169.66,164.81,165.81,166.00,167.89,,165.81,,,84149,14028160.83,1706,F1,1,,,,,
2026-09-02,2026-09-02,CM,NSE,STK,8849,INE790B01024,KCPSUGIND,BE,,,,,KCPSUGARINDUS,32.25,33.00,31.52,32.00,31.95,32.25,,31.99,,,75406,2414562.66,307,F1,1,,,,,
2026-09-02,2026-09-02,CM,NSE,STK,14908,INE291D01011,KDDL,EQ,,,,,KDDL LIMITED,3877.40,3927.80,3838.80,3852.90,3872.00,3877.40,,3852.82,,,17464,67522117.50,3638,F1,1,,,,,
2026-09-02,2026-09-02,CM,NSE,STK,13260,INE389H01022,KEC,EQ,,,,,KEC INTL. LIMITED,415.00,416.00,406.50,407.80,407.80,417.00,,407.80,,,701636,287194464.10,22575,F1,1,,,,,
2026-09-02,2026-09-02,CM,NSE,STK,13310,INE878B01027,KEI,EQ,,,,,KEI INDUSTRIES LTD.,5335.00,5335.00,5132.00,5170.00,5170.00,5348.00,,5170.00,,,666412,3462703624.00,75187,F1,1,,,,,
2026-09-02,2026-09-02,CM,NSE,STK,13430,INE164B01030,KELLTONTEC,EQ,,,,,KELLTON TECH SOL LTD,13.96,14.18,13.72,14.01,14.00,13.98,,14.01,,,2245431,31449740.71,4183,F1,1,,,,,
2026-09-02,2026-09-02,CM,NSE,STK,29547,INE15DO01012,KEN,SM,,,,,KEN ENTERPRISES LIMITED,38.00,42.50,37.70,42.15,42.50,39.25,,42.15,,,13200,530400.00,11,F1,1200,,,,,
2026-09-02,2026-09-02,CM,NSE,STK,11841,INE717A01029,KENNAMET,EQ,,,,,KENNAMETAL INDIA LIMITED,4635.00,4734.90,4536.30,4643.10,4637.00,4558.20,,4643.45,,,35878,167570801.10,5517,F1,1,,,,,
2026-09-02,2026-09-02,CM,NSE,STK,13121,INE202H01019,KERNEX,EQ,,,,,KERNEX MICROSYS(I) LTD,1625.00,1748.00,1625.00,1736.40,1739.00,1634.30,,1736.35,,,280085,475758926.60,21837,F1,1,,,,,
2026-09-02,2026-09-02,CM,NSE,STK,4981,INE087A01019,KESORAMIND,BE,,,,,KESORAM INDUSTRIES LTD,11.10,11.32,11.10,11.27,11.27,11.10,,11.27,,,229868,2592885.85,224,F1,1,,,,,
2026-09-02,2026-09-02,CM,NSE,STK,13381,INE401H01017,KKCL,EQ,,,,,KEWAL KIRAN CLOTHING LTD,507.05,507.15,497.00,499.65,498.70,510.20,,499.65,,,9917,4971365.80,1734,F1,1,,,,,
2026-09-02,2026-09-02,CM,NSE,STK,4157,INE681C01015,KEYFINSERV,EQ,,,,,KEYNOTE FIN SERV LTD.,251.70,256.50,251.70,255.25,252.60,251.70,,255.21,,,391,99386.20,21,F1,1,,,,,
2026-09-02,2026-09-02,CM,NSE,STK,12219,INE263M01029,RUSTOMJEE,EQ,,,,,KEYSTONE REALTORS LIMITED,376.05,385.00,370.60,379.15,378.50,376.05,,379.14,,,31294,11851875.65,1137,F1,1,,,,,
2026-09-02,2026-09-02,CM,NSE,STK,13359,INE138Y01010,KFINTECH,EQ,,,,,KFIN TECHNOLOGIES LIMITED,937.00,937.00,911.85,929.00,929.00,937.50,,929.00,,,1181875,1092581732.50,39925,F1,1,,,,,
2026-09-02,2026-09-02,CM,NSE,STK,433,INE834I01025,KHADIM,BE,,,,,KHADIM INDIA LIMITED,117.20,117.20,116.11,116.11,116.11,118.47,,116.45,,,47389,5505352.82,63,F1,1,,,,,
2026-09-02,2026-09-02,CM,NSE,STK,3912,INE731C01018,KHAITANLTD,EQ,,,,,KHAITAN (INDIA)LTD.,150.00,166.00,143.75,160.80,165.00,149.45,,160.23,,,19103,2981423.05,817,F1,1,,,,,
2026-09-02,2026-09-02,CM,NSE,STK,896,INE745B01028,KHAICHEM,EQ,,,,,KHAITAN CHEM & FERT LTD,55.29,55.29,53.25,54.00,53.94,55.02,,54.00,,,120726,6557246.00,1135,F1,1,,,,,
2026-09-02,2026-09-02,CM,NSE,STK,9641,INE060B01014,KHANDSE,EQ,,,,,KHANDWALA SECURITIES LTD,17.89,17.89,17.00,17.56,17.80,17.97,,17.56,,,674,11659.41,36,F1,1,,,,,
2026-09-02,2026-09-02,CM,NSE,STK,9570,INE00UG01014,KHFM,SM,,,,,KHFM HOS FAC MANA SER LTD,42.55,44.25,42.10,44.25,44.25,44.90,,44.25,,,7750,331622.50,5,F1,1550,,,,,
2026-09-02,2026-09-02,CM,NSE,STK,762747,INE338F01015,KLBRENG-B,EQ,,,,,KILBURN ENGINEERING LTD.,424.00,448.40,410.00,443.25,442.10,424.25,,443.18,,,450114,196921093.00,12579,F1,1,,,,,
2026-09-02,2026-09-02,CM,NSE,STK,19941,INE729D01010,KILITCH,BE,,,,,KILITCH DRUGS INDIA LTD,170.60,172.40,166.15,171.37,170.26,170.55,,171.37,,,25939,4427046.27,253,F1,1,,,,,
2026-09-02,2026-09-02,CM,NSE,STK,18944,INE473D01015,KINGFA,EQ,,,,,KINGFA SCI & TEC IND LTD.,6050.50,6050.50,5875.00,5932.00,5930.50,6030.00,,5930.63,,,5721,34051799.00,2464,F1,1,,,,,
2026-09-02,2026-09-02,CM,NSE,STK,19126,INE880L01014,KIOCL,EQ,,,,,KIOCL LIMITED,382.55,384.70,377.95,380.55,382.00,383.95,,380.56,,,75452,28700527.45,2591,F1,1,,,,,
2026-09-02,2026-09-02,CM,NSE,STK,762742,INE555P01013,KIRANVYPAR,EQ,,,,,KIRAN VYAPAR LTD.,201.00,202.90,197.05,200.00,200.00,198.99,,200.00,,,778,156757.31,21,F1,1,,,,,
2026-09-02,2026-09-02,CM,NSE,STK,16639,INE415I01015,KIRIINDUS,EQ,,,,,KIRI INDUSTRIES LIMITED,510.05,531.00,509.00,523.65,522.85,515.95,,523.70,,,977381,509200406.20,23476,F1,1,,,,,
2026-09-02,2026-09-02,CM,NSE,STK,18581,INE732A01036,KIRLOSBROS,EQ,,,,,KIRLOSKAR BROTHERS LTD,1864.60,1884.00,1842.70,1847.70,1852.50,1886.30,,1847.79,,,35102,65240344.10,5847,F1,1,,,,,
2026-09-02,2026-09-02,CM,NSE,STK,18220,INE134B01017,KECL,EQ,,,,,KIRLOSKAR ELECTRIC CO LTD,125.95,130.00,124.10,127.24,126.32,126.34,,127.21,,,95939,12222566.53,2145,F1,1,,,,,
2026-09-02,2026-09-02,CM,NSE,STK,14466,INE884B01025,KIRLFER,EQ,,,,,KIRLOSKAR FERROUS IND LTD,451.50,463.30,444.35,460.00,459.00,449.80,,460.03,,,126379,57814756.90,6567,F1,1,,,,,
2026-09-02,2026-09-02,CM,NSE,STK,19025,INE250A01039,KIRLOSIND,EQ,,,,,KIRLOSKAR INDUSTRIES LTD,3724.70,3737.90,3685.00,3699.00,3692.40,3740.40,,3699.02,,,1735,6429235.40,517,F1,1,,,,,
2026-09-02,2026-09-02,CM,NSE,STK,20936,INE146L01010,KIRLOSENG,EQ,,,,,KIRLOSKAR OIL ENG LTD,2142.90,2180.00,2091.80,2160.90,2172.00,2138.30,,2160.90,,,498719,1070760284.00,46312,F1,1,,,,,
2026-09-02,2026-09-02,CM,NSE,STK,15180,INE811A01038,KIRLPNU,EQ,,,,,KIRLOSKAR PNEUMATIC COM L,740.00,749.80,725.70,745.45,749.45,740.40,,745.44,,,220039,163125893.70,13554,F1,1,,,,,
2026-09-02,2026-09-02,CM,NSE,STK,28899,INE602G01020,KITEX,EQ,,,,,KITEX GARMENTS LTD,125.25,125.50,122.75,124.77,125.50,126.00,,124.77,,,196813,24515087.26,2805,F1,1,,,,,
2026-09-02,2026-09-02,CM,NSE,STK,760923,INE0KNW01016,KNAGRI,EQ,,,,,KN AGRI RESOURCES LIMITED,215.00,215.00,207.62,209.46,209.10,214.99,,209.46,,,7223,1520022.76,282,F1,1,,,,,
2026-09-02,2026-09-02,CM,NSE,STK,763839,INE17QZ01016,KNACK,EQ,,,,,KNACK PACKAGING LIMITED,190.00,190.21,186.50,187.43,186.92,190.21,,187.44,,,1092839,205110808.96,7232,F1,1,,,,,
2026-09-02,2026-09-02,CM,NSE,STK,27084,INE0CJD01029,KMEW,EQ,,,,,KNOWLEDGE MARINE & EN W L,2920.00,2960.00,2903.60,2951.60,2955.00,2936.00,,2951.65,,,35123,102904889.40,6221,F1,1,,,,,
2026-09-02,2026-09-02,CM,NSE,STK,758431,INE1JAR25012,KRT,RR,,,,,KNOWLEDGE REALTY TRUST,109.05,110.24,109.01,110.03,110.00,109.58,,110.03,,,5161351,566225064.50,28110,F1,1,,,,,
2026-09-02,2026-09-02,CM,NSE,STK,15283,INE634I01029,KNRCON,EQ,,,,,KNR CONSTRU LTD.,117.65,118.64,115.02,117.07,116.75,117.68,,117.07,,,1522950,177928464.98,38620,F1,1,,,,,
2026-09-02,2026-09-02,CM,NSE,STK,18754,INE0Q7P01013,KODYTECH,ST,,,,,KODY TECHNOLAB LIMITED,1502.00,1550.00,1495.00,1542.65,1544.00,1502.00,,1542.65,,,19200,29310730.00,97,F1,100,,,,,
2026-09-02,2026-09-02,CM,NSE,STK,3009,INE080B01012,KOHINOOR,EQ,,,,,KOHINOOR FOODS LIMITED,33.04,34.00,33.00,33.41,33.10,33.04,,33.41,,,105947,3559077.13,2089,F1,1,,,,,
2026-09-02,2026-09-02,CM,NSE,STK,16827,INE760A01029,KOKUYOCMLN,EQ,,,,,KOKUYO CAMLIN LIMITED,79.00,79.70,77.55,77.84,77.64,78.54,,77.84,,,20142,1576669.23,568,F1,1,,,,,
2026-09-02,2026-09-02,CM,NSE,STK,15124,INE094I01018,KOLTEPATIL,EQ,,,,,KOLTE PATIL DEV. LTD.,436.20,442.10,425.80,440.80,441.90,436.20,,440.82,,,77009,33393321.65,3172,F1,1,,,,,
2026-09-02,2026-09-02,CM,NSE,STK,22475,INE0QEI01011,KONSTELEC,ST,,,,,KONSTELEC ENGINEERS LTD,63.00,64.00,62.35,62.35,62.35,65.20,,62.35,,,6000,379850.00,6,F1,1000,,,,,
2026-09-02,2026-09-02,CM,NSE,STK,1919,INE082A01010,KOPRAN,EQ,,,,,KOPRAN LTD,215.25,220.40,214.04,218.81,219.00,217.58,,218.82,,,212685,46192666.18,3783,F1,1,,,,,
2026-09-02,2026-09-02,CM,NSE,STK,16758,INE0O4R01018,KDL,SM,,,,,KORE DIGITAL LIMITED,89.50,92.00,88.00,89.00,89.70,90.85,,89.00,,,19500,1753065.00,63,F1,150,,,,,
2026-09-02,2026-09-02,CM,NSE,STK,14858,INF174KA1HJ8,GOLD1,EQ,,,,,KOTAK GOLD ETF,124.60,125.45,123.66,124.77,124.70,126.58,,124.77,,,2034162,253804293.46,8911,F1,1,,,,,
2026-09-02,2026-09-02,CM,NSE,STK,1922,INE237A01036,KOTAKBANK,EQ,,,,,KOTAK MAHINDRA BANK LTD,421.90,425.75,418.95,423.50,423.50,425.00,,423.50,,,10022695,4230440348.45,120517,F1,1,,,,,
2026-09-02,2026-09-02,CM,NSE,STK,18102,INF174K014P6,NIFTY1,EQ,,,,,KOTAK NIFTY ETF,266.54,272.70,264.57,265.54,265.55,266.54,,265.55,,,241052,63965950.25,1540,F1,1,,,,,
2026-09-02,2026-09-02,CM,NSE,STK,15061,INF174KA1A86,PSUBANK,EQ,,,,,KOTAK PSU BANK,84.50,85.65,84.40,85.25,85.24,85.16,,85.25,,,743798,63311705.23,946,F1,1,,,,,
2026-09-02,2026-09-02,CM,NSE,STK,759885,INF174KA1XV0,CHEMICAL,EQ,,,,,KOTAKMAMC - CHEMICAL,30.34,30.34,29.78,30.07,30.00,30.04,,30.07,,,256088,7672524.39,1150,F1,1,,,,,
2026-09-02,2026-09-02,CM,NSE,STK,7412,INF174KA1IA5,ALPHA,EQ,,,,,KOTAKMAMC - KOTAKALPHA,54.42,54.42,53.53,53.94,53.99,54.43,,53.94,,,1586344,85409724.13,4161,F1,1,,,,,
2026-09-02,2026-09-02,CM,NSE,STK,10512,INF174KA1ZF8,CONS,EQ,,,,,KOTAKMAMC - KOTAKCONS,11.88,12.30,11.88,12.06,12.10,12.12,,12.06,,,21260,254906.25,170,F1,1,,,,,
2026-09-02,2026-09-02,CM,NSE,STK,2627,INF174KA1GC5,IT,EQ,,,,,KOTAKMAMC - KOTAKIT,35.58,35.58,34.10,34.36,34.29,34.72,,34.36,,,274892,9472805.05,1086,F1,1,,,,,
2026-09-02,2026-09-02,CM,NSE,STK,13950,INF174KA1LV5,LIQUID1,EQ,,,,,KOTAKMAMC - KOTAKLIQ,1120.75,1120.91,1120.75,1120.90,1120.89,1120.75,,1120.90,,,713046,799253738.39,1125,F1,1,,,,,
2026-09-02,2026-09-02,CM,NSE,STK,8632,INF174KA1IY5,LOWVOL1,EQ,,,,,KOTAKMAMC - KOTAKLOVOL,21.66,21.66,20.97,21.13,21.17,21.14,,21.13,,,68147,1436334.28,124,F1,1,,,,,
2026-09-02,2026-09-02,CM,NSE,STK,8077,INF174KA1ZC5,MIDCAP,EQ,,,,,KOTAKMAMC - KOTAKMID50,18.66,18.83,18.37,18.47,18.50,18.66,,18.47,,,891364,16450001.82,1628,F1,1,,,,,
2026-09-02,2026-09-02,CM,NSE,STK,10676,INF174KA1JF2,MNC,EQ,,,,,KOTAKMAMC - KOTAKMNC,33.67,33.67,32.99,33.18,33.29,33.67,,33.18,,,88687,2936512.37,709,F1,1,,,,,
2026-09-02,2026-09-02,CM,NSE,STK,13082,INF174KA1ZD3,SILVER1,EQ,,,,,KOTAKMAMC - KOTAKSILVE,22.09,22.09,21.61,21.87,21.89,22.09,,21.87,,,6245962,136618716.96,6092,F1,1,,,,,
2026-09-02,2026-09-02,CM,NSE,STK,11457,INF174KA1ZE1,NV20,EQ,,,,,KOTAKMAMC - KTKNV20ETF,14.18,14.22,13.82,13.91,13.92,13.85,,13.91,,,52240,725958.73,207,F1,1,,,,,
2026-09-02,2026-09-02,CM,NSE,STK,30469,INF174KA1VW2,MID150,EQ,,,,,KOTAKMAMC - MID150,24.43,24.43,23.11,23.56,23.60,23.95,,23.56,,,386920,9076228.58,558,F1,1,,,,,
2026-09-02,2026-09-02,CM,NSE,STK,759488,INF174KA1XS6,MOMENTUM30,EQ,,,,,KOTAKMAMC - MOMENTUM30,30.40,30.77,30.37,30.63,30.77,30.69,,30.63,,,12686,387276.26,72,F1,1,,,,,
2026-09-02,2026-09-02,CM,NSE,STK,29758,INF174KA1VD2,MSCIINDIA,EQ,,,,,KOTAKMAMC - MSCIINDIA,29.63,29.85,29.49,29.74,29.82,30.23,,29.74,,,16934,502458.93,193,F1,1,,,,,
2026-09-02,2026-09-02,CM,NSE,STK,760709,INF174KA1YO3,NEXT50ETF,EQ,,,,,KOTAKMAMC - NEXT50ETF,73.20,73.71,72.45,73.37,73.50,73.62,,73.37,,,17794,1298473.76,198,F1,1,,,,,
2026-09-02,2026-09-02,CM,NSE,STK,29944,INF174KA1UW4,NIFTY100EW,EQ,,,,,KOTAKMAMC - NIFTY100EW,34.22,35.60,34.22,34.95,34.76,35.10,,34.95,,,107246,3739435.68,326,F1,1,,,,,
2026-09-02,2026-09-02,CM,NSE,STK,764195,INF174KA1A94,PVTBANK,EQ,,,,,KOTAKMAMC - PVTBANK,27.62,27.75,27.60,27.60,27.60,27.64,,27.60,,,2433,67322.22,16,F1,1,,,,,
2026-09-02,2026-09-02,CM,NSE,STK,757946,INF174KA1WT6,QUALITY30,EQ,,,,,KOTAKMAMC - QUALITY30,20.69,20.85,20.65,20.74,20.85,20.86,,20.74,,,6019,124688.20,53,F1,1,,,,,
2026-09-02,2026-09-02,CM,NSE,STK,5851,INF174KA1ZB7,BANKNIFTY1,EQ,,,,,KOTAKMAMC-KOTAKBKETF,59.31,60.00,59.10,59.30,59.37,59.31,,59.30,,,559906,33240945.08,918,F1,1,,,,,
2026-09-02,2026-09-02,CM,NSE,STK,762752,INE972A01020,KOTIC,EQ,,,,,KOTHARI INDUSTRIAL CORP L,140.78,141.20,136.10,136.47,136.10,140.78,,136.44,,,14128,1957127.16,349,F1,1,,,,,
2026-09-02,2026-09-02,CM,NSE,STK,4594,INE720A01015,KOTHARIPET,EQ,,,,,KOTHARI PETROCHEM LTD,130.90,132.89,128.00,129.17,129.42,130.90,,129.17,,,44226,5736427.37,1203,F1,1,,,,,
2026-09-02,2026-09-02,CM,NSE,STK,5528,INE823A01017,KOTHARIPRO,EQ,,,,,KOTHARI PRODUCTS LTD,67.80,68.67,66.00,68.19,68.29,66.97,,68.19,,,3873,262764.25,75,F1,1,,,,,
2026-09-02,2026-09-02,CM,NSE,STK,11648,INE419A01022,KOTARISUG,BE,,,,,KOTHARI SUG & CHEM LTD.,31.23,31.23,29.82,30.11,30.05,31.34,,30.11,,,103522,3132910.40,423,F1,1,,,,,
2026-09-02,2026-09-02,CM,NSE,STK,761337,INE0J0B01017,KOTYARK,BE,,,,,KOTYARK INDUSTRIES LTD,31.82,31.82,30.50,30.63,30.55,31.84,,30.63,,,180309,5551334.93,572,F1,1,,,,,
2026-09-02,2026-09-02,CM,NSE,STK,5192,INE177F01017,KOVAI,EQ,,,,,KOVAI MEDICAL CENTER & HO,6035.00,6035.00,5930.50,6017.50,6025.00,6036.00,,6016.90,,,2393,14335711.00,747,F1,1,,,,,
2026-09-02,2026-09-02,CM,NSE,STK,5108,INE542W01025,KPIGREEN,EQ,,,,,KPI GREEN ENERGY LIMITED,307.00,307.00,301.50,304.60,305.95,307.80,,304.60,,,907949,275762921.15,12768,F1,1,,,,,
2026-09-02,2026-09-02,CM,NSE,STK,9683,INE04I401011,KPITTECH,EQ,,,,,KPIT TECHNOLOGIES LIMITED,588.00,589.90,579.10,588.00,588.00,590.00,,587.92,,,715333,419096566.60,21016,F1,1,,,,,
2026-09-02,2026-09-02,CM,NSE,STK,14912,INE930H01031,KPRMILL,EQ,,,,,KPR MILL LTD.,1154.00,1182.90,1133.30,1167.40,1166.50,1158.50,,1167.46,,,308659,359444497.30,26251,F1,1,,,,,
2026-09-02,2026-09-02,CM,NSE,STK,10577,INE001B01026,KRBL,EQ,,,,,KRBL LIMITED,422.00,429.15,418.60,424.40,424.20,424.10,,424.40,,,442674,187599645.90,11693,F1,1,,,,,
2026-09-02,2026-09-02,CM,NSE,STK,1937,INE268B01013,KREBSBIO,EQ,,,,,KREBS BIOCHEMICALS & IND,55.50,56.85,54.72,54.91,54.91,54.49,,54.91,,,5283,295416.09,45,F1,1,,,,,
2026-09-02,2026-09-02,CM,NSE,STK,11488,INE524L01026,KRIDHANINF,BE,,,,,KRIDHAN INFRA LIMITED,2.00,2.09,1.95,2.06,2.07,2.04,,2.02,,,24110,49083.33,42,F1,1,,,,,
2026-09-02,2026-09-02,CM,NSE,STK,12847,INE506W01020,KRISHANA,EQ,,,,,KRISHANA PHOSCHEM LIMITED,192.60,193.00,186.91,188.06,188.58,192.23,,188.06,,,272212,51637640.69,6260,F1,1,,,,,
2026-09-02,2026-09-02,CM,NSE,STK,16133,INE0NR701018,KRISHCA,SM,,,,,KRISHCA STRAPPING SLTN L,160.50,165.00,159.60,164.70,165.00,158.15,,164.70,,,17000,2752425.00,27,F1,500,,,,,
2026-09-02,2026-09-02,CM,NSE,STK,756782,INE0GGO01015,KRISHIVAL,EQ,,,,,KRISHIVAL FOODS LIMITED,412.30,412.65,409.00,410.35,410.25,411.35,,410.35,,,6752,2778490.55,213,F1,1,,,,,
2026-09-02,2026-09-02,CM,NSE,STK,761192,INE0J5601015,KRISHNADEF,EQ,,,,,KRISHNA DEF AND ALD IND L,992.00,1023.00,987.10,1007.40,1014.10,1001.70,,1007.40,,,58316,58759899.70,5444,F1,1,,,,,
2026-09-02,2026-09-02,CM,NSE,STK,4847,INE967H01025,KIMS,EQ,,,,,KRISHNA INST OF MED SCI L,752.50,767.00,748.30,753.65,750.10,758.40,,753.65,,,670696,505492350.75,30844,F1,1,,,,,
2026-09-02,2026-09-02,CM,NSE,STK,6417,INE479D01038,KRITI,EQ,,,,,KRITI INDUSTRIES IND LTD,61.45,61.49,58.10,60.90,60.11,60.56,,60.98,,,12298,738206.96,159,F1,1,,,,,
2026-09-02,2026-09-02,CM,NSE,STK,11432,INE798K01010,KRITINUT,EQ,,,,,KRITI NUTRIENTS LIMITED,87.51,88.10,84.06,84.30,84.22,86.65,,84.30,,,13595,1153872.11,243,F1,1,,,,,
2026-09-02,2026-09-02,CM,NSE,STK,9288,INE00Z501029,KRITIKA,EQ,,,,,KRITIKA WIRES LIMITED,5.35,5.44,5.31,5.39,5.40,5.35,,5.39,,,81083,436022.83,281,F1,1,,,,,
2026-09-02,2026-09-02,CM,NSE,STK,760624,INE1MTV01019,KRMAYURVED,SM,,,,,KRM AYURVEDA LIMITED,300.00,300.00,285.05,291.15,291.65,296.95,,291.15,,,69000,20087550.00,49,F1,1000,,,,,
2026-09-02,2026-09-02,CM,NSE,STK,25643,INE0Q3J01015,KRN,EQ,,,,,KRN HEAT EXCHANGE N REF L,1535.00,1544.80,1495.30,1534.80,1534.40,1527.40,,1534.86,,,161090,245180292.00,14996,F1,1,,,,,
2026-09-02,2026-09-02,CM,NSE,STK,24026,INE0ATZ01017,KRONOX,BE,,,,,KRONOX LAB SCIENCES LTD,181.30,190.24,175.00,189.68,189.98,181.19,,189.64,,,216651,40699564.83,1323,F1,1,,,,,
2026-09-02,2026-09-02,CM,NSE,STK,25252,INE0O6601022,KROSS,EQ,,,,,KROSS LIMITED,209.00,209.83,204.39,207.52,208.15,209.03,,207.52,,,166705,34526113.38,3480,F1,1,,,,,
2026-09-02,2026-09-02,CM,NSE,STK,5359,INE08LI01020,KRSNAA,EQ,,,,,KRSNAA DIAGNOSTICS LTD,558.00,559.70,551.00,553.10,553.00,559.95,,553.24,,,32269,17911378.00,2717,F1,1,,,,,
2026-09-02,2026-09-02,CM,NSE,STK,23175,INE0QN801017,KRYSTAL,EQ,,,,,KRYSTAL INTEGRATED SER L,646.55,683.45,632.10,667.00,668.75,647.35,,667.11,,,108555,72246655.40,3045,F1,1,,,,,
2026-09-02,2026-09-02,CM,NSE,STK,1949,INE999A01023,KSB,EQ,,,,,KSB LIMITED,827.45,827.45,800.75,805.80,806.80,828.20,,805.77,,,200288,161780924.45,14114,F1,1,,,,,
2026-09-02,2026-09-02,CM,NSE,STK,764753,INE953E01022,KSE,EQ,,,,,KSE LTD.,179.96,179.96,175.00,177.04,177.54,177.86,,177.04,,,18978,3349195.74,421,F1,1,,,,,
2026-09-02,2026-09-02,CM,NSE,STK,760433,INE987S01020,KSHINTL,EQ,,,,,KSH INTERNATIONAL LIMITED,951.85,956.50,931.25,945.70,952.80,953.00,,945.75,,,123540,116312906.65,9736,F1,1,,,,,
2026-09-02,2026-09-02,CM,NSE,STK,10407,INE013801027,KSHITIJPOL,EQ,,,,,KSHITIJ POLYLINE LIMITED,2.85,3.00,2.85,3.00,3.00,2.86,,3.00,,,1179895,3488315.06,707,F1,1,,,,,
2026-09-02,2026-09-02,CM,NSE,STK,765409,INE013820027,KSHITIJ-RE,BE,,,,,KSHITIJ POLYLINE LTD,0.06,0.06,0.06,0.06,0.06,0.05,,0.06,,,6816757,409005.42,741,F1,1,,,,,
2026-09-02,2026-09-02,CM,NSE,STK,11060,INE0D6I01023,KSOLVES,EQ,,,,,KSOLVES INDIA LIMITED,281.30,283.95,271.55,273.20,272.80,281.30,,273.21,,,23800,6505065.00,1394,F1,1,,,,,
2026-09-02,2026-09-02,CM,NSE,STK,759987,INE1SPP01016,KSR,EQ,,,,,KSR FOOTWEAR LIMITED,28.65,29.85,28.65,29.49,29.50,28.65,,29.49,,,9678,281569.05,80,F1,1,,,,,
2026-09-02,2026-09-02,CM,NSE,STK,13870,INE529I01021,KUANTUM,EQ,,,,,KUANTUM PAPERS LIMITED,71.81,72.25,70.35,71.23,70.70,71.62,,71.37,,,59962,4266108.25,1088,F1,1,,,,,
2026-09-02,2026-09-02,CM,NSE,STK,764116,INE0ISX01025,KUSUMGAR,EQ,,,,,KUSUMGAR LIMITED,562.10,576.95,553.20,571.15,573.00,565.10,,571.11,,,388168,219169628.35,9293,F1,1,,,,,
2026-09-02,2026-09-02,CM,NSE,STK,762757,INE552U01010,KPL,EQ,,,,,KWALITY PHARMACEUTICALS L,3388.90,3425.00,3324.10,3390.10,3397.00,3390.50,,3390.14,,,25588,86383888.70,4115,F1,1,,,,,
2026-09-02,2026-09-02,CM,NSE,STK,760946,INE2KCE01013,KWIL,EQ,,,,,KWALITY WALL'S (INDIA) L,43.01,44.69,42.75,43.38,43.48,44.35,,43.38,,,19189455,834370154.92,33857,F1,1,,,,,
2026-09-02,2026-09-02,CM,NSE,STK,765100,INE341H01023,LKPSEC,EQ,,,,,L K P SECURITIES LTD.,15.18,15.58,14.01,15.19,14.85,15.18,,15.37,,,19888,290693.80,229,F1,1,,,,,
2026-09-02,2026-09-02,CM,NSE,STK,24948,INE498L01015,LTF,EQ,,,,,L&T FINANCE LIMITED,308.75,313.35,302.70,312.80,312.80,309.05,,312.76,,,6165981,1891934115.90,88668,F1,1,,,,,
2026-09-02,2026-09-02,CM,NSE,STK,18564,INE010V01017,LTTS,EQ,,,,,L&T TECHNOLOGY SER. LTD.,3589.00,3589.00,3490.30,3505.00,3519.90,3587.80,,3505.28,,,41078,144490191.90,8420,F1,1,,,,,
2026-09-02,2026-09-02,CM,NSE,STK,14423,INE059D01020,LAOPALA,EQ,,,,,LA OPALA RG LIMITED,173.00,173.00,169.26,171.87,172.00,173.30,,171.87,,,79552,13605873.06,1848,F1,1,,,,,
2026-09-02,2026-09-02,CM,NSE,STK,764758,INE519D01015,LADDERUP,EQ,,,,,LADDERUP FINANCE LTD.,48.20,52.85,48.20,50.06,52.85,49.60,,50.65,,,102,4953.60,7,F1,1,,,,,
2026-09-02,2026-09-02,CM,NSE,STK,5865,INE548Z01017,LAGNAM,EQ,,,,,LAGNAM SPINTEX LIMITED,76.90,76.90,72.60,74.92,75.00,75.93,,74.92,,,5214,387994.93,154,F1,1,,,,,
2026-09-02,2026-09-02,CM,NSE,STK,762762,INE515C01023,LAHOTIOV,EQ,,,,,LAHOTI OVERSEAS LTD.,42.19,43.00,40.76,41.98,41.99,41.99,,42.01,,,6724,280005.55,40,F1,1,,,,,
2026-09-02,2026-09-02,CM,NSE,STK,7902,INE850E01012,LFIC,EQ,,,,,LAKSHMI FIN IND CORP LTD,134.00,135.99,131.40,135.91,135.98,133.01,,135.91,,,480,64482.83,25,F1,1,,,,,
2026-09-02,2026-09-02,CM,NSE,STK,764763,INE938C01019,LAKSHMIMIL,EQ,,,,,LAKSHMI MILLS CO. LTD.,7950.00,8086.00,7700.00,7927.00,7837.00,8000.00,,7918.55,,,222,1759627.00,46,F1,1,,,,,
2026-09-02,2026-09-02,CM,NSE,STK,4774,INE651C01018,LAKPRE,BZ,,,,,LAKSHMI PRE SCRE LTD,4.90,5.00,4.66,4.92,4.93,4.90,,4.92,,,1475,7185.96,21,F1,1,,,,,
2026-09-02,2026-09-02,CM,NSE,STK,25860,INE0VZS01015,LAKSHYA,SM,,,,,LAKSHYA POWERTECH LIMITED,84.90,87.00,82.00,83.55,83.55,85.00,,83.55,,,12000,1015240.00,13,F1,800,,,,,
2026-09-02,2026-09-02,CM,NSE,STK,765361,INE0K9O01026,LALITHAA,EQ,,,,,LALITHAA JEWELLERY MART L,269.00,272.80,262.55,264.35,263.80,267.60,,264.35,,,8411510,2240194222.30,60212,F1,1,,,,,
2026-09-02,2026-09-02,CM,NSE,STK,6407,INE112F01022,LAMBODHARA,EQ,,,,,LAMBODHARA TEXTILES LTD.,141.04,141.04,131.63,133.45,133.50,141.38,,133.46,,,15039,2015227.81,630,F1,1,,,,,
2026-09-02,2026-09-02,CM,NSE,STK,27225,INE0R0201012,LAMOSAIC,ST,,,,,LAMOSAIC INDIA LIMITED,57.10,61.00,57.05,60.90,60.90,59.75,,60.90,,,92400,5625090.00,49,F1,600,,,,,
2026-09-02,2026-09-02,CM,NSE,STK,9392,INE359U01028,LANCER,EQ,,,,,LANCER CONTAINER LINES L,13.00,13.00,12.50,12.91,12.99,12.61,,12.92,,,506482,6482418.09,1169,F1,1,,,,,
2026-09-02,2026-09-02,CM,NSE,STK,23027,INE572G01025,LANCORHOL,EQ,,,,,LANCOR HOLDINGS LIMITED,33.50,33.50,32.22,33.15,33.00,33.46,,33.16,,,144455,4735708.75,1583,F1,1,,,,,
2026-09-02,2026-09-02,CM,NSE,STK,13276,INE559R01029,LANDMARK,EQ,,,,,LANDMARK CARS LIMITED,507.00,507.60,490.65,494.90,493.00,505.95,,494.90,,,91762,45643390.75,4397,F1,1,,,,,
2026-09-02,2026-09-02,CM,NSE,STK,16863,INE197J01017,LPDC,EQ,,,,,LANDMARK PR.DEV.CO.LTD,6.80,7.43,6.57,6.68,6.75,6.67,,6.68,,,25525,173207.00,164,F1,1,,,,,
2026-09-02,2026-09-02,CM,NSE,STK,17376,INE688J01023,LANDSMILL,EQ,,,,,LANDSMILL GREEN LIMITED,0.68,0.69,0.67,0.68,0.68,0.68,,0.68,,,2203565,1501887.79,780,F1,1,,,,,
2026-09-02,2026-09-02,CM,NSE,STK,11483,INE018A01030,LT,EQ,,,,,LARSEN & TOUBRO LTD.,3966.00,4002.30,3956.70,3981.00,3981.00,3980.10,,3981.09,,,1307081,5205148125.60,96121,F1,1,,,,,
2026-09-02,2026-09-02,CM,NSE,STK,21713,INE670X01014,LASA,EQ,,,,,LASA SUPERGENERICS LTD,6.96,6.96,6.66,6.78,6.79,6.76,,6.93,,,20793,140880.45,105,F1,1,,,,,
2026-09-02,2026-09-02,CM,NSE,STK,764126,INE17IR01028,LASERPOWER,EQ,,,,,LASER POWER & INFRA LTD,308.00,311.00,302.15,303.55,302.65,311.35,,303.56,,,394417,120728713.85,8875,F1,1,,,,,
2026-09-02,2026-09-02,CM,NSE,STK,6818,INE0I7C01011,LATENTVIEW,EQ,,,,,LATENT VIEW ANALYTICS LTD,270.00,272.55,268.45,271.00,271.75,272.55,,271.00,,,335930,91039489.85,7835,F1,1,,,,,
2026-09-02,2026-09-02,CM,NSE,STK,15840,INE262Z01023,LATTEYS,EQ,,,,,LATTEYS INDUSTRIES LTD,20.56,21.69,20.56,21.26,21.22,20.80,,21.26,,,46863,986673.90,271,F1,1,,,,,
2026-09-02,2026-09-02,CM,NSE,STK,19234,INE947Q01028,LAURUSLABS,EQ,,,,,LAURUS LABS LIMITED,1853.20,1864.40,1811.70,1864.00,1864.00,1861.60,,1864.00,,,2265630,4155162340.70,59216,F1,1,,,,,
2026-09-02,2026-09-02,CM,NSE,STK,6568,INE801V01019,LAXMICOT,EQ,,,,,LAXMI COTSPIN LIMITED,12.50,13.02,11.36,12.72,12.74,12.76,,12.72,,,49268,599811.79,221,F1,1,,,,,
2026-09-02,2026-09-02,CM,NSE,STK,29171,INE0WO601020,LAXMIDENTL,EQ,,,,,LAXMI DENTAL LIMITED,195.80,196.00,191.74,194.58,194.00,192.95,,194.60,,,43016,8341325.91,1586,F1,1,,,,,
2026-09-02,2026-09-02,CM,NSE,STK,19876,INE258Y01016,LGHL,EQ,,,,,LAXMI GOLDORNA HOUSE LTD,180.95,181.96,171.64,175.77,180.00,179.64,,175.77,,,9420,1685188.31,526,F1,1,,,,,
2026-09-02,2026-09-02,CM,NSE,STK,758863,INE06WU01026,LAXMIINDIA,EQ,,,,,LAXMI INDIA FINANCE LTD,127.30,128.46,124.65,125.93,126.01,127.04,,125.94,,,137828,17383062.15,1253,F1,1,,,,,
2026-09-02,2026-09-02,CM,NSE,STK,2841,INE576O01020,LXCHEM,EQ,,,,,LAXMI ORGANIC INDUS LTD,164.25,170.99,162.00,169.55,170.00,164.90,,169.56,,,639001,106328059.61,9143,F1,1,,,,,
2026-09-02,2026-09-02,CM,NSE,STK,7529,INE938A01021,LCCINFOTEC,EQ,,,,,LCC INFOTECH LTD,3.64,3.94,3.45,3.64,3.64,3.60,,3.68,,,44030,160174.02,131,F1,1,,,,,
2026-09-02,2026-09-02,CM,NSE,STK,760300,INE0G1L01025,LEMERITE,EQ,,,,,LE MERITE EXPORTS LIMITED,21.34,21.34,19.95,20.38,20.16,21.00,,20.38,,,147751,3001457.56,361,F1,1,,,,,
2026-09-02,2026-09-02,CM,NSE,STK,24067,INE0HV901016,IXIGO,EQ,,,,,LE TRAVENUES TECHNOLOGY L,158.00,159.75,155.76,156.42,157.70,158.57,,156.43,,,2142604,336165769.23,21231,F1,1,,,,,
2026-09-02,2026-09-02,CM,NSE,STK,14204,INE0H4B01011,LRRPL,SM,,,,,LEAD REC AND RUB PROD LTD,86.00,87.00,86.00,86.35,86.00,87.00,,86.35,,,9000,777000.00,4,F1,1500,,,,,
2026-09-02,2026-09-02,CM,NSE,STK,764523,INE00GO01025,LEAPIND,EQ,,,,,LEAP INDIA LIMITED,159.00,162.00,156.51,157.68,157.00,159.47,,157.69,,,4097242,650903490.92,33934,F1,1,,,,,
2026-09-02,2026-09-02,CM,NSE,STK,765095,INE791B01014,LEENEE,EQ,,,,,LEE & NEE SOFTWARES (E) L,9.34,9.87,8.62,8.89,8.78,9.51,,8.85,,,52757,484466.50,191,F1,1,,,,,
2026-09-02,2026-09-02,CM,NSE,STK,757014,INE0AQ201015,THELEELA,EQ,,,,,LEELA PALACES HOTEL LTD,570.00,575.00,560.05,569.90,569.85,575.35,,569.90,,,151712,85915081.80,12198,F1,1,,,,,
2026-09-02,2026-09-02,CM,NSE,STK,2606,INE970X01018,LEMONTREE,EQ,,,,,LEMON TREE HOTELS LTD,105.75,106.66,104.71,106.18,106.25,106.15,,106.18,,,2312163,244677769.55,23821,F1,1,,,,,
2026-09-02,2026-09-02,CM,NSE,STK,759605,INE956O01016,LENSKART,EQ,,,,,LENSKART SOLUTIONS LTD,665.90,678.40,663.05,668.90,669.25,663.75,,668.89,,,8766705,5874957641.05,198897,F1,1,,,,,
2026-09-02,2026-09-02,CM,NSE,STK,14459,INE500X01013,LEXUS,EQ,,,,,LEXUS GRANITO (INDIA) LTD,13.50,14.51,13.02,13.96,13.85,13.38,,13.96,,,51576,715187.34,270,F1,1,,,,,
2026-09-02,2026-09-02,CM,NSE,STK,18321,INE337A01034,LGBBROSLTD,EQ,,,,,LG BALAKRISHNAN & BROS,1680.90,1710.00,1672.30,1699.90,1700.00,1702.90,,1699.86,,,22848,38689477.50,3881,F1,1,,,,,
2026-09-02,2026-09-02,CM,NSE,STK,760213,INE324D01010,LGEINDIA,EQ,,,,,LG ELECTRONICS INDIA LTD,1664.10,1667.30,1644.10,1653.20,1651.00,1665.60,,1653.17,,,200141,330960204.50,21869,F1,1,,,,,
2026-09-02,2026-09-02,CM,NSE,STK,11082,INE908V01012,LIBAS,EQ,,,,,LIBAS CONSU PRODUCTS LTD,10.45,10.64,10.25,10.49,10.41,10.63,,10.49,,,5823,61307.41,100,F1,1,,,,,
2026-09-02,2026-09-02,CM,NSE,STK,1994,INE557B01019,LIBERTSHOE,EQ,,,,,LIBERTY SHOES LTD,239.44,239.44,233.60,234.79,235.47,239.45,,234.81,,,13033,3068754.47,905,F1,1,,,,,
2026-09-02,2026-09-02,CM,NSE,STK,1997,INE115A01026,LICHSGFIN,EQ,,,,,LIC HOUSING FINANCE LTD,530.00,542.15,525.25,541.25,541.25,534.90,,541.24,,,2788144,1495063611.05,25476,F1,1,,,,,
2026-09-02,2026-09-02,CM,NSE,STK,25640,INF767K01SM1,LICMFGOLD,EQ,,,,,LIC MF - LIC GOLD ETF,136.40,136.40,133.10,135.25,135.35,137.10,,135.25,,,80058,10828852.80,1033,F1,1,,,,,
2026-09-02,2026-09-02,CM,NSE,STK,11319,INF767K01OS7,LICNETFN50,EQ,,,,,LICNAMC - LICNFENGP,268.65,268.86,266.90,267.60,267.60,269.95,,267.35,,,283,75762.74,20,F1,1,,,,,
2026-09-02,2026-09-02,CM,NSE,STK,11441,INF767K01OT5,LICNETFSEN,EQ,,,,,LICNAMC - LICNFESGP,866.65,867.56,861.41,861.96,861.96,872.00,,864.19,,,143,123551.94,8,F1,1,,,,,
2026-09-02,2026-09-02,CM,NSE,STK,15229,INF767K01PC8,LICNFNHGP,EQ,,,,,LICNAMC - LICNFNHGP,274.60,275.92,273.42,274.97,275.75,274.35,,275.07,,,106,29074.47,18,F1,1,,,,,
2026-09-02,2026-09-02,CM,NSE,STK,6062,INF767K01MV5,LICNETFGSC,EQ,,,,,LICNAMC - LICNMFET,29.56,29.56,29.21,29.33,29.54,29.35,,29.33,,,45660,1338190.22,101,F1,1,,,,,
2026-09-02,2026-09-02,CM,NSE,STK,22722,INF767K01RN1,LICNMID100,EQ,,,,,LICNAMC - LICNMID100,64.12,64.12,63.10,63.19,63.19,63.81,,63.20,,,6896,437353.87,107,F1,1,,,,,
2026-09-02,2026-09-02,CM,NSE,STK,9480,INE0J1Y01017,LICI,EQ,,,,,LIFE INSURA CORP OF INDIA,411.95,412.50,406.80,408.25,408.25,412.15,,408.25,,,2710302,1109907925.80,27340,F1,1,,,,,
2026-09-02,2026-09-02,CM,NSE,STK,578,INE060901027,LIKHITHA,EQ,,,,,LIKHITHA INFRASTRUC LTD,204.23,205.99,200.00,202.76,205.04,204.23,,202.76,,,25415,5173573.82,473,F1,1,,,,,
2026-09-02,2026-09-02,CM,NSE,STK,6951,INE802B01027,LINC,EQ,,,,,LINC LIMITED,94.38,96.30,94.09,95.86,96.00,94.35,,95.85,,,5707,540903.58,179,F1,1,,,,,
2026-09-02,2026-09-02,CM,NSE,STK,11596,INE405C01035,LINCOLN,EQ,,,,,LINCOLN PHARMA LTD,611.30,629.45,605.40,618.35,619.80,609.65,,618.15,,,56377,34970875.45,2985,F1,1,,,,,
2026-09-02,2026-09-02,CM,NSE,STK,1627,INE473A01011,LINDEINDIA,EQ,,,,,LINDE INDIA LIMITED,6363.00,6446.00,6310.00,6352.50,6346.00,6373.00,,6352.55,,,16567,105647233.00,7237,F1,1,,,,,
2026-09-02,2026-09-02,CM,NSE,STK,17801,INE093R01011,LLOYDSENGG,EQ,,,,,LLOYDS ENGG WORK LIMITED,83.97,84.80,81.76,82.77,83.10,84.27,,82.77,,,7857744,653722402.17,29150,F1,1,,,,,
2026-09-02,2026-09-02,CM,NSE,STK,25807,INE080I01025,LLOYDSENT,EQ,,,,,LLOYDS ENTERPRISES LTD,71.00,71.33,69.51,70.96,71.00,71.34,,70.96,,,2422934,171217848.54,8871,F1,1,,,,,
2026-09-02,2026-09-02,CM,NSE,STK,17313,INE281B01032,LLOYDSME,EQ,,,,,LLOYDS METALS N ENERGY L,1785.20,1819.00,1770.00,1813.00,1816.80,1790.00,,1812.93,,,369752,664948223.30,23813,F1,1,,,,,
2026-09-02,2026-09-02,CM,NSE,STK,1979,INE269B01029,LMW,EQ,,,,,LMW LIMITED,18905.00,19168.00,18700.00,18783.00,18780.00,19011.00,,18783.34,,,3472,65628670.00,1477,F1,1,,,,,
2026-09-02,2026-09-02,CM,NSE,STK,3220,INE670K01029,LODHA,EQ,,,,,LODHA DEVELOPERS LIMITED,1179.70,1208.30,1166.40,1208.30,1208.30,1193.90,,1208.33,,,1532916,1815186099.80,48538,F1,1,,,,,
2026-09-02,2026-09-02,CM,NSE,STK,764296,INE0QJW01029,LCL,EQ,,,,,LOHIA CORP LIMITED,539.00,553.95,535.80,540.85,541.00,543.80,,540.82,,,144632,78585505.55,10302,F1,1,,,,,
2026-09-02,2026-09-02,CM,NSE,STK,13436,INE397H01017,LOKESHMACH,EQ,,,,,LOKESH MACHINES LTD,345.00,345.05,334.00,339.90,344.30,346.25,,339.83,,,25446,8637963.25,753,F1,1,,,,,
2026-09-02,2026-09-02,CM,NSE,STK,18232,INE846D01012,LORDSCHLO,EQ,,,,,LORDS CHLORO ALKALI LTD,134.50,138.98,134.19,138.28,138.90,136.46,,138.24,,,2603,357509.12,144,F1,1,,,,,
2026-09-02,2026-09-02,CM,NSE,STK,14924,INE740X01023,LAL,EQ,,,,,LORENZINI APPARELS LTD,9.28,9.28,8.46,8.88,8.87,8.97,,8.88,,,30403,271157.34,278,F1,1,,,,,
2026-09-02,2026-09-02,CM,NSE,STK,764768,INE026D01011,LOTUSCHO,EQ,,,,,LOTUS CHOCOLATE CO. LTD.,659.00,659.00,620.00,640.05,643.00,621.85,,639.84,,,2761,1745298.95,203,F1,1,,,,,
2026-09-02,2026-09-02,CM,NSE,STK,16807,INE947I01017,LOTUSEYE,EQ,,,,,LOTUS EYE HOSP & INST L,109.20,109.20,105.00,107.98,108.80,108.77,,107.98,,,12570,1342085.63,216,F1,1,,,,,
2026-09-02,2026-09-02,CM,NSE,STK,22415,INE597L01014,LOVABLE,EQ,,,,,LOVABLE LINGERIE LTD,72.80,73.90,70.21,70.84,71.22,72.78,,70.81,,,13799,982500.97,455,F1,1,,,,,
2026-09-02,2026-09-02,CM,NSE,STK,10590,INE970D01010,LOYALTEX,EQ,,,,,LOYAL TEXTILE MILLS LTD,218.40,218.40,206.14,209.00,209.00,205.27,,209.00,,,80,17141.27,9,F1,1,,,,,
2026-09-02,2026-09-02,CM,NSE,STK,13816,INE818H01020,LTFOODS,EQ,,,,,LT FOODS LIMITED,434.80,444.00,429.55,442.45,443.00,437.00,,442.44,,,718335,313956651.65,22592,F1,1,,,,,
2026-09-02,2026-09-02,CM,NSE,STK,17818,INE214T01019,LTM,EQ,,,,,LTM LIMITED,4587.20,4611.00,4489.00,4588.00,4588.00,4625.00,,4588.01,,,218038,996983161.50,26275,F1,1,,,,,
2026-09-02,2026-09-02,CM,NSE,STK,14014,INE872H01027,LUMAXTECH,EQ,,,,,LUMAX AUTO TECH LTD,2053.90,2066.40,1976.90,1986.50,1986.70,2060.00,,1986.52,,,117029,234436951.00,15571,F1,1,,,,,
2026-09-02,2026-09-02,CM,NSE,STK,2018,INE162B01018,LUMAXIND,EQ,,,,,LUMAX INDUSTRIES LTD,6504.50,6609.50,6176.00,6347.00,6400.00,6422.50,,6346.71,,,38591,243925731.50,10421,F1,1,,,,,
2026-09-02,2026-09-02,CM,NSE,STK,10440,INE326A01037,LUPIN,EQ,,,,,LUPIN LIMITED,2152.10,2155.20,2135.00,2155.20,2155.20,2153.00,,2155.20,,,714232,1531450929.70,44563,F1,1,,,,,
2026-09-02,2026-09-02,CM,NSE,STK,11301,INE150G01020,LUXIND,EQ,,,,,LUX INDUSTRIES LIMITED,1192.80,1192.80,1160.80,1164.90,1165.90,1192.80,,1164.89,,,16563,19384628.70,1815,F1,1,,,,,
2026-09-02,2026-09-02,CM,NSE,STK,7248,INE933A01014,LYKALABS,BE,,,,,LYKA LABS LTD.,73.00,75.33,73.00,75.33,75.33,73.86,,76.00,,,15303,1134924.86,47,F1,1,,,,,
2026-09-02,2026-09-02,CM,NSE,STK,758150,INE08N601015,MBEL,EQ,,,,,M AND B ENGINEERING LTD,266.30,268.10,261.30,266.10,265.00,265.60,,266.10,,,87436,23119310.70,3870,F1,1,,,,,
2026-09-02,2026-09-02,CM,NSE,STK,765120,INE227F01010,MKEXIM,EQ,,,,,M K EXIM (INDIA) LTD.,60.61,61.89,55.52,61.42,60.90,61.61,,61.34,,,14748,881999.04,296,F1,1,,,,,
2026-09-02,2026-09-02,CM,NSE,STK,16736,INE964W01021,MKPL,EQ,,,,,M K PROTEINS LIMITED,4.08,4.10,3.99,4.00,4.00,4.03,,4.01,,,140220,564096.05,433,F1,1,,,,,
2026-09-02,2026-09-02,CM,NSE,STK,22360,INE813V01022,MCL,EQ,,,,,M TEK COPPER LIMITED,56.00,57.11,55.72,56.17,56.11,56.86,,56.17,,,45631,2575250.17,2264,F1,1,,,,,
2026-09-02,2026-09-02,CM,NSE,STK,13285,INE774D01024,M&MFIN,EQ,,,,,M&M FIN. SERVICES LTD,364.50,370.60,360.30,368.85,370.30,364.40,,368.84,,,1218704,444697754.25,46017,F1,1,,,,,
2026-09-02,2026-09-02,CM,NSE,STK,22976,INE0SGC01015,MVKAGRO,SM,,,,,M.V.K. AGRO FOOD PROD LTD,214.40,214.40,214.40,214.40,214.40,204.20,,214.40,,,96900,20775360.00,102,F1,300,,,,,
2026-09-02,2026-09-02,CM,NSE,STK,15017,INE215I01027,MAANALU,EQ,,,,,MAAN ALUMINIUM LIMITED,119.78,120.39,117.01,118.15,117.50,119.42,,118.15,,,33362,3940005.14,813,F1,1,,,,,
2026-09-02,2026-09-02,CM,NSE,STK,762782,INE435D01014,MCCHRLS-B,EQ,,,,,MAC CHARLES (INDIA) LTD.,694.95,694.95,650.00,675.60,679.85,694.95,,669.44,,,345,228272.40,52,F1,1,,,,,
2026-09-02,2026-09-02,CM,NSE,STK,24545,INE0R0J01010,MACOBSTECH,SM,,,,,MACOBS TECHNOLOGIES LTD,201.90,201.90,201.90,201.90,201.90,199.95,,201.90,,,800,161520.00,1,F1,800,,,,,
2026-09-02,2026-09-02,CM,NSE,STK,22347,INE155Z01011,MACPOWER,EQ,,,,,MACPOWER CNC MACHINES LTD,1900.00,1908.60,1834.10,1883.60,1899.00,1911.30,,1883.60,,,30923,57863140.10,5137,F1,1,,,,,
2026-09-02,2026-09-02,CM,NSE,STK,762767,INE631R01026,MADHAVIPL,EQ,,,,,MADHAV INFRA PROJECTS L,8.22,8.22,7.66,7.97,7.98,8.04,,7.97,,,80860,642197.38,277,F1,1,,,,,
2026-09-02,2026-09-02,CM,NSE,STK,15151,INE925C01016,MADHAV,EQ,,,,,MADHAV MARBLE & GRANITE,35.95,35.95,34.55,35.25,35.26,35.42,,35.31,,,349,12509.62,22,F1,1,,,,,
2026-09-02,2026-09-02,CM,NSE,STK,13668,INE378D01032,MADHUCON,BE,,,,,MADHUCON PROJECTS LTD.,4.84,5.08,4.79,5.01,5.05,4.84,,5.01,,,10089,50500.79,36,F1,1,,,,,
2026-09-02,2026-09-02,CM,NSE,STK,765479,INE1P5601010,MADHURKNIT,ST,,,,,MADHUR KNIT CRAFTS LTD,90.25,90.25,90.25,90.25,90.25,95.00,,90.25,,,2400,216600.00,2,F1,1200,,,,,
2026-09-02,2026-09-02,CM,NSE,STK,18738,INE0P6701019,MADHUSUDAN,ST,,,,,MADHUSUDAN MASALA LIMITED,225.00,233.00,225.00,231.00,231.00,225.05,,231.00,,,22000,5040150.00,21,F1,1000,,,,,
2026-09-02,2026-09-02,CM,NSE,STK,12686,INE900L01028,MBAPL,EQ,,,,,MADHYA BHARAT AGRO P. LTD,160.78,163.90,157.53,159.07,158.50,160.78,,159.07,,,1021835,163581427.38,7859,F1,1,,,,,
2026-09-02,2026-09-02,CM,NSE,STK,4911,INE414A01015,MADRASFERT,EQ,,,,,MADRAS FERTILISERS LTD,65.39,65.39,63.84,64.26,64.45,64.70,,64.26,,,51060,3282921.87,1011,F1,1,,,,,
2026-09-02,2026-09-02,CM,NSE,STK,762772,INE270B01035,MAFATIND,EQ,,,,,MAFATLAL INDUSTRIES LTD.,122.00,124.00,119.12,122.57,121.08,121.77,,122.55,,,27261,3306823.16,766,F1,1,,,,,
2026-09-02,2026-09-02,CM,NSE,STK,21392,INE347W01011,MAGADSUGAR,EQ,,,,,MAGADH SUGAR & ENERGY LTD,567.95,581.40,555.10,559.15,559.70,568.05,,560.10,,,75176,42579987.65,4202,F1,1,,,,,
2026-09-02,2026-09-02,CM,NSE,STK,29482,INE613C01026,MCLOUD,EQ,,,,,MAGELLANIC CLOUD LIMITED,26.74,27.19,26.07,26.28,26.29,26.67,,26.28,,,2883337,76202722.40,7242,F1,1,,,,,
2026-09-02,2026-09-02,CM,NSE,STK,14957,INE387I01016,MAGNUM,EQ,,,,,MAGNUM VENTURES LTD.,18.66,19.44,18.55,19.18,19.00,18.95,,19.14,,,32977,628475.74,105,F1,1,,,,,
2026-09-02,2026-09-02,CM,NSE,STK,5239,INE843B01013,MAHAPEXLTD,EQ,,,,,MAHA RASHTRA APEX COPR. L,56.07,56.29,54.80,54.94,54.80,56.17,,54.94,,,3134,173375.68,87,F1,1,,,,,
2026-09-02,2026-09-02,CM,NSE,STK,24937,INE0US801024,MFML,EQ,,,,,MAHALAXMI FABRIC MILLS LT,19.45,19.45,17.30,18.57,19.43,18.97,,18.76,,,2032,37835.46,66,F1,1,,,,,
2026-09-02,2026-09-02,CM,NSE,STK,7889,INE112D01035,MHLXMIRU,BE,,,,,MAHALAXMI RUBTECH LIMITED,175.45,180.00,170.00,176.82,176.50,172.57,,175.47,,,11796,2051348.55,87,F1,1,,,,,
2026-09-02,2026-09-02,CM,NSE,STK,17531,INE451L01014,MAHASTEEL,BE,,,,,MAHAMAYA STEEL INDS LTD,1390.60,1419.00,1324.40,1324.40,1324.40,1394.10,,1324.40,,,3557,4786079.00,237,F1,1,,,,,
2026-09-02,2026-09-02,CM,NSE,STK,17534,INE002S01010,MGL,EQ,,,,,MAHANAGAR GAS LTD.,1072.00,1082.60,1062.20,1065.20,1062.60,1077.70,,1065.20,,,176423,189312895.50,11015,F1,1,,,,,
2026-09-02,2026-09-02,CM,NSE,STK,2294,INE153A01019,MTNL,EQ,,,,,MAHANAGAR TELEPHONE NIGAM,26.68,26.84,26.28,26.43,26.44,26.68,,26.43,,,398024,10555024.72,2018,F1,1,,,,,
2026-09-02,2026-09-02,CM,NSE,STK,2085,INE288A01013,MAHSCOOTER,EQ,,,,,MAHARASHTRA SCOOTERS LTD,13690.00,13746.00,13440.00,13560.00,13550.00,13695.00,,13560.13,,,2871,39029694.00,684,F1,1,,,,,
2026-09-02,2026-09-02,CM,NSE,STK,2088,INE271B01025,MAHSEAMLES,EQ,,,,,MAHARASHTRA SEAMLESS LTD,647.00,673.90,645.00,665.05,665.00,649.60,,665.12,,,492471,325866534.80,24843,F1,1,,,,,
2026-09-02,2026-09-02,CM,NSE,STK,9577,INE263W01010,MAHESHWARI,BE,,,,,MAHESHWARI LOGISTICS LTD.,70.76,73.74,70.66,71.88,72.48,70.78,,71.88,,,10168,733032.19,52,F1,1,,,,,
2026-09-02,2026-09-02,CM,NSE,STK,2839,INE961Y01015,MAHICKRA,SM,,,,,MAHICKRA CHEMICAL LIMITED,275.00,295.00,275.00,291.50,292.00,286.40,,291.50,,,24750,6895762.50,15,F1,750,,,,,
2026-09-02,2026-09-02,CM,NSE,STK,2031,INE101A01026,M&M,EQ,,,,,MAHINDRA & MAHINDRA LTD,3223.50,3229.60,3142.50,3190.00,3190.00,3259.00,,3190.00,,,2883166,9162469677.90,162418,F1,1,,,,,
2026-09-02,2026-09-02,CM,NSE,STK,17603,INE215D01010,MAHEPC,EQ,,,,,MAHINDRA EPC IRRIG LTD,104.33,104.33,101.24,101.95,102.50,102.30,,101.95,,,8705,891155.39,405,F1,1,,,,,
2026-09-02,2026-09-02,CM,NSE,STK,17333,INE998I01010,MHRIL,EQ,,,,,MAHINDRA HOLIDAYS LTD,207.86,210.00,205.20,206.59,207.54,208.31,,206.58,,,94450,19590712.31,2768,F1,1,,,,,
2026-09-02,2026-09-02,CM,NSE,STK,8050,INE813A01018,MAHLIFE,EQ,,,,,MAHINDRA LIFESPACE DEVLTD,357.00,361.00,352.05,359.00,357.90,356.95,,359.06,,,73364,26080499.80,3176,F1,1,,,,,
2026-09-02,2026-09-02,CM,NSE,STK,385,INE766P01016,MAHLOG,EQ,,,,,MAHINDRA LOGISTIC LIMITED,384.20,394.30,380.25,392.45,393.90,387.20,,392.44,,,105720,41115861.80,7565,F1,1,,,,,
2026-09-02,2026-09-02,CM,NSE,STK,24538,INE683C01011,MAITHANALL,EQ,,,,,MAITHAN ALLOYS LTD,977.90,1056.65,964.55,1019.35,1024.00,972.75,,1019.64,,,435952,446973317.70,24047,F1,1,,,,,
2026-09-02,2026-09-02,CM,NSE,STK,19809,INE0PLQ01011,MAITREYA,SM,,,,,MAITREYA MEDICARE LIMITED,114.70,127.45,114.70,123.90,123.90,120.50,,123.90,,,4400,532880.00,10,F1,400,,,,,
2026-09-02,2026-09-02,CM,NSE,STK,762780,INE201B01022,MAJESAUT,BE,,,,,MAJESTIC AUTO LTD.,357.70,360.00,347.15,353.65,354.00,357.15,,353.71,,,4135,1468979.20,112,F1,1,,,,,
2026-09-02,2026-09-02,CM,NSE,STK,764773,INE987A01010,MAKERSL,EQ,,,,,MAKERS LABORATORIES LTD.,188.48,188.48,181.60,182.70,182.01,187.60,,182.60,,,1964,360120.90,101,F1,1,,,,,
2026-09-02,2026-09-02,CM,NSE,STK,11218,INE0CDK01019,MAKS,SM,,,,,MAKS ENERGY SOL INDIA LTD,13.10,13.75,13.10,13.75,13.75,13.10,,13.75,,,7500,101025.00,3,F1,1500,,,,,
2026-09-02,2026-09-02,CM,NSE,STK,7965,INE389C01015,MALLCOM,EQ,,,,,MALLCOM (INDIA) LIMITED,1000.00,1050.00,982.45,1021.15,1020.00,1004.45,,1021.44,,,42842,44316847.80,935,F1,1,,,,,
2026-09-02,2026-09-02,CM,NSE,STK,13352,INE383H01017,MALUPAPER,EQ,,,,,MALU PAPER MILLS LIMITED,31.80,31.90,30.30,31.05,31.10,31.94,,31.05,,,30518,943623.97,136,F1,1,,,,,
2026-09-02,2026-09-02,CM,NSE,STK,28687,INE0TO701015,MAMATA,EQ,,,,,MAMATA MACHINERY LIMITED,401.10,406.50,398.20,401.15,401.30,401.85,,401.12,,,18074,7284463.00,1057,F1,1,,,,,
2026-09-02,2026-09-02,CM,NSE,STK,7413,INE830Q01018,MANAKCOAT,EQ,,,,,MAN COAT METAL & IND LTD,120.95,124.00,118.00,121.56,121.60,120.46,,121.56,,,736255,87656193.61,4394,F1,1,,,,,
2026-09-02,2026-09-02,CM,NSE,STK,11884,INE993A01026,MANINDS,EQ,,,,,MAN INDUSTRIES (I) LTD.,755.00,769.85,741.50,744.85,743.00,762.75,,744.86,,,417411,314043882.40,15302,F1,1,,,,,
2026-09-02,2026-09-02,CM,NSE,STK,18226,INE949H01023,MANINFRA,EQ,,,,,MAN INFRA LTD,124.99,125.08,119.11,123.27,122.00,124.56,,123.27,,,3095001,378918301.52,16230,F1,1,,,,,
2026-09-02,2026-09-02,CM,NSE,STK,7420,INE859Q01017,MANAKALUCO,EQ,,,,,MANAK ALUMINIUM CO. LTD.,38.65,39.35,36.55,37.12,36.91,38.34,,37.13,,,97514,3662353.79,953,F1,1,,,,,
2026-09-02,2026-09-02,CM,NSE,STK,15199,INE015D01022,MANAKSIA,EQ,,,,,MANAKSIA LTD.,57.75,58.41,56.00,58.14,58.40,57.79,,58.14,,,38440,2211265.92,429,F1,1,,,,,
2026-09-02,2026-09-02,CM,NSE,STK,7463,INE824Q01011,MANAKSTEEL,EQ,,,,,MANAKSIA STEELS LTD,104.00,109.30,101.53,109.30,109.30,104.10,,109.28,,,509467,55084414.14,3283,F1,1,,,,,
2026-09-02,2026-09-02,CM,NSE,STK,13796,INE201A01024,MANALIPETC,EQ,,,,,MANALI PETROCHEMICALS LT,84.70,85.40,81.60,82.76,82.80,84.04,,82.76,,,8290147,691603580.21,34540,F1,1,,,,,
2026-09-02,2026-09-02,CM,NSE,STK,19061,INE522D01027,MANAPPURAM,EQ,,,,,MANAPPURAM FINANCE LTD,333.00,341.10,330.30,340.90,340.90,337.00,,340.90,,,5411370,1816853749.70,50101,F1,1,,,,,
2026-09-02,2026-09-02,CM,NSE,STK,759354,INE0U4H01011,MPEL,ST,,,,,MANAS POLYMER N ENERGIE L,25.85,25.90,23.50,24.85,24.85,24.70,,24.85,,,25600,652080.00,14,F1,1600,,,,,
2026-09-02,2026-09-02,CM,NSE,STK,21697,INE104Y01012,MANAV,SM,,,,,MANAV INFRA PROJECTS LTD,37.90,37.90,37.90,37.90,37.90,36.10,,37.90,,,8000,303200.00,1,F1,4000,,,,,
2026-09-02,2026-09-02,CM,NSE,STK,25597,INE939X01013,MANBA,EQ,,,,,MANBA FINANCE LIMITED,129.76,129.80,128.00,128.31,128.01,129.30,,128.29,,,60344,7770425.01,450,F1,1,,,,,
2026-09-02,2026-09-02,CM,NSE,STK,765105,INE348N01042,MANBRO,EQ,,,,,MANBRO INDUSTRIES LTD.,53.60,54.99,48.75,51.06,52.00,54.16,,51.02,,,498508,25057828.69,2010,F1,1,,,,,
2026-09-02,2026-09-02,CM,NSE,STK,24823,INE545L01039,MANCREDIT,EQ,,,,,MANGAL CREDIT N FINCORP L,227.00,234.90,225.02,227.79,234.31,230.19,,227.75,,,10860,2479946.16,390,F1,1,,,,,
2026-09-02,2026-09-02,CM,NSE,STK,758748,INE0PKD01011,MEIL,EQ,,,,,MANGAL ELECTRICAL IND L,282.35,285.15,277.60,278.90,278.30,284.95,,278.92,,,63130,17750970.95,1079,F1,1,,,,,
2026-09-02,2026-09-02,CM,NSE,STK,19134,INE00C401011,MAL,SM,,,,,MANGALAM ALLOYS LIMITED,30.05,32.00,30.00,31.60,31.60,32.00,,31.60,,,24000,752720.00,14,F1,1600,,,,,
2026-09-02,2026-09-02,CM,NSE,STK,2106,INE347A01017,MANGLMCEM,EQ,,,,,MANGALAM CEMENT LTD,1108.20,1114.40,1054.00,1092.90,1090.00,1084.00,,1092.95,,,304145,333667016.50,10160,F1,1,,,,,
2026-09-02,2026-09-02,CM,NSE,STK,11817,INE584F01014,MANGALAM,EQ,,,,,MANGALAM DRUG & CHEM LTD,30.45,30.97,29.06,30.33,30.40,29.86,,30.33,,,28610,856742.26,257,F1,1,,,,,
2026-09-02,2026-09-02,CM,NSE,STK,1598,INE0APB01032,MGEL,BE,,,,,MANGALAM GLOBAL ENT LTD,14.10,14.64,14.10,14.44,14.51,14.33,,14.44,,,64418,927921.13,173,F1,1,,,,,
2026-09-02,2026-09-02,CM,NSE,STK,6422,INE370D01013,MANORG,EQ,,,,,MANGALAM ORGANICS LIMITED,490.00,499.80,472.00,478.65,480.00,496.80,,478.28,,,11497,5568786.90,391,F1,1,,,,,
2026-09-02,2026-09-02,CM,NSE,STK,764783,INE829S01016,MSL,EQ,,,,,MANGALAM SEEDS LTD.,138.00,140.00,136.62,137.53,137.15,138.00,,137.53,,,272,37415.06,13,F1,1,,,,,
2026-09-02,2026-09-02,CM,NSE,STK,759169,INE0JYY01029,MWL,EQ,,,,,MANGALAM WORLDWIDE LTD,37.80,39.84,37.30,39.20,39.39,37.71,,39.20,,,584088,22799614.29,3395,F1,1,,,,,
2026-09-02,2026-09-02,CM,NSE,STK,24629,INE0R3101011,MIEL,SM,,,,,MANGLAM INFRA & ENG LTD,11.70,12.40,11.70,12.40,12.40,12.25,,12.40,,,4000,48200.00,2,F1,2000,,,,,
2026-09-02,2026-09-02,CM,NSE,STK,764357,INE459N01021,MANIPALHOS,EQ,,,,,MANIPAL HEALTH ENTERPRI L,750.00,750.70,702.00,709.90,713.50,746.90,,709.92,,,4066750,2932566049.15,91380,F1,1,,,,,
2026-09-02,2026-09-02,CM,NSE,STK,15380,INE634S01028,MANKIND,EQ,,,,,MANKIND PHARMA LIMITED,2351.00,2391.50,2341.20,2391.50,2391.50,2356.50,,2391.05,,,334009,792952516.80,26083,F1,1,,,,,
2026-09-02,2026-09-02,CM,NSE,STK,19015,INE0KNT01012,MVGJL,EQ,,,,,MANOJ VAIBHAV GEM N JEW L,161.90,166.93,158.00,161.76,162.40,162.37,,161.76,,,84333,13695561.99,1892,F1,1,,,,,
2026-09-02,2026-09-02,CM,NSE,STK,13753,INE784W01015,MANOMAY,EQ,,,,,MANOMAY TEX INDIA LTD,230.00,230.00,223.20,224.52,225.10,223.64,,224.55,,,90681,20477137.38,1789,F1,1,,,,,
2026-09-02,2026-09-02,CM,NSE,STK,10227,INE00VM01036,MANORAMA,EQ,,,,,MANORAMA INDUSTRIES LTD,1805.10,1833.20,1795.10,1813.10,1816.00,1834.00,,1813.11,,,157707,285930607.30,14720,F1,1,,,,,
2026-09-02,2026-09-02,CM,NSE,STK,13575,INE867A01022,MANUGRAPH,BE,,,,,MANUGRAPH INDIA LIMITED,14.99,14.99,14.30,14.38,14.38,14.54,,14.39,,,15297,220986.00,40,F1,1,,,,,
2026-09-02,2026-09-02,CM,NSE,STK,2112,INE882A01013,MARALOVER,EQ,,,,,MARAL OVERSEAS LTD,52.40,54.98,52.40,54.13,54.00,54.44,,54.13,,,11811,632269.67,97,F1,1,,,,,
2026-09-02,2026-09-02,CM,NSE,STK,18659,INE182D01020,MARATHON,EQ,,,,,MARATHON NXTGEN REALT LTD,436.00,443.80,422.05,433.80,437.90,434.50,,433.80,,,188885,82261577.30,7328,F1,1,,,,,
2026-09-02,2026-09-02,CM,NSE,STK,18773,INE0QP001012,MARCO,SM,,,,,MARCO CABLE & CONDUCTOR L,36.95,36.95,32.00,33.70,33.95,36.80,,33.70,,,27000,906150.00,18,F1,1500,,,,,
2026-09-02,2026-09-02,CM,NSE,STK,4067,INE196A01026,MARICO,EQ,,,,,MARICO LIMITED,830.00,834.85,826.50,829.35,829.35,838.10,,829.35,,,1477115,1227327776.50,37139,F1,1,,,,,
2026-09-02,2026-09-02,CM,NSE,STK,1328,INE01JE01028,MARINE,EQ,,,,,MARINE ELECTRICAL (I) LTD,430.60,436.00,423.15,431.50,433.30,432.60,,431.50,,,956684,411667207.85,25828,F1,1,,,,,
2026-09-02,2026-09-02,CM,NSE,STK,760204,INE0FW001016,MARKOLINES,EQ,,,,,MARKOLINES PAVEMENT TEC L,175.00,176.00,170.63,172.66,173.40,173.96,,172.67,,,506896,87697933.67,2437,F1,1,,,,,
2026-09-02,2026-09-02,CM,NSE,STK,10579,INE750C01026,MARKSANS,EQ,,,,,MARKSANS PHARMA LIMITED,321.20,337.65,318.75,332.50,334.10,322.40,,332.50,,,6573003,2187187027.35,83813,F1,1,,,,,
2026-09-02,2026-09-02,CM,NSE,STK,761386,INE415B01044,MARSONS,EQ,,,,,MARSONS LIMITED,123.81,126.00,120.56,122.84,122.99,123.99,,122.84,,,2909043,358471574.02,17524,F1,1,,,,,
2026-09-02,2026-09-02,CM,NSE,STK,10999,INE585B01010,MARUTI,EQ,,,,,MARUTI SUZUKI INDIA LTD.,12763.00,12888.00,12640.00,12849.00,12849.00,12950.00,,12848.97,,,614156,7817012629.00,115523,F1,1,,,,,
2026-09-02,2026-09-02,CM,NSE,STK,199,INE348L01012,MASFIN,EQ,,,,,MAS FINANCIAL SERV LTD,305.40,305.55,292.95,294.45,294.50,304.50,,294.46,,,135767,40299430.95,11191,F1,1,,,,,
2026-09-02,2026-09-02,CM,NSE,STK,18727,INE885F01015,MASKINVEST,EQ,,,,,MASK INVESTMENTS LIMITED,146.00,146.00,146.00,146.00,146.00,146.00,,146.00,,,5,730.00,1,F1,1,,,,,
2026-09-02,2026-09-02,CM,NSE,STK,2124,INE759A01021,MASTEK,EQ,,,,,MASTEK LTD,1798.90,1798.90,1748.00,1763.00,1762.00,1802.00,,1762.97,,,88631,156622312.30,10810,F1,1,,,,,
2026-09-02,2026-09-02,CM,NSE,STK,19011,INE0OJM01017,MASTER,SM,,,,,MASTER COMPONENTS LIMITED,430.65,430.65,430.65,430.65,430.65,435.00,,430.65,,,500,215325.00,1,F1,500,,,,,
2026-09-02,2026-09-02,CM,NSE,STK,27047,INE677D01037,MASTERTR,EQ,,,,,MASTER TRUST LIMITED,81.71,83.00,79.97,80.85,80.76,81.58,,80.85,,,231560,18720429.13,1120,F1,1,,,,,
2026-09-02,2026-09-02,CM,NSE,STK,21726,INE866R01028,MATRIMONY,EQ,,,,,MATRIMONY.COM LIMITED,512.80,520.25,510.55,514.35,513.25,519.00,,514.34,,,5735,2957649.90,539,F1,1,,,,,
2026-09-02,2026-09-02,CM,NSE,STK,759945,INE132901013,MGSL,SM,,,,,MATRIX GEO SOLUTIONS LTD,72.05,81.30,70.00,77.55,77.00,73.00,,77.55,,,39600,3006420.00,33,F1,1200,,,,,
2026-09-02,2026-09-02,CM,NSE,STK,17022,INE636A01039,MAWANASUG,EQ,,,,,MAWANA SUGARS LIMITED,142.31,154.47,142.31,147.87,148.95,142.31,,147.87,,,734892,110058823.09,14026,F1,1,,,,,
2026-09-02,2026-09-02,CM,NSE,STK,19646,INE03EI01018,MAXESTATES,EQ,,,,,MAX ESTATES LIMITED,495.00,527.60,485.10,520.65,525.00,503.00,,520.59,,,193763,98312293.60,6642,F1,1,,,,,
2026-09-02,2026-09-02,CM,NSE,STK,2142,INE180A01020,MFSL,EQ,,,,,MAX FINANCIAL SERV LTD,1531.50,1531.50,1494.00,1505.00,1505.00,1534.70,,1504.44,,,547908,830044126.90,22490,F1,1,,,,,
2026-09-02,2026-09-02,CM,NSE,STK,22377,INE027H01010,MAXHEALTH,EQ,,,,,MAX HEALTHCARE INS LTD,1003.00,1005.00,987.20,994.00,994.00,1003.00,,994.00,,,1195319,1187041175.30,53700,F1,1,,,,,
2026-09-02,2026-09-02,CM,NSE,STK,22428,INE0CG601016,MAXIND,EQ,,,,,MAX INDIA LIMITED,148.50,151.33,144.90,147.90,148.30,148.97,,147.93,,,128088,18910925.67,2376,F1,1,,,,,
2026-09-02,2026-09-02,CM,NSE,STK,21691,INE0ECC01022,MAXPOSURE,SM,,,,,MAXPOSURE LIMITED,29.00,29.00,29.00,29.00,29.00,29.15,,29.00,,,2000,58000.00,2,F1,1000,,,,,
2026-09-02,2026-09-02,CM,NSE,STK,29645,INE10A501018,MAXVOLT,SM,,,,,MAXVOLT ENERGY INDUS L,335.05,341.80,331.10,333.25,333.00,341.60,,333.25,,,45600,15323680.00,79,F1,400,,,,,
2026-09-02,2026-09-02,CM,NSE,STK,757587,INE0ZTO01018,MAYASHEEL,SM,,,,,MAYASHEEL VENTURES LTD,37.90,37.90,37.90,37.90,37.90,37.90,,37.90,,,3000,113700.00,1,F1,3000,,,,,
2026-09-02,2026-09-02,CM,NSE,STK,28906,INE040D01038,MAYURUNIQ,EQ,,,,,MAYUR UNIQUOTERS LTD,737.50,739.40,716.30,728.75,728.65,742.20,,729.07,,,194948,141398951.65,8256,F1,1,,,,,
2026-09-02,2026-09-02,CM,NSE,STK,509,INE249Z01020,MAZDOCK,EQ,,,,,MAZAGON DOCK SHIPBUIL LTD,2465.00,2472.10,2430.90,2459.00,2459.00,2485.00,,2458.85,,,410616,1004693622.80,23537,F1,1,,,,,
2026-09-02,2026-09-02,CM,NSE,STK,18870,INE885E01042,MAZDA,BE,,,,,MAZDA LIMITED,252.90,261.85,242.00,261.30,261.85,249.40,,261.68,,,62477,16169322.95,568,F1,1,,,,,
2026-09-02,2026-09-02,CM,NSE,STK,18029,INE912H01013,MBLINFRA,EQ,,,,,MBL INFRASTRUCTURE LTD,22.84,23.50,22.10,23.34,23.00,22.84,,23.33,,,53582,1218639.36,431,F1,1,,,,,
2026-09-02,2026-09-02,CM,NSE,STK,11943,INE942G01012,MCLEODRUSS,EQ,,,,,MCLEOD RUSSEL INDIA LTD.,48.25,48.30,46.65,47.04,46.80,48.57,,47.04,,,406637,19246187.97,2156,F1,1,,,,,
2026-09-02,2026-09-02,CM,NSE,STK,13687,INE748A01024,MBECL,BE,,,,,MCNALLY BHARAT ENGIN CO L,234.83,234.83,234.83,234.83,234.83,223.65,,234.83,,,5502,1292034.66,204,F1,1,,,,,
2026-09-02,2026-09-02,CM,NSE,STK,14574,INE0O4M01019,MCON,SM,,,,,MCON RASAYAN INDIA LTD,42.35,42.55,42.35,42.50,42.50,44.00,,42.50,,,4000,169750.00,3,F1,1000,,,,,
2026-09-02,2026-09-02,CM,NSE,STK,21705,INE456Z01021,MEDIASSIST,EQ,,,,,MEDI ASSIST HEALTH SER L,333.00,340.00,330.00,338.75,338.95,338.05,,338.74,,,131832,44192167.60,7633,F1,1,,,,,
2026-09-02,2026-09-02,CM,NSE,STK,765110,INE442D01010,MEDICAPQ,EQ,,,,,MEDI CAPS LTD.,23.80,27.29,23.80,26.70,26.70,26.99,,26.70,,,4283,115566.67,39,F1,1,,,,,
2026-09-02,2026-09-02,CM,NSE,STK,762802,INE200D01020,MMWL,EQ,,,,,MEDIA MATRIX WORLDWIDE L,14.42,14.67,14.00,14.13,14.20,14.14,,14.09,,,22481,322574.71,226,F1,1,,,,,
2026-09-02,2026-09-02,CM,NSE,STK,6278,INE646B01010,MEDICAMEQ,EQ,,,,,MEDICAMEN BIOTECH LIMITED,268.00,270.90,259.05,265.25,266.00,267.40,,265.14,,,74789,19723236.45,1645,F1,1,,,,,
2026-09-02,2026-09-02,CM,NSE,STK,24239,INE0PE401018,MEDIORG,SM,,,,,MEDICAMEN ORGANICS LTD,25.65,26.75,25.65,25.65,25.65,25.65,,25.65,,,16000,414700.00,5,F1,2000,,,,,
2026-09-02,2026-09-02,CM,NSE,STK,9667,INE630Y01024,MEDICO,EQ,,,,,MEDICO REMEDIES LIMITED,38.35,43.00,37.50,39.33,39.30,38.91,,39.33,,,745016,29919142.75,4774,F1,1,,,,,
2026-09-02,2026-09-02,CM,NSE,STK,758423,INE0UOY01019,MEDISTEP,SM,,,,,MEDISTEP HEALTHCARE LTD,21.00,21.95,20.15,21.95,21.95,21.00,,21.95,,,18000,384000.00,6,F1,3000,,,,,
2026-09-02,2026-09-02,CM,NSE,STK,7254,INE804L01022,MEDPLUS,EQ,,,,,MEDPLUS HEALTH SERV LTD,673.05,673.10,657.00,659.95,664.40,673.05,,659.96,,,73117,48488589.65,5701,F1,1,,,,,
2026-09-02,2026-09-02,CM,NSE,STK,760229,INE0VDM01015,MEESHO,EQ,,,,,MEESHO LIMITED,205.15,213.95,204.60,211.60,211.62,205.15,,211.60,,,23152746,4845375648.51,154057,F1,1,,,,,
2026-09-02,2026-09-02,CM,NSE,STK,8153,INE00EM01016,MEGASTAR,EQ,,,,,MEGASTAR FOODS LIMITED,310.00,310.00,301.40,305.45,305.00,309.90,,305.47,,,938,286849.25,29,F1,1,,,,,
2026-09-02,2026-09-02,CM,NSE,STK,22560,INE531R01010,MEGATHERM,SM,,,,,MEGATHERM INDUCTION LTD,212.05,212.20,207.00,209.55,209.30,216.35,,209.55,,,14000,2944800.00,30,F1,400,,,,,
2026-09-02,2026-09-02,CM,NSE,STK,5394,INE0CT101020,MOL,EQ,,,,,MEGHMANI ORGANICS LIMITED,64.75,66.70,63.30,65.75,65.95,64.85,,65.75,,,2295235,149699856.12,14537,F1,1,,,,,
2026-09-02,2026-09-02,CM,NSE,STK,764778,INE898Q01015,MIIL,EQ,,,,,MEGHNA INFRACON INFRA L,724.20,727.95,710.05,722.55,724.00,722.85,,722.59,,,65224,46638546.55,1027,F1,1,,,,,
2026-09-02,2026-09-02,CM,NSE,STK,6971,INE071D01033,MENONBE,BE,,,,,MENON BEARINGS LIMITED,299.80,299.80,287.00,293.90,293.00,301.40,,293.92,,,51333,15062644.00,905,F1,1,,,,,
2026-09-02,2026-09-02,CM,NSE,STK,762787,INE650G01029,MENNPIS,EQ,,,,,MENON PISTONS LTD.,75.40,75.50,72.44,74.20,73.46,74.30,,74.21,,,76929,5737103.34,1581,F1,1,,,,,
2026-09-02,2026-09-02,CM,NSE,STK,25882,INE776I01010,MEP,BZ,,,,,MEP INFRA. DEVELOPERS LTD,0.75,0.75,0.73,0.73,0.73,0.74,,0.73,,,244703,180248.00,91,F1,1,,,,,
2026-09-02,2026-09-02,CM,NSE,STK,762792,INE689O01013,MERCANTILE,EQ,,,,,MERCANTILE VENTURES LTD.,24.60,26.65,24.01,25.59,25.60,25.32,,25.12,,,138793,3596815.71,415,F1,1,,,,,
2026-09-02,2026-09-02,CM,NSE,STK,763663,INE763M01028,MERCURYEV,EQ,,,,,MERCURY EV-TECH LIMITED,36.54,37.31,36.00,36.66,36.90,37.64,,36.67,,,83693,3058823.68,1300,F1,1,,,,,
2026-09-02,2026-09-02,CM,NSE,STK,764278,INE1II801013,METALIC,ST,,,,,METALIC TECHNOFORGE LTD,139.90,139.90,132.30,132.30,132.30,139.25,,132.30,,,94400,12630800.00,58,F1,1600,,,,,
2026-09-02,2026-09-02,CM,NSE,STK,7242,INE317I01021,METROBRAND,EQ,,,,,METRO BRANDS LIMITED,918.00,924.75,896.50,900.65,905.75,917.95,,900.64,,,48088,43403291.60,7766,F1,1,,,,,
2026-09-02,2026-09-02,CM,NSE,STK,762797,INE085D01033,METROGLOBL,EQ,,,,,METROGLOBAL LTD.,136.00,139.99,131.00,132.95,134.90,139.85,,133.12,,,2818,375925.78,63,F1,1,,,,,
2026-09-02,2026-09-02,CM,NSE,STK,9581,INE112L01020,METROPOLIS,EQ,,,,,METROPOLIS HEALTHCARE LTD,584.00,593.00,579.05,582.20,582.20,582.25,,582.20,,,135132,79023156.35,10010,F1,1,,,,,
2026-09-02,2026-09-02,CM,NSE,STK,7165,INE287C01037,MICEL,BE,,,,,MIC ELECTRONICS LTD,38.24,38.24,38.24,38.24,38.24,39.02,,38.08,,,22139,846595.36,236,F1,1,,,,,
2026-09-02,2026-09-02,CM,NSE,STK,19887,INE0PZK01014,MICROPRO,SM,,,,,MICROPRO SOFTWARE SOL L,18.55,18.55,18.55,18.55,18.55,18.65,,18.55,,,1600,29680.00,1,F1,1600,,,,,
2026-09-02,2026-09-02,CM,NSE,STK,759517,INE0XAD01024,MIDWESTLTD,EQ,,,,,MIDWEST LIMITED,1059.80,1068.90,1032.00,1036.90,1035.00,1058.30,,1036.90,,,31260,32668419.70,3515,F1,1,,,,,
2026-09-02,2026-09-02,CM,NSE,STK,765125,INE588G01021,MLKFOOD,EQ,,,,,MILKFOOD LTD.,83.88,83.88,81.60,83.15,82.10,83.88,,83.09,,,2213,183794.04,48,F1,1,,,,,
2026-09-02,2026-09-02,CM,NSE,STK,765272,INE00IT01020,MILKYMIST,EQ,,,,,MILKY MIST DAIRY FOOD L,234.00,255.23,228.36,252.04,249.60,232.03,,252.07,,,56560370,13995110489.61,391757,F1,1,,,,,
2026-09-02,2026-09-02,CM,NSE,STK,765118,INE097E01028,MINALIND,BE,,,,,MINAL INDUSTRIES LTD.,4.86,4.86,4.86,4.86,4.86,4.63,,4.86,,,92358,448859.88,82,F1,1,,,,,
2026-09-02,2026-09-02,CM,NSE,STK,25897,INE842C01021,MINDACORP,EQ,,,,,MINDA CORPORATION LTD,707.05,714.35,694.30,707.85,704.00,712.40,,707.74,,,355440,249631021.70,17507,F1,1,,,,,
2026-09-02,2026-09-02,CM,NSE,STK,22308,INE0CCU25019,MINDSPACE,RR,,,,,MINDSPACE BUSINESS P REIT,499.00,505.40,495.00,500.74,500.99,497.95,,500.74,,,474448,236611931.70,9226,F1,1,,,,,
2026-09-02,2026-09-02,CM,NSE,STK,18049,INE110B01017,MINDTECK,EQ,,,,,MINDTECK (INDIA) LIMITED,175.00,175.00,170.00,170.32,170.00,171.84,,170.31,,,16830,2873411.34,466,F1,1,,,,,
2026-09-02,2026-09-02,CM,NSE,STK,19640,INF769K01KU7,ALPHAETF,EQ,,,,,MIRAEAMC - ALPHAETF,25.86,27.19,25.86,26.45,26.56,26.53,,26.45,,,794013,20910551.14,1067,F1,1,,,,,
2026-09-02,2026-09-02,CM,NSE,STK,17419,INF769K01KR3,BANKETF,EQ,,,,,MIRAEAMC - BANKETF,581.16,584.03,580.54,583.37,584.02,584.26,,583.37,,,41320,24095860.37,266,F1,1,,,,,
2026-09-02,2026-09-02,CM,NSE,STK,25725,INF769K01LZ4,BANKPSU,EQ,,,,,MIRAEAMC - BANKPSU,85.25,86.25,85.03,85.60,85.60,85.72,,85.65,,,21223,1817432.56,82,F1,1,,,,,
2026-09-02,2026-09-02,CM,NSE,STK,28969,INF769K01NS5,CONSUMER,EQ,,,,,MIRAEAMC - CONSUMER,12.45,12.45,11.90,12.01,12.01,12.08,,12.01,,,300957,3598106.63,499,F1,1,,,,,
2026-09-02,2026-09-02,CM,NSE,STK,761046,INF769K01QC2,DEFENCE,EQ,,,,,MIRAEAMC - DEFENCE,82.78,82.78,79.63,80.63,80.66,80.77,,80.63,,,246280,19753489.33,978,F1,1,,,,,
2026-09-02,2026-09-02,CM,NSE,STK,760412,INF769K01PY8,DIVIDEND,EQ,,,,,MIRAEAMC - DIVIDEND,35.55,35.56,35.26,35.51,35.56,35.55,,35.51,,,42589,1507628.52,66,F1,1,,,,,
2026-09-02,2026-09-02,CM,NSE,STK,759780,INF769K01PR2,ENERGY,EQ,,,,,MIRAEAMC - ENERGY,37.95,38.27,37.74,38.22,38.20,37.94,,38.21,,,651538,24863471.16,1302,F1,1,,,,,
2026-09-02,2026-09-02,CM,NSE,STK,30121,INF769K01OA1,EQUAL200,EQ,,,,,MIRAEAMC - EQUAL200,13.83,13.90,13.68,13.79,13.90,13.83,,13.79,,,24530,337324.96,94,F1,1,,,,,
2026-09-02,2026-09-02,CM,NSE,STK,757142,INF769K01OO2,EQUAL50,EQ,,,,,MIRAEAMC - EQUAL50,338.32,338.32,328.15,329.92,330.10,331.69,,329.88,,,7747,2551765.98,53,F1,1,,,,,
2026-09-02,2026-09-02,CM,NSE,STK,24461,INF769K01LQ3,EVINDIA,EQ,,,,,MIRAEAMC - EVINDIA,33.15,33.49,32.40,32.61,32.69,33.15,,32.62,,,868296,28240065.53,3120,F1,1,,,,,
2026-09-02,2026-09-02,CM,NSE,STK,760986,INF769K01QA6,HEALTHCARE,EQ,,,,,MIRAEAMC - HEALTHCARE,22.10,22.10,21.55,21.71,21.71,21.69,,21.71,,,22485,486512.65,189,F1,1,,,,,
2026-09-02,2026-09-02,CM,NSE,STK,764333,INF769K01RJ5,HYBRIDETF,EQ,,,,,MIRAEAMC - HYBRIDETF,10.05,10.05,10.00,10.03,10.03,10.05,,10.03,,,62333,623935.63,60,F1,1,,,,,
2026-09-02,2026-09-02,CM,NSE,STK,761030,INF769K01QB4,INFRA,EQ,,,,,MIRAEAMC - INFRA,11.90,12.37,11.69,11.90,11.90,11.93,,11.91,,,35960,426015.23,207,F1,1,,,,,
2026-09-02,2026-09-02,CM,NSE,STK,758595,INF769K01PB6,INTERNET,EQ,,,,,MIRAEAMC - INTERNET,14.55,14.95,14.34,14.65,14.50,14.55,,14.65,,,492182,7125107.84,427,F1,1,,,,,
2026-09-02,2026-09-02,CM,NSE,STK,19633,INF769K01KV5,ITETF,EQ,,,,,MIRAEAMC - ITETF,32.92,33.11,32.53,32.85,32.95,33.21,,32.85,,,238991,7858888.59,667,F1,1,,,,,
2026-09-02,2026-09-02,CM,NSE,STK,765313,INF769K01RK3,LARGEMID50,EQ,,,,,MIRAEAMC - LARGEMID50,36.27,36.35,36.16,36.34,36.34,36.52,,36.26,,,1300,47102.22,16,F1,1,,,,,
2026-09-02,2026-09-02,CM,NSE,STK,17572,INF769K01KS1,LIQUID,EQ,,,,,MIRAEAMC - LIQUID,999.50,1000.00,999.50,999.99,1000.00,999.99,,999.99,,,97407,97406498.10,217,F1,1,,,,,
2026-09-02,2026-09-02,CM,NSE,STK,27075,INF769K01MY5,LIQUIDPLUS,EQ,,,,,MIRAEAMC - LIQUIDPLUS,1101.51,1101.51,1101.49,1101.50,1101.51,1101.37,,1101.50,,,385522,424650160.73,360,F1,1,,,,,
2026-09-02,2026-09-02,CM,NSE,STK,1200,INF769K01GS9,ESG,EQ,,,,,MIRAEAMC - MAESGETF,40.49,41.31,40.49,40.87,41.00,41.03,,40.87,,,19078,779767.02,67,F1,1,,,,,
2026-09-02,2026-09-02,CM,NSE,STK,3507,INF769K01HF4,MAFANG,EQ,,,,,MIRAEAMC - MAFANG,210.38,210.38,208.38,209.39,210.08,211.05,,209.37,,,392513,82401523.70,9712,F1,1,,,,,
2026-09-02,2026-09-02,CM,NSE,STK,5220,INF769K01HI8,BFSI,EQ,,,,,MIRAEAMC - MAFSETF,26.91,26.91,26.72,26.84,26.88,26.99,,26.84,,,265420,7123611.98,928,F1,1,,,,,
2026-09-02,2026-09-02,CM,NSE,STK,14286,INF769K01JP9,GOLDETF,EQ,,,,,MIRAEAMC - MAGOLDETF,147.30,147.30,144.80,145.52,145.55,147.58,,145.52,,,1483420,215990122.65,11284,F1,1,,,,,
2026-09-02,2026-09-02,CM,NSE,STK,14938,INF769K01KF8,GSEC10YEAR,EQ,,,,,MIRAEAMC - MAGS813ETF,31.12,31.12,30.24,30.55,30.57,30.51,,30.55,,,7377,223116.90,45,F1,1,,,,,
2026-09-02,2026-09-02,CM,NSE,STK,7074,INF769K01HS7,MAHKTECH,EQ,,,,,MIRAEAMC - MAHKTECH,22.06,22.65,22.06,22.50,22.50,22.52,,22.50,,,443101,10005517.33,4370,F1,1,,,,,
2026-09-02,2026-09-02,CM,NSE,STK,8413,INF769K01IC9,MIDCAPETF,EQ,,,,,MIRAEAMC - MAM150ETF,24.34,24.34,23.46,23.63,23.66,23.75,,23.63,,,2657084,62618514.90,8260,F1,1,,,,,
2026-09-02,2026-09-02,CM,NSE,STK,7979,INF769K01IB1,MAKEINDIA,EQ,,,,,MIRAEAMC - MAMFGETF,166.46,166.46,164.00,164.96,165.76,166.46,,164.96,,,89176,14708992.05,785,F1,1,,,,,
2026-09-02,2026-09-02,CM,NSE,STK,6353,INF769K01EG9,NIFTYETF,EQ,,,,,MIRAEAMC - MAN50ETF,260.71,260.71,259.21,260.05,260.00,260.72,,260.05,,,360960,93903234.53,1712,F1,1,,,,,
2026-09-02,2026-09-02,CM,NSE,STK,14786,INF769K01JU9,LOWVOL,EQ,,,,,MIRAEAMC - MANV30F,211.27,211.27,205.05,206.20,206.20,207.13,,205.95,,,221,45498.59,14,F1,1,,,,,
2026-09-02,2026-09-02,CM,NSE,STK,17181,INF769K01FN2,NEXT50,EQ,,,,,MIRAEAMC - MANXT50,733.84,756.42,733.84,752.34,753.34,752.66,,752.35,,,60614,45380648.64,1733,F1,1,,,,,
2026-09-02,2026-09-02,CM,NSE,STK,16777,INF769K01KG6,SILVERAG,EQ,,,,,MIRAEAMC - MASILVER,218.70,220.71,218.54,219.49,219.30,221.73,,219.49,,,297870,65382035.84,2902,F1,1,,,,,
2026-09-02,2026-09-02,CM,NSE,STK,5782,INF769K01HP3,MASPTOP50,EQ,,,,,MIRAEAMC - MASPTOP50,80.22,80.22,79.76,80.22,80.22,80.48,,80.22,,,138346,11098031.36,1741,F1,1,,,,,
2026-09-02,2026-09-02,CM,NSE,STK,25744,INF769K01LY7,METAL,EQ,,,,,MIRAEAMC - METAL,13.62,13.62,13.16,13.26,13.28,13.29,,13.26,,,1184375,15674941.17,3984,F1,1,,,,,
2026-09-02,2026-09-02,CM,NSE,STK,23855,INF769K01LJ8,MIDSMALL,EQ,,,,,MIRAEAMC - MIDSMALL,52.01,52.23,51.41,51.63,51.78,52.16,,51.63,,,437066,22556631.18,1403,F1,1,,,,,
2026-09-02,2026-09-02,CM,NSE,STK,764198,INF769K01RC0,MOMMIDCAP,EQ,,,,,MIRAEAMC - MOMMIDCAP,13.28,13.28,12.88,12.98,13.00,13.02,,12.98,,,1774384,23001469.89,707,F1,1,,,,,
2026-09-02,2026-09-02,CM,NSE,STK,25080,INF769K01LX9,MULTICAP,EQ,,,,,MIRAEAMC - MULTICAP,16.75,16.75,16.57,16.68,16.73,16.75,,16.68,,,74278,1236932.40,587,F1,1,,,,,
2026-09-02,2026-09-02,CM,NSE,STK,30109,INF769K01ON4,SELECTIPO,EQ,,,,,MIRAEAMC - SELECTIPO,48.48,48.48,47.97,48.42,48.44,48.64,,48.42,,,68948,3324950.97,165,F1,1,,,,,
2026-09-02,2026-09-02,CM,NSE,STK,19224,INF769K01KT9,SENSEXETF,EQ,,,,,MIRAEAMC - SENSEXETF,81.33,81.33,78.63,78.96,79.07,79.35,,78.96,,,19959,1575626.45,262,F1,1,,,,,
2026-09-02,2026-09-02,CM,NSE,STK,759814,INF769K01PQ4,SMALL250,EQ,,,,,MIRAEAMC - SMALL250,18.81,18.81,18.20,18.34,18.36,18.44,,18.34,,,385602,7063190.94,1068,F1,1,,,,,
2026-09-02,2026-09-02,CM,NSE,STK,22832,INF769K01LC3,SMALLCAP,EQ,,,,,MIRAEAMC - SMALLCAP,49.37,49.37,48.26,48.47,48.52,48.90,,48.47,,,1242548,60202620.24,4365,F1,1,,,,,
2026-09-02,2026-09-02,CM,NSE,STK,760415,INF769K01PZ5,TOP20,EQ,,,,,MIRAEAMC - TOP20,8.93,8.93,8.85,8.90,8.91,8.93,,8.90,,,72034,639289.06,150,F1,1,,,,,
2026-09-02,2026-09-02,CM,NSE,STK,761511,INF769K01QV2,VALUE,EQ,,,,,MIRAEAMC - VALUE,16.31,16.31,15.87,16.04,16.05,15.99,,16.02,,,4965,79272.32,73,F1,1,,,,,
2026-09-02,2026-09-02,CM,NSE,STK,4394,INE771A01026,MIRZAINT,EQ,,,,,MIRZA INTERNATIONAL LIMIT,31.85,31.85,30.00,30.84,30.71,31.29,,30.84,,,107709,3316161.87,1300,F1,1,,,,,
2026-09-02,2026-09-02,CM,NSE,STK,2463,INE099Z01011,MIDHANI,EQ,,,,,MISHRA DHATU NIGAM LTD,416.00,420.00,412.15,414.40,414.50,417.45,,414.39,,,309511,128536306.30,10285,F1,1,,,,,
2026-09-02,2026-09-02,CM,NSE,STK,8475,INE828O01033,MITCON,BE,,,,,MITCON CON & ENG SER LTD,76.50,78.97,75.24,78.76,78.77,79.20,,78.76,,,3467,267883.55,28,F1,1,,,,,
2026-09-02,2026-09-02,CM,NSE,STK,18562,INE997Y01027,MITTAL,EQ,,,,,MITTAL LIFE STYLE LIMITED,0.82,0.82,0.80,0.81,0.82,0.81,,0.81,,,368821,298240.17,291,F1,1,,,,,
2026-09-02,2026-09-02,CM,NSE,STK,13844,INE227C01017,MMFL,EQ,,,,,MM FORGINGS LTD,665.00,678.00,643.75,648.05,654.00,657.45,,647.90,,,172249,114323702.05,10049,F1,1,,,,,
2026-09-02,2026-09-02,CM,NSE,STK,16395,INE511Y01018,MMP,EQ,,,,,MMP INDUSTRIES LIMITED,373.00,393.05,373.00,384.10,387.10,383.25,,384.10,,,61096,23439801.10,1822,F1,1,,,,,
2026-09-02,2026-09-02,CM,NSE,STK,17957,INE123F01029,MMTC,EQ,,,,,MMTC LIMITED,62.20,62.45,61.41,62.10,62.20,62.32,,62.11,,,691082,42814889.74,6343,F1,1,,,,,
2026-09-02,2026-09-02,CM,NSE,STK,2241,INE794W01014,MODTHREAD,EQ,,,,,MODERN THREADS INDIA LTD,52.02,52.89,51.51,52.61,52.70,51.54,,52.65,,,1791,93495.57,56,F1,1,,,,,
2026-09-02,2026-09-02,CM,NSE,STK,760277,INE537F01012,MODINATUR,EQ,,,,,MODI NATURALS LIMITED,338.80,344.90,336.00,340.80,344.80,338.80,,341.35,,,4439,1515163.30,163,F1,1,,,,,
2026-09-02,2026-09-02,CM,NSE,STK,2229,INE832A01018,MODIRUBBER,EQ,,,,,MODI RUBBER LTD,129.57,129.57,123.00,123.80,124.00,128.29,,123.62,,,7993,1003132.93,244,F1,1,,,,,
2026-09-02,2026-09-02,CM,NSE,STK,759752,INE0L0L01012,MODIS,EQ,,,,,MODIS NAVNIRMAN LTD,374.00,382.00,371.10,379.10,379.00,377.95,,379.07,,,24944,9398673.75,829,F1,1,,,,,
2026-09-02,2026-09-02,CM,NSE,STK,3316,INE737D01021,MODISONLTD,EQ,,,,,MODISON LIMITED,509.00,546.00,509.00,520.65,521.00,499.45,,520.62,,,822776,434433266.65,24183,F1,1,,,,,
2026-09-02,2026-09-02,CM,NSE,STK,1426,INE450S01011,MHHL,SM,,,,,MOHINI HEALTH&HYGIENE LTD,31.40,31.40,31.40,31.40,31.40,31.30,,31.40,,,1500,47100.00,1,F1,1500,,,,,
2026-09-02,2026-09-02,CM,NSE,STK,29423,INE954E01012,MOHITIND,EQ,,,,,MOHIT INDUSTRIES LTD,24.89,24.89,23.55,23.72,23.80,24.28,,23.72,,,9634,230818.32,148,F1,1,,,,,
2026-09-02,2026-09-02,CM,NSE,STK,765130,INE154B01023,MOHITE,EQ,,,,,MOHITE INDUSTRIES LTD.,3.13,3.13,2.96,2.96,2.96,3.13,,2.97,,,29651,90101.66,148,F1,1,,,,,
2026-09-02,2026-09-02,CM,NSE,STK,20830,INE490G01020,MOIL,EQ,,,,,MOIL LIMITED,250.43,251.70,247.12,250.72,250.99,250.43,,250.72,,,503390,125754837.58,9753,F1,1,,,,,
2026-09-02,2026-09-02,CM,NSE,STK,3586,INE514Y01020,MOKSH,EQ,,,,,MOKSH ORNAMENTS LIMITED,10.50,10.53,10.10,10.15,10.17,10.46,,10.15,,,134879,1384235.14,427,F1,1,,,,,
2026-09-02,2026-09-02,CM,NSE,STK,764548,INE869T01028,MOLBIO,EQ,,,,,MOLBIO DIAGNOSTICS LTD,1047.20,1132.10,1043.80,1107.80,1111.00,1053.30,,1107.96,,,1874333,2055297654.60,66785,F1,1,,,,,
2026-09-02,2026-09-02,CM,NSE,STK,6713,INE893J01029,MOLDTKPAC,EQ,,,,,MOLD-TEK PACKAGING LTD,695.00,699.95,692.25,694.55,695.45,699.95,,694.55,,,41442,28796876.90,2063,F1,1,,,,,
2026-09-02,2026-09-02,CM,NSE,STK,17629,INE835B01035,MOLDTECH,BE,,,,,MOLD-TEK TECHNOLOGIES LTD,192.75,202.39,187.00,202.38,202.39,192.76,,202.39,,,135934,27116535.26,887,F1,1,,,,,
2026-09-02,2026-09-02,CM,NSE,STK,7679,INE903D01011,MONARCH,EQ,,,,,MONARCH NETWORTH CAP LTD,374.45,376.00,367.45,372.40,372.95,374.60,,372.41,,,47758,17734830.20,1444,F1,1,,,,,
2026-09-02,2026-09-02,CM,NSE,STK,759381,INE296Q01012,MONEYBOXX,EQ,,,,,MONEYBOXX FINANCE LIMITED,57.90,57.90,55.40,56.00,56.00,57.01,,56.00,,,81508,4601122.04,64,F1,1,,,,,
2026-09-02,2026-09-02,CM,NSE,STK,18392,INE0OIP01012,MONOPHARMA,SM,,,,,MONO PHARMACARE LIMITED,8.95,8.95,8.95,8.95,8.95,8.55,,8.95,,,2000,17900.00,1,F1,2000,,,,,
2026-09-02,2026-09-02,CM,NSE,STK,756958,INE1DV401010,MONOLITH,SM,,,,,MONOLITHISCH INDIA LTD,1120.30,1278.00,1120.30,1256.70,1277.00,1142.70,,1256.70,,,60000,72467375.00,213,F1,250,,,,,
2026-09-02,2026-09-02,CM,NSE,STK,5938,INE950M01013,MONTECARLO,EQ,,,,,MONTE CARLO FASHIONS LTD.,539.80,545.50,532.15,544.20,543.15,539.05,,544.22,,,31016,16812510.35,1649,F1,1,,,,,
2026-09-02,2026-09-02,CM,NSE,STK,2259,INE083A01026,MOREPENLAB,EQ,,,,,MOREPEN LAB. LTD,104.01,114.00,103.55,111.97,111.79,103.65,,112.06,,,36392769,3990612928.27,121740,F1,1,,,,,
2026-09-02,2026-09-02,CM,NSE,STK,15057,INE0N7S01028,MOS,ST,,,,,MOS UTILITY LIMITED,8.30,8.30,8.30,8.30,8.30,8.70,,8.30,,,288000,2390400.00,30,F1,4000,,,,,
2026-09-02,2026-09-02,CM,NSE,STK,29459,INE935B01025,MOSCHIP,EQ,,,,,MOSCHIP TECHNOLOGIES LTD,213.00,219.95,210.02,215.84,216.50,215.26,,215.82,,,1794518,386377505.98,22425,F1,1,,,,,
2026-09-02,2026-09-02,CM,NSE,STK,8596,INE0FS801015,MSUMI,EQ,,,,,MOTHERSON SUMI WRNG IND L,37.00,37.10,36.48,36.60,36.64,37.11,,36.60,,,5800135,212318266.06,31353,F1,1,,,,,
2026-09-02,2026-09-02,CM,NSE,STK,21423,INF247L01023,MOM100,EQ,,,,,MOTILAL OS MIDCAP100 ETF,67.31,69.00,67.21,67.97,68.17,68.31,,67.97,,,450687,30518948.10,3566,F1,1,,,,,
2026-09-02,2026-09-02,CM,NSE,STK,22739,INF247L01AP3,MON100,EQ,,,,,MOTILAL OS NASDAQ100 ETF,328.06,328.83,326.76,328.83,328.83,329.32,,328.83,,,563732,185285127.16,19975,F1,1,,,,,
2026-09-02,2026-09-02,CM,NSE,STK,14947,INE338I01027,MOTILALOFS,EQ,,,,,MOTILAL OSWAL FIN LTD,1000.00,1025.00,993.20,1017.60,1017.60,1016.00,,1017.64,,,1044243,1053837836.10,25926,F1,1,,,,,
2026-09-02,2026-09-02,CM,NSE,STK,19289,INF247L01536,MOM50,EQ,,,,,MOTILAL OSWAL M50 ETF,252.67,252.67,249.17,250.39,251.52,250.50,,250.49,,,4950,1237178.84,120,F1,1,,,,,
2026-09-02,2026-09-02,CM,NSE,STK,1507,INF247L01AK4,MOGSEC,EQ,,,,,MOTILALAMC - G5,65.40,65.40,65.00,65.39,65.40,65.34,,65.27,,,52315,3406112.66,64,F1,1,,,,,
2026-09-02,2026-09-02,CM,NSE,STK,757669,INF247L01FR8,MOALPHA50,EQ,,,,,MOTILALAMC - MOALPHA50,56.15,56.15,55.63,56.15,56.15,56.23,,56.15,,,10330,577377.09,74,F1,1,,,,,
2026-09-02,2026-09-02,CM,NSE,STK,761693,INF247L01GV8,MOBANK10,EQ,,,,,MOTILALAMC - MOBANK10,16.80,16.85,16.79,16.79,16.79,16.86,,16.79,,,3999,67192.82,54,F1,1,,,,,
2026-09-02,2026-09-02,CM,NSE,STK,30065,INF247L01EV3,MOCAPITAL,EQ,,,,,MOTILALAMC - MOCAPITAL,53.80,54.00,53.25,53.55,53.64,53.93,,53.55,,,812896,43507408.88,3441,F1,1,,,,,
2026-09-02,2026-09-02,CM,NSE,STK,24944,INF247L01DJ0,MODEFENCE,EQ,,,,,MOTILALAMC - MODEFENCE,107.91,107.91,104.22,105.14,105.01,105.72,,105.14,,,1341539,140486424.12,10210,F1,1,,,,,
2026-09-02,2026-09-02,CM,NSE,STK,759374,INF247L01GH7,MOENERGY,EQ,,,,,MOTILALAMC - MOENERGY,38.20,38.30,37.72,38.19,38.30,37.91,,38.19,,,195264,7435895.50,652,F1,1,,,,,
2026-09-02,2026-09-02,CM,NSE,STK,757791,INF247L01FY4,MOGOLD,EQ,,,,,MOTILALAMC - MOGOLD,150.15,150.15,147.30,148.10,148.15,150.10,,148.10,,,47239,6993050.70,690,F1,1,,,,,
2026-09-02,2026-09-02,CM,NSE,STK,10508,INF247L01BB1,MOHEALTH,EQ,,,,,MOTILALAMC - MOHEALTH,52.28,52.28,50.70,52.02,52.00,51.81,,52.02,,,83006,4282550.81,596,F1,1,,,,,
2026-09-02,2026-09-02,CM,NSE,STK,757031,INF247L01FL1,MOINFRA,EQ,,,,,MOTILALAMC - MOINFRA,57.80,58.58,57.49,58.23,58.29,58.08,,58.23,,,4758,275562.12,102,F1,1,,,,,
2026-09-02,2026-09-02,CM,NSE,STK,759891,INF247L01GI5,MOIPO,EQ,,,,,MOTILALAMC - MOIPO,48.24,48.39,48.01,48.32,48.32,48.73,,48.32,,,7530,363199.55,42,F1,1,,,,,
2026-09-02,2026-09-02,CM,NSE,STK,8654,INF247L01BL0,MOLOWVOL,EQ,,,,,MOTILALAMC - MOLOWVOL,36.11,36.19,35.90,35.98,36.19,36.46,,35.98,,,21973,791319.53,98,F1,1,,,,,
2026-09-02,2026-09-02,CM,NSE,STK,25606,INF247L01DK8,MOMENTUM50,EQ,,,,,MOTILALAMC - MOMENTUM50,54.30,54.72,53.69,54.08,54.28,54.29,,54.08,,,339246,18306858.54,1913,F1,1,,,,,
2026-09-02,2026-09-02,CM,NSE,STK,764402,INF247L01HG7,MOMETAL,EQ,,,,,MOTILALAMC - MOMETAL,13.09,13.15,13.03,13.15,13.15,13.18,,13.15,,,9072,118405.74,26,F1,1,,,,,
2026-09-02,2026-09-02,CM,NSE,STK,757099,INF247L01FK3,MOMGF,EQ,,,,,MOTILALAMC - MOMGF,165.88,165.88,161.48,161.80,162.90,164.05,,161.80,,,3235,524167.98,50,F1,1,,,,,
2026-09-02,2026-09-02,CM,NSE,STK,757817,INF247L01FQ0,MOMIDMTM,EQ,,,,,MOTILALAMC - MOMIDMTM,64.98,64.98,63.93,64.09,64.08,64.66,,64.09,,,82218,5270879.97,445,F1,1,,,,,
2026-09-02,2026-09-02,CM,NSE,STK,760054,INF247L01GK1,MOMNC,EQ,,,,,MOTILALAMC - MOMNC,32.55,33.80,31.89,32.29,32.28,33.55,,32.29,,,76973,2471447.57,183,F1,1,,,,,
2026-09-02,2026-09-02,CM,NSE,STK,8182,INF247L01BK2,MOMOMENTUM,EQ,,,,,MOTILALAMC - MOMOMENTUM,62.66,62.66,61.40,61.83,61.90,62.18,,61.83,,,61532,3796021.77,564,F1,1,,,,,
2026-09-02,2026-09-02,CM,NSE,STK,756900,INF247L01FC0,MON50EQUAL,EQ,,,,,MOTILALAMC - MON50EQUAL,33.06,33.23,32.88,33.13,33.23,33.26,,33.13,,,9715,320163.85,57,F1,1,,,,,
2026-09-02,2026-09-02,CM,NSE,STK,757167,INF247L01FD8,MONEXT50,EQ,,,,,MOTILALAMC - MONEXT50,74.35,74.35,71.94,73.04,73.10,72.89,,73.04,,,16074,1162993.74,101,F1,1,,,,,
2026-09-02,2026-09-02,CM,NSE,STK,759371,INF247L01GG9,MONIFTY100,EQ,,,,,MOTILALAMC - MONIFTY100,25.28,25.31,25.01,25.21,25.31,25.28,,25.21,,,32667,821978.06,85,F1,1,,,,,
2026-09-02,2026-09-02,CM,NSE,STK,19237,INF247L01BU1,MONIFTY500,EQ,,,,,MOTILALAMC - MONIFTY500,23.81,23.81,23.55,23.73,23.70,23.80,,23.73,,,412362,9784645.66,1539,F1,1,,,,,
2026-09-02,2026-09-02,CM,NSE,STK,7422,INF247L01AU3,MONQ50,EQ,,,,,MOTILALAMC - MONQ50,144.06,144.06,144.06,144.06,144.06,145.12,,144.06,,,29997,4321367.82,985,F1,1,,,,,
2026-09-02,2026-09-02,CM,NSE,STK,764405,INF247L01HH5,MOOILGAS,EQ,,,,,MOTILALAMC - MOOILGAS,11.40,11.40,11.08,11.18,11.18,11.20,,11.18,,,3250,36303.29,24,F1,1,,,,,
2026-09-02,2026-09-02,CM,NSE,STK,757431,INF247L01FO5,MOPSE,EQ,,,,,MOTILALAMC - MOPSE,97.81,99.47,97.81,98.52,99.47,99.88,,98.52,,,9743,960779.14,35,F1,1,,,,,
2026-09-02,2026-09-02,CM,NSE,STK,10822,INF247L01BH8,MOQUALITY,EQ,,,,,MOTILALAMC - MOQUALITY,195.47,199.66,195.47,199.66,199.66,199.46,,199.66,,,2910,577400.84,26,F1,1,,,,,
2026-09-02,2026-09-02,CM,NSE,STK,23184,INF247L01CI4,MOREALTY,EQ,,,,,MOTILALAMC - MOREALTY,91.97,91.97,87.14,88.68,89.43,89.29,,88.68,,,871418,76748563.38,2855,F1,1,,,,,
2026-09-02,2026-09-02,CM,NSE,STK,760001,INF247L01GJ3,MOSERVICE,EQ,,,,,MOTILALAMC - MOSERVICE,30.56,30.74,30.56,30.61,30.73,30.77,,30.61,,,2616,80162.29,60,F1,1,,,,,
2026-09-02,2026-09-02,CM,NSE,STK,758457,INF247L01FZ1,MOSILVER,EQ,,,,,MOTILALAMC - MOSILVER,224.00,224.54,222.21,222.79,222.64,225.74,,222.79,,,27875,6215161.83,951,F1,1,,,,,
2026-09-02,2026-09-02,CM,NSE,STK,23181,INF247L01CH6,MOSMALL250,EQ,,,,,MOTILALAMC - MOSMALL250,18.80,18.80,18.23,18.30,18.40,18.47,,18.31,,,879562,16094943.62,2921,F1,1,,,,,
2026-09-02,2026-09-02,CM,NSE,STK,757443,INF247L01FP2,MOTOUR,EQ,,,,,MOTILALAMC - MOTOUR,77.14,77.78,76.37,77.00,76.92,77.30,,77.00,,,17769,1366463.62,285,F1,1,,,,,
2026-09-02,2026-09-02,CM,NSE,STK,10825,INF247L01BE5,MOVALUE,EQ,,,,,MOTILALAMC - MOVALUE,112.01,112.58,111.38,112.33,112.11,112.10,,112.33,,,78617,8811454.16,762,F1,1,,,,,
2026-09-02,2026-09-02,CM,NSE,STK,20788,INE0FRK01020,MOTISONS,EQ,,,,,MOTISONS JEWELLERS LTD,15.94,15.96,15.26,15.43,15.42,15.87,,15.43,,,28644230,447096735.39,16383,F1,1,,,,,
2026-09-02,2026-09-02,CM,NSE,STK,8793,INE861B01023,MOTOGENFIN,BE,,,,,MOTOR & GENERAL FINANCE L,28.50,28.50,26.86,27.51,27.60,28.03,,27.51,,,18373,504899.74,56,F1,1,,,,,
2026-09-02,2026-09-02,CM,NSE,STK,757810,INE0XM301010,MMEL,SM,,,,,MOVING MEDIA ENTER LTD,24.70,24.75,23.10,23.10,23.10,24.40,,23.10,,,16000,391400.00,8,F1,2000,,,,,
2026-09-02,2026-09-02,CM,NSE,STK,13502,INE0N6D01014,MOXSH,SM,,,,,MOXSH OVERSEAS EDUCON LTD,112.00,112.00,103.60,103.60,103.60,109.00,,103.60,,,3200,344960.00,2,F1,1600,,,,,
2026-09-02,2026-09-02,CM,NSE,STK,765138,INE493H01014,MPDL,BE,,,,,MPDL LTD.,29.55,31.65,28.65,31.65,31.65,30.15,,34.19,,,1792,54619.10,21,F1,1,,,,,
2026-09-02,2026-09-02,CM,NSE,STK,4503,INE356A01018,MPHASIS,EQ,,,,,MPHASIS LIMITED,2505.50,2515.00,2428.00,2480.00,2480.00,2505.50,,2480.00,,,900566,2237148664.90,36873,F1,1,,,,,
2026-09-02,2026-09-02,CM,NSE,STK,10578,INE943D01017,MPSLTD,EQ,,,,,MPS LIMITED,2650.00,2651.70,2588.00,2594.60,2608.00,2652.60,,2594.49,,,13801,35989562.10,2737,F1,1,,,,,
2026-09-02,2026-09-02,CM,NSE,STK,2277,INE883A01011,MRF,EQ,,,,,MRF LTD,132000.00,132865.00,130700.00,131880.00,132575.00,132335.00,,131889.77,,,4254,558705410.00,3568,F1,1,,,,,
2026-09-02,2026-09-02,CM,NSE,STK,2283,INE103A01014,MRPL,EQ,,,,,MRPL,171.40,175.99,169.47,175.22,175.00,171.42,,175.22,,,9772096,1695293745.38,52202,F1,1,,,,,
2026-09-02,2026-09-02,CM,NSE,STK,1628,INE495P01020,BECTORFOOD,EQ,,,,,MRS BECTORS FOOD SPE LTD,228.00,229.80,222.14,228.31,228.90,227.75,,228.30,,,963048,217113131.81,22403,F1,1,,,,,
2026-09-02,2026-09-02,CM,NSE,STK,11919,INE752G01015,MSPL,EQ,,,,,MSP STEEL & POWER LTD.,34.40,36.50,34.30,36.14,36.20,34.17,,36.14,,,1475581,52702258.01,5554,F1,1,,,,,
2026-09-02,2026-09-02,CM,NSE,STK,9356,INE255X01014,MSTCLTD,EQ,,,,,MSTC LIMITED,728.00,728.00,708.55,711.75,712.30,729.55,,711.80,,,166202,118981216.15,6973,F1,1,,,,,
2026-09-02,2026-09-02,CM,NSE,STK,31413,INE472M01018,MTEDUCARE,BE,,,,,MT EDUCARE LTD,1.72,1.87,1.71,1.75,1.77,1.80,,1.75,,,17930,31305.33,53,F1,1,,,,,
2026-09-02,2026-09-02,CM,NSE,STK,2715,INE864I01014,MTARTECH,BE,,,,,MTAR TECHNOLOGIES LIMITED,6880.00,6890.00,6611.50,6872.00,6850.00,6946.50,,6871.55,,,97570,661706526.50,15714,F1,1,,,,,
2026-09-02,2026-09-02,CM,NSE,STK,19783,INE08KJ01020,MUFIN,EQ,,,,,MUFIN GREEN FINANCE LTD,134.40,135.44,132.61,134.65,134.90,134.65,,134.66,,,460508,61837209.50,2457,F1,1,,,,,
2026-09-02,2026-09-02,CM,NSE,STK,11325,INE304A01026,MUKANDLTD,EQ,,,,,MUKAND LTD.,135.10,135.56,133.72,134.18,133.72,136.03,,134.18,,,47819,6431934.99,917,F1,1,,,,,
2026-09-02,2026-09-02,CM,NSE,STK,764788,INE596B01017,MUKESHB,EQ,,,,,MUKESH BABU FINANC SER L,139.00,139.00,133.00,133.76,138.80,137.00,,133.46,,,507,69378.08,10,F1,1,,,,,
2026-09-02,2026-09-02,CM,NSE,STK,22980,INE0CG401037,MUKKA,EQ,,,,,MUKKA PROTEINS LIMITED,27.19,27.50,26.60,26.85,26.80,26.70,,26.85,,,966096,26125422.92,4219,F1,1,,,,,
2026-09-02,2026-09-02,CM,NSE,STK,8691,INE374B01019,MUKTAARTS,BE,,,,,MUKTA ARTS LIMITED,57.00,57.72,57.00,57.50,57.50,57.00,,57.50,,,805,46038.60,5,F1,1,,,,,
2026-09-02,2026-09-02,CM,NSE,STK,31181,INE745G01043,MCX,EQ,,,,,MULTI COMMODITY EXCHANGE,3280.00,3333.00,3258.00,3286.00,3286.00,3303.00,,3285.99,,,2448588,8065507913.20,99633,F1,1,,,,,
2026-09-02,2026-09-02,CM,NSE,STK,759416,INE1K8Y01018,MUNISH,SM,,,,,MUNISH FORGE LIMITED,84.95,86.00,83.15,83.15,83.15,82.25,,83.15,,,69600,5866320.00,35,F1,1200,,,,,
2026-09-02,2026-09-02,CM,NSE,STK,13511,INE672B01032,MUNJALAU,EQ,,,,,MUNJAL AUTO IND. LTD.,114.49,117.00,112.20,113.44,113.60,115.46,,113.44,,,386696,43918137.47,5369,F1,1,,,,,
2026-09-02,2026-09-02,CM,NSE,STK,2307,INE577A01027,MUNJALSHOW,EQ,,,,,MUNJAL SHOWA LTD,129.30,130.00,127.30,129.20,130.00,128.90,,129.20,,,27263,3511438.93,464,F1,1,,,,,
2026-09-02,2026-09-02,CM,NSE,STK,2313,INE692B01014,MURUDCERA,EQ,,,,,MURUDESHWAR CERAMICS LTD,30.00,30.45,29.66,29.88,29.90,30.12,,29.89,,,10584,316441.14,119,F1,1,,,,,
2026-09-02,2026-09-02,CM,NSE,STK,19877,INE919I01024,RADIOCITY,EQ,,,,,MUSIC BROADCAST LIMITED,6.40,6.48,6.21,6.32,6.36,6.41,,6.32,,,33741,212917.12,120,F1,1,,,,,
2026-09-02,2026-09-02,CM,NSE,STK,10415,INE296G01013,MUTHOOTCAP,EQ,,,,,MUTHOOT CAP SERV LTD,246.46,249.95,238.01,241.22,241.10,245.24,,241.22,,,11241,2719143.73,398,F1,1,,,,,
2026-09-02,2026-09-02,CM,NSE,STK,23650,INE414G01012,MUTHOOTFIN,EQ,,,,,MUTHOOT FINANCE LIMITED,2870.00,2937.70,2840.00,2937.70,2937.70,2905.00,,2937.55,,,950173,2749501598.80,59656,F1,1,,,,,
2026-09-02,2026-09-02,CM,NSE,STK,20831,INE046W01019,MUTHOOTMF,EQ,,,,,MUTHOOT MICROFIN LIMITED,196.00,204.00,193.35,203.20,203.78,196.21,,203.31,,,289137,57993495.87,7931,F1,1,,,,,
2026-09-02,2026-09-02,CM,NSE,STK,764397,INE0OWZ01020,MVELECTRO,EQ,,,,,MV ELECTROSYSTEMS LIMITED,708.95,724.50,675.40,686.05,683.95,713.70,,685.96,,,1444414,1012225582.80,30245,F1,1,,,,,
2026-09-02,2026-09-02,CM,NSE,STK,763206,INE0JYY07026,10MWL29,N0,,,,,MWL 10% 2029,99500.00,99500.00,99500.00,99500.00,99500.00,99000.00,,99500.00,,,1,99500.00,1,F1,1,,,,,
2026-09-02,2026-09-02,CM,NSE,STK,8220,INE741A01011,MYSORPETRO,BE,,,,,MYSORE PETRO CHEMICALS L,122.75,123.99,120.00,120.05,120.05,124.76,,120.07,,,15331,1852554.42,206,F1,1,,,,,
2026-09-02,2026-09-02,CM,NSE,STK,20314,INE740D01017,NRAIL,EQ,,,,,N R AGARWAL INDS LTD,492.25,507.90,487.00,498.50,499.00,495.90,,498.50,,,11677,5792513.25,587,F1,1,,,,,
2026-09-02,2026-09-02,CM,NSE,STK,757489,INE104101014,NRVANDANA,SM,,,,,N R VANDANA TEX IND LTD,68.80,70.00,68.80,70.00,70.00,68.95,,70.00,,,54000,3738150.00,11,F1,3000,,,,,
2026-09-02,2026-09-02,CM,NSE,STK,764798,INE920C01017,NTCIND,EQ,,,,,N T C INDUSTRIES LTD.,131.00,137.00,130.00,134.95,134.95,133.21,,134.24,,,2148,284482.77,69,F1,1,,,,,
2026-09-02,2026-09-02,CM,NSE,STK,19111,INE365I01020,NBIFIN,EQ,,,,,N.B.I. IND. FIN. CO. LTD,1933.20,2000.00,1925.70,1986.20,2000.00,1966.40,,1986.20,,,444,875377.80,50,F1,1,,,,,
2026-09-02,2026-09-02,CM,NSE,STK,20425,INE295D01020,NACLIND,EQ,,,,,NACL INDUSTRIES LIMITED,169.00,171.92,165.99,167.40,168.20,168.61,,167.40,,,236134,39414602.37,4138,F1,1,,,,,
2026-09-02,2026-09-02,CM,NSE,STK,18371,INE756C01015,NDGL,EQ,,,,,NAGA DHUNSERI GROUP LTD,2733.00,2800.00,2701.10,2743.90,2743.90,2733.20,,2743.90,,,153,421129.40,28,F1,1,,,,,
2026-09-02,2026-09-02,CM,NSE,STK,14942,INE245I01016,NAGREEKCAP,EQ,,,,,NAGREEKA CAP & INFR.LTD,23.40,23.40,22.60,23.24,23.25,23.18,,23.24,,,312,7216.76,41,F1,1,,,,,
2026-09-02,2026-09-02,CM,NSE,STK,14702,INE123B01028,NAGREEKEXP,EQ,,,,,NAGREEKA EXPORTS LTD.,21.91,22.35,21.10,21.35,21.30,22.00,,21.35,,,20300,437984.97,189,F1,1,,,,,
2026-09-02,2026-09-02,CM,NSE,STK,15360,INE049I01012,NAHARCAP,EQ,,,,,NAHAR CAP & FIN.,258.00,260.00,254.00,258.80,259.00,258.00,,258.85,,,1289,328895.95,34,F1,1,,,,,
2026-09-02,2026-09-02,CM,NSE,STK,13106,INE289A01011,NAHARINDUS,EQ,,,,,NAHAR INDS ENT LTD,134.99,134.99,131.41,133.86,134.05,134.32,,133.86,,,9869,1311254.62,274,F1,1,,,,,
2026-09-02,2026-09-02,CM,NSE,STK,14445,INE308A01027,NAHARPOLY,EQ,,,,,NAHAR POLY FILMS LIMITED,251.00,252.58,244.28,250.37,249.01,250.13,,250.37,,,9520,2368536.25,281,F1,1,,,,,
2026-09-02,2026-09-02,CM,NSE,STK,14440,INE290A01027,NAHARSPING,EQ,,,,,NAHAR SPINNING MILLS LTD.,300.70,301.10,294.00,294.95,294.80,299.55,,294.94,,,21882,6510741.65,917,F1,1,,,,,
2026-09-02,2026-09-02,CM,NSE,STK,5401,INE236Y01012,NGIL,EQ,,,,,NAKODA GROUP OF IND. LTD,39.50,40.85,39.25,39.41,39.30,39.50,,39.42,,,863,34036.26,23,F1,1,,,,,
2026-09-02,2026-09-02,CM,NSE,STK,11239,INE023A01030,NSIL,EQ,,,,,NALWA SONS INVESTMENT LTD,5690.00,5753.00,5616.00,5647.50,5625.00,5696.00,,5647.30,,,1451,8220739.00,263,F1,1,,,,,
2026-09-02,2026-09-02,CM,NSE,STK,23379,INE0RJM01010,NAMAN,SM,,,,,NAMAN INDUSTRE PRXIMA LTD,41.50,41.50,40.00,40.00,40.00,41.55,,40.00,,,1600,65200.00,2,F1,800,,,,,
2026-09-02,2026-09-02,CM,NSE,STK,25170,INE08NZ01012,NAMOEWASTE,ST,,,,,NAMO EWASTE MANAGEMENT L,261.00,266.40,261.00,264.00,264.00,266.95,,264.00,,,14400,3784680.00,18,F1,800,,,,,
2026-09-02,2026-09-02,CM,NSE,STK,31258,INE875G01048,NDL,EQ,,,,,NANDAN DENIM LIMITED,2.86,2.89,2.82,2.85,2.85,2.85,,2.85,,,915190,2599141.01,1013,F1,1,,,,,
2026-09-02,2026-09-02,CM,NSE,STK,5516,INE696V01013,JAIPURKURT,EQ,,,,,NANDANI CREATION LIMITED,26.00,26.42,26.00,26.30,26.30,26.25,,26.30,,,4856,126735.46,32,F1,1,,,,,
2026-09-02,2026-09-02,CM,NSE,STK,11840,INE410P01011,NH,EQ,,,,,NARAYANA HRUDAYALAYA LTD.,1929.10,1940.80,1911.40,1922.70,1917.20,1938.70,,1922.70,,,302703,582199049.00,25910,F1,1,,,,,
2026-09-02,2026-09-02,CM,NSE,STK,11627,INE117Z01029,NARMADA,EQ,,,,,NARMADA AGROBASE LIMITED,13.78,13.95,13.55,13.63,13.68,13.85,,13.63,,,216101,2949857.62,828,F1,1,,,,,
2026-09-02,2026-09-02,CM,NSE,STK,3918,INE987B01026,NATCOPHARM,EQ,,,,,NATCO PHARMA LTD.,848.00,857.35,833.50,843.25,841.85,849.20,,843.24,,,472795,397680774.70,40683,F1,1,,,,,
2026-09-02,2026-09-02,CM,NSE,STK,11065,INE448G01010,NATHBIOGEN,EQ,,,,,NATH BIO-GENES (I) LTD,153.27,153.94,152.00,152.55,152.30,152.30,,152.55,,,4814,734889.54,257,F1,1,,,,,
2026-09-02,2026-09-02,CM,NSE,STK,6364,INE139A01034,NATIONALUM,EQ,,,,,NATIONAL ALUMINIUM CO LTD,371.65,373.50,367.50,370.00,370.00,372.00,,370.02,,,4447742,1646979920.15,71785,F1,1,,,,,
2026-09-02,2026-09-02,CM,NSE,STK,13925,INE870D01012,NFL,EQ,,,,,NATIONAL FERT. LTD,70.29,70.29,69.51,69.98,70.04,70.53,,69.98,,,417453,29140676.19,2983,F1,1,,,,,
2026-09-02,2026-09-02,CM,NSE,STK,762807,INE166R01015,NATIONSTD,EQ,,,,,NATIONAL STAND (INDIA) L,107.70,107.70,103.25,103.94,103.69,105.31,,103.97,,,25843,2700339.47,678,F1,1,,,,,
2026-09-02,2026-09-02,CM,NSE,STK,29583,INE936B01015,NATCAPSUQ,EQ,,,,,NATURAL CAPSULES LIMITED,201.37,219.00,194.59,216.18,217.00,201.37,,216.17,,,32916,6991096.64,1099,F1,1,,,,,
2026-09-02,2026-09-02,CM,NSE,STK,4014,INE725A01030,NAVA,EQ,,,,,NAVA LIMITED,563.00,563.00,556.20,560.75,560.85,563.60,,560.75,,,108634,60798511.00,4292,F1,1,,,,,
2026-09-02,2026-09-02,CM,NSE,STK,14672,INE048G01026,NAVINFLUOR,EQ,,,,,NAVIN FLUORINE INT. LTD,8605.00,8645.00,8275.50,8542.50,8552.50,8636.00,,8542.46,,,217819,1842422589.00,38394,F1,1,,,,,
2026-09-02,2026-09-02,CM,NSE,STK,10557,INE278M01019,NAVKARCORP,EQ,,,,,NAVKAR CORPORATION LTD.,95.98,96.50,94.86,95.47,95.00,95.65,,95.49,,,178227,17010369.68,1999,F1,1,,,,,
2026-09-02,2026-09-02,CM,NSE,STK,29149,INE268H01044,NAVKARURB,BE,,,,,NAVKAR URBANSTRUCTURE LTD,0.92,0.94,0.88,0.89,0.90,0.92,,0.89,,,1313053,1162299.69,442,F1,1,,,,,
2026-09-02,2026-09-02,CM,NSE,STK,2385,INE060A01024,NAVNETEDUL,EQ,,,,,NAVNEET EDUCATION LTD,133.95,134.90,130.35,133.91,133.90,133.95,,133.91,,,356332,47178821.81,3753,F1,1,,,,,
2026-09-02,2026-09-02,CM,NSE,STK,2987,INE418L01047,NAZARA,EQ,,,,,NAZARA TECHNOLOGIES LTD,363.10,367.60,360.10,366.00,367.60,367.65,,365.99,,,851024,310127589.60,15007,F1,1,,,,,
2026-09-02,2026-09-02,CM,NSE,STK,31415,INE095N01031,NBCC,EQ,,,,,NBCC (INDIA) LIMITED,84.80,85.22,83.84,85.00,85.00,85.20,,85.00,,,4241099,358623697.24,24243,F1,1,,,,,
2026-09-02,2026-09-02,CM,NSE,STK,2319,INE868B01028,NCC,EQ,,,,,NCC LIMITED,145.50,146.43,141.85,142.53,143.00,146.46,,142.53,,,1800066,257396676.37,22573,F1,1,,,,,
2026-09-02,2026-09-02,CM,NSE,STK,14490,INE732C01016,NCLIND,EQ,,,,,NCL INDUSTRIES LIMITED,174.83,176.40,172.52,174.94,174.50,174.15,,174.94,,,42536,7431020.02,2960,F1,1,,,,,
2026-09-02,2026-09-02,CM,NSE,STK,14547,INE353A01023,NDLVENTURE,EQ,,,,,NDL VENTURES LIMITED,121.10,122.98,119.30,120.91,122.98,122.99,,120.91,,,3844,465211.80,89,F1,1,,,,,
2026-09-02,2026-09-02,CM,NSE,STK,22255,INE07OG01012,NDRAUTO,EQ,,,,,NDR AUTO COMPONENTS LTD,720.00,725.00,713.70,719.15,715.00,722.40,,719.04,,,10211,7329092.75,1386,F1,1,,,,,
2026-09-02,2026-09-02,CM,NSE,STK,11427,INE155G01029,NDTV,EQ,,,,,NDTV LTD,71.02,71.50,69.90,70.84,71.15,71.42,,70.90,,,76014,5365138.99,1027,F1,1,,,,,
2026-09-02,2026-09-02,CM,NSE,STK,11927,INE023H01027,NECLIFE,EQ,,,,,NECTAR LIFESCIENCES LTD.,12.13,12.58,11.66,12.31,12.35,12.13,,12.31,,,306974,3703323.58,531,F1,1,,,,,
2026-09-02,2026-09-02,CM,NSE,STK,27123,INE0N1401016,NEELAM,SM,,,,,NEELAM LINENS & GAR (I) L,6.80,6.80,6.65,6.65,6.70,7.00,,6.65,,,96000,642300.00,16,F1,6000,,,,,
2026-09-02,2026-09-02,CM,NSE,STK,14761,INE189I01024,NELCAST,EQ,,,,,NELCAST LIMITED,116.09,119.00,114.91,117.58,119.00,116.39,,117.57,,,74954,8737348.41,2092,F1,1,,,,,
2026-09-02,2026-09-02,CM,NSE,STK,2388,INE045B01015,NELCO,EQ,,,,,NELCO LTD,925.00,953.30,918.55,929.65,925.20,924.35,,929.67,,,193155,181174629.45,9760,F1,1,,,,,
2026-09-02,2026-09-02,CM,NSE,STK,9917,INE136S01016,NEOGEN,EQ,,,,,NEOGEN CHEMICALS LIMITED,2147.50,2166.30,2113.10,2136.40,2135.00,2153.90,,2136.40,,,62823,134506156.00,12982,F1,1,,,,,
2026-09-02,2026-09-02,CM,NSE,STK,24350,INE0SUN01013,NEPHROCARE,SM,,,,,NEPHRO CARE INDIA LIMITED,100.00,100.00,85.35,97.00,97.00,100.70,,97.00,,,54000,5052520.00,106,F1,400,,,,,
2026-09-02,2026-09-02,CM,NSE,STK,760346,INE428V01029,NEPHROPLUS,EQ,,,,,NEPHROCARE HEALTH SERV L,695.00,699.25,677.60,692.70,692.00,689.60,,692.65,,,168797,116198321.30,14452,F1,1,,,,,
2026-09-02,2026-09-02,CM,NSE,STK,757493,INE156901014,NEPTUNE,SM,,,,,NEPTUNE PETROCHEMICALS L,178.55,178.55,178.50,178.50,178.50,177.00,,178.50,,,1000,178525.00,2,F1,500,,,,,
2026-09-02,2026-09-02,CM,NSE,STK,15409,INE317F01035,NESCO,EQ,,,,,NESCO LTD.,1049.90,1050.00,1029.40,1038.40,1035.50,1044.00,,1038.39,,,19259,20018998.30,2724,F1,1,,,,,
2026-09-02,2026-09-02,CM,NSE,STK,17963,INE239A01024,NESTLEIND,EQ,,,,,NESTLE INDIA LIMITED,1425.00,1428.00,1411.00,1425.00,1425.00,1438.20,,1424.99,,,875020,1242707464.80,39110,F1,1,,,,,
2026-09-02,2026-09-02,CM,NSE,STK,20409,INE518X01015,CBAZAAR,ST,,,,,NET AVENUE TECHNOLOGIES L,4.50,4.50,4.50,4.50,4.50,4.70,,4.50,,,16000,72000.00,2,F1,8000,,,,,
2026-09-02,2026-09-02,CM,NSE,STK,17433,INE0NT901020,NETWEB,EQ,,,,,NETWEB TECH INDIA LTD,5133.00,5216.50,5064.00,5110.00,5120.00,5136.50,,5110.07,,,1273170,6529850636.50,99150,F1,1,,,,,
2026-09-02,2026-09-02,CM,NSE,STK,756324,INE0FFK01017,NPST,EQ,,,,,NETWORK PEOPLE SRV TECH L,1655.60,1753.00,1642.50,1690.00,1685.00,1655.60,,1689.94,,,79415,136283506.80,8796,F1,1,,,,,
2026-09-02,2026-09-02,CM,NSE,STK,14111,INE870H01013,NETWORK18,EQ,,,,,NETWORK18 MEDIA & INV LTD,27.77,27.90,27.16,27.24,27.34,28.05,,27.24,,,4631562,126703041.25,13165,F1,1,,,,,
2026-09-02,2026-09-02,CM,NSE,STK,30554,INE333I01044,NEUEON,BE,,,,,NEUEON CORPORATION LTD,11.99,12.30,11.45,11.45,11.45,12.05,,11.45,,,80587,928294.71,177,F1,1,,,,,
2026-09-02,2026-09-02,CM,NSE,STK,2406,INE794A01010,NEULANDLAB,EQ,,,,,NEULAND LAB LTD.,23045.00,23320.00,22880.00,22960.00,22945.00,23025.00,,22959.88,,,39701,914676040.00,14080,F1,1,,,,,
2026-09-02,2026-09-02,CM,NSE,STK,1164,INE619B01017,NEWGEN,EQ,,,,,NEWGEN SOFTWARE TECH LTD,526.70,529.75,517.70,519.30,520.80,532.05,,519.32,,,652094,339840465.20,17528,F1,1,,,,,
2026-09-02,2026-09-02,CM,NSE,STK,19161,INE0PW501021,NEWJAISA,ST,,,,,NEWJAISA TECHNOLOGIES LTD,18.30,18.30,18.05,18.05,18.05,18.30,,18.05,,,3000,54525.00,2,F1,1500,,,,,
2026-09-02,2026-09-02,CM,NSE,STK,28801,INE0TP801012,NMSTEEL,SM,,,,,NEWMALAYALAM STEEL LTD,22.85,22.95,22.85,22.90,22.90,22.85,,22.90,,,4800,109920.00,3,F1,1600,,,,,
2026-09-02,2026-09-02,CM,NSE,STK,9867,INE747B01016,NEXTMEDIA,EQ,,,,,NEXT MEDIAWORKS LIMITED,4.29,4.30,4.09,4.21,4.22,4.27,,4.21,,,46900,195346.35,207,F1,1,,,,,
2026-09-02,2026-09-02,CM,NSE,STK,15815,INE0NDH25011,NXST,RR,,,,,NEXUS SELECT TRUST,167.40,167.90,166.71,167.35,167.90,167.28,,167.35,,,735708,122899409.83,7276,F1,1,,,,,
2026-09-02,2026-09-02,CM,NSE,STK,763536,INE0T1501010,NFPSAMPOOR,SM,,,,,NFP SAMPOORNA FOODS LTD,20.65,21.45,20.50,21.45,21.45,20.65,,21.45,,,16000,334200.00,8,F1,2000,,,,,
2026-09-02,2026-09-02,CM,NSE,STK,10277,INE887E01022,NGLFINE,EQ,,,,,NGL FINE CHEM LIMITED,2664.30,2745.00,2575.10,2688.70,2705.00,2657.60,,2688.71,,,11220,29883578.30,2206,F1,1,,,,,
2026-09-02,2026-09-02,CM,NSE,STK,1765,INE557F07181,893NHB29,N6,,,,,NHB 8.93 NCD TR II SR 2 B,5600.00,5600.00,5600.00,5600.00,5600.00,5600.00,,5600.00,,,1,5600.00,1,F1,1,,,,,
2026-09-02,2026-09-02,CM,NSE,STK,17400,INE848E01016,NHPC,EQ,,,,,NHPC LTD,75.75,76.64,75.09,75.65,75.65,76.30,,75.65,,,13055359,991229668.83,63394,F1,1,,,,,
2026-09-02,2026-09-02,CM,NSE,STK,29487,INE149O01018,NIBE,EQ,,,,,NIBE LIMITED,1356.00,1356.10,1330.00,1342.90,1346.00,1355.90,,1342.51,,,23503,31541694.30,2643,F1,1,,,,,
2026-09-02,2026-09-02,CM,NSE,STK,764793,INE653C01022,NICCOPAR,EQ,,,,,NICCO PARKS & RESORTS LTD,81.50,82.00,75.25,79.04,78.00,82.06,,79.06,,,394310,32091355.64,181,F1,1,,,,,
2026-09-02,2026-09-02,CM,NSE,STK,6592,INE0J6L01013,NIDAN,SM,,,,,NIDAN LABS AND HEALTH LTD,13.00,13.10,12.70,12.75,12.75,13.15,,12.75,,,4000,51550.00,4,F1,1000,,,,,
2026-09-02,2026-09-02,CM,NSE,STK,17747,INE342G01023,NIITMTS,EQ,,,,,NIIT LEARNING SYSTEMS LTD,230.04,230.07,221.95,223.47,223.11,230.16,,223.47,,,131578,29618682.87,4629,F1,1,,,,,
2026-09-02,2026-09-02,CM,NSE,STK,11522,INE161A01038,NIITLTD,EQ,,,,,NIIT LIMITED,100.89,100.89,97.10,97.33,97.40,101.25,,97.33,,,295739,28988073.59,3402,F1,1,,,,,
2026-09-02,2026-09-02,CM,NSE,STK,758178,INE0FLF01015,NIKITA,SM,,,,,NIKITA GRENTEC RECYCL LTD,75.25,76.50,75.05,75.05,75.05,76.90,,75.05,,,10800,812760.00,6,F1,1200,,,,,
2026-09-02,2026-09-02,CM,NSE,STK,9253,INE937C01029,NILAINFRA,EQ,,,,,NILA INFRASTRUCTURES LTD,6.70,6.76,6.66,6.71,6.73,6.76,,6.71,,,105470,709928.18,343,F1,1,,,,,
2026-09-02,2026-09-02,CM,NSE,STK,7411,INE00S901012,NILASPACES,EQ,,,,,NILA SPACES LIMITED,12.68,12.99,12.20,12.51,12.46,12.73,,12.51,,,1795219,22474037.35,3434,F1,1,,,,,
2026-09-02,2026-09-02,CM,NSE,STK,762817,INE445D01013,NILE,EQ,,,,,NILE LTD.,1500.00,1500.00,1437.10,1471.50,1460.30,1474.50,,1469.77,,,4261,6236531.20,765,F1,1,,,,,
2026-09-02,2026-09-02,CM,NSE,STK,2421,INE310A01015,NILKAMAL,EQ,,,,,NILKAMAL LIMITED,2031.00,2074.00,2007.00,2063.10,2070.80,2034.00,,2063.14,,,16375,33536142.30,2820,F1,1,,,,,
2026-09-02,2026-09-02,CM,NSE,STK,761720,INE875B01015,NIMBSPROJ,EQ,,,,,NIMBUS PROJECTS LIMITED,170.81,170.81,159.61,159.92,160.50,168.01,,159.95,,,93586,15656810.97,409,F1,1,,,,,
2026-09-02,2026-09-02,CM,NSE,STK,14194,INE395U01014,NINSYS,EQ,,,,,NINTEC SYSTEMS LIMITED,710.00,745.85,707.00,710.95,711.95,710.35,,710.93,,,8522,6137106.70,978,F1,1,,,,,
2026-09-02,2026-09-02,CM,NSE,STK,11439,INF204KB15I9,BANKBEES,EQ,,,,,NIP IND ETF BANK BEES,593.48,593.69,590.16,592.76,593.43,593.79,,592.76,,,1045041,619026333.91,10080,F1,1,,,,,
2026-09-02,2026-09-02,CM,NSE,STK,2435,INF204KA1LD7,CONSUMBEES,EQ,,,,,NIP IND ETF CONSUMPTION,131.45,132.85,129.41,130.51,130.95,131.45,,130.51,,,179006,23281252.90,2198,F1,1,,,,,
2026-09-02,2026-09-02,CM,NSE,STK,2636,INF204KA1MS3,DIVOPPBEES,EQ,,,,,NIP IND ETF DIV OPP,76.54,77.99,76.10,76.71,76.88,77.35,,76.71,,,58412,4482340.25,965,F1,1,,,,,
2026-09-02,2026-09-02,CM,NSE,STK,9847,INF204KB18I3,NV20BEES,EQ,,,,,NIP IND ETF ETF NV20,136.04,141.24,136.04,139.66,139.10,139.53,,139.66,,,14681,2046540.20,215,F1,1,,,,,
2026-09-02,2026-09-02,CM,NSE,STK,14428,INF204KB17I5,GOLDBEES,EQ,,,,,NIP IND ETF GOLD BEES,123.47,124.29,122.75,123.52,123.57,125.34,,123.52,,,36173459,4473034664.99,132355,F1,1,,,,,
2026-09-02,2026-09-02,CM,NSE,STK,18284,INF204KB19I1,HNGSNGBEES,EQ,,,,,NIP IND ETF HANGSENG BEES,479.00,479.00,464.56,468.63,469.38,469.33,,468.63,,,60755,28457358.38,3781,F1,1,,,,,
2026-09-02,2026-09-02,CM,NSE,STK,20072,INF732E01268,INFRABEES,EQ,,,,,NIP IND ETF INFRA BEES,950.40,954.99,943.03,953.53,952.95,950.40,,953.52,,,12570,11943578.23,539,F1,1,,,,,
2026-09-02,2026-09-02,CM,NSE,STK,19084,INF204KB15V2,ITBEES,EQ,,,,,NIP IND ETF IT,34.19,35.00,34.12,34.39,34.49,34.79,,34.39,,,6917685,238186524.36,16593,F1,1,,,,,
2026-09-02,2026-09-02,CM,NSE,STK,10939,INF732E01045,JUNIORBEES,EQ,,,,,NIP IND ETF JUNIOR BEES,807.87,807.87,778.00,788.40,788.89,788.17,,788.39,,,563104,441074636.86,13230,F1,1,,,,,
2026-09-02,2026-09-02,CM,NSE,STK,11006,INF732E01037,LIQUIDBEES,EQ,,,,,NIP IND ETF LIQUID BEES,1000.00,1000.01,999.99,1000.00,1000.01,1000.00,,1000.00,,,2397673,2397672981.05,4547,F1,1,,,,,
2026-09-02,2026-09-02,CM,NSE,STK,17700,INF204KB1882,LTGILTBEES,EQ,,,,,NIP IND ETF LONGTERM GILT,29.87,29.88,29.76,29.82,29.81,29.84,,29.82,,,10199022,303826775.93,895,F1,1,,,,,
2026-09-02,2026-09-02,CM,NSE,STK,8506,INF204KB1V68,MID150BEES,EQ,,,,,NIP IND ETF MIDCAP 150,240.34,240.34,237.55,239.07,239.35,240.53,,239.08,,,987164,235525321.65,10783,F1,1,,,,,
2026-09-02,2026-09-02,CM,NSE,STK,29577,INF204K014N5,NIF100BEES,EQ,,,,,NIP IND ETF NIFTY 100,273.42,273.42,264.40,264.89,264.80,266.76,,264.90,,,34050,9026265.42,710,F1,1,,,,,
2026-09-02,2026-09-02,CM,NSE,STK,10576,INF204KB14I2,NIFTYBEES,EQ,,,,,NIP IND ETF NIFTY BEES,273.15,273.15,271.51,272.56,272.55,273.25,,272.56,,,7704816,2097820385.22,59907,F1,1,,,,,
2026-09-02,2026-09-02,CM,NSE,STK,15032,INF204KB16I7,PSUBNKBEES,EQ,,,,,NIP IND ETF PSU BANK BEES,94.26,95.57,94.08,94.77,94.80,94.65,,94.76,,,1041734,98823986.06,5571,F1,1,,,,,
2026-09-02,2026-09-02,CM,NSE,STK,17044,INF732E01128,SHARIABEES,EQ,,,,,NIP IND ETF SHARIAH BEES,457.51,466.75,455.01,456.97,460.58,462.13,,457.67,,,8412,3843683.13,587,F1,1,,,,,
2026-09-02,2026-09-02,CM,NSE,STK,357,INE298J01013,NAM-INDIA,EQ,,,,,NIPPON L I A M LTD,1166.20,1172.50,1146.80,1171.50,1171.50,1178.90,,1171.50,,,1599776,1856368012.40,33661,F1,1,,,,,
2026-09-02,2026-09-02,CM,NSE,STK,757725,INF204KC1FU1,LIQGRWBEES,EQ,,,,,NIPPONAMC - LIQGRWBEES,1054.97,1056.73,1051.35,1054.02,1054.03,1053.90,,1054.02,,,104639,110292014.91,226,F1,1,,,,,
2026-09-02,2026-09-02,CM,NSE,STK,758667,INF204KC1GH6,MANUFGBEES,EQ,,,,,NIPPONAMC - MANUFGBEES,164.00,164.00,162.15,163.07,164.00,164.83,,163.10,,,12385,2013454.42,203,F1,1,,,,,
2026-09-02,2026-09-02,CM,NSE,STK,7880,INF204KC1337,AUTOBEES,EQ,,,,,NIPPONAMC - NETFAUTO,292.63,293.33,285.50,288.88,288.01,292.63,,288.88,,,454387,130765621.78,7207,F1,1,,,,,
2026-09-02,2026-09-02,CM,NSE,STK,4973,INF204KC1089,PHARMABEES,EQ,,,,,NIPPONAMC - NETFPHARMA,28.36,28.36,27.34,27.56,27.49,27.53,,27.56,,,5928234,162874787.38,13506,F1,1,,,,,
2026-09-02,2026-09-02,CM,NSE,STK,8080,INF204KC1402,SILVERBEES,EQ,,,,,NIPPONAMC - NETFSILVER,214.79,216.79,214.03,215.45,215.58,217.72,,215.45,,,18590941,4009810188.22,80126,F1,1,,,,,
2026-09-02,2026-09-02,CM,NSE,STK,757455,INF204KC1EZ3,SNXT30BEES,EQ,,,,,NIPPONAMC - SNXT30BEES,42.41,42.60,42.15,42.60,42.60,42.74,,42.60,,,18341,774898.96,112,F1,1,,,,,
2026-09-02,2026-09-02,CM,NSE,STK,255,INE368I01016,NIRAJ,EQ,,,,,NIRAJ CEMENT STRUC LTD,29.41,29.93,28.25,29.00,28.63,29.27,,29.00,,,25160,729691.80,154,F1,1,,,,,
2026-09-02,2026-09-02,CM,NSE,STK,18840,INE326T01011,NIRAJISPAT,EQ,,,,,NIRAJ ISPAT IND LTD,428.00,429.65,428.00,429.65,429.65,390.60,,429.65,,,1061,455842.15,26,F1,1,,,,,
2026-09-02,2026-09-02,CM,NSE,STK,2433,INE910A01012,NIRLON,EQ,,,,,NIRLON LTD,652.00,652.00,647.00,649.80,647.00,649.45,,649.79,,,21690,14094270.65,895,F1,1,,,,,
2026-09-02,2026-09-02,CM,NSE,STK,14722,INE0OK701014,NIRMAN,SM,,,,,NIRMAN AGRI GENTICS LTD,28.20,28.75,28.20,28.60,28.75,28.55,,28.60,,,13800,391695.00,26,F1,300,,,,,
2026-09-02,2026-09-02,CM,NSE,STK,13300,INE858F01012,NITCO,EQ,,,,,NITCO LIMITED,93.28,95.00,91.51,94.30,94.99,93.43,,94.30,,,350076,32697188.47,2841,F1,1,,,,,
2026-09-02,2026-09-02,CM,NSE,STK,13175,INE229H01012,NITINSPIN,EQ,,,,,NITIN SPINNERS LIMITED,629.75,637.50,617.90,623.85,623.00,630.75,,623.90,,,103781,64848499.80,4255,F1,1,,,,,
2026-09-02,2026-09-02,CM,NSE,STK,3247,INE439T01012,NITIRAJ,EQ,,,,,NITIRAJ ENGINEERS LTD,209.95,209.95,201.05,206.00,206.00,204.50,,206.00,,,1748,360520.29,60,F1,1,,,,,
2026-09-02,2026-09-02,CM,NSE,STK,762824,INE265B01019,NITTAGELA,EQ,,,,,NITTA GELATIN INDIA LTD.,1630.70,1643.90,1591.00,1618.20,1624.90,1631.40,,1618.14,,,3273,5265674.40,748,F1,1,,,,,
2026-09-02,2026-09-02,CM,NSE,STK,27097,INE995S01015,NIVABUPA,EQ,,,,,NIVA BUPA HEALTH INS CO L,83.00,83.47,80.51,80.73,80.56,82.30,,80.73,,,365819,29738028.34,7769,F1,1,,,,,
2026-09-02,2026-09-02,CM,NSE,STK,2439,INE542C01019,NKIND,EQ,,,,,NK INDUSTRIES LTD,55.70,60.40,55.25,57.00,57.00,57.24,,58.90,,,1205,69179.75,24,F1,1,,,,,
2026-09-02,2026-09-02,CM,NSE,STK,8585,INE589A01014,NLCINDIA,EQ,,,,,NLC INDIA LIMITED,274.00,278.90,271.10,275.50,275.60,274.30,,275.50,,,1874329,517460465.65,42138,F1,1,,,,,
2026-09-02,2026-09-02,CM,NSE,STK,15332,INE584A01023,NMDC,EQ,,,,,NMDC LTD.,84.90,85.75,84.25,85.75,85.75,85.69,,85.75,,,16726795,1421988266.69,49293,F1,1,,,,,
2026-09-02,2026-09-02,CM,NSE,STK,14180,INE0NNS01018,NSLNISP,EQ,,,,,NMDC STEEL LIMITED,45.55,47.24,45.11,45.69,45.90,45.61,,45.67,,,10189200,471595637.94,34542,F1,1,,,,,
2026-09-02,2026-09-02,CM,NSE,STK,2442,INE163A01018,NOCIL,EQ,,,,,NOCIL LIMITED,169.62,171.31,166.98,169.95,170.04,169.62,,169.93,,,416607,70567846.12,6678,F1,1,,,,,
2026-09-02,2026-09-02,CM,NSE,STK,10786,INE781B01015,NOIDATOLL,EQ,,,,,NOIDA TOLL BRIDGE CO LTD,4.23,4.30,4.01,4.11,4.11,4.23,,4.14,,,60960,252927.28,286,F1,1,,,,,
2026-09-02,2026-09-02,CM,NSE,STK,4160,INE369C01017,NORBTEAEXP,EQ,,,,,NORBEN TEA & EXPORTS LTD,65.46,67.80,65.22,65.29,65.22,65.46,,65.57,,,227,15240.21,21,F1,1,,,,,
2026-09-02,2026-09-02,CM,NSE,STK,13533,INE553C01016,NECCLTD,BE,,,,,NORTH EAST CARRY CORP LTD,16.10,16.90,15.57,16.90,16.90,16.10,,16.90,,,541572,9149332.15,217,F1,1,,,,,
2026-09-02,2026-09-02,CM,NSE,STK,25426,INE850M01015,NORTHARC,EQ,,,,,NORTHERN ARC CAPITAL LTD,298.15,303.15,292.10,299.70,299.40,299.50,,299.69,,,1420849,422768720.50,18957,F1,1,,,,,
2026-09-02,2026-09-02,CM,NSE,STK,22478,INE02H701025,NOVAAGRI,BE,,,,,NOVA AGRITECH LIMITED,23.46,24.00,23.01,23.51,23.50,24.22,,23.51,,,76744,1787120.19,353,F1,1,,,,,
2026-09-02,2026-09-02,CM,NSE,STK,9007,INE234A01025,NOVARTIND,EQ,,,,,NOVARTIS INDIA LIMITED,1585.00,1614.00,1560.20,1601.50,1610.00,1582.10,,1601.62,,,7814,12417737.70,1200,F1,1,,,,,
2026-09-02,2026-09-02,CM,NSE,STK,7553,INE349A01021,NRBBEARING,EQ,,,,,NRB BEARING LIMITED,459.00,463.40,451.05,453.55,455.90,458.25,,453.55,,,147623,67326552.10,5203,F1,1,,,,,
2026-09-02,2026-09-02,CM,NSE,STK,29733,INE047O01014,NIBL,EQ,,,,,NRB INDUS. BEARINGS LTD.,30.51,31.85,30.51,31.08,30.65,30.82,,31.11,,,2762,86097.99,88,F1,1,,,,,
2026-09-02,2026-09-02,CM,NSE,STK,27176,INE0ONG01011,NTPCGREEN,EQ,,,,,NTPC GREEN ENERGY LIMITED,89.11,89.12,88.00,88.12,88.29,89.21,,88.12,,,3375911,297828306.04,57409,F1,1,,,,,
2026-09-02,2026-09-02,CM,NSE,STK,11630,INE733E01010,NTPC,EQ,,,,,NTPC LTD,324.00,331.10,321.00,330.00,330.00,327.50,,330.00,,,11993091,3927701357.65,110755,F1,1,,,,,
2026-09-02,2026-09-02,CM,NSE,STK,10791,INE096B01018,NUCLEUS,EQ,,,,,NUCLEUS SOFTWARE EXPORTS,732.50,743.90,732.50,740.65,740.00,740.70,,740.65,,,11170,8245437.70,827,F1,1,,,,,
2026-09-02,2026-09-02,CM,NSE,STK,13680,INE0JM501013,NRL,BE,,,,,NUPUR RECYCLERS LIMITED,120.05,122.00,120.05,122.00,122.00,120.05,,122.00,,,159039,19240899.30,225,F1,1,,,,,
2026-09-02,2026-09-02,CM,NSE,STK,2353,INE0DSF01015,NURECA,BE,,,,,NURECA LIMITED,338.05,338.05,330.30,336.75,337.85,339.00,,336.48,,,1655,552776.40,101,F1,1,,,,,
2026-09-02,2026-09-02,CM,NSE,STK,18721,INE531F01023,NUVAMA,EQ,,,,,NUVAMA WEALTH MANAGE LTD,1785.00,1903.90,1751.70,1841.00,1836.00,1785.00,,1840.98,,,1438209,2662485578.90,82997,F1,1,,,,,
2026-09-02,2026-09-02,CM,NSE,STK,5426,INE118D01016,NUVOCO,EQ,,,,,NUVOCO VISTAS CORP LTD,322.50,331.90,317.05,328.15,329.40,322.85,,328.15,,,697182,227534437.00,17889,F1,1,,,,,
2026-09-02,2026-09-02,CM,NSE,STK,24298,INE0SF023016,NXT-INFRA,IV,,,,,NXT-INFRA TRUST,97.75,97.75,97.00,97.00,97.00,97.00,,97.00,,,100000,9737500.00,3,F1,25000,,,,,
2026-09-02,2026-09-02,CM,NSE,STK,8797,INE426Z01016,OBCL,EQ,,,,,OBCL LIMITED,55.90,55.90,54.70,54.77,54.80,55.04,,54.77,,,7881,432675.01,64,F1,1,,,,,
2026-09-02,2026-09-02,CM,NSE,STK,20242,INE093I01010,OBEROIRLTY,EQ,,,,,OBEROI REALTY LIMITED,1869.00,1869.00,1828.90,1866.00,1866.00,1880.70,,1866.02,,,378206,700255371.60,30546,F1,1,,,,,
2026-09-02,2026-09-02,CM,NSE,STK,25923,INE0YHV01011,OBSCP,SM,,,,,OBSC PERFECTION LIMITED,843.05,871.95,840.00,848.05,850.00,860.80,,848.05,,,30800,26330620.00,73,F1,400,,,,,
2026-09-02,2026-09-02,CM,NSE,STK,25920,INE0PK601023,OCCLLTD,BE,,,,,OCCL LIMITED,164.00,164.70,160.00,163.35,163.12,163.01,,163.35,,,34223,5557329.29,227,F1,1,,,,,
2026-09-02,2026-09-02,CM,NSE,STK,27571,INE054301028,ODIGMA,EQ,,,,,ODIGMA CONSULTANCY SOL L,22.35,23.15,22.35,23.09,23.00,23.16,,22.88,,,10264,232831.08,310,F1,1,,,,,
2026-09-02,2026-09-02,CM,NSE,STK,764803,INE839E01023,ODYCORP,EQ,,,,,ODYSSEY CORPORATION LTD.,7.48,8.00,7.14,7.42,7.50,7.12,,7.42,,,46452,359248.38,97,F1,1,,,,,
2026-09-02,2026-09-02,CM,NSE,STK,2475,INE213A01029,ONGC,EQ,,,,,OIL AND NATURAL GAS CORP.,237.60,239.21,235.64,237.50,237.50,236.45,,237.50,,,13073915,3100658809.26,102227,F1,1,,,,,
2026-09-02,2026-09-02,CM,NSE,STK,8109,INE591A01010,OILCOUNTUB,BE,,,,,OIL COUNTRY TUBULAR LTD.,67.80,70.59,64.20,67.67,68.65,67.23,,67.67,,,186901,12928035.27,513,F1,1,,,,,
2026-09-02,2026-09-02,CM,NSE,STK,17438,INE274J01014,OIL,EQ,,,,,OIL INDIA LTD,495.00,499.50,484.15,498.15,498.15,490.00,,498.05,,,4334724,2131687304.05,111618,F1,1,,,,,
2026-09-02,2026-09-02,CM,NSE,STK,24777,INE0LXG01040,OLAELEC,EQ,,,,,OLA ELECTRIC MOBILITY LTD,40.20,40.25,38.80,38.98,38.95,40.51,,38.98,,,44552453,1745217642.17,90424,F1,1,,,,,
2026-09-02,2026-09-02,CM,NSE,STK,10637,INE260D01016,OLECTRA,EQ,,,,,OLECTRA GREENTECH LIMITED,1247.30,1249.80,1226.10,1238.90,1239.70,1247.30,,1238.95,,,230590,285062001.30,18856,F1,1,,,,,
2026-09-02,2026-09-02,CM,NSE,STK,759412,INE1BZC01019,OMFREIGHT,BE,,,,,OM FREIGHT FORWARDERS LTD,89.94,90.59,87.50,88.08,89.90,89.94,,88.11,,,1697,150203.44,61,F1,1,,,,,
2026-09-02,2026-09-02,CM,NSE,STK,24231,INE239D01028,OMINFRAL,EQ,,,,,OM INFRA LIMITED,83.46,83.46,80.15,81.84,81.96,82.04,,81.83,,,19943,1632818.40,611,F1,1,,,,,
2026-09-02,2026-09-02,CM,NSE,STK,762432,INE25E901019,OMPOWER,EQ,,,,,OM POWER TRANSMISSION LTD,169.00,175.03,162.90,171.86,174.00,169.08,,171.64,,,76844,13011424.70,1233,F1,1,,,,,
2026-09-02,2026-09-02,CM,NSE,STK,10922,INE090B01011,OMAXAUTO,EQ,,,,,OMAX AUTOS LTD,183.50,189.00,181.81,187.09,189.00,184.48,,187.07,,,26860,5005927.56,948,F1,1,,,,,
2026-09-02,2026-09-02,CM,NSE,STK,14853,INE800H01010,OMAXE,EQ,,,,,OMAXE LIMITED,125.00,136.00,123.38,132.67,133.60,126.77,,132.75,,,29571125,3870344519.62,155327,F1,1,,,,,
2026-09-02,2026-09-02,CM,NSE,STK,117,INE338Y01016,OMFURN,SM,,,,,OMFURN INDIA LIMITED,56.50,56.55,56.50,56.50,56.50,59.45,,56.50,,,7200,406860.00,6,F1,1200,,,,,
2026-09-02,2026-09-02,CM,NSE,STK,760865,INE0UH301010,OMNI,EQ,,,,,OMNITECH ENGINEERING LTD,538.00,548.40,527.00,543.15,545.00,535.60,,543.18,,,373850,201084241.20,13560,F1,1,,,,,
2026-09-02,2026-09-02,CM,NSE,STK,19692,INE00ER01015,ONDOOR,SM,,,,,ON DOOR CONCEPTS LIMITED,297.90,297.90,283.05,286.05,286.45,299.00,,286.05,,,9300,2666940.00,23,F1,300,,,,,
2026-09-02,2026-09-02,CM,NSE,STK,6705,INE982J01020,PAYTM,EQ,,,,,ONE 97 COMMUNICATIONS LTD,1628.10,1633.30,1594.20,1619.00,1619.00,1633.50,,1618.99,,,3008191,4830851624.30,91787,F1,1,,,,,
2026-09-02,2026-09-02,CM,NSE,STK,765242,INE670O01013,ONEGLOBAL,EQ,,,,,ONE GLOBAL SERVICE PROV L,510.55,520.00,501.00,502.05,501.00,514.15,,501.99,,,19205,9713488.75,1015,F1,1,,,,,
2026-09-02,2026-09-02,CM,NSE,STK,28046,INE0HLU01028,MOBIKWIK,EQ,,,,,ONE MOBIKWIK SYSTEMS LTD,187.78,188.48,184.06,185.32,185.30,187.78,,185.33,,,472492,87687154.81,5981,F1,1,,,,,
2026-09-02,2026-09-02,CM,NSE,STK,9939,INE840Y01029,ONEPOINT,EQ,,,,,ONE POINT ONE SOL LTD,54.70,54.81,53.76,54.61,54.30,54.74,,54.60,,,448452,24376848.16,1390,F1,1,,,,,
2026-09-02,2026-09-02,CM,NSE,STK,19386,INE0OPS01011,OLIL,SM,,,,,ONECLICK LOGISTICS IND L,415.00,430.00,407.00,411.80,409.90,418.20,,411.80,,,32000,13090200.00,66,F1,400,,,,,
2026-09-02,2026-09-02,CM,NSE,STK,25496,INE912L01015,ONELIFECAP,BE,,,,,ONELIFE CAP ADVISORS LTD,31.50,32.95,31.30,31.93,32.00,32.46,,32.03,,,18881,594005.57,42,F1,1,,,,,
2026-09-02,2026-09-02,CM,NSE,STK,763294,INE12F801023,KISSHT,EQ,,,,,ONEMI TECHNOLOGY SOL LTD,295.00,303.00,284.65,300.90,300.00,295.80,,300.86,,,1891855,553292311.65,37038,F1,1,,,,,
2026-09-02,2026-09-02,CM,NSE,STK,29224,INE013P01021,ONESOURCE,EQ,,,,,ONESOURCE SPECL PHARMA L,1530.00,1564.00,1509.00,1544.40,1540.00,1527.90,,1544.41,,,136288,209349895.80,22029,F1,1,,,,,
2026-09-02,2026-09-02,CM,NSE,STK,2202,INE831A01028,ONIDA,EQ,,,,,ONIDA ELECTRONICS LIMITED,35.50,36.20,34.99,35.57,35.60,35.63,,35.57,,,242327,8586687.11,1310,F1,1,,,,,
2026-09-02,2026-09-02,CM,NSE,STK,764808,INE173M01012,ONIXSOLAR,EQ,,,,,ONIX SOLAR ENERGY LTD.,360.00,365.75,358.05,365.75,365.75,348.35,,365.74,,,252187,91624490.45,2073,F1,1,,,,,
2026-09-02,2026-09-02,CM,NSE,STK,15282,INE809I01019,ONMOBILE,BE,,,,,ONMOBILE GLOBAL LTD.,48.51,48.51,48.51,48.51,48.51,49.50,,48.59,,,15762,764614.62,149,F1,1,,,,,
2026-09-02,2026-09-02,CM,NSE,STK,2481,INE229A01017,ONWARDTEC,EQ,,,,,ONWARD TECHNOLOGIES LTD,281.10,286.00,277.50,284.55,283.00,283.90,,284.53,,,26315,7432266.55,698,F1,1,,,,,
2026-09-02,2026-09-02,CM,NSE,STK,27143,INE0WVU01018,ONYX,ST,,,,,ONYX BIOTEC LIMITED,39.05,39.90,38.95,39.90,39.90,41.00,,39.90,,,60000,2341700.00,15,F1,2000,,,,,
2026-09-02,2026-09-02,CM,NSE,STK,21469,INE350C01017,OPTIEMUS,EQ,,,,,OPTIEMUS INFRACOM LTD,582.70,585.00,569.00,571.00,570.00,582.80,,570.95,,,70937,40878393.40,4067,F1,1,,,,,
2026-09-02,2026-09-02,CM,NSE,STK,764813,INE031G01022,OPTIFIN,EQ,,,,,OPTIMUS FINANCE LTD.,12.56,13.50,12.56,13.16,13.48,13.20,,13.12,,,24221,316650.38,101,F1,1,,,,,
2026-09-02,2026-09-02,CM,NSE,STK,764528,INE1JZB01022,OPTIMYSTIX,SM,,,,,OPTIMYSTIX ENT INDIA LTD,165.40,165.40,147.00,147.90,149.85,169.85,,147.90,,,257600,39329520.00,237,F1,800,,,,,
2026-09-02,2026-09-02,CM,NSE,STK,758903,INE15B101011,OPTIVALUE,ST,,,,,OPTIVALUE TEK CONSULT LTD,174.00,174.00,165.10,168.00,168.00,173.75,,168.00,,,54400,9102640.00,28,F1,1600,,,,,
2026-09-02,2026-09-02,CM,NSE,STK,10738,INE881D01027,OFSS,EQ,,,,,ORACLE FIN SERV SOFT LTD.,12141.00,12199.00,11951.00,12158.00,12158.00,12187.00,,12158.00,,,238698,2886689374.00,35639,F1,1,,,,,
2026-09-02,2026-09-02,CM,NSE,STK,31479,INE231G01010,ORBTEXP,BE,,,,,ORBIT EXPORTS LIMITED,236.90,245.00,236.90,240.76,241.40,238.97,,240.76,,,1452,346595.53,30,F1,1,,,,,
2026-09-02,2026-09-02,CM,NSE,STK,29492,INE215B01022,ORCHASP,EQ,,,,,ORCHASP LIMITED,1.40,1.45,1.35,1.40,1.41,1.40,,1.40,,,116260,162706.13,145,F1,1,,,,,
2026-09-02,2026-09-02,CM,NSE,STK,926,INE191A01027,ORCHPHARMA,EQ,,,,,ORCHID PHARMA LIMITED,946.00,954.95,931.35,938.05,939.00,947.90,,938.12,,,39875,37653810.20,3162,F1,1,,,,,
2026-09-02,2026-09-02,CM,NSE,STK,17882,INE0OUT01019,ORIANA,SM,,,,,ORIANA POWER LIMITED,1225.05,1247.90,1209.95,1221.90,1225.00,1240.10,,1221.90,,,34050,41702595.00,378,F1,75,,,,,
2026-09-02,2026-09-02,CM,NSE,STK,10159,INE730A01022,ORICONENT,EQ,,,,,ORICON ENTERPRISES LTD,53.43,54.44,52.20,54.20,53.00,53.30,,54.20,,,8648,463469.24,188,F1,1,,,,,
2026-09-02,2026-09-02,CM,NSE,STK,14278,INE607D01018,ORIENTBELL,EQ,,,,,ORIENT BELL LIMITED,390.45,405.00,386.25,400.65,396.05,390.45,,400.69,,,46905,18643447.55,2452,F1,1,,,,,
2026-09-02,2026-09-02,CM,NSE,STK,30089,INE876N01018,ORIENTCEM,EQ,,,,,ORIENT CEMENT LTD.,128.49,128.79,126.25,127.70,127.32,128.16,,127.71,,,124129,15844778.28,1691,F1,1,,,,,
2026-09-02,2026-09-02,CM,NSE,STK,13111,INE569C01020,ORIENTCER,EQ,,,,,ORIENT CERATECH LIMITED,43.80,44.39,42.93,43.78,43.98,43.20,,43.71,,,54517,2387703.53,1692,F1,1,,,,,
2026-09-02,2026-09-02,CM,NSE,STK,2972,INE142Z01019,ORIENTELEC,EQ,,,,,ORIENT ELECTRIC LIMITED,178.54,181.90,175.01,179.35,179.00,177.66,,179.33,,,162963,28961556.32,5643,F1,1,,,,,
2026-09-02,2026-09-02,CM,NSE,STK,20110,INE999K01014,GREENPOWER,EQ,,,,,ORIENT GREEN POWER CO LTD,9.00,9.23,8.90,9.16,9.12,9.12,,9.16,,,1495912,13603565.00,3360,F1,1,,,,,
2026-09-02,2026-09-02,CM,NSE,STK,2493,INE750A01020,ORIENTHOT,EQ,,,,,ORIENT HOTELS LTD,138.44,141.90,136.95,141.32,140.40,138.65,,141.26,,,1214254,170449333.68,4080,F1,1,,,,,
2026-09-02,2026-09-02,CM,NSE,STK,2496,INE592A01026,ORIENTPPR,EQ,,,,,ORIENT PAPER AND INDS LTD,16.73,16.84,16.45,16.65,16.61,16.78,,16.65,,,130048,2167407.89,443,F1,1,,,,,
2026-09-02,2026-09-02,CM,NSE,STK,18211,INE609C01024,ORIENTLTD,BE,,,,,ORIENT PRESS LIMITED,81.00,83.88,81.00,82.50,82.50,82.22,,82.50,,,758,61777.76,13,F1,1,,,,,
2026-09-02,2026-09-02,CM,NSE,STK,24961,INE0PPK01015,ORIENTTECH,EQ,,,,,ORIENT TECHNOLOGIES LTD,238.46,238.46,233.61,236.36,237.00,238.46,,236.36,,,83273,19587477.77,2389,F1,1,,,,,
2026-09-02,2026-09-02,CM,NSE,STK,10768,INE959C01023,OAL,EQ,,,,,ORIENTAL AROMATICS LTD,442.05,464.80,432.25,457.95,464.00,446.30,,457.88,,,51928,23405662.05,2223,F1,1,,,,,
2026-09-02,2026-09-02,CM,NSE,STK,764818,INE457G01029,ORIRAIL,EQ,,,,,ORIENTAL RAIL INFRA L,124.00,127.95,123.42,125.37,125.00,124.79,,125.40,,,75670,9535649.83,1121,F1,1,,,,,
2026-09-02,2026-09-02,CM,NSE,STK,14346,INE998H01012,ORIENTALTL,EQ,,,,,ORIENTAL TRIMEX LTD,5.06,5.06,4.76,4.98,5.03,4.96,,4.98,,,74893,368378.64,385,F1,1,,,,,
2026-09-02,2026-09-02,CM,NSE,STK,19931,INE725E01024,ORISSAMINE,EQ,,,,,ORISSA MIN DEV CO LTD,4321.00,4340.90,4260.70,4308.60,4305.00,4325.00,,4308.73,,,4729,20343131.40,1306,F1,1,,,,,
2026-09-02,2026-09-02,CM,NSE,STK,759569,INE16NZ01023,ORKLAINDIA,EQ,,,,,ORKLA INDIA LIMITED,583.95,593.95,577.50,590.90,588.70,584.50,,590.90,,,66831,39251105.65,5350,F1,1,,,,,
2026-09-02,2026-09-02,CM,NSE,STK,2979,INE749B01020,ORTINGLOBE,EQ,,,,,ORTIN GLOBAL LIMITED,15.36,15.86,15.36,15.43,15.43,15.86,,15.43,,,2952,45990.24,24,F1,1,,,,,
2026-09-02,2026-09-02,CM,NSE,STK,25386,INE0RMF01018,OSELDEVICE,SM,,,,,OSEL DEVICES LIMITED,376.95,389.00,360.00,363.55,365.95,372.60,,363.55,,,27800,10274550.00,110,F1,200,,,,,
2026-09-02,2026-09-02,CM,NSE,STK,12643,INE06IR01021,OSIAHYPER,BE,,,,,OSIA HYPER RETAIL LIMITED,2.46,2.48,2.39,2.46,2.47,2.45,,2.46,,,282119,687280.41,266,F1,1,,,,,
2026-09-02,2026-09-02,CM,NSE,STK,2514,INE142A01012,OSWALAGRO,EQ,,,,,OSWAL AGRO MILLS LTD,36.53,37.40,36.53,36.89,37.00,36.90,,36.89,,,24071,890207.68,137,F1,1,,,,,
2026-09-02,2026-09-02,CM,NSE,STK,471,INE143A01010,OSWALGREEN,EQ,,,,,OSWAL GREENTECH LIMITED,20.69,20.69,20.11,20.46,20.55,20.41,,20.46,,,60322,1226781.37,386,F1,1,,,,,
2026-09-02,2026-09-02,CM,NSE,STK,756802,INE0BYP01024,OSWALPUMPS,EQ,,,,,OSWAL PUMPS LIMITED,289.80,289.95,275.20,278.30,275.30,291.35,,278.30,,,1056339,296621005.40,28655,F1,1,,,,,
2026-09-02,2026-09-02,CM,NSE,STK,22914,INE0R8M01017,OWAIS,ST,,,,,OWAIS METAL & MINERAL,81.05,82.65,79.45,82.40,81.90,81.05,,82.40,,,48300,3853875.00,117,F1,100,,,,,
2026-09-02,2026-09-02,CM,NSE,STK,765145,INE501F01018,PBMPOLY,EQ,,,,,P B M POLYTEX LTD.,62.60,62.60,58.00,59.26,60.97,64.41,,59.22,,,1728,102432.83,83,F1,1,,,,,
2026-09-02,2026-09-02,CM,NSE,STK,25312,INE953R01016,PNGJL,EQ,,,,,P N GADGIL JEWELLERS LTD,586.70,593.90,563.10,592.10,591.10,586.65,,592.10,,,1137103,658285787.45,34469,F1,1,,,,,
2026-09-02,2026-09-02,CM,NSE,STK,764845,INE035S01028,POEL,EQ,,,,,P O C L ENTERPRISES LTD.,148.00,151.54,140.60,144.62,147.50,148.42,,144.92,,,30475,4459956.58,561,F1,1,,,,,
2026-09-02,2026-09-02,CM,NSE,STK,2535,INE179A01014,PGHH,EQ,,,,,P&G HYGIENE & HEALTH CARE,7881.50,7885.50,7740.00,7762.50,7770.00,7881.50,,7762.60,,,20386,158461245.00,5016,F1,1,,,,,
2026-09-02,2026-09-02,CM,NSE,STK,8735,INE0KN801013,PROPEQUITY,SM,,,,,P. E. ANALYTICS LIMITED,210.00,210.00,210.00,210.00,210.00,210.00,,210.00,,,600,126000.00,1,F1,600,,,,,
2026-09-02,2026-09-02,CM,NSE,STK,759342,INE0S3G01027,PACEDIGITK,EQ,,,,,PACE DIGITEK LIMITED,167.00,167.00,163.41,164.88,165.18,166.37,,164.88,,,547183,90153758.97,7099,F1,1,,,,,
2026-09-02,2026-09-02,CM,NSE,STK,764823,INE883C01025,PACIFICI,EQ,,,,,PACIFIC INDUSTRIES LTD.,141.00,141.00,137.00,137.05,137.05,136.02,,137.05,,,293,40675.05,17,F1,1,,,,,
2026-09-02,2026-09-02,CM,NSE,STK,14413,INE761H01022,PAGEIND,EQ,,,,,PAGE INDUSTRIES LTD,35500.00,36325.00,35220.00,36200.00,36200.00,35675.00,,36199.97,,,19411,698726110.00,9609,F1,1,,,,,
2026-09-02,2026-09-02,CM,NSE,STK,25468,INE420C01059,PAISALO,EQ,,,,,PAISALO DIGITAL LIMITED,66.96,68.15,65.61,66.52,66.56,67.07,,66.55,,,9805048,657040474.20,24027,F1,1,,,,,
2026-09-02,2026-09-02,CM,NSE,STK,17197,INE551D01018,PAKKA,EQ,,,,,PAKKA LIMITED,76.98,77.00,74.50,75.80,76.00,76.68,,75.79,,,55938,4235295.26,1901,F1,1,,,,,
2026-09-02,2026-09-02,CM,NSE,STK,21383,INE471W01019,PALASHSECU,EQ,,,,,PALASH SECURITIES LTD,90.00,90.00,88.10,88.98,89.00,90.77,,88.98,,,1459,131016.92,96,F1,1,,,,,
2026-09-02,2026-09-02,CM,NSE,STK,17059,INE218G01033,PALREDTEC,BE,,,,,PALRED TECHNOLOGIES LTD,50.40,52.80,48.16,52.80,52.80,50.50,,52.80,,,1064,53515.90,11,F1,1,,,,,
2026-09-02,2026-09-02,CM,NSE,STK,4055,INE922B01023,PANACEABIO,EQ,,,,,PANACEA BIOTEC LTD,389.95,389.95,370.05,382.35,384.00,390.90,,382.27,,,311504,117894533.30,8217,F1,1,,,,,
2026-09-02,2026-09-02,CM,NSE,STK,16355,INE895W01019,PANACHE,BE,,,,,PANACHE DIGILIFE LIMITED,515.00,525.05,515.00,525.05,525.05,519.40,,525.05,,,1973,1022867.20,43,F1,1,,,,,
2026-09-02,2026-09-02,CM,NSE,STK,25392,INE305C01029,PANAMAPET,EQ,,,,,PANAMA PETROCHEM LTD,486.75,496.80,482.10,489.75,489.70,487.05,,489.74,,,309631,151640331.85,9108,F1,1,,,,,
2026-09-02,2026-09-02,CM,NSE,STK,764828,INE798F01010,PANCHMAHQ,EQ,,,,,PANCHMAHAL STEEL LTD.,292.00,300.00,292.00,300.00,300.00,292.10,,295.10,,,290,86197.75,22,F1,1,,,,,
2026-09-02,2026-09-02,CM,NSE,STK,765140,INE258R01028,PANORAMA,EQ,,,,,PANORAMA STUDIOS INTL. L,42.63,43.79,40.00,41.59,41.65,42.57,,41.59,,,131992,5510617.92,898,F1,1,,,,,
2026-09-02,2026-09-02,CM,NSE,STK,6141,INE697V01011,PANSARI,EQ,,,,,PANSARI DEVELOPERS LTD,305.00,308.05,290.00,296.10,296.10,303.80,,296.10,,,1656,495638.20,33,F1,1,,,,,
2026-09-02,2026-09-02,CM,NSE,STK,5631,INE04LG01015,PAR,EQ,,,,,PAR DRUGS AND CHEM LTD,146.00,168.72,146.00,168.25,168.72,140.60,,168.25,,,1507861,240372058.77,21216,F1,1,,,,,
2026-09-02,2026-09-02,CM,NSE,STK,9741,INE088F01024,PARADEEP,EQ,,,,,PARADEEP PHOSPHATES LTD,156.62,157.69,153.51,156.19,156.79,157.51,,156.18,,,2874257,446438214.94,28211,F1,1,,,,,
2026-09-02,2026-09-02,CM,NSE,STK,17130,INE883N01014,PARAGMILK,EQ,,,,,PARAG MILK FOODS LTD.,257.05,263.80,248.35,254.90,253.10,259.10,,254.80,,,2039126,523244355.65,26429,F1,1,,,,,
2026-09-02,2026-09-02,CM,NSE,STK,19779,INE0N4G01012,PARAGON,SM,,,,,PARAGON FINE S.C. LTD.,48.00,48.00,48.00,48.00,48.00,48.05,,48.00,,,4800,230400.00,1,F1,1200,,,,,
2026-09-02,2026-09-02,CM,NSE,STK,13951,INE074B01023,PARACABLES,EQ,,,,,PARAMOUNT COMM LTD,63.47,65.20,62.64,64.16,64.34,63.45,,64.16,,,1184196,75844079.79,6649,F1,1,,,,,
2026-09-02,2026-09-02,CM,NSE,STK,25716,INE0TG801013,PARAMOUNT,SM,,,,,PARAMOUNT DYE TEC LIMITED,33.45,33.45,33.45,33.45,33.45,31.90,,33.45,,,3600,120420.00,3,F1,1200,,,,,
2026-09-02,2026-09-02,CM,NSE,STK,25431,INE0Q6001012,PSFL,SM,,,,,PARAMOUNT SPECIALI FORG L,31.50,32.00,31.50,32.00,32.00,31.10,,32.00,,,12000,381000.00,5,F1,2000,,,,,
2026-09-02,2026-09-02,CM,NSE,STK,5911,INE045601023,PARAS,EQ,,,,,PARAS DEF AND SPCE TECH L,1380.00,1420.00,1363.80,1413.10,1407.60,1380.10,,1413.15,,,901120,1259362995.10,42785,F1,1,,,,,
2026-09-02,2026-09-02,CM,NSE,STK,3972,INE162C01024,PARASPETRO,EQ,,,,,PARAS PETROFILS LTD.,2.13,2.15,2.08,2.11,2.12,2.10,,2.11,,,125641,265167.64,303,F1,1,,,,,
2026-09-02,2026-09-02,CM,NSE,STK,5460,INE00U801010,PARIN,SM,,,,,PARIN ENTERPRISES LIMITED,709.95,715.00,709.95,712.50,715.00,710.00,,712.50,,,3000,2136212.50,11,F1,250,,,,,
2026-09-02,2026-09-02,CM,NSE,STK,760351,INE119201023,PARKHOSPS,EQ,,,,,PARK MEDI WORLD LIMITED,280.50,284.70,274.30,276.75,277.30,280.50,,276.75,,,496312,137782894.50,11366,F1,1,,,,,
2026-09-02,2026-09-02,CM,NSE,STK,22649,INE988S01028,PARKHOTELS,EQ,,,,,PARKHOTELS,111.56,116.00,110.81,114.05,113.90,111.92,,114.06,,,141887,16033284.84,1824,F1,1,,,,,
2026-09-02,2026-09-02,CM,NSE,STK,764833,INE383L01019,PARNAXLAB,EQ,,,,,PARNAX LAB LTD.,143.00,144.90,134.01,137.23,134.04,140.78,,136.89,,,9197,1306853.24,213,F1,1,,,,,
2026-09-02,2026-09-02,CM,NSE,STK,13795,INE561H01026,PARSVNATH,BE,,,,,PARSVNATH DEVELOPER LTD,1.51,1.51,1.51,1.51,1.51,1.49,,1.51,,,2510953,3791539.03,262,F1,1,,,,,
2026-09-02,2026-09-02,CM,NSE,STK,758217,INE1H7V01011,PARTH,SM,,,,,PARTH ELEC & ENG LTD,520.00,545.00,505.00,542.05,540.00,530.05,,542.05,,,29200,15507580.00,55,F1,400,,,,,
2026-09-02,2026-09-02,CM,NSE,STK,757955,INE124Y01028,PASHUPATI,EQ,,,,,PASHUPATI COTSPIN LIMITED,83.70,83.70,82.50,83.06,83.09,83.10,,83.04,,,8777,730017.84,817,F1,1,,,,,
2026-09-02,2026-09-02,CM,NSE,STK,6048,INE818B01023,PASUPTAC,BE,,,,,PASUPATI ACRYLON LIMITED,62.00,65.00,61.55,64.64,64.80,62.73,,64.65,,,126973,8085712.07,574,F1,1,,,,,
2026-09-02,2026-09-02,CM,NSE,STK,17029,INE619A01035,PATANJALI,EQ,,,,,PATANJALI FOODS LIMITED,344.90,345.00,339.10,345.00,345.00,345.80,,345.04,,,3980958,1362629964.55,22281,F1,1,,,,,
2026-09-02,2026-09-02,CM,NSE,STK,11699,INE244B01030,PATELENG,EQ,,,,,PATEL ENGINEERING LTD.,27.70,27.72,26.21,26.86,26.45,27.76,,26.88,,,3474743,94330973.19,7309,F1,1,,,,,
2026-09-02,2026-09-02,CM,NSE,STK,15223,INE529D01014,PATINTLOG,BE,,,,,PATEL INT. LOG. LTD,12.80,13.50,12.80,13.30,13.40,12.87,,13.24,,,145528,1888492.03,172,F1,1,,,,,
2026-09-02,2026-09-02,CM,NSE,STK,759439,INE0R8B01010,PATELRMART,EQ,,,,,PATEL RETAIL LIMITED,221.55,222.90,215.40,216.42,217.74,223.14,,216.41,,,222326,48340712.62,2201,F1,1,,,,,
2026-09-02,2026-09-02,CM,NSE,STK,756963,INE17GV01016,PATILAUTOM,SM,,,,,PATIL AUTOMATION LIMITED,245.05,284.50,243.00,275.05,275.00,253.00,,275.05,,,280200,75916260.00,427,F1,600,,,,,
2026-09-02,2026-09-02,CM,NSE,STK,762834,INE291E01019,PML,EQ,,,,,PAUL MERCHANTS LTD.,486.00,490.00,481.00,483.85,490.00,492.00,,481.66,,,99,47828.30,15,F1,1,,,,,
2026-09-02,2026-09-02,CM,NSE,STK,759969,INE111F01024,PAUSHAKLTD,EQ,,,,,PAUSHAK LIMITED,802.00,820.00,771.70,785.70,780.00,801.60,,785.74,,,41615,33113230.30,3875,F1,1,,,,,
2026-09-02,2026-09-02,CM,NSE,STK,16192,INE07S101038,PAVNAIND,EQ,,,,,PAVNA INDUSTRIES LIMITED,17.26,17.94,16.00,17.23,17.29,17.17,,17.23,,,83740,1409573.97,465,F1,1,,,,,
2026-09-02,2026-09-02,CM,NSE,STK,6656,INE417T01026,POLICYBZR,EQ,,,,,PB FINTECH LIMITED,1829.00,1860.00,1810.00,1851.90,1851.90,1829.20,,1851.84,,,610594,1123846516.10,25459,F1,1,,,,,
2026-09-02,2026-09-02,CM,NSE,STK,29124,INE785M01021,PCJEWELLER,EQ,,,,,PC JEWELLER LTD,10.30,10.39,9.98,10.18,10.17,10.32,,10.18,,,274840339,2797179502.04,81554,F1,1,,,,,
2026-09-02,2026-09-02,CM,NSE,STK,2649,INE602A01031,PCBL,EQ,,,,,PCBL CHEMICAL LIMITED,316.70,316.80,310.70,315.30,315.20,317.50,,315.31,,,867848,272817627.40,13727,F1,1,,,,,
2026-09-02,2026-09-02,CM,NSE,STK,761819,INE389Z07104,9PCPL28A,N0,,,,,PCPL 9% 2028,9731.00,9731.00,9713.00,9713.00,9713.00,9604.00,,9713.00,,,3,29175.00,2,F1,1,,,,,
2026-09-02,2026-09-02,CM,NSE,STK,5264,INE111Q01021,PDSL,EQ,,,,,PDS LIMITED,362.00,362.00,350.80,351.85,350.85,359.85,,351.85,,,90855,32230241.15,6099,F1,1,,,,,
2026-09-02,2026-09-02,CM,NSE,STK,14260,INE940H01022,PGIL,EQ,,,,,PEARL GLOBAL IND LIMITED,2346.00,2395.80,2322.10,2361.60,2345.00,2348.00,,2361.54,,,74186,175380141.40,9971,F1,1,,,,,
2026-09-02,2026-09-02,CM,NSE,STK,2610,INE844A01013,PEARLPOLY,EQ,,,,,PEARL POLYMERS LTD,15.50,15.50,15.00,15.25,15.39,15.05,,15.25,,,54336,828228.86,56,F1,1,,,,,
2026-09-02,2026-09-02,CM,NSE,STK,25408,INE0VG601013,PELATRO,SM,,,,,PELATRO LIMITED,350.00,369.00,350.00,354.50,353.00,346.60,,354.50,,,13200,4719825.00,33,F1,300,,,,,
2026-09-02,2026-09-02,CM,NSE,STK,5358,INE138A01028,PENINLAND,BE,,,,,PENINSULA LAND LIMITED,15.38,15.64,15.00,15.49,15.50,15.38,,15.48,,,90151,1390040.84,205,F1,1,,,,,
2026-09-02,2026-09-02,CM,NSE,STK,20621,INE932A01024,PENIND,EQ,,,,,PENNAR INDUSTRIES LTD,165.00,168.95,163.15,165.90,166.21,165.66,,165.99,,,360595,60072454.43,6215,F1,1,,,,,
2026-09-02,2026-09-02,CM,NSE,STK,17132,INE0ORS01017,PENTAGON,SM,,,,,PENTAGON RUBBER LIMITED,52.00,62.40,52.00,62.40,62.40,52.00,,62.40,,,20000,1161650.00,20,F1,1000,,,,,
2026-09-02,2026-09-02,CM,NSE,STK,758121,INE925S01012,PERFECT,SZ,,,,,PERFECT INFRAENGINEER LTD,1.90,1.90,1.90,1.90,1.90,1.95,,1.90,,,6000,11400.00,2,F1,3000,,,,,
2026-09-02,2026-09-02,CM,NSE,STK,764838,INE418E01018,PERMAGN,EQ,,,,,PERMANENT MAGNETS LTD.,895.10,895.10,870.00,871.55,870.00,895.10,,871.63,,,4817,4229027.65,379,F1,1,,,,,
2026-09-02,2026-09-02,CM,NSE,STK,18365,INE262H01021,PERSISTENT,EQ,,,,,PERSISTENT SYSTEMS LTD,5700.00,5738.00,5640.50,5690.00,5690.00,5800.00,,5690.01,,,610391,3472512475.50,44524,F1,1,,,,,
2026-09-02,2026-09-02,CM,NSE,STK,24290,INE998U01015,PCCL,SM,,,,,PETRO CARBON AND CHEMI L,405.85,420.00,405.85,416.85,420.00,405.85,,416.85,,,22400,9261860.00,39,F1,400,,,,,
2026-09-02,2026-09-02,CM,NSE,STK,11351,INE347G01014,PETRONET,EQ,,,,,PETRONET LNG LIMITED,293.25,294.00,288.35,289.20,289.20,292.30,,289.20,,,1476710,428879643.30,30093,F1,1,,,,,
2026-09-02,2026-09-02,CM,NSE,STK,760824,INE134E07DJ3,PFCL41A,NE,,,,,PFCL 0% 2041 SR V,1000.00,1000.00,1000.00,1000.00,1000.00,1000.00,,1000.00,,,30,30000.00,1,F1,1,,,,,
2026-09-02,2026-09-02,CM,NSE,STK,760804,INE134E07DO3,720PFCL36,N6,,,,,PFCL 7.20% 2036 SR II,1000.58,1000.58,1000.58,1000.58,1000.58,1000.58,,1000.58,,,73,73042.34,2,F1,1,,,,,
2026-09-02,2026-09-02,CM,NSE,STK,2643,INE182A01018,PFIZER,EQ,,,,,PFIZER LTD,4625.30,4655.90,4614.00,4627.60,4650.00,4665.90,,4627.58,,,9434,43649343.20,3220,F1,1,,,,,
2026-09-02,2026-09-02,CM,NSE,STK,25358,INE457L01029,PGEL,EQ,,,,,PG ELECTROPLAST LTD,566.00,567.45,556.20,566.00,566.00,569.90,,566.00,,,1907087,1074316519.30,34949,F1,1,,,,,
2026-09-02,2026-09-02,CM,NSE,STK,11612,INE0MLZ01019,PHANTOMFX,SM,,,,,PHANTOM DIGITAL EFF LTD,117.35,118.30,114.05,116.05,115.30,119.95,,116.05,,,15300,1786710.00,40,F1,300,,,,,
2026-09-02,2026-09-02,CM,NSE,STK,2658,INE245B01011,PHOENXINTL,EQ,,,,,PHOENIX INTERNATIONAL LTD,30.70,31.49,29.56,31.39,31.39,31.58,,31.39,,,1386,41019.29,44,F1,1,,,,,
2026-09-02,2026-09-02,CM,NSE,STK,25513,INE0FPO01018,PHOGLOBAL,SM,,,,,PHOENIX OVERSEAS LIMITED,13.80,14.20,13.80,14.20,14.20,13.85,,14.20,,,8000,112200.00,4,F1,2000,,,,,
2026-09-02,2026-09-02,CM,NSE,STK,759723,INE0LP301011,PWL,EQ,,,,,PHYSICSWALLAH LIMITED,114.50,116.24,112.39,115.47,116.00,114.94,,115.49,,,5535743,632069395.48,28506,F1,1,,,,,
2026-09-02,2026-09-02,CM,NSE,STK,24184,INE603J01030,PIIND,EQ,,,,,PI INDUSTRIES LTD,2376.10,2393.60,2353.50,2393.00,2393.00,2397.10,,2393.00,,,128403,305336530.70,12422,F1,1,,,,,
2026-09-02,2026-09-02,CM,NSE,STK,757754,INE546C01010,PICCADIL,EQ,,,,,PICCADILY AGRO INDUSTRI L,630.75,637.90,620.50,622.25,621.00,634.00,,622.32,,,142699,89437608.55,8287,F1,1,,,,,
2026-09-02,2026-09-02,CM,NSE,STK,24785,INE0YAL01017,PPSL,SM,,,,,PICTUREPOST STUDIOS LTD,2.95,3.00,2.85,2.85,2.85,3.00,,2.85,,,159000,455400.00,34,F1,3000,,,,,
2026-09-02,2026-09-02,CM,NSE,STK,2664,INE318A01026,PIDILITIND,EQ,,,,,PIDILITE INDUSTRIES LTD,1639.00,1639.50,1624.10,1637.00,1637.00,1643.50,,1636.99,,,635780,1038077754.80,31990,F1,1,,,,,
2026-09-02,2026-09-02,CM,NSE,STK,30835,INE600A01035,PILITA,EQ,,,,,PIL ITALICA LIFESTYLE LTD,8.08,8.08,7.77,7.95,7.95,8.08,,7.95,,,29807,236028.02,187,F1,1,,,,,
2026-09-02,2026-09-02,CM,NSE,STK,11445,INE417C01014,PILANIINVS,EQ,,,,,PILANI INV & IND COR LTD,4325.00,4356.20,4270.60,4325.00,4340.00,4353.20,,4325.00,,,987,4254934.40,225,F1,1,,,,,
2026-09-02,2026-09-02,CM,NSE,STK,759823,INE15B701018,PINELABS,BL,,,,,PINE LABS LIMITED,155.10,155.10,155.10,155.10,155.10,144.00,,155.10,,,35456317,5499274766.70,9,F1,999999999,,,,,
2026-09-02,2026-09-02,CM,NSE,STK,759820,INE15B701018,PINELABS,EQ,,,,,PINE LABS LIMITED,161.50,164.40,158.27,162.32,162.80,159.89,,162.32,,,20367566,3288069087.46,116373,F1,1,,,,,
2026-09-02,2026-09-02,CM,NSE,STK,13463,INE156C01018,PIONEEREMB,EQ,,,,,PIONEER EMBROIDERIES LTD,21.51,21.87,21.28,21.40,21.40,21.73,,21.40,,,2023,43335.14,35,F1,1,,,,,
2026-09-02,2026-09-02,CM,NSE,STK,762832,INE746D01014,PIONRINV,BE,,,,,PIONEER INVESTCORP LTD.,79.50,79.50,75.53,76.43,76.00,79.50,,76.52,,,1221,93588.82,30,F1,1,,,,,
2026-09-02,2026-09-02,CM,NSE,STK,759551,INE202B01038,PIRAMALFIN,EQ,,,,,PIRAMAL FINANCE LIMITED,2204.00,2219.60,2165.90,2186.50,2185.00,2226.10,,2186.01,,,588816,1288859976.40,25186,F1,1,,,,,
2026-09-02,2026-09-02,CM,NSE,STK,11571,INE0DK501011,PPLPHARMA,EQ,,,,,PIRAMAL PHARMA LIMITED,212.84,217.82,211.36,213.78,214.00,213.20,,213.78,,,3102064,664652351.94,30176,F1,1,,,,,
2026-09-02,2026-09-02,CM,NSE,STK,14134,INE450D01021,PITTIENG,EQ,,,,,PITTI ENGINEERING LIMITED,1071.70,1103.00,1055.00,1093.00,1095.50,1074.70,,1093.14,,,71422,77390127.20,6206,F1,1,,,,,
2026-09-02,2026-09-02,CM,NSE,STK,9087,INE751B01018,PIXTRANS,EQ,,,,,PIX TRANSMISSIONS LIMITED,1780.50,1787.90,1757.90,1766.90,1774.00,1785.10,,1767.42,,,8408,14886001.90,1200,F1,1,,,,,
2026-09-02,2026-09-02,CM,NSE,STK,13920,INE083C01022,PLASTIBLEN,EQ,,,,,PLASTIBLENDS INDIA LTD,184.15,186.72,181.80,183.39,183.02,185.59,,183.43,,,15465,2851711.01,551,F1,1,,,,,
2026-09-02,2026-09-02,CM,NSE,STK,22930,INE0PT501018,PLATIND,EQ,,,,,PLATINUM INDUSTRIES LTD,225.10,230.99,219.00,229.69,230.00,227.79,,229.69,,,61075,13899621.22,1853,F1,1,,,,,
2026-09-02,2026-09-02,CM,NSE,STK,19458,INE0INJ01017,PLAZACABLE,EQ,,,,,PLAZA WIRES LIMITED,58.89,61.86,55.98,61.80,61.74,58.92,,61.80,,,303102,17841964.11,2524,F1,1,,,,,
2026-09-02,2026-09-02,CM,NSE,STK,8736,INE859A01011,PNBGILTS,EQ,,,,,PNB GILTS LIMITED,76.44,80.80,75.52,78.19,78.27,76.44,,78.19,,,530316,41685979.50,5399,F1,1,,,,,
2026-09-02,2026-09-02,CM,NSE,STK,18908,INE572E01012,PNBHOUSING,EQ,,,,,PNB HOUSING FIN LTD.,1148.00,1148.00,1125.40,1141.00,1141.00,1152.00,,1141.00,,,446878,507916636.20,23676,F1,1,,,,,
2026-09-02,2026-09-02,CM,NSE,STK,9385,INE195J01029,PNCINFRA,EQ,,,,,PNC INFRATECH LTD.,188.75,190.19,179.50,180.89,180.00,188.77,,180.91,,,859041,157038412.86,10598,F1,1,,,,,
2026-09-02,2026-09-02,CM,NSE,STK,760242,INE1RDG01013,PNGSREVA,EQ,,,,,PNGS REVA DIAMOND JEWEL L,508.00,527.40,488.00,521.70,524.30,511.25,,521.70,,,194259,98790465.95,5959,F1,1,,,,,
2026-09-02,2026-09-02,CM,NSE,STK,19036,INE371C01013,PODDARMENT,EQ,,,,,PODDAR PIGMENTS LIMITED,256.05,257.95,250.30,253.90,250.60,256.20,,253.84,,,2199,555148.25,99,F1,1,,,,,
2026-09-02,2026-09-02,CM,NSE,STK,17651,INE637C01025,POKARNA,EQ,,,,,POKARNA LIMITED,838.00,844.90,825.30,839.35,844.90,841.95,,839.34,,,31652,26439723.05,2774,F1,1,,,,,
2026-09-02,2026-09-02,CM,NSE,STK,25718,INE205C01021,POLYMED,EQ,,,,,POLY MEDICURE LIMITED,1750.00,1858.00,1739.60,1783.80,1796.00,1756.40,,1783.81,,,744104,1348051428.50,56811,F1,1,,,,,
2026-09-02,2026-09-02,CM,NSE,STK,9590,INE455K01017,POLYCAB,EQ,,,,,POLYCAB INDIA LIMITED,8876.50,8933.00,8732.00,8804.00,8804.00,8895.50,,8803.67,,,434543,3830067920.00,54283,F1,1,,,,,
2026-09-02,2026-09-02,CM,NSE,STK,2687,INE633B01018,POLYPLEX,EQ,,,,,POLYPLEX CORPORATION LTD,1182.10,1194.70,1172.10,1190.40,1193.00,1187.70,,1190.38,,,46020,54534409.90,4545,F1,1,,,,,
2026-09-02,2026-09-02,CM,NSE,STK,22711,INE517M01028,POLYSIL,SM,,,,,POLYSIL IRRIGATION SYST L,63.90,63.90,62.70,63.90,63.90,60.90,,63.90,,,189500,12101175.00,156,F1,500,,,,,
2026-09-02,2026-09-02,CM,NSE,STK,765150,INE914G01029,POLYSPIN,EQ,,,,,POLYSPIN EXPORTS LTD.,29.99,29.99,28.56,28.77,28.77,30.10,,28.77,,,230,6858.43,18,F1,1,,,,,
2026-09-02,2026-09-02,CM,NSE,STK,14385,INE063E01061,POCL,EQ,,,,,PONDY OXIDES & CHEM LTD,484.75,494.20,475.00,479.20,477.00,484.75,,479.24,,,323807,156829223.90,11483,F1,1,,,,,
2026-09-02,2026-09-02,CM,NSE,STK,10661,INE838E01017,PONNIERODE,EQ,,,,,PONNIE SUGARS (ERODE) LTD,375.85,403.75,375.85,399.05,400.00,380.20,,399.08,,,35699,14012745.50,2333,F1,1,,,,,
2026-09-02,2026-09-02,CM,NSE,STK,11403,INE511C01022,POONAWALLA,EQ,,,,,POONAWALLA FINCORP LTD,458.00,461.20,450.60,459.65,460.00,460.95,,459.62,,,473536,215715607.45,15326,F1,1,,,,,
2026-09-02,2026-09-02,CM,NSE,STK,23142,INE772T01024,PVSL,EQ,,,,,POPULAR VEHICLES N SER L,105.00,105.00,98.10,102.39,102.00,103.70,,102.38,,,30147,3048445.28,1119,F1,1,,,,,
2026-09-02,2026-09-02,CM,NSE,STK,24864,INE0S3H01017,POSITRON,SM,,,,,POSITRON ENERGY LIMITED,163.50,170.80,163.50,170.05,170.00,168.00,,170.05,,,9000,1519050.00,23,F1,300,,,,,
2026-09-02,2026-09-02,CM,NSE,STK,14299,INE134E01011,PFC,EQ,,,,,POWER FIN CORP LTD.,343.40,347.30,340.50,346.50,346.50,345.80,,346.50,,,11746142,4058101775.65,49358,F1,1,,,,,
2026-09-02,2026-09-02,CM,NSE,STK,14977,INE752E01010,POWERGRID,EQ,,,,,POWER GRID CORP. LTD.,264.00,268.35,262.40,266.80,266.80,264.55,,266.81,,,9068868,2414978342.15,69928,F1,1,,,,,
2026-09-02,2026-09-02,CM,NSE,STK,15716,INE557Z01018,PIGL,EQ,,,,,POWER INSTRUMENT (G) LTD,99.51,103.88,98.61,99.28,98.61,99.68,,99.21,,,16989,1697183.18,397,F1,1,,,,,
2026-09-02,2026-09-02,CM,NSE,STK,10473,INE211R01019,POWERMECH,EQ,,,,,POWER MECH PROJECTS LTD.,2473.30,2479.00,2435.00,2440.00,2442.00,2481.00,,2440.03,,,26551,65154608.70,4421,F1,1,,,,,
2026-09-02,2026-09-02,CM,NSE,STK,3494,INE0GGX23010,PGINVIT,IV,,,,,POWERGRID INFRA. INVITS,100.25,100.34,99.90,100.07,100.12,100.25,,100.07,,,1304847,130536754.11,5435,F1,1,,,,,
2026-09-02,2026-09-02,CM,NSE,STK,761680,INE921L01032,POWERICA,EQ,,,,,POWERICA LIMITED,510.00,510.90,490.65,494.55,495.00,512.35,,494.63,,,98400,49134085.95,4188,F1,1,,,,,
2026-09-02,2026-09-02,CM,NSE,STK,15213,INE095I01015,PPAP,BE,,,,,PPAP AUTOMOTIVE LIMITED,269.00,269.00,256.25,261.05,263.00,269.30,,259.73,,,14487,3783340.25,241,F1,1,,,,,
2026-09-02,2026-09-02,CM,NSE,STK,30134,INE0I0M01023,PRABHA,EQ,,,,,PRABHA ENERGY LIMITED,214.09,218.80,207.32,216.27,216.29,212.56,,216.27,,,161854,34748030.89,2740,F1,1,,,,,
2026-09-02,2026-09-02,CM,NSE,STK,762842,INE770A01010,PRADPME,BE,,,,,PRADEEP METALS LTD.,490.00,497.90,483.00,497.90,497.90,490.35,,496.45,,,2320,1143328.05,29,F1,1,,,,,
2026-09-02,2026-09-02,CM,NSE,STK,2705,INE074A01025,PRAJIND,EQ,,,,,PRAJ INDUSTRIES LTD,339.00,341.65,328.10,334.50,334.70,340.30,,334.45,,,633023,211584131.95,15480,F1,1,,,,,
2026-09-02,2026-09-02,CM,NSE,STK,13941,INE505C01016,PRAENG,EQ,,,,,PRAJAY ENG. SYN. LTD.,24.98,26.19,24.42,24.86,24.95,24.44,,24.86,,,407368,10228906.41,1799,F1,1,,,,,
2026-09-02,2026-09-02,CM,NSE,STK,2708,INE603A01013,PRAKASH,EQ,,,,,PRAKASH INDUSTRIES LTD,125.15,125.89,124.00,124.34,124.69,126.22,,124.35,,,196922,24543154.94,2795,F1,1,,,,,
2026-09-02,2026-09-02,CM,NSE,STK,10299,INE050001010,PPL,BE,,,,,PRAKASH PIPES LIMITED,258.20,259.45,254.00,257.10,257.80,261.55,,257.46,,,21504,5533104.45,311,F1,1,,,,,
2026-09-02,2026-09-02,CM,NSE,STK,19599,INE696K01024,PRAKASHSTL,EQ,,,,,PRAKASH STEELAGE LTD,3.88,3.92,3.79,3.80,3.81,3.87,,3.77,,,158017,605588.66,392,F1,1,,,,,
2026-09-02,2026-09-02,CM,NSE,STK,18514,INE0O7A01017,PRAMARA,SM,,,,,PRAMARA PROMOTIONS LTD,111.45,112.00,101.10,105.45,101.70,112.00,,105.45,,,19500,2101075.00,26,F1,500,,,,,
2026-09-02,2026-09-02,CM,NSE,STK,765287,INE2JG601017,PRAMODINI,SM,,,,,PRAMODINI MEDICARE LTD,119.20,119.20,115.00,117.10,117.40,117.10,,117.10,,,81600,9535440.00,56,F1,1200,,,,,
2026-09-02,2026-09-02,CM,NSE,STK,25818,INE0VJG01014,PRANIK,SM,,,,,PRANIK LOGISTICS LIMITED,40.00,40.55,39.10,39.90,39.10,43.00,,39.90,,,8000,319520.00,5,F1,1600,,,,,
2026-09-02,2026-09-02,CM,NSE,STK,21840,INE393P01035,DIAMONDYD,EQ,,,,,PRATAAP SNACKS LIMITED,1135.00,1169.90,1102.30,1155.20,1158.30,1144.80,,1155.20,,,7145,8220733.00,860,F1,1,,,,,
2026-09-02,2026-09-02,CM,NSE,STK,23113,INE0QA601016,PRATHAM,SM,,,,,PRATHAM EPC PROJECTS LTD,119.50,123.00,119.50,122.00,122.00,119.35,,122.00,,,3200,388380.00,7,F1,400,,,,,
2026-09-02,2026-09-02,CM,NSE,STK,762844,INE722B01019,PRAVEG,EQ,,,,,PRAVEG LTD.,263.00,265.00,260.05,260.85,260.40,265.95,,260.93,,,16745,4383644.00,954,F1,1,,,,,
2026-09-02,2026-09-02,CM,NSE,STK,1204,INE546Y01022,PRAXIS,EQ,,,,,PRAXIS HOME RETAIL LTD,4.69,4.71,4.46,4.46,4.50,4.69,,4.46,,,186357,837335.94,275,F1,1,,,,,
2026-09-02,2026-09-02,CM,NSE,STK,12603,INE484I01029,PRECAM,EQ,,,,,PRECISION CAMSHAFTS LTD.,123.60,130.00,119.49,122.87,123.89,123.15,,122.88,,,139788,16980816.69,3419,F1,1,,,,,
2026-09-02,2026-09-02,CM,NSE,STK,2717,INE372C01037,PRECWIRE,EQ,,,,,PRECISION WIRES INDIA LTD,493.55,502.20,478.90,483.10,485.00,497.30,,483.07,,,604171,293691328.30,21644,F1,1,,,,,
2026-09-02,2026-09-02,CM,NSE,STK,2711,INE283A01014,PRECOT,EQ,,,,,PRECOT LIMITED,686.00,702.40,686.00,692.20,692.20,694.90,,692.20,,,1212,838513.45,114,F1,1,,,,,
2026-09-02,2026-09-02,CM,NSE,STK,762849,INE001E01012,PREMCO,EQ,,,,,PREMCO GLOBAL LTD.,383.00,394.05,380.70,383.75,389.40,382.60,,383.75,,,1114,430659.80,65,F1,1,,,,,
2026-09-02,2026-09-02,CM,NSE,STK,25049,INE0BS701011,PREMIERENE,EQ,,,,,PREMIER ENERGIES LIMITED,1012.90,1012.90,998.00,1000.00,1000.00,1012.90,,1000.00,,,827532,829713593.10,30777,F1,1,,,,,
2026-09-02,2026-09-02,CM,NSE,STK,17397,INE863B01029,PREMEXPLN,EQ,,,,,PREMIER EXPLOSIVES LTD,702.50,702.50,666.10,668.80,668.60,663.95,,668.80,,,817689,554415887.85,15419,F1,1,,,,,
2026-09-02,2026-09-02,CM,NSE,STK,6248,INE342A01018,PREMIER,BE,,,,,PREMIER LIMITED,2.90,2.90,2.76,2.76,2.76,2.90,,2.76,,,5669,15874.16,22,F1,1,,,,,
2026-09-02,2026-09-02,CM,NSE,STK,3908,INE309M01020,PREMIERPOL,EQ,,,,,PREMIER POLYFILM LTD,90.30,92.19,89.02,89.79,89.88,90.44,,89.80,,,163733,14763111.42,3194,F1,1,,,,,
2026-09-02,2026-09-02,CM,NSE,STK,23764,INE0CFG01012,PRLIND,SM,,,,,PREMIER ROADLINES LIMITED,41.80,42.00,41.00,41.50,41.00,41.60,,41.50,,,26000,1088000.00,16,F1,1000,,,,,
2026-09-02,2026-09-02,CM,NSE,STK,20498,INE0R1601012,PRESSTONIC,SM,,,,,PRESSTONIC ENGINEERING L,34.15,36.00,32.90,33.80,33.00,33.00,,33.80,,,32000,1096520.00,34,F1,800,,,,,
2026-09-02,2026-09-02,CM,NSE,STK,20302,INE811K01011,PRESTIGE,EQ,,,,,PRESTIGE ESTATE LTD,1562.20,1582.00,1521.80,1582.00,1582.00,1570.00,,1582.00,,,546247,847401468.50,26689,F1,1,,,,,
2026-09-02,2026-09-02,CM,NSE,STK,19631,INE726V01018,PRICOLLTD,EQ,,,,,PRICOL LIMITED,796.20,796.20,762.00,767.75,768.75,797.00,,767.61,,,545899,422965148.45,19771,F1,1,,,,,
2026-09-02,2026-09-02,CM,NSE,STK,759075,INE0CQA01020,PRIMECAB,ST,,,,,PRIME CABLE INDUSTRIES L,207.65,207.65,203.00,203.00,203.00,198.00,,203.00,,,8000,1641040.00,5,F1,1600,,,,,
2026-09-02,2026-09-02,CM,NSE,STK,13496,INE367G01038,PFOCUS,EQ,,,,,PRIME FOCUS LIMITED,287.00,287.00,277.50,280.35,280.05,286.50,,280.35,,,515115,144724120.75,11170,F1,1,,,,,
2026-09-02,2026-09-02,CM,NSE,STK,11864,INE032B01021,PRIMESECU,EQ,,,,,PRIME SECURITIES LIMITED,284.90,291.65,279.70,287.30,290.10,282.70,,287.30,,,89913,25736916.75,487,F1,1,,,,,
2026-09-02,2026-09-02,CM,NSE,STK,756925,INE607A01022,PRIMO,EQ,,,,,PRIMO CHEMICALS LIMITED,21.25,21.44,20.31,20.80,20.78,21.26,,20.80,,,121947,2545525.89,1617,F1,1,,,,,
2026-09-02,2026-09-02,CM,NSE,STK,16045,INE689W01016,PRINCEPIPE,EQ,,,,,PRINCE PIPES FITTINGS LTD,292.00,292.45,284.00,285.00,287.00,291.75,,284.99,,,122407,35098185.65,3287,F1,1,,,,,
2026-09-02,2026-09-02,CM,NSE,STK,2739,INE010A01011,PRSMJOHNSN,EQ,,,,,PRISM JOHNSON LIMITED,111.50,112.20,110.14,111.64,111.64,111.20,,111.64,,,243544,27116770.14,3469,F1,1,,,,,
2026-09-02,2026-09-02,CM,NSE,STK,765155,INE286N01028,PRISMX,EQ,,,,,PRISMX GLOBAL VENTURES L,0.55,0.55,0.51,0.51,0.53,0.53,,0.53,,,148588,78411.96,129,F1,1,,,,,
2026-09-02,2026-09-02,CM,NSE,STK,8310,INE974Z01015,PRITI,BE,,,,,PRITI INTERNATIONAL LTD,33.99,33.99,33.25,33.25,33.30,33.29,,33.25,,,3141,105776.57,51,F1,1,,,,,
2026-09-02,2026-09-02,CM,NSE,STK,5296,INE583R01029,PRITIKAUTO,BE,,,,,PRITIKA AUTO INDUS LTD,16.80,16.99,16.16,16.32,16.21,16.75,,16.32,,,111868,1834500.86,329,F1,1,,,,,
2026-09-02,2026-09-02,CM,NSE,STK,12971,INE0MJQ01020,PRITIKA,SM,,,,,PRITIKA ENG COMPO LTD,63.25,63.35,63.00,63.35,63.35,61.80,,63.35,,,16000,1012500.00,4,F1,2000,,,,,
2026-09-02,2026-09-02,CM,NSE,STK,9342,INE392B01011,PNC,EQ,,,,,PRITISH NANDY COMMUNICATI,17.50,17.50,15.96,16.37,16.18,16.89,,16.35,,,39970,647940.88,351,F1,1,,,,,
2026-09-02,2026-09-02,CM,NSE,STK,8825,INE959A01019,PRIVISCL,EQ,,,,,PRIVI SPECIALITY CHE LTD,3323.60,3397.80,3303.30,3335.30,3343.40,3345.90,,3335.12,,,63594,212304411.60,13615,F1,1,,,,,
2026-09-02,2026-09-02,CM,NSE,STK,24511,INE0V9N01017,PRIZOR,ST,,,,,PRIZOR VIZTECH LIMITED,1108.65,1153.85,1108.65,1153.85,1153.85,1131.25,,1153.85,,,18400,20850240.00,46,F1,400,,,,,
2026-09-02,2026-09-02,CM,NSE,STK,757806,INE0VJT01017,PROFX,SM,,,,,PRO FX TECH LIMITED,76.80,76.80,76.80,76.80,76.80,80.00,,76.80,,,1600,122880.00,1,F1,1600,,,,,
2026-09-02,2026-09-02,CM,NSE,STK,940,INE199A01012,PGHL,EQ,,,,,PROCTER & GAMBLE HEALTH L,5750.00,5759.50,5662.50,5669.50,5675.50,5776.00,,5670.11,,,4582,26102229.50,1455,F1,1,,,,,
2026-09-02,2026-09-02,CM,NSE,STK,19352,INE994V01012,PROLIFE,SM,,,,,PROLIFE INDUSTRIES LTD,76.00,76.00,76.00,76.00,76.00,80.00,,76.00,,,1500,114000.00,3,F1,500,,,,,
2026-09-02,2026-09-02,CM,NSE,STK,764345,INE1FFX01018,PROPSHOP,SM,,,,,PROPSHOP EVENTS AND EXH L,63.05,69.00,63.05,68.45,68.00,66.20,,68.45,,,28000,1887300.00,13,F1,2000,,,,,
2026-09-02,2026-09-02,CM,NSE,STK,758173,INE0BX301013,PROSTARM,EQ,,,,,PROSTARM INFO SYSTEMS LTD,132.23,134.17,130.56,131.56,131.79,131.72,,131.56,,,112415,14777823.61,1615,F1,1,,,,,
2026-09-02,2026-09-02,CM,NSE,STK,29472,INE004A01022,PROTEAN,EQ,,,,,PROTEAN EGOV TECHNO LTD,510.00,511.00,496.20,497.65,497.95,509.90,,497.66,,,320935,160558720.75,11381,F1,1,,,,,
2026-09-02,2026-09-02,CM,NSE,STK,28859,INE195N01013,PROZONER,EQ,,,,,PROZONE REALTY LIMITED,44.10,47.48,44.10,46.49,46.00,44.92,,46.49,,,498977,22998980.57,2320,F1,1,,,,,
2026-09-02,2026-09-02,CM,NSE,STK,9553,INE00F201020,PRUDENT,EQ,,,,,PRUDENT CORP ADV SER LTD,3341.00,3341.00,3215.00,3237.40,3250.00,3352.30,,3236.73,,,28548,92926473.00,7353,F1,1,,,,,
2026-09-02,2026-09-02,CM,NSE,STK,20528,INE024D01016,PRUDMOULI,BE,,,,,PRUDENTIAL SUGAR CORPORAT,15.80,16.20,15.75,15.81,15.81,16.42,,16.46,,,3073,48520.62,24,F1,1,,,,,
2026-09-02,2026-09-02,CM,NSE,STK,20877,INE488V01015,PSPPROJECT,EQ,,,,,PSP PROJECTS LIMITED,867.00,887.90,848.70,858.00,856.10,874.50,,858.01,,,79009,68261172.05,3474,F1,1,,,,,
2026-09-02,2026-09-02,CM,NSE,STK,22602,INE560K01014,PFS,EQ,,,,,PTC INDIA FIN SERV LTD,27.00,27.30,26.43,27.12,27.08,26.96,,27.12,,,429299,11514409.01,2247,F1,1,,,,,
2026-09-02,2026-09-02,CM,NSE,STK,11355,INE877F01012,PTC,EQ,,,,,PTC INDIA LIMITED,155.00,155.90,153.41,155.44,155.90,155.20,,155.44,,,761035,117775580.70,8441,F1,1,,,,,
2026-09-02,2026-09-02,CM,NSE,STK,16682,INE596F01018,PTCIL,EQ,,,,,PTC INDUSTRIES LIMITED,22685.00,22980.00,22335.00,22715.00,22865.00,22755.00,,22713.00,,,33761,767069490.00,12123,F1,1,,,,,
2026-09-02,2026-09-02,CM,NSE,STK,14101,INE034D01049,PTL,EQ,,,,,PTL ENTERPRISES LTD,38.35,38.59,38.15,38.45,38.55,38.39,,38.44,,,27631,1062584.29,523,F1,1,,,,,
2026-09-02,2026-09-02,CM,NSE,STK,15377,INE865T01018,PDMJEPAPER,EQ,,,,,PUDUMJEE PAPER PRO. LTD,92.50,92.50,89.81,90.92,90.80,92.57,,90.92,,,74507,6762366.93,1214,F1,1,,,,,
2026-09-02,2026-09-02,CM,NSE,STK,21001,INE608A01012,PSB,EQ,,,,,PUNJAB & SIND BANK,22.58,22.72,22.09,22.58,22.72,22.58,,22.58,,,1678778,37591041.86,3703,F1,1,,,,,
2026-09-02,2026-09-02,CM,NSE,STK,4344,INE277B01014,PUNJABCHEM,EQ,,,,,PUNJAB CHEM & CROP PROT L,1113.10,1118.40,1088.40,1093.40,1099.00,1109.30,,1093.40,,,3693,4051565.80,526,F1,1,,,,,
2026-09-02,2026-09-02,CM,NSE,STK,10666,INE160A01022,PNB,EQ,,,,,PUNJAB NATIONAL BANK,114.65,117.25,113.92,117.00,117.00,115.22,,117.00,,,21100041,2458172464.04,61783,F1,1,,,,,
2026-09-02,2026-09-02,CM,NSE,STK,14922,INE323I01011,PURVA,EQ,,,,,PURAVANKARA LIMITED,214.00,214.00,208.20,209.79,208.60,212.38,,209.78,,,102085,21382218.54,2599,F1,1,,,,,
2026-09-02,2026-09-02,CM,NSE,STK,28044,INE0P5R01014,PURPLEUTED,ST,,,,,PURPLE UNITED SALES LTD,380.20,407.00,380.20,405.70,405.70,395.30,,405.70,,,14250,5710812.50,48,F1,250,,,,,
2026-09-02,2026-09-02,CM,NSE,STK,22938,INE0R6C01012,PURVFLEXI,SM,,,,,PURV FLEXIPACK LIMITED,48.50,49.95,48.40,48.40,48.40,50.90,,48.40,,,18400,892920.00,22,F1,800,,,,,
2026-09-02,2026-09-02,CM,NSE,STK,757683,INE154801018,PUSHPA,SM,,,,,PUSHPA JEWELLERS LIMITED,112.50,114.45,111.65,114.20,114.45,107.20,,114.20,,,33000,3737100.00,24,F1,1000,,,,,
2026-09-02,2026-09-02,CM,NSE,STK,4010,INE362A01016,PVP,EQ,,,,,PVP VENTURES LIMITED,61.81,62.00,61.81,61.81,61.81,65.06,,61.81,,,700698,43318624.44,990,F1,1,,,,,
2026-09-02,2026-09-02,CM,NSE,STK,13147,INE191H01014,PVRINOX,EQ,,,,,PVR INOX LIMITED,1231.70,1231.70,1207.00,1210.00,1212.00,1228.20,,1209.98,,,311807,380143191.40,29076,F1,1,,,,,
2026-09-02,2026-09-02,CM,NSE,STK,18250,INE0MIS01010,PYRAMID,EQ,,,,,PYRAMID TECHNOPLAST LTD,159.66,159.66,154.82,155.64,156.07,158.08,,155.80,,,42803,6680676.67,981,F1,1,,,,,
2026-09-02,2026-09-02,CM,NSE,STK,763594,INE1G2W01011,QLINE,SM,,,,,Q-LINE BIOTECH LIMITED,584.00,623.00,568.00,619.55,620.00,587.05,,619.55,,,164000,98877880.00,350,F1,400,,,,,
2026-09-02,2026-09-02,CM,NSE,STK,751653,INE0FMW01018,QMSMEDI,BE,,,,,QMS MEDICAL ALLIED S LTD,160.00,161.99,157.75,158.33,159.89,161.31,,158.33,,,12338,1965704.54,129,F1,1,,,,,
2026-09-02,2026-09-02,CM,NSE,STK,29087,INE0LRY01011,QUADFUTURE,EQ,,,,,QUADRANT FUTURE TEK LTD,412.00,429.70,412.00,415.00,419.80,419.15,,415.02,,,294548,124158528.55,9237,F1,1,,,,,
2026-09-02,2026-09-02,CM,NSE,STK,29711,INE0SII01026,QPOWER,EQ,,,,,QUALITY POWER ELEC EQUP L,1488.20,1500.00,1450.00,1455.60,1461.00,1488.00,,1455.62,,,190928,280905642.50,11967,F1,1,,,,,
2026-09-02,2026-09-02,CM,NSE,STK,15330,INF082J01408,QGOLDHALF,EQ,,,,,QUANTUM GOLD ETF,124.31,125.30,123.06,123.84,123.84,125.58,,123.84,,,375724,46597901.52,1430,F1,1,,,,,
2026-09-02,2026-09-02,CM,NSE,STK,16819,INF082J01499,QNIFTY,EQ,,,,,QUANTUM NIFTY 50 ETF,267.50,267.50,262.17,263.41,263.60,264.36,,263.41,,,6966,1833361.02,108,F1,1,,,,,
2026-09-02,2026-09-02,CM,NSE,STK,765392,INF966L01EI5,SILVER001,EQ,,,,,QUANT_AMC - SILVER001,23.46,23.47,22.56,22.79,22.80,23.00,,22.79,,,60488,1383430.86,182,F1,1,,,,,
2026-09-02,2026-09-02,CM,NSE,STK,17704,INE615P01015,QUESS,EQ,,,,,QUESS CORP LIMITED,378.00,382.00,363.50,379.25,376.10,379.50,,379.27,,,401103,149599590.75,17499,F1,1,,,,,
2026-09-02,2026-09-02,CM,NSE,STK,23793,INE0TNW01017,QUESTLAB,SM,,,,,QUEST LABORATORIES LTD,85.20,85.50,84.00,84.00,84.00,85.65,,84.00,,,6000,509640.00,5,F1,1200,,,,,
2026-09-02,2026-09-02,CM,NSE,STK,13131,INE306L01010,QUICKHEAL,BE,,,,,QUICK HEAL TECH LTD,138.66,138.66,136.05,137.96,137.95,137.23,,137.94,,,34614,4763735.63,422,F1,1,,,,,
2026-09-02,2026-09-02,CM,NSE,STK,15285,INE0K4D01020,QUICKTOUCH,SM,,,,,QUICKTOUCH TECHNOLOGIES L,15.50,15.50,15.50,15.50,15.50,15.85,,15.50,,,1500,23250.00,2,F1,500,,,,,
2026-09-02,2026-09-02,CM,NSE,STK,762854,INE641R01017,QUINT,EQ,,,,,QUINT DIGITAL LTD.,40.10,40.29,38.75,39.44,39.10,40.97,,39.46,,,1281,50402.69,35,F1,1,,,,,
2026-09-02,2026-09-02,CM,NSE,STK,24957,INE0KZF01015,QVCEL,SM,,,,,QVC EXPORTS LIMITED,23.05,23.75,22.50,23.75,23.75,23.65,,23.75,,,25600,585360.00,13,F1,1600,,,,,
2026-09-02,2026-09-02,CM,NSE,STK,23043,INE0NQ801033,RKSWAMY,EQ,,,,,R K SWAMY LIMITED,92.87,93.00,90.51,92.14,93.00,90.58,,92.13,,,19499,1791355.85,486,F1,1,,,,,
2026-09-02,2026-09-02,CM,NSE,STK,757836,INE219Y01026,RMDRIP,BE,,,,,R M DRIP & SPRINK SYS LTD,21.80,22.00,21.00,21.06,21.00,21.77,,21.07,,,326982,6903743.98,774,F1,1,,,,,
2026-09-02,2026-09-02,CM,NSE,STK,762864,INE951M01037,RRIL,EQ,,,,,R R I L LTD.,17.00,17.00,16.50,16.64,16.56,16.67,,16.64,,,6550,109148.10,141,F1,1,,,,,
2026-09-02,2026-09-02,CM,NSE,STK,18566,INE777K01022,RRKABEL,EQ,,,,,R R KABEL LIMITED,2869.50,2869.50,2618.00,2630.40,2636.00,2869.80,,2630.42,,,1150212,3109218551.00,94716,F1,1,,,,,
2026-09-02,2026-09-02,CM,NSE,STK,762872,INE616F01022,RSDFIN,BE,,,,,R S D FINANCE LTD.,93.00,101.00,93.00,95.37,99.50,97.60,,95.52,,,1895,180096.95,37,F1,1,,,,,
2026-09-02,2026-09-02,CM,NSE,STK,13414,INE411H01032,RSYSTEMS,EQ,,,,,R SYS INTERNATIONAL LTD,252.00,255.95,248.20,253.96,254.00,255.74,,253.95,,,333125,83871961.77,5644,F1,1,,,,,
2026-09-02,2026-09-02,CM,NSE,STK,764855,INE005C01017,RTSPOWR,EQ,,,,,R T S POWER CORPN. LTD.,90.00,90.00,87.34,88.66,88.50,89.08,,88.62,,,1028,90591.51,42,F1,1,,,,,
2026-09-02,2026-09-02,CM,NSE,STK,758981,INE012Q01039,RNBDENIMS,EQ,,,,,R&B DENIMS LIMITED,11.37,11.37,11.37,11.37,11.37,10.83,,11.38,,,103008,1171200.96,146,F1,1,,,,,
2026-09-02,2026-09-02,CM,NSE,STK,6429,INE165B01029,RSSOFTWARE,EQ,,,,,R. S. SOFTWARE (INDIA) LI,28.75,29.20,27.29,28.54,28.70,28.72,,28.47,,,94746,2653017.08,539,F1,1,,,,,
2026-09-02,2026-09-02,CM,NSE,STK,20760,INE324L01013,RPPINFRA,EQ,,,,,R.P.P INFRA PROJECTS LTD,56.57,56.63,55.11,55.57,55.74,56.57,,55.57,,,56432,3162704.42,670,F1,1,,,,,
2026-09-02,2026-09-02,CM,NSE,STK,762244,INE2PB023011,RIIT,IV,,,,,RAAJMARG INFRA INVEST T,121.89,121.89,121.15,121.48,121.49,121.32,,121.48,,,224761,27304909.60,3881,F1,1,,,,,
2026-09-02,2026-09-02,CM,NSE,STK,15391,INE084Q01012,RACE,EQ,,,,,RACE ECO CHAIN LIMITED,102.50,102.50,98.50,100.36,102.44,99.68,,100.36,,,12224,1212075.44,84,F1,1,,,,,
2026-09-02,2026-09-02,CM,NSE,STK,9854,INE02OY01016,RILINFRA,SM,,,,,RACHANA INFRA LTD,35.85,36.50,34.35,35.55,36.20,35.70,,35.55,,,8900,316535.00,37,F1,100,,,,,
2026-09-02,2026-09-02,CM,NSE,STK,27171,INE704B01017,RACLGEAR,EQ,,,,,RACL GEARTECH LIMITED,1530.00,1560.00,1485.00,1516.60,1513.10,1537.90,,1516.99,,,23651,35817484.70,3094,F1,1,,,,,
2026-09-02,2026-09-02,CM,NSE,STK,10932,INE874F01027,RADAAN,EQ,,,,,RADAAN MEDIAWORKS (I) LTD,2.73,3.00,2.73,2.88,2.88,2.90,,2.88,,,27131,77449.90,89,F1,1,,,,,
2026-09-02,2026-09-02,CM,NSE,STK,10343,INE583V01021,RADHIKAJWE,EQ,,,,,RADHIKA JEWELTECH LIMITED,71.00,73.90,70.55,71.60,71.75,71.10,,71.60,,,1365803,98242186.29,12208,F1,1,,,,,
2026-09-02,2026-09-02,CM,NSE,STK,13580,INE855R01021,RADIANTCMS,EQ,,,,,RADIANT CASH MGMT SER LTD,39.60,39.90,38.90,39.18,39.10,39.07,,39.19,,,254057,9981851.33,2164,F1,1,,,,,
2026-09-02,2026-09-02,CM,NSE,STK,10990,INE944F01028,RADICO,EQ,,,,,RADICO KHAITAN LTD,4448.60,4476.20,4390.00,4476.20,4476.20,4474.30,,4476.19,,,183742,814219945.80,31222,F1,1,,,,,
2026-09-02,2026-09-02,CM,NSE,STK,23445,INE430U01019,RADIOWALLA,ST,,,,,RADIOWALLA NETWORK LTD,31.75,31.75,31.75,31.75,31.75,30.25,,31.75,,,22400,711200.00,9,F1,1600,,,,,
2026-09-02,2026-09-02,CM,NSE,STK,24735,INE912T01018,RPEL,EQ,,,,,RAGHAV PRODUCTIVITY ENH L,1729.40,1785.00,1704.20,1774.60,1774.40,1727.10,,1774.70,,,49856,87604161.50,7267,F1,1,,,,,
2026-09-02,2026-09-02,CM,NSE,STK,9552,INE415G01027,RVNL,EQ,,,,,RAIL VIKAS NIGAM LIMITED,207.00,207.00,203.83,206.00,206.00,208.38,,206.00,,,3795701,779603834.34,43916,F1,1,,,,,
2026-09-02,2026-09-02,CM,NSE,STK,2431,INE0DD101019,RAILTEL,EQ,,,,,RAILTEL CORP OF IND LTD,274.30,275.05,270.50,271.55,271.75,277.90,,271.53,,,303377,82574669.70,9144,F1,1,,,,,
2026-09-02,2026-09-02,CM,NSE,STK,15337,INE855B01025,RAIN,EQ,,,,,RAIN INDUSTRIES LIMITED,205.00,208.70,202.58,205.66,205.00,206.55,,205.67,,,2767223,567361553.24,18459,F1,1,,,,,
2026-09-02,2026-09-02,CM,NSE,STK,9408,INE961O01016,RAINBOW,EQ,,,,,RAINBOW CHILDRENS MED LTD,1440.00,1440.00,1421.00,1433.00,1432.00,1446.40,,1432.99,,,38375,54916229.40,6534,F1,1,,,,,
2026-09-02,2026-09-02,CM,NSE,STK,359,INE294G01026,ROML,EQ,,,,,RAJ OIL MILLS LIMITED,43.15,43.80,42.05,42.13,42.10,43.15,,42.21,,,677,28891.99,43,F1,1,,,,,
2026-09-02,2026-09-02,CM,NSE,STK,8428,INE533D01032,RAJRILTD,BE,,,,,RAJ RAYON INDUSTRIES LTD,22.81,23.15,22.36,22.43,22.80,22.81,,22.48,,,38997,875235.11,120,F1,1,,,,,
2026-09-02,2026-09-02,CM,NSE,STK,14403,INE952H01027,RAJTV,EQ,,,,,RAJ TV NETWORK LTD,8.93,8.93,8.93,8.93,8.93,9.39,,8.93,,,49994,446446.42,175,F1,1,,,,,
2026-09-02,2026-09-02,CM,NSE,STK,762859,INE296E01026,RAJPALAYAM,EQ,,,,,RAJAPALAYAM MILLS LTD.,810.05,810.05,791.90,794.10,794.10,810.00,,794.79,,,839,668675.20,67,F1,1,,,,,
2026-09-02,2026-09-02,CM,NSE,STK,181,INE610C01014,ARENTERP,EQ,,,,,RAJDARSHAN INDUSTRIES LTD,34.60,36.40,34.50,34.70,34.70,35.31,,34.70,,,1644,57378.46,23,F1,1,,,,,
2026-09-02,2026-09-02,CM,NSE,STK,760461,INE343B01030,RAJESHEXPO,BZ,,,,,RAJESH EXPORTS LTD,77.90,79.49,77.00,79.49,79.49,75.71,,79.49,,,300872,23823118.39,2100,F1,1,,,,,
2026-09-02,2026-09-02,CM,NSE,STK,765445,INE0BZQ20011,RCDL-RE,ST,,,,,RAJGOR CAST DERIVATI LTD,2.70,2.75,1.75,1.75,1.75,2.90,,1.75,,,453000,920250.00,96,F1,3000,,,,,
2026-09-02,2026-09-02,CM,NSE,STK,19681,INE0BZQ01011,RCDL,SM,,,,,RAJGOR CASTOR DERIVATI L,16.20,16.20,14.25,14.55,14.60,15.30,,14.55,,,36000,527250.00,12,F1,3000,,,,,
2026-09-02,2026-09-02,CM,NSE,STK,2168,INE00KV01022,RAJMET,EQ,,,,,RAJNANDINI METAL LIMITED,3.09,3.16,3.09,3.10,3.12,3.11,,3.10,,,246319,767400.28,609,F1,1,,,,,
2026-09-02,2026-09-02,CM,NSE,STK,757052,INE535F01024,RAJOOENG,BE,,,,,RAJOO ENGINEERS LIMITED,49.44,49.44,48.06,48.67,48.95,49.45,,48.70,,,79982,3887169.57,554,F1,1,,,,,
2026-09-02,2026-09-02,CM,NSE,STK,27269,INE0VHU01019,RAJPUTANA,SM,,,,,RAJPUTANA BIODIESEL LTD,237.05,239.00,220.00,238.50,238.50,242.00,,238.50,,,26500,6139975.00,40,F1,500,,,,,
2026-09-02,2026-09-02,CM,NSE,STK,24707,INE0PCU01012,RAJINDLTD,SM,,,,,RAJPUTANA INDUSTRIES LTD,65.00,65.00,61.05,63.00,63.00,64.80,,63.00,,,16500,1051050.00,11,F1,1500,,,,,
2026-09-02,2026-09-02,CM,NSE,STK,761439,INE313L01016,RSL,EQ,,,,,RAJPUTANA STAINLESS LTD,177.00,180.95,175.15,178.98,180.20,176.74,,179.01,,,159908,28528644.57,2079,F1,1,,,,,
2026-09-02,2026-09-02,CM,NSE,STK,18962,INE451D01029,RAJRATAN,EQ,,,,,RAJRATAN GLOBAL WIRE LTD,496.70,496.70,487.55,490.45,490.00,496.70,,490.51,,,31340,15407935.00,1882,F1,1,,,,,
2026-09-02,2026-09-02,CM,NSE,STK,6915,INE760W01023,RPPL,BE,,,,,RAJSHREE POLYPACK LTD,23.00,23.00,22.50,22.89,22.90,23.14,,22.89,,,17997,407608.50,81,F1,1,,,,,
2026-09-02,2026-09-02,CM,NSE,STK,2809,INE562B01019,RAJSREESUG,EQ,,,,,RAJSHREE SUGAR & CHEMICAL,35.52,36.99,35.33,35.55,35.50,36.23,,35.55,,,25195,912232.49,407,F1,1,,,,,
2026-09-02,2026-09-02,CM,NSE,STK,2816,INE613A01020,RALLIS,EQ,,,,,RALLIS INDIA LTD,206.99,209.97,204.51,209.50,209.00,207.17,,209.50,,,724374,150549804.24,24027,F1,1,,,,,
2026-09-02,2026-09-02,CM,NSE,STK,10485,INE207E01023,RAMRAT,EQ,,,,,RAM RATNA WIRES LIMITED,570.20,577.50,532.30,535.10,537.10,570.20,,535.17,,,400073,219625292.90,18262,F1,1,,,,,
2026-09-02,2026-09-02,CM,NSE,STK,10568,INE809A01032,RAMAPHO,EQ,,,,,RAMA PHOSPHATES LIMITED,121.86,124.00,121.10,122.93,123.34,122.22,,122.93,,,6459,791122.63,260,F1,1,,,,,
2026-09-02,2026-09-02,CM,NSE,STK,10304,INE230R01035,RAMASTEEL,BE,,,,,RAMA STEEL TUBES LIMITED,4.17,4.17,4.17,4.17,4.17,4.25,,4.16,,,410347,1711146.99,1144,F1,1,,,,,
2026-09-02,2026-09-02,CM,NSE,STK,4587,INE614A01028,RAMCOIND,EQ,,,,,RAMCO INDUSTRIES LIMITED,321.60,324.55,317.35,319.50,319.00,323.70,,318.82,,,122658,39286247.85,2905,F1,1,,,,,
2026-09-02,2026-09-02,CM,NSE,STK,7851,INE246B01019,RAMCOSYS,EQ,,,,,RAMCO SYSTEMS LTD.,590.00,593.00,575.00,579.00,580.10,590.95,,579.07,,,86512,50355753.20,3731,F1,1,,,,,
2026-09-02,2026-09-02,CM,NSE,STK,23565,INE0RJH01010,RBS,SM,,,,,RAMDEVBABA SOLVENT LTD,88.00,92.90,88.00,88.50,88.50,89.15,,88.50,,,7200,644640.00,8,F1,800,,,,,
2026-09-02,2026-09-02,CM,NSE,STK,11411,INE399G01023,RKFORGE,EQ,,,,,RAMKRISHNA FORGINGS LTD,749.00,749.00,723.00,726.10,727.05,753.60,,726.09,,,604068,443089514.35,18425,F1,1,,,,,
2026-09-02,2026-09-02,CM,NSE,STK,20134,INE874I01013,RAMKY,EQ,,,,,RAMKY INFRA LTD,343.50,343.85,333.00,340.85,340.10,343.85,,340.85,,,22632,7713419.65,874,F1,1,,,,,
2026-09-02,2026-09-02,CM,NSE,STK,2837,INE625B01014,RANASUG,EQ,,,,,RANA SUGARS LTD.,14.78,15.13,14.70,14.90,14.89,14.94,,14.90,,,193282,2893718.60,637,F1,1,,,,,
2026-09-02,2026-09-02,CM,NSE,STK,11975,INE050H01012,RML,EQ,,,,,RANE (MADRAS) LIMITED,1111.20,1117.90,1100.00,1103.70,1106.90,1117.20,,1103.69,,,9847,10899453.70,1165,F1,1,,,,,
2026-09-02,2026-09-02,CM,NSE,STK,2844,INE384A01010,RANEHOLDIN,EQ,,,,,RANE HOLDINGS LIMITED,1552.00,1615.00,1538.10,1605.20,1600.00,1560.70,,1605.36,,,10389,16463809.80,1435,F1,1,,,,,
2026-09-02,2026-09-02,CM,NSE,STK,30460,INE0QX901013,RAPIDFLEET,SM,,,,,RAPID FLEET MGT SERVICE L,238.50,238.70,230.00,230.00,230.00,232.50,,230.00,,,16800,3933780.00,27,F1,600,,,,,
2026-09-02,2026-09-02,CM,NSE,STK,25610,INE0MVO01012,RAPPID,SM,,,,,RAPPID VALVES (INDIA) LTD,298.00,310.00,298.00,304.70,309.90,298.50,,304.70,,,7200,2181480.00,11,F1,600,,,,,
2026-09-02,2026-09-02,CM,NSE,STK,22670,INE0J1F01024,RPTECH,EQ,,,,,RASHI PERIPHERALS LIMITED,809.10,819.80,802.00,806.10,808.00,809.10,,806.12,,,167976,136026712.90,10322,F1,1,,,,,
2026-09-02,2026-09-02,CM,NSE,STK,2866,INE027A01015,RCF,EQ,,,,,RASHTRIYA CHEMICALS & FER,113.96,114.45,112.70,113.94,114.01,114.51,,113.93,,,717999,81660520.52,7539,F1,1,,,,,
2026-09-02,2026-09-02,CM,NSE,STK,7177,INE0CLI01024,RATEGAIN,EQ,,,,,RATEGAIN TRAVEL TECHN LTD,907.00,914.70,871.25,875.35,875.00,911.25,,875.35,,,602952,533025837.60,33546,F1,1,,,,,
2026-09-02,2026-09-02,CM,NSE,STK,13451,INE703B01027,RATNAMANI,EQ,,,,,RATNAMANI MET & TUB LTD.,2610.00,2656.00,2556.00,2634.30,2618.00,2605.10,,2634.25,,,44485,116122415.70,12941,F1,1,,,,,
2026-09-02,2026-09-02,CM,NSE,STK,18423,INE05CZ01011,RATNAVEER,EQ,,,,,RATNAVEER PRECISION ENG L,291.30,293.60,282.00,286.15,285.75,291.35,,286.16,,,1974512,567611076.35,18506,F1,1,,,,,
2026-09-02,2026-09-02,CM,NSE,STK,765490,INE05CZ20011,RATNA-RE,BE,,,,,RATNAVEER PRECISION LTD,17.50,17.50,16.45,16.45,16.45,27.35,,16.48,,,115644,1911049.75,1273,F1,1,,,,,
2026-09-02,2026-09-02,CM,NSE,STK,27297,INE834M01019,RTNINDIA,EQ,,,,,RATTANINDIA ENT LIMITED,30.00,30.02,29.35,29.59,29.60,30.02,,29.59,,,1119765,33096884.22,4778,F1,1,,,,,
2026-09-02,2026-09-02,CM,NSE,STK,17520,INE399K01017,RTNPOWER,EQ,,,,,RATTANINDIA POWER LIMITED,7.46,7.48,7.30,7.39,7.43,7.45,,7.39,,,15138484,111642602.67,16142,F1,1,,,,,
2026-09-02,2026-09-02,CM,NSE,STK,20950,INE722J01012,RKDL,EQ,,,,,RAVI KUMAR DIST. LTD.,18.98,18.98,18.10,18.25,18.25,18.63,,18.25,,,8523,155221.05,89,F1,1,,,,,
2026-09-02,2026-09-02,CM,NSE,STK,1565,INE09E501017,RVHL,EQ,,,,,RAVINDER HEIGHTS LIMITED,40.79,41.34,38.16,39.28,39.00,39.24,,39.39,,,2310,91663.14,67,F1,1,,,,,
2026-09-02,2026-09-02,CM,NSE,STK,24596,INE206N01018,RELTD,EQ,,,,,RAVINDRA ENERGY LIMITED,152.06,155.49,151.50,152.13,152.00,153.90,,152.12,,,142843,21815840.59,2371,F1,1,,,,,
2026-09-02,2026-09-02,CM,NSE,STK,25073,INE02ID01020,RAYMONDLSL,EQ,,,,,RAYMOND LIFESTYLE LIMITED,631.00,662.90,628.25,650.30,650.40,637.15,,650.30,,,225434,146735121.15,9205,F1,1,,,,,
2026-09-02,2026-09-02,CM,NSE,STK,2859,INE301A01014,RAYMOND,EQ,,,,,RAYMOND LTD,632.90,674.90,625.30,667.25,666.70,635.30,,667.24,,,2180718,1448368266.75,58513,F1,1,,,,,
2026-09-02,2026-09-02,CM,NSE,STK,758551,INE1SY401010,RAYMONDREL,EQ,,,,,RAYMOND REALTY LIMITED,516.75,528.00,501.05,506.05,510.00,516.75,,506.02,,,529641,271389922.55,12654,F1,1,,,,,
2026-09-02,2026-09-02,CM,NSE,STK,18391,INE976G01028,RBLBANK,EQ,,,,,RBL BANK LIMITED,377.60,392.70,375.00,389.40,389.40,380.50,,389.41,,,4297189,1659504821.05,55056,F1,1,,,,,
2026-09-02,2026-09-02,CM,NSE,STK,13570,INE0NA301016,RBMINFRA,SM,,,,,RBM INFRACON LIMITED,238.75,243.70,233.00,242.75,243.70,234.00,,242.75,,,9800,2318550.00,38,F1,200,,,,,
2026-09-02,2026-09-02,CM,NSE,STK,20874,INE0PEQ01016,RBZJEWEL,EQ,,,,,RBZ JEWELLERS LIMITED,176.40,184.67,155.00,161.47,162.00,169.00,,161.47,,,10355122,1732269959.65,119102,F1,1,,,,,
2026-09-02,2026-09-02,CM,NSE,STK,764850,INE0AK901016,RRECL,EQ,,,,,RDB REAL ESTATE CONS L,134.15,139.90,131.05,138.85,138.85,134.15,,138.85,,,539,71912.75,21,F1,1,,,,,
2026-09-02,2026-09-02,CM,NSE,STK,29561,INE10QL01011,READYMIX,SM,,,,,READYMIX CONSTRU MACHI L,79.50,80.95,76.00,78.65,80.95,79.65,,78.65,,,28000,2191700.00,28,F1,1000,,,,,
2026-09-02,2026-09-02,CM,NSE,STK,15355,INE020B01018,RECLTD,EQ,,,,,REC LIMITED,312.00,318.50,310.40,316.45,316.45,314.05,,316.45,,,4975534,1570207616.00,35373,F1,1,,,,,
2026-09-02,2026-09-02,CM,NSE,STK,14255,INE891D01026,REDINGTON,EQ,,,,,REDINGTON LIMITED,344.35,366.70,343.70,363.20,362.95,349.60,,363.20,,,10766413,3875485925.80,104241,F1,1,,,,,
2026-09-02,2026-09-02,CM,NSE,STK,17859,INE0LXT01019,REDTAPE,EQ,,,,,REDTAPE LIMITED,121.00,121.69,118.55,118.99,119.00,122.19,,118.99,,,314900,37634493.31,5383,F1,1,,,,,
2026-09-02,2026-09-02,CM,NSE,STK,17764,INE056I01025,REFEX,EQ,,,,,REFEX INDUSTRIES LIMITED,277.00,282.45,273.00,277.45,278.00,277.60,,277.44,,,212725,59030510.40,5716,F1,1,,,,,
2026-09-02,2026-09-02,CM,NSE,STK,23718,INE0TNX01015,REFRACTORY,SM,,,,,REFRACTORY SHAPES LIMITED,26.60,27.60,26.50,26.50,26.50,27.85,,26.50,,,10000,266850.00,9,F1,1000,,,,,
2026-09-02,2026-09-02,CM,NSE,STK,758680,INE0MHO01029,REGAAL,EQ,,,,,REGAAL RESOURCES LIMITED,88.00,92.18,85.68,90.78,91.45,87.90,,90.78,,,826348,74565506.27,3465,F1,1,,,,,
2026-09-02,2026-09-02,CM,NSE,STK,4130,INE277C01012,REGENCERAM,EQ,,,,,REGENCY CERAMICS LTD.,36.00,36.00,34.00,35.24,35.39,34.49,,34.86,,,1738,61233.07,55,F1,1,,,,,
2026-09-02,2026-09-02,CM,NSE,STK,24225,INE131B01039,RELAXO,EQ,,,,,RELAXO FOOT LTD.,359.00,359.00,344.00,346.40,345.60,359.35,,346.38,,,180409,62655340.90,8676,F1,1,,,,,
2026-09-02,2026-09-02,CM,NSE,STK,3172,INF204KC1030,GILT5YBEES,EQ,,,,,RELCAPAMC - NETFGILT5Y,66.10,66.10,65.78,66.09,66.04,66.04,,66.09,,,198008,13075087.90,402,F1,1,,,,,
2026-09-02,2026-09-02,CM,NSE,STK,24378,INE375Y01018,RELIABLE,EQ,,,,,RELIABLE DATA SERVICE LTD,138.00,139.90,133.61,138.74,139.10,135.98,,138.73,,,57192,7918827.17,930,F1,1,,,,,
2026-09-02,2026-09-02,CM,NSE,STK,9652,INE750D01016,RELCHEMQ,EQ,,,,,RELIANCE CHEMOTEX IND LTD,113.19,115.79,110.37,111.70,111.20,113.19,,111.70,,,2340,263102.28,69,F1,1,,,,,
2026-09-02,2026-09-02,CM,NSE,STK,13188,INE330H01018,RCOM,BE,,,,,RELIANCE COMMUNICATIONS L,0.82,0.82,0.78,0.79,0.80,0.81,,0.79,,,3152372,2521892.93,1812,F1,1,,,,,
2026-09-02,2026-09-02,CM,NSE,STK,759204,INE217K01011,RHFL,BZ,,,,,RELIANCE HOME FINANCE LTD,1.80,1.80,1.73,1.75,1.76,1.81,,1.75,,,618118,1086415.73,864,F1,1,,,,,
2026-09-02,2026-09-02,CM,NSE,STK,2912,INE046A01015,RIIL,EQ,,,,,RELIANCE INDUSTRIAL INFRA,744.00,747.80,736.00,743.75,747.00,749.70,,743.74,,,34494,25562676.30,2180,F1,1,,,,,
2026-09-02,2026-09-02,CM,NSE,STK,2885,INE002A01018,RELIANCE,EQ,,,,,RELIANCE INDUSTRIES LTD,1298.00,1321.90,1293.10,1313.10,1313.10,1309.00,,1313.10,,,13497841,17668058961.20,196257,F1,1,,,,,
2026-09-02,2026-09-02,CM,NSE,STK,4791,INE036A01016,RELINFRA,BE,,,,,RELIANCE INFRASTRUCTU LTD,58.50,59.30,57.05,57.05,57.05,58.21,,57.05,,,333917,19375271.97,2686,F1,1,,,,,
2026-09-02,2026-09-02,CM,NSE,STK,15259,INE614G01033,RPOWER,EQ,,,,,RELIANCE POWER LTD.,22.13,22.18,21.80,22.05,22.15,22.26,,22.05,,,10033374,220918953.10,22056,F1,1,,,,,
2026-09-02,2026-09-02,CM,NSE,STK,765330,INF205KA1CB9,IVZBANKNF,EQ,,,,,RELIGARAMC - IVZBANKNF,58.45,58.45,56.90,57.00,57.00,57.30,,57.00,,,982,56004.07,13,F1,1,,,,,
2026-09-02,2026-09-02,CM,NSE,STK,765327,INF205KA1CA1,IVZSENSEX,EQ,,,,,RELIGARAMC - IVZSENSEX,76.53,76.71,76.16,76.57,76.62,76.35,,76.60,,,1849,141405.34,23,F1,1,,,,,
2026-09-02,2026-09-02,CM,NSE,STK,15068,INE621H01010,RELIGARE,EQ,,,,,RELIGARE ENTER. LTD.,249.78,251.01,245.42,248.06,249.25,249.78,,248.05,,,576451,143095626.66,10620,F1,1,,,,,
2026-09-02,2026-09-02,CM,NSE,STK,3965,INE474C01023,REMSONSIND,EQ,,,,,REMSONS INDUSTRIES LTD,97.44,98.40,94.00,94.88,94.30,97.44,,94.87,,,69007,6570284.35,2681,F1,1,,,,,
2026-09-02,2026-09-02,CM,NSE,STK,16154,INE0O5T01011,REMUS,SM,,,,,REMUS PHARMACEUTICALS L,866.00,900.00,866.00,885.30,880.00,866.60,,885.30,,,3400,3001385.00,33,F1,100,,,,,
2026-09-02,2026-09-02,CM,NSE,STK,15129,INE722H01024,RGL,EQ,,,,,RENAISSANCE GLOBAL LTD,136.96,139.50,134.80,137.79,138.90,136.96,,137.79,,,523746,72040916.38,6750,F1,1,,,,,
2026-09-02,2026-09-02,CM,NSE,STK,758157,INE0VZX01015,RNPL,SM,,,,,RENOL POLYCHEM LIMITED,79.90,79.90,79.90,79.90,79.90,80.20,,79.90,,,1200,95880.00,1,F1,1200,,,,,
2026-09-02,2026-09-02,CM,NSE,STK,29598,INE612J01015,REPCOHOME,EQ,,,,,REPCO HOME FINANCE LTD,362.80,362.80,354.20,359.60,359.50,362.80,,359.60,,,76623,27539031.35,1708,F1,1,,,,,
2026-09-02,2026-09-02,CM,NSE,STK,13126,INE461B01014,REPRO,EQ,,,,,REPRO INDIA LIMITED,328.00,328.00,317.60,318.40,317.65,328.60,,318.36,,,16541,5323816.40,736,F1,1,,,,,
2026-09-02,2026-09-02,CM,NSE,STK,20323,INE688D01026,RESPONIND,EQ,,,,,RESPONSIVE INDUSTRIES LTD,149.01,152.00,148.07,150.47,150.03,150.17,,150.47,,,51938,7792038.20,1252,F1,1,,,,,
2026-09-02,2026-09-02,CM,NSE,STK,1494,INE07T201019,RBA,EQ,,,,,RESTAURANT BRAND ASIA LTD,100.22,100.24,97.50,97.75,97.79,99.96,,97.74,,,2134628,209998734.41,12354,F1,1,,,,,
2026-09-02,2026-09-02,CM,NSE,STK,25157,INE0DAB01012,RVTH,EQ,,,,,REVATHI EQUIPMENT INDIA L,725.05,738.85,704.15,723.85,720.00,740.25,,723.85,,,707,513046.15,71,F1,1,,,,,
2026-09-02,2026-09-02,CM,NSE,STK,29270,INE113601012,REXPRO,SM,,,,,REXPRO ENTERPRISES LTD,37.80,38.25,37.15,37.55,37.15,36.45,,37.55,,,9000,341050.00,9,F1,1000,,,,,
2026-09-02,2026-09-02,CM,NSE,STK,763468,INE0V2V01015,RFBL,ST,,,,,RFBL FLEXI PACK LIMITED,86.20,86.20,86.20,86.20,86.20,90.70,,86.20,,,3000,258600.00,1,F1,3000,,,,,
2026-09-02,2026-09-02,CM,NSE,STK,759062,INE0KKN01029,RHETAN,EQ,,,,,RHETAN TMT LIMITED,21.03,21.03,21.02,21.02,21.02,19.12,,21.02,,,5392754,113398713.63,4681,F1,1,,,,,
2026-09-02,2026-09-02,CM,NSE,STK,31163,INE743M01012,RHIM,EQ,,,,,RHI MAGNESITA INDIA LTD,366.60,372.00,361.35,370.50,370.50,368.20,,370.50,,,330000,120774895.80,7013,F1,1,,,,,
2026-09-02,2026-09-02,CM,NSE,STK,8212,INE0J1P01015,RICHA,ST,,,,,RICHA INFO SYSTEMS LTD,78.00,80.20,78.00,80.20,80.20,78.45,,80.20,,,2000,158200.00,2,F1,1000,,,,,
2026-09-02,2026-09-02,CM,NSE,STK,2909,INE209B01025,RICOAUTO,EQ,,,,,RICO AUTO INDUSTRIES LTD,127.40,127.40,123.48,125.70,126.00,127.39,,125.71,,,757096,94846483.78,7018,F1,1,,,,,
2026-09-02,2026-09-02,CM,NSE,STK,764121,INE302D01024,RIR,EQ,,,,,RIR POWER ELECTRONICS L,158.44,159.00,154.00,157.69,158.89,157.50,,157.65,,,78631,12293052.43,2015,F1,1,,,,,
2026-09-02,2026-09-02,CM,NSE,STK,18417,INE0N2P01017,RISHABH,EQ,,,,,RISHABH INSTRUMENTS LTD,690.00,753.00,685.85,746.00,746.20,695.70,,745.95,,,1177885,866207377.80,41910,F1,1,,,,,
2026-09-02,2026-09-02,CM,NSE,STK,8944,INE01EG01016,RITCO,EQ,,,,,RITCO LOGISTICS LIMITED,297.30,306.45,294.65,303.80,306.10,300.30,,303.80,,,49466,14875637.85,1954,F1,1,,,,,
2026-09-02,2026-09-02,CM,NSE,STK,11910,INE0MRA01019,RITEZONE,SM,,,,,RITE ZONE CHEMCON IND LTD,18.75,18.75,18.75,18.75,18.75,17.90,,18.75,,,3200,60000.00,2,F1,1600,,,,,
2026-09-02,2026-09-02,CM,NSE,STK,3761,INE320J01015,RITES,EQ,,,,,RITES LIMITED,215.33,216.20,211.62,212.60,212.90,216.38,,212.60,,,292047,62243158.68,7823,F1,1,,,,,
2026-09-02,2026-09-02,CM,NSE,STK,1547,INE786W01010,RKEC,EQ,,,,,RKEC PROJECTS LIMITED,21.04,22.50,21.04,21.56,21.50,21.54,,21.56,,,33170,724063.04,121,F1,1,,,,,
2026-09-02,2026-09-02,CM,NSE,STK,762346,INE655V01019,RMC,EQ,,,,,RMC SWITCHGEARS LIMITED,232.41,232.82,220.05,221.42,221.00,232.45,,221.45,,,83910,18854866.37,2799,F1,1,,,,,
2026-09-02,2026-09-02,CM,NSE,STK,24589,INE0SA001017,RNFI,SM,,,,,RNFI SERVICES LIMITED,305.00,308.00,291.65,296.05,296.45,306.50,,296.05,,,89400,26533380.00,112,F1,600,,,,,
2026-09-02,2026-09-02,CM,NSE,STK,15157,INE508K01013,RHL,EQ,,,,,ROBUST HOTELS LIMITED,165.25,174.00,164.20,172.71,168.00,169.45,,172.71,,,6533,1119502.68,87,F1,1,,,,,
2026-09-02,2026-09-02,CM,NSE,STK,20289,INE0PTR01012,ROCKINGDCE,SM,,,,,ROCKINGDEALS CIRCU ECO L,239.00,239.00,228.35,237.85,237.90,239.05,,237.85,,,6250,1479525.00,24,F1,250,,,,,
2026-09-02,2026-09-02,CM,NSE,STK,5279,INE645S01024,ROLEXRINGS,EQ,,,,,ROLEX RINGS LIMITED,175.55,178.00,171.56,173.01,173.50,178.68,,173.01,,,1140921,199244439.61,17164,F1,1,,,,,
2026-09-02,2026-09-02,CM,NSE,STK,19108,INE927A01040,ROLLT,BE,,,,,ROLLATAINERS LIMITED,4.01,4.05,3.81,3.98,4.05,4.01,,3.98,,,354271,1381446.55,298,F1,1,,,,,
2026-09-02,2026-09-02,CM,NSE,STK,19410,INE02A801020,ROSSARI,EQ,,,,,ROSSARI BIOTECH LIMITED,477.00,481.95,470.00,476.20,478.00,476.55,,476.19,,,47960,22788859.10,2644,F1,1,,,,,
2026-09-02,2026-09-02,CM,NSE,STK,28913,INE847C01020,ROSSELLIND,EQ,,,,,ROSSELL INDIA LIMITED,57.80,59.15,56.75,58.58,58.85,58.13,,58.58,,,57008,3301835.77,971,F1,1,,,,,
2026-09-02,2026-09-02,CM,NSE,STK,27353,INE0OJW01016,ROSSTECH,EQ,,,,,ROSSELL TECHSYS LIMITED,1139.90,1159.40,1120.00,1134.00,1134.00,1136.20,,1134.00,,,164242,186843138.30,10561,F1,1,,,,,
2026-09-02,2026-09-02,CM,NSE,STK,9049,INE535D01037,ROTO,EQ,,,,,ROTO PUMPS LIMITED,65.61,65.61,63.50,64.80,64.90,65.97,,64.80,,,244904,15838881.66,3415,F1,1,,,,,
2026-09-02,2026-09-02,CM,NSE,STK,128,INE450U01017,ROUTE,EQ,,,,,ROUTE MOBILE LIMITED,501.10,507.60,495.50,499.70,500.80,501.95,,499.74,,,115619,57769575.50,4359,F1,1,,,,,
2026-09-02,2026-09-02,CM,NSE,STK,20167,INE0PDJ01013,ROXHITECH,SM,,,,,ROX HI TECH LIMITED,46.50,48.95,46.50,47.40,48.30,47.40,,47.40,,,35200,1660160.00,21,F1,1600,,,,,
2026-09-02,2026-09-02,CM,NSE,STK,29727,INE0EO401019,ROYALARC,SM,,,,,ROYAL ARC ELECTRODES LTD,164.40,164.40,158.00,159.00,160.00,169.00,,159.00,,,9600,1541220.00,7,F1,1200,,,,,
2026-09-02,2026-09-02,CM,NSE,STK,13182,INE283H01019,ROHLTD,EQ,,,,,ROYAL ORCHID HOTELS LTD,298.05,302.40,295.40,296.80,297.95,297.40,,296.81,,,10656,3177821.55,793,F1,1,,,,,
2026-09-02,2026-09-02,CM,NSE,STK,16725,INE105J01010,RPGLIFE,EQ,,,,,RPG LIFE SCIENCES LTD,2590.50,2591.30,2550.00,2564.90,2560.60,2590.50,,2564.94,,,7011,18001077.80,884,F1,1,,,,,
2026-09-02,2026-09-02,CM,NSE,STK,8119,INE425Y01011,RPSGVENT,EQ,,,,,RPSG VENTURES LIMITED,835.00,844.00,830.05,839.70,840.00,842.35,,839.70,,,14547,12198148.85,720,F1,1,,,,,
2026-09-02,2026-09-02,CM,NSE,STK,7292,INE611A01016,RSWM,BE,,,,,RSWM LIMITED,198.05,206.94,195.00,206.94,206.94,197.09,,209.00,,,59644,12099150.78,457,F1,1,,,,,
2026-09-02,2026-09-02,CM,NSE,STK,24730,INE642C01025,RUBFILA,EQ,,,,,RUBFILA INTERNATIONAL LTD,68.48,69.50,65.59,66.21,66.00,68.48,,66.21,,,76795,5171489.02,981,F1,1,,,,,
2026-09-02,2026-09-02,CM,NSE,STK,759316,INE506V01022,RUBICON,EQ,,,,,RUBICON RESEARCH LIMITED,1822.20,1839.00,1799.70,1828.80,1818.00,1822.20,,1828.74,,,123136,223844245.30,11549,F1,1,,,,,
2026-09-02,2026-09-02,CM,NSE,STK,4566,INE413B01023,RUCHINFRA,EQ,,,,,RUCHI INFRASTRUCTURE LTD,5.65,5.68,5.31,5.53,5.57,5.68,,5.51,,,46520,255432.71,214,F1,1,,,,,
2026-09-02,2026-09-02,CM,NSE,STK,13821,INE803H01014,RUCHIRA,EQ,,,,,RUCHIRA PAPERS LIMITED,102.90,103.08,102.10,102.67,102.54,102.97,,102.67,,,7739,795150.80,234,F1,1,,,,,
2026-09-02,2026-09-02,CM,NSE,STK,760392,INE027T01023,RUDRA,EQ,,,,,RUDRA GLOBAL INFRA PROD L,21.21,21.21,20.25,20.72,21.00,20.79,,20.71,,,45235,924104.09,151,F1,1,,,,,
2026-09-02,2026-09-02,CM,NSE,STK,1486,INE364Z01019,REPL,BE,,,,,RUDRABHISHEK ENTERP LTD,64.99,67.99,62.65,64.30,64.30,64.99,,64.30,,,1691,110789.39,21,F1,1,,,,,
2026-09-02,2026-09-02,CM,NSE,STK,23830,INE0R7301013,RULKA,SM,,,,,RULKA ELECTRICALS LIMITED,106.10,106.10,106.10,106.10,106.10,110.00,,106.10,,,300,31830.00,1,F1,300,,,,,
2026-09-02,2026-09-02,CM,NSE,STK,25724,INE895B01021,RUPA,EQ,,,,,RUPA & COMPANY LTD,145.67,145.68,142.40,143.15,143.62,145.38,,143.16,,,80144,11508662.10,2911,F1,1,,,,,
2026-09-02,2026-09-02,CM,NSE,STK,24595,INE573K01025,RUSHIL,EQ,,,,,RUSHIL DECOR LIMITED,16.31,16.50,16.00,16.09,16.10,16.24,,16.09,,,156900,2530276.15,626,F1,1,,,,,
2026-09-02,2026-09-02,CM,NSE,STK,24674,INE0BSN01013,SATECH,SM,,,,,S A TECH SOFTWARE INDIA L,39.65,39.65,37.05,37.05,37.05,39.70,,37.05,,,5000,189450.00,5,F1,1000,,,,,
2026-09-02,2026-09-02,CM,NSE,STK,20698,INE807K01035,SCHAND,EQ,,,,,S CHAND AND COMPANY LTD,133.55,135.75,131.36,134.20,133.05,133.55,,134.23,,,26812,3572661.83,749,F1,1,,,,,
2026-09-02,2026-09-02,CM,NSE,STK,25528,INE0X6F01017,SDREAMS,SM,,,,,S D RETAIL LIMITED,85.55,85.55,85.00,85.00,85.00,85.55,,85.00,,,3000,256100.00,3,F1,1000,,,,,
2026-09-02,2026-09-02,CM,NSE,STK,11212,INE500L01026,SHK,EQ,,,,,S H KELKAR AND CO. LTD.,148.50,149.16,145.53,148.37,147.40,148.67,,148.38,,,594034,87780512.01,7990,F1,1,,,,,
2026-09-02,2026-09-02,CM,NSE,STK,20542,INE0F3301020,SJLOGISTIC,SM,,,,,S J LOGISTICS (INDIA) LTD,323.00,324.50,310.25,315.00,315.60,323.80,,315.00,,,44750,14073012.50,148,F1,250,,,,,
2026-09-02,2026-09-02,CM,NSE,STK,764940,INE159L01013,SVGLOBAL,EQ,,,,,S V GLOBAL MILL LTD.,127.70,132.54,115.00,120.01,120.01,131.29,,120.01,,,1146,140776.67,50,F1,1,,,,,
2026-09-02,2026-09-02,CM,NSE,STK,2951,INE902B01017,S&SPOWER,EQ,,,,,S&S POWER SWITCHGEARS LTD,338.40,338.40,320.00,322.00,325.00,331.45,,322.00,,,898,293145.40,61,F1,1,,,,,
2026-09-02,2026-09-02,CM,NSE,STK,18252,INE212I01016,SPAL,EQ,,,,,S. P. APPARELS LIMITED,1021.30,1085.00,1011.80,1072.40,1072.00,1021.30,,1072.87,,,144792,153385424.20,12570,F1,1,,,,,
2026-09-02,2026-09-02,CM,NSE,STK,11634,INE658G01014,SALSTEEL,EQ,,,,,S.A.L. STEEL LTD.,81.99,86.25,78.76,82.04,79.90,82.43,,82.03,,,1174529,98346482.52,6632,F1,1,,,,,
2026-09-02,2026-09-02,CM,NSE,STK,19112,INE0PSK01027,SAAKSHI,ST,,,,,SAAKSHI MEDTEC N PANELS L,302.10,320.90,302.10,310.90,317.00,309.00,,310.90,,,44400,13701360.00,31,F1,600,,,,,
2026-09-02,2026-09-02,CM,NSE,STK,759057,INE13B501022,SAATVIKGL,EQ,,,,,SAATVIK GREEN ENERGY LTD,416.60,421.15,412.55,417.25,417.00,420.50,,417.22,,,32529,13563197.10,1403,F1,1,,,,,
2026-09-02,2026-09-02,CM,NSE,STK,10985,INE0DZ101013,SABAR,ST,,,,,SABAR FLEX INDIA LIMITED,8.65,8.65,8.65,8.65,8.65,8.25,,8.65,,,5000,43250.00,1,F1,5000,,,,,
2026-09-02,2026-09-02,CM,NSE,STK,757409,INE1ARD01016,SACHEEROME,SM,,,,,SACHEEROME LIMITED,421.00,425.00,415.15,420.10,420.00,426.60,,420.10,,,36900,15519000.00,95,F1,300,,,,,
2026-09-02,2026-09-02,CM,NSE,STK,13236,INE226H01026,SADBHAV,EQ,,,,,SADBHAV ENGINEERING LTD,8.43,8.43,7.90,8.07,8.07,8.03,,8.07,,,711395,5922758.72,846,F1,1,,,,,
2026-09-02,2026-09-02,CM,NSE,STK,10622,INE764L01010,SADBHIN,BE,,,,,SADBHAV INFRA PROJ LTD.,2.58,2.66,2.51,2.58,2.61,2.58,,2.59,,,76195,198068.95,157,F1,1,,,,,
2026-09-02,2026-09-02,CM,NSE,STK,15349,INE888C01040,SADHNANIQ,BE,,,,,SADHANA NITROCHEM LIMITED,2.71,2.71,2.71,2.71,2.71,2.76,,2.70,,,827739,2243172.69,326,F1,1,,,,,
2026-09-02,2026-09-02,CM,NSE,STK,22897,INE0K5H01010,SADHAV,SM,,,,,SADHAV SHIPPING LIMITED,110.60,111.50,109.10,111.25,111.25,113.85,,111.25,,,6600,728550.00,11,F1,600,,,,,
2026-09-02,2026-09-02,CM,NSE,STK,13035,INE429E01023,SAFARI,EQ,,,,,SAFARI IND (INDIA) LTD,1534.00,1534.00,1490.70,1497.20,1500.00,1530.90,,1497.10,,,27131,40964280.00,4909,F1,1,,,,,
2026-09-02,2026-09-02,CM,NSE,STK,757583,INE17D601016,SAFEENTP,SM,,,,,SAFE ENTER RETAIL FIX LTD,252.00,268.00,252.00,265.30,263.75,252.00,,265.30,,,241000,61560900.00,110,F1,500,,,,,
2026-09-02,2026-09-02,CM,NSE,STK,14068,INE229C01021,SAGCEM,EQ,,,,,SAGAR CEMENTS LIMITED,157.00,158.54,155.00,155.63,155.00,157.03,,155.63,,,29660,4641898.96,720,F1,1,,,,,
2026-09-02,2026-09-02,CM,NSE,STK,8175,INE976T01013,SAGARDEEP,EQ,,,,,SAGARDEEP ALLOYS LIMITED,23.76,24.00,23.60,23.66,23.60,23.76,,23.66,,,2274,53889.55,35,F1,1,,,,,
2026-09-02,2026-09-02,CM,NSE,STK,27052,INE0W2G01015,SAGILITY,EQ,,,,,SAGILITY LIMITED,46.00,46.98,45.82,46.70,46.70,46.45,,46.70,,,16448512,765184946.32,31521,F1,1,,,,,
2026-09-02,2026-09-02,CM,NSE,STK,24478,INE0P4701011,SAHAJSOLAR,SM,,,,,SAHAJ SOLAR LIMITED,97.00,102.65,96.80,100.25,101.00,96.70,,100.25,,,45200,4515000.00,93,F1,400,,,,,
2026-09-02,2026-09-02,CM,NSE,STK,16711,INE0LEX01011,SAHANA,SM,,,,,SAHANA SYSTEM LIMITED,913.05,931.00,910.05,916.90,915.00,915.85,,916.90,,,5100,4702537.50,31,F1,150,,,,,
2026-09-02,2026-09-02,CM,NSE,STK,25671,INE0RBQ01018,SAHASRA,ST,,,,,SAHASRA ELECTRONIC SOLU L,306.25,312.00,306.20,308.00,308.00,312.75,,308.00,,,15200,4691040.00,36,F1,400,,,,,
2026-09-02,2026-09-02,CM,NSE,STK,14900,INE280H01015,SAHYADRI,EQ,,,,,SAHYADRI INDUSTRIES LTD,352.85,362.25,348.00,356.20,359.90,352.80,,356.62,,,17544,6214398.70,810,F1,1,,,,,
2026-09-02,2026-09-02,CM,NSE,STK,764865,INE531X01018,SAICAPI,EQ,,,,,SAI CAPITAL LTD.,144.10,146.30,140.00,140.00,140.00,148.15,,140.00,,,863,122518.37,37,F1,1,,,,,
2026-09-02,2026-09-02,CM,NSE,STK,27839,INE570L01029,SAILIFE,EQ,,,,,SAI LIFE SCIENCES LIMITED,1518.10,1595.00,1509.00,1587.00,1580.00,1518.10,,1586.98,,,2747154,4299305610.50,103444,F1,1,,,,,
2026-09-02,2026-09-02,CM,NSE,STK,761675,INE0H9F01037,SAIPARENT,EQ,,,,,SAI PARENTERALS LIMITED,515.75,518.95,512.05,515.55,515.05,518.75,,515.68,,,44100,22715277.55,1690,F1,1,,,,,
2026-09-02,2026-09-02,CM,NSE,STK,18755,INE438K01021,KALAMANDIR,EQ,,,,,SAI SILKS (KALAMANDIR) L,85.50,86.00,84.10,85.65,86.00,85.62,,85.64,,,338173,28793636.95,2878,F1,1,,,,,
2026-09-02,2026-09-02,CM,NSE,STK,764880,INE068B01017,SEKURITIND,EQ,,,,,SAINT GOBAIN SEKUR IND L,117.99,119.00,113.21,113.70,114.95,116.59,,114.23,,,15293,1757935.06,268,F1,1,,,,,
2026-09-02,2026-09-02,CM,NSE,STK,9539,INE732S01012,SAKAR,EQ,,,,,SAKAR HEALTHCARE LIMITED,993.00,1024.00,975.50,985.80,990.00,965.75,,985.80,,,385693,382332078.05,19448,F1,1,,,,,
2026-09-02,2026-09-02,CM,NSE,STK,11794,INE667G01023,SAKSOFT,EQ,,,,,SAKSOFT LIMITED,154.22,154.44,149.33,150.38,150.70,154.22,,150.39,,,387000,58406158.28,6331,F1,1,,,,,
2026-09-02,2026-09-02,CM,NSE,STK,2969,INE623A01011,SAKHTISUG,EQ,,,,,SAKTHI SUGARS LTD,20.50,20.99,20.10,20.37,20.50,20.40,,20.37,,,176853,3615083.21,1003,F1,1,,,,,
2026-09-02,2026-09-02,CM,NSE,STK,13251,INE190H01024,SAKUMA,EQ,,,,,SAKUMA EXPORTS LIMITED,1.62,1.64,1.57,1.60,1.61,1.62,,1.60,,,1107702,1781208.98,1023,F1,1,,,,,
2026-09-02,2026-09-02,CM,NSE,STK,21362,INE170V01027,SALASAR,EQ,,,,,SALASAR TECHNO ENGG. LTD.,5.84,5.84,5.58,5.65,5.64,5.84,,5.65,,,7181900,40783708.14,6028,F1,1,,,,,
2026-09-02,2026-09-02,CM,NSE,STK,17351,INE498E01010,SALONA,EQ,,,,,SALONA COTSPIN LTD.,274.95,274.95,260.05,262.45,260.05,270.00,,262.45,,,205,54361.40,31,F1,1,,,,,
2026-09-02,2026-09-02,CM,NSE,STK,11399,INE457F01013,SALZERELEC,EQ,,,,,SALZER ELECTRONICS LTD,537.00,543.00,526.00,535.85,543.00,538.75,,536.11,,,60215,32200347.10,2890,F1,1,,,,,
2026-09-02,2026-09-02,CM,NSE,STK,764870,INE304D01012,SAMBANDAM,EQ,,,,,SAMBANDAM SPINNING MILL L,113.49,114.45,113.49,114.45,114.45,113.49,,114.73,,,84,9585.00,5,F1,1,,,,,
2026-09-02,2026-09-02,CM,NSE,STK,4127,INE699B01027,SAMBHAAV,EQ,,,,,SAMBHAAV MEDIA LTD,6.00,6.20,5.73,6.00,5.88,5.98,,6.00,,,9375,55968.20,88,F1,1,,,,,
2026-09-02,2026-09-02,CM,NSE,STK,757767,INE12NJ01018,SAMBHV,EQ,,,,,SAMBHV STEEL TUBES LTD,126.60,128.55,125.12,126.18,127.00,126.93,,126.18,,,914541,115487069.23,6300,F1,1,,,,,
2026-09-02,2026-09-02,CM,NSE,STK,21096,INE0PZA01015,SAIFL,SM,,,,,SAMEERA AGRO AND INFRA L,4.70,4.85,4.65,4.85,4.85,4.70,,4.85,,,172000,816600.00,34,F1,4000,,,,,
2026-09-02,2026-09-02,CM,NSE,STK,18614,INE08U801020,SAMHI,EQ,,,,,SAMHI HOTELS LIMITED,152.50,153.95,150.55,151.45,151.60,153.05,,151.46,,,830168,125960113.52,13848,F1,1,,,,,
2026-09-02,2026-09-02,CM,NSE,STK,30125,INE148I01020,SAMMAANCAP,EQ,,,,,SAMMAAN CAPITAL LIMITED,146.40,153.40,144.50,152.31,152.62,147.14,,152.32,,,10530796,1574615172.75,43778,F1,1,,,,,
2026-09-02,2026-09-02,CM,NSE,STK,27303,INE735M01018,SAMPANN,EQ,,,,,SAMPANN UTPADAN INDIA LTD,24.90,24.90,24.10,24.33,24.64,24.59,,24.24,,,14882,363911.23,142,F1,1,,,,,
2026-09-02,2026-09-02,CM,NSE,STK,4204,INE775A01035,MOTHERSON,EQ,,,,,SAMVRDHNA MTHRSN INTL LTD,163.80,163.80,159.92,163.30,163.30,165.60,,163.30,,,18944363,3056214297.11,90487,F1,1,,,,,
2026-09-02,2026-09-02,CM,NSE,STK,28805,INE0JPD01013,SANATHAN,EQ,,,,,SANATHAN TEXTILES LIMITED,439.10,444.85,425.05,434.00,432.00,440.25,,434.00,,,60244,26156532.35,1826,F1,1,,,,,
2026-09-02,2026-09-02,CM,NSE,STK,2988,INE583B01015,SANDESH,EQ,,,,,SANDESH LTD,1079.90,1079.90,1038.20,1050.00,1050.00,1059.40,,1050.00,,,1835,1944240.10,331,F1,1,,,,,
2026-09-02,2026-09-02,CM,NSE,STK,2397,INE278H01035,SANDHAR,EQ,,,,,SANDHAR TECHNOLOGIES LTD,651.00,653.75,629.05,633.75,635.00,653.15,,633.75,,,168187,107065896.60,7818,F1,1,,,,,
2026-09-02,2026-09-02,CM,NSE,STK,18359,INE149K01016,SANDUMA,EQ,,,,,SANDUR MANG & IRON ORES L,199.00,199.32,196.20,197.00,197.82,200.40,,196.99,,,381024,75305702.62,7543,F1,1,,,,,
2026-09-02,2026-09-02,CM,NSE,STK,4184,INE495C01010,SANGAMIND,EQ,,,,,SANGAM (INDIA) LTD,583.75,586.90,565.10,569.80,574.80,586.65,,569.81,,,65448,37484273.60,3520,F1,1,,,,,
2026-09-02,2026-09-02,CM,NSE,STK,18035,INE0OVI01010,SANGANI,SM,,,,,SANGANI HOSPITALS LIMITED,52.50,55.10,52.50,54.60,55.10,52.50,,54.60,,,13500,732825.00,8,F1,1500,,,,,
2026-09-02,2026-09-02,CM,NSE,STK,14058,INE989A01032,SANGHVIMOV,EQ,,,,,SANGHVI MOVERS LTD,455.00,464.30,444.00,452.30,451.25,458.05,,452.32,,,292649,132677165.95,13741,F1,1,,,,,
2026-09-02,2026-09-02,CM,NSE,STK,11033,INE753W01010,SANGINITA,BE,,,,,SANGINITA CHEMICALS LTD,60.00,61.69,55.85,57.20,58.50,58.76,,57.20,,,2064599,122871951.74,1602,F1,1,,,,,
2026-09-02,2026-09-02,CM,NSE,STK,25222,INE0UOS01011,SANOFICONR,EQ,,,,,SANOFI CONS HEALTHC IND L,4140.00,4220.30,4070.10,4182.40,4194.30,4137.80,,4182.50,,,4642,19206913.80,1023,F1,1,,,,,
2026-09-02,2026-09-02,CM,NSE,STK,1442,INE058A01010,SANOFI,EQ,,,,,SANOFI INDIA LIMITED,3155.00,3186.00,3134.50,3157.40,3169.90,3155.00,,3164.04,,,13872,43943960.50,4313,F1,1,,,,,
2026-09-02,2026-09-02,CM,NSE,STK,5751,INE953O01021,SANSERA,EQ,,,,,SANSERA ENGINEERING LTD,3883.50,3925.50,3782.00,3810.60,3814.00,3903.00,,3810.87,,,137509,525575282.00,23658,F1,1,,,,,
2026-09-02,2026-09-02,CM,NSE,STK,24582,INE08NE01025,SANSTAR,EQ,,,,,SANSTAR LIMITED,106.79,110.50,105.55,109.91,110.01,107.36,,109.90,,,157555,17185291.51,2591,F1,1,,,,,
2026-09-02,2026-09-02,CM,NSE,STK,46,INE890C01046,SANWARIA,BZ,,,,,SANWARIA CONSUMER LIMITED,0.20,0.20,0.19,0.19,0.19,0.19,,0.21,,,343892,66965.23,134,F1,1,,,,,
2026-09-02,2026-09-02,CM,NSE,STK,6718,INE806T01020,SAPPHIRE,EQ,,,,,SAPPHIRE FOODS INDIA LTD,230.00,230.38,224.18,228.21,228.65,229.96,,228.21,,,683474,155339031.42,16060,F1,1,,,,,
2026-09-02,2026-09-02,CM,NSE,STK,19863,INE0PUC01020,SARTELE,SM,,,,,SAR TELEVENTURE LIMITED,90.30,92.00,88.95,89.85,89.05,90.30,,89.85,,,104000,9380450.00,103,F1,500,,,,,
2026-09-02,2026-09-02,CM,NSE,STK,762985,INE967G01019,ZSARACOM,EQ,,,,,SARASWATI COMM (INDIA) L,10436.00,10949.00,10301.00,10437.00,10435.00,10702.00,,10437.00,,,60,629733.00,38,F1,1,,,,,
2026-09-02,2026-09-02,CM,NSE,STK,24856,INE0PQ101010,SSDL,EQ,,,,,SARASWATI SAREE DEPOT LTD,56.23,57.08,55.94,56.03,56.30,56.23,,55.97,,,12140,682625.21,323,F1,1,,,,,
2026-09-02,2026-09-02,CM,NSE,STK,17758,INE385C01021,SARDAEN,EQ,,,,,SARDA ENERGY & MIN LTD,491.10,496.10,489.50,491.05,493.40,497.05,,491.04,,,130326,64145897.50,6393,F1,1,,,,,
2026-09-02,2026-09-02,CM,NSE,STK,4892,INE979A01025,SAREGAMA,EQ,,,,,SAREGAMA INDIA LIMITED,491.35,491.35,476.15,477.30,478.80,493.75,,477.29,,,358580,172796034.35,22056,F1,1,,,,,
2026-09-02,2026-09-02,CM,NSE,STK,14043,INE453D01025,SARLAPOLY,EQ,,,,,SARLA PERF. FIBERS LTD,103.81,103.81,101.50,102.46,102.50,103.81,,102.45,,,36715,3752303.07,1082,F1,1,,,,,
2026-09-02,2026-09-02,CM,NSE,STK,18506,INE0PCL01011,SAROJA,SM,,,,,SAROJA PHARMA INDUS IND L,38.95,38.95,38.95,38.95,38.95,40.95,,38.95,,,3200,124640.00,2,F1,1600,,,,,
2026-09-02,2026-09-02,CM,NSE,STK,6843,INE017W01010,SMLT,EQ,,,,,SARTHAK METALS LIMITED,64.20,67.00,64.00,64.61,65.40,65.61,,64.64,,,8912,577914.22,175,F1,1,,,,,
2026-09-02,2026-09-02,CM,NSE,STK,12913,INE324X01026,SARVESHWAR,EQ,,,,,SARVESHWAR FOODS LIMITED,3.34,3.36,3.30,3.34,3.36,3.33,,3.34,,,908268,3024675.08,1322,F1,1,,,,,
2026-09-02,2026-09-02,CM,NSE,STK,11983,INE231F01020,SASKEN,EQ,,,,,SASKEN TECHNOLOGIES LTD,1902.50,1934.90,1870.00,1885.50,1880.00,1904.30,,1885.46,,,15405,29011848.40,5106,F1,1,,,,,
2026-09-02,2026-09-02,CM,NSE,STK,29151,INE0NB801022,SATKARTAR,SM,,,,,SAT KARTAR LIFE LIMITED,117.80,122.00,116.10,121.70,122.00,116.90,,121.70,,,24000,2861800.00,30,F1,800,,,,,
2026-09-02,2026-09-02,CM,NSE,STK,24697,INE0RFP01011,SSEGL,SM,,,,,SATHLOKHAR SYN E&C GLOB L,394.00,412.00,384.50,406.35,405.10,398.95,,406.35,,,43600,17348600.00,151,F1,200,,,,,
2026-09-02,2026-09-02,CM,NSE,STK,24507,INE0RPM01017,SATIPOLY,ST,,,,,SATI POLY PLAST LIMITED,37.10,37.10,37.05,37.05,37.05,39.00,,37.05,,,1000,37075.00,2,F1,500,,,,,
2026-09-02,2026-09-02,CM,NSE,STK,11045,INE170E01023,SATIA,EQ,,,,,SATIA INDUSTRIES LIMITED,57.03,57.49,56.45,57.12,57.49,57.06,,57.12,,,36353,2070128.60,578,F1,1,,,,,
2026-09-02,2026-09-02,CM,NSE,STK,10453,INE836B01017,SATIN,EQ,,,,,SATIN CREDIT NET LTD,216.00,219.90,214.91,218.52,218.60,217.18,,218.52,,,153677,33396929.25,3611,F1,1,,,,,
2026-09-02,2026-09-02,CM,NSE,STK,758960,INE14DW01018,SATTVAENGG,SM,,,,,SATTVA ENGINEERING CSTN L,63.95,63.95,62.00,62.00,62.00,61.75,,62.00,,,8000,501680.00,5,F1,1600,,,,,
2026-09-02,2026-09-02,CM,NSE,STK,3018,INE626A01014,SAURASHCEM,EQ,,,,,SAURASHTRA CEMENT LIMITED,55.56,55.99,55.05,55.22,55.05,55.54,,55.22,,,46410,2574104.28,805,F1,1,,,,,
2026-09-02,2026-09-02,CM,NSE,STK,3021,INE035D01020,SOTL,EQ,,,,,SAVITA OIL TECHNOLO. LTD,780.95,797.00,735.00,752.60,743.00,771.40,,752.56,,,5145071,3957087341.90,128528,F1,1,,,,,
2026-09-02,2026-09-02,CM,NSE,STK,757704,INE0UCN01017,SAVY,SM,,,,,SAVY INFRA AND LOGI LTD,133.00,135.00,133.00,135.00,135.00,136.70,,135.00,,,27600,3697800.00,17,F1,1200,,,,,
2026-09-02,2026-09-02,CM,NSE,STK,758444,INE10VS01016,SAWALIYA,SM,,,,,SAWALIYA FOOD PRODUCTS L,158.00,160.00,142.20,143.25,142.50,158.00,,143.25,,,42000,6102180.00,41,F1,600,,,,,
2026-09-02,2026-09-02,CM,NSE,STK,762879,INE318C01014,SAYAJIHOTL,EQ,,,,,SAYAJI HOTELS LTD.,313.95,313.95,303.00,303.00,303.00,316.00,,306.55,,,12,3720.55,5,F1,1,,,,,
2026-09-02,2026-09-02,CM,NSE,STK,764875,INE327G01032,SAYAJIIND,EQ,,,,,SAYAJI INDUSTRIES LTD.,114.26,119.89,114.25,117.48,119.89,117.43,,117.48,,,326,37266.99,8,F1,1,,,,,
2026-09-02,2026-09-02,CM,NSE,STK,6792,INE04AK01028,SBC,EQ,,,,,SBC EXPORTS LIMITED,42.23,43.00,42.00,42.81,42.76,42.04,,42.81,,,7904399,335095934.22,6399,F1,1,,,,,
2026-09-02,2026-09-02,CM,NSE,STK,18026,INE423Y01016,SBFC,EQ,,,,,SBFC FINANCE LIMITED,100.99,101.49,96.90,99.23,99.15,99.95,,99.22,,,1753870,173012999.49,15611,F1,1,,,,,
2026-09-02,2026-09-02,CM,NSE,STK,17971,INE018E01016,SBICARD,EQ,,,,,SBI CARDS & PAY SER LTD,630.00,642.30,622.20,635.15,635.15,632.40,,635.15,,,1969265,1242928086.65,28335,F1,1,,,,,
2026-09-02,2026-09-02,CM,NSE,STK,764173,INE640G01020,SBIFUNDS,EQ,,,,,SBI FUNDS MANAGEMENT LTD,565.90,566.10,557.30,564.70,565.00,566.95,,564.72,,,772367,434310390.60,25992,F1,1,,,,,
2026-09-02,2026-09-02,CM,NSE,STK,21808,INE123W01016,SBILIFE,EQ,,,,,SBI LIFE INSURANCE CO LTD,1730.00,1738.40,1716.00,1719.90,1719.90,1739.30,,1719.92,,,671784,1158060561.10,34831,F1,1,,,,,
2026-09-02,2026-09-02,CM,NSE,STK,17272,INF200KA16D8,SETFGOLD,EQ,,,,,SBI-ETF GOLD,128.09,128.10,126.07,127.44,127.40,129.31,,127.44,,,7037496,897337414.76,15109,F1,1,,,,,
2026-09-02,2026-09-02,CM,NSE,STK,10176,INF200KA1FS1,SETFNIF50,EQ,,,,,SBI-ETF NIFTY 50,258.44,258.45,256.67,257.65,257.92,258.44,,257.65,,,1118456,287987400.49,5715,F1,1,,,,,
2026-09-02,2026-09-02,CM,NSE,STK,7361,INF200KA1580,SETFNIFBK,EQ,,,,,SBI-ETF NIFTY BANK,587.01,588.90,585.38,587.97,588.89,588.44,,587.94,,,53449,31403403.07,527,F1,1,,,,,
2026-09-02,2026-09-02,CM,NSE,STK,7353,INF200KA1598,SETFNN50,EQ,,,,,SBI-ETF NIFTY NEXT 50,779.22,781.94,772.00,779.13,777.50,784.06,,779.13,,,34177,26530168.49,1766,F1,1,,,,,
2026-09-02,2026-09-02,CM,NSE,STK,19705,INF200KA13Z8,LIQUIDSBI,EQ,,,,,SBIAMC - LIQUIDSBI,999.99,1000.01,999.99,1000.00,1000.01,1000.00,,1000.00,,,5380,5380039.89,25,F1,1,,,,,
2026-09-02,2026-09-02,CM,NSE,STK,30290,INF200KB1712,SBIBPB,EQ,,,,,SBIAMC - SBIBPB,50.63,50.63,48.40,49.25,49.14,49.40,,49.25,,,59438,2927638.96,358,F1,1,,,,,
2026-09-02,2026-09-02,CM,NSE,STK,5168,INF200KA1X17,SBIETFCON,EQ,,,,,SBIAMC - SBIETFCON,122.57,122.57,119.62,121.20,121.36,121.50,,121.20,,,111337,13387487.31,123,F1,1,,,,,
2026-09-02,2026-09-02,CM,NSE,STK,740,INF200KA1S14,SBIETFIT,EQ,,,,,SBIAMC - SBIETFIT,349.94,349.94,340.82,343.34,342.42,347.27,,343.34,,,15075,5182099.69,445,F1,1,,,,,
2026-09-02,2026-09-02,CM,NSE,STK,722,INF200KA1S22,SBIETFPB,EQ,,,,,SBIAMC - SBIETFPB,285.61,285.61,281.24,282.98,283.48,281.39,,282.98,,,3085,870428.51,69,F1,1,,,,,
2026-09-02,2026-09-02,CM,NSE,STK,7218,INF200KA1WX6,SBIETFQLTY,EQ,,,,,SBIAMC - SBIETFQLTY,222.55,222.64,221.00,222.40,222.40,224.87,,222.40,,,3784,839796.88,89,F1,1,,,,,
2026-09-02,2026-09-02,CM,NSE,STK,758496,INF200KB1969,SBILIQETF,EQ,,,,,SBIAMC - SBILIQETF,1054.31,1054.33,1054.30,1054.30,1054.32,1054.18,,1054.30,,,345377,364131175.94,171,F1,1,,,,,
2026-09-02,2026-09-02,CM,NSE,STK,761095,INF200KB1AJ0,SBIMIDMOM,EQ,,,,,SBIAMC - SBIMIDMOM,63.89,63.89,63.07,63.59,63.87,63.89,,63.59,,,85571,5433503.79,276,F1,1,,,,,
2026-09-02,2026-09-02,CM,NSE,STK,24524,INF200KB1282,SBINEQWETF,EQ,,,,,SBIAMC - SBINEQWETF,33.28,33.67,33.00,33.13,33.19,33.28,,33.12,,,10591,350566.56,223,F1,1,,,,,
2026-09-02,2026-09-02,CM,NSE,STK,761741,INF200KB1AK8,SBINMID150,EQ,,,,,SBIAMC - SBINMID150,23.43,23.67,23.01,23.12,23.26,23.36,,23.07,,,18181,420130.69,183,F1,1,,,,,
2026-09-02,2026-09-02,CM,NSE,STK,24366,INF200KB1217,SBISILVER,EQ,,,,,SBIAMC - SBISILVER,222.60,223.11,219.27,220.81,220.96,222.99,,220.80,,,902253,199397797.99,6304,F1,1,,,,,
2026-09-02,2026-09-02,CM,NSE,STK,763543,INF200KB1AY9,SBISMLETF,EQ,,,,,SBIAMC - SBISMLETF,18.45,18.58,18.16,18.24,18.22,18.36,,18.24,,,50460,921329.49,214,F1,1,,,,,
2026-09-02,2026-09-02,CM,NSE,STK,763546,INF200KB1AX1,SBIVALETF,EQ,,,,,SBIAMC - SBIVALETF,14.71,14.71,14.51,14.65,14.65,14.64,,14.65,,,13175,192463.32,69,F1,1,,,,,
2026-09-02,2026-09-02,CM,NSE,STK,17395,INF200KA1JT1,SETF10GILT,EQ,,,,,SBIAMC - SETF10GILT,265.01,265.01,262.10,263.88,263.88,263.52,,263.88,,,2249,592208.94,34,F1,1,,,,,
2026-09-02,2026-09-02,CM,NSE,STK,762887,INE099G01011,SCANSTL,BE,,,,,SCAN STEELS LTD.,56.52,59.70,55.00,58.02,59.00,57.19,,58.02,,,28324,1606739.14,139,F1,1,,,,,
2026-09-02,2026-09-02,CM,NSE,STK,1011,INE513A01022,SCHAEFFLER,EQ,,,,,SCHAEFFLER INDIA LIMITED,4000.00,4014.00,3944.10,3967.10,3957.40,4000.20,,3966.52,,,47965,190567655.30,18582,F1,1,,,,,
2026-09-02,2026-09-02,CM,NSE,STK,31234,INE839M01018,SCHNEIDER,EQ,,,,,SCHNEIDER ELECTRIC INFRA,1185.00,1185.00,1150.00,1169.50,1163.60,1188.30,,1169.46,,,190208,221159954.10,16037,F1,1,,,,,
2026-09-02,2026-09-02,CM,NSE,STK,757462,INE148I07XX3,SCL01825,N6,,,,,SCL 0% 2027 SR III,1062.34,1078.00,1062.34,1078.00,1078.00,1084.00,,1078.00,,,200,214034.00,2,F1,1,,,,,
2026-09-02,2026-09-02,CM,NSE,STK,757468,INE148I07XU9,SCL0182025,NC,,,,,SCL 0% 2028 SR VI,1040.20,1040.20,1032.50,1032.50,1032.50,1032.50,,1032.50,,,3,3112.90,2,F1,1,,,,,
2026-09-02,2026-09-02,CM,NSE,STK,30238,INE148I07WU1,902SCL28,N1,,,,,SCL 9.02% SR V,1000.13,1000.13,999.00,999.00,999.00,999.88,,999.00,,,500,499556.50,2,F1,1,,,,,
2026-09-02,2026-09-02,CM,NSE,STK,760731,INE148I07YJ0,905SCL36,N0,,,,,SCL 9.05% 2036,101000.00,101000.00,101000.00,101000.00,101000.00,100743.00,,101000.00,,,150,15150000.00,1,F1,1,,,,,
2026-09-02,2026-09-02,CM,NSE,STK,30220,INE148I07WH8,925SCL27B,N1,,,,,SCL 9.25% SR II,1001.00,1001.00,1001.00,1001.00,1001.00,1001.00,,1001.00,,,10,10010.00,2,F1,1,,,,,
2026-09-02,2026-09-02,CM,NSE,STK,28927,INE148I07VT5,971SCL29T,N1,,,,,SCL 9.71% 2029 SR VIII,998.00,998.00,998.00,998.00,998.00,995.00,,998.00,,,30,29940.00,1,F1,1,,,,,
2026-09-02,2026-09-02,CM,NSE,STK,30230,INE148I07WP1,971SCL30,N1,,,,,SCL 9.71% SR VIII,1029.84,1029.84,1029.84,1029.84,1029.84,1022.64,,1029.84,,,26,26775.84,1,F1,1,,,,,
2026-09-02,2026-09-02,CM,NSE,STK,30222,INE148I07WI6,990SCL28,N1,,,,,SCL 9.90% SR IV,1047.36,1047.36,1047.36,1047.36,1047.36,1047.09,,1047.36,,,10,10473.60,1,F1,1,,,,,
2026-09-02,2026-09-02,CM,NSE,STK,757478,INE090501011,SCODATUBES,EQ,,,,,SCODA TUBES LIMITED,130.62,131.46,127.24,128.61,128.55,130.29,,128.59,,,121615,15654920.46,1407,F1,1,,,,,
2026-09-02,2026-09-02,CM,NSE,STK,761573,IN1020250602,783AP43,SG,,,,,SDL AP 7.83% 2043,95.46,95.46,95.00,95.00,95.00,100.00,,95.00,,,2000,190460.00,2,F1,100,,,,,
2026-09-02,2026-09-02,CM,NSE,STK,761658,IN1020260023,807AP51,SG,,,,,SDL AP 8.07% 2051,100.00,100.00,100.00,100.00,100.00,99.00,,100.00,,,100,10000.00,1,F1,100,,,,,
2026-09-02,2026-09-02,CM,NSE,STK,24096,IN1520240012,723GJ27,SG,,,,,SDL GJ 7.23% 2027,101.60,101.60,101.60,101.60,101.60,102.79,,101.60,,,2700,274320.00,1,F1,100,,,,,
2026-09-02,2026-09-02,CM,NSE,STK,21152,IN1520230179,747GJ28,SG,,,,,SDL GJ 7.47% 2028,100.73,100.73,100.73,100.73,100.73,100.00,,100.73,,,100,10073.00,1,F1,100,,,,,
2026-09-02,2026-09-02,CM,NSE,STK,755742,IN1720260034,777HP49,SG,,,,,SDL HP 7.77% 2049,97.00,97.00,97.00,97.00,97.00,99.97,,97.00,,,100,9700.00,1,F1,100,,,,,
2026-09-02,2026-09-02,CM,NSE,STK,755721,IN1720260026,778HP44,SG,,,,,SDL HP 7.78% 2044,99.00,99.00,99.00,99.00,99.00,100.00,,99.00,,,100,9900.00,1,F1,100,,,,,
2026-09-02,2026-09-02,CM,NSE,STK,20740,IN1920230134,76KA38,SG,,,,,SDL KA 7.6% 2038,99.00,99.00,99.00,99.00,99.00,100.00,,99.00,,,200,19800.00,2,F1,100,,,,,
2026-09-02,2026-09-02,CM,NSE,STK,23877,IN2920240081,736RJ37,SG,,,,,SDL RJ 7.36% 2037,93.10,93.10,93.10,93.10,93.10,95.00,,93.10,,,100,9310.00,1,F1,100,,,,,
2026-09-02,2026-09-02,CM,NSE,STK,9532,IN2920220018,77RJ32,SG,,,,,SDL RJ 7.7% 2032,102.00,102.00,102.00,102.00,102.00,100.00,,102.00,,,100,10200.00,1,F1,100,,,,,
2026-09-02,2026-09-02,CM,NSE,STK,763735,IN3120260044,769TN33,SG,,,,,SDL TN 7.69% 2033,102.00,102.00,102.00,102.00,102.00,105.00,,102.00,,,100,10200.00,1,F1,100,,,,,
2026-09-02,2026-09-02,CM,NSE,STK,759739,IN3320250092,724UP36,SG,,,,,SDL UP 7.24% 2036,95.00,95.00,95.00,95.00,95.00,100.00,,95.00,,,1000,95000.00,1,F1,100,,,,,
2026-09-02,2026-09-02,CM,NSE,STK,761575,IN3320250266,788UP46,SG,,,,,SDL UP 7.88% 2046,95.37,95.37,95.37,95.37,95.37,95.00,,95.37,,,1000,95370.00,1,F1,100,,,,,
2026-09-02,2026-09-02,CM,NSE,STK,20643,INE027E07972,935LTF29,N5,,,,,SE RE NCD 9.35% SR.V OP2,1102.50,1102.50,1100.60,1100.60,1100.60,1100.00,,1100.54,,,90,99173.70,3,F1,1,,,,,
2026-09-02,2026-09-02,CM,NSE,STK,2616,INE497B01018,SEAMECLTD,EQ,,,,,SEAMEC LIMITED,1670.70,1749.00,1663.10,1735.70,1728.50,1678.80,,1735.69,,,168329,288912064.50,13368,F1,1,,,,,
2026-09-02,2026-09-02,CM,NSE,STK,20771,INE413U07277,10ISFL26,N3,,,,,SEC RE NCD 10% SR 4,1062.00,1062.00,1062.00,1062.00,1062.00,1062.00,,1062.00,,,295,313290.00,6,F1,1,,,,,
2026-09-02,2026-09-02,CM,NSE,STK,12465,INE741K07496,10CAGL27,N5,,,,,SEC RE NCD 10% SR. V,1017.00,1017.00,1015.00,1015.21,1015.00,1015.00,,1015.51,,,116,117767.00,3,F1,1,,,,,
2026-09-02,2026-09-02,CM,NSE,STK,23974,INE148I07TN2,1025SCL34A,ZT,,,,,SEC RE NCD 10.25% SR XII,1000.00,1000.00,1000.00,1000.00,1000.00,1015.00,,1000.00,,,1,1000.00,1,F1,1,,,,,
2026-09-02,2026-09-02,CM,NSE,STK,18906,INE148I07PV3,888SCL25E,N4,,,,,SEC RE NCD 10.25% SR XII,948.00,948.00,939.00,939.00,939.00,948.00,,943.50,,,11,10383.00,2,F1,1,,,,,
2026-09-02,2026-09-02,CM,NSE,STK,25916,INE583D07513,1040UCL27B,N1,,,,,SEC RE NCD 10.40% SR III,1002.61,1006.11,1002.61,1006.11,1006.11,1002.61,,1003.06,,,12,12069.82,3,F1,1,,,,,
2026-09-02,2026-09-02,CM,NSE,STK,15249,INE244L07556,1003SFIL28,NX,,,,,SEC RE NCD 10.50% SR.VII,478.00,479.00,412.00,446.41,412.00,451.88,,446.41,,,48,21428.00,7,F1,1,,,,,
2026-09-02,2026-09-02,CM,NSE,STK,23123,INE342T07460,1065NFL27,NC,,,,,SEC RE NCD 10.65% SR.IV,1010.00,1011.00,1010.00,1011.00,1011.00,1020.00,,1016.50,,,300,303235.00,11,F1,1,,,,,
2026-09-02,2026-09-02,CM,NSE,STK,18902,INE148I07PT7,1075SCL33A,N2,,,,,SEC RE NCD 10.75% SR XI,950.00,950.00,890.10,906.67,890.10,988.00,,906.67,,,50,45333.50,5,F1,1,,,,,
2026-09-02,2026-09-02,CM,NSE,STK,23125,INE342T07445,1119NFL27,ND,,,,,SEC RE NCD 11.19% SR.V,1047.50,1050.00,1047.50,1050.00,1050.00,1054.80,,1050.00,,,90,94353.00,3,F1,1,,,,,
2026-09-02,2026-09-02,CM,NSE,STK,3433,INE219X07223,79IGT28,NF,,,,,SEC RE NCD 7.90% SR.III,1020.00,1020.00,1020.00,1020.00,1020.00,1020.00,,1020.00,,,75,76500.00,2,F1,1,,,,,
2026-09-02,2026-09-02,CM,NSE,STK,11658,INE0H7R07017,79NHIT35,N1,,,,,SEC RE NCD 7.90% STRPP A,310.00,312.90,310.00,310.96,312.80,311.25,,310.96,,,5527,1713387.34,11,F1,1,,,,,
2026-09-02,2026-09-02,CM,NSE,STK,11665,INE0H7R07025,79NHIT40,N2,,,,,SEC RE NCD 7.90% STRPP B,311.15,315.00,310.90,311.53,314.40,311.15,,311.51,,,7301,2270105.08,20,F1,1,,,,,
2026-09-02,2026-09-02,CM,NSE,STK,11669,INE0H7R07033,79NHIT47,N3,,,,,SEC RE NCD 7.90% STRPP C,419.99,419.99,416.48,416.53,416.48,417.66,,416.53,,,1400,583168.10,12,F1,1,,,,,
2026-09-02,2026-09-02,CM,NSE,STK,3476,INE219X07280,797IGT31,NL,,,,,SEC RE NCD 7.97% SR.VI,1010.00,1010.00,1010.00,1010.00,1010.00,1017.60,,1010.00,,,10,10100.00,1,F1,1,,,,,
2026-09-02,2026-09-02,CM,NSE,STK,3464,INE219X07264,82IGT31,NJ,,,,,SEC RE NCD 8.20% SR.V,1031.00,1035.00,1031.00,1032.00,1032.00,1031.00,,1032.00,,,1750,1804944.80,11,F1,1,,,,,
2026-09-02,2026-09-02,CM,NSE,STK,6197,INE530B07161,842IIFL26,NL,,,,,SEC RE NCD 8.42% SR.V,999.89,999.89,996.00,996.00,996.00,997.01,,999.97,,,56,55956.14,5,F1,1,,,,,
2026-09-02,2026-09-02,CM,NSE,STK,13852,INE530B07310,865IIFL28,NS,,,,,SEC RE NCD 8.65% SR.V,996.10,996.10,994.50,995.25,994.50,996.10,,995.25,,,1830,1820996.50,19,F1,1,,,,,
2026-09-02,2026-09-02,CM,NSE,STK,13854,INE530B07260,9IIFL28A,NT,,,,,SEC RE NCD 9% SR.VI,1040.00,1040.00,1040.00,1040.00,1040.00,1049.99,,1042.00,,,625,650000.00,2,F1,1,,,,,
2026-09-02,2026-09-02,CM,NSE,STK,11368,INE148I07ML1,905SC24B,Z9,,,,,SEC RE NCD 9.15% SR.VIII,999.90,999.90,999.90,999.90,999.90,999.90,,999.90,,,1,999.90,1,F1,1,,,,,
2026-09-02,2026-09-02,CM,NSE,STK,11861,INE148I07MZ1,93SCL24A,ZN,,,,,SEC RE NCD 9.15% SR.VIII,999.90,999.90,999.90,999.90,999.90,999.90,,999.90,,,40,39996.00,1,F1,1,,,,,
2026-09-02,2026-09-02,CM,NSE,STK,23948,INE148I07TL6,948SCL27A,ZJ,,,,,SEC RE NCD 9.48% SR V,1000.00,1000.00,1000.00,1000.00,1000.00,1001.00,,1000.00,,,47,47000.00,2,F1,1,,,,,
2026-09-02,2026-09-02,CM,NSE,STK,25552,INE148I07UC3,948SCL27D,N1,,,,,SEC RE NCD 9.48% SR V,1060.00,1060.00,1060.00,1060.00,1060.00,990.50,,1060.00,,,5,5300.00,1,F1,1,,,,,
2026-09-02,2026-09-02,CM,NSE,STK,25294,INE423A07336,956AEL29,N6,,,,,SEC RE NCD 9.56% SR VI,1030.00,1030.00,1030.00,1030.00,1030.00,1049.00,,1035.00,,,117,120510.00,13,F1,1,,,,,
2026-09-02,2026-09-02,CM,NSE,STK,25287,INE423A07328,965AEL27,N4,,,,,SEC RE NCD 9.65% SR IV,1011.99,1011.99,1011.00,1011.50,1011.50,1009.53,,1011.50,,,672,679746.70,15,F1,1,,,,,
2026-09-02,2026-09-02,CM,NSE,STK,18487,INE741K07579,970CAGL28,ND,,,,,SEC RE NCD 9.70% SR VII,1023.99,1023.99,1018.00,1020.99,1020.99,1023.69,,1020.99,,,71,72494.10,18,F1,1,,,,,
2026-09-02,2026-09-02,CM,NSE,STK,21024,INE148I07RP1,980SCL33D,YG,,,,,SEC RE NCD 9.71% SR VIII,1002.00,1002.00,1002.00,1002.00,1002.00,835.00,,1002.00,,,1,1002.00,1,F1,1,,,,,
2026-09-02,2026-09-02,CM,NSE,STK,14038,INE244L07416,985SFIL28,NO,,,,,SEC RE NCD 9.85% SR.VIII,375.50,400.00,375.50,395.01,395.01,425.00,,395.01,,,75,29287.70,3,F1,1,,,,,
2026-09-02,2026-09-02,CM,NSE,STK,23293,INE148I07SG8,990SCL27,YT,,,,,SEC RE NCD 9.9% SR IV,1030.20,1030.20,1030.20,1030.20,1030.20,1030.20,,1030.20,,,3,3090.60,1,F1,1,,,,,
2026-09-02,2026-09-02,CM,NSE,STK,25296,INE423A07344,99AEL29,N7,,,,,SEC RE NCD 9.90% SR VII,1059.79,1059.79,1059.75,1059.75,1059.75,1050.10,,1059.75,,,32,33912.64,2,F1,1,,,,,
2026-09-02,2026-09-02,CM,NSE,STK,25292,INE423A07377,AEL120924A,N5,,,,,SEC RE NCD SR V,1200.00,1200.00,1200.00,1200.00,1200.00,1200.00,,1200.00,,,200,240000.00,1,F1,1,,,,,
2026-09-02,2026-09-02,CM,NSE,STK,23299,INE148I07SK0,0SCL27,YW,,,,,SEC RE NCD SR VI,1233.60,1233.60,1233.60,1233.60,1233.60,1241.87,,1233.60,,,100,123360.00,2,F1,1,,,,,
2026-09-02,2026-09-02,CM,NSE,STK,18498,INE741K07546,CAGL28,NE,,,,,SEC RE NCD SR VIII,1365.00,1365.00,1365.00,1365.00,1365.00,1355.00,,1365.00,,,59,80535.00,2,F1,1,,,,,
2026-09-02,2026-09-02,CM,NSE,STK,15376,INE121A07QX1,CIFCZC28A,N5,,,,,SEC RE NCD SR.VI,1305.00,1305.00,1305.00,1305.00,1305.00,1299.01,,1305.00,,,26,33930.00,2,F1,1,,,,,
2026-09-02,2026-09-02,CM,NSE,STK,14219,INE00QS24043,IMC1,N1,,,,,SEC RE NCGB 8.25% STRPP B,250.00,250.50,250.00,250.50,250.50,250.00,,250.50,,,130,32541.50,3,F1,1,,,,,
2026-09-02,2026-09-02,CM,NSE,STK,14228,INE00QS24035,IMC1,N3,,,,,SEC RE NCGB 8.25% STRPP D,251.00,251.00,251.00,251.00,251.00,250.00,,251.00,,,83,20833.00,3,F1,1,,,,,
2026-09-02,2026-09-02,CM,NSE,STK,7975,INE804IA7014,1015ECL29,NR,,,,,SEC RED NCD 10.15% SR. VI,1015.10,1019.81,1015.10,1018.25,1017.50,1016.02,,1018.22,,,370,376823.06,15,F1,1,,,,,
2026-09-02,2026-09-02,CM,NSE,STK,7986,INE804IA7022,1060ECL29,NS,,,,,SEC RED NCD 10.6% SR. VII,1061.00,1089.00,1061.00,1088.50,1089.00,1288.00,,1088.50,,,82,87057.00,3,F1,1,,,,,
2026-09-02,2026-09-02,CM,NSE,STK,9982,INE511C07714,85PFL26A,N7,,,,,SEC RED NCD 10.75% SR.VII,1086.01,1086.01,1086.01,1086.01,1086.01,1090.00,,1086.01,,,19,20634.19,1,F1,1,,,,,
2026-09-02,2026-09-02,CM,NSE,STK,18624,INE148I07GJ7,865SCL26,N8,,,,,SEC RED NCD 8.65% SR. V,1000.99,1001.00,1000.99,1001.00,1001.00,1001.00,,1001.00,,,11,11010.97,2,F1,1,,,,,
2026-09-02,2026-09-02,CM,NSE,STK,18628,INE148I07GL3,9SCL26BA,NA,,,,,SEC RED NCD 9.0% SR. VI,1080.00,1080.00,1080.00,1080.00,1080.00,1080.00,,1080.00,,,10,10800.00,2,F1,1,,,,,
2026-09-02,2026-09-02,CM,NSE,STK,498,INE721A07NU1,903SFL28,YI,,,,,SEC RED NCD 9.03% SR. II,1035.00,1035.00,1034.00,1034.00,1034.00,1030.10,,1034.00,,,160,165595.00,5,F1,1,,,,,
2026-09-02,2026-09-02,CM,NSE,STK,6149,INE721A07OC7,930SFL28,YP,,,,,SEC RED NCD 9.30% SR. II,1050.00,1050.00,1048.00,1048.00,1048.00,1045.00,,1048.00,,,155,162630.30,6,F1,1,,,,,
2026-09-02,2026-09-02,CM,NSE,STK,8625,INE721A07ON4,957ICCL25,YW,,,,,SEC RED NCD 9.30% SR. II,1032.19,1045.00,1032.19,1042.50,1040.00,1070.00,,1042.50,,,237,246134.00,8,F1,1,,,,,
2026-09-02,2026-09-02,CM,NSE,STK,8642,INE721A07OQ7,97SFL29,YZ,,,,,SEC RED NCD 9.70% SR. V,1091.00,1091.00,1091.00,1091.00,1091.00,1091.00,,1091.00,,,95,103645.00,2,F1,1,,,,,
2026-09-02,2026-09-02,CM,NSE,STK,4292,INE804I079Y6,985ECL28,NK,,,,,SEC RED NCD 9.85% SR. VII,910.00,1100.00,910.00,1002.00,1002.00,1004.87,,1003.50,,,188,191270.60,5,F1,1,,,,,
2026-09-02,2026-09-02,CM,NSE,STK,18630,INE148I07GN9,SCLZC26,NB,,,,,SEC RED NCD SR. VII,2351.00,2351.00,2351.00,2351.00,2351.00,2351.00,,2351.00,,,23,54073.00,1,F1,1,,,,,
2026-09-02,2026-09-02,CM,NSE,STK,19496,INE0BTM01013,SECMARK,EQ,,,,,SECMARK CONSULTANCY LTD,142.40,144.13,137.00,142.78,144.00,148.51,,142.70,,,5992,844410.18,286,F1,1,,,,,
2026-09-02,2026-09-02,CM,NSE,STK,11058,INE650K01021,SECURKLOUD,EQ,,,,,SECUREKLOUD TECH LIMITED,17.83,17.83,17.10,17.35,17.59,17.33,,17.38,,,4671,81491.72,89,F1,1,,,,,
2026-09-02,2026-09-02,CM,NSE,STK,761153,INE00XB01019,SEDEMAC,EQ,,,,,SEDEMAC MECHATRONICS LTD,2954.00,2970.00,2845.60,2866.50,2888.00,2988.60,,2866.31,,,226318,650566407.80,34896,F1,1,,,,,
2026-09-02,2026-09-02,CM,NSE,STK,7091,INE955I01044,SEJALLTD,EQ,,,,,SEJAL GLASS LIMITED,670.50,686.85,658.00,672.85,671.00,675.30,,672.85,,,5960,4011802.50,637,F1,1,,,,,
2026-09-02,2026-09-02,CM,NSE,STK,6262,INE105I01020,SELMC,EQ,,,,,SEL MANUFACTURING CO LTD,27.10,28.20,26.56,27.43,27.00,27.11,,27.80,,,5527,148852.22,74,F1,1,,,,,
2026-09-02,2026-09-02,CM,NSE,STK,757982,INE0IJF01013,SELLOWRAP,SM,,,,,SELLOWRAP INDUSTRIES LTD,66.50,66.50,66.50,66.50,66.50,66.95,,66.50,,,1600,106400.00,1,F1,1600,,,,,
2026-09-02,2026-09-02,CM,NSE,STK,17271,INE602W01027,SENCO,EQ,,,,,SENCO GOLD LIMITED,351.00,351.95,342.70,348.60,349.95,352.75,,348.65,,,564599,195871884.45,12948,F1,1,,,,,
2026-09-02,2026-09-02,CM,NSE,STK,28888,INE0RB801010,SENORES,EQ,,,,,SENORES PHARMACEUTICALS L,1454.70,1478.80,1440.20,1449.50,1452.80,1454.70,,1449.51,,,170199,247501276.90,14364,F1,1,,,,,
2026-09-02,2026-09-02,CM,NSE,STK,15308,INE964H01014,SEPC,EQ,,,,,SEPC LIMITED,5.37,5.55,5.26,5.43,5.46,5.37,,5.43,,,9018965,48332763.83,4807,F1,1,,,,,
2026-09-02,2026-09-02,CM,NSE,STK,21197,INE306N07LM5,865TCAPS27,N8,,,,,SERENCD8.65%SR.IIICIII&IV,980.96,1010.50,980.96,1010.50,1010.50,1006.12,,1010.60,,,122,123052.08,5,F1,1,,,,,
2026-09-02,2026-09-02,CM,NSE,STK,17399,INE0P1Q01015,SERVICE,SM,,,,,SERVICE CARE LIMITED,66.75,71.35,66.75,70.30,71.35,70.05,,70.30,,,34000,2356600.00,16,F1,2000,,,,,
2026-09-02,2026-09-02,CM,NSE,STK,5507,INE782X01033,SERVOTECH,EQ,,,,,SERVOTECH REN POW SYS LTD,78.58,79.90,77.05,79.47,79.65,78.58,,79.47,,,308764,24280026.63,4049,F1,1,,,,,
2026-09-02,2026-09-02,CM,NSE,STK,759934,INE04VU01023,STYL,EQ,,,,,SESHAASAI TECHNOLOGIES L,388.60,392.20,378.05,386.00,388.00,386.80,,386.00,,,80614,31075831.75,3272,F1,1,,,,,
2026-09-02,2026-09-02,CM,NSE,STK,3066,INE630A01024,SESHAPAPER,EQ,,,,,SESHASAYEE PAPER & BOARDS,232.85,232.85,227.50,229.67,228.15,232.52,,229.73,,,37976,8773186.24,735,F1,1,,,,,
2026-09-02,2026-09-02,CM,NSE,STK,17518,INE878E01021,SETCO,BE,,,,,SETCO AUTOMOTIVE LTD,17.67,18.35,17.15,17.51,17.52,17.67,,17.54,,,43962,776811.32,144,F1,1,,,,,
2026-09-02,2026-09-02,CM,NSE,STK,18024,INE023M01027,SETUINFRA,BZ,,,,,SETUBANDHAN INFRA LTD,0.53,0.53,0.53,0.53,0.53,0.51,,0.53,,,24242,12848.26,24,F1,1,,,,,
2026-09-02,2026-09-02,CM,NSE,STK,10836,INE573R01012,SEYAIND,BE,,,,,SEYA INDUSTRIES LIMITED,12.17,12.25,12.05,12.25,12.25,12.17,,12.25,,,3788,45944.86,28,F1,1,,,,,
2026-09-02,2026-09-02,CM,NSE,STK,758853,INE618R01015,SGFIN,EQ,,,,,SG FINSERVE LIMITED,682.35,687.55,666.25,674.60,678.00,682.30,,674.65,,,116799,78661728.35,4680,F1,1,,,,,
2026-09-02,2026-09-02,CM,NSE,STK,758889,INE385F01024,SGMART,EQ,,,,,SG MART LIMITED,837.55,845.10,821.30,827.20,823.10,835.05,,827.16,,,112710,93783073.20,6906,F1,1,,,,,
2026-09-02,2026-09-02,CM,NSE,STK,765247,INE967B01028,SGLRES,EQ,,,,,SGL RESOURCES LIMITED,2.42,2.43,2.31,2.33,2.37,2.42,,2.33,,,12072,28159.33,44,F1,1,,,,,
2026-09-02,2026-09-02,CM,NSE,STK,761469,INE12UN01015,SHADOWFAX,EQ,,,,,SHADOWFAX TECHNOLOGIES L,257.40,257.40,251.50,253.55,253.50,257.20,,253.55,,,1855864,470669462.25,22509,F1,1,,,,,
2026-09-02,2026-09-02,CM,NSE,STK,11856,INE640C01011,SHAHALLOYS,EQ,,,,,SHAH ALLOYS LIMITED,109.50,115.40,106.00,112.46,110.55,113.00,,112.49,,,223823,25050773.91,2589,F1,1,,,,,
2026-09-02,2026-09-02,CM,NSE,STK,20296,INE482J01021,SHAH,EQ,,,,,SHAH METACORP LIMITED,3.67,3.68,3.50,3.57,3.58,3.67,,3.57,,,976261,3497698.96,839,F1,1,,,,,
2026-09-02,2026-09-02,CM,NSE,STK,8727,INE151G01028,SHAILY,EQ,,,,,SHAILY ENG PLASTICS LTD,3220.10,3287.50,3147.00,3172.50,3169.10,3266.30,,3172.45,,,151078,481635004.70,20896,F1,1,,,,,
2026-09-02,2026-09-02,CM,NSE,STK,25574,INE908D01010,SHAKTIPUMP,EQ,,,,,SHAKTI PUMPS (I) LTD,475.30,477.95,470.25,472.35,473.30,477.95,,472.36,,,254955,120561029.95,12910,F1,1,,,,,
2026-09-02,2026-09-02,CM,NSE,STK,714,INE597J01018,SHALBY,EQ,,,,,SHALBY LIMITED,154.25,155.01,148.22,151.33,152.50,153.65,,151.36,,,95389,14445821.56,1971,F1,1,,,,,
2026-09-02,2026-09-02,CM,NSE,STK,761688,INE861D01011,SAHLIBHFI,EQ,,,,,SHALIBHADRA FINANCE LTD,82.00,89.50,80.00,86.36,85.90,75.58,,86.36,,,1697290,145411034.91,7128,F1,1,,,,,
2026-09-02,2026-09-02,CM,NSE,STK,15346,INE849C01026,SHALPAINTS,BE,,,,,SHALIM PAINTS LTD,79.06,79.75,76.60,77.67,77.50,79.38,,77.83,,,67729,5271332.36,375,F1,1,,,,,
2026-09-02,2026-09-02,CM,NSE,STK,25737,INE01NE01012,SRD,EQ,,,,,SHANKAR LAL RAMPAL LTD,39.98,39.98,38.00,38.63,38.65,39.62,,38.63,,,38691,1487426.40,321,F1,1,,,,,
2026-09-02,2026-09-02,CM,NSE,STK,20321,INE274V01019,SHANKARA,EQ,,,,,SHANKARA BLDG PRODUCT LTD,147.00,148.48,145.41,147.33,147.00,146.59,,147.34,,,85064,12486139.43,546,F1,1,,,,,
2026-09-02,2026-09-02,CM,NSE,STK,760594,INE24OJ01011,BUILDPRO,EQ,,,,,SHANKARA BUILDPRO LIMITED,1273.00,1298.00,1234.10,1261.80,1269.90,1272.40,,1261.82,,,129285,164235719.10,5610,F1,1,,,,,
2026-09-02,2026-09-02,CM,NSE,STK,765382,INE1WFC01025,SHANKESH,EQ,,,,,SHANKESH JEWELLERS LTD,91.10,98.72,90.11,97.95,97.50,91.77,,97.94,,,9301184,891559336.68,49300,F1,1,,,,,
2026-09-02,2026-09-02,CM,NSE,STK,3078,INE631A01022,SHANTIGEAR,EQ,,,,,SHANTHI GEARS LTD,530.00,535.00,520.00,529.85,531.00,530.65,,529.86,,,71215,37617856.75,1825,F1,1,,,,,
2026-09-02,2026-09-02,CM,NSE,STK,762889,INE440T01028,SEIL,EQ,,,,,SHANTI EDU INITIATIVES L,199.50,205.20,196.66,201.56,202.70,200.50,,201.44,,,644724,130993764.51,3663,F1,1,,,,,
2026-09-02,2026-09-02,CM,NSE,STK,758002,INE06ZD01017,SHANTIGOLD,EQ,,,,,SHANTI GOLD INTERNATION L,235.00,245.00,234.66,243.30,244.30,234.78,,243.31,,,1230246,295140225.74,15357,F1,1,,,,,
2026-09-02,2026-09-02,CM,NSE,STK,5650,INE933X01016,SHANTI,EQ,,,,,SHANTI OVERSEAS INDIA LTD,6.47,6.66,6.07,6.29,6.31,6.35,,6.29,,,13911,87805.16,73,F1,1,,,,,
2026-09-02,2026-09-02,CM,NSE,STK,762904,INE220Z01013,SHINDL,EQ,,,,,SHARAT INDUSTRIES LTD.,162.59,168.96,159.11,160.68,160.80,162.21,,160.67,,,311659,50182084.95,2301,F1,1,,,,,
2026-09-02,2026-09-02,CM,NSE,STK,4992,INE221J01015,SHARDACROP,EQ,,,,,SHARDA CROPCHEM LTD.,786.10,788.85,777.00,778.30,779.90,788.30,,778.31,,,59207,46215860.90,5451,F1,1,,,,,
2026-09-02,2026-09-02,CM,NSE,STK,10530,INE597I01028,SHARDAMOTR,EQ,,,,,SHARDA MOTOR INDS LTD,888.25,890.50,869.20,875.70,879.00,884.30,,875.71,,,33554,29434324.75,4702,F1,1,,,,,
2026-09-02,2026-09-02,CM,NSE,STK,762897,INE037B01020,SHARDUL,BE,,,,,SHARDUL SECURITIES LTD.,51.90,53.38,51.90,53.03,53.35,52.77,,53.07,,,12696,671052.80,55,F1,1,,,,,
2026-09-02,2026-09-02,CM,NSE,STK,104,INE932X01026,SHAREINDIA,EQ,,,,,SHARE IND. SECURITIES LTD,170.27,170.63,167.78,168.48,168.40,170.80,,168.48,,,135258,22828167.41,1399,F1,1,,,,,
2026-09-02,2026-09-02,CM,NSE,STK,19469,INE460Q01014,SCML,SM,,,,,SHARP CHUCKS N MACHINES L,81.60,84.90,81.60,83.95,83.95,86.00,,83.95,,,73000,6094700.00,58,F1,1000,,,,,
2026-09-02,2026-09-02,CM,NSE,STK,19184,INE916U01025,SFL,EQ,,,,,SHEELA FOAM LIMITED,648.00,656.95,634.30,646.85,645.45,644.75,,646.87,,,183379,118786560.00,17608,F1,1,,,,,
2026-09-02,2026-09-02,CM,NSE,STK,12081,INE501Y01019,SCPL,BE,,,,,SHEETAL COOL PRODUCTS LTD,631.00,648.00,622.25,637.20,644.00,644.00,,640.90,,,6415,4097153.00,174,F1,1,,,,,
2026-09-02,2026-09-02,CM,NSE,STK,20415,INE04VX01019,SHEETAL,SM,,,,,SHEETAL UNIVERSAL LIMITED,333.00,340.90,332.00,333.75,332.00,339.00,,333.75,,,11000,3688675.00,18,F1,500,,,,,
2026-09-02,2026-09-02,CM,NSE,STK,21099,INE268L01046,SHEKHAWATI,BE,,,,,SHEKHAWATI INDUSTRIES LTD,15.95,15.95,15.19,15.30,15.19,15.98,,15.30,,,10798,166285.89,60,F1,1,,,,,
2026-09-02,2026-09-02,CM,NSE,STK,5072,INE363M01019,SHEMAROO,BE,,,,,SHEMAROO ENTER. LTD.,122.36,127.89,122.36,126.78,126.89,126.16,,126.78,,,7971,1009271.20,49,F1,1,,,,,
2026-09-02,2026-09-02,CM,NSE,STK,14172,INE0MM001019,SHERA,SM,,,,,SHERA ENERGY LIMITED,174.75,177.00,174.75,176.30,176.75,174.65,,176.30,,,8000,1409900.00,8,F1,1000,,,,,
2026-09-02,2026-09-02,CM,NSE,STK,764890,INE011D01013,SHERVANI,EQ,,,,,SHERVANI INDUSTRIAL SYN L,307.20,346.15,307.20,342.75,307.50,307.20,,315.68,,,58,19879.50,8,F1,1,,,,,
2026-09-02,2026-09-02,CM,NSE,STK,8394,INE03KJ01013,SHIGAN,SM,,,,,SHIGAN QUANTUM TECH LTD,71.10,71.10,71.10,71.10,71.10,71.00,,71.10,,,1500,106650.00,1,F1,1500,,,,,
2026-09-02,2026-09-02,CM,NSE,STK,759847,INE024F01011,SHILCTECH,EQ,,,,,SHILCHAR TECHNOLOGIES LTD,3994.00,4019.70,3942.00,3995.40,4009.50,4014.40,,3995.22,,,17768,70863159.40,4237,F1,1,,,,,
2026-09-02,2026-09-02,CM,NSE,STK,764895,INE960A01017,SHILGRAVQ,EQ,,,,,SHILP GRAVURES LTD.,153.00,155.90,151.50,155.12,151.50,153.72,,155.10,,,1033,159656.17,24,F1,1,,,,,
2026-09-02,2026-09-02,CM,NSE,STK,17752,INE790G01031,SHILPAMED,EQ,,,,,SHILPA MEDICARE LTD,889.00,930.85,887.05,928.55,930.00,889.70,,928.54,,,1465404,1345123590.55,48025,F1,1,,,,,
2026-09-02,2026-09-02,CM,NSE,STK,23127,INE0PB301013,SCILAL,EQ,,,,,SHIPPING CORP OF ILA LTD,39.90,39.98,39.20,39.47,39.67,40.03,,39.47,,,179599,7101650.36,1296,F1,1,,,,,
2026-09-02,2026-09-02,CM,NSE,STK,3048,INE109A01011,SCI,EQ,,,,,SHIPPING CORP OF INDIA LT,285.50,298.75,282.60,288.20,289.35,287.50,,288.28,,,4450212,1298361974.90,44545,F1,1,,,,,
2026-09-02,2026-09-02,CM,NSE,STK,765282,INE0FOO01011,SHIPROCKET,EQ,,,,,SHIPROCKET LIMITED,134.80,137.77,131.70,133.82,134.80,134.25,,133.82,,,7254180,973408147.87,39048,F1,1,,,,,
2026-09-02,2026-09-02,CM,NSE,STK,759747,INE719F01016,SHIVAUM,EQ,,,,,SHIV AUM STEELS LIMITED,483.90,483.90,423.05,448.20,447.50,448.35,,448.20,,,109000,46935804.60,119,F1,1,,,,,
2026-09-02,2026-09-02,CM,NSE,STK,765160,INE555C01029,SHIVACEM,EQ,,,,,SHIVA CEMENT LTD.,16.39,16.39,15.62,15.99,15.90,16.04,,15.95,,,41292,659791.09,172,F1,1,,,,,
2026-09-02,2026-09-02,CM,NSE,STK,764900,INE960E01019,SHIVAAGRO,EQ,,,,,SHIVA GLOBAL AGRO INDS. L,39.70,40.97,37.00,40.80,39.30,40.84,,41.14,,,1056,39292.04,17,F1,1,,,,,
2026-09-02,2026-09-02,CM,NSE,STK,1497,INE644Y01017,SHIVAMILLS,EQ,,,,,SHIVA MILLS LIMITED,60.80,62.10,59.61,61.15,60.14,62.34,,61.15,,,534,32391.49,24,F1,1,,,,,
2026-09-02,2026-09-02,CM,NSE,STK,804,INE705C01020,SHIVATEX,EQ,,,,,SHIVA TEXYARN LIMITED,177.44,184.90,175.98,180.51,181.42,178.33,,180.51,,,6823,1225327.93,151,F1,1,,,,,
2026-09-02,2026-09-02,CM,NSE,STK,24249,INE0T7B01010,SPCL,SM,,,,,SHIVALIC POWER CONTROL L,60.95,60.95,60.60,60.70,60.60,60.95,,60.70,,,7800,474210.00,11,F1,600,,,,,
2026-09-02,2026-09-02,CM,NSE,STK,4656,INE386D01027,SBCL,EQ,,,,,SHIVALIK BIMETAL CON. LTD,1032.50,1060.90,1025.00,1050.90,1055.00,1047.90,,1050.89,,,240612,251561526.00,15211,F1,1,,,,,
2026-09-02,2026-09-02,CM,NSE,STK,7026,INE788J01021,SHIVALIK,BE,,,,,SHIVALIK RASAYAN LIMITED,344.30,344.30,321.15,325.85,327.80,338.05,,325.83,,,41241,13429363.80,672,F1,1,,,,,
2026-09-02,2026-09-02,CM,NSE,STK,13756,INE637H01024,SHIVAMAUTO,EQ,,,,,SHIVAM AUTO.LTD,18.37,18.37,17.53,17.85,17.82,17.94,,17.85,,,41911,744617.72,146,F1,1,,,,,
2026-09-02,2026-09-02,CM,NSE,STK,758744,INE1DLF01018,SHIVASHRIT,SM,,,,,SHIVASHRIT FOODS LIMITED,120.55,120.95,120.55,120.95,120.95,120.00,,120.95,,,2000,241500.00,2,F1,1000,,,,,
2026-09-02,2026-09-02,CM,NSE,STK,11813,INE498B01024,SHOPERSTOP,EQ,,,,,SHOPPERS STOP LIMITED,387.85,391.65,378.00,381.25,378.05,386.35,,381.25,,,15781,6015402.00,914,F1,1,,,,,
2026-09-02,2026-09-02,CM,NSE,STK,764905,INE311M01018,SHRADDHA,EQ,,,,,SHRADDHA PRIME PROJECTS L,164.00,164.00,153.96,157.89,159.00,160.72,,157.75,,,4640,728182.32,126,F1,1,,,,,
2026-09-02,2026-09-02,CM,NSE,STK,708,INE715Y01031,SHRADHA,EQ,,,,,SHRADHA REALTY LIMITED,31.85,32.00,31.55,31.63,31.65,31.85,,31.63,,,5791,183632.36,36,F1,1,,,,,
2026-09-02,2026-09-02,CM,NSE,STK,10588,INE712K01011,SHREEPUSHK,EQ,,,,,SHRE PUSH CHEM & FERT LTD,464.45,477.20,455.75,468.05,465.95,464.45,,468.06,,,71193,33343172.05,3780,F1,1,,,,,
2026-09-02,2026-09-02,CM,NSE,STK,762874,INE185C01017,SAPPL,EQ,,,,,SHREE AJIT PULP & PAPER L,281.25,288.95,275.00,280.00,282.40,289.15,,279.68,,,2539,705336.40,159,F1,1,,,,,
2026-09-02,2026-09-02,CM,NSE,STK,3103,INE070A01015,SHREECEM,EQ,,,,,SHREE CEMENT LIMITED,23450.00,23680.00,23060.00,23680.00,23680.00,23490.00,,23680.00,,,17542,411978870.00,10406,F1,1,,,,,
2026-09-02,2026-09-02,CM,NSE,STK,3099,INE232A01011,SHREDIGCEM,EQ,,,,,SHREE DIGVIJAY CEM CO LTD,73.82,75.40,70.15,70.95,70.90,73.82,,70.95,,,225107,16099288.07,3514,F1,1,,,,,
2026-09-02,2026-09-02,CM,NSE,STK,764885,INE414Y01015,SGRL,EQ,,,,,SHREE GANESH REMEDIES LTD,661.60,697.95,661.60,685.65,690.00,684.35,,685.54,,,29477,19947353.05,2118,F1,1,,,,,
2026-09-02,2026-09-02,CM,NSE,STK,23074,INE0S4Y01010,SHREEKARNI,SM,,,,,SHREE KARNI FABCOM LTD,398.00,408.00,382.00,395.00,395.00,399.45,,395.00,,,3150,1254765.00,14,F1,150,,,,,
2026-09-02,2026-09-02,CM,NSE,STK,20603,INE02S501018,SHREEOSFM,SM,,,,,SHREE OSFM E-MOBILITY LTD,58.50,60.15,58.50,59.00,59.00,58.50,,59.00,,,3000,177650.00,3,F1,1000,,,,,
2026-09-02,2026-09-02,CM,NSE,STK,760188,INE19GK01015,SRTL,EQ,,,,,SHREE RAM TWISTEX LIMITED,38.39,38.77,36.70,36.99,37.00,37.99,,36.99,,,108713,4055252.90,507,F1,1,,,,,
2026-09-02,2026-09-02,CM,NSE,STK,7627,INE879A01019,SHREERAMA,EQ,,,,,SHREE RAMA MULTI TECH LTD,41.25,41.99,40.81,41.13,41.01,41.63,,41.13,,,40231,1654714.49,602,F1,1,,,,,
2026-09-02,2026-09-02,CM,NSE,STK,13565,INE278B01020,RAMANEWS,EQ,,,,,SHREE RAMA NEWSPRINT LTD,31.80,31.80,30.82,31.20,31.06,31.49,,31.19,,,6736,209527.13,92,F1,1,,,,,
2026-09-02,2026-09-02,CM,NSE,STK,12026,INE087H01022,RENUKA,EQ,,,,,SHREE RENUKA SUGARS LTD,24.30,24.41,23.73,23.94,24.02,24.21,,23.94,,,12027252,289020465.66,19936,F1,1,,,,,
2026-09-02,2026-09-02,CM,NSE,STK,21868,INE238Y01018,TIRUPATI,SM,,,,,SHREE TIRUPATI BALAJEE,310.00,310.00,310.00,310.00,310.00,325.00,,310.00,,,125,38750.00,1,F1,125,,,,,
2026-09-02,2026-09-02,CM,NSE,STK,25203,INE0S2G01011,BALAJEE,EQ,,,,,SHREE TIRUPATI BALAJEE L,26.27,26.44,25.81,26.25,26.30,26.06,,26.25,,,16711,437066.22,161,F1,1,,,,,
2026-09-02,2026-09-02,CM,NSE,STK,15126,INE00CE01017,SVLL,BE,,,,,SHREE VASU LOGISTICS LTD,838.00,838.00,800.00,807.00,807.00,815.10,,807.00,,,2150,1734669.15,98,F1,1,,,,,
2026-09-02,2026-09-02,CM,NSE,STK,762159,INE0K3301012,SHREEDHAR,ST,,,,,SHREEDHAR SPINNERS LTD,108.20,112.15,108.20,111.20,112.15,109.30,,111.20,,,30000,3258000.00,6,F1,2000,,,,,
2026-09-02,2026-09-02,CM,NSE,STK,759802,INE1FL101016,SHETHJI,SM,,,,,SHREEJI GLOBAL FMCG LTD,190.00,190.00,185.35,186.55,187.20,183.00,,186.55,,,72000,13418050.00,24,F1,1000,,,,,
2026-09-02,2026-09-02,CM,NSE,STK,759448,INE1B6101010,SHREEJISPG,EQ,,,,,SHREEJI SHIPPING GLOBAL L,635.10,654.70,635.10,643.40,643.60,637.10,,643.38,,,772101,499761575.30,9876,F1,1,,,,,
2026-09-02,2026-09-02,CM,NSE,STK,14305,INE00IK01029,OSWALSEEDS,EQ,,,,,SHREEOSWAL S AND CHE LTD,11.20,11.90,11.20,11.80,11.89,11.40,,11.80,,,80227,931039.93,253,F1,1,,,,,
2026-09-02,2026-09-02,CM,NSE,STK,5718,INE0GTI23014,SHREMINVIT,IV,,,,,SHREM INVIT,101.00,101.00,101.00,101.00,101.00,100.75,,101.00,,,25000,2525000.00,1,F1,25000,,,,,
2026-09-02,2026-09-02,CM,NSE,STK,760252,INE632X01030,SHRENIK,BZ,,,,,SHRENIK LIMITED,0.30,0.30,0.28,0.28,0.29,0.29,,0.28,,,286599,80967.20,177,F1,1,,,,,
2026-09-02,2026-09-02,CM,NSE,STK,3126,INE231C01019,SHREYANIND,EQ,,,,,SHREYANS INDUSTRIES LTD,126.30,127.06,125.00,125.71,125.50,125.80,,125.68,,,4428,556442.92,66,F1,1,,,,,
2026-09-02,2026-09-02,CM,NSE,STK,756409,INE0DM401012,SHRIAHIMSA,ST,,,,,SHRI AHIMSA NATURALS LTD,462.50,485.60,462.50,485.60,485.60,462.50,,485.60,,,15600,7513920.00,24,F1,600,,,,,
2026-09-02,2026-09-02,CM,NSE,STK,762899,INE402H01015,SHBAJRG,EQ,,,,,SHRI BAJRANG ALLIANCE L,162.98,162.99,153.15,155.07,154.80,158.49,,155.22,,,5047,799627.60,143,F1,1,,,,,
2026-09-02,2026-09-02,CM,NSE,STK,758568,INE0NON01025,SHKSIL,SM,,,,,SHRI HARE-KRI SPO IRON L,32.00,34.85,31.50,33.80,31.50,32.25,,33.80,,,12000,402300.00,6,F1,2000,,,,,
2026-09-02,2026-09-02,CM,NSE,STK,764910,INE564J01026,SHRJAGP,EQ,,,,,SHRI JAGDAMBA POLYMERS L,623.00,625.00,604.00,615.55,613.20,622.55,,615.95,,,896,553298.55,84,F1,1,,,,,
2026-09-02,2026-09-02,CM,NSE,STK,760202,INE1V4601019,SHRIKANHA,SM,,,,,SHRI KANHA STAINLESS LTD,21.50,22.30,21.50,22.25,22.25,21.30,,22.25,,,25600,569040.00,11,F1,1600,,,,,
2026-09-02,2026-09-02,CM,NSE,STK,762909,INE997I01012,SHRIKRISH,EQ,,,,,SHRI KRISHNA DEVCON LTD.,37.49,40.00,37.49,39.81,39.89,37.49,,39.81,,,908,35577.79,16,F1,1,,,,,
2026-09-02,2026-09-02,CM,NSE,STK,17684,INE0OMF01015,SHRITECH,SM,,,,,SHRI TECHTEX LIMITED,64.00,70.10,59.55,59.55,59.55,60.95,,59.55,,,26000,1665800.00,13,F1,2000,,,,,
2026-09-02,2026-09-02,CM,NSE,STK,765210,INE574G01013,VASUPRADA,EQ,,,,,SHRI VASUPRADA PLANTATI L,97.20,97.20,97.20,97.20,97.20,97.00,,97.20,,,3,291.60,3,F1,1,,,,,
2026-09-02,2026-09-02,CM,NSE,STK,759093,INE1B3L01017,SHRINGARMS,EQ,,,,,SHRINGAR HOU OF MANGALS L,215.97,218.39,213.60,216.23,215.15,215.97,,216.23,,,144996,31395207.41,1870,F1,1,,,,,
2026-09-02,2026-09-02,CM,NSE,STK,24374,INF680P01422,LIQUIDSHRI,EQ,,,,,SHRIRAM - LIQUIDSHRI,1119.85,1119.85,1119.83,1119.83,1119.83,1119.72,,1119.83,,,3282,3675292.10,15,F1,1,,,,,
2026-09-02,2026-09-02,CM,NSE,STK,4306,INE721A01047,SHRIRAMFIN,EQ,,,,,SHRIRAM FINANCE LIMITED,1048.00,1048.00,1026.10,1047.00,1047.00,1059.10,,1047.00,,,6535021,6772146437.60,268363,F1,1,,,,,
2026-09-02,2026-09-02,CM,NSE,STK,7200,INE217L01019,SHRIRAMPPS,EQ,,,,,SHRIRAM PROPERTIES LTD,76.00,76.41,75.11,75.68,76.25,76.13,,75.68,,,245690,18554067.76,2492,F1,1,,,,,
2026-09-02,2026-09-02,CM,NSE,STK,6451,INE01Z401013,SHUBHLAXMI,SM,,,,,SHUBHLAXMI JEWEL ART LTD,18.50,18.50,18.50,18.50,18.50,19.45,,18.50,,,1000,18500.00,1,F1,1000,,,,,
2026-09-02,2026-09-02,CM,NSE,STK,25240,INE0UL701015,SHUBHSHREE,SM,,,,,SHUBHSHREE BIOFUELS ENE L,342.30,347.50,325.00,347.50,347.50,340.00,,347.50,,,7200,2432340.00,18,F1,300,,,,,
2026-09-02,2026-09-02,CM,NSE,STK,764537,INE551C01044,SHUKRAPHAR,EQ,,,,,SHUKRA PHARMACEUTICALS L,44.52,47.24,44.52,46.79,46.99,44.43,,46.79,,,2933344,135806585.30,7002,F1,1,,,,,
2026-09-02,2026-09-02,CM,NSE,STK,10192,INE979R01011,SHYAMCENT,BE,,,,,SHYAM CENTURY FERROUS LTD,5.19,5.19,4.85,5.02,5.02,4.95,,5.02,,,40748,204102.67,77,F1,1,,,,,
2026-09-02,2026-09-02,CM,NSE,STK,761213,INE1CRP01016,SHYAMDHANI,ST,,,,,SHYAM DHANI INDUSTRIES L,53.25,53.30,52.95,52.95,52.95,52.40,,52.95,,,6000,319000.00,3,F1,2000,,,,,
2026-09-02,2026-09-02,CM,NSE,STK,4693,INE810G01011,SHYAMMETL,EQ,,,,,SHYAM METALICS AND ENGY L,1078.00,1079.90,1067.10,1072.60,1076.40,1078.00,,1072.60,,,102401,109812813.30,5987,F1,1,,,,,
2026-09-02,2026-09-02,CM,NSE,STK,13740,INE635A01023,SHYAMTEL,EQ,,,,,SHYAM TELECOM LIMITED,12.02,12.02,11.00,11.12,11.50,12.02,,11.12,,,27921,311079.93,174,F1,1,,,,,
2026-09-02,2026-09-02,CM,NSE,STK,16875,INE176J01011,SICAGEN,EQ,,,,,SICAGEN INDIA LIMITED,56.00,58.25,54.91,57.93,57.94,55.48,,57.91,,,50178,2873798.20,466,F1,1,,,,,
2026-09-02,2026-09-02,CM,NSE,STK,19440,INE075B01020,SICALLOG,BE,,,,,SICAL LOGISTICS LIMITED,103.50,103.70,103.50,103.70,103.70,98.77,,103.57,,,24246,2513957.60,58,F1,1,,,,,
2026-09-02,2026-09-02,CM,NSE,STK,759053,INE0SVO01019,SIDDHICOTS,SM,,,,,SIDDHI COTSPIN LIMITED,26.70,27.00,26.70,26.75,26.75,27.50,,26.75,,,15600,417720.00,10,F1,1200,,,,,
2026-09-02,2026-09-02,CM,NSE,STK,3148,INE0A1E01018,SIDDHIKA,SM,,,,,SIDDHIKA COATINGS LIMITED,215.05,215.40,215.05,215.40,215.40,215.00,,215.40,,,3500,752900.00,4,F1,500,,,,,
2026-09-02,2026-09-02,CM,NSE,STK,756871,INE1NPP01017,ENRIN,EQ,,,,,SIEMENS ENERGY INDIA LTD,3140.00,3155.90,3104.50,3119.30,3117.00,3172.50,,3119.30,,,245835,768615439.00,31144,F1,1,,,,,
2026-09-02,2026-09-02,CM,NSE,STK,3150,INE003A01024,SIEMENS,EQ,,,,,SIEMENS LTD,4024.90,4029.00,3966.20,4018.90,4018.90,4030.00,,4019.05,,,263290,1053559468.60,27961,F1,1,,,,,
2026-09-02,2026-09-02,CM,NSE,STK,6663,INE0D0K01022,SIGACHI,EQ,,,,,SIGACHI INDUSTRIES LTD,31.73,32.85,31.40,32.53,32.40,31.72,,32.53,,,1728224,55680253.17,6818,F1,1,,,,,
2026-09-02,2026-09-02,CM,NSE,STK,14797,INE933B01012,SIGMAADV,BE,,,,,SIGMA ADVANCED SYSTEM LTD,778.05,787.80,750.25,772.95,772.90,780.45,,773.00,,,169732,130288539.20,3145,F1,1,,,,,
2026-09-02,2026-09-02,CM,NSE,STK,16658,INE0A0S01028,SIGMA,EQ,,,,,SIGMA SOLVE LIMITED,47.50,47.50,46.41,46.85,47.40,47.29,,46.98,,,54352,2547377.60,880,F1,1,,,,,
2026-09-02,2026-09-02,CM,NSE,STK,18743,INE903U01023,SIGNATURE,EQ,,,,,SIGNATUREGLOBAL INDIA LTD,772.30,773.10,760.15,765.30,768.00,777.20,,765.32,,,177375,135725126.85,4863,F1,1,,,,,
2026-09-02,2026-09-02,CM,NSE,STK,4517,INE529F01035,SIGIND,BE,,,,,SIGNET INDUSTRIES LIMITED,68.80,72.50,68.80,71.58,71.60,70.09,,71.51,,,26413,1875409.58,345,F1,1,,,,,
2026-09-02,2026-09-02,CM,NSE,STK,22656,INE0KGZ01021,SIGNPOST,EQ,,,,,SIGNPOST INDIA LIMITED,252.30,255.00,241.00,242.70,243.00,252.30,,242.70,,,164552,40383278.30,4477,F1,1,,,,,
2026-09-02,2026-09-02,CM,NSE,STK,762914,INE438E01032,SIKA,EQ,,,,,SIKA INTERPLANT SYSTEMS L,1014.90,1014.90,977.55,987.40,987.05,995.40,,987.36,,,16813,16702969.45,1902,F1,1,,,,,
2026-09-02,2026-09-02,CM,NSE,STK,6226,INE112X01025,SIKKO,BE,,,,,SIKKO INDUSTRIES LIMITED,5.11,5.34,4.92,5.19,5.30,5.11,,5.19,,,515912,2634226.64,441,F1,1,,,,,
2026-09-02,2026-09-02,CM,NSE,STK,4105,INE923A01015,SILINV,EQ,,,,,SIL INVESTMENTS LIMITED,481.30,491.00,470.30,477.65,474.00,485.25,,477.65,,,2397,1154808.75,256,F1,1,,,,,
2026-09-02,2026-09-02,CM,NSE,STK,2492,INE01II01013,SILGO,EQ,,,,,SILGO RETAIL LIMITED,71.04,72.59,70.03,71.89,72.35,70.94,,71.89,,,317809,22486422.59,1642,F1,1,,,,,
2026-09-02,2026-09-02,CM,NSE,STK,23736,INE0STN01015,SILKFLEX,SM,,,,,SILKFLEX POLYMERS INDIA L,256.00,261.55,245.25,261.55,261.55,249.10,,261.55,,,25000,6448350.00,21,F1,1000,,,,,
2026-09-02,2026-09-02,CM,NSE,STK,757679,INE0SN801015,SILKY,SM,,,,,SILKY OVERSEAS LIMITED,70.40,70.40,65.40,69.40,69.40,68.80,,69.40,,,12000,812960.00,15,F1,800,,,,,
2026-09-02,2026-09-02,CM,NSE,STK,19097,INE203Y01012,SILLYMONKS,EQ,,,,,SILLY MONKS ENTERTAIN LTD,16.40,16.40,15.90,15.99,16.00,16.08,,15.99,,,107,1721.59,18,F1,1,,,,,
2026-09-02,2026-09-02,CM,NSE,STK,9422,INE625X01026,SILVERTUC,EQ,,,,,SILVER TOUCH TECHNO LTD,171.50,175.74,169.22,173.81,173.00,171.12,,173.78,,,385462,66503980.98,6572,F1,1,,,,,
2026-09-02,2026-09-02,CM,NSE,STK,758836,INE748T01016,SIMBHALS,BZ,,,,,SIMBHAOLI SUGARS LTD.,8.25,8.25,8.11,8.11,8.11,8.27,,8.11,,,11462,92958.42,14,F1,1,,,,,
2026-09-02,2026-09-02,CM,NSE,STK,763378,INE1K4J01018,SIMCA,ST,,,,,SIMCA ADVERTISING LIMITED,258.50,258.50,257.50,258.00,258.00,258.50,,258.00,,,4800,1238700.00,6,F1,600,,,,,
2026-09-02,2026-09-02,CM,NSE,STK,3162,INE059B01024,SIMPLEXINF,EQ,,,,,SIMPLEX INFRASTRUCTURES L,256.60,267.80,252.55,265.20,267.00,256.60,,265.19,,,109146,28687114.30,2195,F1,1,,,,,
2026-09-02,2026-09-02,CM,NSE,STK,23480,INE985A01022,SINCLAIR,EQ,,,,,SINCLAIRS HOTELS LIMITED,82.10,84.50,82.10,82.67,82.10,82.91,,82.68,,,41291,3433463.52,852,F1,1,,,,,
2026-09-02,2026-09-02,CM,NSE,STK,16859,INE325D01025,SINDHUTRAD,EQ,,,,,SINDHU TRADE LINKS LTD,24.48,24.48,23.61,23.86,23.95,24.50,,23.86,,,833375,19971180.68,1336,F1,1,,,,,
2026-09-02,2026-09-02,CM,NSE,STK,761420,INE638A01035,SINGERIND,EQ,,,,,SINGER INDIA LIMITED,75.90,75.90,74.42,74.64,74.63,75.65,,74.65,,,34572,2588825.00,429,F1,1,,,,,
2026-09-02,2026-09-02,CM,NSE,STK,381,INE129Z01016,SINTERCOM,EQ,,,,,SINTERCOM INDIA LIMITED,78.40,78.50,76.31,76.54,76.52,78.30,,76.54,,,1004,77381.70,40,F1,1,,,,,
2026-09-02,2026-09-02,CM,NSE,STK,11050,INE792Z01011,SIRCA,EQ,,,,,SIRCA PAINT INDIA LIMITED,431.00,433.80,427.00,431.25,432.00,431.00,,431.25,,,174471,75136192.20,2506,F1,1,,,,,
2026-09-02,2026-09-02,CM,NSE,STK,21501,INE285J01028,SIS,EQ,,,,,SIS LIMITED,430.90,435.00,422.45,430.00,433.00,427.55,,430.03,,,369279,158395481.15,8320,F1,1,,,,,
2026-09-02,2026-09-02,CM,NSE,STK,29210,INE965H01011,SITINET,BZ,,,,,SITI NETWORKS LIMITED,0.30,0.30,0.29,0.29,0.30,0.29,,0.29,,,891034,263837.54,261,F1,1,,,,,
2026-09-02,2026-09-02,CM,NSE,STK,14096,INE076B01028,SIYSIL,EQ,,,,,SIYARAM SILK MILLS LTD,553.55,558.70,542.15,550.35,553.00,554.45,,550.34,,,39032,21463103.25,3014,F1,1,,,,,
2026-09-02,2026-09-02,CM,NSE,STK,6643,INE284S01014,SJS,EQ,,,,,SJS ENTERPRISES LIMITED,2460.10,2460.10,2374.60,2403.80,2424.00,2461.20,,2403.66,,,96297,231213694.00,16228,F1,1,,,,,
2026-09-02,2026-09-02,CM,NSE,STK,18883,INE002L01015,SJVN,EQ,,,,,SJVN LTD,64.31,64.84,63.80,63.92,64.00,64.92,,63.92,,,1760999,113047720.12,17776,F1,1,,,,,
2026-09-02,2026-09-02,CM,NSE,STK,760101,INE2J8701016,SKFINDUS,EQ,,,,,SKF IND (INDUSTRIAL) LTD,2958.00,3082.90,2935.60,3039.20,3020.00,2953.00,,3038.62,,,78757,238543611.00,22379,F1,1,,,,,
2026-09-02,2026-09-02,CM,NSE,STK,3186,INE640A01023,SKFINDIA,EQ,,,,,SKF INDIA LTD,1532.00,1560.00,1508.00,1532.10,1532.80,1531.60,,1532.13,,,28428,43390690.10,4171,F1,1,,,,,
2026-09-02,2026-09-02,CM,NSE,STK,9428,INE439E01022,SKIPPER,EQ,,,,,SKIPPER LIMITED,531.00,541.95,524.05,537.15,540.00,534.55,,537.11,,,754042,402369116.10,16023,F1,1,,,,,
2026-09-02,2026-09-02,CM,NSE,STK,4732,INE411D01023,SKMEGGPROD,EQ,,,,,SKM EGG PROD EXPORT(I) LT,262.20,266.60,258.90,261.75,262.00,262.20,,261.74,,,186842,49072475.00,4686,F1,1,,,,,
2026-09-02,2026-09-02,CM,NSE,STK,10325,INE0KZA01016,SKP,SM,,,,,SKP BEARING INDUSTRI. LTD,150.05,151.30,148.10,148.10,148.10,150.15,,148.10,,,68500,10278000.00,74,F1,500,,,,,
2026-09-02,2026-09-02,CM,NSE,STK,13631,INE01IU01018,SKYGOLD,EQ,,,,,SKY GOLD AND DIAMONDS LTD,777.00,780.25,747.00,753.10,751.00,778.25,,753.07,,,1060004,802675998.30,40747,F1,1,,,,,
2026-09-02,2026-09-02,CM,NSE,STK,765336,INE0VFE01017,SKYTECH,ST,,,,,SKYTECH INFINITE PLATFM L,46.80,46.80,46.80,46.80,46.80,49.25,,46.80,,,1600,74880.00,1,F1,1600,,,,,
2026-09-02,2026-09-02,CM,NSE,STK,765480,INE0PX301025,SKYWAYS,EQ,,,,,SKYWAYS AIR SERVICES LTD,128.00,132.99,128.00,129.31,129.24,125.56,,129.31,,,17596762,2291106917.94,121357,F1,1,,,,,
2026-09-02,2026-09-02,CM,NSE,STK,23692,INE0SMA01017,SLONE,ST,,,,,SLONE INFOSYSTEMS LIMITED,169.00,177.45,168.00,174.20,177.45,170.50,,174.20,,,7200,1250220.00,16,F1,400,,,,,
2026-09-02,2026-09-02,CM,NSE,STK,9893,INE178C01020,SMARTLINK,BE,,,,,SMARTLINK HOLDINGS LTD,207.60,222.90,205.00,209.37,207.05,214.42,,209.07,,,6540,1359332.77,95,F1,1,,,,,
2026-09-02,2026-09-02,CM,NSE,STK,757965,INE0NAZ01010,SMARTWORKS,EQ,,,,,SMARTWORKS COWORKING SP L,525.90,533.00,522.00,525.45,531.00,525.90,,525.48,,,41047,21619074.90,5936,F1,1,,,,,
2026-09-02,2026-09-02,CM,NSE,STK,2320,INE103C01036,SMCGLOBAL,EQ,,,,,SMC GLOBAL SECURITIES LTD,79.85,79.90,78.31,79.37,79.11,79.65,,79.37,,,263104,20842606.10,979,F1,1,,,,,
2026-09-02,2026-09-02,CM,NSE,STK,3387,INE294B01019,SMLMAH,EQ,,,,,SML MAHINDRA LIMITED,5400.00,5650.00,5300.00,5318.50,5308.00,5412.50,,5318.31,,,157903,862517849.50,25747,F1,1,,,,,
2026-09-02,2026-09-02,CM,NSE,STK,14329,INE812G01025,SMSPHARMA,EQ,,,,,SMS PHARMACEUTICALS LTD.,367.00,376.00,362.10,373.05,373.50,368.25,,373.05,,,176928,65565848.40,5466,F1,1,,,,,
2026-09-02,2026-09-02,CM,NSE,STK,758946,INE1OIC01018,SNEHAA,SM,,,,,SNEHAA ORGANICS LIMITED,46.00,46.00,46.00,46.00,46.00,46.00,,46.00,,,1000,46000.00,1,F1,1000,,,,,
2026-09-02,2026-09-02,CM,NSE,STK,4843,INE734N01019,SNOWMAN,EQ,,,,,SNOWMAN LOGISTICS LTD.,36.68,36.80,35.75,36.07,36.03,36.68,,36.06,,,121902,4417404.27,1315,F1,1,,,,,
2026-09-02,2026-09-02,CM,NSE,STK,13826,INE671H01015,SOBHA,EQ,,,,,SOBHA LIMITED,1249.00,1249.90,1221.00,1230.10,1235.00,1244.90,,1230.10,,,75521,92805314.70,10631,F1,1,,,,,
2026-09-02,2026-09-02,CM,NSE,STK,8266,INE728Z01015,SOFTTECH,EQ,,,,,SOFTTECH ENGINEERS LTD,425.00,425.00,412.45,412.90,412.90,415.10,,412.90,,,1513,627023.00,60,F1,1,,,,,
2026-09-02,2026-09-02,CM,NSE,STK,13332,INE343H01029,SOLARINDS,EQ,,,,,SOLAR INDUSTRIES (I) LTD,19970.00,20610.00,19810.00,20600.00,20600.00,20060.00,,20599.47,,,139030,2817552420.00,28669,F1,1,,,,,
2026-09-02,2026-09-02,CM,NSE,STK,3672,INE624Z01016,SOLARA,EQ,,,,,SOLARA ACTIVE PHA SCI LTD,647.90,649.80,632.35,640.35,637.00,643.45,,640.40,,,350170,224930426.80,14754,F1,1,,,,,
2026-09-02,2026-09-02,CM,NSE,STK,759929,INE0TY101024,SOLARWORLD,EQ,,,,,SOLARWORLD ENERGY SOL LTD,145.34,145.34,140.50,142.83,144.50,145.04,,142.83,,,213492,30323327.30,4150,F1,1,,,,,
2026-09-02,2026-09-02,CM,NSE,STK,759397,INE880Y01017,SOLEX,EQ,,,,,SOLEX ENERGY LIMITED,728.25,728.70,705.10,712.95,718.00,726.40,,713.05,,,32821,23355741.50,2856,F1,1,,,,,
2026-09-02,2026-09-02,CM,NSE,STK,24879,INE0U0201016,BALCO,SM,,,,,SOLVE PLASTIC PRODUCTS L,18.50,18.50,18.45,18.45,18.45,19.40,,18.45,,,2400,44340.00,2,F1,1200,,,,,
2026-09-02,2026-09-02,CM,NSE,STK,1338,INE480C01038,SDBL,EQ,,,,,SOM DIST & BREW LTD,71.09,73.00,70.31,72.58,73.00,71.10,,72.58,,,320158,22914643.56,2907,F1,1,,,,,
2026-09-02,2026-09-02,CM,NSE,STK,4201,INE314C01013,SOMATEX,EQ,,,,,SOMA TEXTILES & INDUST LT,88.30,88.34,88.30,88.34,88.34,84.14,,88.58,,,9355,826388.70,29,F1,1,,,,,
2026-09-02,2026-09-02,CM,NSE,STK,3880,INE355A01028,SOMANYCERA,EQ,,,,,SOMANY CERAMICS LIMITED,565.00,576.80,560.25,570.10,567.05,563.15,,570.09,,,180890,102951974.25,9068,F1,1,,,,,
2026-09-02,2026-09-02,CM,NSE,STK,17794,INE323J01019,SOMICONVEY,EQ,,,,,SOMI CONVEYOR BELT. LTD.,90.62,91.40,89.55,90.45,89.75,90.62,,90.46,,,8346,751948.86,235,F1,1,,,,,
2026-09-02,2026-09-02,CM,NSE,STK,4684,INE073K01018,SONACOMS,EQ,,,,,SONA BLW PRECISION FRGS L,803.00,803.00,773.40,782.65,782.65,809.50,,782.67,,,3609368,2818463467.45,75356,F1,1,,,,,
2026-09-02,2026-09-02,CM,NSE,STK,23052,INE0Q6H01012,SONAMAC,SM,,,,,SONA MACHINERY LIMITED,32.50,32.50,32.50,32.50,32.50,32.50,,32.50,,,1000,32500.00,1,F1,1000,,,,,
2026-09-02,2026-09-02,CM,NSE,STK,762919,INE321M01017,SONAL,EQ,,,,,SONAL MERCANTILE LTD.,86.87,88.99,86.87,88.99,88.99,86.87,,88.99,,,16,1417.48,3,F1,1,,,,,
2026-09-02,2026-09-02,CM,NSE,STK,8806,INE00LM01029,SONAMLTD,EQ,,,,,SONAM LIMITED,70.49,72.43,68.63,71.44,71.90,70.59,,71.44,,,212626,14968668.62,2456,F1,1,,,,,
2026-09-02,2026-09-02,CM,NSE,STK,6596,INE269A01021,SONATSOFTW,EQ,,,,,SONATA SOFTWARE LTD,288.00,290.95,282.00,289.30,289.55,289.00,,289.28,,,813831,232878994.95,17224,F1,1,,,,,
2026-09-02,2026-09-02,CM,NSE,STK,9463,INE0JZA01018,SONUINFRA,ST,,,,,SONU INFRATECH LIMITED,40.20,40.35,40.20,40.35,40.35,38.45,,40.35,,,18000,725175.00,11,F1,1500,,,,,
2026-09-02,2026-09-02,CM,NSE,STK,9678,INE980Y01015,SOUTHWEST,EQ,,,,,SOUTH WEST PINNACLE LTD,208.53,208.53,204.81,206.38,206.50,208.60,,206.38,,,61416,12652671.52,1355,F1,1,,,,,
2026-09-02,2026-09-02,CM,NSE,STK,19372,INE970N01027,SPCENET,EQ,,,,,SPACENET ENTERS IND LTD,3.28,3.28,3.09,3.10,3.10,3.09,,3.10,,,1503707,4729729.63,929,F1,1,,,,,
2026-09-02,2026-09-02,CM,NSE,STK,11435,INE572J01011,SPANDANA,EQ,,,,,SPANDANA SPHOORTY FIN LTD,236.54,236.54,232.50,235.98,236.40,236.45,,235.99,,,77756,18259928.39,2815,F1,1,,,,,
2026-09-02,2026-09-02,CM,NSE,STK,760135,INE1CW901027,SPEB,SM,,,,,SPEB ADHESIVES LIMITED,92.00,92.00,92.00,92.00,92.00,91.55,,92.00,,,2000,184000.00,1,F1,2000,,,,,
2026-09-02,2026-09-02,CM,NSE,STK,27111,INE247M01014,SPECIALITY,BE,,,,,SPECIALITY REST LTD,138.10,140.05,135.20,138.09,138.00,138.93,,138.09,,,46224,6430203.06,171,F1,1,,,,,
2026-09-02,2026-09-02,CM,NSE,STK,30457,INE01EO01010,SPECTRUM,BE,,,,,SPECTRUM ELECTRIC IND LTD,2100.00,2180.00,2072.20,2148.30,2150.00,2135.80,,2147.96,,,6134,12961813.90,272,F1,1,,,,,
2026-09-02,2026-09-02,CM,NSE,STK,16876,INE0OL001018,SPECTSTM,SM,,,,,SPECTRUM TALENT MGMT LTD,58.00,58.55,58.00,58.45,58.45,58.05,,58.45,,,15200,883160.00,8,F1,800,,,,,
2026-09-02,2026-09-02,CM,NSE,STK,764920,INE252A01019,SPELS,EQ,,,,,SPEL SEMICONDUCTOR LTD,151.00,151.00,145.00,148.68,148.69,149.76,,148.69,,,25327,3756644.39,1068,F1,1,,,,,
2026-09-02,2026-09-02,CM,NSE,STK,8163,INE020801028,SPENCERS,EQ,,,,,SPENCER S RETAIL LIMITED,29.10,29.61,28.40,28.51,28.90,28.89,,28.54,,,36449,1049561.74,292,F1,1,,,,,
2026-09-02,2026-09-02,CM,NSE,STK,3252,INE147A01011,SPIC,EQ,,,,,SPIC LTD,68.70,69.80,67.61,69.09,68.90,68.86,,69.09,,,471117,32352415.60,3043,F1,1,,,,,
2026-09-02,2026-09-02,CM,NSE,STK,11935,INE978G01016,SPLIL,EQ,,,,,SPL INDUSTRIES LIMITED,31.52,32.69,30.65,31.45,31.50,31.65,,31.43,,,7069,222143.23,99,F1,1,,,,,
2026-09-02,2026-09-02,CM,NSE,STK,3321,INE937A01023,SPMLINFRA,EQ,,,,,SPML INFRA LIMITED,179.71,179.71,172.55,174.24,175.00,179.64,,174.25,,,201362,35204778.75,3418,F1,1,,,,,
2026-09-02,2026-09-02,CM,NSE,STK,10733,INE885H01029,SPORTKING,EQ,,,,,SPORTKING INDIA LIMITED,230.90,232.90,221.51,225.74,225.95,229.91,,225.74,,,306220,69770150.17,7960,F1,1,,,,,
2026-09-02,2026-09-02,CM,NSE,STK,17186,INE526E01018,SHRIPISTON,EQ,,,,,SPR AUTO TECHNOLOGIES LTD,4570.00,4613.00,4422.20,4600.40,4610.00,4598.20,,4600.50,,,95112,430476707.30,13996,F1,1,,,,,
2026-09-02,2026-09-02,CM,NSE,STK,757865,INE19QH01010,SPUNWEB,SM,,,,,SPUNWEB NONWOVEN LIMITED,101.05,101.05,101.05,101.05,101.05,101.00,,101.05,,,1200,121260.00,1,F1,1200,,,,,
2026-09-02,2026-09-02,CM,NSE,STK,14582,INE917H01012,SRHHYPOLTD,EQ,,,,,SREE RAYALSEEMA HHP LTD.,494.30,500.00,489.80,498.20,499.50,494.45,,497.48,,,7917,3929316.65,449,F1,1,,,,,
2026-09-02,2026-09-02,CM,NSE,STK,31837,INE099F01013,SREEL,EQ,,,,,SREELEATHERS LIMITED,247.32,264.40,247.32,253.70,255.99,249.74,,253.73,,,19178,4876632.47,797,F1,1,,,,,
2026-09-02,2026-09-02,CM,NSE,STK,3273,INE647A01010,SRF,EQ,,,,,SRF LTD,2575.00,2598.40,2557.10,2598.40,2598.40,2592.00,,2598.39,,,129379,333951502.50,12314,F1,1,,,,,
2026-09-02,2026-09-02,CM,NSE,STK,18119,INE559N01010,SRGHFL,EQ,,,,,SRG HOUSING FINANCE L,254.10,258.00,246.10,246.85,247.10,255.60,,246.85,,,1741,440547.50,48,F1,1,,,,,
2026-09-02,2026-09-02,CM,NSE,STK,7457,INE293B01029,HAVISHA,EQ,,,,,SRI HAVISHA HOSP & INFR L,1.35,1.35,1.27,1.28,1.27,1.34,,1.28,,,47158,61598.21,84,F1,1,,,,,
2026-09-02,2026-09-02,CM,NSE,STK,765165,INE009C01019,SRIKPRIND,EQ,,,,,SRI KPR INDUSTRIES LTD.,27.10,30.42,27.00,30.42,30.42,25.35,,30.42,,,221530,6444630.20,1684,F1,1,,,,,
2026-09-02,2026-09-02,CM,NSE,STK,758147,INE0V9Q01010,LOTUSDEV,BE,,,,,SRI LOTUS DEVLPRS N RTY L,180.29,182.89,173.80,175.95,176.48,179.18,,175.94,,,851992,151603763.80,1176,F1,1,,,,,
2026-09-02,2026-09-02,CM,NSE,STK,18059,INE0ON201012,SSFL,ST,,,,,SRIVARI SPICES N FOODS L,265.00,269.00,253.00,253.00,253.00,265.00,,253.00,,,4500,1165500.00,9,F1,500,,,,,
2026-09-02,2026-09-02,CM,NSE,STK,14416,INE0NPI01014,SRIVASAVI,ST,,,,,SRIVASAVI ADHESIVE TAPE L,72.40,73.90,72.00,73.80,73.80,72.10,,73.80,,,25000,1813250.00,10,F1,1000,,,,,
2026-09-02,2026-09-02,CM,NSE,STK,23402,INE0R6Z01013,SRM,EQ,,,,,SRM CONTRACTORS LIMITED,447.00,462.40,434.95,458.30,461.20,447.30,,458.29,,,100666,45667007.95,3979,F1,1,,,,,
2026-09-02,2026-09-02,CM,NSE,STK,29205,INE0RYC01010,STALLION,BE,,,,,STALLION IND FLUOROCHEM L,207.11,215.00,205.30,212.45,213.90,207.60,,212.43,,,362563,76578198.87,3559,F1,1,,,,,
2026-09-02,2026-09-02,CM,NSE,STK,29075,INE0M4D01010,SETL,EQ,,,,,STANDARD ENGNG TCNLGY LTD,389.95,389.95,370.50,374.95,376.80,387.05,,374.96,,,882005,332167451.45,16589,F1,1,,,,,
2026-09-02,2026-09-02,CM,NSE,STK,11297,INE173A01025,SIL,EQ,,,,,STANDARD INDUSTRIES LTD.,20.00,20.10,19.25,19.67,19.84,19.77,,19.67,,,58178,1145933.02,434,F1,1,,,,,
2026-09-02,2026-09-02,CM,NSE,STK,24226,INE01A001028,STANLEY,EQ,,,,,STANLEY LIFESTYLES LTD,137.72,137.72,134.01,135.41,135.50,137.72,,135.40,,,48527,6594918.83,1353,F1,1,,,,,
2026-09-02,2026-09-02,CM,NSE,STK,21091,INE460H01021,STARCEMENT,EQ,,,,,STAR CEMENT LIMITED,185.40,185.63,182.41,184.10,184.10,185.63,,184.11,,,106376,19582340.25,2855,F1,1,,,,,
2026-09-02,2026-09-02,CM,NSE,STK,7083,INE575P01011,STARHEALTH,EQ,,,,,STAR HEALTH & AL INS CO L,554.30,567.25,551.00,562.95,563.00,560.40,,562.95,,,246774,138253388.00,14998,F1,1,,,,,
2026-09-02,2026-09-02,CM,NSE,STK,3291,INE733A01018,STARPAPER,EQ,,,,,STAR PAPER MILLS LTD,152.00,152.00,145.50,147.16,146.45,150.26,,147.16,,,6997,1039724.76,194,F1,1,,,,,
2026-09-02,2026-09-02,CM,NSE,STK,9305,INE992I01013,STARTECK,EQ,,,,,STARTECK FINANCE LIMITED,249.15,249.15,245.35,247.90,245.35,249.30,,247.90,,,25,6198.50,4,F1,1,,,,,
2026-09-02,2026-09-02,CM,NSE,STK,3045,INE062A01020,SBIN,EQ,,,,,STATE BANK OF INDIA,1026.00,1035.30,1017.30,1020.90,1020.90,1034.50,,1020.90,,,13843678,14155674464.20,316338,F1,1,,,,,
2026-09-02,2026-09-02,CM,NSE,STK,2963,INE114A01011,SAIL,EQ,,,,,STEEL AUTHORITY OF INDIA,192.21,198.39,190.27,196.50,196.50,193.00,,196.50,,,19458118,3781913739.80,81558,F1,1,,,,,
2026-09-02,2026-09-02,CM,NSE,STK,10406,INE395H01011,STEELCITY,EQ,,,,,STEEL CITY SECURITIES LTD,84.78,84.78,82.00,82.31,82.26,83.12,,82.31,,,5769,476037.53,124,F1,1,,,,,
2026-09-02,2026-09-02,CM,NSE,STK,21339,INE503B01021,STEELXIND,EQ,,,,,STEEL EXCHANGE INDIA LTD,10.68,10.73,10.50,10.61,10.65,10.56,,10.61,,,2631091,27959274.49,1758,F1,1,,,,,
2026-09-02,2026-09-02,CM,NSE,STK,765170,INE205F01016,STLSTRINF,EQ,,,,,STEEL STRIPS INFRA L,19.00,19.84,18.45,19.57,19.60,18.91,,19.57,,,1251,24507.79,23,F1,1,,,,,
2026-09-02,2026-09-02,CM,NSE,STK,11829,INE802C01033,SSWL,EQ,,,,,STEEL STRIPS WHEELS LTD.,353.25,355.90,338.40,349.70,352.00,357.25,,349.69,,,4499959,1554594483.15,66435,F1,1,,,,,
2026-09-02,2026-09-02,CM,NSE,STK,6803,INE124E01038,STEELCAS,EQ,,,,,STEELCAST LIMITED,340.00,342.55,327.00,330.75,335.00,339.85,,330.73,,,61704,20710178.10,2662,F1,1,,,,,
2026-09-02,2026-09-02,CM,NSE,STK,21484,INE577L01016,STEL,EQ,,,,,STEL HOLDINGS LIMITED,631.55,631.55,598.00,601.45,605.85,623.10,,601.46,,,2919,1774820.35,424,F1,1,,,,,
2026-09-02,2026-09-02,CM,NSE,STK,6188,INE334A01023,STERTOOLS,BE,,,,,STERLING TOOLS LIMITED,212.00,223.48,211.50,220.06,220.90,212.84,,220.08,,,28250,6174303.16,464,F1,1,,,,,
2026-09-02,2026-09-02,CM,NSE,STK,9313,INE089C01029,STLTECH,BE,,,,,STERLITE TECHNOLOGIES LTD,680.10,725.40,665.50,714.35,714.95,693.70,,714.32,,,1724135,1214078095.45,62449,F1,1,,,,,
2026-09-02,2026-09-02,CM,NSE,STK,13367,INE353H01010,SGL,EQ,,,,,STL GLOBAL LIMITED,10.21,10.94,10.11,10.21,10.36,10.31,,10.21,,,3454,35932.92,48,F1,1,,,,,
2026-09-02,2026-09-02,CM,NSE,STK,758958,INE1VXE01018,STLNETWORK,EQ,,,,,STL NETWORKS LIMITED,27.16,28.24,26.71,28.01,28.07,27.16,,28.01,,,1379678,38177492.74,4446,F1,1,,,,,
2026-09-02,2026-09-02,CM,NSE,STK,2107,INE00IN01015,STOVEKRAFT,EQ,,,,,STOVE KRAFT LIMITED,851.55,858.80,834.55,844.40,845.20,847.10,,844.37,,,120280,101791161.45,7547,F1,1,,,,,
2026-09-02,2026-09-02,CM,NSE,STK,761091,INE1XWN01017,STRIDERS,SM,,,,,STRIDERS IMPEX LIMITED,62.00,62.00,62.00,62.00,62.00,61.50,,62.00,,,59200,3670400.00,2,F1,1600,,,,,
2026-09-02,2026-09-02,CM,NSE,STK,7374,INE939A01011,STAR,EQ,,,,,STRIDES PHARMA SCI LTD,1009.40,1050.10,1009.40,1047.80,1047.50,1024.20,,1047.77,,,327406,339138841.80,18259,F1,1,,,,,
2026-09-02,2026-09-02,CM,NSE,STK,12489,INE00M201021,SWSOLAR,EQ,,,,,STRLNG & WIL REN ENE LTD,187.00,188.00,183.53,187.16,187.90,187.42,,187.16,,,703828,130681811.84,9623,F1,1,,,,,
2026-09-02,2026-09-02,CM,NSE,STK,759587,INE00Q601028,STUDDS,EQ,,,,,STUDDS ACCESSORIES LTD,436.95,441.30,428.90,433.40,434.40,441.30,,433.39,,,60119,25979140.35,2441,F1,1,,,,,
2026-09-02,2026-09-02,CM,NSE,STK,758527,INE17VO01028,STUDIOLSD,SM,,,,,STUDIO LSD LIMITED,9.20,9.25,9.15,9.25,9.25,9.10,,9.25,,,18000,165900.00,9,F1,2000,,,,,
2026-09-02,2026-09-02,CM,NSE,STK,5186,INE239C01020,STYLAMIND,EQ,,,,,STYLAM INDUSTRIES LIMITED,3322.10,3417.70,3239.60,3264.80,3254.00,3344.30,,3264.80,,,39966,131647339.70,8954,F1,1,,,,,
2026-09-02,2026-09-02,CM,NSE,STK,19,INE189B01011,STYRENIX,EQ,,,,,STYRENIX PERFORMANCE LTD,2002.80,2038.00,1982.00,1990.80,1986.00,2011.70,,1990.75,,,49695,99264066.60,7126,F1,1,,,,,
2026-09-02,2026-09-02,CM,NSE,STK,760112,INE0RYR01018,SUBAHOTELS,SM,,,,,SUBA HOTELS LIMITED,101.00,102.75,99.20,102.35,102.75,99.40,,102.35,,,25200,2535060.00,18,F1,1200,,,,,
2026-09-02,2026-09-02,CM,NSE,STK,967,INE754A01055,SUBEXLTD,EQ,,,,,SUBEX LTD,17.91,17.98,17.50,17.57,17.59,17.88,,17.57,,,1683676,29784139.14,3623,F1,1,,,,,
2026-09-02,2026-09-02,CM,NSE,STK,3324,INE287B01021,SUBROS,EQ,,,,,SUBROS LIMITED,714.40,714.45,704.05,706.80,709.00,716.60,,706.73,,,37033,26195071.50,2109,F1,1,,,,,
2026-09-02,2026-09-02,CM,NSE,STK,3327,INE659A01023,SUDARSCHEM,EQ,,,,,SUDARSHAN CHEMICAL INDS L,1226.00,1252.80,1210.50,1245.80,1246.00,1240.70,,1245.83,,,376056,464842297.60,19353,F1,1,,,,,
2026-09-02,2026-09-02,CM,NSE,STK,715,INE492A01029,SUDARCOLOR,EQ,,,,,SUDARSHAN COLORNT IND LTD,378.70,395.00,378.40,388.75,390.00,379.00,,389.26,,,5938,2281276.55,346,F1,1,,,,,
2026-09-02,2026-09-02,CM,NSE,STK,760039,INE0QPI01025,SUDEEPPHRM,EQ,,,,,SUDEEP PHARMA LIMITED,1245.00,1292.40,1221.20,1234.00,1239.60,1230.90,,1234.02,,,344574,433756048.40,17683,F1,1,,,,,
2026-09-02,2026-09-02,CM,NSE,STK,11804,INE450E01029,SUKHJITS,EQ,,,,,SUKHJIT STARCH & CHEM LTD,158.00,160.00,157.51,157.74,159.00,158.99,,157.74,,,10837,1723620.72,122,F1,1,,,,,
2026-09-02,2026-09-02,CM,NSE,STK,13218,INE142Q01026,SULA,EQ,,,,,SULA VINEYARDS LIMITED,148.40,149.00,145.71,148.36,148.90,148.65,,148.35,,,207531,30564422.84,3304,F1,1,,,,,
2026-09-02,2026-09-02,CM,NSE,STK,765510,INE11Z001019,SUMAX,ST,,,,,SUMAX ENGINEERING LIMITED,111.00,116.00,107.00,110.45,108.10,101.00,,110.45,,,2726400,305001960.00,1365,F1,1200,,,,,
2026-09-02,2026-09-02,CM,NSE,STK,765175,INE886B01012,SUMEDHA,EQ,,,,,SUMEDHA FISCAL SERVICES L,40.49,40.49,39.00,39.07,39.00,39.50,,38.75,,,520,20306.61,7,F1,1,,,,,
2026-09-02,2026-09-02,CM,NSE,STK,20790,INE235C01036,SUMEETINDS,EQ,,,,,SUMEET IND LIMITED,11.45,11.56,11.09,11.34,11.34,11.67,,11.34,,,2604502,29358597.91,2951,F1,1,,,,,
2026-09-02,2026-09-02,CM,NSE,STK,11140,INE748Z01013,SUMIT,EQ,,,,,SUMIT WOODS LIMITED,50.20,50.90,49.96,50.68,50.85,50.92,,50.68,,,17785,893795.20,398,F1,1,,,,,
2026-09-02,2026-09-02,CM,NSE,STK,17105,INE258G01013,SUMICHEM,EQ,,,,,SUMITOMO CHEM INDIA LTD,513.95,513.95,499.45,505.15,508.50,514.20,,505.14,,,151724,76577266.55,8872,F1,1,,,,,
2026-09-02,2026-09-02,CM,NSE,STK,21275,INE519C01017,SUMMITSEC,EQ,,,,,SUMMIT SECURITIES LTD,1407.00,1422.30,1400.00,1413.30,1415.70,1413.70,,1413.41,,,1347,1896565.10,239,F1,1,,,,,
2026-09-02,2026-09-02,CM,NSE,STK,14788,INE232I01014,SPARC,EQ,,,,,SUN PHARMA ADV.RES.CO.LTD,196.80,207.80,194.77,199.58,200.75,196.98,,199.59,,,2409904,490051777.35,31553,F1,1,,,,,
2026-09-02,2026-09-02,CM,NSE,STK,3351,INE044A01036,SUNPHARMA,EQ,,,,,SUN PHARMACEUTICAL IND L,1910.00,1948.50,1910.00,1931.70,1931.70,1929.00,,1931.71,,,1245419,2404602172.20,86157,F1,1,,,,,
2026-09-02,2026-09-02,CM,NSE,STK,13404,INE424H01027,SUNTV,EQ,,,,,SUN TV NETWORK LIMITED,460.05,462.75,455.25,460.60,460.15,462.15,,460.60,,,270939,124400406.70,17270,F1,1,,,,,
2026-09-02,2026-09-02,CM,NSE,STK,20956,INE0Q3R01026,SUNCLAY,EQ,,,,,SUNDARAM CLAYTON LIMITED,1296.70,1296.70,1251.40,1272.60,1285.00,1296.70,,1272.61,,,4019,5124230.80,585,F1,1,,,,,
2026-09-02,2026-09-02,CM,NSE,STK,3339,INE660A01013,SUNDARMFIN,EQ,,,,,SUNDARAM FINANCE LTD,4539.00,4614.90,4525.00,4557.20,4554.90,4540.10,,4557.20,,,35627,162547018.90,12515,F1,1,,,,,
2026-09-02,2026-09-02,CM,NSE,STK,18931,INE108E01023,SUNDARAM,EQ,,,,,SUNDARAM MULTI PAP LTD,1.22,1.26,1.22,1.23,1.24,1.22,,1.23,,,361250,448304.27,264,F1,1,,,,,
2026-09-02,2026-09-02,CM,NSE,STK,9848,INE073D01013,SUNDRMBRAK,BE,,,,,SUNDARAMBRAKE LININGS LTD,750.00,761.30,740.20,748.00,748.00,768.00,,748.00,,,875,657199.05,43,F1,1,,,,,
2026-09-02,2026-09-02,CM,NSE,STK,3345,INE387A01021,SUNDRMFAST,EQ,,,,,SUNDRAM FASTENERS LTD,1204.70,1215.40,1187.10,1200.70,1203.50,1204.70,,1200.68,,,77604,92915532.40,8455,F1,1,,,,,
2026-09-02,2026-09-02,CM,NSE,STK,761202,INE0CTB01014,SOCL,SM,,,,,SUNDREX OIL COMPANY LTD,28.25,29.00,28.10,29.00,29.00,29.30,,29.00,,,6400,182880.00,4,F1,1600,,,,,
2026-09-02,2026-09-02,CM,NSE,STK,1663,INE209A01019,SUNDROP,EQ,,,,,SUNDROP BRANDS LIMITED,658.05,658.10,645.80,653.80,653.10,655.55,,653.81,,,6378,4166630.20,680,F1,1,,,,,
2026-09-02,2026-09-02,CM,NSE,STK,3348,INE947A01014,SUNFLAG,EQ,,,,,SUNFLAG IRON AND STEEL CO,339.90,354.20,335.05,347.30,346.90,339.65,,347.29,,,335900,116867089.25,6064,F1,1,,,,,
2026-09-02,2026-09-02,CM,NSE,STK,18264,INE0O3O01017,SEL,SM,,,,,SUNGARNER ENERGIES LTD,299.00,300.55,299.00,299.90,299.00,305.00,,299.90,,,2600,778620.00,10,F1,200,,,,,
2026-09-02,2026-09-02,CM,NSE,STK,765180,INE671C01016,SUNLOC,EQ,,,,,SUNIL HEALTHCARE LTD.,79.74,79.74,76.62,79.58,79.74,79.74,,78.82,,,565,44562.41,24,F1,1,,,,,
2026-09-02,2026-09-02,CM,NSE,STK,24868,INE0U2N01013,SUNLITE,SM,,,,,SUNLITE RECYCLING IND LTD,551.00,555.60,538.75,550.00,550.00,555.45,,550.00,,,11700,6397920.00,39,F1,300,,,,,
2026-09-02,2026-09-02,CM,NSE,STK,764925,INE671K01027,SUNRAKSHAK,EQ,,,,,SUNRAKSHAKK INDUS IND L,365.80,375.00,363.85,371.55,371.50,365.80,,371.68,,,13513,5003573.45,240,F1,1,,,,,
2026-09-02,2026-09-02,CM,NSE,STK,20213,INE0PLZ01012,SUNREST,SM,,,,,SUNREST LIFESCIENCE LTD,35.00,35.00,35.00,35.00,35.00,36.50,,35.00,,,4800,168000.00,3,F1,1600,,,,,
2026-09-02,2026-09-02,CM,NSE,STK,764930,INE199E01014,SUNSHIEL,EQ,,,,,SUNSHIELD CHEMICALS LTD.,1135.10,1179.00,1135.10,1150.00,1150.00,1152.70,,1149.86,,,1386,1585751.90,116,F1,1,,,,,
2026-09-02,2026-09-02,CM,NSE,STK,765387,INE1B3O01011,SUNSHINE,EQ,,,,,SUNSHINE PICTURES LIMITED,453.00,473.80,435.60,445.80,440.10,450.75,,445.78,,,2415155,1104005781.00,30572,F1,1,,,,,
2026-09-02,2026-09-02,CM,NSE,STK,757763,INE0SGZ01016,SUNTECH,SM,,,,,SUNTECH INFRA SOLUTIONS L,45.50,48.00,43.50,43.85,44.00,45.10,,43.85,,,19200,870160.00,11,F1,1600,,,,,
2026-09-02,2026-09-02,CM,NSE,STK,17641,INE805D01034,SUNTECK,EQ,,,,,SUNTECK REALTY LIMITED,301.00,301.00,294.20,295.50,294.50,303.25,,295.51,,,144955,43051164.95,3465,F1,1,,,,,
2026-09-02,2026-09-02,CM,NSE,STK,8931,INE662A01027,SUPERSPIN,BE,,,,,SUPER SPINNING MILLS LTD,6.68,6.84,6.45,6.51,6.50,6.52,,6.51,,,24050,157810.24,38,F1,1,,,,,
2026-09-02,2026-09-02,CM,NSE,STK,764938,INE460D01038,SUPTANERY,BE,,,,,SUPER TANNERY LTD.,16.21,16.21,14.67,14.67,14.67,15.44,,14.67,,,663473,10408442.04,2211,F1,1,,,,,
2026-09-02,2026-09-02,CM,NSE,STK,20616,INE712B01010,SUPERHOUSE,EQ,,,,,SUPERHOUSE LIMITED,173.80,173.80,168.10,168.37,168.56,173.09,,168.40,,,3375,572211.38,85,F1,1,,,,,
2026-09-02,2026-09-02,CM,NSE,STK,3147,INE843L01012,SIEL,EQ,,,,,SUPERIOR INDUSTRIAL ENT L,33.31,33.31,30.90,32.50,32.50,32.50,,32.50,,,423,13448.83,14,F1,1,,,,,
2026-09-02,2026-09-02,CM,NSE,STK,11689,INE399C01030,SUPRAJIT,EQ,,,,,SUPRAJIT ENGINEERING LTD,506.55,509.70,497.00,501.30,501.65,506.45,,501.31,,,116904,58553955.15,11357,F1,1,,,,,
2026-09-02,2026-09-02,CM,NSE,STK,758997,INE319Z01021,SUPREMEENG,BZ,,,,,SUPREME ENGINEERING LTD,2.93,2.93,2.93,2.93,2.93,2.88,,2.93,,,188995,553755.35,89,F1,1,,,,,
2026-09-02,2026-09-02,CM,NSE,STK,28069,INE0U6N01014,SFML,SM,,,,,SUPREME FACILITY MGMT LTD,20.95,21.95,20.95,21.65,21.95,23.00,,21.65,,,6400,136480.00,4,F1,1600,,,,,
2026-09-02,2026-09-02,CM,NSE,STK,29439,INE822E01011,SUPREME,EQ,,,,,SUPREME HOLDIN N HOSP I L,37.80,38.80,36.00,36.96,37.00,38.29,,36.96,,,51447,1883703.31,501,F1,1,,,,,
2026-09-02,2026-09-02,CM,NSE,STK,3363,INE195A01028,SUPREMEIND,EQ,,,,,SUPREME INDUSTRIES LTD,3580.00,3584.10,3506.00,3530.60,3530.60,3605.00,,3530.62,,,177650,627242626.00,25095,F1,1,,,,,
2026-09-02,2026-09-02,CM,NSE,STK,15002,INE550H01011,SUPREMEINF,EQ,,,,,SUPREME INFRA. LTD.,85.43,88.04,83.00,84.62,84.50,84.93,,84.62,,,35271,2985954.84,832,F1,1,,,,,
2026-09-02,2026-09-02,CM,NSE,STK,9617,INE663A01033,SPLPETRO,EQ,,,,,SUPREME PETROCHEM LIMITED,718.05,724.25,713.40,721.85,723.50,718.50,,721.83,,,83706,60305446.75,6690,F1,1,,,,,
2026-09-02,2026-09-02,CM,NSE,STK,21067,INE0QHG01026,SUPREMEPWR,SM,,,,,SUPREME POWER EQUIPMENT L,214.20,219.00,213.00,214.75,215.45,216.20,,214.75,,,24000,5197375.00,44,F1,500,,,,,
2026-09-02,2026-09-02,CM,NSE,STK,7390,INE07RO01027,SUPRIYA,EQ,,,,,SUPRIYA LIFESCIENCE LTD,803.00,849.50,800.00,841.20,843.70,803.15,,841.21,,,960564,802475858.20,39470,F1,1,,,,,
2026-09-02,2026-09-02,CM,NSE,STK,20822,INE843S01025,SURAJEST,EQ,,,,,SURAJ ESTATE DEVELOPERS L,189.01,190.79,188.00,189.94,190.00,191.51,,189.93,,,78507,14875910.67,749,F1,1,,,,,
2026-09-02,2026-09-02,CM,NSE,STK,24966,INE713C01016,SURAJLTD,EQ,,,,,SURAJ LIMITED,205.00,207.90,203.50,204.15,204.15,206.01,,204.15,,,25,5108.09,9,F1,1,,,,,
2026-09-02,2026-09-02,CM,NSE,STK,27334,INE877V01027,SURAKSHA,EQ,,,,,SURAKSHA DIAGNOSTIC LTD,336.35,344.55,336.35,340.35,342.50,340.80,,340.30,,,117448,40056081.45,4774,F1,1,,,,,
2026-09-02,2026-09-02,CM,NSE,STK,21077,INE272L01022,SURANASOL,EQ,,,,,SURANA SOLAR LIMITED,26.39,26.62,25.85,26.07,26.20,26.26,,26.00,,,31079,812790.76,380,F1,1,,,,,
2026-09-02,2026-09-02,CM,NSE,STK,10700,INE130B01031,SURANAT&P,EQ,,,,,SURANA TELECOM AND POW LT,16.08,16.75,15.80,16.03,16.10,16.08,,16.03,,,17916,288143.09,341,F1,1,,,,,
2026-09-02,2026-09-02,CM,NSE,STK,8513,INE01ZJ01015,SURANI,SM,,,,,SURANI STEEL TUBES LTD.,100.00,103.30,100.00,103.10,103.30,100.00,,103.10,,,3800,387910.00,10,F1,200,,,,,
2026-09-02,2026-09-02,CM,NSE,STK,14139,INE05ST01028,SBGLP,EQ,,,,,SURATWWALA BUS GROUP LTD,24.94,24.94,22.59,23.29,23.50,24.33,,23.29,,,37505,888500.08,234,F1,1,,,,,
2026-09-02,2026-09-02,CM,NSE,STK,3375,INE335A01020,SURYAROSNI,EQ,,,,,SURYA ROSHNI LTD,218.30,219.00,213.11,216.30,215.80,218.82,,216.32,,,303758,65809992.25,7342,F1,1,,,,,
2026-09-02,2026-09-02,CM,NSE,STK,11852,INE713B01026,SURYALAXMI,EQ,,,,,SURYALAKSHMI COT MIL LTD,61.20,62.39,60.01,60.60,60.15,62.92,,61.61,,,3224,195846.98,118,F1,1,,,,,
2026-09-02,2026-09-02,CM,NSE,STK,762924,INE132C01027,SURYALA,EQ,,,,,SURYALATA SPINNING MILL L,419.75,419.75,389.00,414.95,412.65,387.00,,419.03,,,3061,1242290.30,145,F1,1,,,,,
2026-09-02,2026-09-02,CM,NSE,STK,2970,INE428Q01011,SURYODAY,EQ,,,,,SURYODAY SMALL FIN BK LTD,151.00,152.95,149.08,151.81,151.93,151.06,,151.81,,,150284,22708751.06,3549,F1,1,,,,,
2026-09-02,2026-09-02,CM,NSE,STK,13804,INE645H01027,SUTLEJTEX,BE,,,,,SUTLEJ TEXT & INDUS LTD,39.20,39.50,38.50,38.77,38.60,39.44,,38.77,,,25954,1004351.77,71,F1,1,,,,,
2026-09-02,2026-09-02,CM,NSE,STK,11233,INE495B01038,SUVEN,EQ,,,,,SUVEN LIFE SCIENCES LTD,379.00,387.95,370.10,372.85,372.80,381.60,,372.87,,,556245,209739140.10,20470,F1,1,,,,,
2026-09-02,2026-09-02,CM,NSE,STK,2998,INE018401013,SUVIDHAA,EQ,,,,,SUVIDHAA INFOSERVE LTD,2.18,2.19,1.77,2.11,2.10,2.18,,2.11,,,288944,582423.40,447,F1,1,,,,,
2026-09-02,2026-09-02,CM,NSE,STK,24851,INE442P01014,SUYOG,EQ,,,,,SUYOG TELEMATICS LIMITED,737.75,751.50,721.00,731.35,721.00,736.70,,731.34,,,19234,14163789.30,1376,F1,1,,,,,
2026-09-02,2026-09-02,CM,NSE,STK,12018,INE040H01021,SUZLON,EQ,,,,,SUZLON ENERGY LIMITED,46.39,46.39,45.46,45.46,45.46,46.50,,45.46,,,52679194,2405067310.66,114319,F1,1,,,,,
2026-09-02,2026-09-02,CM,NSE,STK,5020,INE308E01029,SVPGLOB,EQ,,,,,SVP GLOBAL TEXTILES LTD,3.79,3.79,3.61,3.62,3.62,3.69,,3.62,,,15878,57900.25,58,F1,1,,,,,
2026-09-02,2026-09-02,CM,NSE,STK,27095,INE665A01038,SWANCORP,EQ,,,,,SWAN CORP LIMITED,286.40,287.70,282.20,285.40,285.50,289.40,,285.39,,,479500,136408036.90,10959,F1,1,,,,,
2026-09-02,2026-09-02,CM,NSE,STK,29164,INE542F01020,SWANDEF,BE,,,,,SWAN DEFENCE N HEVY IND L,2427.00,2480.00,2314.00,2444.70,2440.00,2413.80,,2444.41,,,20462,49513141.50,656,F1,1,,,,,
2026-09-02,2026-09-02,CM,NSE,STK,3384,INE277A01016,SWARAJENG,EQ,,,,,SWARAJ ENGINES LTD,3537.70,3553.90,3501.00,3540.90,3553.90,3537.70,,3541.09,,,7376,26050856.70,1839,F1,1,,,,,
2026-09-02,2026-09-02,CM,NSE,STK,764496,INE0GMR01016,SWARAJ,BE,,,,,SWARAJ SUITING LIMITED,367.85,367.85,356.15,357.40,356.15,358.95,,357.39,,,82430,29505363.35,315,F1,1,,,,,
2026-09-02,2026-09-02,CM,NSE,STK,765185,INE967A01012,SWARNSAR,EQ,,,,,SWARNSARITA JEWELS IND L,34.75,34.76,34.03,34.11,34.11,34.82,,34.10,,,3122,107395.25,28,F1,1,,,,,
2026-09-02,2026-09-02,CM,NSE,STK,11497,INE0DGC01025,SWASTIK,ST,,,,,SWASTIK PIPE LIMITED,21.00,21.45,20.00,20.00,20.00,21.00,,20.00,,,9600,195840.00,8,F1,1200,,,,,
2026-09-02,2026-09-02,CM,NSE,STK,11909,INE409B01013,SWELECTES,EQ,,,,,SWELECT ENERGY SYS LTD,582.50,592.50,571.10,584.35,592.00,588.55,,584.46,,,15634,9078261.80,1444,F1,1,,,,,
2026-09-02,2026-09-02,CM,NSE,STK,27066,INE00H001014,SWIGGY,EQ,,,,,SWIGGY LIMITED,270.00,270.10,264.55,267.70,267.70,275.00,,267.70,,,16995573,4534729640.30,190133,F1,1,,,,,
2026-09-02,2026-09-02,CM,NSE,STK,765190,INE010C01025,SWISSMLTRY,EQ,,,,,SWISS MILITARY CON GOOD L,15.99,16.36,15.51,15.89,16.20,15.93,,15.88,,,51395,817137.81,300,F1,1,,,,,
2026-09-02,2026-09-02,CM,NSE,STK,765485,INE899I01028,SYMBIOTEC,EQ,,,,,SYMBIOTEC PHARMALAB LTD,1110.00,1161.00,1085.10,1092.80,1095.50,1097.70,,1092.76,,,7998317,8961901059.20,278336,F1,1,,,,,
2026-09-02,2026-09-02,CM,NSE,STK,24190,INE225D01027,SYMPHONY,EQ,,,,,SYMPHONY LIMITED,575.75,575.75,564.00,567.75,566.65,574.40,,567.75,,,56565,32121257.20,3082,F1,1,,,,,
2026-09-02,2026-09-02,CM,NSE,STK,11992,INE312C01025,SYNCOMF,EQ,,,,,SYNCOM FORMU (I) LTD,20.07,21.65,19.64,21.39,21.45,20.07,,21.39,,,28986293,608480040.01,66540,F1,1,,,,,
2026-09-02,2026-09-02,CM,NSE,STK,5114,INE00QT01015,SGIL,EQ,,,,,SYNERGY GREEN IND. LTD,603.25,607.70,580.55,590.65,580.55,602.40,,590.49,,,6679,3998144.75,290,F1,1,,,,,
2026-09-02,2026-09-02,CM,NSE,STK,10243,INE398R01022,SYNGENE,EQ,,,,,SYNGENE INTERNATIONAL LTD,400.00,403.95,397.10,398.60,398.80,402.05,,398.60,,,593732,237582823.80,40804,F1,1,,,,,
2026-09-02,2026-09-02,CM,NSE,STK,17206,INE0BTR01012,SYNOPTICS,ST,,,,,SYNOPTICS TECHNOLOGIES L,49.45,49.45,49.45,49.45,49.45,52.05,,49.45,,,600,29670.00,1,F1,600,,,,,
2026-09-02,2026-09-02,CM,NSE,STK,10793,INE0DYJ01015,SYRMA,EQ,,,,,SYRMA SGS TECHNOLOGY LTD,1439.50,1457.50,1427.70,1434.00,1439.70,1447.90,,1434.16,,,785469,1129229063.60,39054,F1,1,,,,,
2026-09-02,2026-09-02,CM,NSE,STK,14506,INE0O7R01011,SYSTANGO,SM,,,,,SYSTANGO TECHNOLOGIES LTD,219.40,239.00,217.45,232.25,232.20,220.10,,232.25,,,36000,8320820.00,86,F1,400,,,,,
2026-09-02,2026-09-02,CM,NSE,STK,759358,INE356B01024,SYSTMTXC,BE,,,,,SYSTEMATIX CORP SERVICE L,55.40,58.00,55.40,56.82,57.88,57.72,,56.82,,,1376,78480.22,35,F1,1,,,,,
2026-09-02,2026-09-02,CM,NSE,STK,764955,INE284B01028,TGVSL,EQ,,,,,T G V SRAAC LTD.,103.64,104.48,102.60,103.35,104.00,103.24,,103.39,,,72480,7498676.94,821,F1,1,,,,,
2026-09-02,2026-09-02,CM,NSE,STK,14314,INE592B01024,TTL,EQ,,,,,T T LIMITED,6.65,6.80,6.45,6.75,6.79,6.64,,6.75,,,158754,1061462.02,384,F1,1,,,,,
2026-09-02,2026-09-02,CM,NSE,STK,762929,INE524T01011,TAALTECH,EQ,,,,,TAAL TECH LTD.,4210.00,4421.90,4210.00,4399.60,4400.00,4449.50,,4399.57,,,3630,15807467.30,721,F1,1,,,,,
2026-09-02,2026-09-02,CM,NSE,STK,23441,INE0SOY01013,TAC,ST,,,,,TAC INFOSEC LIMITED,406.05,427.00,403.00,427.00,427.00,406.70,,427.00,,,45400,18929800.00,173,F1,200,,,,,
2026-09-02,2026-09-02,CM,NSE,STK,3396,INE123C01018,TAINWALCHM,EQ,,,,,TAINWALA CHEMICAL AND PLA,210.04,212.50,206.10,207.48,207.53,207.76,,207.48,,,2536,527363.41,63,F1,1,,,,,
2026-09-02,2026-09-02,CM,NSE,STK,9354,INE586B01026,TAJGVK,EQ,,,,,TAJ GVK HOTELS & RESORTS,326.60,344.80,322.50,343.45,342.05,328.95,,343.45,,,101607,34224575.75,4334,F1,1,,,,,
2026-09-02,2026-09-02,CM,NSE,STK,14917,INE142I01023,TAKE,EQ,,,,,TAKE LIMITED,13.86,13.86,13.86,13.86,13.86,14.58,,13.86,,,129454,1794232.44,306,F1,1,,,,,
2026-09-02,2026-09-02,CM,NSE,STK,13648,INE187D01029,TALBROAUTO,EQ,,,,,TALBROS AUTO. COMP. LTD,410.55,417.00,405.00,407.40,407.00,410.80,,407.37,,,74903,30683475.20,2953,F1,1,,,,,
2026-09-02,2026-09-02,CM,NSE,STK,762937,INE864J01012,TAMBOLIIN,BE,,,,,TAMBOLI INDUSTRIES LTD.,248.00,253.00,248.00,253.00,253.00,253.05,,256.50,,,1089,272139.20,20,F1,1,,,,,
2026-09-02,2026-09-02,CM,NSE,STK,10945,INE668A01016,TMB,EQ,,,,,TAMILNAD MERCA BANK LTD,905.00,916.00,895.05,906.60,912.10,908.10,,906.63,,,123515,111938779.20,9266,F1,1,,,,,
2026-09-02,2026-09-02,CM,NSE,STK,3980,INE107A01015,TNPL,EQ,,,,,TAMILNADU NEWSPRT & PAPER,148.41,149.49,145.00,145.69,145.35,149.32,,145.69,,,156122,22937531.79,3374,F1,1,,,,,
2026-09-02,2026-09-02,CM,NSE,STK,3509,INE148A01019,TNPETRO,EQ,,,,,TAMILNADU PETROPRODUCTS L,134.33,138.00,132.12,133.73,135.50,132.35,,133.73,,,4876318,654920554.59,36567,F1,1,,,,,
2026-09-02,2026-09-02,CM,NSE,STK,3512,INE141D01018,TNTELE,EQ,,,,,TAMILNADU TELECOMMUNICATI,9.18,9.18,8.83,9.00,9.00,9.00,,9.00,,,23183,208175.08,109,F1,1,,,,,
2026-09-02,2026-09-02,CM,NSE,STK,764945,INE692C01020,TANAA,EQ,,,,,TANEJA AEROSPACE & AVIA L,289.95,290.00,280.50,281.50,284.00,290.55,,282.18,,,8882,2517937.20,608,F1,1,,,,,
2026-09-02,2026-09-02,CM,NSE,STK,756338,INE0Z7N01017,TANKUP,ST,,,,,TANKUP ENGINEERS LIMITED,1565.00,1576.85,1565.00,1576.85,1576.85,1501.80,,1576.85,,,2250,3532112.50,8,F1,250,,,,,
2026-09-02,2026-09-02,CM,NSE,STK,13976,INE483C01032,TANLA,EQ,,,,,TANLA PLATFORMS LIMITED,535.00,536.40,526.80,527.85,527.00,543.15,,527.85,,,296338,157018782.85,12565,F1,1,,,,,
2026-09-02,2026-09-02,CM,NSE,STK,10986,INE0M7001010,TAPIFRUIT,SM,,,,,TAPI FRUIT PROCESSING LTD,49.00,49.00,49.00,49.00,49.00,49.00,,49.00,,,1500,73500.00,1,F1,750,,,,,
2026-09-02,2026-09-02,CM,NSE,STK,23512,INE555Z01020,TARACHAND,EQ,,,,,TARA CHAND INFRA SOLN LTD,47.70,48.00,46.55,47.63,47.95,47.69,,47.63,,,49634,2353743.05,1368,F1,1,,,,,
2026-09-02,2026-09-02,CM,NSE,STK,18827,INE747K01017,TARAPUR,EQ,,,,,TARAPUR TRANSFORMERS LTD,13.65,13.65,12.67,13.04,13.14,13.36,,13.05,,,37307,485718.93,232,F1,1,,,,,
2026-09-02,2026-09-02,CM,NSE,STK,1581,INE0EK901012,TARC,EQ,,,,,TARC LIMITED,121.21,122.23,118.81,121.29,121.70,122.49,,121.28,,,872528,105062504.43,6182,F1,1,,,,,
2026-09-02,2026-09-02,CM,NSE,STK,14771,INE924H01018,TARMAT,EQ,,,,,TARMAT LIMITED,58.89,64.45,57.50,62.78,64.10,58.92,,62.78,,,84089,5166350.32,1108,F1,1,,,,,
2026-09-02,2026-09-02,CM,NSE,STK,6943,INE144Z01023,TARSONS,EQ,,,,,TARSONS PRODUCTS LIMITED,344.00,346.90,337.00,345.35,345.25,344.10,,345.36,,,113735,38984769.75,4054,F1,1,,,,,
2026-09-02,2026-09-02,CM,NSE,STK,20092,INE488B01017,TASTYBITE,EQ,,,,,TASTY BITE EATABLES LTD,9918.00,10050.00,9756.00,10008.00,10050.00,9946.00,,10007.95,,,2420,24073797.00,793,F1,1,,,,,
2026-09-02,2026-09-02,CM,NSE,STK,759265,INE976I01016,TATACAP,EQ,,,,,TATA CAPITAL LIMITED,365.00,367.65,361.20,364.75,363.50,367.85,,364.75,,,695696,253610594.15,18343,F1,1,,,,,
2026-09-02,2026-09-02,CM,NSE,STK,3405,INE092A01019,TATACHEM,EQ,,,,,TATA CHEMICALS LTD,632.80,635.25,625.60,633.95,634.50,633.60,,633.95,,,529669,334780433.35,19412,F1,1,,,,,
2026-09-02,2026-09-02,CM,NSE,STK,3721,INE151A01013,TATACOMM,EQ,,,,,TATA COMMUNICATIONS LTD,1733.00,1733.00,1692.20,1710.00,1705.50,1733.80,,1710.00,,,505913,862875581.40,30530,F1,1,,,,,
2026-09-02,2026-09-02,CM,NSE,STK,11536,INE467B01029,TCS,EQ,,,,,TATA CONSULTANCY SERV LT,2347.90,2363.00,2303.50,2348.00,2348.00,2369.00,,2347.99,,,2533005,5922881120.10,96240,F1,1,,,,,
2026-09-02,2026-09-02,CM,NSE,STK,3432,INE192A01025,TATACONSUM,EQ,,,,,TATA CONSUMER PRODUCT LTD,1025.50,1027.40,1008.30,1012.00,1012.00,1030.50,,1012.00,,,1052859,1068613419.50,42929,F1,1,,,,,
2026-09-02,2026-09-02,CM,NSE,STK,3411,INE670A01012,TATAELXSI,EQ,,,,,TATA ELXSI LIMITED,3608.10,3627.10,3535.00,3609.00,3609.00,3638.00,,3609.03,,,181417,650365305.80,18484,F1,1,,,,,
2026-09-02,2026-09-02,CM,NSE,STK,1621,INE672A01026,TATAINVEST,EQ,,,,,TATA INVESTMENT CORP LTD,631.10,633.45,624.90,628.10,628.00,633.65,,628.03,,,112437,70624511.00,7180,F1,1,,,,,
2026-09-02,2026-09-02,CM,NSE,STK,759782,INE1TAE01010,TMCV,EQ,,,,,TATA MOTORS LIMITED,460.00,461.15,444.60,447.45,446.00,464.35,,447.44,,,11505564,5158708116.80,233403,F1,1,,,,,
2026-09-02,2026-09-02,CM,NSE,STK,3456,INE155A01022,TMPV,EQ,,,,,TATA MOTORS PASS VEH LTD,307.70,312.95,305.65,312.75,312.75,310.00,,312.75,,,6667459,2066999608.15,74203,F1,1,,,,,
2026-09-02,2026-09-02,CM,NSE,STK,3426,INE245A01021,TATAPOWER,EQ,,,,,TATA POWER CO LTD,349.00,364.00,347.15,364.00,364.00,350.55,,364.00,,,12229632,4385488222.65,126007,F1,1,,,,,
2026-09-02,2026-09-02,CM,NSE,STK,3499,INE081A01020,TATASTEEL,EQ,,,,,TATA STEEL LIMITED,182.50,184.06,181.44,183.85,183.85,184.07,,183.85,,,19496175,3566169254.13,164305,F1,1,,,,,
2026-09-02,2026-09-02,CM,NSE,STK,20293,INE142M01025,TATATECH,EQ,,,,,TATA TECHNOLOGIES LIMITED,814.95,818.70,795.00,813.25,815.00,814.95,,813.22,,,947143,764042918.05,32563,F1,1,,,,,
2026-09-02,2026-09-02,CM,NSE,STK,8954,INE517B01013,TTML,EQ,,,,,TATA TELESERV(MAHARASTRA),38.74,38.74,37.81,38.00,37.94,38.92,,38.00,,,1754985,66752299.49,8014,F1,1,,,,,
2026-09-02,2026-09-02,CM,NSE,STK,7838,INF277K015R5,NETF,EQ,,,,,TATAAML - NETF,261.00,261.43,259.50,261.30,261.43,261.17,,261.30,,,1117,290883.08,154,F1,1,,,,,
2026-09-02,2026-09-02,CM,NSE,STK,12978,INF277K010X4,NPBET,EQ,,,,,TATAAML - NPBET,286.63,292.00,285.50,285.57,285.50,287.68,,285.57,,,55,15775.16,24,F1,1,,,,,
2026-09-02,2026-09-02,CM,NSE,STK,8882,INF277KA1364,TNIDETF,EQ,,,,,TATAAML - TNIDETF,91.50,92.07,90.00,91.29,91.80,91.54,,91.29,,,84293,7668106.17,631,F1,1,,,,,
2026-09-02,2026-09-02,CM,NSE,STK,21401,INF277KA1976,TATAGOLD,EQ,,,,,TATAAML-TATAGOLD,14.36,14.69,14.33,14.53,14.53,14.73,,14.53,,,55019240,800239525.06,77612,F1,1,,,,,
2026-09-02,2026-09-02,CM,NSE,STK,21428,INF277KA1984,TATSILV,EQ,,,,,TATAAML-TATSILV,21.52,22.63,21.52,21.88,21.89,22.08,,21.88,,,32620921,714492265.42,49431,F1,1,,,,,
2026-09-02,2026-09-02,CM,NSE,STK,5162,INE0GK401011,TATVA,EQ,,,,,TATVA CHIN PHARM CHEM LTD,1605.00,1639.80,1563.60,1616.90,1608.10,1605.00,,1616.94,,,41870,66826498.20,4990,F1,1,,,,,
2026-09-02,2026-09-02,CM,NSE,STK,759759,INE0XWS01018,TAURIAN,ST,,,,,TAURIAN MPS LIMITED,530.00,545.25,497.65,509.60,520.00,523.80,,509.60,,,51200,26458480.00,64,F1,800,,,,,
2026-09-02,2026-09-02,CM,NSE,STK,11754,INE053F07835,753IRFC30,NJ,,,,,TAX FREE  7.53% SR. 103 A,1133.16,1138.00,1133.00,1138.00,1138.00,1133.16,,1135.58,,,575,652407.16,5,F1,1,,,,,
2026-09-02,2026-09-02,CM,NSE,STK,15168,INE053F07900,764IRFC31,NO,,,,,TAX FREE  7.64% SR. 108A,1146.00,1146.00,1146.00,1146.00,1146.00,1144.07,,1146.00,,,50,57300.00,1,F1,1,,,,,
2026-09-02,2026-09-02,CM,NSE,STK,14522,INE906B07EO8,739NHAI31A,ND,,,,,TAX FREE 7.39% SR. IIA,1146.05,1146.05,1146.05,1146.05,1146.05,1145.00,,1146.05,,,21,24067.05,1,F1,1,,,,,
2026-09-02,2026-09-02,CM,NSE,STK,14529,INE906B07EP5,769NHAI31,NE,,,,,TAX FREE 7.69% SR. IIB,1151.49,1155.00,1150.15,1150.15,1150.15,1151.50,,1150.15,,,1014,1170683.26,7,F1,1,,,,,
2026-09-02,2026-09-02,CM,NSE,STK,12003,INE906B07EJ8,76NHAI31,NA,,,,,TAX FREE7.60% SR.IIB,1115.00,1116.00,1110.01,1112.27,1110.01,1114.99,,1112.27,,,1230,1371916.55,9,F1,1,,,,,
2026-09-02,2026-09-02,CM,NSE,STK,24019,INE0N2D01013,TBI,SM,,,,,TBI CORN LIMITED,71.95,73.00,69.00,71.15,70.95,69.20,,71.15,,,70800,5058390.00,89,F1,600,,,,,
2026-09-02,2026-09-02,CM,NSE,STK,23740,INE673O01025,TBOTEK,EQ,,,,,TBO TEK LIMITED,1724.00,1729.00,1667.30,1700.00,1700.00,1722.40,,1700.01,,,156687,267231222.00,18286,F1,1,,,,,
2026-09-02,2026-09-02,CM,NSE,STK,761814,INE887D01016,TCC,EQ,,,,,TCC CONCEPT LIMITED,227.44,238.33,225.55,233.31,232.85,227.44,,233.31,,,267452,62420053.15,9614,F1,1,,,,,
2026-09-02,2026-09-02,CM,NSE,STK,19223,INE586V01016,TCIEXP,EQ,,,,,TCI EXPRESS LIMITED,536.15,558.00,532.20,544.35,542.00,541.95,,544.23,,,61910,33824238.30,4433,F1,1,,,,,
2026-09-02,2026-09-02,CM,NSE,STK,8722,INE911B01018,TCIFINANCE,BE,,,,,TCIFINANCELTD-ROLL SETT,15.05,15.25,15.05,15.20,15.25,15.25,,15.20,,,7965,120481.36,61,F1,1,,,,,
2026-09-02,2026-09-02,CM,NSE,STK,184,INE822C01015,TCPLPACK,EQ,,,,,TCPL PACKAGING LIMITED,3858.80,4038.20,3826.00,4000.30,4007.90,3860.20,,4000.22,,,12897,51192978.10,3388,F1,1,,,,,
2026-09-02,2026-09-02,CM,NSE,STK,25178,INE419M01035,TDPOWERSYS,EQ,,,,,TD POWER SYSTEMS LTD.,753.00,758.90,733.00,735.05,734.50,758.05,,735.07,,,1116065,827897965.85,40311,F1,1,,,,,
2026-09-02,2026-09-02,CM,NSE,STK,10717,INE289C01025,TEAMGTY,EQ,,,,,TEAM INDIA GUARANTY LTD,246.10,246.10,235.00,244.44,244.45,241.00,,244.44,,,211,51467.57,15,F1,1,,,,,
2026-09-02,2026-09-02,CM,NSE,STK,12716,INE985S01024,TEAMLEASE,EQ,,,,,TEAMLEASE SERVICES LTD.,1271.00,1274.00,1241.30,1252.70,1247.90,1264.50,,1252.66,,,14205,17803157.70,1264,F1,1,,,,,
2026-09-02,2026-09-02,CM,NSE,STK,17000,INE065J01024,TPHQ,BE,,,,,TEAMO PRODUCTIONS HQ LTD,0.59,0.59,0.57,0.57,0.58,0.57,,0.57,,,1294758,760501.50,471,F1,1,,,,,
2026-09-02,2026-09-02,CM,NSE,STK,763571,INE2OL601013,TEAMTECH,ST,,,,,TEAMTECH FORMWORK SOL LTD,136.00,141.00,134.00,141.00,141.00,136.50,,141.00,,,36000,4968100.00,17,F1,2000,,,,,
2026-09-02,2026-09-02,CM,NSE,STK,13538,INE669C01036,TECHM,EQ,,,,,TECH MAHINDRA LIMITED,1630.00,1637.20,1604.50,1623.00,1623.00,1638.00,,1623.00,,,1508528,2438897122.60,69222,F1,1,,,,,
2026-09-02,2026-09-02,CM,NSE,STK,759138,INE0Y5H01014,TECHD,SM,,,,,TECHD CYBERSECURITY LTD,551.00,551.00,522.00,535.70,539.00,549.00,,535.70,,,18900,10140810.00,61,F1,300,,,,,
2026-09-02,2026-09-02,CM,NSE,STK,25652,INE0JQS01019,TECHERA,SM,,,,,TECHERA ENGINEER (IND) L,168.60,170.00,166.00,166.95,166.10,169.75,,166.95,,,13600,2284840.00,17,F1,800,,,,,
2026-09-02,2026-09-02,CM,NSE,STK,6445,INE285K01026,TECHNOE,EQ,,,,,TECHNO ELEC & ENG CO. LTD,971.50,977.80,958.35,969.95,972.00,976.35,,969.93,,,78529,76067295.90,8752,F1,1,,,,,
2026-09-02,2026-09-02,CM,NSE,STK,14223,INE545H01011,TIIL,EQ,,,,,TECHNOCRAFT IND LTD,3262.00,3322.40,3234.10,3262.00,3240.00,3267.50,,3261.91,,,40346,132078971.80,6761,F1,1,,,,,
2026-09-02,2026-09-02,CM,NSE,STK,764532,INE1D0W01018,TECHNOCRAF,EQ,,,,,TECHNOCRAFT VENTURES LTD,371.95,381.00,368.35,376.10,375.00,374.20,,376.11,,,1206752,453378950.70,19526,F1,1,,,,,
2026-09-02,2026-09-02,CM,NSE,STK,762939,INE314H01012,TECHNVISN,EQ,,,,,TECHNVISION VENTURES LTD.,5055.00,5237.50,5020.50,5112.00,5125.50,5282.00,,5103.22,,,181,927603.50,95,F1,1,,,,,
2026-09-02,2026-09-02,CM,NSE,STK,3453,INE014B01011,TECILCHEM,EQ,,,,,TECIL CHEMICALS,9.95,11.10,9.74,9.89,9.85,9.74,,9.89,,,120586,1232772.38,307,F1,1,,,,,
2026-09-02,2026-09-02,CM,NSE,STK,23530,INE0K6601012,TGL,ST,,,,,TEERTH GOPICON LIMITED,18.50,18.75,17.90,18.75,18.75,17.90,,18.75,,,61200,1140550.00,88,F1,200,,,,,
2026-09-02,2026-09-02,CM,NSE,STK,7105,INE011K01018,TEGA,EQ,,,,,TEGA INDUSTRIES LIMITED,1560.00,1566.00,1534.60,1539.70,1535.00,1570.50,,1539.72,,,60419,93373922.50,5221,F1,1,,,,,
2026-09-02,2026-09-02,CM,NSE,STK,763825,INE0R1301019,TEJA,SM,,,,,TEJA ENGINEERING IND L,239.90,239.90,225.00,238.05,231.25,234.05,,238.05,,,81000,18980880.00,96,F1,600,,,,,
2026-09-02,2026-09-02,CM,NSE,STK,29723,INE17WC01013,TEJASCARGO,SM,,,,,TEJAS CARGO INDIA LIMITED,405.00,405.00,405.00,405.00,405.00,405.00,,405.00,,,400,162000.00,1,F1,400,,,,,
2026-09-02,2026-09-02,CM,NSE,STK,21131,INE010J01012,TEJASNET,EQ,,,,,TEJAS NETWORKS LIMITED,536.00,553.50,532.00,548.85,551.50,541.90,,548.83,,,2071490,1127033766.90,47274,F1,1,,,,,
2026-09-02,2026-09-02,CM,NSE,STK,3275,INE869Y01028,TEMBO,EQ,,,,,TEMBO GLOBAL IND LTD,55.80,57.85,55.50,56.67,56.00,56.03,,56.67,,,4407998,249574900.60,7333,F1,1,,,,,
2026-09-02,2026-09-02,CM,NSE,STK,765426,INE1KZI01025,TEMPSENS,EQ,,,,,TEMPSENS INST (INDIA) LTD,536.00,589.00,535.05,566.30,572.00,539.05,,566.27,,,15878807,9025753711.00,228251,F1,1,,,,,
2026-09-02,2026-09-02,CM,NSE,STK,759880,INE19RI01016,TENNIND,EQ,,,,,TENNECO CLEAN AIR INDIA L,525.00,526.35,497.80,519.80,520.00,525.20,,519.80,,,2271705,1159935799.70,70529,F1,1,,,,,
2026-09-02,2026-09-02,CM,NSE,STK,19292,INE482B01010,TERASOFT,EQ,,,,,TERA SOFTWARE LIMITED,283.15,294.90,280.10,290.55,290.10,283.15,,290.49,,,15985,4626615.40,686,F1,1,,,,,
2026-09-02,2026-09-02,CM,NSE,STK,764950,INE390D01011,TERAI,EQ,,,,,TERAI TEA CO. LTD.,134.60,134.60,123.00,133.98,134.00,129.48,,133.98,,,367,48946.02,21,F1,1,,,,,
2026-09-02,2026-09-02,CM,NSE,STK,11549,INE435C01024,TEXINFRA,EQ,,,,,TEXMACO INFRA & HOLDG LTD,113.80,115.98,113.33,113.96,113.40,113.33,,113.96,,,169201,19300706.83,1311,F1,1,,,,,
2026-09-02,2026-09-02,CM,NSE,STK,21828,INE621L01012,TEXRAIL,EQ,,,,,TEXMACO RAIL & ENG. LTD.,113.70,114.65,111.33,113.65,113.41,113.07,,113.65,,,2481981,281131936.33,21524,F1,1,,,,,
2026-09-02,2026-09-02,CM,NSE,STK,18214,INE141K01013,TEXMOPIPES,EQ,,,,,TEXMO PIPE & PRODUCTS LTD,45.06,46.49,45.06,45.67,45.75,45.93,,45.67,,,17558,803198.27,329,F1,1,,,,,
2026-09-02,2026-09-02,CM,NSE,STK,10751,INE733E07JW2,762NTPC35F,ND,,,,,TFB 7.62% 2035 SR. 3B,1229.80,1230.00,1218.10,1218.10,1218.10,1229.80,,1218.10,,,1066,1310378.00,32,F1,1,,,,,
2026-09-02,2026-09-02,CM,NSE,STK,14607,INE797H01018,TGBHOTELS,EQ,,,,,TGB BANQUETS&HOTELS LTD,9.97,9.97,9.11,9.67,9.73,9.77,,9.67,,,24199,226424.23,175,F1,1,,,,,
2026-09-02,2026-09-02,CM,NSE,STK,22777,INE0QJL01014,TCL,SM,,,,,THAAI CASTING LIMITED,123.55,129.00,123.10,125.70,125.00,128.50,,125.70,,,19200,2415360.00,24,F1,800,,,,,
2026-09-02,2026-09-02,CM,NSE,STK,762947,INE077P01034,THACKER,BE,,,,,THACKER & CO. LTD.,1090.00,1090.00,1000.00,1000.00,1000.00,1039.00,,1000.00,,,102,110550.00,5,F1,1,,,,,
2026-09-02,2026-09-02,CM,NSE,STK,762949,INE403F01017,THAKDEV,EQ,,,,,THAKKERS DEVELOPERS LTD.,154.40,154.40,138.05,138.09,138.05,142.00,,138.19,,,1156,170057.03,72,F1,1,,,,,
2026-09-02,2026-09-02,CM,NSE,STK,18118,INE085J01014,THANGAMAYL,EQ,,,,,THANGAMAYIL JEWELLERY LTD,5280.00,5430.00,5176.50,5238.00,5242.00,5311.50,,5238.00,,,116329,612356722.00,16217,F1,1,,,,,
2026-09-02,2026-09-02,CM,NSE,STK,9014,INE294Z01018,ANUP,EQ,,,,,THE ANUP ENGINEERING LTD,1800.00,1816.00,1767.10,1799.80,1801.00,1810.20,,1799.78,,,18045,32336913.90,4085,F1,1,,,,,
2026-09-02,2026-09-02,CM,NSE,STK,7930,INE319B01014,BYKE,BE,,,,,THE BYKE HOSPITALITY LTD,32.97,32.97,31.17,31.72,31.73,31.87,,31.72,,,16685,525815.27,56,F1,1,,,,,
2026-09-02,2026-09-02,CM,NSE,STK,13776,INE017A01032,GESHIP,EQ,,,,,THE GE SHPG.LTD,1322.10,1328.00,1303.00,1305.60,1305.10,1325.60,,1305.60,,,471098,617527423.10,26876,F1,1,,,,,
2026-09-02,2026-09-02,CM,NSE,STK,17770,INE646C01018,GROBTEA,EQ,,,,,THE GROB TEA COMPANY LTD,980.00,980.55,960.00,965.50,965.50,975.25,,965.50,,,123,119269.70,29,F1,1,,,,,
2026-09-02,2026-09-02,CM,NSE,STK,8568,INE127B01011,HITECHGEAR,BE,,,,,THE HI-TECH GEARS LIMITED,565.00,574.60,560.05,569.20,570.00,569.25,,569.20,,,1031,586899.00,29,F1,1,,,,,
2026-09-02,2026-09-02,CM,NSE,STK,1515,INE383A01012,INDIACEM,EQ,,,,,THE INDIA CEMENTS LIMITED,359.85,360.15,354.20,358.30,358.70,359.85,,358.30,,,73072,26075518.60,4676,F1,1,,,,,
2026-09-02,2026-09-02,CM,NSE,STK,1512,INE053A01029,INDHOTEL,EQ,,,,,THE INDIAN HOTELS CO. LTD,713.55,727.70,706.05,727.70,727.70,718.00,,727.69,,,1623631,1169722522.10,42073,F1,1,,,,,
2026-09-02,2026-09-02,CM,NSE,STK,21427,INE924D01017,THEINVEST,EQ,,,,,THE INVEST TRUST OF IND L,97.68,97.68,94.60,94.60,94.60,94.32,,94.60,,,2915,280529.42,77,F1,1,,,,,
2026-09-02,2026-09-02,CM,NSE,STK,399,INE470Y01017,NIACL,EQ,,,,,THE NEW INDIA ASSU CO LTD,185.45,201.40,182.41,199.11,198.50,185.77,,199.11,,,24334669,4790999542.96,168134,F1,1,,,,,
2026-09-02,2026-09-02,CM,NSE,STK,10321,INE431F01018,PKTEA,EQ,,,,,THE P K TEA PROD CO LTD,719.20,745.00,700.00,728.65,730.00,739.50,,728.65,,,176,126339.55,23,F1,1,,,,,
2026-09-02,2026-09-02,CM,NSE,STK,14552,INE211B01039,PHOENIXLTD,EQ,,,,,THE PHOENIX MILLS LTD,1890.10,1920.10,1870.60,1920.10,1920.10,1892.60,,1920.19,,,200132,379970601.60,13974,F1,1,,,,,
2026-09-02,2026-09-02,CM,NSE,STK,2043,INE331A01037,RAMCOCEM,EQ,,,,,THE RAMCO CEMENTS LIMITED,878.25,878.25,856.75,864.35,863.00,875.35,,863.48,,,100528,86719005.05,7838,F1,1,,,,,
2026-09-02,2026-09-02,CM,NSE,STK,10123,INE301D01026,RUBYMILLS,BE,,,,,THE RUBY MILLS LTD,382.20,399.00,375.00,396.80,395.00,385.80,,396.93,,,5981,2331570.35,104,F1,1,,,,,
2026-09-02,2026-09-02,CM,NSE,STK,5948,INE683A01023,SOUTHBANK,EQ,,,,,THE SOUTH INDIAN BANK LTD,45.75,45.95,45.39,45.74,45.83,45.91,,45.72,,,5752468,262571258.81,15695,F1,1,,,,,
2026-09-02,2026-09-02,CM,NSE,STK,10948,INE655A01013,STCINDIA,EQ,,,,,THE STATE TRADING CORPN,115.52,115.89,112.00,112.97,113.00,115.70,,112.97,,,51290,5828601.65,725,F1,1,,,,,
2026-09-02,2026-09-02,CM,NSE,STK,19578,INE071E01023,UGARSUGAR,EQ,,,,,THE UGAR SUGAR WORKS LTD,53.15,55.80,52.05,55.01,55.80,53.15,,55.04,,,562806,30785562.73,5287,F1,1,,,,,
2026-09-02,2026-09-02,CM,NSE,STK,20481,INE215F01023,WIPL,EQ,,,,,THE WESTERN INDIA PLY LTD,162.63,165.00,162.62,162.99,162.99,162.05,,162.99,,,224,36627.82,10,F1,1,,,,,
2026-09-02,2026-09-02,CM,NSE,STK,19279,INE121N01019,THEJO,EQ,,,,,THEJO ENGINEERING LIMITED,2066.00,2115.00,2054.90,2098.70,2115.00,2075.40,,2098.70,,,2835,5900321.70,424,F1,1,,,,,
2026-09-02,2026-09-02,CM,NSE,STK,14485,INE083B01024,THEMISMED,EQ,,,,,THEMIS MEDICARE LTD.,123.37,127.95,122.21,124.15,124.00,123.57,,124.15,,,107957,13557332.82,2012,F1,1,,,,,
2026-09-02,2026-09-02,CM,NSE,STK,3475,INE152A01029,THERMAX,EQ,,,,,THERMAX LTD,3888.00,3908.40,3740.20,3752.50,3750.00,3913.20,,3752.50,,,134165,509201279.60,25121,F1,1,,,,,
2026-09-02,2026-09-02,CM,NSE,STK,25651,INE0SHE01019,THESL,ST,,,,,THINKING HATS ENTER SOL L,17.05,17.05,17.00,17.00,17.00,17.85,,17.00,,,9000,153150.00,3,F1,3000,,,,,
2026-09-02,2026-09-02,CM,NSE,STK,3496,INE338A01024,TIRUMALCHM,EQ,,,,,THIRUMALAI CHEMICALS LTD,158.61,161.05,155.00,159.82,159.85,159.38,,159.82,,,609306,96380733.12,7399,F1,1,,,,,
2026-09-02,2026-09-02,CM,NSE,STK,3481,INE332A01027,THOMASCOOK,EQ,,,,,THOMAS COOK (INDIA) LTD,105.90,109.51,104.16,106.09,105.30,105.71,,106.09,,,1264084,134569728.53,11365,F1,1,,,,,
2026-09-02,2026-09-02,CM,NSE,STK,31017,INE480M01011,THOMASCOTT,EQ,,,,,THOMAS SCOTT (INDIA) LTD,262.85,268.80,258.80,267.05,268.00,261.80,,267.05,,,18552,4862478.40,1103,F1,1,,,,,
2026-09-02,2026-09-02,CM,NSE,STK,17032,INE594H01019,THYROCARE,EQ,,,,,THYROCARE TECH LTD,590.60,590.80,572.40,576.75,577.00,590.55,,576.70,,,344774,199088902.15,20143,F1,1,,,,,
2026-09-02,2026-09-02,CM,NSE,STK,759176,INE906O01029,TIGERLOGS,EQ,,,,,TIGER LOGISTICS (INDIA) L,28.15,28.45,27.86,28.25,28.40,28.15,,28.25,,,28811,811316.04,397,F1,1,,,,,
2026-09-02,2026-09-02,CM,NSE,STK,25482,INE440L01017,TIJARIA,EQ,,,,,TIJARIA POLYPIPES LTD,7.21,8.05,6.86,7.58,7.69,6.73,,7.58,,,1007554,7792445.34,1848,F1,1,,,,,
2026-09-02,2026-09-02,CM,NSE,STK,9802,INE806C01018,TIL,BE,,,,,TIL LTD,227.10,236.00,227.10,233.34,233.90,230.67,,233.34,,,41589,9677158.32,241,F1,1,,,,,
2026-09-02,2026-09-02,CM,NSE,STK,19196,INE133E01013,TI,EQ,,,,,TILAKNAGAR INDUSTRIES LTD,542.50,559.40,531.50,552.35,555.00,545.70,,552.27,,,582156,316325620.65,15620,F1,1,,,,,
2026-09-02,2026-09-02,CM,NSE,STK,14707,INE508G01029,TIMETECHNO,EQ,,,,,TIME TECHNOPLAST LTD.,189.80,193.20,187.41,188.02,188.26,190.53,,188.02,,,2037704,388469684.65,22255,F1,1,,,,,
2026-09-02,2026-09-02,CM,NSE,STK,762954,INE064A01026,TIMEX,EQ,,,,,TIMEX GROUP INDIA LTD.,645.00,654.95,639.40,643.15,642.05,647.45,,643.19,,,162126,104978467.15,11601,F1,1,,,,,
2026-09-02,2026-09-02,CM,NSE,STK,14198,INE325A01013,TIMKEN,EQ,,,,,TIMKEN INDIA LTD.,3164.60,3209.40,3112.00,3134.50,3140.00,3209.60,,3134.16,,,52088,163681372.70,10673,F1,1,,,,,
2026-09-02,2026-09-02,CM,NSE,STK,756020,INE015C01016,TINNARUBR,EQ,,,,,TINNA RUBBER AND INFR LTD,1019.00,1029.05,994.05,1020.05,1024.00,1020.20,,1020.09,,,32493,32919709.15,3174,F1,1,,,,,
2026-09-02,2026-09-02,CM,NSE,STK,11374,INE0LQS01015,TIPSFILMS,EQ,,,,,TIPS FILMS LIMITED,333.45,333.85,324.30,330.45,328.55,333.45,,330.29,,,2364,777113.90,275,F1,1,,,,,
2026-09-02,2026-09-02,CM,NSE,STK,9117,INE716B01029,TIPSMUSIC,EQ,,,,,TIPS MUSIC LIMITED,641.05,641.95,628.20,631.45,630.50,643.50,,631.45,,,220603,139603686.90,20991,F1,1,,,,,
2026-09-02,2026-09-02,CM,NSE,STK,22284,INE319Y01024,TIRUPATIFL,BE,,,,,TIRUPATI FORGE LIMITED,67.50,68.65,66.00,66.33,66.55,68.13,,66.33,,,146320,9783343.28,726,F1,1,,,,,
2026-09-02,2026-09-02,CM,NSE,STK,15414,INE615H01020,TITAGARH,EQ,,,,,TITAGARH RAIL SYSTEMS LTD,839.45,839.45,819.45,824.95,825.00,833.95,,824.97,,,276233,228498009.85,17414,F1,1,,,,,
2026-09-02,2026-09-02,CM,NSE,STK,3506,INE280A01028,TITAN,EQ,,,,,TITAN COMPANY LIMITED,4972.00,5092.00,4971.50,5074.00,5074.00,5050.00,,5073.98,,,812660,4072048067.00,105525,F1,1,,,,,
2026-09-02,2026-09-02,CM,NSE,STK,3837,INE932C01012,TOKYOPLAST,EQ,,,,,TOKYO PLAST INTL LTD,76.34,78.89,75.01,77.00,77.00,77.90,,77.00,,,344,26381.08,18,F1,1,,,,,
2026-09-02,2026-09-02,CM,NSE,STK,25262,INE0RWQ01014,TOLINS,EQ,,,,,TOLINS TYRES LIMITED,93.00,93.00,91.41,91.91,92.00,93.67,,91.92,,,53130,4892955.67,1361,F1,1,,,,,
2026-09-02,2026-09-02,CM,NSE,STK,3518,INE685A01028,TORNTPHARM,EQ,,,,,TORRENT PHARMACEUTICALS L,4945.00,5012.00,4932.50,5012.00,5012.00,4965.50,,5011.99,,,295518,1469205202.00,27541,F1,1,,,,,
2026-09-02,2026-09-02,CM,NSE,STK,13786,INE813H01021,TORNTPOWER,EQ,,,,,TORRENT POWER LTD,1219.30,1267.70,1217.20,1248.90,1242.50,1219.30,,1248.96,,,1313132,1645248182.20,77158,F1,1,,,,,
2026-09-02,2026-09-02,CM,NSE,STK,22423,INE336X01012,TOTAL,EQ,,,,,TOTAL TRANSPORT SYS LTD,68.50,70.20,66.20,69.06,68.51,66.70,,69.06,,,5814,397443.47,200,F1,1,,,,,
2026-09-02,2026-09-02,CM,NSE,STK,16908,INE486Y01013,TOUCHWOOD,EQ,,,,,TOUCHWOOD ENTERTAIN LTD.,59.60,59.60,58.10,58.13,58.13,59.79,,58.13,,,659,38497.85,35,F1,1,,,,,
2026-09-02,2026-09-02,CM,NSE,STK,3466,INE305A01023,TFCILTD,EQ,,,,,TOURISM FINANCE CORP. OF,141.07,147.65,140.75,146.14,146.18,141.07,,146.11,,,14852059,2140673443.29,37383,F1,1,,,,,
2026-09-02,2026-09-02,CM,NSE,STK,765195,INE457P01020,TOYAMSL,EQ,,,,,TOYAM SPORTS LTD.,0.64,0.64,0.62,0.63,0.63,0.62,,0.63,,,284250,179905.03,123,F1,1,,,,,
2026-09-02,2026-09-02,CM,NSE,STK,9219,INE413G01022,TPLPLASTEH,EQ,,,,,TPL PLASTECH LIMITED,71.60,72.50,70.00,71.04,71.25,72.07,,71.03,,,110344,7855574.44,1311,F1,1,,,,,
2026-09-02,2026-09-02,CM,NSE,STK,11582,INE0HMF01019,TRACXN,EQ,,,,,TRACXN TECHNOLOGIES LTD,30.01,30.11,30.01,30.02,30.09,30.03,,30.02,,,98120,2945402.41,317,F1,1,,,,,
2026-09-02,2026-09-02,CM,NSE,STK,15174,INE763I01026,TARIL,EQ,,,,,TRANS & RECTI. LTD,307.15,307.20,301.00,302.00,302.75,308.90,,302.00,,,992101,300202138.45,16761,F1,1,,,,,
2026-09-02,2026-09-02,CM,NSE,STK,765200,INE330E01023,TRANSCOR,EQ,,,,,TRANSCORP INTERNATIONAL L,25.49,25.49,23.00,24.92,25.00,25.49,,24.81,,,5464,128850.00,94,F1,1,,,,,
2026-09-02,2026-09-02,CM,NSE,STK,17795,INE0O3901029,TREL,EQ,,,,,TRANSINDIA REAL ESTATE L,27.90,27.90,26.34,26.96,27.00,27.15,,26.96,,,128079,3485525.25,3425,F1,1,,,,,
2026-09-02,2026-09-02,CM,NSE,STK,7669,INE687A01016,TRANSPEK,BE,,,,,TRANSPEK INDUSTRIES LTD,1420.00,1420.00,1356.00,1384.90,1383.00,1422.80,,1385.02,,,2669,3698226.60,130,F1,1,,,,,
2026-09-02,2026-09-02,CM,NSE,STK,10580,INE688A01022,TCI,EQ,,,,,TRANSPORT CORPN OF INDIA,885.00,899.25,867.00,869.10,872.00,883.25,,869.09,,,14924,13010804.75,3181,F1,1,,,,,
2026-09-02,2026-09-02,CM,NSE,STK,28714,INE454P01035,TRANSRAILL,EQ,,,,,TRANSRAIL LIGHTING LTD,433.85,435.00,426.45,427.15,427.05,433.45,,427.16,,,326335,139781521.55,11118,F1,1,,,,,
2026-09-02,2026-09-02,CM,NSE,STK,19801,INE0NVI01020,TRANSTEEL,SM,,,,,TRANSTEEL SEATING TECH L,73.50,76.90,73.50,75.20,75.00,73.50,,75.20,,,172000,12921100.00,69,F1,1000,,,,,
2026-09-02,2026-09-02,CM,NSE,STK,14319,INE804H01012,TFL,EQ,,,,,TRANSWARRANTY FIN. LTD.,11.98,12.78,11.98,12.44,12.59,11.65,,12.44,,,8146,100561.72,82,F1,1,,,,,
2026-09-02,2026-09-02,CM,NSE,STK,8619,INE757B01015,TRANSWORLD,BE,,,,,TRANSWORLD SHIP LINES LTD,166.35,166.35,166.35,166.35,166.35,169.74,,166.73,,,3101,515851.35,40,F1,1,,,,,
2026-09-02,2026-09-02,CM,NSE,STK,757545,INE103V01028,TRAVELFOOD,EQ,,,,,TRAVEL FOOD SERVICES LTD,1270.50,1305.00,1251.10,1273.50,1277.00,1270.50,,1273.42,,,102712,131184275.10,10573,F1,1,,,,,
2026-09-02,2026-09-02,CM,NSE,STK,25082,INE040M01013,TREEHOUSE,EQ,,,,,TREE HOUSE EDU LTD,6.48,6.98,6.05,6.12,6.05,6.35,,6.12,,,13632,85434.13,88,F1,1,,,,,
2026-09-02,2026-09-02,CM,NSE,STK,7518,INE00CA01015,TREJHARA,EQ,,,,,TREJHARA SOLUTIONS LTD,144.55,148.50,141.11,144.78,143.38,144.98,,145.27,,,18416,2675513.82,734,F1,1,,,,,
2026-09-02,2026-09-02,CM,NSE,STK,1964,INE849A01020,TRENT,EQ,,,,,TRENT LTD,2845.00,2873.00,2810.00,2852.30,2852.30,2855.00,,2852.38,,,873641,2481956315.90,78702,F1,1,,,,,
2026-09-02,2026-09-02,CM,NSE,STK,17987,INE391D01019,TRF,EQ,,,,,TRF LIMITED,226.04,226.04,222.00,223.64,223.11,224.18,,223.52,,,3808,850865.31,198,F1,1,,,,,
2026-09-02,2026-09-02,CM,NSE,STK,27037,INE760L01018,TBZ,EQ,,,,,TRIB BHIMJI ZAVERI LTD,380.00,430.00,379.05,418.25,414.00,366.80,,418.16,,,27976693,11277729164.40,405633,F1,1,,,,,
2026-09-02,2026-09-02,CM,NSE,STK,9685,INE064C01022,TRIDENT,EQ,,,,,TRIDENT LIMITED,24.00,24.14,23.82,24.06,24.00,24.14,,24.06,,,1848117,44356035.56,8975,F1,1,,,,,
2026-09-02,2026-09-02,CM,NSE,STK,21078,INE0QD201012,TECHLABS,SM,,,,,TRIDENT TECHLABS LIMITED,115.00,117.80,112.00,117.65,117.65,114.95,,117.65,,,11500,1323187.50,77,F1,125,,,,,
2026-09-02,2026-09-02,CM,NSE,STK,17215,INE0LWY01029,TRIDHYA,ST,,,,,TRIDHYA TECH LIMITED,7.55,7.55,7.55,7.55,7.55,7.90,,7.55,,,6000,45300.00,2,F1,3000,,,,,
2026-09-02,2026-09-02,CM,NSE,STK,5428,INE948A01012,TRIGYN,EQ,,,,,TRIGYN TECHNOLOGIES LTD,60.50,60.87,58.71,59.36,59.40,61.45,,59.39,,,37762,2261607.49,803,F1,1,,,,,
2026-09-02,2026-09-02,CM,NSE,STK,764960,INE440G01017,TRITONV,EQ,,,,,TRITON VALVES LTD.,1139.30,1143.60,1120.10,1124.40,1138.80,1138.90,,1127.45,,,900,1019933.20,215,F1,1,,,,,
2026-09-02,2026-09-02,CM,NSE,STK,13081,INE256C01024,TRIVENI,EQ,,,,,TRIVENI ENGG. & INDS. LTD,279.85,285.70,277.25,282.60,281.65,277.95,,282.61,,,1255483,354400483.15,25653,F1,1,,,,,
2026-09-02,2026-09-02,CM,NSE,STK,25584,INE152M01016,TRITURBINE,EQ,,,,,TRIVENI TURBINE LIMITED,578.50,581.85,562.20,565.20,567.85,578.50,,565.20,,,367778,208514052.05,53455,F1,1,,,,,
2026-09-02,2026-09-02,CM,NSE,STK,24642,INE0SYV01018,TROM,SM,,,,,TROM INDUSTRIES LIMITED,56.80,58.00,56.50,58.00,58.00,56.85,,58.00,,,6000,341820.00,9,F1,600,,,,,
2026-09-02,2026-09-02,CM,NSE,STK,759210,INE0MWH01014,TRUALT,EQ,,,,,TRUALT BIOENERGY LIMITED,427.50,432.40,422.45,428.85,426.00,428.15,,428.85,,,67695,28862435.35,2725,F1,1,,,,,
2026-09-02,2026-09-02,CM,NSE,STK,9378,INE615R01029,TRU,EQ,,,,,TRUCAP FINANCE LIMITED,4.00,4.10,3.91,4.07,3.99,4.05,,4.07,,,97876,390668.18,198,F1,1,,,,,
2026-09-02,2026-09-02,CM,NSE,STK,23417,INE0SWN01019,TRUST,SM,,,,,TRUST FINTECH LIMITED,30.50,33.00,30.40,32.85,32.85,32.65,,32.85,,,10200,324900.00,16,F1,600,,,,,
2026-09-02,2026-09-02,CM,NSE,STK,757861,INE16VK01010,TSC,ST,,,,,TSC INDIA LIMITED,43.00,43.00,41.05,41.05,41.10,43.00,,41.05,,,12000,499900.00,6,F1,2000,,,,,
2026-09-02,2026-09-02,CM,NSE,STK,2183,INE202Z01029,TSFINV,EQ,,,,,TSF INVESTMENTS LIMITED,402.45,410.60,398.85,403.15,406.00,403.10,,403.15,,,66092,26708700.90,5578,F1,1,,,,,
2026-09-02,2026-09-02,CM,NSE,STK,27421,INE1C3207081,935TSIIC28,N0,,,,,TSIIC 9.35% 2028 SR I- B,103799.97,103799.97,103799.97,103799.97,103799.97,103799.00,,103799.97,,,1,103799.97,1,F1,1,,,,,
2026-09-02,2026-09-02,CM,NSE,STK,11369,INE910C01018,TTKHLTCARE,EQ,,,,,TTK HEALTHCARE LIMITED,1125.00,1155.00,1115.10,1131.50,1125.70,1128.70,,1131.52,,,27903,31603913.90,3646,F1,1,,,,,
2026-09-02,2026-09-02,CM,NSE,STK,3546,INE690A01028,TTKPRESTIG,EQ,,,,,TTK PRESTIGE LTD,579.70,593.95,571.95,586.25,593.95,579.75,,586.22,,,41248,23923440.30,3813,F1,1,,,,,
2026-09-02,2026-09-02,CM,NSE,STK,312,INE974X01010,TIINDIA,EQ,,,,,TUBE INVEST OF INDIA LTD,2748.30,2748.30,2680.50,2720.00,2720.00,2763.20,,2719.93,,,278336,752559873.30,34520,F1,1,,,,,
2026-09-02,2026-09-02,CM,NSE,STK,24520,INE0OXV01027,TUNWAL,SM,,,,,TUNWAL E-MOTORS LIMITED,25.30,25.50,25.00,25.10,25.10,25.15,,25.10,,,40000,1006300.00,20,F1,2000,,,,,
2026-09-02,2026-09-02,CM,NSE,STK,756090,INE0OC301013,TURTLEMINT,EQ,,,,,TURTLEMINT FINTECH SOLS L,148.79,148.79,143.00,144.08,143.87,148.81,,144.08,,,580456,84079579.93,8494,F1,1,,,,,
2026-09-02,2026-09-02,CM,NSE,STK,765205,INE400A01014,TUTIALKA,EQ,,,,,TUTICORIN ALKAL CH & FE L,60.38,61.60,55.00,61.55,61.30,59.20,,61.53,,,27698,1675082.76,224,F1,1,,,,,
2026-09-02,2026-09-02,CM,NSE,STK,11275,INE038F01029,TVTODAY,EQ,,,,,TV TODAY NETWORK LTD,110.01,112.48,110.01,112.12,111.91,111.46,,112.10,,,18298,2037978.49,426,F1,1,,,,,
2026-09-02,2026-09-02,CM,NSE,STK,18508,INE871L01013,TVVISION,BE,,,,,TV VISION LIMITED,3.55,3.55,3.31,3.31,3.31,3.48,,3.31,,,44121,148390.61,73,F1,1,,,,,
2026-09-02,2026-09-02,CM,NSE,STK,11265,INE236G01019,TVSELECT,EQ,,,,,TVS ELECTRONICS LTD,422.10,438.40,415.00,420.75,420.50,422.80,,420.76,,,49562,21154474.45,3091,F1,1,,,,,
2026-09-02,2026-09-02,CM,NSE,STK,29008,INE105A01035,TVSHLTD,EQ,,,,,TVS HOLDINGS LIMITED,13258.00,13258.00,12931.00,13045.00,13024.00,13258.00,,13045.18,,,5389,70241811.00,2119,F1,1,,,,,
2026-09-02,2026-09-02,CM,NSE,STK,8479,INE494B01023,TVSMOTOR,EQ,,,,,TVS MOTOR COMPANY  LTD,4168.00,4200.00,4064.90,4200.00,4200.00,4203.00,,4200.00,,,1596164,6591941810.10,123634,F1,1,,,,,
2026-09-02,2026-09-02,CM,NSE,STK,14245,INE421C01016,TVSSRICHAK,EQ,,,,,TVS SRICHAKRA LIMITED,5448.00,5529.50,5351.00,5426.00,5440.00,5525.50,,5425.87,,,15811,85951955.00,4018,F1,1,,,,,
2026-09-02,2026-09-02,CM,NSE,STK,18151,INE395N01027,TVSSCS,EQ,,,,,TVS SUPPLY CHAIN SOL L,125.00,125.45,122.51,124.39,124.70,124.99,,124.39,,,466646,57920185.07,8480,F1,1,,,,,
2026-09-02,2026-09-02,CM,NSE,STK,19503,INE388G01026,TICL,BE,,,,,TWAMEV CONS AND INFRA LTD,8.38,8.38,8.00,8.23,8.20,8.39,,8.22,,,108161,876925.62,235,F1,1,,,,,
2026-09-02,2026-09-02,CM,NSE,STK,764970,INE726E01014,UPHOT,EQ,,,,,U P HOTELS LTD.,1459.00,1459.00,1459.00,1459.00,1459.00,1461.80,,1459.00,,,2,2918.00,2,F1,1,,,,,
2026-09-02,2026-09-02,CM,NSE,STK,25629,INE152C01025,UYFINCORP,BE,,,,,U. Y. FINCORP LIMITED,19.90,19.90,19.05,19.30,19.44,19.84,,19.29,,,96462,1874992.80,218,F1,1,,,,,
2026-09-02,2026-09-02,CM,NSE,STK,7739,INE139B01016,UCAL,BE,,,,,UCAL LIMITED,146.00,149.45,145.52,148.11,147.50,146.87,,148.11,,,12495,1843481.58,114,F1,1,,,,,
2026-09-02,2026-09-02,CM,NSE,STK,756004,INE583D07596,1050UCL28,NH,,,,,UCL 10.50% SR V,1013.00,1013.00,1010.05,1010.05,1010.05,1013.00,,1010.05,,,270,273404.20,6,F1,1,,,,,
2026-09-02,2026-09-02,CM,NSE,STK,11223,INE691A01018,UCOBANK,EQ,,,,,UCO BANK,24.59,24.79,24.30,24.39,24.40,24.59,,24.39,,,6678091,163416026.53,16197,F1,1,,,,,
2026-09-02,2026-09-02,CM,NSE,STK,764965,INE551B01012,UDAYJEW,EQ,,,,,UDAY JEWELLERY INDS. LTD.,135.40,138.90,132.10,133.31,133.16,137.78,,133.34,,,7761,1034717.23,140,F1,1,,,,,
2026-09-02,2026-09-02,CM,NSE,STK,14871,INE0N0Y01013,USK,EQ,,,,,UDAYSHIVAKUMAR INFRA LTD,21.00,21.09,20.51,20.60,20.77,20.88,,20.60,,,9356,194212.26,122,F1,1,,,,,
2026-09-02,2026-09-02,CM,NSE,STK,1053,INE516A01017,UFLEX,EQ,,,,,UFLEX LIMITED,646.70,723.50,639.05,701.80,696.60,645.05,,701.80,,,2479035,1714577439.80,75073,F1,1,,,,,
2026-09-02,2026-09-02,CM,NSE,STK,9039,INE527H01019,UFO,EQ,,,,,UFO MOVIEZ INDIA LTD.,65.20,65.86,64.50,65.38,65.75,64.87,,65.38,,,25203,1647864.08,419,F1,1,,,,,
2026-09-02,2026-09-02,CM,NSE,STK,5313,INE583D01011,UGROCAP,EQ,,,,,UGRO CAPITAL LIMITED,84.85,85.50,84.04,85.10,85.50,84.92,,85.10,,,70643,5999270.73,1210,F1,1,,,,,
2026-09-02,2026-09-02,CM,NSE,STK,23507,INE899L01030,UEL,EQ,,,,,UJAAS ENERGY LIMITED,214.99,219.15,208.72,219.15,219.15,208.72,,221.26,,,47835,10304144.51,731,F1,1,,,,,
2026-09-02,2026-09-02,CM,NSE,STK,15228,INE551W01018,UJJIVANSFB,EQ,,,,,UJJIVAN SMALL FINANC BANK,65.37,65.49,61.40,63.64,64.15,65.36,,63.65,,,49431916,3098859056.97,201228,F1,1,,,,,
2026-09-02,2026-09-02,CM,NSE,STK,762961,INE405A01021,ULTRAMAR,EQ,,,,,ULTRAMARINE & PIGMENTS L,430.10,447.00,425.90,441.35,446.90,428.10,,441.38,,,182999,80524440.55,6507,F1,1,,,,,
2026-09-02,2026-09-02,CM,NSE,STK,11532,INE481G01011,ULTRACEMCO,EQ,,,,,ULTRATECH CEMENT LIMITED,11350.00,11398.00,11180.00,11393.00,11393.00,11400.00,,11392.94,,,228820,2576095014.00,40436,F1,1,,,,,
2026-09-02,2026-09-02,CM,NSE,STK,13349,INE067901012,UMA,SM,,,,,UMA CONVERTER LIMITED,17.55,17.55,17.55,17.55,17.55,18.15,,17.55,,,4000,70200.00,1,F1,4000,,,,,
2026-09-02,2026-09-02,CM,NSE,STK,8845,INE0GIU01018,UMAEXPORTS,BE,,,,,UMA EXPORTS LIMITED,25.00,25.00,24.94,24.94,24.94,25.44,,25.19,,,11520,287316.30,49,F1,1,,,,,
2026-09-02,2026-09-02,CM,NSE,STK,8998,INE398B01018,UMIYA-MRO,EQ,,,,,UMIYA BUILDCON LIMITED,99.78,104.79,96.00,97.39,96.55,98.88,,97.38,,,67934,6782453.74,938,F1,1,,,,,
2026-09-02,2026-09-02,CM,NSE,STK,16894,INE033L08270,TCHF30,NB,,,,,UN SE RE NCD 8.55% SR.VI,1090.00,1090.00,1090.00,1090.00,1090.00,1094.00,,1090.00,,,2,2180.00,1,F1,1,,,,,
2026-09-02,2026-09-02,CM,NSE,STK,3579,INE351A01035,UNICHEMLAB,EQ,,,,,UNICHEM LABORATORIES LTD,556.90,579.50,554.40,559.65,557.10,556.35,,559.47,,,155387,88196906.55,7756,F1,1,,,,,
2026-09-02,2026-09-02,CM,NSE,STK,24809,INE00U401027,UNIECOM,EQ,,,,,UNICOMMERCE ESOLUTIONS L,87.30,88.22,85.10,85.83,86.00,87.71,,85.85,,,213694,18473741.13,2497,F1,1,,,,,
2026-09-02,2026-09-02,CM,NSE,STK,18582,INE0PRF01011,UNIHEALTH,SM,,,,,UNIHEALTH HOSPITALS LTD,695.00,720.00,670.00,717.60,720.00,720.00,,717.60,,,11500,8113225.00,20,F1,500,,,,,
2026-09-02,2026-09-02,CM,NSE,STK,7791,INE481Z01011,UNIINFO,EQ,,,,,UNIINFO TELECOM SERVI LTD,11.55,11.55,10.82,11.45,11.45,11.38,,11.45,,,2283,25959.15,33,F1,1,,,,,
2026-09-02,2026-09-02,CM,NSE,STK,25633,INE0B2801011,UNILEX,SM,,,,,UNILEX COLOURS AND CHEM L,26.50,26.50,26.50,26.50,26.50,26.00,,26.50,,,67200,1780800.00,2,F1,1600,,,,,
2026-09-02,2026-09-02,CM,NSE,STK,28960,INE0U3I01011,UNIMECH,EQ,,,,,UNIMECH AEROSPACE N MFG L,1470.50,1473.90,1421.20,1451.90,1453.00,1475.10,,1451.88,,,141142,204112578.00,11140,F1,1,,,,,
2026-09-02,2026-09-02,CM,NSE,STK,10753,INE692A01016,UNIONBANK,EQ,,,,,UNION BANK OF INDIA,183.50,186.86,182.50,186.86,186.86,184.90,,186.85,,,9420048,1740754951.02,60376,F1,1,,,,,
2026-09-02,2026-09-02,CM,NSE,STK,29687,INF582M01KS4,UNIONGOLD,EQ,,,,,UNIONAMC - UNIONGOLD,148.35,148.35,145.70,145.95,145.80,148.45,,145.95,,,7779,1140147.90,62,F1,1,,,,,
2026-09-02,2026-09-02,CM,NSE,STK,13057,INE244O01017,UNIPARTS,EQ,,,,,UNIPARTS INDIA LIMITED,888.95,915.00,878.00,886.35,890.00,901.15,,886.35,,,222773,199035542.75,17072,F1,1,,,,,
2026-09-02,2026-09-02,CM,NSE,STK,11293,INE037A01022,UNIENTER,EQ,,,,,UNIPHOS ENTERPRISES LTD,95.86,95.86,93.20,93.74,94.50,95.39,,93.65,,,2151,202638.53,67,F1,1,,,,,
2026-09-02,2026-09-02,CM,NSE,STK,3594,INE694A01020,UNITECH,EQ,,,,,UNITECH LTD,3.80,3.80,3.72,3.74,3.74,3.78,,3.74,,,3663595,13768493.44,1861,F1,1,,,,,
2026-09-02,2026-09-02,CM,NSE,STK,16713,INE686F01025,UBL,EQ,,,,,UNITED BREWERIES LTD,1310.00,1310.00,1276.40,1282.60,1279.70,1308.90,,1282.45,,,60937,78461906.50,9132,F1,1,,,,,
2026-09-02,2026-09-02,CM,NSE,STK,204,INE961D01019,UNIDT,BE,,,,,UNITED DRILLING TOOLS LTD,221.50,226.80,213.10,221.27,221.86,222.20,,220.39,,,4597,1006003.93,77,F1,1,,,,,
2026-09-02,2026-09-02,CM,NSE,STK,3133,INE382M01027,UFBL,BE,,,,,UNITED FOODBRANDS LIMITED,672.50,727.65,658.55,727.25,727.65,693.00,,727.25,,,129643,91894677.05,1932,F1,1,,,,,
2026-09-02,2026-09-02,CM,NSE,STK,25938,INE0SMR01011,UHTL,ST,,,,,UNITED HEAT TRANSFER LTD,152.30,152.30,152.30,152.30,152.30,149.35,,152.30,,,34000,5178200.00,8,F1,2000,,,,,
2026-09-02,2026-09-02,CM,NSE,STK,17999,INE458F01011,UNITEDTEA,EQ,,,,,UNITED NILGIRI TEA LTD,445.50,451.90,441.00,442.95,443.00,447.50,,442.95,,,2143,953828.05,125,F1,1,,,,,
2026-09-02,2026-09-02,CM,NSE,STK,7560,INE368U01029,UNITEDPOLY,EQ,,,,,UNITED POLYFAB GUJ. LTD.,37.65,38.45,37.00,38.04,37.00,36.91,,38.03,,,44043,1669922.75,358,F1,1,,,,,
2026-09-02,2026-09-02,CM,NSE,STK,10447,INE854D01024,UNITDSPR,EQ,,,,,UNITED SPIRITS LIMITED,1459.00,1470.00,1446.30,1469.50,1469.50,1470.00,,1469.50,,,878500,1281700112.60,23986,F1,1,,,,,
2026-09-02,2026-09-02,CM,NSE,STK,18979,INE562X01013,UNIVASTU,BE,,,,,UNIVASTU INDIA LIMITED,151.53,160.71,146.10,160.70,160.71,153.06,,160.70,,,203175,32200993.77,791,F1,1,,,,,
2026-09-02,2026-09-02,CM,NSE,STK,3607,INE279A01012,UNIVCABLES,EQ,,,,,UNIVERSAL CABLES LTD,1625.00,1682.00,1618.40,1628.00,1634.00,1644.60,,1628.02,,,87261,143375020.50,10406,F1,1,,,,,
2026-09-02,2026-09-02,CM,NSE,STK,17661,INE03V001013,UNIVPHOTO,BE,,,,,UNIVERSUS IMAGINGS LTD,440.15,450.00,440.00,445.00,445.00,444.60,,445.00,,,417,186069.60,13,F1,1,,,,,
2026-09-02,2026-09-02,CM,NSE,STK,14154,INE405E01023,UNOMINDA,EQ,,,,,UNO MINDA LIMITED,1270.00,1272.00,1228.30,1236.00,1236.00,1274.40,,1236.00,,,1278381,1584329669.50,42163,F1,1,,,,,
2026-09-02,2026-09-02,CM,NSE,STK,18636,INE148I08256,915SCL26,NE,,,,,UNS RED NCD 9.15% SR.IX,1074.25,1081.30,1073.75,1081.00,1081.00,1073.22,,1081.00,,,75,80933.20,6,F1,1,,,,,
2026-09-02,2026-09-02,CM,NSE,STK,2871,INE530B08094,10IIFL28A,NE,,,,,UNSE RE NCD 10% SR.I,1040.00,1041.00,1040.00,1041.00,1041.00,1040.00,,1041.00,,,460,478410.00,4,F1,1,,,,,
2026-09-02,2026-09-02,CM,NSE,STK,2877,INE530B08102,96IIFL28A,NF,,,,,UNSE RE NCD 9.6% SR.II,1003.10,1004.49,1001.00,1003.98,1003.98,1003.10,,1003.98,,,1085,1088134.31,17,F1,1,,,,,
2026-09-02,2026-09-02,CM,NSE,STK,5217,INE477L08162,IIFLZC28C,N6,,,,,UNSEC RE NCD 0% SR.III,1586.30,1590.00,1586.30,1586.30,1586.30,1585.00,,1586.30,,,30,47626.00,3,F1,1,,,,,
2026-09-02,2026-09-02,CM,NSE,STK,5212,INE477L08147,10IIFL28,N4,,,,,UNSEC RE NCD 10% SR.I,1009.90,1009.90,981.00,1003.00,1003.00,1003.00,,1009.99,,,619,617182.50,12,F1,1,,,,,
2026-09-02,2026-09-02,CM,NSE,STK,5214,INE477L08154,96IIFL28,N5,,,,,UNSEC RE NCD 9.60% SR.II,1001.50,1003.95,1000.00,1002.10,1002.10,1003.08,,1002.10,,,2203,2206191.05,26,F1,1,,,,,
2026-09-02,2026-09-02,CM,NSE,STK,21229,INE306N08342,885TCAPS29,NC,,,,,UNSERENCD8.85%SRIVCIII&IV,1045.80,1045.90,1045.80,1045.85,1045.90,1056.90,,1045.85,,,10,10458.50,2,F1,1,,,,,
2026-09-02,2026-09-02,CM,NSE,STK,21225,INE306N08292,910TCAP28,NA,,,,,UNSERENCD9.1%SRIIICIII&IV,1115.00,1115.00,1114.90,1114.99,1115.00,1121.69,,1114.99,,,511,569735.00,42,F1,1,,,,,
2026-09-02,2026-09-02,CM,NSE,STK,19113,INE851I01011,UDS,EQ,,,,,UPDATER SERVICES LIMITED,227.12,233.30,224.50,231.44,233.30,227.12,,231.45,,,425241,97634216.45,9438,F1,1,,,,,
2026-09-02,2026-09-02,CM,NSE,STK,11287,INE628A01036,UPL,EQ,,,,,UPL LIMITED,562.95,580.70,560.25,578.45,578.45,567.10,,578.44,,,4050279,2318491294.15,32639,F1,1,,,,,
2026-09-02,2026-09-02,CM,NSE,STK,10610,INE0CBM01019,USASEEDS,SM,,,,,UPSURGE SEEDS OF AGRI LTD,93.45,93.45,93.45,93.45,93.45,98.35,,93.45,,,428,39996.60,1,F1,428,,,,,
2026-09-02,2026-09-02,CM,NSE,STK,17081,INE568Z01015,URAVIDEF,BE,,,,,URAVI DEFENCE &TECH LTD,119.70,124.91,119.20,124.05,124.00,118.97,,124.05,,,17249,2138340.19,276,F1,1,,,,,
2026-09-02,2026-09-02,CM,NSE,STK,759084,INE0CAZ01013,URBANCO,EQ,,,,,URBAN COMPANY LIMITED,166.97,173.84,166.40,171.84,172.47,167.63,,171.88,,,6821540,1159232333.07,56500,F1,1,,,,,
2026-09-02,2026-09-02,CM,NSE,STK,16888,INE0O0201019,URBAN,SM,,,,,URBAN ENVIRO WASTE MGMT L,121.60,124.50,120.05,121.35,121.30,121.60,,121.35,,,11200,1362840.00,14,F1,800,,,,,
2026-09-02,2026-09-02,CM,NSE,STK,20203,INE550C01020,URJA,EQ,,,,,URJA GLOBAL LIMITED,9.18,9.18,8.95,9.03,9.14,9.03,,9.03,,,745016,6718083.47,2148,F1,1,,,,,
2026-09-02,2026-09-02,CM,NSE,STK,25952,INE0LS001014,USHAFIN,SM,,,,,USHA FINANCIAL SERVICES L,48.40,49.45,48.40,49.40,49.45,48.40,,49.40,,,44800,2197120.00,14,F1,1600,,,,,
2026-09-02,2026-09-02,CM,NSE,STK,19142,INE240C01028,UMESLTD,EQ,,,,,USHA MARTIN EDU & SOL LTD,4.89,5.04,4.80,4.88,4.85,4.91,,4.89,,,15908,77717.13,102,F1,1,,,,,
2026-09-02,2026-09-02,CM,NSE,STK,8840,INE228A01035,USHAMART,EQ,,,,,USHA MARTIN LTD.,500.00,508.35,498.05,501.60,502.10,499.60,,501.66,,,1857600,934591747.50,22177,F1,1,,,,,
2026-09-02,2026-09-02,CM,NSE,STK,527,INE094J01016,UTIAMC,EQ,,,,,UTI ASSET MNGMT CO LTD,877.00,880.15,870.75,877.00,878.40,879.50,,877.00,,,415847,364513037.25,5064,F1,1,,,,,
2026-09-02,2026-09-02,CM,NSE,STK,764180,INF789F1AG68,LIQUIDBETA,EQ,,,,,UTIAMC - LIQUIDBETA,1006.57,1006.59,1006.57,1006.57,1006.57,1006.46,,1006.57,,,37,37243.11,4,F1,1,,,,,
2026-09-02,2026-09-02,CM,NSE,STK,765431,INF789F1AG76,NIF500BETA,EQ,,,,,UTIAMC - NIF500BETA,37.68,37.68,37.17,37.31,37.31,37.68,,37.31,,,9484,353786.52,13,F1,1,,,,,
2026-09-02,2026-09-02,CM,NSE,STK,22440,INF789F1AUV1,BANKBETA,EQ,,,,,UTIAMC-BANKBETA,59.00,59.33,58.89,59.23,59.26,59.31,,59.22,,,647961,38229801.28,487,F1,1,,,,,
2026-09-02,2026-09-02,CM,NSE,STK,22524,INF789F1AZF3,GILT10BETA,EQ,,,,,UTIAMC-GILT10BETA,26.65,26.76,26.65,26.75,26.75,26.52,,26.75,,,21,561.41,8,F1,1,,,,,
2026-09-02,2026-09-02,CM,NSE,STK,22521,INF789F1AZE6,GILT5BETA,EQ,,,,,UTIAMC-GILT5BETA,66.33,66.89,65.69,65.69,65.69,65.68,,65.85,,,462,30889.10,8,F1,1,,,,,
2026-09-02,2026-09-02,CM,NSE,STK,22488,INF789F1AZD8,ITBETA,EQ,,,,,UTIAMC-ITBETA,326.00,328.19,325.32,325.32,325.32,329.02,,325.32,,,448,146292.23,18,F1,1,,,,,
2026-09-02,2026-09-02,CM,NSE,STK,18347,INF789F1AYX9,MIDCAPBETA,EQ,,,,,UTIAMC-MIDCAPBETA,235.00,235.00,231.05,234.00,234.00,235.13,,234.00,,,2439,568162.93,63,F1,1,,,,,
2026-09-02,2026-09-02,CM,NSE,STK,21478,INF789F1AUW9,NEXT50BETA,EQ,,,,,UTIAMC-NEXT50BETA,78.49,79.75,77.70,79.27,79.75,78.69,,79.25,,,200059,15641680.76,1031,F1,1,,,,,
2026-09-02,2026-09-02,CM,NSE,STK,10511,INF789F1AZC0,NIFTYBETA,EQ,,,,,UTIAMC-NIFTYBETA,273.03,273.03,264.47,265.48,267.71,266.38,,265.43,,,160139,42521787.73,641,F1,1,,,,,
2026-09-02,2026-09-02,CM,NSE,STK,10515,INF789FB1X58,SENSEXBETA,EQ,,,,,UTIAMC-SENSEXBETA,852.64,852.64,846.00,846.66,851.00,854.47,,846.74,,,1320,1118827.73,206,F1,1,,,,,
2026-09-02,2026-09-02,CM,NSE,STK,15085,INF789F1AYK6,SILVERBETA,EQ,,,,,UTIAMC-SILVERBETA,220.00,220.00,216.71,217.48,217.26,219.47,,217.48,,,818352,178077913.07,3371,F1,1,,,,,
2026-09-02,2026-09-02,CM,NSE,STK,9168,INF789F1AUU3,SNXT50BETA,EQ,,,,,UTIAMC-SNXT50BETA,94.15,95.35,93.01,94.97,95.00,94.34,,94.97,,,1391,130734.26,100,F1,1,,,,,
2026-09-02,2026-09-02,CM,NSE,STK,14535,INF789F1AUX7,GOLDBETA,EQ,,,,,UTIAMC-UTIGOLDBETA,124.65,129.15,124.65,126.00,125.90,127.85,,126.00,,,933480,117657544.45,3822,F1,1,,,,,
2026-09-02,2026-09-02,CM,NSE,STK,751580,INE1V1R01014,UTKAL,SM,,,,,UTKAL SPEC INDUS INDIA L,46.90,46.90,44.65,44.70,44.70,47.00,,44.70,,,18000,808900.00,9,F1,2000,,,,,
2026-09-02,2026-09-02,CM,NSE,STK,17358,INE735W01017,UTKARSHBNK,EQ,,,,,UTKARSH SMALL FIN BANK L,14.81,14.95,14.60,14.77,14.82,14.88,,14.77,,,3974860,58662112.88,4365,F1,1,,,,,
2026-09-02,2026-09-02,CM,NSE,STK,24729,INE06IJ01010,UTSSAV,ST,,,,,UTSSAV CZ GOLD JEWELS LTD,439.00,450.00,439.00,445.00,445.00,437.00,,445.00,,,9000,3998340.00,15,F1,600,,,,,
2026-09-02,2026-09-02,CM,NSE,STK,13376,INE786F01031,UTTAMSUGAR,EQ,,,,,UTTAM SUGAR MILLS LTD.,296.20,306.60,290.35,292.55,291.20,296.30,,292.54,,,256268,76305683.70,7584,F1,1,,,,,
2026-09-02,2026-09-02,CM,NSE,STK,3188,INE0GXK01018,VMARCIND,SM,,,,,V MARC INDIA LIMITED,335.05,350.90,318.00,321.05,323.00,340.95,,321.05,,,489000,162669150.00,286,F1,1500,,,,,
2026-09-02,2026-09-02,CM,NSE,STK,23018,INE0QQM01017,VR,SM,,,,,V R INFRASPACE LIMITED,104.00,104.00,104.00,104.00,104.00,108.10,,104.00,,,400,41600.00,1,F1,400,,,,,
2026-09-02,2026-09-02,CM,NSE,STK,765220,INE222F01029,VTMLTD,EQ,,,,,V T M LTD.,58.12,59.30,57.25,57.73,57.95,59.43,,57.73,,,14672,857049.25,154,F1,1,,,,,
2026-09-02,2026-09-02,CM,NSE,STK,15362,INE951I01027,VGUARD,EQ,,,,,V-GUARD IND LTD.,343.05,345.40,338.05,341.20,343.50,343.05,,341.19,,,517815,177003803.30,12883,F1,1,,,,,
2026-09-02,2026-09-02,CM,NSE,STK,14766,INE945H01021,V2RETAIL,EQ,,,,,V2 RETAIL LIMITED,220.11,221.05,217.01,218.16,218.30,221.25,,218.15,,,483602,105646756.44,9615,F1,1,,,,,
2026-09-02,2026-09-02,CM,NSE,STK,20188,INE956G01038,WABAG,EQ,,,,,VA TECH WABAG LTD,2013.90,2013.90,1948.90,1987.80,1994.00,2013.90,,1987.65,,,294457,581742210.60,20073,F1,1,,,,,
2026-09-02,2026-09-02,CM,NSE,STK,764975,INE693D01018,VADILENT,EQ,,,,,VADILAL ENTERPRISES LTD.,10444.00,10444.00,10000.00,10019.00,10010.00,10217.00,,10124.58,,,27,271554.00,20,F1,1,,,,,
2026-09-02,2026-09-02,CM,NSE,STK,24196,INE694D01016,VADILALIND,EQ,,,,,VADILAL INDUSTRIES LTD,7728.50,7728.50,7474.00,7559.50,7557.00,7757.00,,7559.16,,,23667,179340017.50,6407,F1,1,,,,,
2026-09-02,2026-09-02,CM,NSE,STK,11364,INE884A01027,VAIBHAVGBL,EQ,,,,,VAIBHAV GLOBAL LIMITED,218.00,218.75,214.42,214.79,215.80,218.45,,214.79,,,215191,46498784.22,10946,F1,1,,,,,
2026-09-02,2026-09-02,CM,NSE,STK,16589,INE972X01022,VAISHALI,EQ,,,,,VAISHALI PHARMA LIMITED,8.03,8.35,7.81,8.06,8.10,8.03,,8.06,,,80519,656622.28,238,F1,1,,,,,
2026-09-02,2026-09-02,CM,NSE,STK,13342,INE051B01021,VAKRANGEE,EQ,,,,,VAKRANGEE LIMITED,5.76,5.81,5.50,5.76,5.79,5.80,,5.77,,,851507,4864870.53,1604,F1,1,,,,,
2026-09-02,2026-09-02,CM,NSE,STK,19220,INE0JWS01017,VALIANTLAB,BE,,,,,VALIANT LABORATORIES LTD,92.58,96.13,92.58,96.13,96.13,91.56,,96.13,,,296583,28421518.94,393,F1,1,,,,,
2026-09-02,2026-09-02,CM,NSE,STK,334,INE565V01010,VALIANTORG,BE,,,,,VALIANT ORGANICS LIMITED,288.20,301.10,285.00,301.10,301.10,286.80,,301.74,,,58968,17542003.95,425,F1,1,,,,,
2026-09-02,2026-09-02,CM,NSE,STK,18124,INE879I01012,DBREALTY,EQ,,,,,VALOR ESTATE LIMITED,103.00,103.35,101.00,102.81,102.62,102.90,,102.81,,,752185,76826426.32,5409,F1,1,,,,,
2026-09-02,2026-09-02,CM,NSE,STK,763304,INE1E7Y01018,VALUE360,SM,,,,,VALUE 360 COMMUNICATION L,74.90,74.90,74.90,74.90,74.90,70.00,,74.90,,,1200,89880.00,1,F1,1200,,,,,
2026-09-02,2026-09-02,CM,NSE,STK,13403,INE116G01013,VARDHACRLC,BE,,,,,VARDHAMAN ACRYLICS LTD,43.10,43.63,42.70,42.70,43.08,43.22,,42.70,,,12692,545654.21,108,F1,1,,,,,
2026-09-02,2026-09-02,CM,NSE,STK,11892,INE701A01023,VHL,EQ,,,,,VARDHMAN HOLDINGS LIMITED,3568.40,3613.70,3500.10,3570.40,3526.10,3568.40,,3570.40,,,748,2664238.50,157,F1,1,,,,,
2026-09-02,2026-09-02,CM,NSE,STK,3646,INE835A01029,VARDMNPOLY,EQ,,,,,VARDHMAN POLYTEX LTD.,5.93,6.05,5.90,5.98,5.99,5.99,,5.98,,,64616,384802.93,360,F1,1,,,,,
2026-09-02,2026-09-02,CM,NSE,STK,27067,INE050M01012,VSSL,EQ,,,,,VARDHMAN SPC STEEL LTD,354.85,369.90,345.55,362.10,363.95,354.85,,362.08,,,106991,38134470.90,3802,F1,1,,,,,
2026-09-02,2026-09-02,CM,NSE,STK,2073,INE825A01020,VTL,EQ,,,,,VARDHMAN TEXTILES LIMITED,598.00,602.90,584.25,587.45,587.75,602.30,,587.45,,,990696,583418652.40,25694,F1,1,,,,,
2026-09-02,2026-09-02,CM,NSE,STK,3857,INE665L01035,VARROC,EQ,,,,,VARROC ENGINEERING LTD.,865.80,865.80,812.25,824.40,823.00,877.00,,824.40,,,535517,445117285.45,26595,F1,1,,,,,
2026-09-02,2026-09-02,CM,NSE,STK,18921,INE200M01039,VBL,EQ,,,,,VARUN BEVERAGES LIMITED,400.60,416.95,400.50,415.00,415.00,405.85,,415.00,,,7804640,3215699604.55,79950,F1,1,,,,,
2026-09-02,2026-09-02,CM,NSE,STK,13771,INE273D01027,VGL,EQ,,,,,VARVEE GLOBAL LIMITED,57.50,58.58,56.05,57.12,56.71,57.02,,57.01,,,7793,448137.16,189,F1,1,,,,,
2026-09-02,2026-09-02,CM,NSE,STK,16454,INE0N5801013,DENTALKART,SM,,,,,VASA DENTICITY LIMITED,394.05,405.00,394.05,399.05,399.05,397.75,,399.05,,,2250,901237.50,9,F1,250,,,,,
2026-09-02,2026-09-02,CM,NSE,STK,18110,INE893I01013,VASCONEQ,EQ,,,,,VASCON ENGINEERS LTD,30.50,30.70,29.93,30.11,30.01,30.52,,30.11,,,251078,7579423.30,1008,F1,1,,,,,
2026-09-02,2026-09-02,CM,NSE,STK,25340,INE590L01019,VASWANI,EQ,,,,,VASWANI IND LTD,48.70,49.46,47.20,47.82,48.24,49.13,,47.81,,,10414,501093.52,195,F1,1,,,,,
2026-09-02,2026-09-02,CM,NSE,STK,9027,INE098201036,VCL,BE,,,,,VAXTEX COTFAB LIMITED,1.82,1.83,1.74,1.74,1.74,1.83,,1.74,,,706068,1259351.30,225,F1,1,,,,,
2026-09-02,2026-09-02,CM,NSE,STK,757413,INE04HY07294,1025VCCL28,N0,,,,,VCCL 10.25% 2028,96500.00,96500.00,94000.00,94000.00,94000.00,96500.00,,94000.00,,,3,286000.00,3,F1,1,,,,,
2026-09-02,2026-09-02,CM,NSE,STK,760558,INE04HY08011,125VCCL31,N0,,,,,VCCL 12.5% 2031,96515.00,97511.00,96511.00,97511.00,97511.00,97500.00,,97511.00,,,6,580070.00,4,F1,1,,,,,
2026-09-02,2026-09-02,CM,NSE,STK,25054,INE0U2M01015,VDEAL,SM,,,,,VDEAL SYSTEM LIMITED,166.95,166.95,153.00,160.00,160.00,162.80,,160.00,,,3600,571230.00,6,F1,600,,,,,
2026-09-02,2026-09-02,CM,NSE,STK,8167,INE825V01034,MANYAVAR,EQ,,,,,VEDANT FASHIONS LIMITED,546.85,550.45,537.20,544.10,545.00,546.85,,544.04,,,222703,121566922.00,12146,F1,1,,,,,
2026-09-02,2026-09-02,CM,NSE,STK,750174,INE1CDF01017,VAML,EQ,,,,,VEDANTA ALUMINIUM METAL L,433.35,438.70,428.30,437.10,437.20,434.65,,437.09,,,6114791,2655918221.20,91863,F1,1,,,,,
2026-09-02,2026-09-02,CM,NSE,STK,750290,INE1CLE01013,VISL,EQ,,,,,VEDANTA IRON AND STEEL L,35.49,37.25,35.01,37.15,37.25,35.48,,37.15,,,31066046,1132236215.26,42331,F1,1,,,,,
2026-09-02,2026-09-02,CM,NSE,STK,3063,INE205A01025,VEDL,EQ,,,,,VEDANTA LIMITED,272.00,272.00,267.75,270.70,270.70,274.00,,270.68,,,7580567,2042023080.00,90506,F1,1,,,,,
2026-09-02,2026-09-02,CM,NSE,STK,750368,INE704J01044,VOGL,EQ,,,,,VEDANTA OIL AND GAS LTD,37.80,39.06,37.46,38.57,38.53,37.78,,38.58,,,33253547,1275745742.43,49595,F1,1,,,,,
2026-09-02,2026-09-02,CM,NSE,STK,750518,INE694L01019,VEDPOWER,EQ,,,,,VEDANTA POWER LIMITED,34.75,35.07,34.22,34.72,34.87,34.83,,34.72,,,9127321,315634423.16,33022,F1,1,,,,,
2026-09-02,2026-09-02,CM,NSE,STK,764980,INE359B01010,VEDAVAAG,EQ,,,,,VEDAVAAG SYSTEMS LTD.,18.50,18.86,18.01,18.28,18.47,18.32,,18.32,,,12389,227969.92,70,F1,1,,,,,
2026-09-02,2026-09-02,CM,NSE,STK,14019,INE484C01030,VEEDOL,EQ,,,,,VEEDOL CORPORATION LTD,1489.80,1496.80,1465.10,1473.70,1475.00,1489.80,,1473.77,,,7185,10628354.60,1382,F1,1,,,,,
2026-09-02,2026-09-02,CM,NSE,STK,10710,INE0KTW01013,VEEKAYEM,SM,,,,,VEEKAYEM FASH & APP LTD,110.00,110.55,110.00,110.35,110.55,105.80,,110.35,,,4500,496525.00,8,F1,500,,,,,
2026-09-02,2026-09-02,CM,NSE,STK,762969,INE232E01013,VELJAN,BE,,,,,VELJAN DENISON LTD.,1824.60,1835.00,1781.00,1803.10,1803.10,1801.00,,1803.10,,,447,814572.70,51,F1,1,,,,,
2026-09-02,2026-09-02,CM,NSE,STK,3757,INE398A01010,VENKEYS,EQ,,,,,VENKY S (INDIA) LIMITED,1654.00,1682.00,1640.10,1659.00,1662.00,1649.00,,1658.96,,,70557,116947917.80,6819,F1,1,,,,,
2026-09-02,2026-09-02,CM,NSE,STK,28847,INE781S01027,VENTIVE,EQ,,,,,VENTIVE HOSPITALITY LTD,595.00,595.00,575.00,578.80,583.00,593.30,,578.83,,,17395,10105182.40,1697,F1,1,,,,,
2026-09-02,2026-09-02,CM,NSE,STK,9592,INE0JA001018,VENUSPIPES,EQ,,,,,VENUS PIPES & TUBES LTD,1601.10,1650.90,1580.00,1605.00,1601.70,1606.70,,1605.04,,,100592,162641729.40,10012,F1,1,,,,,
2026-09-02,2026-09-02,CM,NSE,STK,13856,INE411B01019,VENUSREM,BE,,,,,VENUS REMEDIES LIMITED,1600.90,1650.00,1571.10,1620.90,1634.60,1600.90,,1621.16,,,25245,40838995.10,1124,F1,1,,,,,
2026-09-02,2026-09-02,CM,NSE,STK,8890,INE0IQ001011,VERANDA,EQ,,,,,VERANDA LEARNING SOL LTD,241.00,248.60,239.10,243.92,243.25,242.94,,243.90,,,247127,60454689.28,2711,F1,1,,,,,
2026-09-02,2026-09-02,CM,NSE,STK,10757,INE0KXY23015,VERTIS,IV,,,,,VERTIS INFRASTRUCTURE TST,115.25,115.25,115.25,115.25,115.25,115.25,,115.25,,,175000,20168750.00,1,F1,25000,,,,,
2026-09-02,2026-09-02,CM,NSE,STK,18863,INE188Y01031,VERTOZ,EQ,,,,,VERTOZ LIMITED,36.60,38.95,36.60,38.59,38.61,37.72,,38.59,,,49065,1888274.67,408,F1,1,,,,,
2026-09-02,2026-09-02,CM,NSE,STK,3676,INE386A01023,VESUVIUS,EQ,,,,,VESUVIUS INDIA LTD,416.05,416.70,411.25,412.90,412.75,416.05,,412.90,,,31174,12894139.45,2628,F1,1,,,,,
2026-09-02,2026-09-02,CM,NSE,STK,8660,INE918N01018,VETO,BE,,,,,VETO SWITCHGEAR CABLE LTD,127.99,127.99,123.30,126.02,126.70,126.05,,126.07,,,13200,1660672.95,124,F1,1,,,,,
2026-09-02,2026-09-02,CM,NSE,STK,14316,INE0MO401019,VIAZ,SM,,,,,VIAZ TYRES LIMITED,70.00,73.00,70.00,70.10,70.10,70.00,,70.10,,,6000,426200.00,3,F1,2000,,,,,
2026-09-02,2026-09-02,CM,NSE,STK,22730,INE0QTF01015,VSTL,EQ,,,,,VIBHOR STEEL TUBES LTD,111.83,114.10,109.00,113.76,114.10,111.83,,113.76,,,20067,2275993.47,351,F1,1,,,,,
2026-09-02,2026-09-02,CM,NSE,STK,765252,INE761Q01015,VGCL,EQ,,,,,VIBRANT GLOBAL CAPITAL L,54.98,57.71,52.27,53.59,53.40,54.99,,52.94,,,9221,494926.45,51,F1,1,,,,,
2026-09-02,2026-09-02,CM,NSE,STK,23386,INE048C01025,VHLTD,BE,,,,,VICEROY HOTELS LIMITED,116.57,117.41,114.80,115.25,115.20,115.42,,115.37,,,13990,1614699.27,58,F1,1,,,,,
2026-09-02,2026-09-02,CM,NSE,STK,760691,INE0F8901022,VICTORYEV,SM,,,,,VICTORY ELEC VEHICL INT L,15.50,15.50,15.00,15.15,15.15,15.70,,15.15,,,18000,274950.00,6,F1,3000,,,,,
2026-09-02,2026-09-02,CM,NSE,STK,13536,INE632C01026,VIDHIING,EQ,,,,,VIDHI SPCLTY F INGRDNTS L,350.10,350.10,342.00,342.90,343.00,354.35,,342.90,,,13344,4597548.65,528,F1,1,,,,,
2026-09-02,2026-09-02,CM,NSE,STK,760224,INE14UN01029,VIDYAWIRES,EQ,,,,,VIDYA WIRES LIMITED,91.10,91.27,88.01,88.51,88.69,91.24,,88.50,,,724958,64698852.02,6901,F1,1,,,,,
2026-09-02,2026-09-02,CM,NSE,STK,758908,INE1DM601016,VIGOR,ST,,,,,VIGOR PLAST INDIA LIMITED,98.05,99.00,95.30,96.50,96.00,100.00,,96.50,,,57600,5622720.00,24,F1,1600,,,,,
2026-09-02,2026-09-02,CM,NSE,STK,764985,INE362D01010,VIJSOLX,EQ,,,,,VIJAY SOLVEX LTD.,677.90,690.00,677.90,689.00,688.00,676.70,,689.00,,,74,50286.70,11,F1,1,,,,,
2026-09-02,2026-09-02,CM,NSE,STK,5585,INE043W01024,VIJAYA,EQ,,,,,VIJAYA DIAGNOSTIC CEN LTD,1499.00,1530.00,1475.00,1481.10,1480.20,1499.00,,1481.09,,,146439,219449894.40,16502,F1,1,,,,,
2026-09-02,2026-09-02,CM,NSE,STK,760121,INE0WL901019,VIJAYPD,SM,,,,,VIJAYPD CEUTICAL LIMITED,71.00,71.00,66.00,69.00,69.00,68.00,,69.00,,,18000,1234800.00,9,F1,2000,,,,,
2026-09-02,2026-09-02,CM,NSE,STK,17695,INE159N01027,VIJIFIN,BE,,,,,VIJI FINANCE LIMITED,15.95,15.95,15.95,15.95,15.95,15.64,,16.06,,,28993,462438.35,41,F1,1,,,,,
2026-09-02,2026-09-02,CM,NSE,STK,25756,INE806A01020,VIKASECO,EQ,,,,,VIKAS ECOTECH LIMITED,1.10,1.10,1.08,1.09,1.09,1.09,,1.09,,,1168495,1274057.08,857,F1,1,,,,,
2026-09-02,2026-09-02,CM,NSE,STK,9931,INE161L01027,VIKASLIFE,EQ,,,,,VIKAS LIFECARE LIMITED,1.25,1.27,1.23,1.26,1.27,1.25,,1.26,,,1995003,2486199.12,8401,F1,1,,,,,
2026-09-02,2026-09-02,CM,NSE,STK,759453,INE078V01014,VIKRAMSOLR,EQ,,,,,VIKRAM SOLAR LIMITED,169.45,170.00,166.64,169.15,168.30,169.67,,169.14,,,1166360,196766709.37,11690,F1,1,,,,,
2026-09-02,2026-09-02,CM,NSE,STK,758973,INE01R501028,VIKRAN,EQ,,,,,VIKRAN ENGINEERING LTD,57.73,57.94,56.80,57.68,57.85,57.84,,57.68,,,594959,34209322.62,3998,F1,1,,,,,
2026-09-02,2026-09-02,CM,NSE,STK,23909,INE0AZY01017,VILAS,SM,,,,,VILAS TRANSCORE LIMITED,354.95,354.95,347.00,349.00,349.50,349.40,,349.00,,,16500,5790087.50,59,F1,250,,,,,
2026-09-02,2026-09-02,CM,NSE,STK,16954,INE0L4V01013,VILINBIO,SM,,,,,VILIN BIO MED LIMITED,46.00,49.25,46.00,49.25,49.25,46.95,,49.25,,,48000,2286000.00,9,F1,4000,,,,,
2026-09-02,2026-09-02,CM,NSE,STK,13101,INE579C01029,VIMTALABS,EQ,,,,,VIMTA LABS LIMITED,666.65,666.65,644.00,655.35,658.70,661.75,,655.33,,,301111,197370794.20,11381,F1,1,,,,,
2026-09-02,2026-09-02,CM,NSE,STK,17364,INE410B01037,VINATIORGA,EQ,,,,,VINATI ORGANICS LTD,1311.00,1325.30,1301.00,1313.80,1309.80,1315.40,,1313.79,,,26348,34482895.70,2933,F1,1,,,,,
2026-09-02,2026-09-02,CM,NSE,STK,3694,INE707A01012,VINDHYATEL,EQ,,,,,VINDHYA TELELINKS LTD,2540.00,2750.00,2540.00,2737.10,2731.00,2576.70,,2737.10,,,192191,518057004.40,20065,F1,1,,,,,
2026-09-02,2026-09-02,CM,NSE,STK,3807,INE505Y01010,VINEETLAB,EQ,,,,,VINEET LABORATORIES LTD,38.95,38.95,36.31,37.57,38.00,37.95,,37.57,,,67674,2553754.32,598,F1,1,,,,,
2026-09-02,2026-09-02,CM,NSE,STK,763821,INE27V201011,VMOBILE,SM,,,,,VINIT MOBILE LIMITED,60.50,60.50,60.50,60.50,60.50,60.50,,60.50,,,4800,290400.00,6,F1,800,,,,,
2026-09-02,2026-09-02,CM,NSE,STK,12490,INE01KI01027,VINNY,EQ,,,,,VINNY OVERSEAS LIMITED,1.04,1.05,1.02,1.03,1.03,1.04,,1.03,,,332495,343861.60,209,F1,1,,,,,
2026-09-02,2026-09-02,CM,NSE,STK,25835,INE498Q01014,VINCOFE,EQ,,,,,VINTAGE COFFEE N BVRGS L,176.80,176.94,172.07,175.56,175.50,176.85,,175.55,,,2162670,377612753.14,40541,F1,1,,,,,
2026-09-02,2026-09-02,CM,NSE,STK,19206,INE0OLS01010,VINYAS,SM,,,,,VINYAS INNOVATIVE TECH L,1570.85,1588.40,1500.35,1537.45,1560.00,1525.70,,1537.45,,,3800,5811720.00,38,F1,100,,,,,
2026-09-02,2026-09-02,CM,NSE,STK,16821,INE250B01029,VINYLINDIA,EQ,,,,,VINYL CHEMICALS (I) LTD.,226.00,229.88,225.00,225.18,226.00,230.21,,225.23,,,5548,1256694.30,452,F1,1,,,,,
2026-09-02,2026-09-02,CM,NSE,STK,14843,INE450G01024,VIPCLOTHNG,EQ,,,,,VIP CLOTHING LIMITED,19.81,20.34,19.80,20.23,20.30,19.97,,20.23,,,57213,1146093.38,104,F1,1,,,,,
2026-09-02,2026-09-02,CM,NSE,STK,3703,INE054A01027,VIPIND,EQ,,,,,VIP INDUSTRIES LTD,302.75,305.50,300.45,304.40,305.00,303.75,,304.40,,,185156,56225159.45,3047,F1,1,,,,,
2026-09-02,2026-09-02,CM,NSE,STK,8437,INE946H01037,VIPULLTD,BE,,,,,VIPUL LIMITED,14.55,14.55,14.55,14.55,14.55,14.84,,14.55,,,1096,15946.80,18,F1,1,,,,,
2026-09-02,2026-09-02,CM,NSE,STK,764990,INE467D01017,VIRAT,EQ,,,,,VIRAT INDUSTRIES LTD.,460.00,460.00,435.00,437.80,437.00,441.65,,438.05,,,2254,994103.75,104,F1,1,,,,,
2026-09-02,2026-09-02,CM,NSE,STK,15295,INE539B01017,VIRINCHI,EQ,,,,,VIRINCHI LIMITED,14.63,16.00,14.00,14.75,14.76,14.53,,14.75,,,148532,2220564.82,483,F1,1,,,,,
2026-09-02,2026-09-02,CM,NSE,STK,757060,INE0VRH01015,VGINFOTECH,SM,,,,,VIRTUAL GALAXY INFOTECH L,145.00,146.50,143.55,144.65,143.55,147.00,,144.65,,,17000,2467000.00,15,F1,1000,,,,,
2026-09-02,2026-09-02,CM,NSE,STK,765215,INE247C01023,VIRTUALG,EQ,,,,,VIRTUAL GLOBAL EDU LTD,0.48,0.49,0.45,0.46,0.47,0.46,,0.46,,,859494,401277.92,228,F1,1,,,,,
2026-09-02,2026-09-02,CM,NSE,STK,761916,INE0I0T01010,VOEPL,EQ,,,,,VIRTUOSO OPTOELECTRONIC L,551.45,564.10,537.00,548.55,551.45,551.45,,548.43,,,65132,35600884.55,2364,F1,1,,,,,
2026-09-02,2026-09-02,CM,NSE,STK,13295,INE286H01012,VISACHROME,EQ,,,,,VISA CHROME LIMITED,40.99,40.99,38.25,38.54,38.35,40.18,,38.54,,,39349,1522722.90,250,F1,1,,,,,
2026-09-02,2026-09-02,CM,NSE,STK,29877,INE370E01029,VIVIDHA,EQ,,,,,VISAGAR POLYTEX LTD,0.51,0.51,0.48,0.50,0.50,0.50,,0.51,,,291889,146556.25,167,F1,1,,,,,
2026-09-02,2026-09-02,CM,NSE,STK,4221,INE392A01021,VISAKAIND,EQ,,,,,VISAKA INDUSTRIES LIMITED,89.01,90.00,87.19,87.84,88.49,89.09,,87.83,,,178763,15755532.90,2961,F1,1,,,,,
2026-09-02,2026-09-02,CM,NSE,STK,24274,INE0BHK01012,VISAMAN,SM,,,,,VISAMAN GLOBAL SALES LTD,67.95,67.95,67.95,67.95,67.95,71.50,,67.95,,,1000,67950.00,1,F1,1000,,,,,
2026-09-02,2026-09-02,CM,NSE,STK,18708,INE0OWX01025,VISDEM,SM,,,,,VISDEM TECHNOSYS LIMITED,93.60,95.45,91.00,94.70,95.45,93.50,,94.70,,,8400,783420.00,7,F1,1200,,,,,
2026-09-02,2026-09-02,CM,NSE,STK,11773,INE755Q01025,VISHAL,EQ,,,,,VISHAL FABRICS LTD.,19.00,19.49,18.86,18.96,18.93,19.15,,18.90,,,29604,563824.03,118,F1,1,,,,,
2026-09-02,2026-09-02,CM,NSE,STK,27969,INE01EA01019,VMM,EQ,,,,,VISHAL MEGA MART LIMITED,106.55,109.49,105.21,108.57,108.57,106.55,,108.60,,,13754007,1488562071.60,71165,F1,1,,,,,
2026-09-02,2026-09-02,CM,NSE,STK,6908,INE270I01022,VISHNU,EQ,,,,,VISHNU CHEMICALS LIMITED,662.65,673.90,655.20,659.55,663.60,661.75,,659.54,,,114032,75691481.05,4842,F1,1,,,,,
2026-09-02,2026-09-02,CM,NSE,STK,18341,INE0AE001013,VPRPL,EQ,,,,,VISHNU PRAKASH R PUNGLI L,32.80,36.00,32.36,35.15,35.22,32.89,,35.15,,,1627741,57228057.02,9898,F1,1,,,,,
2026-09-02,2026-09-02,CM,NSE,STK,19300,INE0PQ001012,VISHNUINFR,SM,,,,,VISHNUSURYA PROJ N INFR L,156.55,161.00,155.10,160.70,161.00,156.35,,160.70,,,6000,955050.00,12,F1,500,,,,,
2026-09-02,2026-09-02,CM,NSE,STK,13702,INE430N01022,VISHWARAJ,EQ,,,,,VISHWARAJ SUGAR IND LTD,5.85,6.04,5.73,5.87,5.85,5.94,,5.87,,,447461,2637814.23,883,F1,1,,,,,
2026-09-02,2026-09-02,CM,NSE,STK,25231,INE0TR001017,VIESL,SM,,,,,VISION INFRA EQUIP SOL L,374.85,379.95,370.00,378.45,379.95,370.60,,378.45,,,39200,14699240.00,47,F1,800,,,,,
2026-09-02,2026-09-02,CM,NSE,STK,761148,INE0L4K01016,VITAL,EQ,,,,,VITAL CHEMTECH LIMITED,52.50,54.75,52.50,54.50,54.50,54.75,,54.50,,,206,11223.85,8,F1,1,,,,,
2026-09-02,2026-09-02,CM,NSE,STK,763637,INE0MEG01014,VIVIANA,BE,,,,,VIVIANA POWER TECH LTD,743.95,754.90,715.00,750.40,747.00,740.55,,750.40,,,17022,12589889.95,420,F1,1,,,,,
2026-09-02,2026-09-02,CM,NSE,STK,761768,INE24H301028,VIVIDEL,SM,,,,,VIVID ELECTROMECH LIMITED,1502.10,1625.00,1502.10,1595.35,1590.00,1520.90,,1595.35,,,55440,87428748.00,222,F1,240,,,,,
2026-09-02,2026-09-02,CM,NSE,STK,11968,INE526G01021,VIVIMEDLAB,BE,,,,,VIVIMED LABS LIMITED,6.67,6.67,6.67,6.67,6.67,6.80,,6.67,,,29304,195457.68,27,F1,1,,,,,
2026-09-02,2026-09-02,CM,NSE,STK,764995,INE380K01017,VIVOBIOT,EQ,,,,,VIVO BIO TECH LTD.,18.98,18.98,17.76,18.21,18.75,18.30,,18.22,,,4252,77529.93,65,F1,1,,,,,
2026-09-02,2026-09-02,CM,NSE,STK,7620,INE0IA701014,VIVO,ST,,,,,VIVO COLLAB SOLUTIONS LTD,157.00,159.00,157.00,159.00,159.00,155.00,,159.00,,,3200,505600.00,2,F1,1600,,,,,
2026-09-02,2026-09-02,CM,NSE,STK,14296,INE807F01027,VIYASH,EQ,,,,,VIYASH SCIENTIFIC LIMITED,260.90,262.65,256.30,259.10,258.15,262.30,,259.10,,,3330249,864645753.70,24519,F1,1,,,,,
2026-09-02,2026-09-02,CM,NSE,STK,18021,INE03HW01020,VLEGOV,BE,,,,,VL E GOV AND IT SOL LTD,10.37,10.69,9.90,10.42,10.56,10.23,,10.42,,,60749,627955.89,225,F1,1,,,,,
2026-09-02,2026-09-02,CM,NSE,STK,3715,INE709A01018,VLSFINANCE,EQ,,,,,VLS FINANCE LTD,244.80,245.00,243.00,244.32,245.00,243.09,,244.32,,,5204,1268198.53,154,F1,1,,,,,
2026-09-02,2026-09-02,CM,NSE,STK,29284,INE665J01013,VMART,EQ,,,,,VMART RETAIL LTD,850.30,853.35,830.35,849.95,845.00,850.30,,849.90,,,35124,29526350.15,3896,F1,1,,,,,
2026-09-02,2026-09-02,CM,NSE,STK,759152,INE0SJA01013,VMSTMT,EQ,,,,,VMS TMT LIMITED,45.45,46.75,44.08,45.57,45.40,45.23,,45.53,,,92983,4233924.13,424,F1,1,,,,,
2026-09-02,2026-09-02,CM,NSE,STK,14366,INE669E01016,IDEA,EQ,,,,,VODAFONE IDEA LIMITED,14.12,14.72,13.93,14.53,14.53,14.06,,14.53,,,527024719,7596762787.77,818860,F1,1,,,,,
2026-09-02,2026-09-02,CM,NSE,STK,765000,INE285C01015,VOITHPAPR,EQ,,,,,VOITH PAPER FABRICS IND L,1421.20,1472.00,1410.00,1466.00,1466.00,1452.90,,1463.77,,,423,606427.60,55,F1,1,,,,,
2026-09-02,2026-09-02,CM,NSE,STK,29658,INE241X01014,VOLERCAR,SM,,,,,VOLER CAR LIMITED,208.00,215.00,203.95,209.50,215.00,210.00,,209.50,,,10400,2140800.00,11,F1,800,,,,,
2026-09-02,2026-09-02,CM,NSE,STK,13577,INE540H01012,VOLTAMP,EQ,,,,,VOLTAMP TRANSFORMERS LTD,10782.00,10846.00,10605.00,10682.00,10651.00,10782.00,,10682.39,,,21874,234576976.00,9237,F1,1,,,,,
2026-09-02,2026-09-02,CM,NSE,STK,3718,INE226A01021,VOLTAS,EQ,,,,,VOLTAS LTD,1199.90,1199.90,1151.00,1152.10,1152.10,1205.00,,1152.07,,,1981487,2304682873.30,72502,F1,1,,,,,
2026-09-02,2026-09-02,CM,NSE,STK,24321,INE0S2V01010,VRAJ,EQ,,,,,VRAJ IRON AND STEEL LTD,126.20,126.20,122.21,122.41,122.50,124.88,,122.44,,,10291,1265658.96,328,F1,1,,,,,
2026-09-02,2026-09-02,CM,NSE,STK,8696,INE366I01010,VRLLOG,EQ,,,,,VRL LOGISTICS LIMITED,299.00,303.70,294.00,299.85,299.50,299.85,,299.86,,,178174,53510950.35,10606,F1,1,,,,,
2026-09-02,2026-09-02,CM,NSE,STK,3724,INE710A01016,VSTIND,EQ,,,,,VST INDUSTRIES LTD,208.00,208.21,206.00,207.59,207.01,208.00,,207.58,,,79441,16443797.32,2676,F1,1,,,,,
2026-09-02,2026-09-02,CM,NSE,STK,24292,INE764D01017,VSTTILLERS,EQ,,,,,VST TILLERS TRACTORS LTD,4155.90,4206.20,4149.00,4164.60,4162.00,4208.50,,4164.75,,,8804,36722707.20,2204,F1,1,,,,,
2026-09-02,2026-09-02,CM,NSE,STK,765005,INE855A01019,WHBRADY,EQ,,,,,W H BRADY & CO. LTD.,497.00,497.00,497.00,497.00,497.00,497.00,,504.95,,,2,994.00,1,F1,1,,,,,
2026-09-02,2026-09-02,CM,NSE,STK,762978,INE765D01022,WPIL,EQ,,,,,W P I L LTD.,436.20,441.95,432.00,440.05,440.00,439.15,,440.05,,,30472,13318742.65,1470,F1,1,,,,,
2026-09-02,2026-09-02,CM,NSE,STK,14828,INE100D01014,WSI,EQ,,,,,W.S.INDUSTRIES (I) LTD.,61.90,61.90,59.50,61.04,59.90,60.98,,61.03,,,15759,958261.64,361,F1,1,,,,,
2026-09-02,2026-09-02,CM,NSE,STK,25907,INE377N01017,WAAREEENER,EQ,,,,,WAAREE ENERGIES LIMITED,2569.50,2617.20,2552.50,2581.10,2581.10,2588.00,,2581.10,,,741486,1918706294.30,42444,F1,1,,,,,
2026-09-02,2026-09-02,CM,NSE,STK,756038,INE299N01021,WAAREERTL,EQ,,,,,WAAREE RENEWABLE TECH LTD,863.05,871.90,847.55,853.25,851.10,863.80,,853.26,,,108714,92653414.70,8773,F1,1,,,,,
2026-09-02,2026-09-02,CM,NSE,STK,760259,INE0E7301029,WAKEFIT,EQ,,,,,WAKEFIT INNOVATIONS LTD,153.66,157.50,150.08,152.47,152.45,152.92,,152.47,,,2880004,443106843.65,29036,F1,1,,,,,
2026-09-02,2026-09-02,CM,NSE,STK,3736,INE711A01022,WALCHANNAG,EQ,,,,,WALCHANDNAGAR INDUSTRIES,208.91,208.91,204.20,206.09,206.00,210.01,,206.03,,,405493,83783065.40,6737,F1,1,,,,,
2026-09-02,2026-09-02,CM,NSE,STK,5013,INE0G2G01015,WALPAR,SM,,,,,WALPAR NUTRITIONS LIMITED,24.70,24.70,24.70,24.70,24.70,26.00,,24.70,,,12000,296400.00,5,F1,2000,,,,,
2026-09-02,2026-09-02,CM,NSE,STK,14063,INE107F01022,WANBURY,EQ,,,,,WANBURY LIMITED,254.00,254.00,243.15,245.00,245.45,254.40,,245.00,,,116224,28718577.55,2598,F1,1,,,,,
2026-09-02,2026-09-02,CM,NSE,STK,765225,INE945P01024,WARDINMOBI,EQ,,,,,WARDWIZARD INNO & MOB L,5.94,5.96,5.60,5.74,5.75,5.89,,5.75,,,460492,2667115.06,1065,F1,1,,,,,
2026-09-02,2026-09-02,CM,NSE,STK,3745,INE054C01015,WATERBASE,EQ,,,,,WATERBASE LTD.,48.02,48.96,47.00,47.31,47.25,48.02,,47.26,,,13651,651610.56,204,F1,1,,,,,
2026-09-02,2026-09-02,CM,NSE,STK,762163,INE0LZF01039,CORDELIA,EQ,,,,,WATERWAYS LEISURE TOUR L,103.80,103.80,100.80,101.89,102.03,103.92,,101.89,,,1054722,107317379.12,6510,F1,1,,,,,
2026-09-02,2026-09-02,CM,NSE,STK,759215,INE0A3007065,1075WCA28,N0,,,,,WCAPL 10.75% 2028,9500.00,9627.20,9452.50,9627.20,9627.20,9500.00,,9627.20,,,40,381641.50,9,F1,1,,,,,
2026-09-02,2026-09-02,CM,NSE,STK,9862,INE082W01014,WEWIN,EQ,,,,,WE WIN LIMITED,43.85,43.99,42.60,42.76,43.50,43.90,,43.19,,,1077,46394.50,37,F1,1,,,,,
2026-09-02,2026-09-02,CM,NSE,STK,760482,INF2F0001370,TWCGOLDETF,EQ,,,,,WEALTH - TWCGOLDETF,150.99,154.77,148.17,149.01,154.77,151.00,,149.01,,,3571,532240.76,148,F1,1,,,,,
2026-09-02,2026-09-02,CM,NSE,STK,1923,INE658T01017,WEALTH,EQ,,,,,WEALTH FRST PORT. MG. LTD,853.00,853.00,828.75,846.60,847.95,854.20,,846.60,,,2362,1995232.55,248,F1,1,,,,,
2026-09-02,2026-09-02,CM,NSE,STK,14602,INE855C01023,WEBELSOLAR,EQ,,,,,WEBSOL ENERGY SYSTEM LTD,73.70,75.90,73.08,73.86,74.40,74.50,,73.86,,,3031926,225403042.07,17003,F1,1,,,,,
2026-09-02,2026-09-02,CM,NSE,STK,3748,INE080A01014,WEIZMANIND,EQ,,,,,WEIZMANN LTD,75.00,75.00,74.00,74.78,74.88,74.90,,74.78,,,153,11455.50,13,F1,1,,,,,
2026-09-02,2026-09-02,CM,NSE,STK,11821,INE191B01025,WELCORP,EQ,,,,,WELSPUN CORP LIMITED,2561.60,2592.00,2510.00,2523.50,2524.00,2553.60,,2523.46,,,2258642,5753122863.70,103967,F1,1,,,,,
2026-09-02,2026-09-02,CM,NSE,STK,11626,INE625G01013,WELENT,EQ,,,,,WELSPUN ENTERPRISES LTD.,707.50,745.00,698.15,741.70,744.00,705.55,,741.69,,,1021703,744739618.10,30576,F1,1,,,,,
2026-09-02,2026-09-02,CM,NSE,STK,19804,INE389K01018,WELINV,BE,,,,,WELSPUN INV & COMM LTD,2213.00,2213.00,2140.00,2145.10,2145.10,2170.10,,2145.10,,,459,1009265.10,24,F1,1,,,,,
2026-09-02,2026-09-02,CM,NSE,STK,11253,INE192B01031,WELSPUNLIV,EQ,,,,,WELSPUN LIVING LIMITED,199.00,200.96,195.60,200.01,199.90,198.41,,200.01,,,3448721,686579657.43,31162,F1,1,,,,,
2026-09-02,2026-09-02,CM,NSE,STK,762971,INE731F01037,WELSPLSOL,EQ,,,,,WELSPUN SPECIALTY SOL L,50.93,53.59,50.70,53.22,53.00,50.83,,53.19,,,612747,32132562.74,3891,F1,1,,,,,
2026-09-02,2026-09-02,CM,NSE,STK,4235,INE274C01019,WENDT,EQ,,,,,WENDT (INDIA) LIMITED,8100.00,8100.00,7970.50,7991.50,8000.00,8105.00,,7991.51,,,4494,36037270.00,1285,F1,1,,,,,
2026-09-02,2026-09-02,CM,NSE,STK,3799,INE976A01021,WSTCSTPAPR,EQ,,,,,WEST COAST PAPER MILLS LT,651.45,651.45,622.75,629.05,631.60,653.60,,629.01,,,309218,195352154.95,13052,F1,1,,,,,
2026-09-02,2026-09-02,CM,NSE,STK,25403,INE0CJF01024,WCIL,EQ,,,,,WESTERN CARRIERS (IND) L,85.79,85.79,84.03,84.28,84.03,84.90,,84.29,,,57609,4874985.90,1383,F1,1,,,,,
2026-09-02,2026-09-02,CM,NSE,STK,11580,INE274F01020,WESTLIFE,EQ,,,,,WESTLIFE FOODWORLD LTD,549.50,552.00,541.40,547.55,550.00,553.90,,547.54,,,28617,15627569.60,2837,F1,1,,,,,
2026-09-02,2026-09-02,CM,NSE,STK,759434,INE085001019,WEWORK,EQ,,,,,WEWORK INDIA MANAGEMENT L,673.55,673.55,658.05,661.10,659.00,675.65,,661.09,,,65155,43309777.35,4854,F1,1,,,,,
2026-09-02,2026-09-02,CM,NSE,STK,3766,INE715A01015,WHEELS,EQ,,,,,WHEELS INDIA LTD,1541.80,1564.90,1523.10,1544.30,1540.00,1541.80,,1544.29,,,100218,154758193.00,7511,F1,1,,,,,
2026-09-02,2026-09-02,CM,NSE,STK,18011,INE716A01013,WHIRLPOOL,EQ,,,,,WHIRLPOOL OF INDIA LTD,794.00,807.50,787.45,800.20,802.85,801.15,,800.19,,,163297,130485607.55,17216,F1,1,,,,,
2026-09-02,2026-09-02,CM,NSE,STK,3772,INE210A01017,WILLAMAGOR,EQ,,,,,WILLIAMSON MAGOR,24.70,24.70,24.05,24.69,24.69,23.74,,24.02,,,705,17207.05,18,F1,1,,,,,
2026-09-02,2026-09-02,CM,NSE,STK,5366,INE0H5O01029,WINDLAS,EQ,,,,,WINDLAS BIOTECH LIMITED,1017.80,1110.00,1003.05,1096.60,1100.05,1008.35,,1096.54,,,1564975,1694732741.00,67874,F1,1,,,,,
2026-09-02,2026-09-02,CM,NSE,STK,24969,INE052A01021,WINDMACHIN,EQ,,,,,WINDSOR MACHINES LIMITED,304.40,309.00,303.10,305.05,303.15,307.50,,304.91,,,24441,7480863.00,752,F1,1,,,,,
2026-09-02,2026-09-02,CM,NSE,STK,23714,INE0S3D01016,WINSOL,SM,,,,,WINSOL ENGINEERS LIMITED,115.00,115.00,115.00,115.00,115.00,115.10,,115.00,,,400,46000.00,1,F1,400,,,,,
2026-09-02,2026-09-02,CM,NSE,STK,3787,INE075A01022,WIPRO,EQ,,,,,WIPRO LTD,180.00,180.39,176.80,177.09,177.09,181.70,,177.09,,,12056634,2144279105.16,101352,F1,1,,,,,
2026-09-02,2026-09-02,CM,NSE,STK,22725,INE623Y01011,WTICAB,SM,,,,,WISE TRAVEL INDIA LIMITED,102.00,107.90,101.50,107.00,107.00,109.20,,107.00,,,88000,9309600.00,78,F1,500,,,,,
2026-09-02,2026-09-02,CM,NSE,STK,7506,INE049B01025,WOCKPHARMA,EQ,,,,,WOCKHARDT LIMITED,1846.20,1911.00,1838.00,1904.30,1902.00,1850.60,,1904.33,,,684958,1282248757.10,34385,F1,1,,,,,
2026-09-02,2026-09-02,CM,NSE,STK,25602,INE0OO201011,WOL3D,SM,,,,,WOL 3D INDIA LIMITED,130.55,130.55,130.00,130.00,130.00,136.80,,130.00,,,19000,2471400.00,19,F1,1000,,,,,
2026-09-02,2026-09-02,CM,NSE,STK,19632,INE0Q9601016,WOMANCART,ST,,,,,WOMANCART LIMITED,108.05,111.50,105.95,108.50,108.50,109.40,,108.50,,,7200,782900.00,18,F1,400,,,,,
2026-09-02,2026-09-02,CM,NSE,STK,7835,INE02WG01024,WEL,EQ,,,,,WONDER ELECTRICALS LTD,78.48,83.21,75.11,75.98,76.00,80.84,,75.99,,,5897220,459464389.25,33658,F1,1,,,,,
2026-09-02,2026-09-02,CM,NSE,STK,3002,INE066O01014,WONDERLA,EQ,,,,,WONDERLA HOLIDAYS LTD.,543.95,543.95,524.75,529.55,536.00,536.25,,529.55,,,66709,35475762.65,3471,F1,1,,,,,
2026-09-02,2026-09-02,CM,NSE,STK,22277,INE196Y01018,WORTHPERI,EQ,,,,,WORTH PERIPHERALS LIMITED,153.00,157.43,151.16,155.55,155.50,154.50,,155.55,,,3491,541751.70,155,F1,1,,,,,
2026-09-02,2026-09-02,CM,NSE,STK,11705,INE692G01013,XCHANGING,EQ,,,,,XCHANGING SOLUTIONS LTD,60.35,60.97,60.00,60.84,60.97,60.31,,60.84,,,44176,2679603.84,510,F1,1,,,,,
2026-09-02,2026-09-02,CM,NSE,STK,8477,INE01P501012,XELPMOC,EQ,,,,,XELPMOC DESIGN & TECH LTD,78.50,80.96,78.50,80.62,80.50,79.34,,80.62,,,3321,266503.74,95,F1,1,,,,,
2026-09-02,2026-09-02,CM,NSE,STK,11407,INE445C01015,XPROINDIA,EQ,,,,,XPRO INDIA LIMITED,1134.00,1330.20,1110.00,1285.60,1278.00,1135.80,,1285.63,,,1517669,1940195742.10,76454,F1,1,,,,,
2026-09-02,2026-09-02,CM,NSE,STK,25235,INE547B01028,XTGLOBAL,EQ,,,,,XTGLOBAL INFOTECH LIMITED,30.99,30.99,29.50,29.73,29.70,30.74,,29.74,,,37394,1118654.82,495,F1,1,,,,,
2026-09-02,2026-09-02,CM,NSE,STK,764312,INE0NG701011,XTRANET,EQ,,,,,XTRANET TECHNOLOGIES LTD,186.30,207.41,184.81,193.68,193.00,187.34,,193.71,,,3941896,782863030.90,54534,F1,1,,,,,
2026-09-02,2026-09-02,CM,NSE,STK,760870,INE0U0J01015,YAAP,SM,,,,,YAAP DIGITAL LIMITED,122.00,124.80,122.00,124.00,124.00,120.00,,124.00,,,10000,1234100.00,9,F1,1000,,,,,
2026-09-02,2026-09-02,CM,NSE,STK,23451,INE0TO601017,YASHOPTICS,SM,,,,,YASH OPTICS & LENS LTD,121.10,121.10,121.10,121.10,121.10,123.20,,121.10,,,800,96880.00,1,F1,800,,,,,
2026-09-02,2026-09-02,CM,NSE,STK,18131,INE616Z01012,YASHO,EQ,,,,,YASHO INDUSTRIES LIMITED,4265.00,4265.00,4102.00,4129.50,4130.00,4269.80,,4129.87,,,20753,86369357.30,5242,F1,1,,,,,
2026-09-02,2026-09-02,CM,NSE,STK,17738,INE0JO301016,YATHARTH,EQ,,,,,YATHARTH HOSP & TRA C S L,971.00,991.80,962.20,966.50,966.40,974.80,,966.50,,,242009,235910616.20,13530,F1,1,,,,,
2026-09-02,2026-09-02,CM,NSE,STK,18760,INE0JR601024,YATRA,EQ,,,,,YATRA ONLINE LIMITED,113.00,115.14,110.41,114.15,114.30,113.89,,114.15,,,2681062,304335547.93,19286,F1,1,,,,,
2026-09-02,2026-09-02,CM,NSE,STK,11915,INE528G01035,YESBANK,EQ,,,,,YES BANK LIMITED,22.00,22.15,21.82,22.15,22.15,22.10,,22.15,,,44781892,983985896.15,67910,F1,1,,,,,
2026-09-02,2026-09-02,CM,NSE,STK,765010,INE290E01011,YOGI,EQ,,,,,YOGI LTD.,163.90,163.90,155.00,155.05,155.05,162.95,,155.05,,,622,97743.75,13,F1,1,,,,,
2026-09-02,2026-09-02,CM,NSE,STK,18040,INE09FA01019,YUDIZ,SM,,,,,YUDIZ SOLUTIONS LIMITED,24.50,24.70,24.50,24.70,24.70,24.65,,24.70,,,5600,137960.00,5,F1,800,,,,,
2026-09-02,2026-09-02,CM,NSE,STK,5501,INE384C01016,YUKEN,EQ,,,,,YUKEN INDIA LIMITED,975.00,990.00,951.05,967.25,968.00,972.05,,967.25,,,12576,12256400.75,800,F1,1,,,,,
2026-09-02,2026-09-02,CM,NSE,STK,4229,INE116C01012,ZFSTEERING,EQ,,,,,Z F STEERING GEAR (I) LTD,668.00,671.90,666.00,667.10,669.75,665.90,,667.10,,,1632,1090268.45,118,F1,1,,,,,
2026-09-02,2026-09-02,CM,NSE,STK,23976,INE0ISZ01012,ZTECH,SM,,,,,Z-TECH (INDIA) LIMITED,490.05,503.00,489.95,503.00,503.00,490.05,,503.00,,,6300,3121605.00,20,F1,300,,,,,
2026-09-02,2026-09-02,CM,NSE,STK,18608,INE07K301024,ZAGGLE,EQ,,,,,ZAGGLE PREPA OCEAN SER L,184.05,185.10,180.65,184.33,185.00,184.42,,184.33,,,846978,154625603.26,9419,F1,1,,,,,
2026-09-02,2026-09-02,CM,NSE,STK,17766,INE0PPS01018,ZEAL,SM,,,,,ZEAL GLOBAL SERVICES LTD,62.50,62.50,61.50,61.50,61.50,62.50,,61.50,,,1200,74400.00,2,F1,600,,,,,
2026-09-02,2026-09-02,CM,NSE,STK,3812,INE256A01028,ZEEL,EQ,,,,,ZEE ENTERTAINMENT ENT LTD,92.85,93.34,90.20,90.57,90.60,93.41,,90.57,,,18542223,1697332763.43,62501,F1,1,,,,,
2026-09-02,2026-09-02,CM,NSE,STK,20856,INE565L01011,ZEELEARN,BE,,,,,ZEE LEARN LIMITED,7.21,7.49,7.21,7.36,7.35,7.42,,7.35,,,238149,1753343.69,340,F1,1,,,,,
2026-09-02,2026-09-02,CM,NSE,STK,14003,INE966H01019,ZEEMEDIA,EQ,,,,,ZEE MEDIA CORPORATION LTD,8.25,8.60,8.05,8.23,8.27,8.28,,8.22,,,2384037,19437983.79,2212,F1,1,,,,,
2026-09-02,2026-09-02,CM,NSE,STK,7508,INE251B01027,ZENTEC,EQ,,,,,ZEN TECHNOLOGIES LIMITED,1776.90,1842.40,1749.10,1829.10,1835.10,1780.70,,1829.17,,,433929,783087826.20,30314,F1,1,,,,,
2026-09-02,2026-09-02,CM,NSE,STK,22803,INE0QWN01013,ZENITHDRUG,SM,,,,,ZENITH DRUGS LIMITED,41.00,41.95,40.00,40.00,40.00,41.40,,40.00,,,4800,194760.00,6,F1,800,,,,,
2026-09-02,2026-09-02,CM,NSE,STK,4176,INE058B01018,ZENITHEXPO,EQ,,,,,ZENITH EXPORTS LTD,204.00,207.99,204.00,204.07,204.00,214.00,,203.01,,,854,174691.53,22,F1,1,,,,,
2026-09-02,2026-09-02,CM,NSE,STK,14562,INE318D01020,ZENITHSTL,EQ,,,,,ZENITH STEEL PIP IND LTD,5.35,5.38,5.22,5.29,5.30,5.30,,5.30,,,51372,271191.95,188,F1,1,,,,,
2026-09-02,2026-09-02,CM,NSE,STK,1076,INE520A01027,ZENSARTECH,EQ,,,,,ZENSAR TECHNOLOGIES  LTD,469.95,470.15,460.00,460.55,461.90,472.95,,460.53,,,470784,218255316.00,15270,F1,1,,,,,
2026-09-02,2026-09-02,CM,NSE,STK,22901,INF0R8F01042,GOLDCASE,EQ,,,,,ZERODHAAMC - GOLDCASE,23.69,23.69,23.38,23.51,23.52,23.86,,23.51,,,15798999,372049664.23,15047,F1,1,,,,,
2026-09-02,2026-09-02,CM,NSE,STK,21750,INF0R8F01034,LIQUIDCASE,EQ,,,,,ZERODHAAMC - LIQUIDCASE,115.75,115.75,115.73,115.74,115.74,115.73,,115.74,,,16635993,1925495007.30,14052,F1,1,,,,,
2026-09-02,2026-09-02,CM,NSE,STK,758705,INF0R8F01133,LTGILTCASE,EQ,,,,,ZERODHAAMC - LTGILTCASE,31.02,31.02,29.80,30.36,30.36,30.41,,30.36,,,113673,3451891.97,266,F1,1,,,,,
2026-09-02,2026-09-02,CM,NSE,STK,24077,INF0R8F01059,MID150CASE,EQ,,,,,ZERODHAAMC - MID150CASE,11.76,11.76,11.50,11.63,11.68,11.70,,11.63,,,1687555,19588694.92,4121,F1,1,,,,,
2026-09-02,2026-09-02,CM,NSE,STK,759302,INF0R8F01166,NIFTYCASE,EQ,,,,,ZERODHAAMC - NIFTYCASE,9.89,9.89,9.57,9.61,9.60,9.65,,9.61,,,905524,8691136.72,1970,F1,1,,,,,
2026-09-02,2026-09-02,CM,NSE,STK,30274,INF0R8F01091,SILVERCASE,EQ,,,,,ZERODHAAMC - SILVERCASE,23.50,23.50,22.65,22.83,22.84,22.93,,22.83,,,7130133,163044358.62,8516,F1,1,,,,,
2026-09-02,2026-09-02,CM,NSE,STK,758955,INF0R8F01141,SML100CASE,EQ,,,,,ZERODHAAMC - SML100CASE,11.53,11.53,11.16,11.24,11.28,11.30,,11.24,,,1173683,13173880.22,1982,F1,1,,,,,
2026-09-02,2026-09-02,CM,NSE,STK,24081,INF0R8F01067,TOP100CASE,EQ,,,,,ZERODHAAMC - TOP100CASE,10.50,10.55,10.46,10.51,10.54,10.55,,10.51,,,1011728,10620216.99,1376,F1,1,,,,,
2026-09-02,2026-09-02,CM,NSE,STK,16915,INE342J01019,ZFCVINDIA,EQ,,,,,ZF COM VE CTR SYS IND LTD,2544.00,2585.00,2503.00,2572.20,2575.00,2547.80,,2572.19,,,86753,221663280.80,15403,F1,1,,,,,
2026-09-02,2026-09-02,CM,NSE,STK,12384,INE518E01015,ZIMLAB,EQ,,,,,ZIM LABORATORIES LIMITED,117.94,136.90,116.30,133.95,132.70,117.94,,133.92,,,680389,89365425.28,8053,F1,1,,,,,
2026-09-02,2026-09-02,CM,NSE,STK,3821,INE206B01013,ZODIACLOTH,EQ,,,,,ZODIAC CLOTHING CO. LTD.,72.43,73.00,72.22,72.49,72.50,73.04,,72.48,,,1913,138729.86,65,F1,1,,,,,
2026-09-02,2026-09-02,CM,NSE,STK,7129,INE761Y01019,ZODIAC,EQ,,,,,ZODIAC ENERGY LIMITED,240.02,245.47,236.41,240.30,238.00,239.89,,240.27,,,4540,1091078.31,337,F1,1,,,,,
2026-09-02,2026-09-02,CM,NSE,STK,11394,INE358U01012,ZOTA,EQ,,,,,ZOTA HEALTH CARE LIMITED,1028.00,1085.00,1022.00,1078.00,1085.00,1028.10,,1078.00,,,86014,90698881.60,4080,F1,1,,,,,
2026-09-02,2026-09-02,CM,NSE,STK,29050,INE840M01016,ZUARI,EQ,,,,,ZUARI AGRO CHEMICALS LTD,226.01,226.95,222.30,222.86,223.40,231.42,,222.87,,,151094,33797851.72,4452,F1,1,,,,,
2026-09-02,2026-09-02,CM,NSE,STK,3827,INE217A01012,ZUARIIND,EQ,,,,,ZUARI INDUSTRIES LIMITED,269.15,274.45,268.00,270.80,271.00,269.60,,270.80,,,42621,11529417.45,1870,F1,1,,,,,
2026-09-02,2026-09-02,CM,NSE,STK,7929,INE010B01027,ZYDUSLIFE,EQ,,,,,ZYDUS LIFESCIENCES LTD,1168.40,1173.90,1147.00,1154.20,1154.20,1167.80,,1154.20,,,1377441,1588872984.90,36804,F1,1,,,,,
2026-09-02,2026-09-02,CM,NSE,STK,17635,INE768C01028,ZYDUSWELL,EQ,,,,,ZYDUS WELLNESS LIMITED,525.00,539.10,523.80,534.60,538.90,528.80,,534.81,,,179000,95059963.55,16259,F1,1,,,,,
