TradDt,BizDt,Sgmt,Src,FinInstrmTp,FinInstrmId,ISIN,TckrSymb,SctySrs,XpryDt,FininstrmActlXpryDt,StrkPric,OptnTp,FinInstrmNm,OpnPric,HghPric,LwPric,ClsPric,LastPric,PrvsClsgPric,UndrlygPric,SttlmPric,OpnIntrst,ChngInOpnIntrst,TtlTradgVol,TtlTrfVal,TtlNbOfTxsExctd,SsnId,NewBrdLotQty,Rmks,Rsvd1,Rsvd2,Rsvd3,Rsvd4
2026-08-27,2026-08-27,CM,NSE,STK,19078,IN0020200104,SGBJUN28,GB,,,,,2.5%GOLDBONDS2028SR-III,15706.00,15706.00,15555.00,15638.46,15670.00,15946.89,,15638.46,,,55,859542.16,19,F1,1,,,,,
2026-08-27,2026-08-27,CM,NSE,STK,1342,IN0020200286,SGBN28VIII,GB,,,,,2.5%GOLDBONDS2028SR-VIII,15856.20,15856.20,15624.00,15656.74,15679.99,15952.83,,15669.04,,,259,4075488.61,74,F1,1,,,,,
2026-08-27,2026-08-27,CM,NSE,STK,3742,IN0020210053,SGBMAY29I,GB,,,,,2.5%GOLDBONDS2029SR-I,15940.00,15940.00,15599.99,15608.80,15605.04,15944.00,,15608.80,,,624,9790069.49,101,F1,1,,,,,
2026-08-27,2026-08-27,CM,NSE,STK,3743,IN0020210061,SGBJUN29II,GB,,,,,2.5%GOLDBONDS2029SR-II,15904.70,15904.70,15575.00,15623.55,15605.00,15904.27,,15622.89,,,169,2642204.96,35,F1,1,,,,,
2026-08-27,2026-08-27,CM,NSE,STK,3800,IN0020210087,SGBJU29III,GB,,,,,2.5%GOLDBONDS2029SR-III,15762.20,15762.20,15515.01,15611.60,15598.00,15909.29,,15608.41,,,114,1781469.60,40,F1,1,,,,,
2026-08-27,2026-08-27,CM,NSE,STK,5575,IN0020210145,SGBSEP29VI,GB,,,,,2.5%GOLDBONDS2029SR-VI,15930.00,15989.85,15705.00,15802.27,15820.50,16076.00,,15802.27,,,229,3631805.81,39,F1,1,,,,,
2026-08-27,2026-08-27,CM,NSE,STK,6518,IN0020210178,SGBNV29VII,GB,,,,,2.5%GOLDBONDS2029SR-VII,15751.00,15751.00,15610.00,15675.16,15675.00,15951.42,,15675.16,,,193,3024707.58,34,F1,1,,,,,
2026-08-27,2026-08-27,CM,NSE,STK,5960,IN0020180249,SGBOCT26,GB,,,,,2.50%GOLDBONDS2026SR-II,15510.00,15701.00,15510.00,15700.00,15700.00,16000.00,,15700.00,,,102,1591740.00,3,F1,1,,,,,
2026-08-27,2026-08-27,CM,NSE,STK,6355,IN0020180314,SGBNOV26,GB,,,,,2.50%GOLDBONDS2026SR-III,15750.00,15750.00,15750.00,15750.00,15750.00,15870.10,,15750.00,,,8,126000.00,3,F1,1,,,,,
2026-08-27,2026-08-27,CM,NSE,STK,7654,IN0020180389,SGBDEC26,GB,,,,,2.50%GOLDBONDS2026SR-IV,15701.00,15800.00,15600.00,15600.00,15600.00,16289.99,,15600.00,,,20,313400.00,8,F1,1,,,,,
2026-08-27,2026-08-27,CM,NSE,STK,10261,IN0020190073,SGBJUN27,GB,,,,,2.50%GOLDBONDS2027SR-I,15702.01,15702.01,15505.02,15589.95,15580.00,15939.94,,15589.95,,,49,765568.33,23,F1,1,,,,,
2026-08-27,2026-08-27,CM,NSE,STK,12904,IN0020190107,SGBAUG27,GB,,,,,2.50%GOLDBONDS2027SR-III,15929.25,15929.25,15522.00,15588.16,15620.35,15865.56,,15581.40,,,257,4014785.65,140,F1,1,,,,,
2026-08-27,2026-08-27,CM,NSE,STK,13209,IN0020190115,SGBSEP27,GB,,,,,2.50%GOLDBONDS2027SR-IV,15850.00,15850.00,15705.00,15750.00,15750.00,16189.99,,15750.00,,,304,4808535.00,9,F1,1,,,,,
2026-08-27,2026-08-27,CM,NSE,STK,13981,IN0020190370,SGBOCT27,GB,,,,,2.50%GOLDBONDS2027SR-V,15750.00,15750.00,15750.00,15750.00,15750.00,16666.53,,15750.00,,,15,236250.00,7,F1,1,,,,,
2026-08-27,2026-08-27,CM,NSE,STK,8766,IN0020180561,SGBFEB27,GB,,,,,2.50%GOLDBONDS2027SR-VI,15883.26,15883.26,15726.00,15726.00,15726.00,15726.00,,15726.00,,,7,110396.52,4,F1,1,,,,,
2026-08-27,2026-08-27,CM,NSE,STK,14252,IN0020190388,SGBOCT27VI,GB,,,,,2.50%GOLDBONDS2027SR-VI,15700.00,15765.00,15605.00,15765.00,15765.00,16139.99,,15765.00,,,6,93980.00,4,F1,1,,,,,
2026-08-27,2026-08-27,CM,NSE,STK,15432,IN0020190461,SGBDC27VII,GB,,,,,2.50%GOLDBONDS2027SR-VII,15531.01,15845.00,15531.01,15747.50,15650.00,16025.00,,15747.50,,,16,249845.76,11,F1,1,,,,,
2026-08-27,2026-08-27,CM,NSE,STK,18862,IN0020200062,SGBAPR28I,GB,,,,,2.50%GOLDBONDS2028SR-I,15889.99,15889.99,15610.00,15657.80,15700.00,16014.83,,15661.25,,,144,2263956.37,52,F1,1,,,,,
2026-08-27,2026-08-27,CM,NSE,STK,18972,IN0020200088,SGBMAY28,GB,,,,,2.50%GOLDBONDS2028SR-II,15802.00,15802.00,15583.82,15590.36,15583.82,15913.00,,15590.36,,,212,3330566.98,48,F1,1,,,,,
2026-08-27,2026-08-27,CM,NSE,STK,22242,IN0020200146,SGBJUL28IV,GB,,,,,2.50%GOLDBONDS2028SR-IV,15860.00,15860.00,15515.01,15572.31,15561.00,15942.00,,15572.31,,,340,5312965.49,80,F1,1,,,,,
2026-08-27,2026-08-27,CM,NSE,STK,17664,IN0020190545,SGBFEB28IX,GB,,,,,2.50%GOLDBONDS2028SR-IX,15950.00,15950.00,15800.00,15800.00,15800.00,15950.00,,15810.00,,,14,222700.00,3,F1,1,,,,,
2026-08-27,2026-08-27,CM,NSE,STK,22385,IN0020200161,SGBAUG28V,GB,,,,,2.50%GOLDBONDS2028SR-V,15871.00,15871.00,15407.00,15605.81,15590.00,15901.36,,15601.72,,,1724,26901253.75,280,F1,1,,,,,
2026-08-27,2026-08-27,CM,NSE,STK,149,IN0020200195,SGBSEP28VI,GB,,,,,2.50%GOLDBONDS2028SR-VI,15851.00,15999.68,15705.00,15880.28,15925.00,16075.19,,15868.12,,,165,2607191.12,36,F1,1,,,,,
2026-08-27,2026-08-27,CM,NSE,STK,834,IN0020200203,SGBOC28VII,GB,,,,,2.50%GOLDBONDS2028SR-VII,15930.00,15930.00,15600.00,15630.51,15630.51,15952.00,,15721.75,,,108,1696455.42,22,F1,1,,,,,
2026-08-27,2026-08-27,CM,NSE,STK,18451,IN0020190552,SGBMAR28X,GB,,,,,2.50%GOLDBONDS2028SR-X,15850.00,15949.00,15702.10,15949.00,15949.00,16499.00,,15949.00,,,139,2203061.60,6,F1,1,,,,,
2026-08-27,2026-08-27,CM,NSE,STK,5113,IN0020210111,SGBJUL29IV,GB,,,,,2.50%GOLDBONDS2029SR-IV,15801.00,15801.00,15520.00,15579.39,15614.00,15917.38,,15579.39,,,218,3405720.19,55,F1,1,,,,,
2026-08-27,2026-08-27,CM,NSE,STK,1920,IN0020200377,SGBJAN29IX,GB,,,,,2.50%GOLDBONDS2029SR-IX,15880.00,15880.00,15599.99,15621.00,15621.00,15900.05,,15600.02,,,615,9648447.86,79,F1,1,,,,,
2026-08-27,2026-08-27,CM,NSE,STK,5455,IN0020210129,SGBAUG29V,GB,,,,,2.50%GOLDBONDS2029SR-V,15882.36,15882.36,15609.99,15667.82,15667.82,15882.36,,15655.32,,,160,2509346.34,66,F1,1,,,,,
2026-08-27,2026-08-27,CM,NSE,STK,7098,IN0020210228,SGBD29VIII,GB,,,,,2.50%GOLDBONDS2029SR-VIII,15801.00,15801.00,15555.00,15632.70,15600.00,15933.75,,15616.29,,,333,5217095.75,89,F1,1,,,,,
2026-08-27,2026-08-27,CM,NSE,STK,2003,IN0020200385,SGBJAN29X,GB,,,,,2.50%GOLDBONDS2029SR-X,15802.00,15802.00,15561.04,15593.40,15561.04,15905.00,,15583.84,,,26,406966.92,14,F1,1,,,,,
2026-08-27,2026-08-27,CM,NSE,STK,2200,IN0020200393,SGBFEB29XI,GB,,,,,2.50%GOLDBONDS2029SR-XI,15802.00,15802.00,15200.00,15561.17,15552.00,15890.84,,15561.92,,,291,4547587.28,85,F1,1,,,,,
2026-08-27,2026-08-27,CM,NSE,STK,2810,IN0020200427,SGBMR29XII,GB,,,,,2.50%GOLDBONDS2029SR-XII,15850.00,15900.01,15601.01,15757.09,15719.47,16015.52,,15753.69,,,565,8940591.33,53,F1,1,,,,,
2026-08-27,2026-08-27,CM,NSE,STK,10232,IN0020220045,SGBJUN30,GB,,,,,2.50%GOLDBONDS2030SR-I,15855.00,15855.00,15601.00,15730.00,15725.00,15961.61,,15730.00,,,345,5415415.93,83,F1,1,,,,,
2026-08-27,2026-08-27,CM,NSE,STK,11192,IN0020220078,SGBAUG30,GB,,,,,2.50%GOLDBONDS2030SR-II,16005.00,16005.00,15760.00,15785.45,15790.00,16070.00,,15785.45,,,352,5566413.70,112,F1,1,,,,,
2026-08-27,2026-08-27,CM,NSE,STK,13642,IN0020220110,SGBDE30III,GB,,,,,2.50%GOLDBONDS2030SR-III,15925.01,16050.00,15700.50,15720.10,15700.50,16022.46,,15722.17,,,295,4695403.57,79,F1,1,,,,,
2026-08-27,2026-08-27,CM,NSE,STK,7879,IN0020210236,SGBJAN30IX,GB,,,,,2.50%GOLDBONDS2030SR-IX,15900.99,15900.99,15625.71,15658.69,15655.00,15925.69,,15658.69,,,125,1959958.48,43,F1,1,,,,,
2026-08-27,2026-08-27,CM,NSE,STK,8401,IN0020210319,SGBMAR30X,GB,,,,,2.50%GOLDBONDS2030SR-X,16047.10,16047.10,15610.13,15693.13,15648.52,15967.26,,15693.13,,,356,5597313.33,78,F1,1,,,,,
2026-08-27,2026-08-27,CM,NSE,STK,17202,IN0020230069,SGBJUN31I,GB,,,,,2.50%GOLDBONDS2031SR-I,16098.89,16099.00,15803.00,15895.84,15871.50,16149.13,,15896.43,,,807,12900258.40,143,F1,1,,,,,
2026-08-27,2026-08-27,CM,NSE,STK,19456,IN0020230093,SGBSEP31II,GB,,,,,2.50%GOLDBONDS2031SR-II,16035.55,16245.34,15985.10,16003.20,16000.00,16201.48,,16002.86,,,1605,25785196.53,263,F1,1,,,,,
2026-08-27,2026-08-27,CM,NSE,STK,22476,IN0020230168,SGBDE31III,GB,,,,,2.50%GOLDBONDS2031SR-III,16187.99,16250.00,15899.99,15992.77,15990.00,16255.61,,15992.71,,,3284,52685888.84,561,F1,1,,,,,
2026-08-27,2026-08-27,CM,NSE,STK,14598,IN0020220169,SGBMAR31IV,GB,,,,,2.50%GOLDBONDS2031SR-IV,16137.69,16150.00,15806.66,15859.44,15856.04,16141.35,,15859.44,,,174,2789539.17,53,F1,1,,,,,
2026-08-27,2026-08-27,CM,NSE,STK,22886,IN0020230184,SGBFEB32IV,GB,,,,,2.50%GOLDBONDS2032SR-IV,16244.00,16349.00,16000.02,16060.04,16033.02,16350.45,,16063.35,,,3286,53153207.47,572,F1,1,,,,,
2026-08-27,2026-08-27,CM,NSE,STK,16921,INE144J01027,20MICRONS,EQ,,,,,20 MICRONS LTD,223.39,223.39,215.10,216.37,216.85,223.63,,216.37,,,152626,33281530.24,4668,F1,1,,,,,
2026-08-27,2026-08-27,CM,NSE,STK,4,INE253B01015,21STCENMGM,EQ,,,,,21ST CENTURY MGMT SERVICE,42.35,42.35,41.74,42.00,42.00,42.59,,42.00,,,4547,190202.60,31,F1,1,,,,,
2026-08-27,2026-08-27,CM,NSE,STK,13061,INE466L01038,360ONE,EQ,,,,,360 ONE WAM LIMITED,1194.00,1207.00,1191.70,1204.00,1204.00,1197.20,,1204.00,,,317442,381139526.00,19239,F1,1,,,,,
2026-08-27,2026-08-27,CM,NSE,STK,30105,INF579M01BB5,GOLD360,EQ,,,,,360ONEAMC - GOLD360,157.75,157.75,152.00,153.85,153.80,156.20,,153.87,,,32726,5028410.70,517,F1,1,,,,,
2026-08-27,2026-08-27,CM,NSE,STK,763602,INF579M01BP5,MSCI360,EQ,,,,,360ONEAMC - MSCI360,10.27,10.27,10.13,10.22,10.23,10.27,,10.22,,,18364,187788.71,25,F1,1,,,,,
2026-08-27,2026-08-27,CM,NSE,STK,756150,INF579M01BC3,SILVER360,EQ,,,,,360ONEAMC - SILVER360,236.46,236.46,230.69,233.10,233.26,236.46,,233.13,,,24742,5764374.78,431,F1,1,,,,,
2026-08-27,2026-08-27,CM,NSE,STK,762518,INE994E01018,3BBLACKBIO,EQ,,,,,3B BLACKBIO DX LTD.,1310.00,1361.90,1310.00,1350.30,1353.90,1306.30,,1351.24,,,16388,21973980.90,1983,F1,1,,,,,
2026-08-27,2026-08-27,CM,NSE,STK,6240,INE748C01038,3IINFOLTD,BE,,,,,3I INFOTECH LIMITED,24.04,24.49,23.22,23.40,23.32,24.04,,23.34,,,128616,3043941.96,586,F1,1,,,,,
2026-08-27,2026-08-27,CM,NSE,STK,474,INE470A01017,3MINDIA,EQ,,,,,3M INDIA LIMITED,33520.00,34515.00,33520.00,34245.00,34200.00,33570.00,,34243.80,,,3288,111938110.00,2086,F1,1,,,,,
2026-08-27,2026-08-27,CM,NSE,STK,2595,INE105C01023,3PLAND,EQ,,,,,3P LAND HOLDINGS LIMITED,32.00,32.40,31.55,31.87,31.90,32.00,,31.87,,,3978,126450.73,73,F1,1,,,,,
2026-08-27,2026-08-27,CM,NSE,STK,445,INE618L01018,5PAISA,EQ,,,,,5PAISA CAPITAL LIMITED,376.95,377.05,370.00,371.15,370.00,376.40,,371.09,,,18714,6981303.65,1032,F1,1,,,,,
2026-08-27,2026-08-27,CM,NSE,STK,11868,INE111B01023,63MOONS,EQ,,,,,63 MOONS TECHNOLOGIES LTD,778.60,784.50,739.10,745.45,742.40,777.55,,745.48,,,195262,147994049.15,7201,F1,1,,,,,
2026-08-27,2026-08-27,CM,NSE,STK,20052,INE787H07156,740IIFCL33,N1,,,,,7.40% TAX FREETRI SRIII,1151.58,1158.00,1151.58,1158.00,1158.00,1151.00,,1158.00,,,451,521016.00,5,F1,1,,,,,
2026-08-27,2026-08-27,CM,NSE,STK,19926,INE020B07JU4,743REC35,NH,,,,,7.43% TAX FREE TRI SR3B,1189.00,1200.00,1189.00,1191.00,1191.00,1185.10,,1191.00,,,1110,1329274.00,13,F1,1,,,,,
2026-08-27,2026-08-27,CM,NSE,STK,19976,INE134E07588,760PFCL35,N3,,,,,7.60% TAX FREE NCD,1210.00,1215.00,1210.00,1215.00,1215.00,1200.10,,1215.00,,,150,181805.00,8,F1,1,,,,,
2026-08-27,2026-08-27,CM,NSE,STK,20034,INE261F07032,764NABAR31,N2,,,,,7.64% TAX FREE TRI SRIIB,1115.10,1115.10,1115.00,1115.00,1115.00,1114.17,,1114.75,,,509,567535.90,3,F1,1,,,,,
2026-08-27,2026-08-27,CM,NSE,STK,19928,INE031A07AO5,764HUDCO31,N8,,,,,7.64% TAX FREETRI SR2B,1129.00,1129.00,1117.10,1117.10,1117.10,1132.90,,1117.10,,,48,53641.70,3,F1,1,,,,,
2026-08-27,2026-08-27,CM,NSE,STK,20030,INE202E07229,774IREDA31,N7,,,,,7.74% TAX FREE NCD,1130.90,1130.90,1130.00,1130.00,1130.00,1127.00,,1130.00,,,21,23737.20,2,F1,1,,,,,
2026-08-27,2026-08-27,CM,NSE,STK,19924,INE020B07GH7,812REC27,NI,,,,,8.12/8.32% TAX FREE NCD,1028.98,1028.98,1026.00,1027.26,1026.98,1021.51,,1027.26,,,51,52390.70,7,F1,1,,,,,
2026-08-27,2026-08-27,CM,NSE,STK,31240,INE031A07840,82HUDCO27,N2,,,,,8.20 NCD05MAR27 FV 1000,1047.30,1054.99,1047.01,1054.99,1054.99,1047.86,,1054.99,,,1260,1323045.84,16,F1,1,,,,,
2026-08-27,2026-08-27,CM,NSE,STK,20022,INE134E07208,830PFCL27,N5,,,,,8.30% TAX FREE NCD,1081.00,1081.00,1081.00,1081.00,1081.00,1080.05,,1081.00,,,20,21620.00,1,F1,1,,,,,
2026-08-27,2026-08-27,CM,NSE,STK,31484,INE848E07534,867NHPC33,N3,,,,,8.67% SEC RED BOND S3A,1226.10,1226.10,1226.00,1226.00,1226.00,1222.01,,1226.00,,,290,355540.10,2,F1,1,,,,,
2026-08-27,2026-08-27,CM,NSE,STK,192,INE906B07DF8,875NHAI29,N6,,,,,8.75% TAX FREE TR I S IIB,1113.90,1113.90,1112.70,1112.90,1112.90,1112.00,,1112.90,,,349,388405.00,7,F1,1,,,,,
2026-08-27,2026-08-27,CM,NSE,STK,19968,INE031A07949,876HUDCO28,ND,,,,,8.76% TAX FREETRI SR2B,1134.60,1134.60,1134.00,1134.08,1134.00,1134.06,,1134.08,,,260,294861.10,7,F1,1,,,,,
2026-08-27,2026-08-27,CM,NSE,STK,20058,INE787H07370,891IIFCL34,N4,,,,,8.91% TAX FREE NCD,1260.00,1260.10,1260.00,1260.00,1260.00,1251.55,,1260.00,,,215,270901.00,3,F1,1,,,,,
2026-08-27,2026-08-27,CM,NSE,STK,31768,INE733E07JJ9,891NTPC33,N6,,,,,8.91%S-R-NCD SERIES 3B,1280.00,1280.00,1275.05,1275.55,1275.55,1274.10,,1276.00,,,239,305121.00,8,F1,1,,,,,
2026-08-27,2026-08-27,CM,NSE,STK,31487,INE848E07567,892NHPC33,N6,,,,,8.92% SEC RED BOND S3B,1254.00,1256.00,1253.00,1253.85,1253.00,1255.00,,1254.29,,,350,438980.00,7,F1,1,,,,,
2026-08-27,2026-08-27,CM,NSE,STK,20028,INE134E07463,892PFCL33,N8,,,,,8.92% TAX FREE NCD,1282.00,1282.00,1280.01,1280.02,1280.02,1279.10,,1280.01,,,103,131929.09,3,F1,1,,,,,
2026-08-27,2026-08-27,CM,NSE,STK,19970,INE031A07AB2,901HUDCO34,NE,,,,,9.01% TAX FREETRII SR3B,1280.00,1289.90,1277.00,1289.25,1289.90,1290.00,,1289.25,,,479,614186.00,40,F1,1,,,,,
2026-08-27,2026-08-27,CM,NSE,STK,759130,INE08PH01015,ABCOTS,EQ,,,,,A B COTSPIN INDIA LIMITED,209.90,209.90,203.10,204.50,205.89,205.36,,204.50,,,7494,1543875.94,95,F1,1,,,,,
2026-08-27,2026-08-27,CM,NSE,STK,27016,INE00YB01025,ABINFRA,BE,,,,,A B INFRABUILD LIMITED,11.95,11.95,11.36,11.36,11.36,11.95,,11.33,,,384359,4383283.09,641,F1,1,,,,,
2026-08-27,2026-08-27,CM,NSE,STK,762528,INE850B01026,ABMKNO,EQ,,,,,A B M KNOWLEDGEWARE LTD.,187.10,193.00,182.01,187.21,184.00,186.39,,186.22,,,1079,201902.72,43,F1,1,,,,,
2026-08-27,2026-08-27,CM,NSE,STK,762536,INE366C01021,ACSTECH,BE,,,,,A C S TECHNOLOGIES LTD.,50.00,50.40,48.51,49.95,49.50,48.45,,49.97,,,53166,2625632.80,189,F1,1,,,,,
2026-08-27,2026-08-27,CM,NSE,STK,15147,INE0O6N01012,AGUL,SM,,,,,A G UNIVERSAL LIMITED,48.45,48.45,48.45,48.45,48.45,51.00,,48.45,,,4000,193800.00,2,F1,2000,,,,,
2026-08-27,2026-08-27,CM,NSE,STK,762538,INE701G01012,AKCAPIT,EQ,,,,,A K CAPITAL SERVICES LTD.,1761.70,1761.70,1685.00,1686.20,1686.00,1717.60,,1686.69,,,1302,2206814.00,161,F1,1,,,,,
2026-08-27,2026-08-27,CM,NSE,STK,20906,INE619I01012,A2ZINFRA,EQ,,,,,A2Z INFRA ENGINEERING LTD,16.40,16.70,16.01,16.41,16.32,16.00,,16.42,,,423268,6983013.17,602,F1,1,,,,,
2026-08-27,2026-08-27,CM,NSE,STK,12533,INE0D0U01013,AAATECH,EQ,,,,,AAA TECHNOLOGIES LIMITED,91.40,93.37,91.01,92.01,91.75,91.49,,92.01,,,4547,418639.42,130,F1,1,,,,,
2026-08-27,2026-08-27,CM,NSE,STK,23729,INE883F01010,AADHARHFC,EQ,,,,,AADHAR HOUSING FINANCE L,472.70,472.80,464.05,465.80,464.95,470.35,,465.79,,,161831,75401604.85,14683,F1,1,,,,,
2026-08-27,2026-08-27,CM,NSE,STK,757579,INE1GYP01013,AAKAAR,SM,,,,,AAKAAR MEDICAL TECHNO LTD,67.95,67.95,67.95,67.95,67.95,65.85,,67.95,,,1600,108720.00,1,F1,1600,,,,,
2026-08-27,2026-08-27,CM,NSE,STK,235,INE087Z01024,AAKASH,EQ,,,,,AAKASH EXPLORATION SER L,8.73,8.98,8.70,8.75,8.78,8.73,,8.75,,,21147,185301.45,215,F1,1,,,,,
2026-08-27,2026-08-27,CM,NSE,STK,758120,INE124401014,AARADHYA,SM,,,,,AARADHYA DISPOSAL INDUS L,65.00,65.00,65.00,65.00,65.00,65.00,,65.00,,,1200,78000.00,1,F1,1200,,,,,
2026-08-27,2026-08-27,CM,NSE,STK,5245,INE198H01019,AAREYDRUGS,EQ,,,,,AAREY DRUGS & PHARM LTD,83.49,84.78,80.02,84.78,84.78,80.75,,84.78,,,192944,16232384.68,571,F1,1,,,,,
2026-08-27,2026-08-27,CM,NSE,STK,761824,INE750R01016,AARNAV,BE,,,,,AARNAV FASHIONS LIMITED,34.05,34.10,32.82,33.36,34.10,34.10,,33.36,,,1790,59088.39,25,F1,1,,,,,
2026-08-27,2026-08-27,CM,NSE,STK,1030,INE721Z01010,AARON,EQ,,,,,AARON INDUSTRIES LIMITED,136.08,139.90,134.81,135.71,137.20,136.08,,135.71,,,10460,1427430.52,325,F1,1,,,,,
2026-08-27,2026-08-27,CM,NSE,STK,17164,INE01C001026,AARTECH,BE,,,,,AARTECH SOLONICS LIMITED,47.99,50.00,47.50,49.62,49.50,47.92,,49.12,,,97815,4823638.67,219,F1,1,,,,,
2026-08-27,2026-08-27,CM,NSE,STK,4481,INE767A01016,AARTIDRUGS,EQ,,,,,AARTI DRUGS LTD.,419.95,423.00,413.90,417.90,418.40,418.00,,417.87,,,81669,34201063.00,3674,F1,1,,,,,
2026-08-27,2026-08-27,CM,NSE,STK,7,INE769A01020,AARTIIND,EQ,,,,,AARTI INDUSTRIES LTD,542.95,543.00,534.55,538.90,537.10,542.95,,538.91,,,531274,285735944.05,16577,F1,1,,,,,
2026-08-27,2026-08-27,CM,NSE,STK,13868,INE0LRU01027,AARTIPHARM,EQ,,,,,AARTI PHARMALABS LIMITED,836.00,843.00,810.10,813.50,814.10,836.65,,813.53,,,397741,326107669.70,20879,F1,1,,,,,
2026-08-27,2026-08-27,CM,NSE,STK,19263,INE09EO01013,AARTISURF,BE,,,,,AARTI SURFACTANTS LIMITED,531.00,546.00,530.00,539.90,535.10,538.15,,540.06,,,4244,2273935.55,240,F1,1,,,,,
2026-08-27,2026-08-27,CM,NSE,STK,19073,INE754X01016,AARVI,EQ,,,,,AARVI ENCON LIMITED,150.59,151.93,144.01,145.07,145.23,150.04,,145.07,,,11191,1653493.92,536,F1,1,,,,,
2026-08-27,2026-08-27,CM,NSE,STK,763800,INE2FMX01012,AASTHA,EQ,,,,,AASTHA SPINTEX LIMITED,88.37,88.37,88.36,88.36,88.37,80.34,,88.36,,,2787093,246290710.86,3220,F1,1,,,,,
2026-08-27,2026-08-27,CM,NSE,STK,16961,INE0OB201016,AATMAJ,SM,,,,,AATMAJ HEALTHCARE LIMITED,18.05,18.50,18.05,18.25,18.50,18.55,,18.25,,,4000,73100.00,2,F1,2000,,,,,
2026-08-27,2026-08-27,CM,NSE,STK,5385,INE216P01012,AAVAS,EQ,,,,,AAVAS FINANCIERS LIMITED,1279.40,1293.60,1257.90,1269.40,1276.00,1285.80,,1269.41,,,349968,445064734.10,41236,F1,1,,,,,
2026-08-27,2026-08-27,CM,NSE,STK,7759,INE421A01028,ABAN,BE,,,,,ABAN OFFSHORE LTD.,15.43,15.43,15.43,15.43,15.43,15.74,,15.35,,,5041,77782.63,52,F1,1,,,,,
2026-08-27,2026-08-27,CM,NSE,STK,762523,INE365O01028,ABANSENT,EQ,,,,,ABANS ENTERPRISES LTD.,27.88,29.30,27.11,27.51,28.45,27.91,,27.51,,,6608,185128.07,132,F1,1,,,,,
2026-08-27,2026-08-27,CM,NSE,STK,13288,INE00ZE01026,AFSL,EQ,,,,,ABANS FINANCIAL SRVCS LTD,201.88,202.40,201.12,202.04,202.40,201.00,,202.04,,,3110,627689.91,82,F1,1,,,,,
2026-08-27,2026-08-27,CM,NSE,STK,13,INE117A01022,ABB,EQ,,,,,ABB INDIA LIMITED,7600.00,7693.00,7490.00,7490.00,7490.00,7609.00,,7490.09,,,189460,1431869452.00,21801,F1,1,,,,,
2026-08-27,2026-08-27,CM,NSE,STK,17903,INE358A01014,ABBOTINDIA,EQ,,,,,ABBOTT INDIA LIMITED,26680.00,26695.00,26300.00,26350.00,26300.00,26555.00,,26351.84,,,4712,124658270.00,2279,F1,1,,,,,
2026-08-27,2026-08-27,CM,NSE,STK,27284,INE0UYG01015,ABHAPOWER,SM,,,,,ABHA POWER N STEEL LTD,23.80,24.00,23.00,24.00,24.00,24.00,,24.00,,,19200,448960.00,11,F1,1600,,,,,
2026-08-27,2026-08-27,CM,NSE,STK,4626,INE0CAJ01017,AILIMITED,SM,,,,,ABHISHEK INTEGRATIONS LTD,17.90,18.00,17.90,18.00,18.00,17.15,,18.00,,,6000,107700.00,2,F1,3000,,,,,
2026-08-27,2026-08-27,CM,NSE,STK,5551,INE251C01025,ABMINTLLTD,BE,,,,,ABM INTERNATIONAL LTD,57.46,57.46,57.44,57.44,57.44,60.46,,57.44,,,1333,76568.52,24,F1,1,,,,,
2026-08-27,2026-08-27,CM,NSE,STK,23786,INE0QRV01016,ABSMARINE,ST,,,,,ABS MARINE SERVICES LTD,298.00,298.00,287.50,293.45,292.00,286.40,,293.45,,,109500,32080125.00,167,F1,500,,,,,
2026-08-27,2026-08-27,CM,NSE,STK,22,INE012A01025,ACC,EQ,,,,,ACC LIMITED,1330.00,1335.00,1310.00,1310.60,1310.00,1331.70,,1310.49,,,67738,89292996.60,7360,F1,1,,,,,
2026-08-27,2026-08-27,CM,NSE,STK,7053,INE793A01012,ACCELYA,EQ,,,,,ACCELYA SOLN INDIA LTD,1142.00,1145.10,1128.10,1134.90,1138.20,1131.80,,1134.89,,,4730,5369078.80,567,F1,1,,,,,
2026-08-27,2026-08-27,CM,NSE,STK,20488,INE0Q5D01013,ACCENTMIC,SM,,,,,ACCENT MICROCELL LIMITED,599.00,599.00,584.05,592.10,595.00,593.75,,592.10,,,37500,22130350.00,57,F1,500,,,,,
2026-08-27,2026-08-27,CM,NSE,STK,757024,INE0T8T01010,ACCPL,ST,,,,,ACCRETION PHARMA LIMITED,200.00,200.00,199.55,199.55,199.55,200.80,,199.55,,,3600,719460.00,2,F1,1200,,,,,
2026-08-27,2026-08-27,CM,NSE,STK,1472,INE648Z01023,ACCURACY,BE,,,,,ACCURACY SHIPPING LIMITED,4.65,4.65,4.54,4.57,4.60,4.59,,4.51,,,22250,103055.99,99,F1,1,,,,,
2026-08-27,2026-08-27,CM,NSE,STK,11779,INE543V01017,ACEINTEG,EQ,,,,,ACE INTEGRATED SOLU. LTD.,18.16,18.16,17.11,17.38,17.40,17.72,,17.38,,,1130,19807.18,44,F1,1,,,,,
2026-08-27,2026-08-27,CM,NSE,STK,27061,INE622W01025,ACMESOLAR,EQ,,,,,ACME SOLAR HOLDINGS LTD,395.85,400.95,376.30,386.30,390.00,395.95,,386.30,,,1572541,616359852.10,33376,F1,1,,,,,
2026-08-27,2026-08-27,CM,NSE,STK,13587,INE731H01025,ACE,EQ,,,,,ACTION CONST EQUIP LTD,1164.30,1184.00,1128.20,1136.00,1134.00,1159.00,,1135.89,,,388332,450661237.60,23015,F1,1,,,,,
2026-08-27,2026-08-27,CM,NSE,STK,5578,INE00FF01025,ACUTAAS,EQ,,,,,ACUTAAS CHEMICALS LIMITED,3258.00,3341.00,3257.00,3329.20,3335.00,3257.80,,3329.80,,,128415,426045834.70,21470,F1,1,,,,,
2026-08-27,2026-08-27,CM,NSE,STK,10217,INE931S01010,ADANIENSOL,EQ,,,,,ADANI ENERGY SOLUTION LTD,1590.00,1617.70,1581.90,1617.00,1617.00,1570.50,,1616.93,,,4514708,7250656336.50,100862,F1,1,,,,,
2026-08-27,2026-08-27,CM,NSE,STK,25,INE423A01024,ADANIENT,EQ,,,,,ADANI ENTERPRISES LIMITED,3125.00,3169.00,3125.00,3169.00,3169.00,3112.00,,3168.86,,,1793570,5653909232.30,101611,F1,1,,,,,
2026-08-27,2026-08-27,CM,NSE,STK,3563,INE364U01010,ADANIGREEN,EQ,,,,,ADANI GREEN ENERGY LTD,1309.90,1328.50,1302.10,1328.50,1328.50,1303.20,,1327.89,,,811100,1068358300.80,26492,F1,1,,,,,
2026-08-27,2026-08-27,CM,NSE,STK,15083,INE742F01042,ADANIPORTS,EQ,,,,,ADANI PORT & SEZ LTD,1703.00,1719.00,1691.20,1714.00,1714.00,1691.50,,1710.15,,,2044450,3487483082.70,113610,F1,1,,,,,
2026-08-27,2026-08-27,CM,NSE,STK,17388,INE814H01029,ADANIPOWER,EQ,,,,,ADANI POWER LTD,209.15,217.40,207.30,215.00,215.00,207.20,,215.00,,,70024737,14895004327.07,218917,F1,1,,,,,
2026-08-27,2026-08-27,CM,NSE,STK,6066,INE399L01023,ATGL,EQ,,,,,ADANI TOTAL GAS LIMITED,643.00,647.25,639.05,645.35,645.05,643.70,,645.36,,,734229,472105931.25,23408,F1,1,,,,,
2026-08-27,2026-08-27,CM,NSE,STK,764563,INE757C01021,ADDIND,EQ,,,,,ADDI INDUSTRIES LTD.,82.66,90.00,80.00,86.70,86.70,82.66,,86.70,,,800,67661.49,25,F1,1,,,,,
2026-08-27,2026-08-27,CM,NSE,STK,22468,INE0RDH01021,ADDICTIVE,SM,,,,,ADDICTIVE LEARNING TECH L,48.00,48.00,45.55,45.55,45.55,47.90,,45.55,,,3500,160675.00,6,F1,500,,,,,
2026-08-27,2026-08-27,CM,NSE,STK,19761,INE982B01027,ADFFOODS,EQ,,,,,ADF FOODS LIMITED,280.70,280.70,272.05,273.80,272.35,280.70,,273.80,,,73656,20261830.15,2495,F1,1,,,,,
2026-08-27,2026-08-27,CM,NSE,STK,763156,INE20PL01012,ADISOFT,SM,,,,,ADISOFT TECHNOLOGIES LTD,205.10,213.00,202.95,204.85,204.90,205.95,,204.85,,,41600,8642480.00,31,F1,800,,,,,
2026-08-27,2026-08-27,CM,NSE,STK,6018,INE404A01024,ABSLAMC,EQ,,,,,ADIT BIRL SUN LIF AMC LTD,1033.60,1054.90,1029.00,1046.50,1049.00,1033.50,,1046.23,,,377907,393750635.90,26186,F1,1,,,,,
2026-08-27,2026-08-27,CM,NSE,STK,21614,INE674K01013,ABCAPITAL,EQ,,,,,ADITYA BIRLA CAPITAL LTD.,410.00,413.10,408.10,410.00,410.00,410.00,,408.94,,,1578229,647490839.75,24311,F1,1,,,,,
2026-08-27,2026-08-27,CM,NSE,STK,30108,INE647O01011,ABFRL,EQ,,,,,ADITYA BIRLA FASHION & RT,54.53,54.80,53.47,53.64,53.65,54.52,,53.64,,,3324887,179556410.00,19123,F1,1,,,,,
2026-08-27,2026-08-27,CM,NSE,STK,756843,INE14LE01019,ABLBL,EQ,,,,,ADITYA BIRLA LIFES BRAN L,86.04,86.49,85.05,85.22,85.05,86.04,,85.22,,,297838,25476930.65,5519,F1,1,,,,,
2026-08-27,2026-08-27,CM,NSE,STK,15239,INE865C01022,BIRLAMONEY,EQ,,,,,ADITYA BIRLA MONEY LTD,127.37,132.00,127.03,129.89,130.30,128.15,,129.88,,,90025,11711825.64,1536,F1,1,,,,,
2026-08-27,2026-08-27,CM,NSE,STK,625,INE055A01016,ABREL,EQ,,,,,ADITYA BIRLA REAL EST LTD,1400.00,1404.90,1380.00,1393.40,1390.00,1392.30,,1393.41,,,111296,154852283.20,9157,F1,1,,,,,
2026-08-27,2026-08-27,CM,NSE,STK,758858,INE819V01029,CPPLUS,EQ,,,,,ADITYA INFOTECH LIMITED,3530.30,3650.00,3500.00,3629.70,3648.00,3530.30,,3629.30,,,297754,1066335170.20,41202,F1,1,,,,,
2026-08-27,2026-08-27,CM,NSE,STK,25984,INE679V01027,AVL,EQ,,,,,ADITYA VISION LIMITED,589.00,599.00,585.35,592.30,595.45,585.60,,592.29,,,179649,106529427.30,11586,F1,1,,,,,
2026-08-27,2026-08-27,CM,NSE,STK,23804,INF209KB18D3,BSLGOLDETF,EQ,,,,,ADITYBIRLA SL GOLD ETF-GR,144.46,144.46,136.65,138.75,138.76,140.94,,138.75,,,672313,93234586.46,2709,F1,1,,,,,
2026-08-27,2026-08-27,CM,NSE,STK,24781,INF209KB19D1,BSLNIFTY,EQ,,,,,ADITYBIRLA SL NIF ETF-GR,28.80,28.80,28.32,28.40,28.40,28.54,,28.40,,,892247,25341416.26,3789,F1,1,,,,,
2026-08-27,2026-08-27,CM,NSE,STK,34,INE045A01017,ADOR,EQ,,,,,ADOR WELDING LTD,1529.00,1579.00,1529.00,1541.90,1550.00,1531.20,,1541.87,,,73103,113324074.30,6726,F1,1,,,,,
2026-08-27,2026-08-27,CM,NSE,STK,4953,INE737B01033,ADROITINFO,EQ,,,,,ADROIT INFOTECH LIMITED,10.31,10.50,10.03,10.40,10.50,10.19,,10.58,,,24530,253553.91,124,F1,1,,,,,
2026-08-27,2026-08-27,CM,NSE,STK,760657,INE0ALI01010,ADVAIT,EQ,,,,,ADVAIT ENRGY TRANSITION L,2147.70,2151.20,2105.70,2114.70,2111.00,2147.70,,2114.32,,,28614,60642619.80,3939,F1,1,,,,,
2026-08-27,2026-08-27,CM,NSE,STK,759402,INE1B0W01010,ADVANCE,EQ,,,,,ADVANCE AGROLIFE LIMITED,123.20,123.20,119.89,120.32,120.04,122.58,,120.32,,,66356,8018356.99,1091,F1,1,,,,,
2026-08-27,2026-08-27,CM,NSE,STK,18039,INE837H01020,ADVENZYMES,EQ,,,,,ADVANCED ENZYME TECH LTD,297.80,300.65,295.70,297.60,296.30,297.20,,297.58,,,202752,60398534.95,4123,F1,1,,,,,
2026-08-27,2026-08-27,CM,NSE,STK,14745,INE199C01026,ADVANIHOTR,EQ,,,,,ADVANI HOT.& RES.(I) LTD,49.81,50.81,49.26,49.92,50.21,49.88,,49.93,,,8560,426936.18,209,F1,1,,,,,
2026-08-27,2026-08-27,CM,NSE,STK,759769,INE28GN01010,ADVENTHTL,EQ,,,,,ADVENT HOTELS INTERNATI L,139.00,142.50,138.00,140.52,142.50,138.48,,140.50,,,214699,30093287.35,2299,F1,1,,,,,
2026-08-27,2026-08-27,CM,NSE,STK,765015,INE178T01024,ADVIKCA,EQ,,,,,ADVIK CAPITAL LTD.,1.19,1.21,1.18,1.19,1.19,1.19,,1.19,,,199252,238292.83,168,F1,1,,,,,
2026-08-27,2026-08-27,CM,NSE,STK,762227,INE1SJO01012,RAMBHAJO,EQ,,,,,ADVIT JEWELS LIMITED,259.70,279.33,237.01,263.57,260.50,255.69,,263.55,,,16411137,4305409196.55,170663,F1,1,,,,,
2026-08-27,2026-08-27,CM,NSE,STK,40,INE208C01025,AEGISLOG,EQ,,,,,AEGIS LOGISTICS LIMITED,1333.00,1333.20,1291.10,1298.00,1301.20,1331.70,,1298.01,,,411156,535872449.10,22608,F1,1,,,,,
2026-08-27,2026-08-27,CM,NSE,STK,757336,INE0INX01018,AEGISVOPAK,EQ,,,,,AEGIS VOPAK TERMINALS LTD,264.15,267.20,258.30,263.50,262.40,264.15,,263.48,,,852910,223856523.75,19839,F1,1,,,,,
2026-08-27,2026-08-27,CM,NSE,STK,757870,INE423A07401,AEL17725,NA,,,,,AEL 0% 2027 SR II,1029.01,1097.00,1029.01,1096.80,1097.00,1096.99,,1096.80,,,132,140784.41,5,F1,1,,,,,
2026-08-27,2026-08-27,CM,NSE,STK,761340,INE423A07484,860AEL28,NH,,,,,AEL 8.60% 2028 SR I,1050.00,1050.00,1036.00,1036.00,1036.00,1036.00,,1035.51,,,21,22036.00,2,F1,1,,,,,
2026-08-27,2026-08-27,CM,NSE,STK,761345,INE423A07518,862AEL31,NM,,,,,AEL 8.62% 2031 SR VI,1013.00,1015.00,1013.00,1015.00,1015.00,1015.00,,1015.00,,,15,15215.00,2,F1,1,,,,,
2026-08-27,2026-08-27,CM,NSE,STK,761346,INE423A07526,890AEL31,NN,,,,,AEL 8.90% 2031 SR VII,1057.49,1057.49,1054.10,1054.27,1054.10,1064.90,,1054.27,,,1556,1642430.33,21,F1,1,,,,,
2026-08-27,2026-08-27,CM,NSE,STK,757869,INE423A07450,895AEL27,N9,,,,,AEL 8.95% 2027 SR I,1007.04,1020.00,1007.03,1020.00,1020.00,1007.52,,1020.00,,,83,83687.45,4,F1,1,,,,,
2026-08-27,2026-08-27,CM,NSE,STK,757872,INE423A07435,915AEL28,NC,,,,,AEL 9.15% 2028 SR IV,1025.00,1025.00,1025.00,1025.00,1025.00,1019.00,,1025.00,,,10,10250.00,4,F1,1,,,,,
2026-08-27,2026-08-27,CM,NSE,STK,760234,INE947N01017,AEQUS,EQ,,,,,AEQUS LIMITED,251.00,251.40,245.00,246.66,247.25,251.66,,246.66,,,1923847,476913530.22,25258,F1,1,,,,,
2026-08-27,2026-08-27,CM,NSE,STK,12015,INE065D01027,AEROENTER,EQ,,,,,AEROFLEX ENTERPRISES LTD,145.45,147.00,141.01,142.66,143.50,143.64,,142.66,,,1011094,145390124.50,10003,F1,1,,,,,
2026-08-27,2026-08-27,CM,NSE,STK,18268,INE024001021,AEROFLEX,EQ,,,,,AEROFLEX INDUSTRIES LTD,536.80,539.20,515.30,522.10,518.80,536.35,,522.10,,,1111371,587622101.10,26704,F1,1,,,,,
2026-08-27,2026-08-27,CM,NSE,STK,13689,INE035801013,AERONEU,EQ,,,,,AEROFLEX NEU LIMITED,82.15,84.49,80.31,81.88,83.00,82.14,,81.90,,,26169,2158830.16,274,F1,1,,,,,
2026-08-27,2026-08-27,CM,NSE,STK,25065,INE0WL801011,AERON,SM,,,,,AERON COMPOSITE LIMITED,71.55,72.25,71.15,71.15,71.15,73.75,,71.15,,,9000,646050.00,8,F1,1000,,,,,
2026-08-27,2026-08-27,CM,NSE,STK,24830,INE0TSF01011,AESTHETIK,SM,,,,,AESTHETIK ENGINEERS LTD,71.70,72.00,71.70,72.00,72.00,71.75,,72.00,,,16000,1150200.00,10,F1,1000,,,,,
2026-08-27,2026-08-27,CM,NSE,STK,9810,INE0BWX01014,AETHER,EQ,,,,,AETHER INDUSTRIES LIMITED,1655.00,1696.10,1638.80,1677.30,1682.80,1655.00,,1677.28,,,200314,335725807.20,29149,F1,1,,,,,
2026-08-27,2026-08-27,CM,NSE,STK,25977,INE101I01011,AFCONS,EQ,,,,,AFCONS INFRASTRUCTURE LTD,284.00,288.80,284.00,285.05,285.00,285.05,,285.02,,,250467,71641424.90,7488,F1,1,,,,,
2026-08-27,2026-08-27,CM,NSE,STK,11343,INE00WC01027,AFFLE,EQ,,,,,AFFLE 3I LIMITED,1686.80,1699.50,1641.10,1650.30,1649.00,1686.80,,1650.29,,,169829,280576930.90,17014,F1,1,,,,,
2026-08-27,2026-08-27,CM,NSE,STK,25857,INE692Z01013,AFFORDABLE,BE,,,,,AFFORD ROBO & AUTO LTD,163.55,169.55,162.10,167.47,168.48,165.92,,167.56,,,8922,1487529.18,135,F1,1,,,,,
2026-08-27,2026-08-27,CM,NSE,STK,763044,INE916Y07081,1125AFIL29,N0,,,,,AFIL 11.25% 2029,9955.00,9955.00,9872.00,9872.00,9872.00,9865.00,,9872.00,,,11,108841.00,3,F1,1,,,,,
2026-08-27,2026-08-27,CM,NSE,STK,760459,INE916Y07065,1150AFIL28,N0,,,,,AFIL 11.50% 2028 SR 05,9844.49,9844.49,9844.49,9844.49,9844.49,9800.00,,9844.49,,,3,29533.47,1,F1,1,,,,,
2026-08-27,2026-08-27,CM,NSE,STK,759098,INE916Y07040,12AFIL27A,N0,,,,,AFIL 12% 2027,9987.80,9987.80,9987.80,9987.80,9987.80,9849.00,,9987.80,,,11,109865.80,2,F1,1,,,,,
2026-08-27,2026-08-27,CM,NSE,STK,759446,INE916Y07032,12AFIL27,N0,,,,,AFIL 12% 2027 SR 1,9969.75,9969.75,9969.75,9969.75,9969.75,9969.75,,9969.75,,,1,9969.75,1,F1,1,,,,,
2026-08-27,2026-08-27,CM,NSE,STK,759283,INE916Y07057,12AFIL28,N0,,,,,AFIL 12% 2028,9990.00,9990.00,9990.00,9990.00,9990.00,9948.00,,9990.00,,,1,9990.00,1,F1,1,,,,,
2026-08-27,2026-08-27,CM,NSE,STK,14263,INE0MLA01012,AGARWALFT,SM,,,,,AGARWAL FLOAT GLASS I LTD,31.60,31.60,31.60,31.60,31.60,33.25,,31.60,,,3000,94800.00,2,F1,1500,,,,,
2026-08-27,2026-08-27,CM,NSE,STK,3389,INE204E01012,AGARIND,EQ,,,,,AGARWAL INDS CORP LTD.,467.25,474.40,464.00,465.50,464.00,470.20,,465.68,,,22604,10580555.05,1169,F1,1,,,,,
2026-08-27,2026-08-27,CM,NSE,STK,27309,INE0P8X01016,AGARWALTUF,SM,,,,,AGARWAL TOUGH GLASS IND L,141.75,143.15,139.00,140.80,139.30,141.75,,140.80,,,22800,3212640.00,16,F1,1200,,,,,
2026-08-27,2026-08-27,CM,NSE,STK,1412,INE415A01038,AGI,EQ,,,,,AGI GREENPAC LIMITED,747.00,752.00,735.10,737.70,736.15,744.50,,737.71,,,74008,54764209.05,3647,F1,1,,,,,
2026-08-27,2026-08-27,CM,NSE,STK,24445,INE976R01033,AGIIL,EQ,,,,,AGI INFRA LIMITED,287.65,295.10,286.10,288.80,288.95,287.90,,288.80,,,1434025,415799188.85,12105,F1,1,,,,,
2026-08-27,2026-08-27,CM,NSE,STK,10491,INE0LF301013,AGNI,SM,,,,,AGNI GREEN POWER LTD,15.50,15.50,15.50,15.50,15.50,14.80,,15.50,,,10000,155000.00,4,F1,2500,,,,,
2026-08-27,2026-08-27,CM,NSE,STK,11072,INE449G01018,AGRITECH,EQ,,,,,AGRI-TECH (INDIA) LIMITED,103.36,104.89,101.00,101.11,102.00,103.36,,101.11,,,2765,281374.94,88,F1,1,,,,,
2026-08-27,2026-08-27,CM,NSE,STK,9046,INE740V01019,AGROPHOS,EQ,,,,,AGRO PHOS INDIA LIMITED,26.02,27.70,26.02,27.04,26.75,26.75,,27.04,,,13621,364641.05,151,F1,1,,,,,
2026-08-27,2026-08-27,CM,NSE,STK,759202,INE583L01014,AGSTRA,BZ,,,,,AGS TRANSACT TECH LTD,1.96,2.01,1.88,2.00,2.01,1.93,,2.00,,,220847,430408.90,349,F1,1,,,,,
2026-08-27,2026-08-27,CM,NSE,STK,2004,INE00PV01013,AHLADA,EQ,,,,,AHLADA ENGINEERS LIMITED,38.69,39.00,37.21,38.47,37.28,37.95,,38.47,,,16187,616824.14,123,F1,1,,,,,
2026-08-27,2026-08-27,CM,NSE,STK,17833,INE758C01029,AHLUCONT,EQ,,,,,AHLUWALIA CONT IND LTD,635.10,643.80,630.00,636.60,636.30,635.10,,636.63,,,200044,127779832.80,9892,F1,1,,,,,
2026-08-27,2026-08-27,CM,NSE,STK,13086,INE212H01026,AIAENG,EQ,,,,,AIA ENGINEERING LIMITED,4288.00,4300.00,4223.00,4232.30,4241.10,4235.50,,4232.35,,,21571,91733430.00,6006,F1,1,,,,,
2026-08-27,2026-08-27,CM,NSE,STK,23984,INE0RUV01018,AIMTRON,SM,,,,,AIMTRON ELECTRONICS LTD,1668.90,1677.95,1640.00,1647.15,1645.50,1648.85,,1647.15,,,26600,43881530.00,118,F1,200,,,,,
2026-08-27,2026-08-27,CM,NSE,STK,9878,INE805A01014,GOLDTECH,BE,,,,,AION-TECH SOLUTIONS LTD,51.50,52.89,50.55,50.81,50.81,51.78,,50.81,,,10271,527223.08,85,F1,1,,,,,
2026-08-27,2026-08-27,CM,NSE,STK,9897,INE645W01026,AIRAN,EQ,,,,,AIRAN LIMITED,14.86,16.56,14.18,14.81,14.98,14.90,,14.82,,,187645,2876393.79,563,F1,1,,,,,
2026-08-27,2026-08-27,CM,NSE,STK,6068,INE801L01010,AIROLAM,EQ,,,,,AIRO LAM LIMITED,89.70,89.70,85.00,87.50,88.29,87.99,,87.50,,,3549,308332.27,113,F1,1,,,,,
2026-08-27,2026-08-27,CM,NSE,STK,8124,INE031B01049,AJANTPHARM,EQ,,,,,AJANTA PHARMA LIMITED,3574.80,3574.80,3513.10,3543.60,3574.00,3551.80,,3543.55,,,49671,175672159.80,13549,F1,1,,,,,
2026-08-27,2026-08-27,CM,NSE,STK,29624,INE274Y01021,AJAXENGG,EQ,,,,,AJAX ENGINEERING LIMITED,581.50,582.50,575.05,579.10,578.40,581.50,,579.13,,,50817,29422285.70,5574,F1,1,,,,,
2026-08-27,2026-08-27,CM,NSE,STK,17307,INE298G01035,AJMERA,EQ,,,,,AJMERA REALTY & INF I LTD,118.00,119.74,115.73,116.98,116.80,117.86,,116.99,,,402148,47402376.81,3463,F1,1,,,,,
2026-08-27,2026-08-27,CM,NSE,STK,3403,INE820Y01021,AJOONI,EQ,,,,,AJOONI BIOTECH LIMITED,3.94,3.95,3.78,3.79,3.80,3.89,,3.79,,,222938,857951.86,391,F1,1,,,,,
2026-08-27,2026-08-27,CM,NSE,STK,21121,INE0PCY01014,AKANKSHA,SM,,,,,AKANKSHA POWER N INFRA L,129.10,129.10,124.40,124.50,124.40,130.90,,124.50,,,23000,2910650.00,18,F1,1000,,,,,
2026-08-27,2026-08-27,CM,NSE,STK,13510,INE737W01013,AKASH,EQ,,,,,AKASH INFRA-PROJECTS LTD,24.16,25.15,24.16,24.31,24.31,24.63,,24.31,,,1980,48898.47,29,F1,1,,,,,
2026-08-27,2026-08-27,CM,NSE,STK,2176,INE00Y801016,AKG,EQ,,,,,AKG EXIM LIMITED,9.98,9.98,9.08,9.24,9.30,9.58,,9.24,,,32487,301665.12,312,F1,1,,,,,
2026-08-27,2026-08-27,CM,NSE,STK,14890,INE642Z01026,AKI,EQ,,,,,AKI INDIA LIMITED,4.20,4.24,4.08,4.20,4.22,4.16,,4.20,,,244846,1021413.74,496,F1,1,,,,,
2026-08-27,2026-08-27,CM,NSE,STK,24304,INE0PMR01017,AKIKO,SM,,,,,AKIKO GLOBAL SERVICES L,400.05,411.60,399.95,409.80,411.60,412.00,,409.80,,,12000,4842800.00,14,F1,800,,,,,
2026-08-27,2026-08-27,CM,NSE,STK,24159,INE916Y01027,AFIL,EQ,,,,,AKME FINTRADE (INDIA) LTD,9.89,9.89,9.41,9.42,9.45,9.50,,9.42,,,259544,2464902.20,422,F1,1,,,,,
2026-08-27,2026-08-27,CM,NSE,STK,8595,INE523B01011,AKSHOPTFBR,BE,,,,,AKSH OPTIFIBRE  LTD,7.27,7.45,6.91,7.04,7.08,7.27,,7.03,,,482221,3418096.54,664,F1,1,,,,,
2026-08-27,2026-08-27,CM,NSE,STK,9558,INE256Z01025,AKSHAR,EQ,,,,,AKSHAR SPINTEX LIMITED,0.43,0.44,0.42,0.42,0.43,0.42,,0.42,,,1041592,440884.24,258,F1,1,,,,,
2026-08-27,2026-08-27,CM,NSE,STK,20194,INE542B01011,AKSHARCHEM,BE,,,,,AKSHARCHEM INDIA LIMITED,350.18,367.40,350.00,365.65,367.40,350.18,,363.72,,,28710,10387628.71,436,F1,1,,,,,
2026-08-27,2026-08-27,CM,NSE,STK,24715,INE09XN01023,AKUMS,EQ,,,,,AKUMS DRUGS AND PHARMA L,769.00,778.05,760.00,761.20,760.80,766.10,,761.20,,,359949,275751738.40,17844,F1,1,,,,,
2026-08-27,2026-08-27,CM,NSE,STK,9921,INE914E01040,ALANKIT,EQ,,,,,ALANKIT LIMITED,8.25,8.25,7.71,7.91,8.09,8.06,,7.92,,,66759,535657.20,449,F1,1,,,,,
2026-08-27,2026-08-27,CM,NSE,STK,17256,INE155C01010,ALBERTDAVD,EQ,,,,,ALBERT DAVID LIMITED,869.90,899.00,861.00,890.25,893.00,869.70,,890.13,,,8084,7159897.95,805,F1,1,,,,,
2026-08-27,2026-08-27,CM,NSE,STK,18762,INE448V01019,ALCODIS,SM,,,,,ALCOKRAFT DISTILLERIE LTD,69.00,69.00,69.00,69.00,69.00,69.00,,69.00,,,5625,388125.00,1,F1,625,,,,,
2026-08-27,2026-08-27,CM,NSE,STK,79,INE426A01027,ALEMBICLTD,EQ,,,,,ALEMBIC LIMITED,99.00,104.45,97.85,102.77,102.44,98.70,,102.76,,,2895906,296865047.45,21355,F1,1,,,,,
2026-08-27,2026-08-27,CM,NSE,STK,25328,INE901L01018,APLLTD,EQ,,,,,ALEMBIC PHARMA LTD,825.00,848.95,816.10,824.00,825.00,824.80,,823.99,,,285845,236486503.80,14456,F1,1,,,,,
2026-08-27,2026-08-27,CM,NSE,STK,764573,INE782D01027,ALFREDHE,EQ,,,,,ALFRED HERBERT INDIA L,2900.90,3000.00,2900.90,2910.80,2900.90,2901.80,,2910.80,,,16,47009.00,5,F1,1,,,,,
2026-08-27,2026-08-27,CM,NSE,STK,761270,INE598D01035,ALGOQUANT,EQ,,,,,ALGOQUANT FINTECH LIMITED,65.05,66.79,64.38,64.88,65.38,64.98,,64.90,,,1270299,82370339.25,4889,F1,1,,,,,
2026-08-27,2026-08-27,CM,NSE,STK,13656,INE062D01024,ALICON,EQ,,,,,ALICON CASTALLOY LIMITED,691.65,694.95,676.55,683.65,680.00,691.65,,683.60,,,23794,16244631.40,1612,F1,1,,,,,
2026-08-27,2026-08-27,CM,NSE,STK,5265,INE03Q201024,ALIVUS,EQ,,,,,ALIVUS LIFE SCIENCES LTD,1362.90,1400.00,1353.10,1358.20,1360.00,1360.80,,1358.17,,,60525,82966884.10,7495,F1,1,,,,,
2026-08-27,2026-08-27,CM,NSE,STK,16963,INE773I01017,ALKALI,BE,,,,,ALKALI METALS LTD,66.00,66.90,65.11,65.60,65.60,65.95,,65.30,,,960,63257.28,26,F1,1,,,,,
2026-08-27,2026-08-27,CM,NSE,STK,11703,INE540L01014,ALKEM,EQ,,,,,ALKEM LABORATORIES LTD.,5323.50,5358.50,5297.50,5320.00,5320.00,5303.50,,5320.00,,,166838,888066610.50,18558,F1,1,,,,,
2026-08-27,2026-08-27,CM,NSE,STK,4487,INE150B01039,ALKYLAMINE,EQ,,,,,ALKYL AMINES CHEM. LTD,2083.00,2089.40,2026.70,2045.00,2046.00,2089.60,,2045.14,,,59466,122581363.70,11361,F1,1,,,,,
2026-08-27,2026-08-27,CM,NSE,STK,13212,INE0M2X01012,ALLETEC,ST,,,,,ALL E TECHNOLOGIES LTD,119.20,120.50,116.55,116.95,116.55,120.70,,116.95,,,28000,3311660.00,57,F1,400,,,,,
2026-08-27,2026-08-27,CM,NSE,STK,758448,INE0GV601021,ALLTIME,EQ,,,,,ALL TIME PLASTICS LIMITED,206.18,208.60,202.00,206.36,205.10,206.18,,206.36,,,114814,23564868.56,4362,F1,1,,,,,
2026-08-27,2026-08-27,CM,NSE,STK,763784,INE1YPB01014,AGL,EQ,,,,,ALLCARGO GLOBAL LIMITED,14.22,14.85,14.22,14.34,14.33,14.32,,14.34,,,2786057,40548765.57,5799,F1,1,,,,,
2026-08-27,2026-08-27,CM,NSE,STK,13501,INE418H01029,ALLCARGO,EQ,,,,,ALLCARGO LOGISTICS LTD,13.01,13.16,12.40,12.57,12.46,13.32,,12.57,,,23868911,304445076.49,21811,F1,1,,,,,
2026-08-27,2026-08-27,CM,NSE,STK,17778,INE0NN701020,ATL,EQ,,,,,ALLCARGO TERMINALS LTD,26.71,27.37,26.10,26.25,26.31,26.71,,26.25,,,123304,3284111.35,960,F1,1,,,,,
2026-08-27,2026-08-27,CM,NSE,STK,11798,INE835G01018,ALLDIGI,EQ,,,,,ALLDIGI TECH LIMITED,819.30,819.30,795.50,797.20,795.55,815.20,,797.14,,,16931,13555343.70,949,F1,1,,,,,
2026-08-27,2026-08-27,CM,NSE,STK,24308,INE552Z01027,ABDL,EQ,,,,,ALLIED BLEND N DISTILS L,619.90,621.20,605.00,607.50,606.00,613.70,,607.55,,,161808,99001162.00,7169,F1,1,,,,,
2026-08-27,2026-08-27,CM,NSE,STK,14813,INE102I01027,ADSL,EQ,,,,,ALLIED DIGITAL SERV. LTD,109.70,109.79,107.00,107.53,107.30,109.48,,107.53,,,76892,8332474.47,1663,F1,1,,,,,
2026-08-27,2026-08-27,CM,NSE,STK,16719,INE326B01035,ALMONDZ,EQ,,,,,ALMONDZ GLOBAL SEC LTD,14.55,16.50,14.55,16.15,16.40,14.74,,16.15,,,774942,12231691.30,1332,F1,1,,,,,
2026-08-27,2026-08-27,CM,NSE,STK,17675,INE270A01029,ALOKINDS,EQ,,,,,ALOK INDUSTRIES LIMITED,11.35,11.35,9.55,10.43,10.53,11.28,,10.43,,,60004535,620499831.22,70916,F1,1,,,,,
2026-08-27,2026-08-27,CM,NSE,STK,14848,INE385I01010,ALPA,EQ,,,,,ALPA LABORATORIES LTD,62.80,62.80,60.61,61.18,61.99,61.45,,61.18,,,7422,455859.97,201,F1,1,,,,,
2026-08-27,2026-08-27,CM,NSE,STK,22688,INE0R4701017,ALPEXSOLAR,SM,,,,,ALPEX SOLAR LIMITED,875.00,879.85,852.00,861.20,864.00,875.10,,861.20,,,20500,17671885.00,164,F1,100,,,,,
2026-08-27,2026-08-27,CM,NSE,STK,14601,INE137C01018,ALPHAGEO,BE,,,,,ALPHAGEO (INDIA) LIMITED,325.00,325.00,310.00,311.02,313.00,320.16,,311.02,,,11404,3574681.42,225,F1,1,,,,,
2026-08-27,2026-08-27,CM,NSE,STK,764186,INE1JCQ01037,ALPINETEX,EQ,,,,,ALPINE TEXWORLD LIMITED,56.08,56.49,55.35,55.67,55.35,55.77,,55.68,,,124399,6951515.46,1468,F1,1,,,,,
2026-08-27,2026-08-27,CM,NSE,STK,764578,INE058F01019,ALUFLUOR,EQ,,,,,ALUFLUORIDE LTD.,454.10,467.10,454.00,458.50,458.50,453.80,,458.51,,,3929,1803922.90,191,F1,1,,,,,
2026-08-27,2026-08-27,CM,NSE,STK,23474,INE0STM01017,ALUWIND,SM,,,,,ALUWIND INFRA-TECH LTD,48.25,49.50,48.25,48.35,48.35,50.20,,48.35,,,7500,364575.00,5,F1,1500,,,,,
2026-08-27,2026-08-27,CM,NSE,STK,760740,INE121R01077,AMAGI,EQ,,,,,AMAGI MEDIA LABS LIMITED,585.95,590.30,575.55,578.45,578.90,583.90,,578.49,,,171810,99825641.20,6676,F1,1,,,,,
2026-08-27,2026-08-27,CM,NSE,STK,764583,INE841D01013,AMAL,EQ,,,,,AMAL LTD.,745.85,751.95,738.05,741.30,746.00,745.85,,740.79,,,4782,3553600.20,380,F1,1,,,,,
2026-08-27,2026-08-27,CM,NSE,STK,758910,INE084K01015,AMANTA,BE,,,,,AMANTA HEALTHCARE LIMITED,187.21,187.21,187.21,187.21,187.21,191.03,,187.20,,,7318,1370002.78,76,F1,1,,,,,
2026-08-27,2026-08-27,CM,NSE,STK,100,INE885A01032,ARE&M,EQ,,,,,AMARA RAJA ENERGY MOB LTD,920.50,926.35,910.10,911.90,913.20,920.75,,911.90,,,342311,313181691.60,19672,F1,1,,,,,
2026-08-27,2026-08-27,CM,NSE,STK,764588,INE484D01012,AMARJOTHI,EQ,,,,,AMARJOTHI SPINNING MILL L,160.50,160.50,159.00,160.00,160.00,160.50,,161.50,,,153,24516.50,10,F1,1,,,,,
2026-08-27,2026-08-27,CM,NSE,STK,763256,INE293601014,AMBAAUTO,SM,,,,,AMBA AUTO SALES AND SER L,113.95,117.80,113.50,115.20,115.00,113.95,,115.20,,,126000,14469700.00,14,F1,1000,,,,,
2026-08-27,2026-08-27,CM,NSE,STK,762546,INE432A01017,AMBALALSA,BE,,,,,AMBALAL SARABHAI ENT L,43.85,44.90,42.80,43.13,43.81,43.33,,43.51,,,26331,1146576.18,144,F1,1,,,,,
2026-08-27,2026-08-27,CM,NSE,STK,4083,INE00C501018,AMBANIORGO,SM,,,,,AMBANI ORGOCHEM LIMITED,110.00,110.00,110.00,110.00,110.00,110.10,,110.00,,,1000,110000.00,1,F1,1000,,,,,
2026-08-27,2026-08-27,CM,NSE,STK,1185,INE371P01015,AMBER,EQ,,,,,AMBER ENTERPRISES (I) LTD,7466.00,7760.00,7465.50,7701.00,7701.00,7466.00,,7700.82,,,610657,4695777456.50,60299,F1,1,,,,,
2026-08-27,2026-08-27,CM,NSE,STK,11496,INE792B01012,AMBICAAGAR,EQ,,,,,AMBICA AGAR & AROMAINDLTD,24.46,27.49,24.46,24.97,24.97,24.98,,24.97,,,920,22872.82,35,F1,1,,,,,
2026-08-27,2026-08-27,CM,NSE,STK,15234,INE540G01014,AMBIKCO,EQ,,,,,AMBIKA COTTON MILL LTD.,1651.90,1651.90,1628.00,1636.70,1630.10,1639.20,,1636.61,,,5586,9156448.80,778,F1,1,,,,,
2026-08-27,2026-08-27,CM,NSE,STK,1270,INE079A01024,AMBUJACEM,EQ,,,,,AMBUJA CEMENTS LTD,420.00,422.50,411.05,411.05,411.05,419.20,,411.33,,,1071242,445153705.05,19458,F1,1,,,,,
2026-08-27,2026-08-27,CM,NSE,STK,14398,INE005I01014,AMDIND,EQ,,,,,AMD INDUSTRIES LIMITED,52.51,54.50,52.41,53.33,52.60,52.59,,53.38,,,17333,924506.46,194,F1,1,,,,,
2026-08-27,2026-08-27,CM,NSE,STK,19867,INE275D01022,AMNPLST,EQ,,,,,AMINES & PLASTICIZERS LTD,193.07,193.07,184.00,186.81,187.63,189.28,,186.78,,,2281,425215.75,97,F1,1,,,,,
2026-08-27,2026-08-27,CM,NSE,STK,761670,INE05TO01019,AEROPLANE,EQ,,,,,AMIR CHAND JAG KUM (E) L,175.25,176.17,170.05,171.41,171.90,174.99,,171.41,,,231566,39879953.66,3437,F1,1,,,,,
2026-08-27,2026-08-27,CM,NSE,STK,2598,INE606A01024,AMJLAND,EQ,,,,,AMJ LAND HOLDINGS LIMITED,38.68,39.43,38.68,39.22,39.00,38.68,,39.22,,,9682,377763.88,74,F1,1,,,,,
2026-08-27,2026-08-27,CM,NSE,STK,17547,INE098F01031,AMRUTANJAN,EQ,,,,,AMRUTAJAN HEALTH LTD,527.00,527.75,506.55,517.05,514.70,527.75,,517.05,,,93176,48091901.05,4812,F1,1,,,,,
2026-08-27,2026-08-27,CM,NSE,STK,759956,INE549H01021,ARSSBL,EQ,,,,,ANAND RATHI SH N STK BR L,529.70,529.70,515.00,517.05,516.50,526.30,,516.96,,,77288,40163285.20,2758,F1,1,,,,,
2026-08-27,2026-08-27,CM,NSE,STK,7145,INE463V01026,ANANDRATHI,EQ,,,,,ANAND RATHI WEALTH LTD,2191.00,2195.00,2169.20,2182.90,2188.00,2179.40,,2182.91,,,124936,272564003.40,15232,F1,1,,,,,
2026-08-27,2026-08-27,CM,NSE,STK,13620,INE242C01024,ANANTRAJ,EQ,,,,,ANANT RAJ LIMITED,608.70,610.75,603.00,605.25,604.85,606.35,,605.25,,,823699,499817154.10,21730,F1,1,,,,,
2026-08-27,2026-08-27,CM,NSE,STK,759363,INE1UA823019,ANANTAM,IV,,,,,ANANTAM HIGHWAYS TRUST,105.10,105.10,104.75,104.99,104.95,104.94,,104.99,,,23527,2470177.62,160,F1,1,,,,,
2026-08-27,2026-08-27,CM,NSE,STK,764446,INE1J5V01013,ANAWIL,SM,,,,,ANAWIL WIRE AND ENGIN LTD,425.30,438.00,420.00,421.20,420.05,427.65,,421.20,,,154800,66161180.00,346,F1,400,,,,,
2026-08-27,2026-08-27,CM,NSE,STK,758427,INE0VG001016,AMCL,SM,,,,,ANB METAL CAST LIMITED,359.00,372.85,350.00,368.00,368.00,358.00,,368.00,,,19200,6774760.00,16,F1,400,,,,,
2026-08-27,2026-08-27,CM,NSE,STK,15420,INE666E01020,ACL,EQ,,,,,ANDHRA CEMENTS LIMITED,44.95,45.00,43.75,44.06,44.00,44.38,,44.07,,,16516,732793.96,285,F1,1,,,,,
2026-08-27,2026-08-27,CM,NSE,STK,166,INE435A01051,ANDHRAPAP,EQ,,,,,ANDHRA PAPER LIMITED,60.46,60.99,59.81,60.11,60.20,60.46,,60.11,,,129859,7846813.29,2083,F1,1,,,,,
2026-08-27,2026-08-27,CM,NSE,STK,136,INE715B01021,ANDHRSUGAR,EQ,,,,,ANDHRA SUGARS LTD,99.00,99.49,95.00,95.45,95.63,99.02,,95.46,,,434209,41968418.32,4457,F1,1,,,,,
2026-08-27,2026-08-27,CM,NSE,STK,5206,INE449C01025,ANDREWYU,EQ,,,,,ANDREW YULE & CO. LTD.,28.65,29.62,27.56,27.99,27.71,29.44,,28.01,,,278374,7933389.72,926,F1,1,,,,,
2026-08-27,2026-08-27,CM,NSE,STK,324,INE732I01021,ANGELONE,EQ,,,,,ANGEL ONE LIMITED,298.85,300.20,294.90,295.90,295.90,298.85,,295.90,,,3766886,1120876857.80,37546,F1,1,,,,,
2026-08-27,2026-08-27,CM,NSE,STK,482,INE635Y01015,AISL,SM,,,,,ANI INTEGRATED SERV LTD.,52.35,57.00,52.35,56.60,57.00,55.10,,56.60,,,2400,130770.00,4,F1,600,,,,,
2026-08-27,2026-08-27,CM,NSE,STK,16657,INE087B01017,ANIKINDS,EQ,,,,,ANIK INDUSTRIES LTD,47.40,47.70,46.50,46.50,46.50,47.21,,46.51,,,5680,264999.33,35,F1,1,,,,,
2026-08-27,2026-08-27,CM,NSE,STK,20453,INE071F01012,APCL,EQ,,,,,ANJANI PORTLAND CEM LTD,104.50,104.50,101.00,101.16,101.13,101.97,,101.16,,,2129,215717.18,86,F1,1,,,,,
2026-08-27,2026-08-27,CM,NSE,STK,25878,INE106I01010,ANKITMETAL,BZ,,,,,ANKIT MET & POW LTD,1.98,1.98,1.80,1.80,1.80,1.89,,1.80,,,67600,131108.77,103,F1,1,,,,,
2026-08-27,2026-08-27,CM,NSE,STK,758968,INE0Y8W01025,AHCL,EQ,,,,,ANLON HEALTHCARE LIMITED,15.10,15.80,15.10,15.60,15.61,15.11,,15.60,,,4430962,68843029.23,5537,F1,1,,,,,
2026-08-27,2026-08-27,CM,NSE,STK,13657,INE0LR101013,ANLON,SM,,,,,ANLON TECHNOLOGY SOL LTD,644.00,647.00,637.10,640.10,640.10,640.00,,640.10,,,2400,1540800.00,6,F1,400,,,,,
2026-08-27,2026-08-27,CM,NSE,STK,3727,INE02AR01019,ANMOL,EQ,,,,,ANMOL INDIA LIMITED,10.16,10.16,9.67,9.99,10.05,10.03,,9.99,,,15057,149441.62,124,F1,1,,,,,
2026-08-27,2026-08-27,CM,NSE,STK,764471,INE0MGM01017,ANNAPURNA,EQ,,,,,ANNAPURNA SWADISHT LTD,150.85,152.70,144.35,146.40,149.95,148.85,,146.40,,,46443,6856073.45,779,F1,1,,,,,
2026-08-27,2026-08-27,CM,NSE,STK,758740,INE0VTV01012,ANONDITA,SM,,,,,ANONDITA MEDICARE LIMITED,1038.20,1041.00,1015.00,1023.80,1025.00,1043.70,,1023.80,,,27400,28135190.00,126,F1,200,,,,,
2026-08-27,2026-08-27,CM,NSE,STK,765020,INE030C01015,ANSALBU,EQ,,,,,ANSAL BUILDWELL LTD.,73.50,85.69,72.01,85.69,85.69,72.01,,85.69,,,263,20425.84,4,F1,1,,,,,
2026-08-27,2026-08-27,CM,NSE,STK,19677,INE436A01026,ANSALAPI,BZ,,,,,ANSAL PROP & INFRA LTD,3.29,3.35,3.29,3.29,3.29,3.35,,3.33,,,39615,130335.15,19,F1,1,,,,,
2026-08-27,2026-08-27,CM,NSE,STK,5194,INE414B01021,ANTGRAPHIC,EQ,,,,,ANTARCTICA LTD,0.73,0.74,0.72,0.72,0.72,0.73,,0.72,,,54840,39778.36,105,F1,1,,,,,
2026-08-27,2026-08-27,CM,NSE,STK,13598,INE818A01017,ANTELOPUS,EQ,,,,,ANTELOPUS SELAN ENRGY LTD,787.00,793.85,778.00,781.20,784.00,792.05,,781.16,,,46134,36067902.65,2412,F1,1,,,,,
2026-08-27,2026-08-27,CM,NSE,STK,757885,INE0CZ201020,ANTHEM,EQ,,,,,ANTHEM BIOSCIENCES LTD,928.00,942.60,918.65,924.60,922.30,923.05,,924.58,,,1211725,1127976830.90,75848,F1,1,,,,,
2026-08-27,2026-08-27,CM,NSE,STK,1797,INE01BK01022,AWHCL,EQ,,,,,ANTONY WASTE HDG CELL LTD,383.05,392.00,383.05,389.20,387.80,384.50,,389.17,,,85317,33084901.20,4016,F1,1,,,,,
2026-08-27,2026-08-27,CM,NSE,STK,28314,INE489G01022,ANUHPHR,EQ,,,,,ANUH PHARMA LIMITED,79.97,84.39,78.45,83.58,83.00,79.02,,83.58,,,339632,27937899.98,3914,F1,1,,,,,
2026-08-27,2026-08-27,CM,NSE,STK,2829,INE930P01018,ANURAS,EQ,,,,,ANUPAM RASAYAN INDIA LTD,1265.50,1270.00,1256.00,1259.80,1260.50,1267.60,,1259.81,,,136325,172182318.60,5319,F1,1,,,,,
2026-08-27,2026-08-27,CM,NSE,STK,28983,INE0SI601032,ANYA,SM,,,,,ANYA POLYTECH & FERTI LTD,14.90,15.20,14.90,15.20,15.20,14.80,,15.20,,,10000,150500.00,2,F1,5000,,,,,
2026-08-27,2026-08-27,CM,NSE,STK,758904,INF1J2R01114,AONEGOLD,EQ,,,,,AONEAMC - AONEGOLD,15.05,15.05,14.47,14.65,14.70,14.90,,14.65,,,1592797,23325134.03,1884,F1,1,,,,,
2026-08-27,2026-08-27,CM,NSE,STK,30472,INF1J2R01056,AONELIQUID,EQ,,,,,AONEAMC - AONELIQUID,1074.34,1074.34,1074.32,1074.32,1074.32,1074.19,,1074.32,,,6798,7303269.38,89,F1,1,,,,,
2026-08-27,2026-08-27,CM,NSE,STK,757096,INF1J2R01064,AONENIFTY,EQ,,,,,AONEAMC - AONENIFTY,10.28,10.28,9.93,9.96,9.99,10.03,,9.96,,,135846,1357513.30,1076,F1,1,,,,,
2026-08-27,2026-08-27,CM,NSE,STK,760193,INF1J2R01171,AONESILVER,EQ,,,,,AONEAMC - AONESILVER,9.24,9.24,8.97,9.04,9.05,9.18,,9.04,,,759233,6872483.27,1377,F1,1,,,,,
2026-08-27,2026-08-27,CM,NSE,STK,759992,INF1J2R01148,AONETMMQ50,EQ,,,,,AONEAMC - AONETMMQ50,10.58,10.58,10.40,10.43,10.41,10.41,,10.43,,,122907,1282898.36,250,F1,1,,,,,
2026-08-27,2026-08-27,CM,NSE,STK,29975,INF1J2R01015,AONETOTAL,EQ,,,,,AONEAMC - AONETOTAL,12.11,12.12,12.01,12.02,12.01,12.05,,12.02,,,261393,3149886.38,1113,F1,1,,,,,
2026-08-27,2026-08-27,CM,NSE,STK,11491,INE372A01015,APARINDS,EQ,,,,,APAR INDUSTRIES LTD.,17190.00,18075.00,17189.00,17900.00,17835.00,17063.00,,17900.12,,,214866,3819307466.00,53053,F1,1,,,,,
2026-08-27,2026-08-27,CM,NSE,STK,154,INE116A01032,APCOTEXIND,EQ,,,,,APCOTEX INDUSTRIES LIMITE,615.00,622.00,608.00,611.65,612.00,611.25,,611.65,,,84346,51868498.10,3663,F1,1,,,,,
2026-08-27,2026-08-27,CM,NSE,STK,27291,INE0T4V01015,APEXECO,ST,,,,,APEX ECOTECH LIMITED,243.00,247.25,242.00,242.00,242.00,242.25,,242.00,,,4800,1175000.00,6,F1,800,,,,,
2026-08-27,2026-08-27,CM,NSE,STK,21623,INE346W01013,APEX,EQ,,,,,APEX FROZEN FOODS LIMITED,385.50,390.00,381.00,383.45,386.00,382.50,,383.46,,,129470,49772546.05,4429,F1,1,,,,,
2026-08-27,2026-08-27,CM,NSE,STK,25780,INE702C01027,APLAPOLLO,EQ,,,,,APL APOLLO TUBES LTD,2159.00,2235.20,2154.90,2188.00,2188.00,2159.00,,2187.89,,,1061660,2335070267.30,49137,F1,1,,,,,
2026-08-27,2026-08-27,CM,NSE,STK,757174,INE0TLC07044,930APMD34,N0,,,,,APMDC 9.30% 2034 STRPP H,106800.00,106800.00,106800.00,106800.00,106800.00,106800.00,,106800.00,,,3,320400.00,1,F1,1,,,,,
2026-08-27,2026-08-27,CM,NSE,STK,157,INE437A01024,APOLLOHOSP,EQ,,,,,APOLLO HOSPITALS ENTER. L,8849.00,8868.00,8758.50,8800.00,8800.00,8766.50,,8800.01,,,270047,2375248330.50,20713,F1,1,,,,,
2026-08-27,2026-08-27,CM,NSE,STK,1134,INE713T01028,APOLLO,EQ,,,,,APOLLO MICRO SYSTEMS LTD,386.00,392.45,385.80,386.35,386.00,388.00,,386.36,,,4108063,1597094496.60,25838,F1,1,,,,,
2026-08-27,2026-08-27,CM,NSE,STK,14361,INE126J01016,APOLLOPIPE,EQ,,,,,APOLLO PIPES LIMITED,646.95,667.65,635.70,638.55,640.70,653.10,,638.56,,,243918,158185586.15,9654,F1,1,,,,,
2026-08-27,2026-08-27,CM,NSE,STK,6302,INE451F01024,APOLSINHOT,EQ,,,,,APOLLO SINDOORI HOTEL LTD,1195.20,1260.40,1151.00,1235.30,1243.90,1190.70,,1235.30,,,2414,2944225.80,309,F1,1,,,,,
2026-08-27,2026-08-27,CM,NSE,STK,12210,INE438A01022,APOLLOTYRE,BL,,,,,APOLLO TYRES LTD,435.00,435.00,435.00,435.00,435.00,525.75,,435.00,,,27010000,11749350000.00,3,F1,999999999,,,,,
2026-08-27,2026-08-27,CM,NSE,STK,163,INE438A01022,APOLLOTYRE,EQ,,,,,APOLLO TYRES LTD,445.15,448.00,439.35,443.25,444.40,443.05,,443.26,,,538426,238618982.80,19986,F1,1,,,,,
2026-08-27,2026-08-27,CM,NSE,STK,24638,INE0LQG01010,APRAMEYA,SM,,,,,APRAMEYA ENGINEERING LTD,132.05,132.05,125.00,126.00,127.00,133.00,,126.00,,,15000,1939950.00,19,F1,500,,,,,
2026-08-27,2026-08-27,CM,NSE,STK,760366,INE0M2307370,915APSBC28,N0,,,,,APSBC 9.15% 2028 STRPP C,101824.79,101824.79,101824.79,101824.79,101824.79,101711.00,,101824.79,,,1,101824.79,1,F1,1,,,,,
2026-08-27,2026-08-27,CM,NSE,STK,761435,INE1OOJ01011,APSISAERO,ST,,,,,APSIS AEROCOM LIMITED,545.40,545.40,545.40,545.40,545.40,534.75,,545.40,,,9600,5235840.00,6,F1,1200,,,,,
2026-08-27,2026-08-27,CM,NSE,STK,14074,INE266F01018,APTECHT,BE,,,,,APTECH LIMITED,91.55,92.42,90.00,90.28,91.00,91.51,,90.31,,,60267,5459146.87,521,F1,1,,,,,
2026-08-27,2026-08-27,CM,NSE,STK,5435,INE852O01025,APTUS,EQ,,,,,APTUS VALUE HSG FIN I LTD,258.50,259.75,255.10,256.45,255.35,258.50,,256.47,,,903961,232304845.00,18614,F1,1,,,,,
2026-08-27,2026-08-27,CM,NSE,STK,23365,INE416A01051,AQYLON,EQ,,,,,AQYLON NEXUS LIMITED,23.26,25.10,22.83,23.27,23.10,23.95,,23.29,,,4774267,114366245.38,14402,F1,1,,,,,
2026-08-27,2026-08-27,CM,NSE,STK,758670,INE0YDV01010,ARCIIL,SM,,,,,ARC INSULATION & INSU LTD,35.50,37.20,35.50,36.85,36.85,36.85,,36.85,,,23000,847350.00,10,F1,1000,,,,,
2026-08-27,2026-08-27,CM,NSE,STK,12024,INE128X01021,ACI,EQ,,,,,ARCHEAN CHEMICAL IND LTD,490.00,490.30,482.30,483.95,482.95,489.90,,483.98,,,346464,168315061.50,16678,F1,1,,,,,
2026-08-27,2026-08-27,CM,NSE,STK,245,INE0CHO01012,ADL,EQ,,,,,ARCHIDPLY DECOR LIMITED,72.45,72.45,70.45,70.91,70.96,72.47,,71.37,,,369,26561.39,22,F1,1,,,,,
2026-08-27,2026-08-27,CM,NSE,STK,16795,INE877I01016,ARCHIDPLY,EQ,,,,,ARCHIDPLY IND. LTD,114.95,114.99,102.26,103.04,104.30,112.94,,103.14,,,113517,11986833.67,1843,F1,1,,,,,
2026-08-27,2026-08-27,CM,NSE,STK,5688,INE731A01020,ARCHIES,EQ,,,,,ARCHIES LTD,13.90,13.90,13.35,13.40,13.38,13.51,,13.40,,,12809,173535.42,51,F1,1,,,,,
2026-08-27,2026-08-27,CM,NSE,STK,764598,INE372M01010,ARCL,EQ,,,,,ARCL ORGANICS LTD.,234.45,234.45,223.00,232.00,232.00,228.00,,236.35,,,161,36408.33,13,F1,1,,,,,
2026-08-27,2026-08-27,CM,NSE,STK,764480,INE0XNF01022,ARDEE,EQ,,,,,ARDEE INDUSTRIES LIMITED,55.95,60.49,55.95,59.28,59.29,55.92,,59.28,,,8140152,475366751.16,30912,F1,1,,,,,
2026-08-27,2026-08-27,CM,NSE,STK,758700,INE784R01023,ARFIN,EQ,,,,,ARFIN INDIA LIMITED,84.25,85.77,84.05,85.40,85.57,84.21,,85.41,,,942597,79702478.62,2075,F1,1,,,,,
2026-08-27,2026-08-27,CM,NSE,STK,13092,INE0L2Y01011,ARHAM,SM,,,,,ARHAM TECHNOLOGIES LTD,215.00,215.00,210.00,211.75,211.00,214.15,,211.75,,,11000,2341450.00,11,F1,1000,,,,,
2026-08-27,2026-08-27,CM,NSE,STK,15204,INE298I01015,ARIES,EQ,,,,,ARIES AGRO LTD.,492.60,510.00,488.10,490.65,489.10,503.70,,490.69,,,151168,75341005.60,6853,F1,1,,,,,
2026-08-27,2026-08-27,CM,NSE,STK,13340,INE0NCC01015,ARIHANTACA,SM,,,,,ARIHANT ACADEMY LIMITED,449.95,449.95,449.95,449.95,449.95,435.00,,449.95,,,800,359960.00,2,F1,400,,,,,
2026-08-27,2026-08-27,CM,NSE,STK,3813,INE420B01036,ARIHANTCAP,EQ,,,,,ARIHANT CAPITAL MKTS LTD,79.86,80.66,78.35,78.62,78.75,79.91,,78.62,,,150781,11968847.16,992,F1,1,,,,,
2026-08-27,2026-08-27,CM,NSE,STK,13885,INE413D01011,ARIHANT,EQ,,,,,ARIHANT FOUN & HOU LTD,970.00,1009.90,945.30,974.80,975.00,973.30,,975.28,,,11973,11771223.30,747,F1,1,,,,,
2026-08-27,2026-08-27,CM,NSE,STK,20159,INE643K01018,ARIHANTSUP,EQ,,,,,ARIHANT SUPERSTRUCT LTD,263.90,269.70,259.45,261.50,262.20,259.45,,261.50,,,7478,1983029.80,336,F1,1,,,,,
2026-08-27,2026-08-27,CM,NSE,STK,757614,INE0H9P01028,ARIS,EQ,,,,,ARISINFRA SOLUTIONS LTD,149.04,150.70,143.25,143.89,143.25,147.96,,143.89,,,1780386,261817182.06,12051,F1,1,,,,,
2026-08-27,2026-08-27,CM,NSE,STK,13926,INE082101010,ARISTO,SM,,,,,ARISTO BIO T AND LIFESC L,108.00,108.00,107.00,107.00,107.00,108.00,,107.00,,,1600,172000.00,2,F1,800,,,,,
2026-08-27,2026-08-27,CM,NSE,STK,25398,INE0QRL01017,ARKADE,EQ,,,,,ARKADE DEVELOPERS LIMITED,128.49,129.75,127.11,127.25,127.11,128.02,,127.20,,,166111,21237191.18,1635,F1,1,,,,,
2026-08-27,2026-08-27,CM,NSE,STK,17263,INE109C01017,ARMANFIN,EQ,,,,,ARMAN FIN SERV LTD,1975.00,1979.90,1955.00,1967.10,1970.40,1977.80,,1967.10,,,25618,50426864.30,4634,F1,1,,,,,
2026-08-27,2026-08-27,CM,NSE,STK,760752,INE0TZX01019,ARMOUR,ST,,,,,ARMOUR SECURITY (INDIA) L,18.15,18.15,18.10,18.10,18.10,18.85,,18.10,,,6000,108800.00,3,F1,2000,,,,,
2026-08-27,2026-08-27,CM,NSE,STK,14557,INE210C01013,AROGRANITE,EQ,,,,,ARO GRANITE IND. LTD.,25.49,25.75,24.75,25.59,25.49,25.49,,25.59,,,8920,227953.20,86,F1,1,,,,,
2026-08-27,2026-08-27,CM,NSE,STK,9264,INE570D01018,ARROWGREEN,BE,,,,,ARROW GREENTECH LIMITED,691.00,709.00,680.10,689.10,693.00,693.05,,689.13,,,10996,7641652.45,273,F1,1,,,,,
2026-08-27,2026-08-27,CM,NSE,STK,29015,INE968D01022,ARSHIYA,BZ,,,,,ARSHIYA LIMITED,0.86,0.87,0.81,0.84,0.84,0.85,,0.84,,,187556,156079.03,114,F1,1,,,,,
2026-08-27,2026-08-27,CM,NSE,STK,761330,INE757T01025,AEPL,EQ,,,,,ARTEMIS ELECTRICALS & P L,15.55,15.55,14.66,15.39,15.51,15.10,,15.38,,,12516,188217.43,149,F1,1,,,,,
2026-08-27,2026-08-27,CM,NSE,STK,16913,INE025R01021,ARTEMISMED,EQ,,,,,ARTEMIS MED SERVICE LTD,322.95,325.90,315.50,316.95,315.90,323.50,,316.95,,,228372,73013031.45,8971,F1,1,,,,,
2026-08-27,2026-08-27,CM,NSE,STK,756896,INE0TTG01017,ARUNAYA,SM,,,,,ARUNAYA ORGANICS LIMITED,14.85,14.85,14.30,14.30,14.30,14.90,,14.30,,,6000,87000.00,3,F1,2000,,,,,
2026-08-27,2026-08-27,CM,NSE,STK,2814,INE006Z01016,ARVEE,EQ,,,,,ARVEE LABORATORIES I LTD,174.00,174.40,164.25,170.59,170.00,174.80,,170.59,,,3030,515168.81,135,F1,1,,,,,
2026-08-27,2026-08-27,CM,NSE,STK,9111,INE955V01021,ARVINDFASN,EQ,,,,,ARVIND FASHIONS LIMITED,445.00,451.05,437.05,449.40,450.00,443.50,,449.42,,,137480,61311519.75,11741,F1,1,,,,,
2026-08-27,2026-08-27,CM,NSE,STK,193,INE034A01011,ARVIND,EQ,,,,,ARVIND LIMITED,539.00,546.70,532.90,540.95,544.40,541.95,,540.96,,,651136,352685951.80,28510,F1,1,,,,,
2026-08-27,2026-08-27,CM,NSE,STK,19579,INE0P4T01013,ARVINDPORT,SM,,,,,ARVIND PORT AND INFRA LTD,31.05,32.45,31.05,32.45,32.45,32.10,,32.45,,,15000,475575.00,10,F1,1500,,,,,
2026-08-27,2026-08-27,CM,NSE,STK,10457,INE034S01021,ARVSMART,EQ,,,,,ARVIND SMARTSPACES LTD,671.00,677.95,648.60,652.65,652.10,670.70,,652.69,,,123741,81328598.60,4088,F1,1,,,,,
2026-08-27,2026-08-27,CM,NSE,STK,764603,INE032E01017,ARYAMAN,EQ,,,,,ARYAMAN FINANCIAL SERV L,625.00,625.00,625.00,625.00,625.00,625.00,,625.50,,,1,625.00,1,F1,1,,,,,
2026-08-27,2026-08-27,CM,NSE,STK,5378,INE439A01020,ASAHIINDIA,EQ,,,,,ASAHI INDIA GLASS LIMITED,950.10,961.90,941.15,951.25,958.00,951.15,,951.34,,,91523,87204036.45,10156,F1,1,,,,,
2026-08-27,2026-08-27,CM,NSE,STK,25092,INE228I01012,ASAHISONG,BE,,,,,ASAHI SONGWON COLOR LTD,364.55,370.00,360.05,365.90,361.50,364.85,,365.85,,,5181,1882162.05,103,F1,1,,,,,
2026-08-27,2026-08-27,CM,NSE,STK,15001,INE08KD01015,ASCOM,SM,,,,,ASCOM LEASIN & INVEST LTD,210.90,210.90,210.90,210.90,210.90,221.95,,210.90,,,500,105450.00,1,F1,500,,,,,
2026-08-27,2026-08-27,CM,NSE,STK,24711,INE0LAA01017,ASHALOG,SM,,,,,ASHAPURA LOGISTICS LTD,64.95,66.00,64.95,64.95,64.95,63.00,,64.95,,,4000,260900.00,4,F1,1000,,,,,
2026-08-27,2026-08-27,CM,NSE,STK,203,INE348A01023,ASHAPURMIN,EQ,,,,,ASHAPURA MINECHEM LTD,591.00,596.65,575.00,578.05,579.50,592.45,,578.01,,,327118,191066425.60,12486,F1,1,,,,,
2026-08-27,2026-08-27,CM,NSE,STK,24403,INE365D01021,ASHIANA,EQ,,,,,ASHIANA HOUSING LTD,368.70,369.45,364.50,365.55,367.30,368.70,,365.55,,,15013,5513090.25,511,F1,1,,,,,
2026-08-27,2026-08-27,CM,NSE,STK,762551,INE094B01013,ASHIKAG,BE,,,,,ASHIKA GLOBAL SEC LTD,434.90,444.90,430.00,439.20,440.00,432.20,,439.29,,,33826,14815796.40,174,F1,1,,,,,
2026-08-27,2026-08-27,CM,NSE,STK,206,INE440A01010,ASHIMASYN,EQ,,,,,ASHIMA LTD,17.95,19.70,17.95,18.87,18.67,18.12,,18.87,,,263967,5026646.17,1088,F1,1,,,,,
2026-08-27,2026-08-27,CM,NSE,STK,212,INE208A01029,ASHOKLEY,EQ,,,,,ASHOK LEYLAND LTD,180.60,181.84,176.79,177.40,177.40,179.05,,177.42,,,14150948,2518748847.20,68341,F1,1,,,,,
2026-08-27,2026-08-27,CM,NSE,STK,20182,INE442H01029,ASHOKA,EQ,,,,,ASHOKA BUILDCON LTD,113.70,114.86,112.80,113.05,112.82,114.07,,113.04,,,305638,34762935.63,3524,F1,1,,,,,
2026-08-27,2026-08-27,CM,NSE,STK,16943,INE760Y01011,ASHOKAMET,EQ,,,,,ASHOKA METCAST LIMITED,13.55,13.58,13.00,13.51,13.58,13.50,,13.53,,,12184,161657.94,111,F1,1,,,,,
2026-08-27,2026-08-27,CM,NSE,STK,7030,INE276G01015,ASIANENE,EQ,,,,,ASIAN ENERGY SERVICES LTD,480.00,498.00,476.20,492.70,491.45,478.55,,492.64,,,539333,264611118.75,13158,F1,1,,,,,
2026-08-27,2026-08-27,CM,NSE,STK,14889,INE022I01019,ASIANTILES,EQ,,,,,ASIAN GRANITO IND. LTD.,47.00,47.55,46.77,47.02,47.31,46.72,,47.02,,,3539428,166504024.58,4056,F1,1,,,,,
2026-08-27,2026-08-27,CM,NSE,STK,19438,INE926K01017,AHLEAST,EQ,,,,,ASIAN HOTELS (EAST) LTD,139.50,139.51,135.00,136.73,137.00,138.66,,136.73,,,1870,255951.84,50,F1,1,,,,,
2026-08-27,2026-08-27,CM,NSE,STK,18422,INE363A01022,ASIANHOTNR,EQ,,,,,ASIAN HOTELS (NORTH) LTD,308.35,314.40,305.00,312.05,311.50,306.70,,312.05,,,101028,31139812.95,685,F1,1,,,,,
2026-08-27,2026-08-27,CM,NSE,STK,19370,INE915K01010,AHLWEST,BE,,,,,ASIAN HOTELS (WEST) LTD,520.05,522.00,501.10,508.00,508.00,521.10,,535.85,,,1336,693996.60,23,F1,1,,,,,
2026-08-27,2026-08-27,CM,NSE,STK,236,INE021A01026,ASIANPAINT,EQ,,,,,ASIAN PAINTS LIMITED,2637.90,2655.90,2627.90,2631.00,2631.00,2626.50,,2630.44,,,525106,1387155598.30,45120,F1,1,,,,,
2026-08-27,2026-08-27,CM,NSE,STK,765025,INE822B01017,ASIANTNE,EQ,,,,,ASIAN TEA & EXPORTS LTD.,9.38,9.74,9.32,9.65,9.70,9.57,,9.69,,,4657,44639.31,50,F1,1,,,,,
2026-08-27,2026-08-27,CM,NSE,STK,20152,INE491J01022,ASKAUTOLTD,EQ,,,,,ASK AUTOMOTIVE LIMITED,620.90,620.90,603.10,606.05,609.85,617.00,,605.86,,,116536,71142892.75,9891,F1,1,,,,,
2026-08-27,2026-08-27,CM,NSE,STK,17270,INE991I01015,ASPINWALL,EQ,,,,,ASPINWALL & CO LTD,259.92,269.06,258.00,261.26,261.00,259.15,,261.26,,,3080,809262.39,108,F1,1,,,,,
2026-08-27,2026-08-27,CM,NSE,STK,17598,INE073G01016,ASALCBR,EQ,,,,,ASSO ALCOHOLS & BREW LTD,732.25,732.45,711.85,716.40,719.80,727.95,,716.43,,,13921,10013287.55,1271,F1,1,,,,,
2026-08-27,2026-08-27,CM,NSE,STK,17728,INE563J01010,ASTEC,EQ,,,,,ASTEC LIFESCIENCES LTD,594.05,596.75,583.80,585.90,584.10,593.50,,585.90,,,13787,8124445.35,1071,F1,1,,,,,
2026-08-27,2026-08-27,CM,NSE,STK,1508,INE914M01019,ASTERDM,EQ,,,,,ASTER DM QUALITY CARE LTD,762.50,762.50,751.00,754.80,754.60,762.10,,754.81,,,1730822,1308847857.65,69176,F1,1,,,,,
2026-08-27,2026-08-27,CM,NSE,STK,11618,INE386C01029,ASTRAMICRO,EQ,,,,,ASTRA MICROWAVE LTD,1707.10,1715.00,1680.70,1687.50,1684.80,1698.70,,1687.52,,,128292,217687473.20,10280,F1,1,,,,,
2026-08-27,2026-08-27,CM,NSE,STK,14418,INE006I01046,ASTRAL,EQ,,,,,ASTRAL LIMITED,1526.10,1547.50,1521.30,1529.20,1529.20,1526.10,,1529.24,,,346093,530681312.80,27263,F1,1,,,,,
2026-08-27,2026-08-27,CM,NSE,STK,5610,INE203A01020,ASTRAZEN,EQ,,,,,ASTRAZENECA PHARMA IND LT,7170.00,7200.00,7070.00,7136.00,7106.00,7153.00,,7133.47,,,6394,45635457.00,2072,F1,1,,,,,
2026-08-27,2026-08-27,CM,NSE,STK,764445,INE646X01014,ASTRON,BZ,,,,,ASTRON PAPER BORD MIL LTD,2.92,3.12,2.92,3.08,3.09,3.03,,3.08,,,28390,86186.79,94,F1,1,,,,,
2026-08-27,2026-08-27,CM,NSE,STK,15649,INE0ALR01029,ATALREAL,EQ,,,,,ATAL REALTECH LIMITED,34.60,36.14,34.60,35.13,35.20,34.60,,35.13,,,16250514,576210655.42,10903,F1,1,,,,,
2026-08-27,2026-08-27,CM,NSE,STK,15404,INE09KD01013,ATAM,EQ,,,,,ATAM VALVES LIMITED,57.80,57.80,56.13,56.51,56.50,56.79,,56.51,,,5973,339157.30,175,F1,1,,,,,
2026-08-27,2026-08-27,CM,NSE,STK,756405,INE0V0Q01019,ATCENERGY,ST,,,,,ATC ENERGIES SYSTEM LTD,22.40,22.40,22.40,22.40,22.40,22.00,,22.40,,,1200,26880.00,1,F1,1200,,,,,
2026-08-27,2026-08-27,CM,NSE,STK,757645,INE0LEZ01016,ATHERENERG,EQ,,,,,ATHER ENERGY LIMITED,1485.00,1513.00,1472.30,1495.30,1495.30,1494.60,,1493.54,,,2754306,4123244610.60,68604,F1,1,,,,,
2026-08-27,2026-08-27,CM,NSE,STK,760953,IN90NN701011,ATLPP,E1,,,,,ATL RE.0.50 PPD UP,10.45,10.50,9.05,9.66,9.66,9.19,,10.01,,,39021,392931.40,459,F1,1,,,,,
2026-08-27,2026-08-27,CM,NSE,STK,759007,INE0Z4F01028,ATLANTAELE,EQ,,,,,ATLANTA ELECTRICALS LTD,1725.90,1725.90,1668.00,1674.90,1670.10,1725.10,,1674.88,,,96691,163443152.20,11280,F1,1,,,,,
2026-08-27,2026-08-27,CM,NSE,STK,13585,INE285H01022,ATLANTAA,EQ,,,,,ATLANTAA LIMITED,37.99,38.00,37.00,37.64,37.74,37.41,,37.66,,,20034,749714.72,330,F1,1,,,,,
2026-08-27,2026-08-27,CM,NSE,STK,4568,INE446A01025,ATLASCYCLE,EQ,,,,,ATLAS CYCLE (HARYANA) LTD,95.61,97.10,95.61,96.28,96.96,96.63,,96.06,,,1180,113552.35,39,F1,1,,,,,
2026-08-27,2026-08-27,CM,NSE,STK,22785,INE05DH01017,ATMASTCO,SM,,,,,ATMASTCO LIMITED,146.25,146.25,137.65,139.70,140.80,143.15,,139.70,,,26000,3662020.00,41,F1,400,,,,,
2026-08-27,2026-08-27,CM,NSE,STK,30023,INE951D01028,ATULAUTO,EQ,,,,,ATUL AUTO LIMITED,487.90,491.90,480.00,481.15,481.00,487.50,,481.16,,,64301,31021393.80,2512,F1,1,,,,,
2026-08-27,2026-08-27,CM,NSE,STK,263,INE100A01010,ATUL,EQ,,,,,ATUL LTD,6568.00,6602.00,6481.00,6585.00,6598.50,6526.00,,6584.85,,,38284,250690981.50,11468,F1,1,,,,,
2026-08-27,2026-08-27,CM,NSE,STK,21238,INE949L01017,AUBANK,EQ,,,,,AU SMALL FINANCE BANK LTD,1117.40,1126.80,1088.00,1091.00,1091.00,1113.50,,1076.89,,,898558,988575151.10,37515,F1,1,,,,,
2026-08-27,2026-08-27,CM,NSE,STK,12022,INE132H01018,AURIONPRO,EQ,,,,,AURIONPRO SOLN LTD,701.05,703.50,685.00,688.00,690.00,700.70,,688.03,,,178058,123095820.75,11585,F1,1,,,,,
2026-08-27,2026-08-27,CM,NSE,STK,15869,INE0NUL01018,AUROIMPEX,SM,,,,,AURO IMPEX & CHEMICALS L,25.00,25.15,23.75,24.15,24.15,25.00,,24.15,,,19200,465120.00,12,F1,1600,,,,,
2026-08-27,2026-08-27,CM,NSE,STK,275,INE406A01037,AUROPHARMA,EQ,,,,,AUROBINDO PHARMA LTD,1623.50,1637.00,1605.70,1637.00,1637.00,1623.00,,1636.97,,,717677,1164041586.60,27841,F1,1,,,,,
2026-08-27,2026-08-27,CM,NSE,STK,10310,INE898S01029,AURUM,EQ,,,,,AURUM PROPTECH LIMITED,233.43,233.43,226.25,228.45,231.20,233.43,,228.46,,,112758,25826359.71,2266,F1,1,,,,,
2026-08-27,2026-08-27,CM,NSE,STK,31468,INE142K01011,AURUS,EQ,,,,,AURUS GEM CORP LIMITED,4.55,4.61,4.55,4.57,4.56,4.61,,4.57,,,4322,19840.93,136,F1,1,,,,,
2026-08-27,2026-08-27,CM,NSE,STK,4037,INE218C01016,AUSOMENT,EQ,,,,,AUSOM ENTERPRISE LIMITED,145.55,149.00,142.11,147.25,149.00,146.10,,146.93,,,13834,2028129.24,98,F1,1,,,,,
2026-08-27,2026-08-27,CM,NSE,STK,764608,INE759F01012,AUSTENG,EQ,,,,,AUSTIN ENGINEERING CO. L,134.00,134.00,118.60,121.01,121.00,124.01,,121.08,,,5096,623277.62,181,F1,1,,,,,
2026-08-27,2026-08-27,CM,NSE,STK,21451,INE0P0001010,APS,SM,,,,,AUSTRALIAN PREM SOLAR I L,249.00,258.00,247.00,256.95,257.00,249.50,,256.95,,,14500,3658000.00,54,F1,250,,,,,
2026-08-27,2026-08-27,CM,NSE,STK,23553,INE206F01022,AIIL,EQ,,,,,AUTHUM INVEST & INFRA LTD,561.60,567.30,550.30,553.90,551.00,561.60,,553.91,,,136961,76198436.55,9876,F1,1,,,,,
2026-08-27,2026-08-27,CM,NSE,STK,14106,INE718H01014,AUTOIND,EQ,,,,,AUTOLINE INDUSTRIES LTD,90.80,91.60,88.00,89.02,88.00,88.99,,89.02,,,194083,17564843.13,1089,F1,1,,,,,
2026-08-27,2026-08-27,CM,NSE,STK,764558,INE451C01013,ACGL,EQ,,,,,AUTOMOBILE CORPN OF GOA L,1801.90,1807.00,1790.10,1805.30,1802.00,1802.90,,1805.05,,,378,680496.70,64,F1,1,,,,,
2026-08-27,2026-08-27,CM,NSE,STK,278,INE449A01011,AUTOAXLES,EQ,,,,,AUTOMOTIVE AXLES LIMITED,1745.00,1774.50,1714.20,1723.60,1720.30,1745.40,,1723.75,,,2849,4923877.10,842,F1,1,,,,,
2026-08-27,2026-08-27,CM,NSE,STK,10634,INE900C01027,ASAL,EQ,,,,,AUTOMOTIVE STAMPINGS & AS,489.05,495.00,485.70,488.45,489.20,489.30,,488.46,,,14769,7229251.55,815,F1,1,,,,,
2026-08-27,2026-08-27,CM,NSE,STK,21406,INE349W01017,AVADHSUGAR,EQ,,,,,AVADH SUG & ENERGY LTD,813.80,822.25,790.05,804.55,803.55,813.70,,804.52,,,136563,109808391.50,5922,F1,1,,,,,
2026-08-27,2026-08-27,CM,NSE,STK,15058,INE0LCL01028,AVALON,EQ,,,,,AVALON TECHNOLOGIES LTD,2222.20,2280.00,2222.20,2256.60,2245.00,2226.40,,2256.56,,,281157,634719602.70,26917,F1,1,,,,,
2026-08-27,2026-08-27,CM,NSE,STK,760736,INE1KU201016,AVANA,ST,,,,,AVANA ELECTROSYSTEMS LTD,149.00,149.00,147.50,147.50,147.50,149.90,,147.50,,,4000,593000.00,2,F1,2000,,,,,
2026-08-27,2026-08-27,CM,NSE,STK,765030,INE758A01072,AVANCE,EQ,,,,,AVANCE TECHNOLOGIES LTD.,0.89,0.90,0.87,0.87,0.88,0.89,,0.88,,,5152468,4536537.33,1338,F1,1,,,,,
2026-08-27,2026-08-27,CM,NSE,STK,24610,INE005B01027,AVANTEL,EQ,,,,,AVANTEL LIMITED,156.83,159.34,156.31,158.05,157.50,156.94,,158.06,,,534686,84426672.43,6105,F1,1,,,,,
2026-08-27,2026-08-27,CM,NSE,STK,7936,INE871C01038,AVANTIFEED,EQ,,,,,AVANTI FEEDS LIMITED,839.00,858.80,836.95,844.45,840.00,839.60,,844.44,,,249143,211048635.90,14451,F1,1,,,,,
2026-08-27,2026-08-27,CM,NSE,STK,19913,INE192R01011,DMART,EQ,,,,,AVENUE SUPERMARTS LIMITED,3820.00,3874.40,3818.00,3847.40,3847.40,3826.90,,3847.43,,,416843,1605722337.50,34880,F1,1,,,,,
2026-08-27,2026-08-27,CM,NSE,STK,16249,INE483S01020,CCAVENUE,EQ,,,,,AVENUESAI LIMITED,15.45,15.45,15.11,15.22,15.18,15.28,,15.22,,,6810567,103886387.48,7925,F1,1,,,,,
2026-08-27,2026-08-27,CM,NSE,STK,15638,INE680Z01018,AVG,BE,,,,,AVG LOGISTICS LIMITED,185.02,188.00,178.01,179.69,180.00,185.89,,179.70,,,12191,2208649.05,145,F1,1,,,,,
2026-08-27,2026-08-27,CM,NSE,STK,25520,INE0TFB01017,AVIANSH,SM,,,,,AVI ANSH TEXTILE LIMITED,103.50,104.00,103.50,104.00,104.00,103.00,,104.00,,,4000,415500.00,3,F1,1000,,,,,
2026-08-27,2026-08-27,CM,NSE,STK,755092,INE0V9I01017,AVIENCE,SM,,,,,AVIENCE BIOMEDICALS LTD,277.00,280.95,270.00,270.65,270.00,275.10,,270.65,,,20400,5632620.00,34,F1,600,,,,,
2026-08-27,2026-08-27,CM,NSE,STK,14069,INE855F01042,ASMS,BE,,,,,AVIO SMART MRKT STACK LTD,7.04,7.10,6.94,7.07,7.07,6.94,,7.07,,,258819,1825509.50,293,F1,1,,,,,
2026-08-27,2026-08-27,CM,NSE,STK,13557,INE323B01024,AVONMORE,EQ,,,,,AVONMORE CAP&MGT SERV LTD,14.20,14.44,13.50,13.68,13.85,13.97,,13.68,,,135197,1858642.32,592,F1,1,,,,,
2026-08-27,2026-08-27,CM,NSE,STK,23159,INE0R9401019,AVPINFRA,SM,,,,,AVP INFRACON LIMITED,61.45,62.30,58.50,58.90,58.90,61.35,,58.90,,,42400,2544000.00,47,F1,800,,,,,
2026-08-27,2026-08-27,CM,NSE,STK,8827,INE652Z01025,AVROIND,EQ,,,,,AVRO INDIA LIMITED,9.30,9.43,9.01,9.29,9.06,9.17,,9.34,,,236902,2197296.29,626,F1,1,,,,,
2026-08-27,2026-08-27,CM,NSE,STK,14008,INE488D01021,AVTNPL,EQ,,,,,AVT NATURAL PRODUCTS LTD,86.80,89.50,83.90,85.64,84.11,86.95,,85.65,,,261183,22497013.72,2586,F1,1,,,,,
2026-08-27,2026-08-27,CM,NSE,STK,23864,INE108V01019,AWFIS,EQ,,,,,AWFIS SPACE SOLUTIONS LTD,269.90,269.90,255.80,257.65,256.50,268.35,,257.65,,,365185,95026350.00,9492,F1,1,,,,,
2026-08-27,2026-08-27,CM,NSE,STK,8110,INE699H01024,AWL,EQ,,,,,AWL AGRI BUSINESS LIMITED,202.00,203.88,198.12,199.74,199.13,201.90,,199.74,,,3440924,689566318.42,38199,F1,1,,,,,
2026-08-27,2026-08-27,CM,NSE,STK,5900,INE238A01034,AXISBANK,EQ,,,,,AXIS BANK LIMITED,1260.00,1268.70,1251.40,1256.00,1256.00,1255.00,,1252.67,,,7005789,8823037123.10,155243,F1,1,,,,,
2026-08-27,2026-08-27,CM,NSE,STK,1044,INF846K01X63,BNKETFAXIS,EQ,,,,,AXISAMC-BNKETFAXIS,598.44,598.44,594.00,594.58,595.86,598.00,,594.58,,,166,98835.10,27,F1,1,,,,,
2026-08-27,2026-08-27,CM,NSE,STK,5732,INF846K016C7,CONSUMAXIS,EQ,,,,,AXISAMC-CONSUMAXIS,123.36,123.46,122.41,122.90,123.46,123.95,,122.89,,,852,104765.55,25,F1,1,,,,,
2026-08-27,2026-08-27,CM,NSE,STK,20532,INF846K01W80,GOLDAXIS,EQ,,,,,AXISAMC-GOLDAXIS,133.35,133.35,128.76,130.79,130.99,133.35,,130.79,,,10689255,1393686744.29,10207,F1,1,,,,,
2026-08-27,2026-08-27,CM,NSE,STK,3608,INF846K01Z12,HEALTHAXIS,EQ,,,,,AXISAMC-HEALTHAXIS,169.30,169.99,168.91,169.65,169.00,169.86,,169.60,,,12037,2038374.83,57,F1,1,,,,,
2026-08-27,2026-08-27,CM,NSE,STK,3010,INF846K01Y96,ITAXIS,EQ,,,,,AXISAMC-ITAXIS,335.32,335.52,329.83,332.00,329.85,335.47,,332.00,,,4857,1621708.33,105,F1,1,,,,,
2026-08-27,2026-08-27,CM,NSE,STK,21252,INF846K01W98,NIFTYAXIS,EQ,,,,,AXISAMC-NIFTYAXIS,269.26,269.26,266.59,267.74,267.63,269.23,,267.74,,,7675,2056504.79,164,F1,1,,,,,
2026-08-27,2026-08-27,CM,NSE,STK,14742,INF846K010Q0,SENSEXAXIS,EQ,,,,,AXISAMC-SENSEXAXIS,80.50,80.50,80.02,80.24,80.35,80.50,,80.24,,,31026,2487536.38,71,F1,1,,,,,
2026-08-27,2026-08-27,CM,NSE,STK,11193,INF846K011K1,SILVERAXIS,EQ,,,,,AXISAMC-SILVERAXIS,230.00,237.55,230.00,235.43,234.70,239.20,,235.43,,,3401405,796313859.44,5676,F1,1,,,,,
2026-08-27,2026-08-27,CM,NSE,STK,30155,INF846KA1119,VALUEAXIS,EQ,,,,,AXISAMC-VALUEAXIS,34.05,34.05,32.70,32.77,32.80,33.22,,32.77,,,69748,2289694.46,605,F1,1,,,,,
2026-08-27,2026-08-27,CM,NSE,STK,9436,INE555B01013,AXISCADES,EQ,,,,,AXISCADES TECH LTD,1615.00,1620.90,1590.00,1612.90,1612.00,1606.70,,1612.93,,,78410,125981924.30,8284,F1,1,,,,,
2026-08-27,2026-08-27,CM,NSE,STK,9902,INE02EZ01022,AXITA,EQ,,,,,AXITA COTTON LIMITED,8.09,8.11,7.80,7.98,7.99,8.05,,7.98,,,2141370,17126818.99,1055,F1,1,,,,,
2026-08-27,2026-08-27,CM,NSE,STK,764613,INE767C01012,AXTEL,EQ,,,,,AXTEL INDUSTRIES LTD.,408.30,415.00,390.00,403.85,398.05,406.30,,403.02,,,5613,2264722.90,237,F1,1,,,,,
2026-08-27,2026-08-27,CM,NSE,STK,760981,INE501X01029,AYE,EQ,,,,,AYE FINANCE LIMITED,172.99,183.00,169.68,181.54,182.80,176.65,,181.54,,,13672393,2430937475.64,72753,F1,1,,,,,
2026-08-27,2026-08-27,CM,NSE,STK,10285,INE193B01039,AYMSYNTEX,EQ,,,,,AYM SYNTEX LIMITED,253.90,257.45,249.10,250.25,250.25,254.95,,250.26,,,9859,2485206.70,340,F1,1,,,,,
2026-08-27,2026-08-27,CM,NSE,STK,20905,INE02IJ01035,AZAD,EQ,,,,,AZAD ENGINEERING LIMITED,2838.00,2838.00,2785.00,2802.40,2809.90,2825.50,,2802.51,,,202086,567495663.80,19158,F1,1,,,,,
2026-08-27,2026-08-27,CM,NSE,STK,765035,INE566M01017,AZADIND,EQ,,,,,AZAD INDIA MOBILITY LTD.,92.00,98.90,89.95,96.80,94.50,90.03,,96.38,,,11894,1137641.50,190,F1,1,,,,,
2026-08-27,2026-08-27,CM,NSE,STK,762616,INE489D01011,BNALTD,BE,,,,,B & A LTD.,387.30,387.30,386.05,386.10,386.10,406.35,,385.18,,,656,253597.85,13,F1,1,,,,,
2026-08-27,2026-08-27,CM,NSE,STK,12153,INE01EE01011,BBTCL,EQ,,,,,B&B TRIPLEWALL CONT LTD,233.07,243.00,232.30,237.01,238.00,233.07,,237.99,,,3220,758627.41,202,F1,1,,,,,
2026-08-27,2026-08-27,CM,NSE,STK,11226,INE116D01028,BAGFILMS,EQ,,,,,B.A.G FILMS AND MEDIA LTD,4.45,4.54,4.36,4.44,4.44,4.45,,4.45,,,76241,339883.39,171,F1,1,,,,,
2026-08-27,2026-08-27,CM,NSE,STK,759420,INE17CQ01015,BAGDIGITAL,SM,,,,,B.A.G.CONVERGENCE LIMITED,108.70,108.80,105.10,105.10,105.10,104.70,,105.10,,,17600,1900720.00,11,F1,1600,,,,,
2026-08-27,2026-08-27,CM,NSE,STK,13290,INE350H01032,BLKASHYAP,EQ,,,,,B.L.KASHYAP & SON LTD,55.00,57.75,54.99,56.47,56.72,55.15,,56.47,,,1090699,61841224.37,8450,F1,1,,,,,
2026-08-27,2026-08-27,CM,NSE,STK,25114,INE01FR01028,STYLEBAAZA,EQ,,,,,BAAZAR STYLE RETAIL LTD,408.50,414.70,400.00,401.95,402.55,408.90,,402.05,,,1518926,622731559.10,9500,F1,1,,,,,
2026-08-27,2026-08-27,CM,NSE,STK,20141,INE0QW501012,BABAFP,SM,,,,,BABA FOOD PROCESSING,22.40,22.40,22.40,22.40,22.40,22.40,,22.40,,,3200,71680.00,2,F1,1600,,,,,
2026-08-27,2026-08-27,CM,NSE,STK,17735,INE878I01022,BAFNAPH,BE,,,,,BAFNA PHARMACEUTICALS LTD,278.80,281.00,266.60,277.50,279.00,280.60,,277.35,,,22553,6165786.15,318,F1,1,,,,,
2026-08-27,2026-08-27,CM,NSE,STK,763363,INE2OVN25015,BAGMANE,RR,,,,,BAGMANE PRIME OFFICE REIT,107.00,107.44,106.36,106.44,106.47,106.97,,106.44,,,221633,23649360.86,7303,F1,1,,,,,
2026-08-27,2026-08-27,CM,NSE,STK,12989,INE029Q01017,BAHETI,SM,,,,,BAHETI RECYCLING IND LTD,841.00,844.00,832.25,835.40,835.00,831.95,,835.40,,,15000,12541950.00,31,F1,375,,,,,
2026-08-27,2026-08-27,CM,NSE,STK,13794,INE020D01022,BAIDFIN,EQ,,,,,BAID FINSERV LIMITED,9.79,9.88,9.69,9.76,9.78,9.79,,9.79,,,117995,1154688.66,203,F1,1,,,,,
2026-08-27,2026-08-27,CM,NSE,STK,16669,INE917I01010,BAJAJ-AUTO,EQ,,,,,BAJAJ AUTO LIMITED,11750.00,11822.00,11618.00,11720.00,11720.00,11724.00,,11719.38,,,221294,2585507090.00,37181,F1,1,,,,,
2026-08-27,2026-08-27,CM,NSE,STK,19531,INE933K01021,BAJAJCON,EQ,,,,,BAJAJ CONSUMER CARE LTD,461.90,466.50,447.85,450.60,452.00,463.50,,450.61,,,843825,381867555.55,21349,F1,1,,,,,
2026-08-27,2026-08-27,CM,NSE,STK,15034,INE193E01025,BAJAJELEC,EQ,,,,,BAJAJ ELECT.LTD,340.60,342.60,333.70,334.80,335.00,340.60,,334.78,,,100898,34032832.15,5055,F1,1,,,,,
2026-08-27,2026-08-27,CM,NSE,STK,317,INE296A01032,BAJFINANCE,EQ,,,,,BAJAJ FINANCE LIMITED,1090.00,1107.00,1083.00,1083.00,1083.00,1085.00,,1080.35,,,5220239,5698067605.60,105604,F1,1,,,,,
2026-08-27,2026-08-27,CM,NSE,STK,16675,INE918I01026,BAJAJFINSV,EQ,,,,,BAJAJ FINSERV LTD.,2001.10,2026.60,1997.50,2011.00,2011.00,2010.00,,2005.84,,,526392,1055841879.50,71573,F1,1,,,,,
2026-08-27,2026-08-27,CM,NSE,STK,6863,INE411U01027,BAJAJHCARE,EQ,,,,,BAJAJ HEALTHCARE LIMITED,323.70,327.40,318.10,320.90,322.70,326.45,,320.90,,,80183,25880123.70,2482,F1,1,,,,,
2026-08-27,2026-08-27,CM,NSE,STK,308,INE306A01021,BAJAJHIND,EQ,,,,,BAJAJ HINDUSTHAN SUGAR LT,21.90,22.48,20.87,21.11,21.01,21.78,,21.11,,,45877765,987003841.09,47715,F1,1,,,,,
2026-08-27,2026-08-27,CM,NSE,STK,305,INE118A01012,BAJAJHLDNG,EQ,,,,,BAJAJ HOLDINGS & INVS LTD,11440.00,11520.00,11331.00,11399.00,11399.00,11540.00,,11399.00,,,55310,632028319.00,17672,F1,1,,,,,
2026-08-27,2026-08-27,CM,NSE,STK,25270,INE377Y01014,BAJAJHFL,EQ,,,,,BAJAJ HOUSING FINANCE LTD,84.05,85.40,83.90,85.29,85.15,84.07,,85.29,,,4358067,369910861.52,22948,F1,1,,,,,
2026-08-27,2026-08-27,CM,NSE,STK,762563,INE704G01024,BAJAJST,EQ,,,,,BAJAJ STEEL INDS. LTD.,351.20,359.00,351.20,357.40,359.00,354.20,,357.25,,,5625,2000218.40,372,F1,1,,,,,
2026-08-27,2026-08-27,CM,NSE,STK,20531,INE0KQN01018,BAJEL,EQ,,,,,BAJEL PROJECTS LIMITED,189.53,198.50,188.00,194.53,194.80,189.53,,194.54,,,780237,152089052.25,10400,F1,1,,,,,
2026-08-27,2026-08-27,CM,NSE,STK,13441,INE083D01012,BALPHARMA,EQ,,,,,BAL PHARMA LTD.,83.40,85.88,83.40,85.02,85.87,83.57,,85.02,,,6257,531089.62,189,F1,1,,,,,
2026-08-27,2026-08-27,CM,NSE,STK,14501,INE050E01027,BALAMINES,EQ,,,,,BALAJI AMINES LIMITED,2410.00,2458.70,2381.70,2425.80,2407.70,2437.20,,2426.43,,,234798,568260135.80,22648,F1,1,,,,,
2026-08-27,2026-08-27,CM,NSE,STK,30030,INE0PQ601019,BALAJIPHOS,SM,,,,,BALAJI PHOSPHATES LIMITED,90.00,90.00,88.00,88.00,88.00,89.50,,88.00,,,78000,7018000.00,59,F1,1000,,,,,
2026-08-27,2026-08-27,CM,NSE,STK,9158,INE794B01026,BALAJITELE,EQ,,,,,BALAJI TELEFILMS LIMITED.,95.37,95.79,93.00,93.54,94.00,95.43,,93.54,,,130118,12227223.59,1413,F1,1,,,,,
2026-08-27,2026-08-27,CM,NSE,STK,11309,INE618N01022,BALAXI,EQ,,,,,BALAXI PHARMA LTD,22.30,22.94,22.30,22.44,22.45,22.41,,22.44,,,6825,154653.49,92,F1,1,,,,,
2026-08-27,2026-08-27,CM,NSE,STK,335,INE787D01026,BALKRISIND,EQ,,,,,BALKRISHNA IND. LTD,2340.20,2393.00,2330.10,2352.10,2340.50,2328.60,,2352.11,,,490664,1161517048.90,47695,F1,1,,,,,
2026-08-27,2026-08-27,CM,NSE,STK,10181,INE875R01011,BALKRISHNA,EQ,,,,,BALKRISHNA PAPER MILLS L,17.11,17.50,17.02,17.13,17.02,17.18,,17.13,,,5373,92253.41,45,F1,1,,,,,
2026-08-27,2026-08-27,CM,NSE,STK,338,INE164A01016,BALMLAWRIE,EQ,,,,,BALMER LAWRIE & CO LTD,176.72,182.49,175.00,175.26,176.35,176.72,,175.26,,,759686,135712518.90,9592,F1,1,,,,,
2026-08-27,2026-08-27,CM,NSE,STK,762603,INE525F01025,BLIL,EQ,,,,,BALMER LAWRIE INVSTS. L,71.63,72.45,71.63,72.19,72.10,71.90,,72.18,,,52156,3766414.07,780,F1,1,,,,,
2026-08-27,2026-08-27,CM,NSE,STK,341,INE119A01028,BALRAMCHIN,EQ,,,,,BALRAMPUR CHINI MILLS LTD,677.95,679.00,636.80,649.95,643.70,674.35,,649.91,,,1870911,1236472631.15,36254,F1,1,,,,,
2026-08-27,2026-08-27,CM,NSE,STK,23607,INE011E01029,BALUFORGE,EQ,,,,,BALU FORGE INDUSTRIES LTD,641.00,648.00,626.50,632.90,634.00,638.90,,632.90,,,2329733,1483806617.10,29298,F1,1,,,,,
2026-08-27,2026-08-27,CM,NSE,STK,347,INE655B01011,BANARBEADS,EQ,,,,,BANARAS BEADS LTD,110.30,128.80,110.30,119.51,118.20,111.75,,119.55,,,56286,6784118.71,1431,F1,1,,,,,
2026-08-27,2026-08-27,CM,NSE,STK,13880,INE213C01025,BANCOINDIA,EQ,,,,,BANCO PRODUCTS (I) LTD,627.85,630.70,621.25,623.65,622.90,627.85,,623.68,,,54297,33961449.35,4969,F1,1,,,,,
2026-08-27,2026-08-27,CM,NSE,STK,2263,INE545U01014,BANDHANBNK,EQ,,,,,BANDHAN BANK LIMITED,174.00,174.50,169.50,169.70,169.70,173.50,,169.71,,,4668712,797922268.44,33873,F1,1,,,,,
2026-08-27,2026-08-27,CM,NSE,STK,760325,INF194KB1KJ7,GOLDBND,EQ,,,,,BANDHANAMC - GOLDBND,160.79,160.79,154.40,157.15,155.90,159.20,,157.15,,,79573,12500320.86,651,F1,1,,,,,
2026-08-27,2026-08-27,CM,NSE,STK,18783,INF194KA1U07,IDFNIFTYET,EQ,,,,,BANDHANAMC - IDFNIFTYET,267.95,268.75,266.50,267.17,267.79,269.09,,267.17,,,3722,996241.84,39,F1,1,,,,,
2026-08-27,2026-08-27,CM,NSE,STK,760328,INF194KB1KI9,SILVERBND,EQ,,,,,BANDHANAMC - SILVERBND,242.83,242.83,235.57,236.84,237.52,240.43,,236.94,,,5261,1248794.80,132,F1,1,,,,,
2026-08-27,2026-08-27,CM,NSE,STK,15303,INE863I01016,BANG,EQ,,,,,BANG OVERSEAS LTD.,33.55,35.39,33.34,33.42,33.40,33.83,,33.41,,,244797,8406945.74,540,F1,1,,,,,
2026-08-27,2026-08-27,CM,NSE,STK,4668,INE028A01039,BANKBARODA,EQ,,,,,BANK OF BARODA,244.33,244.62,240.00,241.00,241.00,242.50,,238.38,,,4454374,1075276519.25,46875,F1,1,,,,,
2026-08-27,2026-08-27,CM,NSE,STK,4745,INE084A01016,BANKINDIA,EQ,,,,,BANK OF INDIA,146.00,146.45,143.70,144.60,144.60,145.95,,144.60,,,4438065,643340315.29,25328,F1,1,,,,,
2026-08-27,2026-08-27,CM,NSE,STK,11377,INE457A01014,MAHABANK,EQ,,,,,BANK OF MAHARASHTRA,85.74,86.19,84.05,84.69,84.69,85.60,,84.68,,,16185909,1370813503.28,47505,F1,1,,,,,
2026-08-27,2026-08-27,CM,NSE,STK,822,INE862Y01015,BANKA,EQ,,,,,BANKA BIOLOO LIMITED,78.44,80.39,77.30,79.62,78.35,78.44,,79.62,,,4726,369513.67,30,F1,1,,,,,
2026-08-27,2026-08-27,CM,NSE,STK,12037,INE186H01022,BASML,BE,,,,,BANNARI AM SPIN MILL LTD.,24.75,25.50,24.75,24.94,25.25,24.60,,24.94,,,59297,1482243.57,142,F1,1,,,,,
2026-08-27,2026-08-27,CM,NSE,STK,350,INE459A01010,BANARISUG,EQ,,,,,BANNARI AMMAN SUGARS LTD,3847.30,3857.50,3756.10,3766.40,3798.90,3847.90,,3766.38,,,1062,4032356.70,248,F1,1,,,,,
2026-08-27,2026-08-27,CM,NSE,STK,24386,INE0B9K01025,BANSALWIRE,EQ,,,,,BANSAL WIRE INDUSTRIES L,320.50,326.00,315.35,316.95,317.00,320.50,,316.91,,,37906,12116091.65,1645,F1,1,,,,,
2026-08-27,2026-08-27,CM,NSE,STK,14511,INE629D01020,BANSWRAS,EQ,,,,,BANSWARA SYNTEX LIMITED,117.00,119.80,115.50,118.46,117.50,114.88,,118.46,,,32468,3817252.89,753,F1,1,,,,,
2026-08-27,2026-08-27,CM,NSE,STK,15073,INE139I01011,BVCL,EQ,,,,,BARAK VALLEY CEM. LTD.,46.00,46.00,43.01,43.57,44.30,42.83,,43.43,,,320476,14234147.96,1423,F1,1,,,,,
2026-08-27,2026-08-27,CM,NSE,STK,29176,INE0QX401014,BARFLEX,SM,,,,,BARFLEX POLYFILMS LIMITED,61.90,62.00,61.40,61.40,61.40,59.00,,61.40,,,6000,370600.00,3,F1,2000,,,,,
2026-08-27,2026-08-27,CM,NSE,STK,24117,INF251K01TL6,BBNPNBETF,EQ,,,,,BARODABNP - BBNPNBETF,60.05,60.05,57.90,57.90,57.90,58.59,,57.90,,,1156,67255.42,31,F1,1,,,,,
2026-08-27,2026-08-27,CM,NSE,STK,20547,INF251K01SU9,BBNPPGOLD,EQ,,,,,BARODABNP - BBNPPGOLD,157.00,157.00,150.85,151.80,152.00,154.90,,151.80,,,23480,3557726.80,136,F1,1,,,,,
2026-08-27,2026-08-27,CM,NSE,STK,368,INE373A01013,BASF,EQ,,,,,BASF INDIA LTD,3939.20,3939.20,3832.10,3846.10,3837.00,3914.00,,3846.13,,,12754,49328159.00,3078,F1,1,,,,,
2026-08-27,2026-08-27,CM,NSE,STK,18442,INE0OCC01013,BASILIC,SM,,,,,BASILIC FLY STUDIO LTD,186.00,186.00,182.00,183.30,183.90,182.50,,183.30,,,6600,1213020.00,20,F1,300,,,,,
2026-08-27,2026-08-27,CM,NSE,STK,371,INE176A01028,BATAINDIA,EQ,,,,,BATA INDIA LTD,686.95,687.65,678.80,681.60,680.80,685.55,,681.58,,,115819,78919084.80,6700,F1,1,,,,,
2026-08-27,2026-08-27,CM,NSE,STK,762568,INE177C01022,BATLIBOI,EQ,,,,,BATLIBOI LTD.,85.50,87.38,83.60,85.03,85.01,86.83,,85.04,,,25630,2199565.47,995,F1,1,,,,,
2026-08-27,2026-08-27,CM,NSE,STK,22574,INE0JFJ01011,BAWEJA,ST,,,,,BAWEJA STUDIOS LIMITED,24.25,24.25,23.10,23.65,23.10,24.00,,23.65,,,1600,37880.00,2,F1,800,,,,,
2026-08-27,2026-08-27,CM,NSE,STK,17927,INE462A01022,BAYERCROP,EQ,,,,,BAYER CROPSCIENCE LTD,4100.00,4100.00,4034.10,4067.90,4068.00,4089.30,,4067.88,,,15932,64657099.60,3013,F1,1,,,,,
2026-08-27,2026-08-27,CM,NSE,STK,2513,INE412G01024,BCLIND,EQ,,,,,BCL INDUSTRIES LIMITED,37.55,37.61,36.87,37.02,37.15,37.69,,37.02,,,471336,17495466.68,2056,F1,1,,,,,
2026-08-27,2026-08-27,CM,NSE,STK,761494,INE00SW01015,BCPL,EQ,,,,,BCPL RAILWAY INFRA LTD,68.60,70.79,68.60,69.42,69.24,69.81,,69.42,,,4873,339846.40,126,F1,1,,,,,
2026-08-27,2026-08-27,CM,NSE,STK,23922,INE639X01027,BEACON,SM,,,,,BEACON TRUSTEESHIP LTD,79.00,81.00,78.95,79.40,79.40,78.05,,79.40,,,10000,793150.00,10,F1,1000,,,,,
2026-08-27,2026-08-27,CM,NSE,STK,17933,INE520H01022,BEARDSELL,EQ,,,,,BEARDSELL LIMITED,27.98,27.98,25.61,26.52,26.36,27.35,,26.52,,,26348,704939.64,321,F1,1,,,,,
2026-08-27,2026-08-27,CM,NSE,STK,20196,INE844K01012,BEDMUTHA,EQ,,,,,BEDMUTHA INDUST LTD,108.00,108.70,104.92,106.04,105.63,107.30,,106.04,,,2151,227778.82,74,F1,1,,,,,
2026-08-27,2026-08-27,CM,NSE,STK,762573,INE213D01015,BEEKAY,EQ,,,,,BEEKAY STEEL INDS. LTD.,434.90,449.00,426.15,427.25,426.15,425.00,,427.09,,,1954,839341.00,77,F1,1,,,,,
2026-08-27,2026-08-27,CM,NSE,STK,765291,INE1EEM01017,BLEL,EQ,,,,,BEHARI LAL ENGINEERING L,469.00,483.00,458.20,469.85,463.60,470.85,,469.81,,,2844518,1338289788.50,43885,F1,1,,,,,
2026-08-27,2026-08-27,CM,NSE,STK,757938,INE344T01014,BELLACASA,EQ,,,,,BELLA CASA FASH AND RET L,250.00,250.00,237.25,246.74,246.00,239.22,,246.75,,,19987,4892656.54,517,F1,1,,,,,
2026-08-27,2026-08-27,CM,NSE,STK,757102,INE894V01022,BELRISE,EQ,,,,,BELRISE INDUSTRIES LTD,231.00,232.00,228.60,229.22,228.65,229.66,,229.22,,,1126822,258866398.43,19985,F1,1,,,,,
2026-08-27,2026-08-27,CM,NSE,STK,15067,INE0N7W01012,BLAL,EQ,,,,,BEML LAND ASSETS LIMITED,168.79,169.50,165.95,166.46,166.12,166.76,,166.46,,,40101,6685172.02,528,F1,1,,,,,
2026-08-27,2026-08-27,CM,NSE,STK,395,INE258A01024,BEML,EQ,,,,,BEML LIMITED,1945.00,1949.70,1914.50,1920.60,1926.00,1937.70,,1920.51,,,133220,257300418.70,16162,F1,1,,,,,
2026-08-27,2026-08-27,CM,NSE,STK,764618,INE664D01019,BENARAS,EQ,,,,,BENARES HOTELS LTD.,10275.00,10275.00,10081.00,10200.00,10200.00,10200.00,,10200.00,,,23,232371.00,5,F1,1,,,,,
2026-08-27,2026-08-27,CM,NSE,STK,762578,INE083K01017,BENGALASM,EQ,,,,,BENGAL & ASSAM CO. LTD.,6162.00,6280.00,6140.00,6248.00,6240.00,6160.00,,6247.74,,,289,1796188.50,69,F1,1,,,,,
2026-08-27,2026-08-27,CM,NSE,STK,404,INE463A01038,BERGEPAINT,EQ,,,,,BERGER PAINTS (I) LTD,507.00,511.35,499.60,501.00,502.00,503.70,,500.98,,,275124,138443367.80,11968,F1,1,,,,,
2026-08-27,2026-08-27,CM,NSE,STK,2306,INE052T01021,BESTAGRO,EQ,,,,,BEST AGROLIFE LIMITED,17.95,18.00,17.31,17.47,17.31,17.85,,17.47,,,408422,7206940.29,1673,F1,1,,,,,
2026-08-27,2026-08-27,CM,NSE,STK,759842,INE351Y01019,BETA,EQ,,,,,BETA DRUGS LIMITED,2261.00,2293.30,2179.30,2194.20,2201.00,2261.00,,2194.20,,,26249,57977070.20,3362,F1,1,,,,,
2026-08-27,2026-08-27,CM,NSE,STK,5662,INE0HQI01014,BEWLTD,SM,,,,,BEW ENGINEERING LIMITED,52.60,52.90,51.20,52.50,52.50,51.95,,52.50,,,14000,732675.00,22,F1,500,,,,,
2026-08-27,2026-08-27,CM,NSE,STK,21113,INE878K01010,BFINVEST,EQ,,,,,BF INVESTMENT LIMITED,450.30,450.90,440.00,442.95,443.00,447.70,,442.95,,,20007,8878145.85,918,F1,1,,,,,
2026-08-27,2026-08-27,CM,NSE,STK,14567,INE243D01012,BFUTILITIE,EQ,,,,,BF UTILITIES LIMITED,516.60,533.00,496.00,502.55,503.00,514.20,,502.58,,,72400,36917872.35,2796,F1,1,,,,,
2026-08-27,2026-08-27,CM,NSE,STK,764183,INF0QA701CI0,BANK10BETF,EQ,,,,,BFAM - BANK10BETF,20.84,21.04,20.76,20.95,20.98,21.00,,20.95,,,1144,23994.00,17,F1,1,,,,,
2026-08-27,2026-08-27,CM,NSE,STK,21986,INF0QA701714,BANKBETF,EQ,,,,,BFAM - BANKBETF,60.00,60.00,58.50,58.57,58.54,58.83,,58.57,,,7340,430836.97,202,F1,1,,,,,
2026-08-27,2026-08-27,CM,NSE,STK,23915,INF0QA701854,LIQUIDBETF,EQ,,,,,BFAM - LIQUIDBETF,1096.31,1096.33,1096.31,1096.32,1096.32,1096.18,,1096.32,,,429592,470970305.95,115,F1,1,,,,,
2026-08-27,2026-08-27,CM,NSE,STK,21959,INF0QA701722,NIFTYBETF,EQ,,,,,BFAM - NIFTYBETF,250.03,255.00,248.24,248.86,255.00,250.25,,248.86,,,13560,3374946.97,128,F1,1,,,,,
2026-08-27,2026-08-27,CM,NSE,STK,15193,INE661I01014,BGRENERGY,BE,,,,,BGR ENERGY SYSTEMS LTD,269.75,269.75,261.50,269.75,269.75,256.95,,269.72,,,117938,31802885.75,737,F1,1,,,,,
2026-08-27,2026-08-27,CM,NSE,STK,758228,INE0ZRC01017,BHADORA,ST,,,,,BHADORA INDUSTRIES LTD,113.00,118.60,113.00,117.80,117.80,113.00,,117.80,,,14400,1674900.00,11,F1,1200,,,,,
2026-08-27,2026-08-27,CM,NSE,STK,13427,INE354C01027,BHAGERIA,BE,,,,,BHAGERIA INDUSTRIES LTD,220.15,232.10,218.32,227.39,225.00,221.30,,227.12,,,187615,43096927.43,1181,F1,1,,,,,
2026-08-27,2026-08-27,CM,NSE,STK,6164,INE414D01027,BHAGCHEM,EQ,,,,,BHAGIRADHA CHEM & INDS L,286.60,286.60,281.30,282.60,281.75,286.60,,282.58,,,36932,10446694.10,947,F1,1,,,,,
2026-08-27,2026-08-27,CM,NSE,STK,20776,INE458B01036,BHAGYANGR,EQ,,,,,BHAGYANAGAR INDIA LIMITED,385.05,391.70,380.00,382.90,382.70,384.75,,382.93,,,52016,19892334.15,2018,F1,1,,,,,
2026-08-27,2026-08-27,CM,NSE,STK,19556,INE474E01029,BHANDARI,EQ,,,,,BHANDARI HOSIERY EXP LTD,3.04,3.10,2.97,3.04,3.05,3.01,,3.04,,,146566,445457.41,186,F1,1,,,,,
2026-08-27,2026-08-27,CM,NSE,STK,419,INE922A01025,BEPL,EQ,,,,,BHANSALI ENG. POLYMERS LT,128.50,128.80,120.90,121.43,121.20,128.35,,121.44,,,2815113,345283690.06,22431,F1,1,,,,,
2026-08-27,2026-08-27,CM,NSE,STK,13761,INE464A01036,BBL,EQ,,,,,BHARAT BIJLEE LTD,2339.30,2392.20,2339.30,2370.40,2365.10,2338.90,,2370.27,,,27598,65385868.70,3238,F1,1,,,,,
2026-08-27,2026-08-27,CM,NSE,STK,760726,INE05XR01022,BHARATCOAL,EQ,,,,,BHARAT COKING COAL LTD,34.30,34.65,34.10,34.17,34.19,34.43,,34.17,,,2637511,90483623.84,9778,F1,1,,,,,
2026-08-27,2026-08-27,CM,NSE,STK,2144,INE171Z01026,BDL,EQ,,,,,BHARAT DYNAMICS LIMITED,1355.00,1366.50,1339.10,1348.60,1348.60,1363.00,,1347.38,,,445421,601815497.60,16800,F1,1,,,,,
2026-08-27,2026-08-27,CM,NSE,STK,383,INE263A01024,BEL,EQ,,,,,BHARAT ELECTRONICS LTD,410.80,412.90,408.00,411.00,411.00,406.90,,410.33,,,9156009,3757711966.90,114897,F1,1,,,,,
2026-08-27,2026-08-27,CM,NSE,STK,422,INE465A01025,BHARATFORG,EQ,,,,,BHARAT FORGE LTD,2006.00,2050.00,2006.00,2050.00,2050.00,2005.00,,2049.96,,,1465432,2978786808.40,41275,F1,1,,,,,
2026-08-27,2026-08-27,CM,NSE,STK,9397,INE561C01019,BHARATGEAR,BE,,,,,BHARAT GEARS LTD,104.80,104.80,102.05,103.27,103.00,104.02,,103.27,,,6673,689719.27,93,F1,1,,,,,
2026-08-27,2026-08-27,CM,NSE,STK,764623,INE365Y01019,BPLPHARMA,EQ,,,,,BHARAT PARENTERALS LTD.,1649.00,1649.00,1480.20,1496.60,1495.90,1541.20,,1498.47,,,1177,1798697.60,228,F1,1,,,,,
2026-08-27,2026-08-27,CM,NSE,STK,526,INE029A01011,BPCL,EQ,,,,,BHARAT PETROLEUM CORP  LT,319.15,320.85,315.00,318.00,318.00,318.00,,318.02,,,4497571,1433897888.15,41307,F1,1,,,,,
2026-08-27,2026-08-27,CM,NSE,STK,3834,INE838B01021,BHARATRAS,EQ,,,,,BHARAT RASAYAN LTD,1281.00,1284.50,1260.10,1272.60,1270.30,1278.40,,1272.59,,,8926,11367680.10,1965,F1,1,,,,,
2026-08-27,2026-08-27,CM,NSE,STK,21683,INE727S01012,BRNL,EQ,,,,,BHARAT ROAD NETWORK LTD,17.02,17.40,17.02,17.29,17.34,17.30,,17.29,,,18991,326695.72,221,F1,1,,,,,
2026-08-27,2026-08-27,CM,NSE,STK,30244,INE415D01024,BHARATSE,EQ,,,,,BHARAT SEATS LIMITED,225.80,225.80,220.00,221.07,220.54,224.74,,221.10,,,71277,15829426.13,2136,F1,1,,,,,
2026-08-27,2026-08-27,CM,NSE,STK,16123,INE316L01019,BHARATWIRE,EQ,,,,,BHARAT WIRE ROPES LTD.,186.25,188.94,184.24,187.64,188.50,186.06,,187.63,,,187858,35097858.25,2991,F1,1,,,,,
2026-08-27,2026-08-27,CM,NSE,STK,10604,INE397D01024,BHARTIARTL,EQ,,,,,BHARTI AIRTEL LIMITED,1915.00,1915.00,1878.30,1878.30,1878.30,1902.10,,1878.23,,,8757645,16582684344.80,219112,F1,1,,,,,
2026-08-27,2026-08-27,CM,NSE,STK,23489,INE343G01021,BHARTIHEXA,EQ,,,,,BHARTI HEXACOM LIMITED,1579.10,1598.20,1547.70,1551.10,1550.00,1579.80,,1551.25,,,38948,60927838.00,8084,F1,1,,,,,
2026-08-27,2026-08-27,CM,NSE,STK,7848,INE828A01016,BIL,EQ,,,,,BHARTIYA INTERNATIONAL,845.75,877.40,845.75,867.15,857.00,840.45,,865.60,,,35867,30895868.70,755,F1,1,,,,,
2026-08-27,2026-08-27,CM,NSE,STK,438,INE257A01026,BHEL,EQ,,,,,BHEL,416.00,438.20,416.00,433.95,433.95,415.50,,433.93,,,19967976,8613568624.45,153742,F1,1,,,,,
2026-08-27,2026-08-27,CM,NSE,STK,762621,INE274K01012,BTTL,BE,,,,,BHILWARA TECHNICAL TEXT L,45.24,46.89,43.25,43.36,44.83,45.02,,43.36,,,2450,109787.76,27,F1,1,,,,,
2026-08-27,2026-08-27,CM,NSE,STK,18431,INE412U01025,BIGBLOC,EQ,,,,,BIGBLOC CONSTRUCTION LTD,43.27,43.49,42.50,42.67,42.55,43.27,,42.68,,,25712,1098409.74,415,F1,1,,,,,
2026-08-27,2026-08-27,CM,NSE,STK,11966,INE00E101023,BIKAJI,EQ,,,,,BIKAJI FOODS INTERN LTD,615.15,635.90,607.60,611.90,609.20,612.10,,611.90,,,663473,414445724.35,35975,F1,1,,,,,
2026-08-27,2026-08-27,CM,NSE,STK,25527,INE0SQH01013,BIKEWO,ST,,,,,BIKEWO GREEN TECH LIMITED,94.20,94.20,94.20,94.20,94.20,89.75,,94.20,,,52000,4898400.00,23,F1,2000,,,,,
2026-08-27,2026-08-27,CM,NSE,STK,13622,INE071A01013,BILVYAPAR,BE,,,,,BIL VYAPAR LIMITED,4.37,4.37,4.10,4.10,4.10,4.27,,4.10,,,11416,47544.30,41,F1,1,,,,,
2026-08-27,2026-08-27,CM,NSE,STK,762586,INE986A01012,BI,BE,,,,,BILCARE LTD.,91.60,91.60,87.47,87.58,88.69,92.07,,87.50,,,34218,3027748.11,269,F1,1,,,,,
2026-08-27,2026-08-27,CM,NSE,STK,759806,INE0HOQ01053,GROWW,EQ,,,,,BILLIONBRAINS GARAGE VN L,195.90,198.77,195.60,196.84,197.25,196.24,,196.84,,,22896654,4518278515.42,150225,F1,1,,,,,
2026-08-27,2026-08-27,CM,NSE,STK,762588,INE469A01019,BIMETAL,EQ,,,,,BIMETAL BEARINGS LTD.,630.00,630.10,600.00,618.50,618.00,630.10,,618.27,,,579,354769.45,88,F1,1,,,,,
2026-08-27,2026-08-27,CM,NSE,STK,763598,INE1BKA01015,BMLL,SM,,,,,BIO MEDICA LABORATORIES L,154.35,154.35,151.00,151.00,151.00,153.40,,151.00,,,38000,5741350.00,5,F1,1000,,,,,
2026-08-27,2026-08-27,CM,NSE,STK,11373,INE376G01013,BIOCON,EQ,,,,,BIOCON LIMITED.,415.00,421.60,415.00,418.40,418.40,417.50,,418.39,,,1713404,715205746.00,20864,F1,1,,,,,
2026-08-27,2026-08-27,CM,NSE,STK,4136,INE829A01014,BIOFILCHEM,EQ,,,,,BIOFIL CHEM & PHARMA LTD,33.39,33.39,32.12,32.80,32.79,32.72,,32.90,,,127673,4205588.68,508,F1,1,,,,,
2026-08-27,2026-08-27,CM,NSE,STK,760942,INE0XW001014,BIOPOL,SM,,,,,BIOPOL CHEMICALS LIMITED,84.50,84.50,71.00,71.10,71.00,88.70,,71.10,,,422400,31839240.00,313,F1,1200,,,,,
2026-08-27,2026-08-27,CM,NSE,STK,6815,INE800A01015,BIRLACABLE,BE,,,,,BIRLA CABLE LIMITED,270.00,281.06,267.10,281.06,281.06,267.68,,280.86,,,81583,22782536.13,776,F1,1,,,,,
2026-08-27,2026-08-27,CM,NSE,STK,480,INE340A01012,BIRLACORPN,EQ,,,,,BIRLA CORPORATION LTD,892.00,898.80,881.00,883.00,883.00,895.30,,883.02,,,19226,17030969.75,2037,F1,1,,,,,
2026-08-27,2026-08-27,CM,NSE,STK,762593,INE372E01025,BIRLAPREC,EQ,,,,,BIRLA PRECISION TECH L,43.51,47.80,43.51,47.37,47.80,44.12,,47.37,,,436978,20433574.74,1646,F1,1,,,,,
2026-08-27,2026-08-27,CM,NSE,STK,1455,INE557A01011,BIRLANU,EQ,,,,,BIRLANU LIMITED,1480.50,1500.00,1445.00,1450.80,1450.60,1480.50,,1450.92,,,7788,11413607.80,1422,F1,1,,,,,
2026-08-27,2026-08-27,CM,NSE,STK,24404,INF209KC1134,ABGSEC,EQ,,,,,BIRLASLAMC - ABGSEC,115.24,115.24,114.11,114.15,114.11,114.75,,114.15,,,395,45194.55,8,F1,1,,,,,
2026-08-27,2026-08-27,CM,NSE,STK,760247,INF209KC1670,ABSL10BANK,EQ,,,,,BIRLASLAMC - ABSL10BANK,172.04,172.51,169.24,170.07,172.51,171.96,,170.07,,,7135,1216584.41,69,F1,1,,,,,
2026-08-27,2026-08-27,CM,NSE,STK,13987,INF209KB17D5,ABSLBANETF,EQ,,,,,BIRLASLAMC - ABSLBANETF,59.36,59.46,59.00,59.06,59.00,59.31,,59.06,,,20293,1199253.22,204,F1,1,,,,,
2026-08-27,2026-08-27,CM,NSE,STK,14518,INF209KB18T9,ABSLLIQUID,EQ,,,,,BIRLASLAMC - ABSLLIQUID,1000.00,1000.01,1000.00,1000.00,1000.00,1000.00,,1000.00,,,1654,1654001.03,20,F1,1,,,,,
2026-08-27,2026-08-27,CM,NSE,STK,761066,INF209KC1662,ABSLMSCIN,EQ,,,,,BIRLASLAMC - ABSLMSCIN,29.84,29.98,29.73,29.73,29.73,29.98,,29.73,,,313,9324.19,5,F1,1,,,,,
2026-08-27,2026-08-27,CM,NSE,STK,7339,INF209KB16D7,ABSLNN50ET,EQ,,,,,BIRLASLAMC - ABSLNN50ET,78.68,78.74,77.49,77.53,78.15,78.53,,77.53,,,16412,1280912.07,179,F1,1,,,,,
2026-08-27,2026-08-27,CM,NSE,STK,5957,INF209KB10E8,BSLSENETFG,EQ,,,,,BIRLASLAMC - BSLSENETFG,77.03,78.84,76.99,77.93,77.68,77.96,,77.93,,,2594,202416.26,94,F1,1,,,,,
2026-08-27,2026-08-27,CM,NSE,STK,6297,INF209KB10C2,HEALTHY,EQ,,,,,BIRLASLAMC - HEALTHY,17.13,17.25,16.93,17.20,17.24,17.13,,17.20,,,182758,3136477.29,898,F1,1,,,,,
2026-08-27,2026-08-27,CM,NSE,STK,10693,INF209KB14K7,MOMENTUM,EQ,,,,,BIRLASLAMC - MOMENTUM,31.94,32.04,31.80,31.80,31.85,31.80,,31.79,,,85710,2735194.35,175,F1,1,,,,,
2026-08-27,2026-08-27,CM,NSE,STK,10690,INF209KB15K4,NIFTYQLITY,EQ,,,,,BIRLASLAMC - NIFTYQLITY,21.70,21.70,21.42,21.50,21.52,21.60,,21.53,,,54751,1178441.99,176,F1,1,,,,,
2026-08-27,2026-08-27,CM,NSE,STK,8003,INF209KB19F6,SILVER,EQ,,,,,BIRLASLAMC - SILVER,242.00,242.00,233.87,236.56,236.53,240.42,,236.56,,,957125,226255823.90,8597,F1,1,,,,,
2026-08-27,2026-08-27,CM,NSE,STK,6462,INF209KB11D8,TECH,EQ,,,,,BIRLASLAMC - TECH,33.23,33.55,33.08,33.22,33.55,33.39,,33.22,,,36036,1196766.88,159,F1,1,,,,,
2026-08-27,2026-08-27,CM,NSE,STK,23806,INF209KB19Z4,ABSLPSE,EQ,,,,,BIRLASLAMC-ABSLPSE,10.20,10.20,10.08,10.11,10.20,10.15,,10.11,,,140364,1418659.75,449,F1,1,,,,,
2026-08-27,2026-08-27,CM,NSE,STK,6994,INE836A01035,BSOFT,EQ,,,,,BIRLASOFT LIMITED,295.60,295.60,287.25,287.95,287.25,293.55,,287.95,,,816795,236202689.55,25189,F1,1,,,,,
2026-08-27,2026-08-27,CM,NSE,STK,3435,INE676A01027,BBOX,EQ,,,,,BLACK BOX LIMITED,755.40,759.95,735.00,739.00,741.25,754.80,,739.04,,,174909,130335442.80,10993,F1,1,,,,,
2026-08-27,2026-08-27,CM,NSE,STK,762601,INE761G01016,BLACKROSE,BE,,,,,BLACK ROSE INDS. LTD.,115.23,116.97,111.68,114.31,114.90,114.66,,114.29,,,3746,429287.09,96,F1,1,,,,,
2026-08-27,2026-08-27,CM,NSE,STK,27144,INE0UIZ01018,BLACKBUCK,EQ,,,,,BLACKBUCK LIMITED,602.70,602.75,585.80,588.20,589.00,605.30,,588.18,,,324075,193066311.40,19667,F1,1,,,,,
2026-08-27,2026-08-27,CM,NSE,STK,8132,INE791A01024,BLBLIMITED,EQ,,,,,BLB LIMITED,15.87,16.18,15.75,16.04,16.10,15.87,,16.04,,,79408,1266040.73,152,F1,1,,,,,
2026-08-27,2026-08-27,CM,NSE,STK,19269,INE416D01022,BLISSGVS,BE,,,,,BLISS GVS PHARMA LTD,571.00,576.00,555.20,560.10,561.95,570.50,,560.04,,,112294,63426135.55,3076,F1,1,,,,,
2026-08-27,2026-08-27,CM,NSE,STK,22566,INE0NLT01010,BLSE,EQ,,,,,BLS E-SERVICES LIMITED,321.40,321.80,302.40,314.05,313.05,319.70,,313.96,,,382378,121181606.15,5237,F1,1,,,,,
2026-08-27,2026-08-27,CM,NSE,STK,17279,INE153T01027,BLS,EQ,,,,,BLS INTL SERVS LTD,239.00,239.99,236.95,238.07,237.60,237.76,,238.08,,,1208948,287701263.65,18314,F1,1,,,,,
2026-08-27,2026-08-27,CM,NSE,STK,4681,INE657B01025,BLUECHIP,EQ,,,,,BLUE CHIP INDIA LIMITED,2.10,2.10,2.10,2.10,2.10,2.06,,2.21,,,122,256.20,3,F1,1,,,,,
2026-08-27,2026-08-27,CM,NSE,STK,765040,INE373T01047,BLUECLOUDS,EQ,,,,,BLUE CLOUD SOFTECH SOLU L,20.64,20.85,19.90,20.43,20.60,20.02,,20.44,,,4216077,85621238.18,8737,F1,1,,,,,
2026-08-27,2026-08-27,CM,NSE,STK,8552,INE472B01011,BLUECOAST,BE,,,,,BLUE COAST HOTELS LIMITED,23.90,24.60,22.35,22.44,22.35,23.50,,22.44,,,1071,24785.47,14,F1,1,,,,,
2026-08-27,2026-08-27,CM,NSE,STK,495,INE233B01017,BLUEDART,EQ,,,,,BLUE DART EXPRESS LTD,5032.00,5050.00,4969.00,5005.50,5001.00,5007.00,,5005.17,,,16935,84724834.00,3505,F1,1,,,,,
2026-08-27,2026-08-27,CM,NSE,STK,19686,INE0KBH01020,BLUEJET,EQ,,,,,BLUE JET HEALTHCARE LTD,590.00,593.95,582.50,585.60,585.00,590.10,,585.61,,,250159,146634266.20,11267,F1,1,,,,,
2026-08-27,2026-08-27,CM,NSE,STK,23410,INE0SAK01011,BLUEPEBBLE,SM,,,,,BLUE PEBBLE LIMITED,65.00,66.00,60.65,64.00,64.00,68.00,,64.00,,,8800,560400.00,21,F1,400,,,,,
2026-08-27,2026-08-27,CM,NSE,STK,8311,INE472A01039,BLUESTARCO,EQ,,,,,BLUE STAR LIMITED,1488.00,1509.90,1487.20,1497.00,1497.00,1485.00,,1497.15,,,128386,192096070.40,9191,F1,1,,,,,
2026-08-27,2026-08-27,CM,NSE,STK,758185,INE0X3M01010,BLUEWATER,ST,,,,,BLUE WATER LOGISTICS LTD,456.00,478.80,456.00,475.00,475.00,456.00,,475.00,,,18000,8508550.00,17,F1,1000,,,,,
2026-08-27,2026-08-27,CM,NSE,STK,759291,INE304W01038,BLUESTONE,EQ,,,,,BLUESTONE JEWEL LFSTL LTD,797.00,819.85,792.95,800.50,803.00,797.95,,800.49,,,586565,474490967.80,22662,F1,1,,,,,
2026-08-27,2026-08-27,CM,NSE,STK,757520,INE0U4101014,BLUSPRING,EQ,,,,,BLUSPRING ENTERPRISES LTD,128.90,133.88,125.02,131.56,132.40,128.13,,131.54,,,352695,45729456.15,4418,F1,1,,,,,
2026-08-27,2026-08-27,CM,NSE,STK,759256,INE965W01036,BMWVENTLTD,EQ,,,,,BMW VENTURES LIMITED,57.00,57.24,56.50,56.95,56.57,56.90,,56.95,,,36087,2047749.53,808,F1,1,,,,,
2026-08-27,2026-08-27,CM,NSE,STK,762608,INE00HZ01011,BNAGROCHEM,EQ,,,,,BN AGROCHEM LTD.,219.05,234.95,219.05,233.90,234.45,230.05,,233.90,,,32625,7488832.20,100,F1,1,,,,,
2026-08-27,2026-08-27,CM,NSE,STK,760821,INE00XL07015,975BNAL28,N0,,,,,BNAL 9.75% 2028 SR TR 1,9899.50,9899.50,9899.50,9899.50,9899.50,10072.00,,9899.50,,,10,98995.00,1,F1,1,,,,,
2026-08-27,2026-08-27,CM,NSE,STK,25021,INE338D01028,BODALCHEM,BE,,,,,BODAL CHEMICALS LTD,89.91,94.47,88.05,94.47,94.47,89.98,,94.47,,,1042178,97933738.67,3691,F1,1,,,,,
2026-08-27,2026-08-27,CM,NSE,STK,14150,INE0EEJ01023,BTML,EQ,,,,,BODHI TREE MULTIMEDIA LTD,8.89,9.08,8.70,8.98,9.00,8.89,,8.98,,,595859,5340504.90,545,F1,1,,,,,
2026-08-27,2026-08-27,CM,NSE,STK,11640,INE802W01023,BOHRAIND,EQ,,,,,BOHRA INDUSTRIES LIMITED,13.99,14.74,12.73,12.85,13.68,13.86,,12.85,,,90454,1194752.12,197,F1,1,,,,,
2026-08-27,2026-08-27,CM,NSE,STK,380,INE050A01025,BBTC,EQ,,,,,BOMBAY BURMAH TRADING COR,1450.00,1639.00,1449.00,1613.60,1592.00,1426.20,,1613.61,,,14319956,23056047991.40,417402,F1,1,,,,,
2026-08-27,2026-08-27,CM,NSE,STK,513,INE032A01023,BOMDYEING,EQ,,,,,BOMBAY DYEING & MFG. CO L,111.40,121.90,111.36,116.95,116.68,111.22,,116.95,,,12306360,1467337907.73,72902,F1,1,,,,,
2026-08-27,2026-08-27,CM,NSE,STK,809,INE032Z01020,BSHSL,EQ,,,,,BOMBAY SUPER HYBRID SEEDS,90.60,91.00,88.00,89.08,89.03,89.88,,89.08,,,5768,521031.93,125,F1,1,,,,,
2026-08-27,2026-08-27,CM,NSE,STK,31128,INE053F07538,810IRFC27,N2,,,,,BOND 8.10% PA TAX FREE S2,1084.84,1090.00,1084.84,1090.00,1090.00,1078.99,,1090.00,,,1000,1088530.00,5,F1,1,,,,,
2026-08-27,2026-08-27,CM,NSE,STK,31040,INE906B07CB9,830NHAI27,N2,,,,,BOND 8.30% PA TAX FREE S2,1088.99,1088.99,1083.10,1083.93,1083.11,1084.58,,1083.95,,,3307,3585714.31,19,F1,1,,,,,
2026-08-27,2026-08-27,CM,NSE,STK,30984,INE020B07HP8,846REC28,N6,,,,,BOND 8.46% TAX FREE S2A,1117.61,1117.61,1117.61,1117.61,1117.61,1117.50,,1117.61,,,400,447044.00,2,F1,1,,,,,
2026-08-27,2026-08-27,CM,NSE,STK,1991,INE053F07728,863IRFC29,NC,,,,,BOND 8.63% PA TF TII-SIIA,1109.00,1109.00,1107.00,1107.00,1107.00,1110.00,,1106.01,,,250,276876.00,5,F1,1,,,,,
2026-08-27,2026-08-27,CM,NSE,STK,603,INE053F07686,865IRFC29,NA,,,,,BOND 8.65% PA TF TI-SIIB,1110.00,1110.00,1110.00,1110.00,1110.00,1104.00,,1110.00,,,1,1110.00,1,F1,1,,,,,
2026-08-27,2026-08-27,CM,NSE,STK,30990,INE020B07HS2,871REC28,N9,,,,,BOND 8.71% TAX FREE S2B,1118.00,1121.30,1118.00,1120.00,1120.00,1118.55,,1120.00,,,1692,1893059.50,9,F1,1,,,,,
2026-08-27,2026-08-27,CM,NSE,STK,1999,INE053F07744,888IRFC29,NE,,,,,BOND 8.88% PA TF TII-SIIB,1123.00,1123.00,1115.00,1121.49,1121.49,1121.60,,1122.25,,,161,179904.58,11,F1,1,,,,,
2026-08-27,2026-08-27,CM,NSE,STK,31970,INE557F07132,901NHB34,N6,,,,,BOND 9.01%PA TF TR-I S 3B,6350.00,6350.00,6342.00,6343.00,6343.00,6341.00,,6343.00,,,22,139555.00,4,F1,1,,,,,
2026-08-27,2026-08-27,CM,NSE,STK,2947,INE020B07IG5,888REC29,NF,,,,,BOND8.88% PA TF TR II S2B,1111.50,1144.46,1111.50,1144.46,1144.46,1140.00,,1144.46,,,1807,2061871.18,11,F1,1,,,,,
2026-08-27,2026-08-27,CM,NSE,STK,761056,INE0B9A01018,BONLON,EQ,,,,,BONLON INDUSTRIES LIMITED,40.39,40.90,39.11,40.30,40.30,39.60,,39.21,,,3325,132977.64,84,F1,1,,,,,
2026-08-27,2026-08-27,CM,NSE,STK,757919,INE16SF01016,BORANA,EQ,,,,,BORANA WEAVES LIMITED,315.70,316.00,309.10,310.15,309.15,318.10,,310.15,,,17072,5312432.15,588,F1,1,,,,,
2026-08-27,2026-08-27,CM,NSE,STK,19401,INE02PY01013,BOROLTD,EQ,,,,,BOROSIL LIMITED,252.42,254.90,241.25,244.07,242.00,255.35,,244.14,,,1072261,266689764.97,10797,F1,1,,,,,
2026-08-27,2026-08-27,CM,NSE,STK,3149,INE666D01022,BORORENEW,EQ,,,,,BOROSIL RENEWABLES LTD,525.50,530.65,515.00,517.55,518.00,527.00,,517.57,,,308464,161011686.40,10385,F1,1,,,,,
2026-08-27,2026-08-27,CM,NSE,STK,24014,INE02L001032,BOROSCI,EQ,,,,,BOROSIL SCIENTIFIC LTD,127.07,128.17,125.25,125.89,126.49,127.07,,125.88,,,36361,4609210.02,981,F1,1,,,,,
2026-08-27,2026-08-27,CM,NSE,STK,4491,INE782A01015,BOSCH-HCIL,EQ,,,,,BOSCH HOME COMFRT IND LTD,1714.10,1732.00,1660.00,1667.60,1660.00,1705.60,,1667.89,,,31224,52834179.90,4080,F1,1,,,,,
2026-08-27,2026-08-27,CM,NSE,STK,2181,INE323A01026,BOSCHLTD,EQ,,,,,BOSCH LIMITED,48945.00,48945.00,48460.00,48780.00,48780.00,48895.00,,48762.63,,,28795,1402423030.00,7657,F1,1,,,,,
2026-08-27,2026-08-27,CM,NSE,STK,25119,INE0QNI01012,BOSS,SM,,,,,BOSS PACKAGING SOLU LTD,50.90,50.90,50.85,50.85,50.85,53.50,,50.85,,,4000,203500.00,2,F1,2000,,,,,
2026-08-27,2026-08-27,CM,NSE,STK,530,INE110A01019,BPL,EQ,,,,,BPL LTD,51.99,52.69,51.60,51.79,51.90,51.67,,51.79,,,31024,1614008.94,592,F1,1,,,,,
2026-08-27,2026-08-27,CM,NSE,STK,24905,INE0R4Z01018,BRACEPORT,SM,,,,,BRACE PORT LOGISTICS LTD,60.20,60.25,60.10,60.20,60.20,62.80,,60.20,,,8000,481360.00,5,F1,1600,,,,,
2026-08-27,2026-08-27,CM,NSE,STK,764628,INE320I01017,BRAHMINFRA,EQ,,,,,BRAHMAPUTRA INFRA L,163.90,163.90,156.45,156.86,156.65,157.39,,156.96,,,5878,933837.71,232,F1,1,,,,,
2026-08-27,2026-08-27,CM,NSE,STK,24814,INE02RE01045,FIRSTCRY,EQ,,,,,BRAINBEES SOLUTIONS LTD,192.00,193.77,187.55,188.26,188.00,191.96,,188.26,,,916127,173913545.31,18821,F1,1,,,,,
2026-08-27,2026-08-27,CM,NSE,STK,7780,INE977Y01011,BCONCEPTS,EQ,,,,,BRAND CONCEPTS LIMITED,156.00,163.08,153.50,160.01,160.00,160.48,,160.00,,,20738,3244051.58,858,F1,1,,,,,
2026-08-27,2026-08-27,CM,NSE,STK,760972,INE0XUD01014,BRANDMAN,SM,,,,,BRANDMAN RETAIL LIMITED,161.00,161.00,159.00,159.50,160.50,161.00,,159.50,,,7200,1149600.00,9,F1,800,,,,,
2026-08-27,2026-08-27,CM,NSE,STK,15184,INE791I01019,BRIGADE,EQ,,,,,BRIGADE ENTER. LTD,655.15,660.25,648.00,656.75,651.35,655.10,,656.79,,,234455,153679205.05,12282,F1,1,,,,,
2026-08-27,2026-08-27,CM,NSE,STK,757794,INE03NU01014,BRIGHOTEL,EQ,,,,,BRIGADE HOTEL VENTURE LTD,60.06,60.55,59.44,59.57,59.44,60.06,,59.57,,,55401,3316507.62,1618,F1,1,,,,,
2026-08-27,2026-08-27,CM,NSE,STK,764633,INE630D01010,BRIGHTBR,EQ,,,,,BRIGHT BROTHERS LTD.,262.64,268.80,253.35,263.83,268.80,257.49,,260.55,,,276,72077.05,20,F1,1,,,,,
2026-08-27,2026-08-27,CM,NSE,STK,8833,INE425B01027,BCG,EQ,,,,,BRIGHTCOM GROUP LIMITED,9.10,9.12,9.00,9.03,9.05,9.07,,9.03,,,2937320,26563579.18,3888,F1,1,,,,,
2026-08-27,2026-08-27,CM,NSE,STK,547,INE216A01030,BRITANNIA,EQ,,,,,BRITANNIA INDUSTRIES LTD,5315.00,5360.50,5277.50,5298.00,5298.00,5310.00,,5297.99,,,222346,1180712471.50,23478,F1,1,,,,,
2026-08-27,2026-08-27,CM,NSE,STK,2203,INE0FDU25010,BIRET,RR,,,,,BROOKFIELD INDIA RET,342.90,343.01,340.10,341.39,341.40,341.95,,341.50,,,136455,46739663.58,4811,F1,1,,,,,
2026-08-27,2026-08-27,CM,NSE,STK,25140,INE650L01011,BROOKS,BE,,,,,BROOKS LAB LIMITED,63.84,65.99,63.00,65.99,65.99,62.85,,65.99,,,63076,4147272.91,125,F1,1,,,,,
2026-08-27,2026-08-27,CM,NSE,STK,19585,INE118H01025,BSE,EQ,,,,,BSE LIMITED,3344.00,3386.60,3312.10,3328.00,3328.00,3325.60,,3328.00,,,2498105,8351090210.40,105456,F1,1,,,,,
2026-08-27,2026-08-27,CM,NSE,STK,559,INE594B01012,BSL,EQ,,,,,BSL LTD,123.00,123.80,121.23,123.42,123.40,121.56,,123.41,,,3420,418096.90,47,F1,1,,,,,
2026-08-27,2026-08-27,CM,NSE,STK,2716,INE295F01017,BUTTERFLY,EQ,,,,,BTRFLY GANDHI APPL LTD,640.00,641.40,625.00,627.75,627.00,639.25,,627.77,,,6732,4248423.00,623,F1,1,,,,,
2026-08-27,2026-08-27,CM,NSE,STK,24704,INE0SZ301012,BULKCORP,ST,,,,,BULKCORP INTERNATIONAL L,71.00,71.00,68.00,68.50,68.50,70.35,,68.50,,,10800,756840.00,9,F1,1200,,,,,
2026-08-27,2026-08-27,CM,NSE,STK,15194,INE817H01022,BURNPUR,EQ,,,,,BURNPUR CEMENT LIMITED,14.01,14.69,14.00,14.69,14.69,13.36,,14.69,,,199727,2863993.21,551,F1,1,,,,,
2026-08-27,2026-08-27,CM,NSE,STK,764643,INE084D01010,CGVAK,EQ,,,,,C G V A K SOFTWARE & EX L,150.50,150.50,146.93,148.15,148.25,149.57,,147.89,,,2206,327267.14,78,F1,1,,,,,
2026-08-27,2026-08-27,CM,NSE,STK,760854,INE0SMX01019,CKKRETAIL,SM,,,,,C K K RETAIL MART LIMITED,162.00,162.00,160.00,160.50,160.00,160.00,,160.50,,,6400,1032000.00,8,F1,800,,,,,
2026-08-27,2026-08-27,CM,NSE,STK,18372,INE0QBU01012,CPS,SM,,,,,C P S SHAPERS LIMITED,1144.95,1156.00,1144.95,1145.10,1145.10,1102.00,,1145.10,,,900,1033800.00,6,F1,150,,,,,
2026-08-27,2026-08-27,CM,NSE,STK,7227,INE0BV301023,MAPMYINDIA,EQ,,,,,C.E. INFO SYSTEMS LIMITED,1010.00,1021.00,970.00,977.10,973.00,1008.50,,976.98,,,174052,173429796.40,13467,F1,1,,,,,
2026-08-27,2026-08-27,CM,NSE,STK,27274,INE0U7V01015,C2C,SM,,,,,C2C ADVANCED SYSTEMS LTD,227.00,232.00,224.55,227.45,228.00,227.80,,227.45,,,50700,11521005.00,212,F1,150,,,,,
2026-08-27,2026-08-27,CM,NSE,STK,764255,INE11XY01018,CMLL,EQ,,,,,CALIBER MINING AND LOG L,514.50,517.00,509.00,511.35,509.50,509.00,,511.37,,,185226,94886478.15,4479,F1,1,,,,,
2026-08-27,2026-08-27,CM,NSE,STK,8341,INE526B01014,CALSOFT,EQ,,,,,CALIFORNIA SOFTWARE CO LT,33.81,33.81,32.30,33.81,33.81,32.20,,33.81,,,1106010,37112350.94,2047,F1,1,,,,,
2026-08-27,2026-08-27,CM,NSE,STK,14222,INE627H01017,CTE,BE,,,,,CAMBRIDGE TECH ENTER LTD,44.59,44.59,44.59,44.59,44.59,46.93,,44.53,,,3500,156065.00,38,F1,1,,,,,
2026-08-27,2026-08-27,CM,NSE,STK,6216,INE052I01032,CAMLINFINE,EQ,,,,,CAMLIN FINE SCIENCES LTD,106.59,106.59,102.50,102.94,103.44,106.57,,102.94,,,826195,85945947.35,7206,F1,1,,,,,
2026-08-27,2026-08-27,CM,NSE,STK,9362,INE278Y01022,CAMPUS,EQ,,,,,CAMPUS ACTIVEWEAR LIMITED,225.17,227.34,222.15,224.99,225.25,225.17,,224.97,,,211614,47595926.22,9197,F1,1,,,,,
2026-08-27,2026-08-27,CM,NSE,STK,583,INE477A01020,CANFINHOME,EQ,,,,,CAN FIN HOMES LTD,802.00,809.35,799.00,803.80,804.45,802.75,,803.81,,,131463,105647714.90,9829,F1,1,,,,,
2026-08-27,2026-08-27,CM,NSE,STK,10794,INE476A01022,CANBK,EQ,,,,,CANARA BANK,131.43,131.43,127.70,128.14,128.14,129.45,,126.67,,,10921428,1405734189.69,45483,F1,1,,,,,
2026-08-27,2026-08-27,CM,NSE,STK,759477,INE01TY01017,CANHLIFE,EQ,,,,,CANARA HSBC LIFE INS CO L,154.00,159.90,152.31,156.89,156.80,153.88,,156.89,,,3945084,617977612.32,36857,F1,1,,,,,
2026-08-27,2026-08-27,CM,NSE,STK,759311,INE218I01013,CRAMC,EQ,,,,,CANARA ROBECO AMC LIMITED,260.00,261.00,256.05,258.90,258.40,260.60,,258.90,,,375586,97166221.45,10442,F1,1,,,,,
2026-08-27,2026-08-27,CM,NSE,STK,19368,INE0QG301017,CANARYS,SM,,,,,CANARYS AUTOMATIONS LTD,25.90,27.95,25.25,26.05,26.05,24.85,,26.05,,,292000,7686000.00,59,F1,4000,,,,,
2026-08-27,2026-08-27,CM,NSE,STK,20160,INE068L01024,CANTABIL,EQ,,,,,CANTABIL RETAIL LTD,247.00,254.40,243.62,246.52,246.00,246.50,,246.52,,,78071,19245209.19,1790,F1,1,,,,,
2026-08-27,2026-08-27,CM,NSE,STK,21749,INE264T01014,CAPACITE,EQ,,,,,CAPACITE INFRAPROJECT LTD,226.50,231.50,221.73,223.16,222.90,227.38,,223.16,,,1225181,277320792.21,22776,F1,1,,,,,
2026-08-27,2026-08-27,CM,NSE,STK,759867,INE0ILV01024,CAPILLARY,EQ,,,,,CAPILLARY TECHNO INDIA L,506.60,511.70,493.70,508.95,503.10,506.60,,508.94,,,368041,185758628.55,9262,F1,1,,,,,
2026-08-27,2026-08-27,CM,NSE,STK,756015,INE345H01024,CIFL,EQ,,,,,CAPITAL INDIA FINANCE LTD,20.14,20.89,20.14,20.74,20.84,20.75,,20.78,,,14648,301615.05,231,F1,1,,,,,
2026-08-27,2026-08-27,CM,NSE,STK,29157,INE0Z8Z23013,CAPINVIT,IV,,,,,CAPITAL INFRA TRUST,77.35,77.35,76.62,76.97,76.85,76.90,,76.98,,,124054,9554755.47,1334,F1,1,,,,,
2026-08-27,2026-08-27,CM,NSE,STK,22675,INE646H01017,CAPITALSFB,EQ,,,,,CAPITAL SMALL FIN BANK L,284.25,297.30,282.20,283.95,282.20,282.60,,283.95,,,54058,15518334.50,1950,F1,1,,,,,
2026-08-27,2026-08-27,CM,NSE,STK,19451,INE707C01018,CAPTRUST,BE,,,,,CAPITAL TRUST LIMITED,20.55,20.55,20.10,20.28,20.47,20.25,,20.41,,,22106,450345.75,78,F1,1,,,,,
2026-08-27,2026-08-27,CM,NSE,STK,3906,INE475E01026,CAPLIPOINT,EQ,,,,,CAPLIN POINT LAB LTD.,2529.90,2548.10,2500.70,2540.70,2548.00,2516.30,,2540.84,,,40296,101898374.90,6158,F1,1,,,,,
2026-08-27,2026-08-27,CM,NSE,STK,20329,INE180C01042,CGCL,EQ,,,,,CAPRI GLOBAL CAPITAL LTD,254.95,254.95,243.85,244.80,244.58,256.35,,244.80,,,4059351,1010144716.84,38574,F1,1,,,,,
2026-08-27,2026-08-27,CM,NSE,STK,764203,INE536P01021,CPL,EQ,,,,,CAPTAIN POLYPLAST LIMITED,65.12,66.89,64.11,64.76,65.00,66.08,,64.70,,,124293,8122948.83,1056,F1,1,,,,,
2026-08-27,2026-08-27,CM,NSE,STK,595,INE120A01034,CARBORUNIV,EQ,,,,,CARBORUNDUM UNIVERSAL LTD,1114.90,1119.20,1100.00,1103.20,1105.00,1105.70,,1103.09,,,139357,154457975.00,9010,F1,1,,,,,
2026-08-27,2026-08-27,CM,NSE,STK,29113,INE752H01013,CARERATING,EQ,,,,,CARE RATINGS LIMITED,1660.00,1673.80,1631.00,1633.70,1631.00,1661.00,,1633.48,,,20543,33902746.60,6757,F1,1,,,,,
2026-08-27,2026-08-27,CM,NSE,STK,758941,INE0P6P01016,CPEDU,EQ,,,,,CAREER POINT EDUTECH LTD,185.00,195.90,178.00,192.21,192.25,185.09,,192.21,,,10392,1966511.01,563,F1,1,,,,,
2026-08-27,2026-08-27,CM,NSE,STK,28879,INE0V7W01012,CARRARO,EQ,,,,,CARRARO INDIA LIMITED,538.75,550.20,534.80,544.05,544.00,538.10,,544.03,,,146358,79782412.60,6638,F1,1,,,,,
2026-08-27,2026-08-27,CM,NSE,STK,5407,INE290S01011,CARTRADE,EQ,,,,,CARTRADE TECH LIMITED,3125.00,3254.00,3060.00,3080.20,3067.70,3142.20,,3080.42,,,669508,2123684535.30,62905,F1,1,,,,,
2026-08-27,2026-08-27,CM,NSE,STK,1879,INE482D01024,CARYSIL,EQ,,,,,CARYSIL LIMITED,1144.90,1147.90,1110.80,1116.30,1120.80,1139.70,,1116.33,,,100034,112173250.60,6702,F1,1,,,,,
2026-08-27,2026-08-27,CM,NSE,STK,758156,INE0WL201014,CUDML,ST,,,,,CASH UR DRIVE MARKETING L,104.00,104.00,104.00,104.00,104.00,102.40,,104.00,,,1000,104000.00,1,F1,1000,,,,,
2026-08-27,2026-08-27,CM,NSE,STK,1250,INE172A01027,CASTROLIND,EQ,,,,,CASTROL INDIA LIMITED,186.56,187.40,184.90,185.27,186.42,186.75,,185.27,,,2163286,402478900.51,27706,F1,1,,,,,
2026-08-27,2026-08-27,CM,NSE,STK,11452,INE421D01022,CCL,EQ,,,,,CCL PRODUCTS (I) LTD,1095.20,1115.00,1090.40,1111.50,1115.00,1095.20,,1111.50,,,177598,196267270.60,15992,F1,1,,,,,
2026-08-27,2026-08-27,CM,NSE,STK,15254,INE482A01020,CEATLTD,EQ,,,,,CEAT LIMITED,3585.20,3599.10,3500.00,3510.60,3505.00,3584.30,,3510.74,,,46998,166232652.60,9646,F1,1,,,,,
2026-08-27,2026-08-27,CM,NSE,STK,757690,INE11J101017,CEDAAR,ST,,,,,CEDAAR TEXTILE LIMITED,14.30,14.30,14.30,14.30,14.30,14.80,,14.30,,,6000,85800.00,6,F1,1000,,,,,
2026-08-27,2026-08-27,CM,NSE,STK,24742,INE0AG901020,CEIGALL,EQ,,,,,CEIGALL INDIA LIMITED,339.00,342.00,331.15,341.05,336.70,337.85,,341.04,,,695122,234937915.55,12153,F1,1,,,,,
2026-08-27,2026-08-27,CM,NSE,STK,761037,INE016Q01014,CEINSYS,EQ,,,,,CEINSYS TECH LIMITED,731.80,744.00,719.80,727.00,724.00,728.20,,727.06,,,37637,27495155.15,2769,F1,1,,,,,
2026-08-27,2026-08-27,CM,NSE,STK,13162,INE185H01016,CELEBRITY,EQ,,,,,CELEBRITY FASHIONS LTD,6.83,6.90,6.61,6.88,6.75,6.70,,6.88,,,24766,169623.22,76,F1,1,,,,,
2026-08-27,2026-08-27,CM,NSE,STK,16950,INE0O0001013,CELLPOINT,SM,,,,,CELL POINT (INDIA) LTD,15.20,16.30,15.05,16.30,16.30,15.50,,16.30,,,10800,164220.00,9,F1,1200,,,,,
2026-08-27,2026-08-27,CM,NSE,STK,18806,INE0OMO01025,CELLECOR,SM,,,,,CELLECOR GADGETS LIMITED,33.55,34.35,33.35,33.35,33.35,34.50,,33.35,,,144000,4887750.00,29,F1,3000,,,,,
2026-08-27,2026-08-27,CM,NSE,STK,19795,INE0LMW01024,CELLO,EQ,,,,,CELLO WORLD LIMITED,355.90,355.90,349.05,350.40,349.70,354.45,,350.34,,,214560,75502806.20,8414,F1,1,,,,,
2026-08-27,2026-08-27,CM,NSE,STK,5622,INE686A01026,CEMPRO,EQ,,,,,CEMINDIA PROJECTS LIMITED,1280.00,1293.00,1241.10,1251.20,1251.80,1287.10,,1251.19,,,209870,266877806.30,10878,F1,1,,,,,
2026-08-27,2026-08-27,CM,NSE,STK,14894,INE483A01010,CENTRALBK,EQ,,,,,CENTRAL BANK OF INDIA,31.00,31.06,30.58,30.65,30.66,30.83,,30.65,,,5856063,179773245.66,19411,F1,1,,,,,
2026-08-27,2026-08-27,CM,NSE,STK,21174,INE736A01011,CDSL,EQ,,,,,CENTRAL DEPO SER (I) LTD,1440.00,1445.00,1405.10,1410.80,1410.80,1434.00,,1410.80,,,1543936,2190814361.60,47407,F1,1,,,,,
2026-08-27,2026-08-27,CM,NSE,STK,761581,INE05HV01027,CMPDI,EQ,,,,,CENTRAL MINE P N D INST L,232.20,236.03,228.78,229.97,229.75,231.79,,229.97,,,650668,150994191.76,11973,F1,1,,,,,
2026-08-27,2026-08-27,CM,NSE,STK,2454,INE660C01027,CENTRUM,EQ,,,,,CENTRUM CAPITAL LIMITED,23.29,23.39,22.92,23.09,23.28,23.12,,23.09,,,150274,3467414.02,423,F1,1,,,,,
2026-08-27,2026-08-27,CM,NSE,STK,14982,INE320B01020,CENTUM,EQ,,,,,CENTUM ELECTRONICS LTD,3349.50,3444.00,3349.50,3401.90,3410.00,3334.50,,3402.23,,,42422,144548817.10,9841,F1,1,,,,,
2026-08-27,2026-08-27,CM,NSE,STK,619,INE485A01015,CENTENKA,EQ,,,,,CENTURY ENKA LTD,560.00,560.00,545.10,547.30,546.00,557.55,,547.30,,,33256,18258663.40,2032,F1,1,,,,,
2026-08-27,2026-08-27,CM,NSE,STK,11511,INE281A01026,CENTEXT,EQ,,,,,CENTURY EXTRUSIONS LTD,22.60,22.71,22.17,22.59,22.60,22.45,,22.59,,,128792,2888301.07,628,F1,1,,,,,
2026-08-27,2026-08-27,CM,NSE,STK,13305,INE348B01021,CENTURYPLY,EQ,,,,,CENTURY PLYBOARDS (I) LTD,743.05,761.00,742.10,751.75,742.50,743.05,,751.77,,,55312,41623209.20,3986,F1,1,,,,,
2026-08-27,2026-08-27,CM,NSE,STK,15039,INE739E01017,CERA,EQ,,,,,CERA SANITARYWARE LTD,5717.00,5825.00,5650.00,5662.00,5659.50,5717.00,,5661.93,,,8155,46317330.00,2937,F1,1,,,,,
2026-08-27,2026-08-27,CM,NSE,STK,29016,INE345B01019,CEREBRAINT,BZ,,,,,CEREBRA INT TECH LTD,2.76,2.76,2.62,2.65,2.69,2.71,,2.65,,,32470,86543.90,76,F1,1,,,,,
2026-08-27,2026-08-27,CM,NSE,STK,628,INE486A01021,CESC,EQ,,,,,CESC LTD,153.35,154.17,151.50,152.13,152.20,153.33,,152.13,,,884391,135178916.49,16307,F1,1,,,,,
2026-08-27,2026-08-27,CM,NSE,STK,760,INE067A01029,CGPOWER,EQ,,,,,CG POWER AND IND SOL LTD,871.40,898.75,870.20,897.90,897.90,865.05,,897.77,,,5431054,4837033812.85,128567,F1,1,,,,,
2026-08-27,2026-08-27,CM,NSE,STK,8546,INE427F01016,CHALET,EQ,,,,,CHALET HOTELS LIMITED,912.00,913.15,890.50,910.30,908.00,912.45,,910.33,,,122466,110641481.60,11567,F1,1,,,,,
2026-08-27,2026-08-27,CM,NSE,STK,3482,INE419D01026,CLSEL,EQ,,,,,CHAMAN LAL SETIA EXP LTD,313.20,313.35,294.05,295.20,295.25,313.20,,295.18,,,258010,77642187.90,7397,F1,1,,,,,
2026-08-27,2026-08-27,CM,NSE,STK,13731,INE06PV01010,CMNL,SM,,,,,CHAMAN METALLICS LIMITED,114.00,122.90,114.00,121.25,120.40,114.30,,121.25,,,63000,7621237.50,64,F1,750,,,,,
2026-08-27,2026-08-27,CM,NSE,STK,637,INE085A01013,CHAMBLFERT,EQ,,,,,CHAMBAL FERTILIZERS LTD,428.05,429.30,424.10,424.75,424.70,427.55,,424.75,,,493439,210159097.10,24732,F1,1,,,,,
2026-08-27,2026-08-27,CM,NSE,STK,29541,INE11HG01018,CHAMUNDA,SM,,,,,CHAMUNDA ELECTRICAL LTD,43.95,43.95,43.95,43.95,43.95,43.95,,43.95,,,3000,131850.00,1,F1,3000,,,,,
2026-08-27,2026-08-27,CM,NSE,STK,29633,INE0B2N01016,CHANDAN,SM,,,,,CHANDAN HEALTHCARE LTD,227.00,228.00,222.00,222.25,222.00,226.25,,222.25,,,9600,2159400.00,12,F1,800,,,,,
2026-08-27,2026-08-27,CM,NSE,STK,18654,INE0PT101017,CHAVDA,SM,,,,,CHAVDA INFRA LIMITED,138.80,139.65,138.00,138.05,138.10,139.35,,138.05,,,13000,1799600.00,13,F1,1000,,,,,
2026-08-27,2026-08-27,CM,NSE,STK,757991,INE0TGX01019,CHEMBONDCH,BE,,,,,CHEMBOND CHEMICAL LIMITED,274.00,277.15,266.10,269.84,271.00,267.76,,269.85,,,4068,1101749.60,122,F1,1,,,,,
2026-08-27,2026-08-27,CM,NSE,STK,14618,INE995D01025,CHEMBOND,EQ,,,,,CHEMBOND MATERIALTECH LTD,170.00,178.00,166.51,173.59,174.88,172.12,,173.59,,,3656,631045.91,142,F1,1,,,,,
2026-08-27,2026-08-27,CM,NSE,STK,276,INE03YM01018,CHEMCON,BE,,,,,CHEMCON SPECIAL CHEM LTD,197.00,201.15,197.00,200.68,200.50,201.15,,200.58,,,13476,2683316.59,249,F1,1,,,,,
2026-08-27,2026-08-27,CM,NSE,STK,765045,INE298W01016,CHEMCRUX,EQ,,,,,CHEMCRUX ENTERPRISES LTD.,87.50,87.50,83.10,83.98,84.12,86.72,,83.97,,,5867,496411.12,125,F1,1,,,,,
2026-08-27,2026-08-27,CM,NSE,STK,2799,INE783X01023,CHEMFAB,EQ,,,,,CHEMFAB ALKALIS LIMITED,366.10,373.95,352.00,358.90,366.50,367.10,,358.90,,,3024,1097231.50,178,F1,1,,,,,
2026-08-27,2026-08-27,CM,NSE,STK,5449,INE488A01050,CHEMPLASTS,EQ,,,,,CHEMPLAST SANMAR LIMITED,179.00,181.59,175.00,178.65,178.20,177.84,,178.65,,,168014,29951554.27,3547,F1,1,,,,,
2026-08-27,2026-08-27,CM,NSE,STK,2049,INE178A01016,CHENNPETRO,EQ,,,,,CHENNAI PETROLEUM CORP LT,1375.00,1390.00,1350.00,1352.40,1353.90,1375.00,,1352.34,,,579400,789354650.50,24413,F1,1,,,,,
2026-08-27,2026-08-27,CM,NSE,STK,24625,INE0U1T01012,CHETANA,SM,,,,,CHETANA EDUCATION LIMITED,43.35,43.35,43.35,43.35,43.35,43.35,,43.35,,,3200,138720.00,2,F1,1600,,,,,
2026-08-27,2026-08-27,CM,NSE,STK,9879,INE974B01016,CHEVIOT,EQ,,,,,CHEVIOT COMPANY LIMITED,1148.00,1156.00,1134.00,1135.80,1139.90,1154.00,,1135.80,,,1360,1552277.50,200,F1,1,,,,,
2026-08-27,2026-08-27,CM,NSE,STK,8866,INE102B01014,CHOICEIN,EQ,,,,,CHOICE INTERNATIONAL LTD,781.00,784.20,773.50,775.05,773.80,781.85,,775.04,,,189310,147001535.25,4853,F1,1,,,,,
2026-08-27,2026-08-27,CM,NSE,STK,759610,INF2KCX01012,CHOICEGOLD,EQ,,,,,CHOICEAMC - CHOICEGOLD,158.86,158.98,154.00,156.51,156.43,158.86,,156.51,,,23959,3735630.82,210,F1,1,,,,,
2026-08-27,2026-08-27,CM,NSE,STK,21740,INE149A01033,CHOLAHLDNG,EQ,,,,,CHOLAMANDALAM FIN HOL LTD,1546.00,1556.20,1511.90,1517.20,1514.30,1559.40,,1517.24,,,82278,125555800.10,10957,F1,1,,,,,
2026-08-27,2026-08-27,CM,NSE,STK,685,INE121A01024,CHOLAFIN,EQ,,,,,CHOLAMANDALAM IN & FIN CO,1872.00,1891.70,1860.80,1875.40,1875.40,1868.10,,1875.42,,,942441,1767794147.70,39207,F1,1,,,,,
2026-08-27,2026-08-27,CM,NSE,STK,14937,INE536H01010,CIEINDIA,EQ,,,,,CIE AUTOMOTIVE INDIA LTD,400.00,400.00,393.90,394.50,394.30,397.00,,394.50,,,79832,31534214.85,6275,F1,1,,,,,
2026-08-27,2026-08-27,CM,NSE,STK,27161,INE704H01022,CINELINE,EQ,,,,,CINELINE INDIA LIMITED,90.69,90.70,88.16,89.37,89.80,89.73,,89.37,,,9587,862250.98,185,F1,1,,,,,
2026-08-27,2026-08-27,CM,NSE,STK,8024,INE039B01026,CINEVISTA,EQ,,,,,CINEVISTA LIMITED,14.73,14.73,14.16,14.18,14.48,14.53,,14.16,,,8518,122458.95,67,F1,1,,,,,
2026-08-27,2026-08-27,CM,NSE,STK,694,INE059A01026,CIPLA,EQ,,,,,CIPLA LTD,1405.00,1420.00,1402.10,1420.00,1420.00,1402.70,,1420.00,,,533212,752764914.80,34591,F1,1,,,,,
2026-08-27,2026-08-27,CM,NSE,STK,763149,INE2Q7823014,CITIUSINVT,IV,,,,,CITIUS TRANSNET INV TRUST,114.03,115.50,113.62,114.00,114.01,113.56,,114.00,,,87475,9976813.76,717,F1,1,,,,,
2026-08-27,2026-08-27,CM,NSE,STK,5701,INE491A01021,CUB,EQ,,,,,CITY UNION BANK LTD,225.70,230.70,225.14,229.23,229.00,226.80,,229.22,,,2031290,464031820.36,39630,F1,1,,,,,
2026-08-27,2026-08-27,CM,NSE,STK,20233,INE201M01029,CLEDUCATE,BE,,,,,CL EDUCATE LIMITED,66.41,66.41,63.62,64.72,64.20,65.12,,64.76,,,33786,2204815.15,115,F1,1,,,,,
2026-08-27,2026-08-27,CM,NSE,STK,758736,INE0UQ601012,CLASSICEIL,SM,,,,,CLASSIC ELECTRODE (IND) L,57.90,60.70,56.20,59.90,60.55,55.25,,59.90,,,73600,4365360.00,43,F1,1600,,,,,
2026-08-27,2026-08-27,CM,NSE,STK,754695,INE1QGM01024,CLAYCRAFT,SM,,,,,CLAY CRAFT INDIA LIMITED,158.10,158.10,154.00,156.00,156.00,158.10,,156.00,,,28800,4491030.00,44,F1,600,,,,,
2026-08-27,2026-08-27,CM,NSE,STK,13846,INE376C01038,CLCIND,BE,,,,,CLC INDUSTRIES LIMITED,45.70,47.99,45.67,46.00,46.00,46.65,,46.00,,,12695,583145.30,14,F1,1,,,,,
2026-08-27,2026-08-27,CM,NSE,STK,760183,INE647U01026,CLEANMAX,EQ,,,,,CLEAN MAX ENVIRO EN SOL L,1182.30,1283.50,1182.30,1274.60,1272.00,1182.30,,1274.62,,,285516,355554354.30,25442,F1,1,,,,,
2026-08-27,2026-08-27,CM,NSE,STK,5049,INE227W01023,CLEAN,EQ,,,,,CLEAN SCIENCE & TECH LTD,829.00,832.95,816.20,830.05,830.00,829.45,,830.04,,,202595,167180175.00,13457,F1,1,,,,,
2026-08-27,2026-08-27,CM,NSE,STK,760143,INE1EF801010,CSSL,SM,,,,,CLEAR SECURED SERVICES L,92.35,95.00,92.00,92.00,92.00,92.10,,92.00,,,25000,2319850.00,21,F1,1000,,,,,
2026-08-27,2026-08-27,CM,NSE,STK,30893,INE00WV01027,CMRGREEN,EQ,,,,,CMR GREEN TECHNOLOGIES L,218.98,221.90,216.56,221.07,221.10,218.21,,221.07,,,434990,95469875.29,8120,F1,1,,,,,
2026-08-27,2026-08-27,CM,NSE,STK,7603,INE925R01014,CMSINFO,EQ,,,,,CMS INFO SYSTEMS LIMITED,247.00,248.30,239.00,239.95,241.00,246.15,,239.97,,,985514,238989841.20,21574,F1,1,,,,,
2026-08-27,2026-08-27,CM,NSE,STK,20374,INE522F01014,COALINDIA,EQ,,,,,COAL INDIA LTD,403.50,404.95,398.40,400.00,400.00,403.50,,400.02,,,4430005,1775377733.70,68498,F1,1,,,,,
2026-08-27,2026-08-27,CM,NSE,STK,6006,INE377E01024,COASTCORP,EQ,,,,,COASTAL CORPORATION LTD,40.69,41.09,40.20,40.62,40.74,40.69,,40.48,,,41001,1665477.78,360,F1,1,,,,,
2026-08-27,2026-08-27,CM,NSE,STK,21508,INE704P01025,COCHINSHIP,EQ,,,,,COCHIN SHIPYARD LIMITED,1554.00,1577.90,1534.00,1543.00,1543.00,1547.00,,1543.00,,,1334290,2079016468.30,44209,F1,1,,,,,
2026-08-27,2026-08-27,CM,NSE,STK,11169,INE335K01011,COFFEEDAY,BE,,,,,COFFEE DAY ENTERPRISE LTD,29.75,31.26,29.75,29.93,30.00,29.78,,29.93,,,276629,8343204.57,701,F1,1,,,,,
2026-08-27,2026-08-27,CM,NSE,STK,11543,INE591G01025,COFORGE,EQ,,,,,COFORGE LIMITED,1884.90,1909.10,1881.00,1901.80,1901.80,1880.00,,1901.78,,,1759661,3340295795.30,56501,F1,1,,,,,
2026-08-27,2026-08-27,CM,NSE,STK,17945,INE03QK01018,COHANCE,EQ,,,,,COHANCE LIFESCIENCES LTD,462.00,464.90,452.50,454.00,453.95,462.35,,454.00,,,308834,141268304.45,16704,F1,1,,,,,
2026-08-27,2026-08-27,CM,NSE,STK,15141,INE259A01022,COLPAL,EQ,,,,,COLGATE PALMOLIVE LTD.,1864.80,1876.10,1841.00,1845.00,1845.00,1860.00,,1844.98,,,290751,538088119.10,31855,F1,1,,,,,
2026-08-27,2026-08-27,CM,NSE,STK,762628,INE819A01049,COMFINTE,EQ,,,,,COMFORT INTECH LTD.,6.08,6.23,5.92,5.93,5.92,6.08,,5.93,,,226033,1359277.83,516,F1,1,,,,,
2026-08-27,2026-08-27,CM,NSE,STK,21578,INE073V01015,COMSYN,EQ,,,,,COMMERCIAL SYN BAGS LTD,287.05,290.04,277.49,283.75,286.58,288.72,,283.75,,,46730,13239462.36,1088,F1,1,,,,,
2026-08-27,2026-08-27,CM,NSE,STK,19513,INE597Z01014,COMMITTED,SM,,,,,COMMITTED CARGO CARE LTD,324.40,334.90,324.40,330.45,334.90,348.80,,330.45,,,5600,1830120.00,6,F1,800,,,,,
2026-08-27,2026-08-27,CM,NSE,STK,764648,INE823B01015,COMPEAU,EQ,,,,,COMPETENT AUTOMOB CO. L,362.00,362.00,345.50,348.05,345.65,351.15,,343.27,,,301,104795.45,28,F1,1,,,,,
2026-08-27,2026-08-27,CM,NSE,STK,19670,INE070C01037,COMPINFO,BZ,,,,,COMPUAGE INFOCOM LTD,1.09,1.13,1.06,1.07,1.08,1.10,,1.08,,,11193,12251.03,23,F1,1,,,,,
2026-08-27,2026-08-27,CM,NSE,STK,31138,INE453B01029,COMPUSOFT,EQ,,,,,COMPUCOM SOFTWARE LTD,13.37,13.55,13.25,13.47,13.38,13.29,,13.48,,,28431,380317.71,142,F1,1,,,,,
2026-08-27,2026-08-27,CM,NSE,STK,342,INE596I01020,CAMS,EQ,,,,,COMPUTER AGE MNGT SER LTD,748.00,753.00,740.20,740.90,740.90,746.00,,741.00,,,653884,486083779.65,35366,F1,1,,,,,
2026-08-27,2026-08-27,CM,NSE,STK,18060,INE338H01029,CONCORDBIO,EQ,,,,,CONCORD BIOTECH LIMITED,1537.00,1546.40,1471.70,1481.90,1494.00,1542.20,,1481.92,,,184371,275784477.20,23049,F1,1,,,,,
2026-08-27,2026-08-27,CM,NSE,STK,28764,INE037Z01029,CEWATER,EQ,,,,,CONCORD ENVIRO SYSTEMS L,273.00,274.65,265.05,266.25,265.10,271.75,,266.30,,,44998,12145945.80,2302,F1,1,,,,,
2026-08-27,2026-08-27,CM,NSE,STK,764638,INE700F01024,CFEL,EQ,,,,,CONFIDENCE FUTURIST ENE L,32.80,33.12,31.52,31.63,31.61,32.69,,31.77,,,13940,446413.49,77,F1,1,,,,,
2026-08-27,2026-08-27,CM,NSE,STK,10238,INE552D01024,CONFIPET,EQ,,,,,CONFIDENCE PETRO IND LTD.,79.66,80.86,78.22,79.01,78.51,79.69,,79.01,,,2291261,181807347.80,14996,F1,1,,,,,
2026-08-27,2026-08-27,CM,NSE,STK,758453,INE0EAS01014,CONNPLEX,SM,,,,,CONNPLEX CINEMAS LIMITED,218.30,225.00,218.00,225.00,225.00,226.40,,225.00,,,33600,7455840.00,38,F1,800,,,,,
2026-08-27,2026-08-27,CM,NSE,STK,14992,INE429I01024,CCCL,EQ,,,,,CONS. CONST. CONSORT LTD,15.05,15.18,14.96,14.98,15.00,15.07,,14.98,,,185633,2788532.29,497,F1,1,,,,,
2026-08-27,2026-08-27,CM,NSE,STK,11732,INE025A01027,CONSOFINVT,BE,,,,,CONSO. FIN. & HOLD. LTD.,272.00,276.00,272.00,272.00,272.00,271.85,,272.00,,,826,225273.75,22,F1,1,,,,,
2026-08-27,2026-08-27,CM,NSE,STK,4749,INE111A01025,CONCOR,EQ,,,,,CONTAINER CORP OF IND LTD,517.00,518.00,493.05,493.05,493.05,517.00,,493.09,,,651195,332392939.20,15491,F1,1,,,,,
2026-08-27,2026-08-27,CM,NSE,STK,2531,INE340Z01019,CONTI,SM,,,,,CONTINENTAL SEED CHEM LTD,10.55,10.55,10.45,10.45,10.45,11.00,,10.45,,,9999,104989.50,3,F1,3333,,,,,
2026-08-27,2026-08-27,CM,NSE,STK,17477,INE663B01015,CONTROLPR,EQ,,,,,CONTROL PRINT LIMITED,603.25,605.95,593.05,596.70,596.50,601.30,,596.62,,,11828,7066817.15,1316,F1,1,,,,,
2026-08-27,2026-08-27,CM,NSE,STK,8567,INE0HS001028,COOLCAPS,ST,,,,,COOL CAPS INDUSTRIES LTD,20.30,20.30,19.15,19.90,19.90,19.85,,19.90,,,53750,1051500.00,35,F1,1250,,,,,
2026-08-27,2026-08-27,CM,NSE,STK,4007,INE558D01021,CORALFINAC,EQ,,,,,CORAL INDIA FIN & HOUS LT,34.82,35.00,33.51,33.80,33.70,34.18,,33.71,,,57241,1965303.77,1110,F1,1,,,,,
2026-08-27,2026-08-27,CM,NSE,STK,15275,INE792I01017,CORDSCABLE,BE,,,,,CORDS CABLE INDUS LTD.,249.00,254.00,239.00,244.20,247.90,248.95,,244.41,,,28825,7071020.36,352,F1,1,,,,,
2026-08-27,2026-08-27,CM,NSE,STK,739,INE169A01031,COROMANDEL,EQ,,,,,COROMANDEL INTERNTL. LTD,1950.00,1963.40,1923.10,1928.40,1930.00,1949.70,,1928.38,,,119821,233465116.50,18380,F1,1,,,,,
2026-08-27,2026-08-27,CM,NSE,STK,760254,INE02ZQ01018,CORONA,EQ,,,,,CORONA REMEDIES LIMITED,2102.00,2103.10,2075.30,2083.20,2078.60,2103.10,,2084.70,,,5743,11977586.20,1132,F1,1,,,,,
2026-08-27,2026-08-27,CM,NSE,STK,742,INE757A01017,COSMOFIRST,EQ,,,,,COSMO FIRST LIMITED,921.00,945.50,915.75,942.05,940.20,924.30,,942.01,,,76944,71687285.70,4700,F1,1,,,,,
2026-08-27,2026-08-27,CM,NSE,STK,6385,INE652F01027,CCHHL,EQ,,,,,COUNTRY CLUB HOSP HOL LTD,12.73,13.13,12.73,12.86,12.78,12.98,,12.86,,,7776,100158.92,89,F1,1,,,,,
2026-08-27,2026-08-27,CM,NSE,STK,16989,INE695B01025,COUNCODOS,BE,,,,,COUNTRY CONDO S LIMITED,6.93,7.00,6.75,6.92,6.97,6.94,,6.92,,,88137,608926.60,293,F1,1,,,,,
2026-08-27,2026-08-27,CM,NSE,STK,20086,INE521J01018,CPCAP,EQ,,,,,CP CAPITAL LIMITED,118.66,118.66,112.00,112.73,115.49,115.77,,112.71,,,15693,1811020.63,241,F1,1,,,,,
2026-08-27,2026-08-27,CM,NSE,STK,2328,INF457M01133,CPSEETF,EQ,,,,,CPSE ETF,93.59,93.78,92.41,92.59,92.63,93.19,,92.59,,,1259923,116798678.89,9438,F1,1,,,,,
2026-08-27,2026-08-27,CM,NSE,STK,2854,INE00LO01017,CRAFTSMAN,EQ,,,,,CRAFTSMAN AUTOMATION LTD,10564.50,10929.50,10473.00,10898.00,10885.00,10539.00,,10897.67,,,46789,503733918.50,13894,F1,1,,,,,
2026-08-27,2026-08-27,CM,NSE,STK,764653,INE145E01017,CRAVATEX,EQ,,,,,CRAVATEX LTD.,330.00,335.00,328.30,332.60,328.30,334.95,,336.65,,,76,25107.45,15,F1,1,,,,,
2026-08-27,2026-08-27,CM,NSE,STK,16419,INE0OFK01019,CRAYONS,SM,,,,,CRAYONS ADVERTISING LTD,26.25,26.25,25.20,25.30,25.30,26.25,,25.30,,,5000,127350.00,5,F1,1000,,,,,
2026-08-27,2026-08-27,CM,NSE,STK,9384,INE230B01021,CREATIVEYE,EQ,,,,,CREATIVE EYE LIMITED,6.34,6.34,5.91,6.06,6.14,6.32,,6.06,,,12735,77283.91,98,F1,1,,,,,
2026-08-27,2026-08-27,CM,NSE,STK,23468,INE0R7401011,CGRAPHICS,SM,,,,,CREATIVE GRAPHICS S IND L,159.00,161.00,151.00,151.75,151.00,159.00,,151.75,,,14400,2237160.00,16,F1,800,,,,,
2026-08-27,2026-08-27,CM,NSE,STK,11155,INE985W01018,CNL,EQ,,,,,CREATIVE NEWTECH LIMITED,1214.50,1238.30,1175.75,1207.95,1195.10,1215.40,,1207.73,,,23472,28456792.60,2632,F1,1,,,,,
2026-08-27,2026-08-27,CM,NSE,STK,765306,INE1KPX01025,CREDENT,ST,,,,,CREDENT CONNECT N CARE L,360.00,367.70,347.05,357.15,359.70,355.35,,357.15,,,164400,59267340.00,211,F1,600,,,,,
2026-08-27,2026-08-27,CM,NSE,STK,4421,INE741K01010,CREDITACC,EQ,,,,,CREDITACCESS GRAMEEN LTD,1440.20,1446.20,1408.60,1425.90,1417.00,1440.20,,1425.66,,,384049,548329564.30,45881,F1,1,,,,,
2026-08-27,2026-08-27,CM,NSE,STK,20878,INE220Q01020,MUFTI,EQ,,,,,CREDO BRANDS MARKETING L,79.00,79.04,77.50,77.91,77.80,78.63,,77.91,,,93626,7306245.31,1032,F1,1,,,,,
2026-08-27,2026-08-27,CM,NSE,STK,765053,INE716D01033,CRSL,BE,,,,,CRESSANDA RAILWAY SOLUT L,2.58,2.58,2.50,2.50,2.50,2.63,,2.50,,,665370,1665885.51,651,F1,1,,,,,
2026-08-27,2026-08-27,CM,NSE,STK,13900,INE559D01011,CREST,EQ,,,,,CREST VENTURES LIMITED,363.00,390.00,363.00,371.85,372.00,372.35,,371.86,,,4173,1557203.70,182,F1,1,,,,,
2026-08-27,2026-08-27,CM,NSE,STK,757,INE007A01025,CRISIL,EQ,,,,,CRISIL LTD,4504.90,4715.00,4500.00,4703.20,4708.00,4513.40,,4703.19,,,170325,791604094.80,31222,F1,1,,,,,
2026-08-27,2026-08-27,CM,NSE,STK,757850,INE0S4R01014,CRIZAC,EQ,,,,,CRIZAC LIMITED,178.75,178.75,175.36,175.78,176.75,178.83,,175.78,,,93758,16538687.77,2677,F1,1,,,,,
2026-08-27,2026-08-27,CM,NSE,STK,17094,INE299U01018,CROMPTON,EQ,,,,,CROMPT GREA CON ELEC LTD,238.55,240.60,237.55,237.90,237.90,238.25,,237.92,,,4429720,1058222731.70,25299,F1,1,,,,,
2026-08-27,2026-08-27,CM,NSE,STK,18263,INE00NH01017,CLSL,ST,,,,,CROP LIFE SCIENCE LIMITED,90.00,92.00,88.00,91.00,91.00,90.80,,91.00,,,12000,1076100.00,6,F1,2000,,,,,
2026-08-27,2026-08-27,CM,NSE,STK,8083,INE491V01019,CROWN,EQ,,,,,CROWN LIFTERS LIMITED,106.00,106.00,103.50,105.10,105.23,105.28,,105.10,,,1076,113030.63,40,F1,1,,,,,
2026-08-27,2026-08-27,CM,NSE,STK,14966,INE679A01013,CSBBANK,EQ,,,,,CSB BANK LIMITED,345.80,355.55,345.80,348.80,348.00,347.75,,348.80,,,550978,193033052.00,22108,F1,1,,,,,
2026-08-27,2026-08-27,CM,NSE,STK,10350,INE718F01018,CSLFINANCE,EQ,,,,,CSL FINANCE LIMITED,233.00,233.00,225.00,226.87,229.00,229.74,,227.01,,,16640,3814990.49,358,F1,1,,,,,
2026-08-27,2026-08-27,CM,NSE,STK,763753,INE0ZK601013,CSM,EQ,,,,,CSM TECHNOLOGIES LIMITED,96.85,97.60,96.21,97.14,97.20,96.85,,97.14,,,96576,9365000.30,1011,F1,1,,,,,
2026-08-27,2026-08-27,CM,NSE,STK,15078,INE0NR623014,CUBEINVIT,IV,,,,,CUBE HIGHWAYS TRUST,159.40,159.40,156.10,156.57,156.20,156.11,,156.57,,,705447,110515954.69,6176,F1,1,,,,,
2026-08-27,2026-08-27,CM,NSE,STK,4064,INE144D01012,CUBEXTUB,EQ,,,,,CUBEX TUBINGS LTD,77.95,78.16,76.25,76.43,76.25,77.87,,76.46,,,34198,2635107.73,1224,F1,1,,,,,
2026-08-27,2026-08-27,CM,NSE,STK,1901,INE298A01020,CUMMINSIND,EQ,,,,,CUMMINS INDIA LTD,5225.00,5270.00,5141.50,5190.00,5190.00,5200.00,,5190.03,,,553728,2867704640.50,42780,F1,1,,,,,
2026-08-27,2026-08-27,CM,NSE,STK,18520,INE509F01029,CUPID,EQ,,,,,CUPID LIMITED,284.89,285.60,272.11,276.65,277.36,283.99,,276.64,,,19879463,5498499564.00,168413,F1,1,,,,,
2026-08-27,2026-08-27,CM,NSE,STK,30189,INE117B01020,CURAA,EQ,,,,,CURA TECHNOLOGIES LIMITED,69.20,69.99,68.50,69.27,68.50,69.11,,69.27,,,92,6372.75,11,F1,1,,,,,
2026-08-27,2026-08-27,CM,NSE,STK,759825,INE1BZN01016,CURIS,SM,,,,,CURIS LIFESCIENCES LTD,124.95,124.95,124.95,124.95,124.95,125.60,,124.95,,,1000,124950.00,1,F1,1000,,,,,
2026-08-27,2026-08-27,CM,NSE,STK,758964,INE1CRQ01014,CURRENT,SM,,,,,CURRENT INFRAPROJECTS LTD,100.00,100.00,100.00,100.00,100.00,99.00,,100.00,,,1600,160000.00,1,F1,1600,,,,,
2026-08-27,2026-08-27,CM,NSE,STK,11842,INE278G01037,CYBERMEDIA,EQ,,,,,CYBER MEDIA (INDIA) LTD.,18.01,19.00,17.57,18.41,18.50,18.17,,18.34,,,22560,419979.19,73,F1,1,,,,,
2026-08-27,2026-08-27,CM,NSE,STK,11447,INE075Z01011,CMRSL,SM,,,,,CYBER MEDIA RES & SER LTD,70.00,70.00,68.40,68.40,68.40,72.00,,68.40,,,4800,329600.00,6,F1,800,,,,,
2026-08-27,2026-08-27,CM,NSE,STK,6054,INE214A01019,CYBERTECH,BE,,,,,CYBERTECH SYSTEMS & SOFTW,134.00,135.29,133.00,134.57,134.25,132.52,,134.92,,,5137,687608.61,206,F1,1,,,,,
2026-08-27,2026-08-27,CM,NSE,STK,17187,INE055S01018,CYIENTDLM,EQ,,,,,CYIENT DLM LIMITED,800.00,814.25,792.05,810.40,811.50,797.90,,810.40,,,632549,509644776.75,35317,F1,1,,,,,
2026-08-27,2026-08-27,CM,NSE,STK,5748,INE136B01020,CYIENT,EQ,,,,,CYIENT LIMITED,1045.00,1059.00,1028.00,1052.70,1050.60,1047.70,,1052.68,,,2172515,2278694548.20,57007,F1,1,,,,,
2026-08-27,2026-08-27,CM,NSE,STK,16902,INE864X01013,DPWIRES,BE,,,,,D P WIRES LIMITED,153.00,156.80,152.00,155.20,156.70,153.65,,155.45,,,5370,829161.60,116,F1,1,,,,,
2026-08-27,2026-08-27,CM,NSE,STK,17851,INE250K01012,DLINKINDIA,EQ,,,,,D-LINK INDIA LTD,442.70,446.45,436.90,438.00,440.00,443.80,,437.92,,,53887,23741774.95,2159,F1,1,,,,,
2026-08-27,2026-08-27,CM,NSE,STK,936,INE266Y01019,DPABHUSHAN,EQ,,,,,D. P. ABHUSHAN LIMITED,1515.90,1533.00,1485.40,1521.20,1510.10,1506.10,,1521.02,,,26341,39913321.20,2603,F1,1,,,,,
2026-08-27,2026-08-27,CM,NSE,STK,17881,INE950I01011,DBCORP,EQ,,,,,D.B.CORP LTD,204.92,205.92,202.21,205.17,204.64,203.71,,205.17,,,40384,8255039.79,1516,F1,1,,,,,
2026-08-27,2026-08-27,CM,NSE,STK,772,INE016A01026,DABUR,EQ,,,,,DABUR INDIA LTD,393.50,394.80,386.05,386.20,386.20,392.20,,386.20,,,1282102,499436096.10,35940,F1,1,,,,,
2026-08-27,2026-08-27,CM,NSE,STK,762633,INE928C01010,DAICHI,EQ,,,,,DAI-ICHI KARKARIA LTD.,344.00,345.15,331.30,331.90,332.00,343.25,,331.98,,,2081,700778.50,89,F1,1,,,,,
2026-08-27,2026-08-27,CM,NSE,STK,8075,INE00R701025,DALBHARAT,EQ,,,,,DALMIA BHARAT LIMITED,1874.90,1905.00,1859.20,1876.20,1876.20,1898.00,,1876.20,,,211084,397307463.80,15085,F1,1,,,,,
2026-08-27,2026-08-27,CM,NSE,STK,781,INE495A01022,DALMIASUG,EQ,,,,,DALMIA BHARAT SUG IN LTD,484.00,489.35,471.20,474.55,471.20,481.10,,474.60,,,177301,84983953.50,6121,F1,1,,,,,
2026-08-27,2026-08-27,CM,NSE,STK,28662,INE284H01025,DAMCAPITAL,EQ,,,,,DAM CAPITAL ADVISORS LTD,150.78,152.99,148.22,149.12,149.06,150.02,,149.12,,,208302,31378296.28,3160,F1,1,,,,,
2026-08-27,2026-08-27,CM,NSE,STK,17569,INE497D01022,DAMODARIND,BE,,,,,DAMODAR INDUSTRIES LTD,27.71,28.00,27.25,27.75,27.75,27.17,,27.75,,,773,21417.10,17,F1,1,,,,,
2026-08-27,2026-08-27,CM,NSE,STK,1110,INE688Y01022,DANGEE,EQ,,,,,DANGEE DUMS LIMITED,2.88,2.92,2.78,2.87,2.88,2.82,,2.87,,,41132,117354.49,152,F1,1,,,,,
2026-08-27,2026-08-27,CM,NSE,STK,25927,INE0YU901016,DANISH,SM,,,,,DANISH POWER LIMITED,806.00,816.75,800.00,815.90,816.75,800.80,,815.90,,,13350,10817062.50,83,F1,150,,,,,
2026-08-27,2026-08-27,CM,NSE,STK,757107,INE04Q901010,DCCL,SM,,,,,DAR CREDIT & CAPITAL LTD,45.20,45.20,45.00,45.00,45.00,46.00,,45.00,,,4000,180400.00,2,F1,2000,,,,,
2026-08-27,2026-08-27,CM,NSE,STK,7358,INE0IX101010,DATAPATTNS,EQ,,,,,DATA PATTERNS INDIA LTD,4755.00,4766.20,4637.20,4666.70,4671.00,4779.40,,4666.76,,,443386,2084808749.70,38617,F1,1,,,,,
2026-08-27,2026-08-27,CM,NSE,STK,11423,INE365B01017,DATAMATICS,EQ,,,,,DATAMATICS GLOBAL SER LTD,790.10,801.55,787.55,790.80,790.10,798.70,,790.80,,,23531,18674504.70,1738,F1,1,,,,,
2026-08-27,2026-08-27,CM,NSE,STK,21794,INE179G01029,DAVANGERE,EQ,,,,,DAVANGERE SUGAR COMPANY L,2.63,2.65,2.12,2.12,2.12,2.65,,2.12,,,39355327,90785043.11,10176,F1,1,,,,,
2026-08-27,2026-08-27,CM,NSE,STK,31111,INE921B01025,DBSTOCKBRO,BE,,,,,DB (INT) STOCK BROKERS,27.83,28.90,27.82,28.72,28.12,28.28,,28.70,,,11377,325888.45,57,F1,1,,,,,
2026-08-27,2026-08-27,CM,NSE,STK,11566,INE0A1101019,DCI,EQ,,,,,DC INFOTECH AND COMUN LTD,408.80,418.00,402.00,413.85,418.00,402.80,,413.86,,,50993,20967199.55,1786,F1,1,,,,,
2026-08-27,2026-08-27,CM,NSE,STK,13725,INE503A01015,DCBBANK,EQ,,,,,DCB BANK LIMITED,214.50,220.50,214.50,217.51,217.05,213.83,,217.53,,,9712688,2112174612.25,48908,F1,1,,,,,
2026-08-27,2026-08-27,CM,NSE,STK,761737,INE04Q907181,1275DCCL28,N0,,,,,DCCL 12.75% 2028,9843.24,9843.24,9843.24,9843.24,9843.24,9975.00,,9843.24,,,12,118118.88,2,F1,1,,,,,
2026-08-27,2026-08-27,CM,NSE,STK,23520,INE0S8401018,DCG,SM,,,,,DCG CABLES & WIRES LTD,55.00,55.00,53.10,53.25,53.25,55.50,,53.25,,,7200,386340.00,6,F1,1200,,,,,
2026-08-27,2026-08-27,CM,NSE,STK,4775,INE891B01012,DCMFINSERV,EQ,,,,,DCM FINANCIAL SERVICES LT,5.34,5.44,5.27,5.43,5.43,5.34,,5.41,,,3239,17165.86,84,F1,1,,,,,
2026-08-27,2026-08-27,CM,NSE,STK,7323,INE498A01018,DCM,BE,,,,,DCM LIMITED,81.10,82.00,79.50,81.50,81.50,80.11,,81.50,,,4898,396219.65,50,F1,1,,,,,
2026-08-27,2026-08-27,CM,NSE,STK,11039,INE08KP01019,DCMNVL,EQ,,,,,DCM NOUVELLE LIMITED,182.55,198.58,182.55,190.98,192.89,189.18,,190.98,,,46978,9106019.11,982,F1,1,,,,,
2026-08-27,2026-08-27,CM,NSE,STK,760893,INE0OFM01015,DSFCL,BE,,,,,DCM SHRIRAM FINE CHEM LTD,27.50,27.57,26.97,26.97,26.97,27.50,,27.00,,,56018,1519510.77,84,F1,1,,,,,
2026-08-27,2026-08-27,CM,NSE,STK,7325,INE843D01027,DCMSRIND,EQ,,,,,DCM SHRIRAM IND LTD,47.61,49.39,46.11,46.77,47.50,47.84,,46.77,,,191558,9163264.26,1160,F1,1,,,,,
2026-08-27,2026-08-27,CM,NSE,STK,760896,INE0OU201013,DCMSIL,EQ,,,,,DCM SHRIRAM INTERNATNL L,76.70,76.70,71.00,73.26,73.90,75.25,,73.25,,,60094,4413593.04,575,F1,1,,,,,
2026-08-27,2026-08-27,CM,NSE,STK,811,INE499A01024,DCMSHRIRAM,EQ,,,,,DCM SHRIRAM LIMITED,1069.00,1079.00,1021.00,1028.40,1025.00,1050.10,,1028.37,,,67889,70763898.40,5672,F1,1,,,,,
2026-08-27,2026-08-27,CM,NSE,STK,817,INE500A01029,DCW,EQ,,,,,DCW LTD,46.88,47.00,45.68,45.95,45.85,46.78,,45.95,,,609175,28138626.40,2942,F1,1,,,,,
2026-08-27,2026-08-27,CM,NSE,STK,11895,INE0KL801015,DCXINDIA,EQ,,,,,DCX SYSTEMS LIMITED,175.99,178.52,173.00,173.99,173.50,176.11,,173.98,,,474521,83619979.73,7264,F1,1,,,,,
2026-08-27,2026-08-27,CM,NSE,STK,29098,INE0HR601026,DDEVPLSTIK,EQ,,,,,DDEV PLASTIKS IND LTD,278.95,280.00,275.60,278.70,279.00,276.25,,278.14,,,56523,15693552.40,1752,F1,1,,,,,
2026-08-27,2026-08-27,CM,NSE,STK,15449,INE0JWV01011,DENEERS,SM,,,,,DE NEERS TOOLS LIMITED,174.90,176.90,172.00,176.05,176.50,173.10,,176.05,,,16200,2835810.00,17,F1,600,,,,,
2026-08-27,2026-08-27,CM,NSE,STK,4279,INE244A01016,DENORA,EQ,,,,,DE NORA INDIA LIMITED,812.35,833.90,807.10,832.35,832.95,811.60,,832.35,,,3143,2595573.95,383,F1,1,,,,,
2026-08-27,2026-08-27,CM,NSE,STK,14838,INE583C01021,DECCANCE,EQ,,,,,DECCAN CEMENTS LIMITED,572.10,580.05,568.10,575.15,575.00,577.15,,575.16,,,11892,6831365.00,306,F1,1,,,,,
2026-08-27,2026-08-27,CM,NSE,STK,762638,INE945F01025,DECNGOLD,EQ,,,,,DECCAN GOLD MINES LTD.,231.80,231.80,222.02,229.37,229.30,230.96,,229.38,,,2139149,483541739.23,24463,F1,1,,,,,
2026-08-27,2026-08-27,CM,NSE,STK,25421,INE0S7C01019,DECCANTRAN,SM,,,,,DECCAN TRANSCON LEASING L,21.70,21.70,21.70,21.70,21.70,21.70,,21.70,,,1200,26040.00,1,F1,1200,,,,,
2026-08-27,2026-08-27,CM,NSE,STK,24154,INE841L01016,DEEDEV,EQ,,,,,DEE DEVELOPMENT ENG LTD,654.75,668.85,632.25,635.80,636.85,637.00,,635.80,,,316732,208396117.85,8590,F1,1,,,,,
2026-08-27,2026-08-27,CM,NSE,STK,22802,INE586O01011,DEEM,ST,,,,,DEEM ROLL TECH LIMITED,41.50,41.50,41.50,41.50,41.50,41.00,,41.50,,,1000,41500.00,1,F1,1000,,,,,
2026-08-27,2026-08-27,CM,NSE,STK,3292,INE0FHS01024,DEEPINDS,EQ,,,,,DEEP INDUSTRIES LIMITED,667.00,675.00,656.15,667.35,665.00,664.65,,667.36,,,194771,129862968.70,7422,F1,1,,,,,
2026-08-27,2026-08-27,CM,NSE,STK,765055,INE00IY01012,DEEP,EQ,,,,,DEEP POLYMERS LTD.,37.90,37.90,36.65,37.44,37.45,38.01,,37.44,,,4111,151797.17,65,F1,1,,,,,
2026-08-27,2026-08-27,CM,NSE,STK,25894,INE0OPA01027,DBEIL,BE,,,,,DEEPAK BUILDERS & ENG I L,6.36,6.60,6.36,6.54,6.51,6.48,,6.53,,,72025,471937.61,211,F1,1,,,,,
2026-08-27,2026-08-27,CM,NSE,STK,827,INE501A01019,DEEPAKFERT,EQ,,,,,DEEPAK FERTILIZERS & PETR,1484.50,1484.60,1450.00,1455.30,1454.00,1479.30,,1455.31,,,111196,162827426.20,10820,F1,1,,,,,
2026-08-27,2026-08-27,CM,NSE,STK,19943,INE288B01029,DEEPAKNTR,EQ,,,,,DEEPAK NITRITE LTD,1787.00,1787.00,1738.20,1752.80,1753.00,1776.70,,1752.76,,,228604,400238359.10,19151,F1,1,,,,,
2026-08-27,2026-08-27,CM,NSE,STK,22527,INE0SK801018,DELAPLEX,SM,,,,,DELAPLEX LIMITED,86.00,101.40,84.15,101.40,101.40,84.50,,101.40,,,46200,4436640.00,68,F1,600,,,,,
2026-08-27,2026-08-27,CM,NSE,STK,9599,INE148O01028,DELHIVERY,EQ,,,,,DELHIVERY LIMITED,450.00,466.65,449.15,466.00,466.00,449.00,,465.97,,,4020754,1855552877.55,68796,F1,1,,,,,
2026-08-27,2026-08-27,CM,NSE,STK,24395,INE726L01027,DELPHIFX,BE,,,,,DELPHI WORLD MONEY LTD,6.68,6.68,6.28,6.48,6.54,6.51,,6.46,,,108621,691784.14,227,F1,1,,,,,
2026-08-27,2026-08-27,CM,NSE,STK,29092,INE0XRN01019,DELTIC,SM,,,,,DELTA AUTOCORP LIMITED,35.00,35.00,34.35,34.35,34.35,34.90,,34.35,,,4000,139050.00,4,F1,1000,,,,,
2026-08-27,2026-08-27,CM,NSE,STK,15044,INE124G01033,DELTACORP,EQ,,,,,DELTA CORP LIMITED,61.17,61.19,59.57,59.84,59.57,60.72,,59.84,,,376445,22682666.83,2941,F1,1,,,,,
2026-08-27,2026-08-27,CM,NSE,STK,1214,INE393A01011,DELTAMAGNT,EQ,,,,,DELTA MANUFACTURING LTD,59.60,59.60,55.40,57.22,57.74,57.83,,57.22,,,5090,290150.92,123,F1,1,,,,,
2026-08-27,2026-08-27,CM,NSE,STK,17722,INE947J01015,DEN,EQ,,,,,DEN NETWORKS LTD,28.00,28.88,27.71,28.12,28.08,27.68,,28.12,,,462919,13093420.56,1674,F1,1,,,,,
2026-08-27,2026-08-27,CM,NSE,STK,29256,INE0R4L01018,DENTA,EQ,,,,,DENTA WATER N INFRA SOL L,287.00,294.85,282.60,284.50,283.00,285.60,,284.52,,,119460,34320657.60,2432,F1,1,,,,,
2026-08-27,2026-08-27,CM,NSE,STK,759079,INE0VOV01021,DEVX,EQ,,,,,DEV ACCELERATOR LIMITED,34.99,35.40,34.16,34.98,34.51,34.71,,34.98,,,125803,4391163.32,1455,F1,1,,,,,
2026-08-27,2026-08-27,CM,NSE,STK,8146,INE060X01034,DEVIT,EQ,,,,,DEV INFO TECHNOLOGY LTD,25.49,25.61,24.52,24.86,24.94,25.46,,24.86,,,34292,858039.69,238,F1,1,,,,,
2026-08-27,2026-08-27,CM,NSE,STK,5373,INE872J01023,DEVYANI,EQ,,,,,DEVYANI INTERNATIONAL LTD,151.80,155.95,145.00,146.11,145.70,149.36,,146.12,,,10309728,1552300055.29,75561,F1,1,,,,,
2026-08-27,2026-08-27,CM,NSE,STK,764661,INE260R01016,DHABRIYA,BE,,,,,DHABRIYA POLYWOOD LTD.,535.15,547.00,527.00,536.90,540.00,548.95,,536.85,,,11208,6041893.10,223,F1,1,,,,,
2026-08-27,2026-08-27,CM,NSE,STK,10893,INE0I3401014,DBOL,EQ,,,,,DHAMPUR BIO ORGANICS LTD,127.73,130.09,121.98,123.34,122.31,127.73,,123.35,,,307475,38345975.50,4035,F1,1,,,,,
2026-08-27,2026-08-27,CM,NSE,STK,857,INE041A01016,DHAMPURSUG,EQ,,,,,DHAMPUR SUGAR MILLS LTD.,186.00,186.20,170.10,170.92,171.52,183.67,,170.92,,,1243818,217801216.25,16480,F1,1,,,,,
2026-08-27,2026-08-27,CM,NSE,STK,11359,INE680A01011,DHANBANK,EQ,,,,,DHANLAXMI BANK LIMITED,33.30,34.80,32.50,32.72,32.55,33.21,,32.72,,,461956,15260764.07,2005,F1,1,,,,,
2026-08-27,2026-08-27,CM,NSE,STK,27723,INE0V9V01010,DHANLAXMI,SM,,,,,DHANLAXMI CROP SCIENCE L,25.00,25.00,25.00,25.00,25.00,26.00,,25.00,,,2000,50000.00,1,F1,2000,,,,,
2026-08-27,2026-08-27,CM,NSE,STK,24415,INE0M3I01029,DHANSA,SM,,,,,DHANSA LABS LIMITED,24.80,24.80,24.70,24.80,24.80,23.65,,24.80,,,34000,841900.00,13,F1,2000,,,,,
2026-08-27,2026-08-27,CM,NSE,STK,24409,INE435G01025,DHANUKA,EQ,,,,,DHANUKA AGRITECH LTD,987.60,990.00,981.60,985.80,987.20,985.20,,985.81,,,8006,7883836.40,1198,F1,1,,,,,
2026-08-27,2026-08-27,CM,NSE,STK,759203,INE278R01034,DHARAN,BZ,,,,,DHARAN INFRA-EPC LIMITED,0.16,0.17,0.16,0.16,0.17,0.16,,0.16,,,7844002,1276067.58,979,F1,1,,,,,
2026-08-27,2026-08-27,CM,NSE,STK,24747,INE0YRN01025,DHARIWAL,SM,,,,,DHARIWALCORP LIMITED,18.75,18.80,17.95,18.80,18.80,17.95,,18.80,,,147000,2745000.00,44,F1,3000,,,,,
2026-08-27,2026-08-27,CM,NSE,STK,13001,INE00OQ01016,DHARMAJ,EQ,,,,,DHARMAJ CROP GUARD LTD,268.00,273.00,265.65,270.80,270.00,269.55,,270.80,,,104452,28194104.05,1845,F1,1,,,,,
2026-08-27,2026-08-27,CM,NSE,STK,765060,INE715T01031,DHATRE,EQ,,,,,DHATRE UDYOG LTD.,4.23,4.56,4.21,4.32,4.31,4.29,,4.32,,,12036,51609.40,126,F1,1,,,,,
2026-08-27,2026-08-27,CM,NSE,STK,764553,INE01NH01023,DHOOTTRANS,EQ,,,,,DHOOT TRANSMISSION LTD,1577.05,1584.85,1473.00,1499.85,1486.00,1575.55,,1499.87,,,3496927,5368284759.55,138746,F1,1,,,,,
2026-08-27,2026-08-27,CM,NSE,STK,6858,INE506Z01015,DHRUV,EQ,,,,,DHRUV CONSULTANCY SER LTD,24.60,24.60,23.78,24.20,24.23,24.50,,24.20,,,5561,135252.11,58,F1,1,,,,,
2026-08-27,2026-08-27,CM,NSE,STK,22233,INE320L01011,DHUNINV,EQ,,,,,DHUNSERI INVESTMENTS LTD,1105.00,1130.00,1037.00,1046.50,1050.00,1115.90,,1046.40,,,11119,12133790.30,931,F1,1,,,,,
2026-08-27,2026-08-27,CM,NSE,STK,6227,INE341R01014,DTIL,EQ,,,,,DHUNSERI TEA & IND. LTD.,188.40,193.79,170.27,173.94,174.59,183.22,,173.92,,,279721,51406093.18,5216,F1,1,,,,,
2026-08-27,2026-08-27,CM,NSE,STK,15214,INE477B01010,DVL,EQ,,,,,DHUNSERI VENTURES LIMITED,300.00,300.00,279.68,293.97,292.90,294.44,,293.94,,,48383,14110182.42,1524,F1,1,,,,,
2026-08-27,2026-08-27,CM,NSE,STK,18644,INE591D01014,DIAMINESQ,EQ,,,,,DIAMINES & CHEMICALS LTD,245.24,246.00,240.16,244.38,246.00,245.24,,244.36,,,4174,1016173.35,107,F1,1,,,,,
2026-08-27,2026-08-27,CM,NSE,STK,18545,INE989C01038,DIACABS,BE,,,,,DIAMOND POWER INFRA LTD,337.10,341.40,330.00,338.60,340.00,338.30,,338.50,,,724738,244283517.85,15482,F1,1,,,,,
2026-08-27,2026-08-27,CM,NSE,STK,703,INE303A01010,DICIND,EQ,,,,,DIC INDIA LIMITED,607.40,619.90,593.55,601.30,606.00,601.95,,601.18,,,8279,5017882.20,295,F1,1,,,,,
2026-08-27,2026-08-27,CM,NSE,STK,25672,INE184O01015,DIFFNKG,EQ,,,,,DIFFUSION ENGINEERS LTD,391.00,404.80,390.05,402.55,401.25,388.80,,402.55,,,79652,31819452.10,2349,F1,1,,,,,
2026-08-27,2026-08-27,CM,NSE,STK,10346,INE03JI01017,DGCONTENT,EQ,,,,,DIGICONTENT LIMITED,24.20,24.59,23.81,24.00,24.00,24.23,,24.00,,,2514,60743.82,30,F1,1,,,,,
2026-08-27,2026-08-27,CM,NSE,STK,21247,INE0PSC01024,DIGIDRIVE,EQ,,,,,DIGIDRIVE DISTRIBUTORS L,17.95,18.50,17.52,17.77,17.78,17.95,,17.70,,,17538,310998.25,165,F1,1,,,,,
2026-08-27,2026-08-27,CM,NSE,STK,19138,INE0QJ901011,DIGIKORE,SM,,,,,DIGIKORE STUDIOS LIMITED,37.70,37.75,32.00,35.70,35.80,37.90,,35.70,,,364000,12510600.00,504,F1,400,,,,,
2026-08-27,2026-08-27,CM,NSE,STK,16683,INE927C01020,DIGISPICE,EQ,,,,,DIGISPICE TECHNOLOGIES LT,17.15,17.15,16.64,16.99,16.80,16.93,,16.99,,,53031,898395.17,113,F1,1,,,,,
2026-08-27,2026-08-27,CM,NSE,STK,757515,INE0U4701011,DIGITIDE,EQ,,,,,DIGITIDE SOLUTIONS LTD,101.90,103.25,99.24,102.44,101.85,101.83,,102.44,,,317725,32280405.75,3034,F1,1,,,,,
2026-08-27,2026-08-27,CM,NSE,STK,6127,INE731U01028,DIGJAMLMTD,EQ,,,,,DIGJAM LTD,52.00,52.50,51.20,52.00,52.00,51.73,,52.00,,,2268,117803.72,28,F1,1,,,,,
2026-08-27,2026-08-27,CM,NSE,STK,641,INE016M01021,DNAMEDIA,EQ,,,,,DILIGENT MEDIA CORP LTD.,2.58,2.64,2.55,2.60,2.61,2.58,,2.60,,,8995,23388.60,77,F1,1,,,,,
2026-08-27,2026-08-27,CM,NSE,STK,18086,INE917M01012,DBL,EQ,,,,,DILIP BUILDCON LIMITED,414.00,416.60,406.05,407.55,407.95,413.90,,407.56,,,83249,34196647.70,2149,F1,1,,,,,
2026-08-27,2026-08-27,CM,NSE,STK,762643,INE131C01011,DISAQ,EQ,,,,,DISA INDIA LTD.,11915.00,12099.00,11400.00,11590.00,11650.00,11974.00,,11593.94,,,389,4559992.00,162,F1,1,,,,,
2026-08-27,2026-08-27,CM,NSE,STK,14537,INE836F01026,DISHTV,EQ,,,,,DISH TV INDIA LTD.,2.75,2.75,2.72,2.73,2.73,2.75,,2.73,,,755278,2066836.43,747,F1,1,,,,,
2026-08-27,2026-08-27,CM,NSE,STK,21704,INE385W01011,DCAL,EQ,,,,,DISHMAN CARBO AMCIS LTD,176.00,177.74,174.61,177.22,177.10,175.27,,177.22,,,236981,41655610.63,2295,F1,1,,,,,
2026-08-27,2026-08-27,CM,NSE,STK,14479,INE753U01022,DIVGIITTS,EQ,,,,,DIVGI TORQTRANSFER SYST L,1185.50,1207.40,1143.20,1195.50,1200.00,1175.90,,1195.50,,,68404,80418762.40,6639,F1,1,,,,,
2026-08-27,2026-08-27,CM,NSE,STK,10940,INE361B01024,DIVISLAB,EQ,,,,,DIVI S LABORATORIES LTD,9045.00,9150.00,9035.00,9060.00,9060.00,9025.00,,9059.89,,,527307,4791214102.50,49400,F1,1,,,,,
2026-08-27,2026-08-27,CM,NSE,STK,30262,INE0NA501011,DIVINEHIRA,ST,,,,,DIVINE HIRA JEWELLERS LTD,117.90,117.90,115.00,117.75,117.75,118.00,,117.75,,,6000,702000.00,5,F1,1200,,,,,
2026-08-27,2026-08-27,CM,NSE,STK,24286,INE0SCO01019,DPEL,SM,,,,,DIVINE POWER ENERGY LTD,570.00,570.00,564.00,566.05,564.15,566.10,,566.05,,,11500,6522100.00,20,F1,500,,,,,
2026-08-27,2026-08-27,CM,NSE,STK,21690,INE935N01020,DIXON,EQ,,,,,DIXON TECHNO (INDIA) LTD,14735.00,14849.00,14684.00,14711.00,14711.00,14735.00,,14711.03,,,279395,4124439559.00,27801,F1,1,,,,,
2026-08-27,2026-08-27,CM,NSE,STK,12749,INE0B1K01014,DJML,EQ,,,,,DJ MEDIAPRINT & LOG LTD,76.00,76.00,72.02,73.08,72.78,75.16,,73.09,,,182313,13502071.30,2658,F1,1,,,,,
2026-08-27,2026-08-27,CM,NSE,STK,14732,INE271C01023,DLF,EQ,,,,,DLF LIMITED,679.00,687.50,673.55,676.15,676.15,672.50,,676.13,,,1765924,1202006086.95,31698,F1,1,,,,,
2026-08-27,2026-08-27,CM,NSE,STK,6973,INE505A01010,DMCC,EQ,,,,,DMCC SPECIALITY CHEMICALS,288.20,288.20,277.00,279.10,277.55,285.90,,279.21,,,32174,9029560.25,1172,F1,1,,,,,
2026-08-27,2026-08-27,CM,NSE,STK,22533,INE0OGG01015,DHTL,SM,,,,,DOCMODE HEALTH TECH LTD,31.35,31.35,31.35,31.35,31.35,33.00,,31.35,,,3200,100320.00,4,F1,800,,,,,
2026-08-27,2026-08-27,CM,NSE,STK,4822,INE021O01019,DODLA,EQ,,,,,DODLA DAIRY LIMITED,1092.00,1098.80,1073.60,1090.50,1088.00,1094.00,,1090.55,,,18952,20525304.70,6271,F1,1,,,,,
2026-08-27,2026-08-27,CM,NSE,STK,12124,INE966A01022,DOLATALGO,EQ,,,,,DOLAT ALGOTECH LIMITED,75.96,76.99,73.16,73.76,73.87,74.58,,73.76,,,288115,21525214.31,1391,F1,1,,,,,
2026-08-27,2026-08-27,CM,NSE,STK,20560,INE325C01035,DOLLAR,EQ,,,,,DOLLAR INDUSTRIES LIMITED,271.90,271.90,264.60,265.25,266.40,270.90,,265.26,,,36835,9865984.65,1472,F1,1,,,,,
2026-08-27,2026-08-27,CM,NSE,STK,13323,INE0JHH01011,DOLLEX,SM,,,,,DOLLEX AGROTECH LIMITED,34.50,34.50,33.25,33.45,33.65,33.25,,33.45,,,32000,1077000.00,8,F1,4000,,,,,
2026-08-27,2026-08-27,CM,NSE,STK,18139,INE920A01037,DOLPHIN,EQ,,,,,DOLPHIN OFF ENT (IND) L,613.00,640.00,613.00,628.20,623.55,613.30,,628.20,,,52709,33328520.05,1358,F1,1,,,,,
2026-08-27,2026-08-27,CM,NSE,STK,20551,INE321T01012,DOMS,EQ,,,,,DOMS INDUSTRIES LIMITED,2209.00,2235.00,2201.20,2214.90,2204.20,2204.00,,2214.73,,,13731,30474544.80,3895,F1,1,,,,,
2026-08-27,2026-08-27,CM,NSE,STK,13839,INE668D01028,DONEAR,EQ,,,,,DONEAR IND. LIMITED,85.50,85.50,83.62,84.46,84.14,84.25,,84.46,,,7674,650751.23,151,F1,1,,,,,
2026-08-27,2026-08-27,CM,NSE,STK,15423,INE360C01024,DPSCLTD,BE,,,,,DPSC LIMITED,7.11,7.46,7.11,7.36,7.38,7.11,,7.36,,,258822,1914839.77,431,F1,1,,,,,
2026-08-27,2026-08-27,CM,NSE,STK,29452,INE943P01029,AGARWALEYE,EQ,,,,,DR AGARWALS HEALTH CARE L,497.55,501.70,493.55,496.65,495.95,498.55,,496.65,,,857671,427602474.10,29527,F1,1,,,,,
2026-08-27,2026-08-27,CM,NSE,STK,762648,INE934C01018,DRAGARWQ,EQ,,,,,DR. AGARWAL'S EYE HOSP L,5248.00,5324.00,5151.00,5176.50,5151.00,5246.00,,5176.52,,,1492,7812511.50,566,F1,1,,,,,
2026-08-27,2026-08-27,CM,NSE,STK,11654,INE600L01024,LALPATHLAB,EQ,,,,,DR. LAL PATH LABS LTD.,1942.00,1948.80,1908.60,1936.40,1940.00,1937.30,,1936.44,,,87929,170172927.60,21600,F1,1,,,,,
2026-08-27,2026-08-27,CM,NSE,STK,881,INE089A01031,DRREDDY,EQ,,,,,DR. REDDY S LABORATORIES,1182.00,1191.90,1169.40,1177.00,1177.00,1182.00,,1176.95,,,1044405,1231550258.90,40162,F1,1,,,,,
2026-08-27,2026-08-27,CM,NSE,STK,2645,INE03RS01027,DRCSYSTEMS,EQ,,,,,DRC SYSTEMS INDIA LIMITED,12.94,12.94,12.56,12.79,12.81,12.76,,12.79,,,15496,197918.70,428,F1,1,,,,,
2026-08-27,2026-08-27,CM,NSE,STK,10859,INE0JS101016,DREAMFOLKS,EQ,,,,,DREAMFOLKS SERVICES LTD,69.20,69.80,67.12,67.31,67.20,68.77,,67.31,,,29972,2027032.78,663,F1,1,,,,,
2026-08-27,2026-08-27,CM,NSE,STK,11271,INE506A01018,DREDGECORP,EQ,,,,,DREDGING CORP OF INDIA,1138.60,1138.60,1104.90,1115.80,1110.20,1131.10,,1115.86,,,70849,79502422.30,4522,F1,1,,,,,
2026-08-27,2026-08-27,CM,NSE,STK,17372,INE0P7201019,DRONE,SM,,,,,DRONE DESTINATION LIMITED,36.05,36.05,35.30,35.30,35.30,36.15,,35.30,,,5500,195500.00,11,F1,500,,,,,
2026-08-27,2026-08-27,CM,NSE,STK,8772,INE891A01022,DSKULKARNI,BE,,,,,DS KULKARNI DEVELOPERS L,17.96,17.96,17.96,17.96,17.96,17.61,,17.96,,,122,2191.12,1,F1,1,,,,,
2026-08-27,2026-08-27,CM,NSE,STK,778,INE055C01020,KEEPLEARN,EQ,,,,,DSJ KEEP LEARNING LTD,1.98,1.99,1.91,1.98,1.99,1.98,,1.98,,,15874,31244.33,72,F1,1,,,,,
2026-08-27,2026-08-27,CM,NSE,STK,1927,INF740KA1EU7,LIQUIDETF,EQ,,,,,DSP LIQUID ETF,1000.00,1000.01,999.99,1000.00,1000.00,1000.00,,1000.00,,,188360,188359966.04,185,F1,1,,,,,
2026-08-27,2026-08-27,CM,NSE,STK,761364,INF740KA1YH2,BANK10ADD,EQ,,,,,DSPAMC - BANK10ADD,17.04,17.07,16.97,17.01,17.05,17.05,,17.01,,,7162819,122175823.14,449,F1,1,,,,,
2026-08-27,2026-08-27,CM,NSE,STK,13644,INF740KA1RX3,BANKADD,EQ,,,,,DSPAMC - DSPBANK,59.24,59.32,58.90,59.04,58.90,59.28,,59.05,,,12387,733242.94,38,F1,1,,,,,
2026-08-27,2026-08-27,CM,NSE,STK,15356,INF740KA1SW3,GOLDADD,EQ,,,,,DSPAMC - DSPGOLD,159.42,159.42,150.69,152.98,152.90,155.54,,152.98,,,1536007,234623506.35,18880,F1,1,,,,,
2026-08-27,2026-08-27,CM,NSE,STK,17207,INF740KA1SX1,ITADD,EQ,,,,,DSPAMC - DSPIT,32.24,32.41,32.07,32.19,32.23,32.19,,32.19,,,25426,817986.33,72,F1,1,,,,,
2026-08-27,2026-08-27,CM,NSE,STK,6606,INF740KA1QK2,EQUAL50ADD,EQ,,,,,DSPAMC - DSPNEWETF,347.28,347.28,344.78,345.36,346.37,346.78,,345.36,,,4646,1604520.20,209,F1,1,,,,,
2026-08-27,2026-08-27,CM,NSE,STK,7451,INF740KA1CL0,NIFTYADD,EQ,,,,,DSPAMC - DSPNIFTY,255.57,255.68,254.54,254.70,254.60,256.28,,254.70,,,4484,1143090.37,120,F1,1,,,,,
2026-08-27,2026-08-27,CM,NSE,STK,17616,INF740KA1SY9,PSUBANKADD,EQ,,,,,DSPAMC - DSPPSBKETF,88.09,88.09,86.86,87.02,86.95,87.97,,86.99,,,34081,2973506.62,186,F1,1,,,,,
2026-08-27,2026-08-27,CM,NSE,STK,17576,INF740KA1TA7,PVTBANKADD,EQ,,,,,DSPAMC - DSPPVBKETF,28.31,28.40,28.24,28.28,28.40,28.24,,28.28,,,121002,3423628.60,129,F1,1,,,,,
2026-08-27,2026-08-27,CM,NSE,STK,7456,INF740KA1ZF3,MIDQ50ADD,EQ,,,,,DSPAMC - DSPQ50ETF,25.50,25.60,25.42,25.49,25.50,25.44,,25.49,,,61358,1564777.30,99,F1,1,,,,,
2026-08-27,2026-08-27,CM,NSE,STK,17613,INF740KA1SZ6,SENSEXADD,EQ,,,,,DSPAMC - DSPSENXETF,79.97,80.32,79.53,80.06,79.53,80.18,,80.06,,,434,34721.79,24,F1,1,,,,,
2026-08-27,2026-08-27,CM,NSE,STK,10761,INF740KA1RE3,SILVERADD,EQ,,,,,DSPAMC - DSPSILVETF,231.22,231.23,225.75,228.41,228.04,232.23,,228.41,,,485881,110870531.80,3658,F1,1,,,,,
2026-08-27,2026-08-27,CM,NSE,STK,759368,INF740KA1WU9,FLEXIADD,EQ,,,,,DSPAMC - FLEXIADD,10.28,10.28,10.15,10.20,10.18,10.23,,10.20,,,44144,449741.67,273,F1,1,,,,,
2026-08-27,2026-08-27,CM,NSE,STK,763530,INF740KA1ZA4,FMCGADD,EQ,,,,,DSPAMC - FMCGADD,47.62,48.88,47.26,47.47,48.88,47.68,,47.47,,,9558,452784.53,198,F1,1,,,,,
2026-08-27,2026-08-27,CM,NSE,STK,765310,INF740KA1ZI7,GSEC10ADD,EQ,,,,,DSPAMC - GSEC10ADD,26.82,26.82,26.82,26.82,26.82,26.90,,26.82,,,1650000,44253000.00,177,F1,1,,,,,
2026-08-27,2026-08-27,CM,NSE,STK,22592,INF740KA1ZG1,HEALTHADD,EQ,,,,,DSPAMC - HEALTHADD,16.92,16.94,16.77,16.87,16.77,16.84,,16.87,,,8959,150520.28,171,F1,1,,,,,
2026-08-27,2026-08-27,CM,NSE,STK,23407,INF740KA1UM0,LIQUIDADD,EQ,,,,,DSPAMC - LIQUIDADD,1142.10,1142.28,1142.10,1142.11,1142.10,1141.96,,1142.11,,,1867757,2133201354.52,541,F1,1,,,,,
2026-08-27,2026-08-27,CM,NSE,STK,764428,INF740KA1ZH9,MIDBANKADD,EQ,,,,,DSPAMC - MIDBANKADD,17.54,17.54,17.35,17.37,17.37,17.54,,17.37,,,3168,55160.62,78,F1,1,,,,,
2026-08-27,2026-08-27,CM,NSE,STK,760356,INF740KA1WW5,MIDCAPADD,EQ,,,,,DSPAMC - MIDCAPADD,23.67,23.69,23.50,23.56,23.50,23.43,,23.56,,,6550,154627.84,42,F1,1,,,,,
2026-08-27,2026-08-27,CM,NSE,STK,759978,INF740KA1WV7,MSCIADD,EQ,,,,,DSPAMC - MSCIADD,29.89,29.90,29.73,29.90,29.90,29.99,,29.90,,,576,17177.68,9,F1,1,,,,,
2026-08-27,2026-08-27,CM,NSE,STK,29464,INF740KA1VE5,NEXT30ADD,EQ,,,,,DSPAMC - NEXT30ADD,43.43,43.45,43.18,43.42,43.45,43.64,,43.42,,,3788,163890.88,80,F1,1,,,,,
2026-08-27,2026-08-27,CM,NSE,STK,760599,INF740KA1XU7,NEXT50ADD,EQ,,,,,DSPAMC - NEXT50ADD,75.58,75.58,74.82,75.06,75.06,75.21,,75.14,,,4324,324186.40,138,F1,1,,,,,
2026-08-27,2026-08-27,CM,NSE,STK,760359,INF740KA1WX3,SMALLADD,EQ,,,,,DSPAMC - SMALLADD,18.66,18.66,18.55,18.56,18.55,18.58,,18.56,,,12799,238010.58,183,F1,1,,,,,
2026-08-27,2026-08-27,CM,NSE,STK,25171,INF740KA1UR9,TOP10ADD,EQ,,,,,DSPAMC - TOP10ADD,88.30,88.30,87.66,87.89,87.66,88.04,,87.90,,,125196,11006592.12,452,F1,1,,,,,
2026-08-27,2026-08-27,CM,NSE,STK,13766,INE0LZO01015,DUCOL,SM,,,,,DUCOL ORGS AND COLOURS LT,109.60,109.95,107.00,107.45,107.90,108.45,,107.45,,,3200,347560.00,4,F1,800,,,,,
2026-08-27,2026-08-27,CM,NSE,STK,28952,INE741L01018,DUCON,EQ,,,,,DUCON INFRATECHNOLOGIES L,2.34,2.40,2.16,2.17,2.19,2.35,,2.17,,,2072072,4713827.24,1268,F1,1,,,,,
2026-08-27,2026-08-27,CM,NSE,STK,5457,INE0HPK01020,DUGLOBAL,SM,,,,,DUDIGITAL GLOBAL LIMITED,26.80,26.80,26.80,26.80,26.80,25.55,,26.80,,,2500,67000.00,1,F1,2500,,,,,
2026-08-27,2026-08-27,CM,NSE,STK,24164,INE0OUW01013,DURLAX,SM,,,,,DURLAX TOP SURFACE LTD,68.00,68.00,66.10,67.60,67.70,68.05,,67.60,,,158000,10672900.00,55,F1,2000,,,,,
2026-08-27,2026-08-27,CM,NSE,STK,11667,INE366A01041,DWARKESH,EQ,,,,,DWARIKESH SUGAR IND LTD,54.09,55.50,50.49,51.18,50.80,53.75,,51.18,,,3534020,186561766.68,14215,F1,1,,,,,
2026-08-27,2026-08-27,CM,NSE,STK,25690,INE417B01040,DSSL,EQ,,,,,DYNACONS SYS & SOLN LTD,1073.50,1094.30,1069.20,1078.00,1076.60,1073.50,,1076.79,,,18453,19933507.30,2007,F1,1,,,,,
2026-08-27,2026-08-27,CM,NSE,STK,4525,INE221B01012,DYNAMATECH,EQ,,,,,DYNAMATIC TECHNOLOGIES,11495.00,11848.00,11411.00,11497.00,11477.00,11510.00,,11497.04,,,10773,124864212.00,3885,F1,1,,,,,
2026-08-27,2026-08-27,CM,NSE,STK,10417,INE600Y01019,DYCL,EQ,,,,,DYNAMIC CABLES LIMITED,457.20,461.45,446.30,448.25,449.00,458.90,,448.24,,,236905,107195878.75,7653,F1,1,,,,,
2026-08-27,2026-08-27,CM,NSE,STK,21314,INE256H01015,DYNPRO,EQ,,,,,DYNEMIC PRODUCTS LIMITED,234.55,234.95,231.35,232.40,234.90,231.10,,232.40,,,7205,1677111.15,168,F1,1,,,,,
2026-08-27,2026-08-27,CM,NSE,STK,19267,INE0KFF01017,EFACTOR,SM,,,,,E FACTOR EXPERIENCES LTD,200.00,200.00,191.00,192.00,191.00,200.00,,192.00,,,4800,950000.00,6,F1,400,,,,,
2026-08-27,2026-08-27,CM,NSE,STK,760531,INE1CEJ01017,E2ERAIL,SM,,,,,E TO E TRANS INFRA LTD,285.00,285.00,275.00,276.40,276.30,285.00,,276.40,,,23200,6455280.00,27,F1,800,,,,,
2026-08-27,2026-08-27,CM,NSE,STK,8940,INE255Z01027,E2E,BE,,,,,E2E NETWORKS LIMITED,625.50,635.00,612.80,618.10,619.55,613.05,,618.11,,,426789,265972098.80,13256,F1,1,,,,,
2026-08-27,2026-08-27,CM,NSE,STK,765065,INE595R01023,EASTWEST,EQ,,,,,EAST WEST FREIGHT CARRI L,2.55,2.65,2.44,2.49,2.50,2.50,,2.49,,,18976,47719.12,104,F1,1,,,,,
2026-08-27,2026-08-27,CM,NSE,STK,9769,INE962C01035,EASTSILK,BE,,,,,EASTERN SILK INDUSTRIES L,61.75,66.66,61.74,62.71,65.44,64.98,,62.40,,,2274,142599.11,39,F1,1,,,,,
2026-08-27,2026-08-27,CM,NSE,STK,2792,INE07O001026,EASEMYTRIP,EQ,,,,,EASY TRIP PLANNERS LTD,6.18,6.19,6.08,6.10,6.10,6.14,,6.10,,,5713718,34909517.87,5758,F1,1,,,,,
2026-08-27,2026-08-27,CM,NSE,STK,765070,INE432F01032,EBIX,EQ,,,,,EBIX LIMITED,21.90,22.18,20.57,21.50,21.46,21.37,,21.50,,,75019,1614337.20,306,F1,1,,,,,
2026-08-27,2026-08-27,CM,NSE,STK,759974,INE528S07110,888ECL28,N1,,,,,ECL 8.88% 2028 SR V,990.00,990.00,987.00,990.00,990.00,990.00,,980.47,,,263,260181.00,9,F1,1,,,,,
2026-08-27,2026-08-27,CM,NSE,STK,759975,INE528S07128,925ECL28,N2,,,,,ECL 9.25% 2028 SR VI,1020.00,1020.00,1003.00,1003.00,1003.00,1020.97,,1003.00,,,365,370600.00,4,F1,1,,,,,
2026-08-27,2026-08-27,CM,NSE,STK,15179,INE738I01010,ECLERX,EQ,,,,,ECLERX SERVICES LTD,1942.00,1972.20,1915.30,1940.90,1931.00,1944.00,,1940.95,,,181165,352985378.30,23092,F1,1,,,,,
2026-08-27,2026-08-27,CM,NSE,STK,764663,INE316A01038,ECORECO,EQ,,,,,ECO RECYCLING LTD.,455.50,465.00,452.40,459.95,465.00,456.95,,460.63,,,8284,3800358.80,599,F1,1,,,,,
2026-08-27,2026-08-27,CM,NSE,STK,759964,INE0VBS01016,ECOLINE,ST,,,,,ECOLINE EXIM LIMITED,177.00,182.00,176.05,182.00,182.00,181.00,,182.00,,,3000,535050.00,3,F1,1000,,,,,
2026-08-27,2026-08-27,CM,NSE,STK,25062,INE06HJ01020,ECOSMOBLTY,BE,,,,,ECOS (INDIA) MOB & HOSP L,112.48,115.00,112.20,114.09,114.45,111.62,,114.05,,,78496,8936465.69,441,F1,1,,,,,
2026-08-27,2026-08-27,CM,NSE,STK,7196,INF754K01OB1,BBETF0432,EQ,,,,,EDELAMC - BBETF0432,1354.23,1356.89,1341.20,1343.23,1343.45,1349.27,,1343.23,,,13265,17822891.68,47,F1,1,,,,,
2026-08-27,2026-08-27,CM,NSE,STK,764378,INF754K01XH9,EBANK10,EQ,,,,,EDELAMC - EBANK10,17.01,17.01,16.80,16.94,16.94,17.01,,16.94,,,1194,20172.10,14,F1,1,,,,,
2026-08-27,2026-08-27,CM,NSE,STK,25258,INF754K01TE4,EBANKNIFTY,EQ,,,,,EDELAMC - EBANKNIFTY,57.36,58.47,57.36,58.27,58.27,58.53,,58.27,,,2526,146776.70,22,F1,1,,,,,
2026-08-27,2026-08-27,CM,NSE,STK,16253,INF754K01KO2,EBBETF0430,EQ,,,,,EDELAMC - EBBETF0430,1602.18,1612.80,1602.17,1606.16,1607.00,1606.44,,1606.13,,,33359,53554407.73,283,F1,1,,,,,
2026-08-27,2026-08-27,CM,NSE,STK,22239,INF754K01LE1,EBBETF0431,EQ,,,,,EDELAMC - EBBETF0431,1432.01,1434.98,1430.00,1432.87,1432.01,1433.08,,1432.87,,,4299,6158060.51,89,F1,1,,,,,
2026-08-27,2026-08-27,CM,NSE,STK,13139,INF754K01QX0,EBBETF0433,EQ,,,,,EDELAMC - EBBETF0433,1310.00,1314.89,1310.00,1310.98,1310.00,1311.88,,1310.98,,,1653,2168276.55,94,F1,1,,,,,
2026-08-27,2026-08-27,CM,NSE,STK,29019,INF754K01TX4,ECAPINSURE,EQ,,,,,EDELAMC - ECAPINSURE,24.50,24.55,24.29,24.45,24.29,24.50,,24.44,,,26459,646688.76,250,F1,1,,,,,
2026-08-27,2026-08-27,CM,NSE,STK,19933,INF754K01SE6,EGOLD,EQ,,,,,EDELAMC - EGOLD,159.80,160.00,154.90,157.15,157.50,159.75,,157.15,,,208247,32649059.15,1604,F1,1,,,,,
2026-08-27,2026-08-27,CM,NSE,STK,759466,INF754K01VW2,ELIQUID,EQ,,,,,EDELAMC - ELIQUID,1040.00,1045.33,1038.61,1045.32,1045.33,1045.17,,1045.32,,,99307,103807393.29,45,F1,1,,,,,
2026-08-27,2026-08-27,CM,NSE,STK,758952,INF754K01VV4,ELM250,EQ,,,,,EDELAMC - ELM250,17.01,17.10,16.75,16.83,16.89,16.93,,16.83,,,46857,790758.33,219,F1,1,,,,,
2026-08-27,2026-08-27,CM,NSE,STK,764367,INF754K01XI7,ELMDIV,EQ,,,,,EDELAMC - ELMDIV,37.03,37.03,36.76,36.95,36.95,37.10,,36.95,,,369,13623.17,8,F1,1,,,,,
2026-08-27,2026-08-27,CM,NSE,STK,764288,INF754K01XG1,EMETAL,EQ,,,,,EDELAMC - EMETAL,13.54,13.60,13.28,13.30,13.28,13.51,,13.30,,,7029,94234.45,51,F1,1,,,,,
2026-08-27,2026-08-27,CM,NSE,STK,25996,INF754K01TF1,EMULTIMQ,EQ,,,,,EDELAMC - EMULTIMQ,43.40,43.40,42.23,42.39,42.34,42.39,,42.39,,,14830,631346.58,143,F1,1,,,,,
2026-08-27,2026-08-27,CM,NSE,STK,763540,INF754K01XF3,ENEXT50,EQ,,,,,EDELAMC - ENEXT50,75.86,75.86,74.21,74.78,74.78,74.37,,74.78,,,653,49179.48,13,F1,1,,,,,
2026-08-27,2026-08-27,CM,NSE,STK,759998,INF754K01VX0,ENIFTY,EQ,,,,,EDELAMC - ENIFTY,24.96,24.96,24.32,24.37,24.37,24.50,,24.37,,,16021,391517.50,51,F1,1,,,,,
2026-08-27,2026-08-27,CM,NSE,STK,759995,INF754K01VY8,ESENSEX,EQ,,,,,EDELAMC - ESENSEX,78.43,78.43,77.56,78.13,78.14,78.43,,78.13,,,711,55479.02,18,F1,1,,,,,
2026-08-27,2026-08-27,CM,NSE,STK,20257,INF754K01SF3,ESILVER,EQ,,,,,EDELAMC - ESILVER,240.10,240.10,233.76,236.99,236.75,239.97,,236.99,,,588866,139550452.45,3740,F1,1,,,,,
2026-08-27,2026-08-27,CM,NSE,STK,15119,INE532F01054,EDELWEISS,EQ,,,,,EDELWEISS FIN SERV LTD,127.70,128.64,124.10,124.61,124.30,127.47,,124.61,,,3254716,410065878.03,23685,F1,1,,,,,
2026-08-27,2026-08-27,CM,NSE,STK,758675,INE886D01026,EFCIL,EQ,,,,,EFC (I) LIMITED,206.10,211.50,198.37,198.72,199.80,205.74,,198.72,,,273995,55256334.02,5279,F1,1,,,,,
2026-08-27,2026-08-27,CM,NSE,STK,24438,INE0U9101019,EFFWA,ST,,,,,EFFWA INFRA & RESEARCH L,331.00,331.00,314.45,315.80,314.45,331.00,,315.80,,,22400,7187380.00,54,F1,400,,,,,
2026-08-27,2026-08-27,CM,NSE,STK,910,INE066A01021,EICHERMOT,EQ,,,,,EICHER MOTORS LTD,8015.00,8105.50,7987.00,8100.00,8100.00,8035.00,,8100.00,,,369462,2977951790.00,31881,F1,1,,,,,
2026-08-27,2026-08-27,CM,NSE,STK,916,INE126A01031,EIDPARRY,EQ,,,,,EID PARRY INDIA LTD,788.60,805.90,786.55,795.30,796.50,796.35,,795.30,,,357257,284347655.65,15065,F1,1,,,,,
2026-08-27,2026-08-27,CM,NSE,STK,15399,INE276C01014,EIHAHOTELS,EQ,,,,,EIH ASSOCIATED HOTELS LTD,303.70,306.70,300.10,302.55,303.25,301.95,,302.52,,,10449,3175448.05,466,F1,1,,,,,
2026-08-27,2026-08-27,CM,NSE,STK,919,INE230A01023,EIHOTEL,EQ,,,,,EIH LIMITED,302.00,304.45,294.85,300.05,300.25,303.50,,300.05,,,367367,109809881.60,9702,F1,1,,,,,
2026-08-27,2026-08-27,CM,NSE,STK,4040,INE158B01016,EIMCOELECO,EQ,,,,,EIMCO ELECON (INDIA) LTD,2205.60,2233.90,2176.00,2211.20,2215.00,2205.60,,2211.14,,,38142,84098086.30,3701,F1,1,,,,,
2026-08-27,2026-08-27,CM,NSE,STK,764668,INE0CPR01018,EKI,EQ,,,,,EKI ENERGY SERVICES LTD,77.00,78.00,76.01,77.24,77.32,76.52,,77.23,,,7579,583524.35,275,F1,1,,,,,
2026-08-27,2026-08-27,CM,NSE,STK,762653,INE280B01018,ELANTAS,EQ,,,,,ELANTAS BECK INDIA LTD.,11670.50,11700.00,11528.00,11583.50,11595.00,11563.00,,11583.35,,,1333,15446669.50,639,F1,1,,,,,
2026-08-27,2026-08-27,CM,NSE,STK,762658,INE927X01018,ELCIDIN,EQ,,,,,ELCID INVESTMENTS LTD.,108455.00,109800.00,108450.00,109130.00,109800.00,109000.00,,109664.98,,,4,435160.00,4,F1,1,,,,,
2026-08-27,2026-08-27,CM,NSE,STK,8953,INE668G01021,ELDEHSG,EQ,,,,,ELDECO HSG & IND LTD.,795.25,818.45,777.70,781.80,777.85,799.55,,781.80,,,992,777179.75,103,F1,1,,,,,
2026-08-27,2026-08-27,CM,NSE,STK,13643,INE205B01031,ELECON,EQ,,,,,ELECON ENG. CO. LTD,426.70,429.90,421.25,423.25,423.95,425.30,,423.25,,,185307,78678240.30,8150,F1,1,,,,,
2026-08-27,2026-08-27,CM,NSE,STK,20899,INE0Q1W01012,EFORCE,SM,,,,,ELECTRO FORCE (INDIA) LTD,20.90,21.45,20.85,21.45,21.45,19.45,,21.45,,,8400,176160.00,6,F1,1200,,,,,
2026-08-27,2026-08-27,CM,NSE,STK,11530,INE02YR01019,EMIL,EQ,,,,,ELECTRONICS MART IND LTD,185.46,185.89,177.88,178.99,180.00,184.54,,178.99,,,661662,119899137.04,9396,F1,1,,,,,
2026-08-27,2026-08-27,CM,NSE,STK,928,INE086A01029,ELECTCAST,EQ,,,,,ELECTROSTEEL CASTINGS LTD,77.60,81.25,77.30,78.99,79.00,77.65,,78.99,,,4091262,325431214.18,25125,F1,1,,,,,
2026-08-27,2026-08-27,CM,NSE,STK,4469,INE822G01016,ELECTHERM,EQ,,,,,ELECTROTHERM (I) LTD.,1032.70,1042.00,1030.00,1032.90,1040.00,1038.30,,1031.20,,,8555,8857412.60,315,F1,1,,,,,
2026-08-27,2026-08-27,CM,NSE,STK,29595,INE0R9101015,ELGNZ,SM,,,,,ELEGANZ INTERIORS LIMITED,102.50,104.00,94.10,95.15,94.50,99.95,,95.15,,,27000,2654850.00,25,F1,1000,,,,,
2026-08-27,2026-08-27,CM,NSE,STK,937,INE285A01027,ELGIEQUIP,EQ,,,,,ELGI EQUIPMENTS LTD,618.95,618.95,597.10,599.25,598.85,617.55,,599.24,,,400200,242788528.50,24166,F1,1,,,,,
2026-08-27,2026-08-27,CM,NSE,STK,24924,INE819L01012,ELGIRUBCO,EQ,,,,,ELGI RUBBER CO. LTD,59.80,59.80,58.00,58.16,58.00,58.39,,58.16,,,15346,897476.16,377,F1,1,,,,,
2026-08-27,2026-08-27,CM,NSE,STK,13423,INE050401020,ELIN,EQ,,,,,ELIN ELECTRONICS LIMITED,100.27,102.01,99.39,100.64,100.50,100.27,,100.64,,,216138,21769149.24,2040,F1,1,,,,,
2026-08-27,2026-08-27,CM,NSE,STK,762663,INE669R01026,ELITECON,EQ,,,,,ELITECON INTERNATIONAL L,12.64,12.64,11.78,11.78,11.78,12.39,,11.78,,,3843227,45373488.02,5018,F1,1,,,,,
2026-08-27,2026-08-27,CM,NSE,STK,758563,INE236E01022,ELLEN,EQ,,,,,ELLENBARRIE INDUS GASES L,323.70,337.40,323.70,325.80,326.00,321.25,,325.80,,,850408,281531801.75,14939,F1,1,,,,,
2026-08-27,2026-08-27,CM,NSE,STK,4471,INE579B01039,ELPROINTL,EQ,,,,,ELPRO INTERNATIONAL LTD,173.50,174.90,173.00,173.21,173.00,174.60,,173.36,,,7299,1267158.16,126,F1,1,,,,,
2026-08-27,2026-08-27,CM,NSE,STK,29229,INE0ZOL01023,EMAPARTNER,SM,,,,,EMA PARTNERS INDIA LTD,84.05,89.90,84.05,85.40,86.00,88.80,,85.40,,,20000,1726000.00,14,F1,1000,,,,,
2026-08-27,2026-08-27,CM,NSE,STK,13517,INE548C01032,EMAMILTD,EQ,,,,,EMAMI LIMITED,404.65,404.65,385.25,387.70,387.00,401.45,,387.70,,,1314539,512424018.60,37782,F1,1,,,,,
2026-08-27,2026-08-27,CM,NSE,STK,10084,INE830C01026,EMAMIPAP,BE,,,,,EMAMI PAPER MILLS LIMITED,121.58,122.00,118.00,120.38,119.61,120.98,,120.73,,,53771,6476265.15,439,F1,1,,,,,
2026-08-27,2026-08-27,CM,NSE,STK,19277,INE778K01012,EMAMIREAL,EQ,,,,,EMAMI REALTY LIMITED,68.22,68.22,66.78,67.57,67.95,68.22,,67.57,,,12387,837216.53,311,F1,1,,,,,
2026-08-27,2026-08-27,CM,NSE,STK,14450,INE069I01010,EMBDL,EQ,,,,,EMBASSY DEVELOPMENTS LTD,62.18,63.28,61.80,62.16,62.37,62.18,,62.16,,,1313394,81761853.25,8532,F1,1,,,,,
2026-08-27,2026-08-27,CM,NSE,STK,9383,INE041025011,EMBASSY,RR,,,,,EMBASSY OFFICE PARKS REIT,438.92,439.80,435.86,437.19,436.01,439.92,,437.34,,,638662,279881009.48,38800,F1,1,,,,,
2026-08-27,2026-08-27,CM,NSE,STK,24398,INE168P01015,EMCURE,EQ,,,,,EMCURE PHARMACEUTICALS L,1874.00,1893.20,1855.40,1878.40,1883.50,1862.30,,1878.48,,,104535,195827071.10,19057,F1,1,,,,,
2026-08-27,2026-08-27,CM,NSE,STK,27629,INE0RHD01013,ETML,SM,,,,,EMERALD TYRE MANUF LTD,82.85,82.85,82.80,82.85,82.80,82.40,,82.85,,,3600,298200.00,3,F1,1200,,,,,
2026-08-27,2026-08-27,CM,NSE,STK,13421,INE296H01011,EMKAY,EQ,,,,,EMKAY GLOBAL FIN SERV LTD,236.25,242.67,236.25,239.73,239.00,239.24,,239.79,,,13138,3145464.43,443,F1,1,,,,,
2026-08-27,2026-08-27,CM,NSE,STK,10253,INE332S01011,EMKAYTOOLS,SM,,,,,EMKAY TAP & CUT. TOOL LTD,94.90,96.80,92.50,96.80,96.80,91.15,,96.80,,,750,71107.50,5,F1,150,,,,,
2026-08-27,2026-08-27,CM,NSE,STK,758591,INE0PXC01024,ETL,SM,,,,,EMKAY TOOLS LIMITED,1019.95,1063.80,1019.95,1063.80,1063.80,1001.10,,1063.80,,,450,465562.50,3,F1,150,,,,,
2026-08-27,2026-08-27,CM,NSE,STK,18146,INE753K01015,EMMBI,BE,,,,,EMMBI INDUSTRIES LIMITED,82.00,82.47,82.00,82.40,82.47,81.47,,82.40,,,2571,211239.20,40,F1,1,,,,,
2026-08-27,2026-08-27,CM,NSE,STK,759728,INE1C6T01020,EMMVEE,EQ,,,,,EMMVEE PHOTOVOLTAIC PWR L,331.80,337.90,325.50,327.30,327.30,332.95,,327.31,,,1276084,421363690.05,28908,F1,1,,,,,
2026-08-27,2026-08-27,CM,NSE,STK,764673,INE515H01014,EMPIND,EQ,,,,,EMPIRE INDUSTRIES LTD.,1229.00,1234.90,1205.00,1212.70,1218.90,1221.80,,1212.77,,,4582,5599170.50,420,F1,1,,,,,
2026-08-27,2026-08-27,CM,NSE,STK,762670,INE507F01023,EMPOWER,EQ,,,,,EMPOWER INDIA LTD.,2.23,2.23,2.23,2.23,2.23,2.34,,2.23,,,887389,1978877.47,728,F1,1,,,,,
2026-08-27,2026-08-27,CM,NSE,STK,18593,INE0OV601013,EMSLIMITED,EQ,,,,,EMS LIMITED,378.65,386.30,376.00,381.10,383.15,375.75,,381.08,,,180937,69148792.55,4983,F1,1,,,,,
2026-08-27,2026-08-27,CM,NSE,STK,9756,INE01QM01018,EMUDHRA,EQ,,,,,EMUDHRA LIMITED,543.80,563.50,543.40,559.25,560.00,543.80,,559.24,,,183021,102194248.05,5674,F1,1,,,,,
2026-08-27,2026-08-27,CM,NSE,STK,760321,INE433T01015,ENCOMPAS,SM,,,,,ENCOMPASS DESIGN INDIA L,243.00,251.00,234.50,248.05,250.00,243.00,,248.05,,,14800,3596820.00,32,F1,400,,,,,
2026-08-27,2026-08-27,CM,NSE,STK,18822,INE913H01037,ENDURANCE,EQ,,,,,ENDURANCE TECHNO. LTD.,2990.00,2990.00,2935.00,2944.80,2950.00,2986.00,,2944.69,,,62223,184189764.90,11695,F1,1,,,,,
2026-08-27,2026-08-27,CM,NSE,STK,15049,INE306C01019,ENERGYDEV,EQ,,,,,ENERGY DEVE. CO.LTD,16.12,16.50,16.05,16.13,16.29,16.12,,16.25,,,16990,274515.25,236,F1,1,,,,,
2026-08-27,2026-08-27,CM,NSE,STK,23745,INE0S1L01013,EMMIL,SM,,,,,ENERGY MISSION MACH IND L,122.80,124.00,120.00,124.00,124.00,122.80,,124.00,,,7250,889862.50,21,F1,250,,,,,
2026-08-27,2026-08-27,CM,NSE,STK,23224,INE0S3X01014,ENFUSE,SM,,,,,ENFUSE SOLUTIONS LIMITED,160.00,161.00,160.00,161.00,161.00,160.00,,161.00,,,1200,192600.00,2,F1,600,,,,,
2026-08-27,2026-08-27,CM,NSE,STK,4907,INE510A01028,ENGINERSIN,EQ,,,,,ENGINEERS INDIA LTD,250.75,252.47,243.50,246.96,246.94,250.36,,246.96,,,1497903,369982614.88,19250,F1,1,,,,,
2026-08-27,2026-08-27,CM,NSE,STK,764678,INE130L01014,ENKEIWHEL,EQ,,,,,ENKEI WHEELS (INDIA) LTD.,404.05,410.00,395.00,396.95,396.25,404.80,,399.11,,,17585,7017188.05,123,F1,1,,,,,
2026-08-27,2026-08-27,CM,NSE,STK,23230,INE0R9I01021,ENSER,SM,,,,,ENSER COMMUNICATIONS LTD,15.40,15.40,15.00,15.20,15.40,14.90,,15.20,,,85000,1295250.00,12,F1,5000,,,,,
2026-08-27,2026-08-27,CM,NSE,STK,22717,INE010601016,ENTERO,EQ,,,,,ENTERO HEALTHCARE SOLU L,1639.00,1786.40,1625.10,1753.50,1745.20,1648.00,,1753.55,,,1277994,2213148012.80,89715,F1,1,,,,,
2026-08-27,2026-08-27,CM,NSE,STK,13192,INE265F01028,ENIL,EQ,,,,,ENTERTAIN NET. IND. LTD.,108.06,108.10,103.50,104.41,104.20,106.99,,104.41,,,12683,1353730.33,405,F1,1,,,,,
2026-08-27,2026-08-27,CM,NSE,STK,27213,INE0LLY01014,EIEL,EQ,,,,,ENVIRO INFRA ENGINEERS L,201.49,204.30,198.81,201.04,201.00,200.69,,201.04,,,554248,111633630.02,9303,F1,1,,,,,
2026-08-27,2026-08-27,CM,NSE,STK,25412,INE0SUH01015,ENVIRO,SM,,,,,ENVIROTECH SYSTEMS LTD,70.20,70.90,69.10,69.95,69.95,69.20,,69.95,,,11000,767550.00,11,F1,1000,,,,,
2026-08-27,2026-08-27,CM,NSE,STK,22463,INE0G5901015,EPACK,EQ,,,,,EPACK DURABLE LIMITED,199.00,201.00,196.16,196.86,196.70,199.16,,196.86,,,341363,67752572.12,5564,F1,1,,,,,
2026-08-27,2026-08-27,CM,NSE,STK,759251,INE0MLS01022,EPACKPEB,EQ,,,,,EPACK PREFAB TECHN LTD,232.05,236.00,230.65,233.95,232.35,232.15,,233.96,,,288397,67154786.05,3968,F1,1,,,,,
2026-08-27,2026-08-27,CM,NSE,STK,5382,INE071N01016,EPIGRAL,EQ,,,,,EPIGRAL LIMITED,1250.00,1264.80,1200.30,1206.40,1200.30,1249.20,,1206.50,,,64607,79504741.30,7546,F1,1,,,,,
2026-08-27,2026-08-27,CM,NSE,STK,981,INE255A01020,EPL,EQ,,,,,EPL LIMITED,255.10,260.26,252.01,252.80,254.00,254.26,,252.82,,,890657,227975389.33,17380,F1,1,,,,,
2026-08-27,2026-08-27,CM,NSE,STK,758346,INE11HF01010,EEPL,SM,,,,,EPPELTONE ENGINEERS LTD,172.00,175.60,152.80,152.80,152.80,169.75,,152.80,,,270000,42375100.00,245,F1,1000,,,,,
2026-08-27,2026-08-27,CM,NSE,STK,761217,INE1KEC01023,EPWINDIA,ST,,,,,EPW INDIA LIMITED,266.00,266.00,265.00,265.00,265.00,265.00,,265.00,,,2400,637200.00,2,F1,1200,,,,,
2026-08-27,2026-08-27,CM,NSE,STK,3553,INE217G01035,EQUIPPP,BE,,,,,EQUIPPP SOC IMP TECH LTD,23.70,23.70,22.61,23.18,23.23,23.69,,23.18,,,2898,66703.57,19,F1,1,,,,,
2026-08-27,2026-08-27,CM,NSE,STK,913,INE063P01018,EQUITASBNK,EQ,,,,,EQUITAS SMALL FIN BNK LTD,75.23,75.63,73.66,74.17,74.38,75.23,,74.17,,,4917957,366299249.56,25052,F1,1,,,,,
2026-08-27,2026-08-27,CM,NSE,STK,21154,INE406M01024,ERIS,EQ,,,,,ERIS LIFESCIENCES LIMITED,1317.00,1332.50,1306.90,1312.20,1310.00,1310.70,,1312.19,,,51939,68214980.00,11681,F1,1,,,,,
2026-08-27,2026-08-27,CM,NSE,STK,955,INE284A01012,ESABINDIA,EQ,,,,,ESAB INDIA LTD,6160.00,6194.00,6056.50,6095.50,6112.00,6163.00,,6095.19,,,3776,23034438.00,1649,F1,1,,,,,
2026-08-27,2026-08-27,CM,NSE,STK,19884,INE818W01011,ESAFSFB,BE,,,,,ESAF SMALL FINANCE BANK L,44.16,44.80,43.70,43.97,43.90,44.16,,44.01,,,573844,25455797.13,1646,F1,1,,,,,
2026-08-27,2026-08-27,CM,NSE,STK,22764,INE0RQZ01017,ESCONET,SM,,,,,ESCONET TECHNOLOGIES LTD,190.00,191.00,181.85,186.05,186.05,190.35,,186.05,,,34400,6397740.00,79,F1,400,,,,,
2026-08-27,2026-08-27,CM,NSE,STK,958,INE042A01014,ESCORTS,EQ,,,,,ESCORTS KUBOTA LIMITED,3070.00,3096.90,2967.70,2974.10,2974.10,3067.00,,2974.11,,,134744,406654227.50,28599,F1,1,,,,,
2026-08-27,2026-08-27,CM,NSE,STK,24678,INE0SBP01018,ESPRIT,SM,,,,,ESPRIT STONES LIMITED,67.25,68.00,66.25,66.25,66.25,66.00,,66.25,,,4800,322400.00,3,F1,1600,,,,,
2026-08-27,2026-08-27,CM,NSE,STK,25634,INE122M01019,ESSARSHPNG,EQ,,,,,ESSAR SHIPPING LTD,17.00,17.39,16.71,16.79,16.80,16.91,,16.79,,,147138,2496206.25,756,F1,1,,,,,
2026-08-27,2026-08-27,CM,NSE,STK,17084,INE0ITO01014,ESFL,SM,,,,,ESSEN SPECIALITY FILMS L,122.00,122.00,118.00,120.95,122.00,121.70,,120.95,,,15480,1846944.00,36,F1,360,,,,,
2026-08-27,2026-08-27,CM,NSE,STK,24265,INE778B01029,ESTER,EQ,,,,,ESTER INDUSTRIES LTD,93.26,94.41,92.00,93.00,92.85,93.31,,93.02,,,78074,7286855.06,1295,F1,1,,,,,
2026-08-27,2026-08-27,CM,NSE,STK,5097,INE758T01015,ETERNAL,EQ,,,,,ETERNAL LIMITED,329.00,330.90,325.30,328.50,328.50,327.00,,326.73,,,34877860,11457500658.10,162407,F1,1,,,,,
2026-08-27,2026-08-27,CM,NSE,STK,9750,INE04TZ01018,ETHOSLTD,EQ,,,,,ETHOS LIMITED,2879.00,2912.70,2873.20,2891.00,2883.20,2879.40,,2890.87,,,20609,59680014.70,5052,F1,1,,,,,
2026-08-27,2026-08-27,CM,NSE,STK,25162,INE0KCE01017,EUREKAFORB,EQ,,,,,EUREKA FORBES LIMITED,424.05,435.25,422.55,433.15,435.00,425.45,,433.12,,,99062,42548788.90,9237,F1,1,,,,,
2026-08-27,2026-08-27,CM,NSE,STK,6042,INE546V01010,EIFFL,BE,,,,,EURO (I) FRESH FOODS LTD,294.80,295.20,283.00,295.20,295.20,281.15,,295.20,,,12999,3804346.35,111,F1,1,,,,,
2026-08-27,2026-08-27,CM,NSE,STK,757953,INE505V01016,EUROBOND,EQ,,,,,EURO PANEL PRODUCTS LTD,154.99,155.78,149.00,151.24,153.00,155.54,,151.24,,,10287,1555367.87,283,F1,1,,,,,
2026-08-27,2026-08-27,CM,NSE,STK,759797,INE198501012,EUROPRATIK,EQ,,,,,EURO PRATIK SALES LIMITED,259.95,260.75,251.55,254.05,253.50,259.95,,254.04,,,195601,50352586.95,2569,F1,1,,,,,
2026-08-27,2026-08-27,CM,NSE,STK,8886,INE022C01012,EUROTEXIND,BE,,,,,EUROTEX IND & EXPORTS LTD,13.99,13.99,13.99,13.99,13.99,14.00,,13.69,,,200,2798.00,1,F1,1,,,,,
2026-08-27,2026-08-27,CM,NSE,STK,11782,INE128A01029,EVEREADY,EQ,,,,,EVEREADY INDS. IND.  LTD.,345.65,349.90,338.50,342.70,340.00,345.65,,342.69,,,63148,21563941.30,2219,F1,1,,,,,
2026-08-27,2026-08-27,CM,NSE,STK,6017,INE295A01018,EVERESTIND,BE,,,,,EVEREST INDUSTRIES LTD,431.10,440.00,419.00,435.10,436.00,429.00,,435.17,,,4063,1756253.25,114,F1,1,,,,,
2026-08-27,2026-08-27,CM,NSE,STK,13091,INE184H01027,EKC,EQ,,,,,EVEREST KANTO CYLINDERLTD,110.15,110.79,108.50,109.16,108.91,110.15,,109.16,,,86505,9472760.73,1531,F1,1,,,,,
2026-08-27,2026-08-27,CM,NSE,STK,11471,INE369A01029,EXCELINDUS,EQ,,,,,EXCEL INDUSTRIES LTD,1039.75,1050.00,1034.55,1041.60,1044.40,1039.75,,1041.64,,,8170,8513419.60,1078,F1,1,,,,,
2026-08-27,2026-08-27,CM,NSE,STK,25327,INE0Y4801011,EXCELLENT,ST,,,,,EXCELLENT WIRES N PACK L,211.00,214.00,211.00,214.00,214.00,206.00,,214.00,,,3200,680000.00,2,F1,1600,,,,,
2026-08-27,2026-08-27,CM,NSE,STK,760007,INE606N01019,EXCELSOFT,EQ,,,,,EXCELSOFT TECHNOLOGIES L,70.52,73.40,69.80,71.53,71.32,70.50,,71.53,,,420383,30036600.11,2905,F1,1,,,,,
2026-08-27,2026-08-27,CM,NSE,STK,22947,INE777F01014,EXICOM,EQ,,,,,EXICOM TELE SYSTEMS LTD,154.98,157.87,154.50,156.14,156.00,155.21,,156.14,,,431889,67441187.97,5642,F1,1,,,,,
2026-08-27,2026-08-27,CM,NSE,STK,676,INE302A01020,EXIDEIND,EQ,,,,,EXIDE INDUSTRIES LTD,444.05,447.30,435.15,437.75,436.90,444.00,,437.74,,,1956990,862486977.90,41654,F1,1,,,,,
2026-08-27,2026-08-27,CM,NSE,STK,760422,INE19I001020,EXIMROUTES,SM,,,,,EXIM ROUTES LIMITED,116.00,117.80,113.10,113.20,113.20,116.05,,113.20,,,11200,1285600.00,13,F1,800,,,,,
2026-08-27,2026-08-27,CM,NSE,STK,17486,INE201K01015,EXPLEOSOL,EQ,,,,,EXPLEO SOLUTIONS LIMITED,884.10,888.95,866.60,873.70,879.00,879.95,,873.78,,,11211,9847816.15,884,F1,1,,,,,
2026-08-27,2026-08-27,CM,NSE,STK,5352,INE0GFE01026,EXXARO,EQ,,,,,EXXARO TILES LIMITED,6.34,6.47,6.04,6.19,6.20,6.16,,6.19,,,94104,583745.54,282,F1,1,,,,,
2026-08-27,2026-08-27,CM,NSE,STK,760125,INE0HF201011,FABTECH,EQ,,,,,FABTECH TECHNOLOGIES LTD,147.86,152.50,146.21,146.97,146.50,146.99,,147.00,,,114477,17057261.90,2045,F1,1,,,,,
2026-08-27,2026-08-27,CM,NSE,STK,1008,INE188A01015,FACT,EQ,,,,,FACT LTD,850.10,871.60,835.20,842.55,835.25,866.25,,842.67,,,419829,358813172.80,16613,F1,1,,,,,
2026-08-27,2026-08-27,CM,NSE,STK,1619,INE0DNW01011,FAIRCHEMOR,BE,,,,,FAIRCHEM ORGANICS LIMITED,674.00,676.00,674.00,676.00,676.00,666.00,,673.00,,,2539,1713487.25,67,F1,1,,,,,
2026-08-27,2026-08-27,CM,NSE,STK,24150,INE0PQK01013,FALCONTECH,SM,,,,,FALCON TECHNOPROJ IND LTD,12.20,12.90,12.20,12.90,12.90,12.55,,12.90,,,2400,30120.00,2,F1,1200,,,,,
2026-08-27,2026-08-27,CM,NSE,STK,765371,INE1Q2D01019,FASCINATE,ST,,,,,FASCINATE TEXTILES LTD,98.50,98.50,98.50,98.50,98.50,103.65,,98.50,,,29600,2915600.00,25,F1,800,,,,,
2026-08-27,2026-08-27,CM,NSE,STK,12000,INE963C01033,FAZE3Q,EQ,,,,,FAZE THREE LIMITED,491.30,494.00,485.40,485.75,487.00,488.70,,485.76,,,9557,4663633.70,446,F1,1,,,,,
2026-08-27,2026-08-27,CM,NSE,STK,11999,INE512B01022,FCSSOFT,EQ,,,,,FCS SOFTWARE SOLN. LTD.,1.54,1.54,1.44,1.45,1.47,1.51,,1.45,,,2435926,3608435.01,1302,F1,1,,,,,
2026-08-27,2026-08-27,CM,NSE,STK,4898,INE258B01022,FDC,EQ,,,,,FDC LIMITED,347.25,348.50,340.25,343.85,344.00,347.25,,343.85,,,84955,29234517.00,3527,F1,1,,,,,
2026-08-27,2026-08-27,CM,NSE,STK,20322,INE007N01010,FEDFINA,EQ,,,,,FEDBANK FINANCIAL SER L,159.01,160.50,157.02,157.94,157.25,160.15,,157.94,,,530135,83978084.42,8058,F1,1,,,,,
2026-08-27,2026-08-27,CM,NSE,STK,762675,INE417D01020,FEDDERSHOL,EQ,,,,,FEDDERS HOLDING LTD.,42.60,43.35,42.40,43.11,42.53,42.50,,43.11,,,360339,15550023.87,805,F1,1,,,,,
2026-08-27,2026-08-27,CM,NSE,STK,1023,INE171A01029,FEDERALBNK,EQ,,,,,FEDERAL BANK LTD,347.00,348.15,343.40,344.80,344.80,345.30,,340.42,,,4512557,1558208724.10,47482,F1,1,,,,,
2026-08-27,2026-08-27,CM,NSE,STK,1190,INE529A01010,FMGOETZE,EQ,,,,,FEDERAL-MOGUL GOETZE (IND,558.40,558.40,532.00,545.55,544.95,548.70,,545.52,,,1512901,823583957.05,26534,F1,1,,,,,
2026-08-27,2026-08-27,CM,NSE,STK,573,INE901X01013,FELIX,SM,,,,,FELIX INDUSTRIES LTD.,179.00,181.30,177.00,178.70,180.00,180.80,,178.70,,,22500,4024625.00,43,F1,500,,,,,
2026-08-27,2026-08-27,CM,NSE,STK,762680,INE225B01021,FERMENTA,EQ,,,,,FERMENTA BIOTECH LTD.,470.10,492.50,462.85,486.25,488.00,467.50,,486.24,,,78747,37820297.30,3877,F1,1,,,,,
2026-08-27,2026-08-27,CM,NSE,STK,8159,INE296C01020,FIBERWEB,EQ,,,,,FIBERWEB INDIA LIMITED,26.10,26.69,26.00,26.42,26.45,26.00,,26.43,,,12397,327102.70,70,F1,1,,,,,
2026-08-27,2026-08-27,CM,NSE,STK,9858,INE0LQQ01019,FIDEL,SM,,,,,FIDEL SOFTECH LIMITED,132.50,144.60,132.50,144.60,144.60,145.05,,144.60,,,6000,844550.00,6,F1,1000,,,,,
2026-08-27,2026-08-27,CM,NSE,STK,13710,INE737H01014,FIEMIND,EQ,,,,,FIEM INDUSTRIES LIMITED,2110.00,2117.90,2060.00,2067.20,2066.00,2110.00,,2067.18,,,113990,237553250.70,15256,F1,1,,,,,
2026-08-27,2026-08-27,CM,NSE,STK,23647,INE185E01021,FILATFASH,EQ,,,,,FILATEX FASHIONS LIMITED,0.19,0.19,0.18,0.18,0.19,0.18,,0.18,,,11834503,2191008.96,1341,F1,1,,,,,
2026-08-27,2026-08-27,CM,NSE,STK,24532,INE816B01035,FILATEX,EQ,,,,,FILATEX INDIA LTD,75.56,80.47,75.05,78.31,78.95,75.19,,78.30,,,4553890,359471694.02,19705,F1,1,,,,,
2026-08-27,2026-08-27,CM,NSE,STK,759776,INE0EDU01014,FINBUD,SM,,,,,FINBUD FINANCIAL SERV LTD,133.00,133.00,130.00,130.50,130.00,133.00,,130.50,,,8000,1048450.00,7,F1,1000,,,,,
2026-08-27,2026-08-27,CM,NSE,STK,3744,INE686Y01026,FINEORG,EQ,,,,,FINE ORGANIC IND. LTD.,5139.10,5285.00,5111.10,5258.20,5255.00,5139.10,,5257.77,,,23417,122224375.00,8239,F1,1,,,,,
2026-08-27,2026-08-27,CM,NSE,STK,6198,INE045J01034,FCL,EQ,,,,,FINEOTEX CHEMICAL LIMITED,50.84,51.03,48.20,48.49,48.69,50.58,,48.49,,,9129878,450737452.73,26656,F1,1,,,,,
2026-08-27,2026-08-27,CM,NSE,STK,759239,INE734I01027,FINKURVE,EQ,,,,,FINKURVE FINANCIAL SERV L,79.60,82.50,76.75,78.18,77.49,78.38,,78.19,,,264146,21306739.69,1378,F1,1,,,,,
2026-08-27,2026-08-27,CM,NSE,STK,6579,INE02NC01014,FINOPB,EQ,,,,,FINO PAYMENTS BANK LTD,147.40,148.39,142.00,143.06,142.99,145.54,,143.07,,,170887,24711154.96,2333,F1,1,,,,,
2026-08-27,2026-08-27,CM,NSE,STK,1038,INE235A01022,FINCABLES,EQ,,,,,FINOLEX CABLES LTD,1280.00,1315.00,1270.00,1291.15,1290.60,1286.35,,1291.13,,,685892,886009621.65,38598,F1,1,,,,,
2026-08-27,2026-08-27,CM,NSE,STK,1041,INE183A01024,FINPIPE,EQ,,,,,FINOLEX INDUSTRIES LTD,163.00,163.00,160.10,160.54,160.45,161.39,,160.53,,,231761,37266298.08,8558,F1,1,,,,,
2026-08-27,2026-08-27,CM,NSE,STK,14304,INE684F01012,FSL,EQ,,,,,FIRSTSOURCE SOLU. LTD.,271.00,272.50,267.55,268.50,268.25,270.05,,268.51,,,502488,135187490.05,15989,F1,1,,,,,
2026-08-27,2026-08-27,CM,NSE,STK,757658,INE771F01041,FISCHER,EQ,,,,,FISCHER MEDICAL VENTURE L,36.24,36.24,35.11,35.27,35.85,36.05,,35.27,,,329799,11744158.82,1284,F1,1,,,,,
2026-08-27,2026-08-27,CM,NSE,STK,12032,INE128S01021,FIVESTAR,EQ,,,,,FIVE-STAR BUS FIN LTD,512.50,536.00,510.00,533.75,531.25,515.05,,533.74,,,1353731,710539023.65,40322,F1,1,,,,,
2026-08-27,2026-08-27,CM,NSE,STK,20372,INE00Y201027,FLAIR,EQ,,,,,FLAIR WRITING INDUST LTD,251.70,252.00,247.05,247.95,247.35,250.25,,247.94,,,33840,8415441.60,891,F1,1,,,,,
2026-08-27,2026-08-27,CM,NSE,STK,25516,INE060J01017,FLEXITUFF,BE,,,,,FLEXITUFF VENTURES INT L,2.60,2.68,2.56,2.61,2.65,2.61,,2.61,,,88484,233567.72,131,F1,1,,,,,
2026-08-27,2026-08-27,CM,NSE,STK,758208,INE0VCK01011,FLYSBS,SM,,,,,FLYSBS AVIATION LIMITED,611.90,623.45,591.90,596.45,597.00,610.55,,596.45,,,45200,27395950.00,153,F1,200,,,,,
2026-08-27,2026-08-27,CM,NSE,STK,760331,INE0SQZ01015,FWSTC,SM,,,,,FLYWINGS SIMULAT T C LTD,200.00,200.00,198.00,198.00,198.00,200.00,,198.00,,,3000,597000.00,5,F1,600,,,,,
2026-08-27,2026-08-27,CM,NSE,STK,6839,INE593W01028,FOCUS,BE,,,,,FOCUS LIGHTG & FIXTRS LTD,66.85,68.40,66.33,66.72,66.90,66.84,,66.72,,,16077,1075865.04,86,F1,1,,,,,
2026-08-27,2026-08-27,CM,NSE,STK,22517,INE0Q4701019,FONEBOX,SM,,,,,FONEBOX RETAIL LIMITED,95.00,95.00,90.55,91.00,90.60,90.50,,91.00,,,45000,4091850.00,33,F1,1000,,,,,
2026-08-27,2026-08-27,CM,NSE,STK,6673,INE976E01023,FOODSIN,EQ,,,,,FOODS & INNS LIMITED,53.05,54.72,53.00,53.15,53.00,53.33,,53.17,,,40979,2202229.59,1270,F1,1,,,,,
2026-08-27,2026-08-27,CM,NSE,STK,24917,INE0U2501017,FORCAS,ST,,,,,FORCAS STUDIO LIMITED,214.00,216.00,210.00,210.00,210.00,213.25,,210.00,,,4800,1024000.00,3,F1,1600,,,,,
2026-08-27,2026-08-27,CM,NSE,STK,11573,INE451A01017,FORCEMOT,EQ,,,,,FORCE MOTORS LIMITED,17495.00,17537.00,17301.00,17375.00,17375.00,17450.00,,17374.21,,,40549,704747593.00,12215,F1,1,,,,,
2026-08-27,2026-08-27,CM,NSE,STK,25664,INE0YKW01013,FORGEAUTO,SM,,,,,FORGE AUTO INTERNATION L,93.10,96.00,93.10,96.00,96.00,98.00,,96.00,,,9600,906540.00,8,F1,1200,,,,,
2026-08-27,2026-08-27,CM,NSE,STK,14592,INE061F01013,FORTIS,EQ,,,,,FORTIS HEALTHCARE LTD,916.95,920.00,911.30,915.65,915.65,913.85,,915.65,,,302082,276511002.25,18967,F1,1,,,,,
2026-08-27,2026-08-27,CM,NSE,STK,12374,INE519A01011,FOSECOIND,BL,,,,,FOSECO INDIA LTD,5897.00,5897.00,5897.00,5897.00,5897.00,376.00,,5897.00,,,1150800,6786267600.00,10,F1,999999999,,,,,
2026-08-27,2026-08-27,CM,NSE,STK,1073,INE519A01011,FOSECOIND,EQ,,,,,FOSECO INDIA LTD,5982.00,6190.00,5931.50,6110.50,6100.00,6077.50,,6110.52,,,50276,305579593.50,10262,F1,1,,,,,
2026-08-27,2026-08-27,CM,NSE,STK,760961,INE212S01015,FRACTAL,EQ,,,,,FRACTAL ANALYTICS LIMITED,830.00,847.55,829.00,840.25,840.60,829.55,,840.19,,,278268,234053203.30,14916,F1,1,,,,,
2026-08-27,2026-08-27,CM,NSE,STK,764683,INE194R01017,FREDUN,EQ,,,,,FREDUN PHARMACEUTICALS L,1519.90,1526.80,1474.70,1492.70,1488.00,1494.30,,1492.23,,,19034,28530088.80,1779,F1,1,,,,,
2026-08-27,2026-08-27,CM,NSE,STK,25871,INE0SFW01015,FRESHARA,ST,,,,,FRESHARA AGRO EXPORTS LTD,439.00,445.00,411.00,426.40,425.00,431.00,,426.40,,,73800,32050410.00,103,F1,600,,,,,
2026-08-27,2026-08-27,CM,NSE,STK,11504,INE385O01018,FROG,ST,,,,,FROG INNOVATIONS LIMITED,233.45,233.45,233.45,233.45,233.45,228.90,,233.45,,,8400,1960980.00,16,F1,400,,,,,
2026-08-27,2026-08-27,CM,NSE,STK,762685,INE572D01014,FRONTSP,EQ,,,,,FRONTIER SPRINGS LTD.,1265.40,1292.80,1255.00,1285.40,1289.80,1257.90,,1285.54,,,20818,26569897.60,2301,F1,1,,,,,
2026-08-27,2026-08-27,CM,NSE,STK,6545,INE388Y01029,NYKAA,EQ,,,,,FSN E COMMERCE VENTURES,340.00,340.35,336.40,338.00,338.00,340.00,,338.00,,,1530501,518178293.70,29236,F1,1,,,,,
2026-08-27,2026-08-27,CM,NSE,STK,759876,INE12UR01024,UTLSOLAR,EQ,,,,,FUJIYAMA POWER SYSTEMS L,447.80,452.80,440.20,443.35,445.00,444.20,,443.41,,,143124,63764815.50,6592,F1,1,,,,,
2026-08-27,2026-08-27,CM,NSE,STK,11932,INE139R01012,FUSION,EQ,,,,,FUSION FINANCE LIMITED,204.00,205.89,195.40,196.05,196.00,205.24,,196.05,,,402570,80169585.69,9049,F1,1,,,,,
2026-08-27,2026-08-27,CM,NSE,STK,14868,INE452O01016,FLFL,BZ,,,,,FUT LIFESTYLE FASH LTD,1.11,1.17,1.11,1.15,1.15,1.15,,1.17,,,13684,15706.62,53,F1,1,,,,,
2026-08-27,2026-08-27,CM,NSE,STK,13812,INE623B01027,FEL,BZ,,,,,FUTURE ENTERPRISES LTD,0.39,0.40,0.38,0.39,0.40,0.39,,0.39,,,84379,33080.25,89,F1,1,,,,,
2026-08-27,2026-08-27,CM,NSE,STK,30491,IN9623B01058,FELDVR,BZ,,,,,FUTURE ENTERPRISES LTD,2.34,2.45,2.23,2.30,2.30,2.34,,2.45,,,1903,4333.28,19,F1,1,,,,,
2026-08-27,2026-08-27,CM,NSE,STK,21017,INE360L01017,FMNL,EQ,,,,,FUTURE MKT NETWORKS LTD,10.54,10.63,9.76,10.62,10.63,10.13,,10.62,,,139763,1458898.00,160,F1,1,,,,,
2026-08-27,2026-08-27,CM,NSE,STK,1168,INE075D01018,GMBREW,EQ,,,,,G M BREWERIES LTD,898.60,899.00,890.00,891.70,894.95,893.30,,891.70,,,19492,17411116.35,1004,F1,1,,,,,
2026-08-27,2026-08-27,CM,NSE,STK,5054,INE201P01022,GRINFRA,EQ,,,,,G R INFRAPROJECTS LIMITED,898.30,909.00,882.00,890.40,900.00,905.20,,890.41,,,62312,55569995.85,8178,F1,1,,,,,
2026-08-27,2026-08-27,CM,NSE,STK,1135,INE586X01012,GTECJAINX,BE,,,,,G-TEC JAINX EDUCATION LTD,29.52,29.52,28.12,28.99,28.99,29.52,,28.99,,,1911,55308.95,13,F1,1,,,,,
2026-08-27,2026-08-27,CM,NSE,STK,1085,INE524A01029,GABRIEL,EQ,,,,,GABRIEL INDIA LTD,1339.00,1377.20,1335.00,1357.20,1351.20,1342.60,,1357.17,,,233005,316690354.80,19228,F1,1,,,,,
2026-08-27,2026-08-27,CM,NSE,STK,18018,INE224E01028,GATECH,BE,,,,,GACM TECHNOLOGIES LIMITED,1.03,1.03,1.02,1.02,1.03,0.99,,1.02,,,77830157,80145706.86,13354,F1,1,,,,,
2026-08-27,2026-08-27,CM,NSE,STK,27,INE224E01036,GATECHDVR,BE,,,,,GACM TECHNOLOGIES LIMITED,0.54,0.54,0.51,0.52,0.53,0.52,,0.52,,,878499,468601.79,383,F1,1,,,,,
2026-08-27,2026-08-27,CM,NSE,STK,4717,INE129A01019,GAIL,EQ,,,,,GAIL (INDIA) LTD,174.45,174.84,171.00,172.44,172.44,174.49,,172.45,,,4745650,816813312.84,53856,F1,1,,,,,
2026-08-27,2026-08-27,CM,NSE,STK,765396,INE18UN01038,GAJA,EQ,,,,,GAJA ALT ASSET MGT LTD,172.00,173.94,164.10,165.13,165.07,168.67,,165.13,,,7060479,1195690099.01,49449,F1,1,,,,,
2026-08-27,2026-08-27,CM,NSE,STK,25244,INE0QTE01018,GAJANAND,SM,,,,,GAJANAND INTERNATIONAL L,8.90,8.90,8.90,8.90,8.90,8.90,,8.90,,,6000,53400.00,2,F1,3000,,,,,
2026-08-27,2026-08-27,CM,NSE,STK,25134,INE0RE001014,GALAPREC,EQ,,,,,GALA PRECISION ENG LTD,1045.00,1075.00,1012.00,1039.80,1046.00,1040.60,,1039.92,,,18606,19420412.60,1885,F1,1,,,,,
2026-08-27,2026-08-27,CM,NSE,STK,759089,INE09A801015,GML,SM,,,,,GALAXY MEDICARE LIMITED,17.10,17.10,17.10,17.10,17.10,17.15,,17.10,,,4000,68400.00,2,F1,2000,,,,,
2026-08-27,2026-08-27,CM,NSE,STK,1315,INE600K01018,GALAXYSURF,EQ,,,,,GALAXY SURFACTANTS LTD,2335.00,2346.70,2276.20,2305.00,2312.20,2338.80,,2305.01,,,15555,36036022.50,3177,F1,1,,,,,
2026-08-27,2026-08-27,CM,NSE,STK,13337,INE297H01019,GALLANTT,EQ,,,,,GALLANTT ISPAT LIMITED,581.00,589.00,573.25,576.85,576.75,583.50,,576.87,,,37534,21805155.00,3244,F1,1,,,,,
2026-08-27,2026-08-27,CM,NSE,STK,20303,INE717W01049,GANDHAR,EQ,,,,,GANDHAR OIL REFINE IND L,255.39,256.70,251.90,254.85,255.00,255.39,,254.86,,,646662,164439979.28,9594,F1,1,,,,,
2026-08-27,2026-08-27,CM,NSE,STK,14116,INE524B01027,GANDHITUBE,EQ,,,,,GANDHI SPL. TUBES LTD,905.00,905.00,892.60,903.10,898.25,901.50,,903.10,,,4558,4107262.85,231,F1,1,,,,,
2026-08-27,2026-08-27,CM,NSE,STK,5617,INE388A01029,GANESHBE,BE,,,,,GANESH BENZOPLAST LIMITED,123.90,125.99,120.20,125.09,124.00,122.27,,125.03,,,121989,15088992.80,481,F1,1,,,,,
2026-08-27,2026-08-27,CM,NSE,STK,759012,INE652V01016,GANESHCP,EQ,,,,,GANESH CONSUMER PRODUCT L,167.39,167.75,162.25,163.49,163.25,166.07,,163.49,,,74014,12173454.45,1344,F1,1,,,,,
2026-08-27,2026-08-27,CM,NSE,STK,24439,INE0R8C01018,GGBL,SM,,,,,GANESH GREEN BHARAT LTD,230.50,232.30,211.00,218.15,218.00,228.75,,218.15,,,117600,25872270.00,313,F1,300,,,,,
2026-08-27,2026-08-27,CM,NSE,STK,14339,INE460C01014,GANESHHOU,EQ,,,,,GANESH HOUSING LIMITED,814.00,825.90,791.10,798.30,801.00,813.40,,798.29,,,39849,32041939.50,3684,F1,1,,,,,
2026-08-27,2026-08-27,CM,NSE,STK,27351,INE0TVT01024,GANESHIN,ST,,,,,GANESH INFRAWORLD LIMITED,111.20,114.00,110.00,111.15,111.15,113.35,,111.15,,,20800,2339240.00,20,F1,800,,,,,
2026-08-27,2026-08-27,CM,NSE,STK,6944,INE845D01014,GANECOS,EQ,,,,,GANESHA ECOSPHERE LIMITED,1045.00,1050.10,1027.00,1029.20,1027.00,1045.20,,1029.19,,,53603,55402009.20,4788,F1,1,,,,,
2026-08-27,2026-08-27,CM,NSE,STK,757525,INE0ZI101018,GANGABATH,SM,,,,,GANGA BATH FITTINGS LTD,22.40,22.40,21.50,22.25,22.25,22.10,,22.25,,,18000,396450.00,6,F1,3000,,,,,
2026-08-27,2026-08-27,CM,NSE,STK,4957,INE691Z01023,GANGAFORGE,EQ,,,,,GANGA FORGING LIMITED,1.69,1.69,1.69,1.69,1.69,1.77,,1.69,,,1953251,3300994.19,1179,F1,1,,,,,
2026-08-27,2026-08-27,CM,NSE,STK,21399,INE335W01016,GANGESSECU,EQ,,,,,GANGES SECURITIES LIMITED,120.30,120.30,116.25,117.71,116.70,121.43,,117.58,,,6133,721425.35,132,F1,1,,,,,
2026-08-27,2026-08-27,CM,NSE,STK,5475,INE382Z01011,GRSE,EQ,,,,,GARDEN REACH SHIP&ENG LTD,2639.00,2665.90,2632.50,2643.00,2644.00,2630.30,,2642.94,,,384851,1020179039.10,24466,F1,1,,,,,
2026-08-27,2026-08-27,CM,NSE,STK,25800,INE0JVO01026,GARUDA,EQ,,,,,GARUDA CONSTRUCT N ENG L,183.70,184.56,175.00,175.52,175.71,183.22,,175.52,,,473168,84470329.49,7256,F1,1,,,,,
2026-08-27,2026-08-27,CM,NSE,STK,7982,INE291A01017,GRWRHITECH,EQ,,,,,GARWARE HI-TECH FILMS LTD,7134.50,7164.50,6980.00,7060.50,7080.00,7115.50,,7060.71,,,286267,2021217265.50,56402,F1,1,,,,,
2026-08-27,2026-08-27,CM,NSE,STK,1100,INE276A01018,GARFIBRES,EQ,,,,,GARWARE TECH FIBRES LTD,793.70,802.90,783.95,792.55,796.00,792.75,,792.52,,,19137,15199119.00,3756,F1,1,,,,,
2026-08-27,2026-08-27,CM,NSE,STK,8510,INE079J01017,GATEWAY,EQ,,,,,GATEWAY DISTRIPARKS LTD,53.68,54.18,53.10,53.74,53.42,53.43,,53.73,,,797919,42701396.78,4819,F1,1,,,,,
2026-08-27,2026-08-27,CM,NSE,STK,760179,INE0P8B01020,GAUDIUMIVF,BE,,,,,GAUDIUM IVF N WOMEN H L,117.00,119.34,116.00,119.34,119.34,117.00,,118.25,,,73985,8759653.12,323,F1,1,,,,,
2026-08-27,2026-08-27,CM,NSE,STK,3693,INE287Z01012,GAYAHWS,EQ,,,,,GAYATRI HIGHWAYS LIMITED,1.90,1.94,1.85,1.87,1.88,1.90,,1.87,,,273888,514994.34,366,F1,1,,,,,
2026-08-27,2026-08-27,CM,NSE,STK,25027,INE336H01023,GAYAPROJ,BE,,,,,GAYATRI PROJECTS LTD,22.39,22.40,21.80,22.02,22.30,22.06,,22.11,,,520835,11507927.88,995,F1,1,,,,,
2026-08-27,2026-08-27,CM,NSE,STK,14052,INE0LVM01018,GRCL,SM,,,,,GAYATRI RUBB AND CHEM LTD,570.00,580.00,550.05,559.90,558.00,575.00,,559.90,,,4250,2390800.00,17,F1,250,,,,,
2026-08-27,2026-08-27,CM,NSE,STK,7862,INE878A01011,GVPIL,EQ,,,,,GE POWER INDIA LIMITED,642.80,675.00,642.80,661.75,660.30,643.60,,661.69,,,341036,226461373.80,10347,F1,1,,,,,
2026-08-27,2026-08-27,CM,NSE,STK,16783,INE200A01026,GVT&D,EQ,,,,,GE VERNOVA T&D INDIA LTD,4420.20,4539.00,4359.60,4407.80,4407.80,4340.00,,4407.61,,,1777971,7912120962.30,144095,F1,1,,,,,
2026-08-27,2026-08-27,CM,NSE,STK,13662,INE916G01016,GEECEE,BE,,,,,GEECEE VENTURES LIMITED,361.30,369.00,357.75,365.35,365.00,366.05,,365.35,,,3938,1437452.20,25,F1,1,,,,,
2026-08-27,2026-08-27,CM,NSE,STK,17922,INE669X01032,GEEKAYWIRE,EQ,,,,,GEEKAY WIRES LIMITED,23.44,23.44,22.75,23.02,23.05,23.10,,23.02,,,222972,5148150.89,2618,F1,1,,,,,
2026-08-27,2026-08-27,CM,NSE,STK,759461,INE06XZ01023,GEMAROMA,EQ,,,,,GEM AROMATICS LIMITED,173.80,174.79,169.66,170.83,172.35,172.35,,170.83,,,65892,11283795.75,1011,F1,1,,,,,
2026-08-27,2026-08-27,CM,NSE,STK,277,INE481Y01014,GICRE,EQ,,,,,GENERAL INS CORP OF INDIA,350.55,356.90,348.50,351.85,353.00,349.75,,351.86,,,1644017,578488856.55,25093,F1,1,,,,,
2026-08-27,2026-08-27,CM,NSE,STK,2188,INE854S01022,GENCON,EQ,,,,,GENERIC ENG CONS PROJ LTD,46.00,46.35,44.41,45.83,46.35,46.77,,45.83,,,511577,23308472.01,1939,F1,1,,,,,
2026-08-27,2026-08-27,CM,NSE,STK,10905,INE727B01026,GENESYS,EQ,,,,,GENESYS INTL CORPN LTD,236.90,242.65,226.40,234.50,233.05,246.30,,234.50,,,4531990,1066416010.15,54091,F1,1,,,,,
2026-08-27,2026-08-27,CM,NSE,STK,758842,INE06H201014,GENSOL,BZ,,,,,GENSOL ENGINEERING LTD,17.85,17.98,17.00,17.27,17.26,17.33,,17.30,,,46293,807901.60,388,F1,1,,,,,
2026-08-27,2026-08-27,CM,NSE,STK,6600,INE949P01018,GENUSPAPER,EQ,,,,,GENUS P&B LIMITED,12.70,12.70,12.11,12.37,12.43,12.37,,12.38,,,53013,655453.45,265,F1,1,,,,,
2026-08-27,2026-08-27,CM,NSE,STK,11905,INE955D01029,GENUSPOWER,EQ,,,,,GENUS POWER INFRASTRU LTD,342.00,342.95,330.00,332.20,332.00,341.10,,332.21,,,1570672,526764078.05,23655,F1,1,,,,,
2026-08-27,2026-08-27,CM,NSE,STK,31942,INE1W0N01014,GENXAI,SM,,,,,GENXAI ANALYTICS LIMITED,83.50,87.45,83.00,84.10,84.10,83.55,,84.10,,,73200,6251340.00,58,F1,1200,,,,,
2026-08-27,2026-08-27,CM,NSE,STK,11896,INE007B01023,GEOJITFSL,EQ,,,,,GEOJIT FINANCIAL SER L,81.07,83.47,80.00,82.64,82.00,80.86,,82.65,,,354474,28962902.05,3649,F1,1,,,,,
2026-08-27,2026-08-27,CM,NSE,STK,1289,INE538A01037,GFLLIMITED,EQ,,,,,GFL LIMITED,54.50,55.81,54.25,54.92,55.00,55.79,,54.96,,,55444,3048153.97,1545,F1,1,,,,,
2026-08-27,2026-08-27,CM,NSE,STK,1127,INE539A01019,GHCL,EQ,,,,,GHCL LIMITED,439.90,442.35,438.00,440.15,440.45,437.85,,440.15,,,115639,50921929.05,3334,F1,1,,,,,
2026-08-27,2026-08-27,CM,NSE,STK,16696,INE0PA801013,GHCLTEXTIL,EQ,,,,,GHCL TEXTILES LIMITED,127.29,127.96,124.75,125.36,125.79,126.70,,125.36,,,363913,45976580.27,3998,F1,1,,,,,
2026-08-27,2026-08-27,CM,NSE,STK,1139,INE289B01019,GICHSGFIN,EQ,,,,,GIC HOUSING FINANCE LTD,141.50,143.88,140.22,142.10,142.00,141.75,,142.10,,,86267,12249487.30,1079,F1,1,,,,,
2026-08-27,2026-08-27,CM,NSE,STK,17839,INE047B01011,GILLANDERS,EQ,,,,,GILLANDERS ARBUTHNOT LTD,101.00,108.00,101.00,104.99,103.00,104.07,,104.99,,,21530,2291554.31,174,F1,1,,,,,
2026-08-27,2026-08-27,CM,NSE,STK,1576,INE322A01010,GILLETTE,EQ,,,,,GILLETTE INDIA LTD,7403.50,7460.00,7324.00,7409.00,7401.00,7403.50,,7408.75,,,18048,133449879.00,4681,F1,1,,,,,
2026-08-27,2026-08-27,CM,NSE,STK,9294,INE424C01010,GINNIFILA,BE,,,,,GINNIFILAMENTS LTD.,45.30,45.85,44.12,45.24,45.60,44.59,,44.90,,,27999,1254264.73,148,F1,1,,,,,
2026-08-27,2026-08-27,CM,NSE,STK,2365,INE614Z01017,GIRIRAJ,SM,,,,,GIRIRAJ CIVIL DEVP LTD,101.40,101.40,91.80,91.80,91.80,96.60,,91.80,,,20000,1936250.00,45,F1,250,,,,,
2026-08-27,2026-08-27,CM,NSE,STK,759048,INE1AG301022,GKENERGY,EQ,,,,,GK ENERGY LIMITED,138.50,144.35,137.40,139.65,139.40,133.82,,139.66,,,5842310,826335235.51,42576,F1,1,,,,,
2026-08-27,2026-08-27,CM,NSE,STK,764688,INE265D01015,GKB,EQ,,,,,GKB OPHTHALMICS LTD.,65.00,65.00,64.67,65.00,65.00,64.67,,62.35,,,84,5458.02,4,F1,1,,,,,
2026-08-27,2026-08-27,CM,NSE,STK,17357,INE528A01020,GKWLIMITED,EQ,,,,,GKW LIMITED,1609.80,1609.80,1585.00,1599.80,1599.80,1580.00,,1599.80,,,171,273586.90,30,F1,1,,,,,
2026-08-27,2026-08-27,CM,NSE,STK,1186,INE068V01023,GLAND,EQ,,,,,GLAND PHARMA LIMITED,2912.90,2924.40,2855.60,2873.50,2880.00,2903.20,,2873.47,,,129706,373246238.40,18070,F1,1,,,,,
2026-08-27,2026-08-27,CM,NSE,STK,1153,INE159A01016,GLAXO,EQ,,,,,GLAXOSMITHKLINE PHARMA LT,3030.00,3118.00,3018.90,3069.10,3075.00,3034.40,,3069.09,,,229414,705509425.40,18190,F1,1,,,,,
2026-08-27,2026-08-27,CM,NSE,STK,7406,INE935A01035,GLENMARK,EQ,,,,,GLENMARK PHARMACEUTICALS,2455.00,2484.00,2440.60,2460.00,2460.00,2438.30,,2459.64,,,447011,1099411359.50,36320,F1,1,,,,,
2026-08-27,2026-08-27,CM,NSE,STK,1415,INE291W01037,GLOBAL,EQ,,,,,GLOBAL EDUCATION LIMITED,111.41,112.00,108.71,110.98,110.00,111.06,,110.98,,,59561,6580927.70,658,F1,1,,,,,
2026-08-27,2026-08-27,CM,NSE,STK,11956,INE474Q01031,MEDANTA,EQ,,,,,GLOBAL HEALTH LIMITED,1466.20,1544.00,1455.20,1508.90,1523.00,1458.90,,1508.99,,,1109587,1679322659.80,59349,F1,1,,,,,
2026-08-27,2026-08-27,CM,NSE,STK,17170,INE0PS501019,GLOBALPET,ST,,,,,GLOBAL PET INDUSTRIES LTD,156.00,156.00,156.00,156.00,156.00,155.00,,156.00,,,1500,234000.00,2,F1,750,,,,,
2026-08-27,2026-08-27,CM,NSE,STK,14599,INE0JSX01015,GSLSU,EQ,,,,,GLOBAL SURFACES LIMITED,29.15,29.44,27.26,27.26,27.26,28.69,,27.26,,,249344,6865407.68,1194,F1,1,,,,,
2026-08-27,2026-08-27,CM,NSE,STK,13735,INE792H01019,GLOBALVECT,EQ,,,,,GLOBAL VEC HELICORP LTD,148.78,149.95,144.98,146.47,148.00,147.31,,146.47,,,12574,1840400.38,325,F1,1,,,,,
2026-08-27,2026-08-27,CM,NSE,STK,24932,INE0URU01010,GLOBALE,EQ,,,,,GLOBALE TESSILE LIMITED,11.80,12.00,11.22,11.24,11.24,11.49,,11.27,,,837,9920.17,8,F1,1,,,,,
2026-08-27,2026-08-27,CM,NSE,STK,758572,INE0V3U01015,GLOBECIVIL,EQ,,,,,GLOBE CIVIL PROJECTS LTD,45.50,46.44,45.22,45.73,45.87,45.85,,45.74,,,80115,3664835.13,1256,F1,1,,,,,
2026-08-27,2026-08-27,CM,NSE,STK,393,INE581X01021,GLOBE,EQ,,,,,GLOBE ENTERPRISE (I) LTD,2.04,2.09,2.01,2.05,2.04,2.04,,2.05,,,269894,551733.46,221,F1,1,,,,,
2026-08-27,2026-08-27,CM,NSE,STK,761025,INE947T01022,GICL,EQ,,,,,GLOBE INTL CARRIERS LTD,23.51,23.80,22.65,23.34,23.78,23.51,,23.34,,,111449,2602139.77,439,F1,1,,,,,
2026-08-27,2026-08-27,CM,NSE,STK,9764,INE00WS01056,GSTL,SM,,,,,GLOBESECURE TECHNO LTD,13.55,13.55,13.35,13.40,13.40,12.95,,13.40,,,5000,67100.00,5,F1,1000,,,,,
2026-08-27,2026-08-27,CM,NSE,STK,17424,INE615I01010,GLOBUSSPR,EQ,,,,,GLOBUS SPIRITS LTD,924.00,924.00,907.05,912.30,911.05,915.45,,912.29,,,28085,25636129.00,1931,F1,1,,,,,
2026-08-27,2026-08-27,CM,NSE,STK,23590,INE350Z01018,GLOSTERLTD,EQ,,,,,GLOSTER LIMITED,606.10,606.10,595.90,604.40,595.90,595.35,,603.66,,,405,244333.10,46,F1,1,,,,,
2026-08-27,2026-08-27,CM,NSE,STK,760116,INE0TQE01026,GLOTTIS,EQ,,,,,GLOTTIS LIMITED,65.99,66.49,64.11,64.66,64.65,65.77,,64.67,,,28434,1845683.52,553,F1,1,,,,,
2026-08-27,2026-08-27,CM,NSE,STK,1570,INE541A01023,GMMPFAUDLR,EQ,,,,,GMM PFAUDLER LIMITED,1014.00,1040.70,1013.30,1025.15,1021.05,1017.40,,1025.19,,,93043,95711694.85,7642,F1,1,,,,,
2026-08-27,2026-08-27,CM,NSE,STK,13528,INE776C01039,GMRAIRPORT,EQ,,,,,GMR AIRPORTS LIMITED,100.15,100.20,98.52,98.68,98.68,98.85,,98.68,,,6542176,647700098.21,31436,F1,1,,,,,
2026-08-27,2026-08-27,CM,NSE,STK,8529,INE0CU601026,GMRP&UI,EQ,,,,,GMR POW AND URBAN INFRA L,95.20,96.00,93.99,94.54,94.69,95.06,,94.54,,,801104,75883946.04,8055,F1,1,,,,,
2026-08-27,2026-08-27,CM,NSE,STK,18571,INE934S01014,GNA,EQ,,,,,GNA AXLES LIMITED,549.60,565.00,544.60,546.80,546.90,545.80,,546.81,,,305547,169469592.65,8708,F1,1,,,,,
2026-08-27,2026-08-27,CM,NSE,STK,757862,INE18JU01028,EBGNG,EQ,,,,,GNG ELECTRONICS LIMITED,578.00,588.85,572.00,580.25,585.00,577.20,,580.32,,,228142,132635814.55,7584,F1,1,,,,,
2026-08-27,2026-08-27,CM,NSE,STK,23799,INE03JT01014,GODIGIT,EQ,,,,,GO DIGIT GENERAL INS LTD,259.40,261.00,257.00,257.75,257.00,259.10,,257.75,,,81433,21039409.85,5406,F1,1,,,,,
2026-08-27,2026-08-27,CM,NSE,STK,6964,INE0BJS01011,GOCOLORS,EQ,,,,,GO FASHION INDIA LTD,343.50,343.75,330.10,334.50,333.00,343.60,,334.50,,,110138,37058460.40,2951,F1,1,,,,,
2026-08-27,2026-08-27,CM,NSE,STK,14687,INE426D01013,GOACARBON,EQ,,,,,GOA CARBON LIMITED,359.00,361.50,350.25,352.15,353.00,358.10,,352.33,,,8229,2918150.05,534,F1,1,,,,,
2026-08-27,2026-08-27,CM,NSE,STK,3963,INE077F01035,GOCLCORP,EQ,,,,,GOCL CORPORATION LIMITED,397.45,403.50,395.45,397.35,398.00,397.40,,397.35,,,26007,10354334.85,1350,F1,1,,,,,
2026-08-27,2026-08-27,CM,NSE,STK,25941,INE497S01012,GODAVARIB,EQ,,,,,GODAVARI BIOREFINERIES L,241.65,244.20,238.40,239.15,239.30,243.15,,239.17,,,47074,11326512.55,1123,F1,1,,,,,
2026-08-27,2026-08-27,CM,NSE,STK,13409,INE177H01039,GPIL,EQ,,,,,GODAWARI POW & ISP LTD,246.05,247.49,238.65,240.33,239.95,245.83,,240.32,,,1241037,301608301.13,15607,F1,1,,,,,
2026-08-27,2026-08-27,CM,NSE,STK,1181,INE260B01028,GODFRYPHLP,EQ,,,,,GODFREY PHILLIPS INDIA LT,2153.00,2161.00,2110.00,2115.00,2115.00,2153.30,,2115.00,,,126205,268848936.20,10886,F1,1,,,,,
2026-08-27,2026-08-27,CM,NSE,STK,144,INE850D01014,GODREJAGRO,EQ,,,,,GODREJ AGROVET LIMITED,625.00,626.85,611.00,614.75,614.70,625.75,,614.76,,,180449,111340761.10,10082,F1,1,,,,,
2026-08-27,2026-08-27,CM,NSE,STK,10099,INE102D01028,GODREJCP,EQ,,,,,GODREJ CONSUMER PRODUCTS,930.00,930.00,912.00,923.00,923.00,922.80,,922.98,,,1308144,1201051283.80,36673,F1,1,,,,,
2026-08-27,2026-08-27,CM,NSE,STK,10925,INE233A01035,GODREJIND,EQ,,,,,GODREJ INDUSTRIES LTD,1140.00,1166.60,1125.10,1150.50,1156.30,1138.00,,1150.50,,,82356,94480142.70,9258,F1,1,,,,,
2026-08-27,2026-08-27,CM,NSE,STK,17875,INE484J01027,GODREJPROP,EQ,,,,,GODREJ PROPERTIES LTD,2035.00,2095.00,2023.90,2069.40,2069.40,2035.10,,2069.41,,,1142681,2361610751.70,35825,F1,1,,,,,
2026-08-27,2026-08-27,CM,NSE,STK,765280,IN0020260058,620GS2029,GS,,,,,GOI LOAN   6.20% 2029,99.05,99.09,99.05,99.09,99.09,99.02,,99.09,,,222,21993.98,5,F1,1,,,,,
2026-08-27,2026-08-27,CM,NSE,STK,27273,IN0020240159,679GS2034A,GS,,,,,GOI LOAN   6.79% 2034,99.75,99.75,99.75,99.75,99.75,99.73,,99.75,,,2,199.50,1,F1,1,,,,,
2026-08-27,2026-08-27,CM,NSE,STK,27170,IN0020240142,709GS2074,GS,,,,,GOI LOAN   7.09% 2074,98.00,98.00,96.12,96.23,96.30,96.29,,96.23,,,3966,383451.92,9,F1,1,,,,,
2026-08-27,2026-08-27,CM,NSE,STK,6695,IN0020210186,574GS2026,GS,,,,,GOI LOAN  5.74% 2026,101.89,101.89,101.89,101.89,101.89,101.75,,101.89,,,1,101.89,1,F1,1,,,,,
2026-08-27,2026-08-27,CM,NSE,STK,757753,IN0020250034,591GS2028,GS,,,,,GOI LOAN  5.91% 2028,99.70,99.70,99.70,99.70,99.70,99.51,,99.70,,,3000,299100.00,1,F1,1,,,,,
2026-08-27,2026-08-27,CM,NSE,STK,5012,IN0020210095,610GS2031,GS,,,,,GOI LOAN  6.10% 2031,99.50,99.50,99.50,99.50,99.50,99.50,,99.50,,,1,99.50,1,F1,1,,,,,
2026-08-27,2026-08-27,CM,NSE,STK,757994,IN0020250059,628GS2032,GS,,,,,GOI LOAN  6.28% 2032,97.85,98.00,97.85,97.85,97.85,98.25,,97.85,,,151,14775.50,3,F1,1,,,,,
2026-08-27,2026-08-27,CM,NSE,STK,761020,IN0020250141,636GS2031,GS,,,,,GOI LOAN  6.36% 2031,99.83,99.85,99.30,99.80,99.80,99.83,,99.80,,,4820,481131.10,8,F1,1,,,,,
2026-08-27,2026-08-27,CM,NSE,STK,956,IN0020200252,667GS2050,GS,,,,,GOI LOAN  6.67% 2050,91.96,92.65,91.96,92.50,92.50,91.96,,92.50,,,53,4875.65,3,F1,1,,,,,
2026-08-27,2026-08-27,CM,NSE,STK,757847,IN0020250042,668GS2040,GS,,,,,GOI LOAN  6.68% 2040,98.50,98.60,98.45,98.45,98.45,98.50,,98.45,,,7390,727696.20,8,F1,1,,,,,
2026-08-27,2026-08-27,CM,NSE,STK,2317,IN0020200401,676GS2061,GS,,,,,GOI LOAN  6.76% 2061,91.70,91.70,91.30,91.50,91.50,91.45,,91.50,,,48900,4475181.80,44,F1,1,,,,,
2026-08-27,2026-08-27,CM,NSE,STK,25736,IN0020240126,679GS2034,GS,,,,,GOI LOAN  6.79% 2034,101.01,101.01,101.00,101.00,101.00,101.00,,101.00,,,3700,373730.01,3,F1,1,,,,,
2026-08-27,2026-08-27,CM,NSE,STK,22438,IN0020200187,68GS2060,GS,,,,,GOI LOAN  6.8% 2060,92.85,92.85,92.81,92.81,92.81,92.81,,92.81,,,610,56626.10,2,F1,1,,,,,
2026-08-27,2026-08-27,CM,NSE,STK,756014,IN0020250018,690GS2065,GS,,,,,GOI LOAN  6.90% 2065,94.45,94.48,94.20,94.45,94.48,94.39,,94.45,,,9425,889450.58,20,F1,1,,,,,
2026-08-27,2026-08-27,CM,NSE,STK,763340,IN0020260025,694GS2036,GS,,,,,GOI LOAN  6.94% 2036,102.50,102.80,102.50,102.71,102.70,102.46,,102.71,,,3876,397541.94,10,F1,1,,,,,
2026-08-27,2026-08-27,CM,NSE,STK,6817,IN0020210202,695GS2061,GS,,,,,GOI LOAN  6.95% 2061,94.49,94.49,94.00,94.00,94.00,94.39,,94.00,,,12,1128.98,7,F1,1,,,,,
2026-08-27,2026-08-27,CM,NSE,STK,6696,IN0020210194,699GS2051,GS,,,,,GOI LOAN  6.99% 2051,95.30,97.50,95.30,97.50,97.50,97.73,,97.50,,,6,580.60,2,F1,1,,,,,
2026-08-27,2026-08-27,CM,NSE,STK,24072,IN0020240076,702GS2031,GS,,,,,GOI LOAN  7.02% 2031,105.00,105.00,102.00,102.00,102.00,102.15,,102.00,,,3228,338640.00,3,F1,1,,,,,
2026-08-27,2026-08-27,CM,NSE,STK,14970,IN0020230010,706GS2028,GS,,,,,GOI LOAN  7.06% 2028,103.90,103.95,103.50,103.51,103.95,103.85,,103.51,,,5549,574643.15,5,F1,1,,,,,
2026-08-27,2026-08-27,CM,NSE,STK,764295,IN0020260041,706GS2041,GS,,,,,GOI LOAN  7.06% 2041,100.50,100.50,100.50,100.50,100.50,100.50,,100.50,,,2001,201100.50,3,F1,1,,,,,
2026-08-27,2026-08-27,CM,NSE,STK,24949,IN0020240118,709GS2054,GS,,,,,GOI LOAN  7.09% 2054,97.00,97.00,96.27,96.34,96.27,96.51,,96.34,,,16223,1565840.10,16,F1,1,,,,,
2026-08-27,2026-08-27,CM,NSE,STK,15050,IN0020230036,717GS2030,GS,,,,,GOI LOAN  7.17% 2030,104.25,104.25,104.25,104.25,104.25,104.96,,104.25,,,1000,104250.00,1,F1,1,,,,,
2026-08-27,2026-08-27,CM,NSE,STK,17398,IN0020230077,718GS2037,GS,,,,,GOI LOAN  7.18% 2037,103.20,104.80,103.00,104.80,104.80,103.08,,104.53,,,3352,345348.60,6,F1,1,,,,,
2026-08-27,2026-08-27,CM,NSE,STK,758674,IN0020250075,724GS2055,GS,,,,,GOI LOAN  7.24% 2055,98.45,98.45,98.00,98.22,98.43,98.37,,98.22,,,24767,2434209.27,43,F1,1,,,,,
2026-08-27,2026-08-27,CM,NSE,STK,16733,IN0020230044,725GS2063,GS,,,,,GOI LOAN  7.25% 2063,98.15,98.15,97.85,97.86,97.87,97.98,,97.86,,,582181,56978824.99,306,F1,1,,,,,
2026-08-27,2026-08-27,CM,NSE,STK,10722,IN0020220060,726GS2032,GS,,,,,GOI LOAN  7.26% 2032,103.75,103.75,103.75,103.75,103.75,103.56,,103.75,,,100,10375.00,1,F1,1,,,,,
2026-08-27,2026-08-27,CM,NSE,STK,16865,IN0020230051,73GS2053,GS,,,,,GOI LOAN  7.3% 2053,99.49,100.05,99.25,99.68,99.65,99.36,,99.68,,,17896,1786218.02,23,F1,1,,,,,
2026-08-27,2026-08-27,CM,NSE,STK,20136,IN0020230135,732GS2030,GS,,,,,GOI LOAN  7.32% 2030,103.80,104.00,103.80,103.80,103.80,104.00,,103.80,,,781,81087.80,4,F1,1,,,,,
2026-08-27,2026-08-27,CM,NSE,STK,23558,IN0020240035,734GS2064,GS,,,,,GOI LOAN  7.34% 2064,100.49,100.49,99.90,99.93,100.00,100.10,,99.93,,,27795,2780122.66,48,F1,1,,,,,
2026-08-27,2026-08-27,CM,NSE,STK,10981,IN0020220094,74GS2062,GS,,,,,GOI LOAN  7.4% 2062,103.99,104.00,103.99,104.00,104.00,103.99,,104.00,,,12,1247.94,2,F1,1,,,,,
2026-08-27,2026-08-27,CM,NSE,STK,13194,IN0020220102,741GS2036,GS,,,,,GOI LOAN  7.41% 2036,105.60,105.60,105.50,105.50,105.50,105.00,,105.50,,,3104,327472.40,10,F1,1,,,,,
2026-08-27,2026-08-27,CM,NSE,STK,760649,IN0020250117,743GS2076,GS,,,,,GOI LOAN  7.43% 2076,100.00,100.95,100.00,100.20,100.20,100.03,,100.20,,,27633,2771243.42,61,F1,1,,,,,
2026-08-27,2026-08-27,CM,NSE,STK,19808,IN0020230127,746GS2073,GS,,,,,GOI LOAN  7.46% 2073,101.99,101.99,101.01,101.94,101.95,101.45,,101.94,,,103,10406.97,5,F1,1,,,,,
2026-08-27,2026-08-27,CM,NSE,STK,763146,IN0020260017,750GS2056,GS,,,,,GOI LOAN  7.50% 2056,100.60,103.00,100.60,101.20,101.20,101.50,,101.20,,,5275,542785.00,4,F1,1,,,,,
2026-08-27,2026-08-27,CM,NSE,STK,9585,IN0020220029,754GS2036,GS,,,,,GOI LOAN  7.54% 2036,106.96,107.09,106.86,107.06,107.09,106.93,,107.08,,,320632,34287334.13,143,F1,1,,,,,
2026-08-27,2026-08-27,CM,NSE,STK,763489,IN0020260033,771GS2066,GS,,,,,GOI LOAN  7.71% 2066,105.89,105.89,104.50,104.76,105.50,105.77,,104.76,,,6115,641691.97,20,F1,1,,,,,
2026-08-27,2026-08-27,CM,NSE,STK,13472,IN0020190362,645GS2029,GS,,,,,GOI LOAN 6.45% 2029,103.99,103.99,101.50,101.65,101.65,101.46,,101.55,,,3,307.14,3,F1,1,,,,,
2026-08-27,2026-08-27,CM,NSE,STK,9047,IN0020220011,710GS2029,GS,,,,,GOI LOAN 7.10% 2029,103.76,103.76,103.76,103.76,103.76,103.75,,103.76,,,2000,207520.00,3,F1,1,,,,,
2026-08-27,2026-08-27,CM,NSE,STK,9913,IN0020220037,738GS2027,GS,,,,,GOI LOAN 7.38% 2027,102.50,102.65,102.47,102.54,102.65,102.55,,102.54,,,41880,4294270.81,28,F1,1,,,,,
2026-08-27,2026-08-27,CM,NSE,STK,7011,IN0020110055,897GS2030,GS,,,,,GOI LOAN 8.97% 2030,112.00,112.00,112.00,112.00,112.00,112.02,,112.00,,,2000,224000.00,8,F1,1,,,,,
2026-08-27,2026-08-27,CM,NSE,STK,7039,IN0020130053,92GS2030,GS,,,,,GOI LOAN 9.20% 2030,115.00,115.00,113.20,113.20,113.20,114.99,,113.20,,,2723,308788.88,9,F1,1,,,,,
2026-08-27,2026-08-27,CM,NSE,STK,763782,IN002026Y139,182D311226,TB,,,,,GOI TBILL 182D-31/12/26,97.39,97.39,97.39,97.39,97.39,97.77,,97.39,,,3300,321387.00,2,F1,100,,,,,
2026-08-27,2026-08-27,CM,NSE,STK,31784,IN002026Z102,364D100627,TB,,,,,GOI TBILL 364D-10/06/27,94.90,94.90,94.90,94.90,94.90,94.90,,94.90,,,100,9490.00,1,F1,100,,,,,
2026-08-27,2026-08-27,CM,NSE,STK,763527,IN002026Z078,364D200527,TB,,,,,GOI TBILL 364D-20/05/27,95.15,95.15,95.15,95.15,95.15,94.92,,95.15,,,3000,285450.00,1,F1,100,,,,,
2026-08-27,2026-08-27,CM,NSE,STK,763781,IN002026X131,91D011026,TB,,,,,GOI TBILL 91D-01/10/26,99.50,99.59,99.50,99.59,99.59,99.29,,99.45,,,600,59745.00,2,F1,100,,,,,
2026-08-27,2026-08-27,CM,NSE,STK,763740,IN002026X099,91D030926,TB,,,,,GOI TBILL 91D-03/09/26,99.80,99.80,99.70,99.70,99.70,99.70,,99.70,,,1000,99735.00,5,F1,100,,,,,
2026-08-27,2026-08-27,CM,NSE,STK,764047,IN002026X149,91D081026,TB,,,,,GOI TBILL 91D-08/10/26,99.18,99.18,99.18,99.18,99.18,99.16,,99.18,,,400,39672.00,4,F1,100,,,,,
2026-08-27,2026-08-27,CM,NSE,STK,764510,IN002026X198,91D121126,TB,,,,,GOI TBILL 91D-12/11/26,98.53,98.92,98.53,98.91,98.91,98.10,,98.91,,,9200,908057.00,5,F1,100,,,,,
2026-08-27,2026-08-27,CM,NSE,STK,764152,IN002026X156,91D151026,TB,,,,,GOI TBILL 91D-15/10/26,99.28,99.28,99.28,99.28,99.28,99.28,,99.28,,,100,9928.00,1,F1,100,,,,,
2026-08-27,2026-08-27,CM,NSE,STK,755746,IN002026X123,91D240926,TB,,,,,GOI TBILL 91D-24/09/26,99.44,99.44,99.31,99.31,99.31,99.31,,99.31,,,600,59625.00,4,F1,100,,,,,
2026-08-27,2026-08-27,CM,NSE,STK,11778,INE887G01027,GOKEX,EQ,,,,,GOKALDAS EXPORTS LTD.,784.70,796.55,771.20,774.90,772.00,787.10,,774.91,,,125337,97909265.80,6891,F1,1,,,,,
2026-08-27,2026-08-27,CM,NSE,STK,14480,INE314T01033,GOKULAGRO,EQ,,,,,GOKUL AGRO RESOURCES LTD,245.25,250.00,243.00,244.48,243.90,245.39,,244.46,,,592803,145702038.63,11300,F1,1,,,,,
2026-08-27,2026-08-27,CM,NSE,STK,16705,INE020J01029,GOKUL,EQ,,,,,GOKUL REFOILS & SOLV LTD,45.70,45.70,42.82,43.09,43.49,44.14,,43.09,,,254616,11175235.98,2188,F1,1,,,,,
2026-08-27,2026-08-27,CM,NSE,STK,11619,INE973A01010,GOLDENTOBC,BZ,,,,,GOLDEN TOBACCO LIMITED,25.30,25.30,23.85,24.00,24.00,24.10,,24.25,,,106,2574.72,10,F1,1,,,,,
2026-08-27,2026-08-27,CM,NSE,STK,11971,INE025B01025,GOLDIAM,EQ,,,,,GOLDIAM INTERNATIONAL LTD,358.15,360.05,350.10,352.75,351.95,357.05,,352.77,,,314940,111478139.65,6258,F1,1,,,,,
2026-08-27,2026-08-27,CM,NSE,STK,13616,INE06MH01016,GOLDKART,SM,,,,,GOLDKART JEWELS LIMITED,92.00,92.00,92.00,92.00,92.00,88.20,,92.00,,,1250,115000.00,2,F1,625,,,,,
2026-08-27,2026-08-27,CM,NSE,STK,1,INE405Y01021,GOLDSTAR,SM,,,,,GOLDSTAR POWER LIMITED,7.80,7.80,7.15,7.15,7.15,7.45,,7.15,,,67500,502875.00,5,F1,11250,,,,,
2026-08-27,2026-08-27,CM,NSE,STK,6125,INE127I01024,GOODLUCK,EQ,,,,,GOODLUCK INDIA LIMITED,440.10,448.90,430.50,432.80,430.50,441.10,,432.80,,,694850,303975733.80,18026,F1,1,,,,,
2026-08-27,2026-08-27,CM,NSE,STK,1205,INE533A01012,GOODYEAR,EQ,,,,,GOODYEAR INDIA LIMITED,760.70,771.90,750.05,765.05,764.00,755.40,,766.08,,,4955,3772509.15,577,F1,1,,,,,
2026-08-27,2026-08-27,CM,NSE,STK,23066,INE0L9R01028,GOPAL,EQ,,,,,GOPAL SNACKS LIMITED,285.95,286.15,278.00,279.15,278.50,284.90,,279.15,,,143662,40336410.00,8545,F1,1,,,,,
2026-08-27,2026-08-27,CM,NSE,STK,11787,INE705X01026,GOYALALUM,EQ,,,,,GOYAL ALUMINIUMS LIMITED,6.35,6.39,6.25,6.33,6.33,6.36,,6.33,,,50418,318648.56,277,F1,1,,,,,
2026-08-27,2026-08-27,CM,NSE,STK,24113,INE0S7E01015,GPECO,ST,,,,,GP ECO SOLUTIONS INDIA L,415.00,415.00,400.00,401.00,401.00,415.35,,401.00,,,10200,4127940.00,36,F1,200,,,,,
2026-08-27,2026-08-27,CM,NSE,STK,11584,INE586G01017,GULFPETRO,BE,,,,,GP PETROLEUMS LIMITED,66.70,68.00,65.10,66.18,66.69,68.40,,66.18,,,105768,7058133.05,500,F1,1,,,,,
2026-08-27,2026-08-27,CM,NSE,STK,22846,INE486R01017,GPTHEALTH,EQ,,,,,GPT HEALTHCARE LIMITED,152.95,154.68,151.00,151.39,151.00,152.05,,151.39,,,64034,9788088.14,1815,F1,1,,,,,
2026-08-27,2026-08-27,CM,NSE,STK,17685,INE390G01014,GPTINFRA,EQ,,,,,GPT INFRAPROJECTS LTD,113.72,114.80,112.40,113.58,113.01,113.78,,113.57,,,51050,5781104.47,978,F1,1,,,,,
2026-08-27,2026-08-27,CM,NSE,STK,763299,INE361K01017,GRADIENTE,EQ,,,,,GRADIENTE INFOTAINMENT L,2.57,2.77,2.57,2.71,2.67,2.70,,2.71,,,2884018,7467636.34,337,F1,1,,,,,
2026-08-27,2026-08-27,CM,NSE,STK,30289,INE12E301017,GCHOTELS,ST,,,,,GRAND CONTINENT HOTELS L,94.40,96.90,94.40,96.90,96.90,95.35,,96.90,,,20400,1952520.00,33,F1,600,,,,,
2026-08-27,2026-08-27,CM,NSE,STK,762695,INE926B01016,GRANDOAK,EQ,,,,,GRAND OAK CANYONS DIST L,37.06,38.53,36.13,37.45,37.90,36.70,,37.45,,,3325,125439.59,67,F1,1,,,,,
2026-08-27,2026-08-27,CM,NSE,STK,11872,INE101D01020,GRANULES,EQ,,,,,GRANULES INDIA LIMITED,828.20,848.00,824.55,832.30,833.00,828.20,,832.30,,,1123298,939834623.25,31433,F1,1,,,,,
2026-08-27,2026-08-27,CM,NSE,STK,20454,INE0POU01017,GRAPHISAD,SM,,,,,GRAPHISADS LIMITED,26.50,26.50,26.00,26.35,26.35,26.50,,26.35,,,3600,94620.00,3,F1,1200,,,,,
2026-08-27,2026-08-27,CM,NSE,STK,592,INE371A01025,GRAPHITE,EQ,,,,,GRAPHITE INDIA LTD,690.00,698.95,678.50,683.00,681.45,689.10,,683.04,,,572923,395220879.95,23648,F1,1,,,,,
2026-08-27,2026-08-27,CM,NSE,STK,1232,INE047A01021,GRASIM,EQ,,,,,GRASIM INDUSTRIES LTD,3289.00,3299.80,3258.00,3258.00,3258.00,3299.90,,3258.09,,,733124,2402830887.70,27368,F1,1,,,,,
2026-08-27,2026-08-27,CM,NSE,STK,5200,INE266D01021,GRAUWEIL,EQ,,,,,GRAUER & WEIL IND LTD,66.80,69.01,66.43,67.75,68.02,66.43,,67.75,,,249817,16922491.44,7004,F1,1,,,,,
2026-08-27,2026-08-27,CM,NSE,STK,762700,INE214F01026,GRAVISSHO,EQ,,,,,GRAVISS HOSPITALITY LTD.,30.85,30.85,30.85,30.85,30.85,30.92,,30.43,,,1,30.85,1,F1,1,,,,,
2026-08-27,2026-08-27,CM,NSE,STK,20534,INE024L01027,GRAVITA,EQ,,,,,GRAVITA INDIA LIMITED,1840.30,1850.20,1806.20,1824.50,1819.90,1840.30,,1824.69,,,115208,210550846.30,13533,F1,1,,,,,
2026-08-27,2026-08-27,CM,NSE,STK,1235,INE224A01026,GREAVESCOT,EQ,,,,,GREAVES COTTON LTD.,195.50,195.59,190.90,191.17,191.10,195.62,,191.18,,,624598,120026218.58,6572,F1,1,,,,,
2026-08-27,2026-08-27,CM,NSE,STK,17092,INE0O7P01015,GREENCHEF,SM,,,,,GREENCHEF APPLIANCES LTD,60.65,66.70,60.65,62.65,62.00,60.65,,62.65,,,108800,7110560.00,77,F1,800,,,,,
2026-08-27,2026-08-27,CM,NSE,STK,6848,INE544R01021,GREENLAM,EQ,,,,,GREENLAM INDUSTRIES LTD.,248.80,248.90,242.00,243.25,242.80,247.30,,243.30,,,94551,23070720.60,2480,F1,1,,,,,
2026-08-27,2026-08-27,CM,NSE,STK,759427,INE0PLX01017,GREENLEAF,ST,,,,,GREENLEAF ENVIROTECH LTD,119.00,122.35,118.00,118.00,118.00,119.65,,118.00,,,6000,721350.00,6,F1,1000,,,,,
2026-08-27,2026-08-27,CM,NSE,STK,13810,INE08ZM01014,GREENPANEL,EQ,,,,,GREENPANEL INDUSTRIES LTD,158.71,160.39,157.94,159.90,158.50,157.98,,159.90,,,140277,22319873.40,3056,F1,1,,,,,
2026-08-27,2026-08-27,CM,NSE,STK,3987,INE461C01038,GREENPLY,EQ,,,,,GREENPLY INDUSTRIES LTD,292.10,294.00,287.00,291.25,288.10,292.10,,291.30,,,53257,15459749.30,1566,F1,1,,,,,
2026-08-27,2026-08-27,CM,NSE,STK,758986,INE199P01028,GCSL,EQ,,,,,GRETEX CORPORATE SERVICES,540.10,548.00,531.00,540.55,540.50,538.00,,540.55,,,1131181,610184832.20,15415,F1,1,,,,,
2026-08-27,2026-08-27,CM,NSE,STK,13560,INE536A01023,GRINDWELL,EQ,,,,,GRINDWELL NORTON LIMITED,2062.50,2068.50,2018.00,2024.10,2035.30,2055.80,,2024.13,,,10397,21161312.80,3295,F1,1,,,,,
2026-08-27,2026-08-27,CM,NSE,STK,10871,INE192H01020,GRMOVER,EQ,,,,,GRM OVERSEAS LIMITED,89.46,89.94,87.00,87.76,87.86,88.84,,87.76,,,843143,74088741.56,9668,F1,1,,,,,
2026-08-27,2026-08-27,CM,NSE,STK,760971,INE1TY801010,GJL,ST,,,,,GROVER JEWELLS LIMITED,250.00,250.00,248.50,249.50,249.50,241.25,,249.50,,,5600,1396400.00,7,F1,800,,,,,
2026-08-27,2026-08-27,CM,NSE,STK,764285,INF666M01PH7,CEMNTGROWW,EQ,,,,,GROWWAMC - CEMNTGROWW,15.16,15.18,14.91,14.97,14.98,15.16,,14.97,,,62182,933496.45,596,F1,1,,,,,
2026-08-27,2026-08-27,CM,NSE,STK,760051,INF666M01MM4,GROWWCAPM,EQ,,,,,GROWWAMC - GROWWCAPM,11.69,11.69,11.46,11.48,11.55,11.65,,11.48,,,675883,7785632.38,718,F1,1,,,,,
2026-08-27,2026-08-27,CM,NSE,STK,760673,INF666M01NP5,GROWWCHEM,EQ,,,,,GROWWAMC - GROWWCHEM,30.98,30.98,30.16,30.40,30.16,30.64,,30.40,,,45212,1381185.15,361,F1,1,,,,,
2026-08-27,2026-08-27,CM,NSE,STK,25758,INF666M01IO8,GROWWDEFNC,EQ,,,,,GROWWAMC - GROWWDEFNC,97.40,98.32,97.40,97.95,97.90,97.40,,97.95,,,133545,13079188.64,2321,F1,1,,,,,
2026-08-27,2026-08-27,CM,NSE,STK,24798,INF666M01IH2,GROWWEV,EQ,,,,,GROWWAMC - GROWWEV,33.60,33.60,33.17,33.25,33.38,33.21,,33.25,,,230828,7679472.19,1481,F1,1,,,,,
2026-08-27,2026-08-27,CM,NSE,STK,25872,INF666M01OE7,GROWWGOLD,EQ,,,,,GROWWAMC - GROWWGOLD,15.70,15.70,15.15,15.33,15.38,15.60,,15.33,,,4792458,73598822.96,5703,F1,1,,,,,
2026-08-27,2026-08-27,CM,NSE,STK,760874,INF666M01OD9,GROWWHOSPI,EQ,,,,,GROWWAMC - GROWWHOSPI,52.22,52.63,52.11,52.43,52.56,52.37,,52.43,,,547873,28622367.27,978,F1,1,,,,,
2026-08-27,2026-08-27,CM,NSE,STK,25447,INF666M01IP5,GROWWLIQID,EQ,,,,,GROWWAMC - GROWWLIQID,112.71,112.71,110.51,110.51,110.52,110.50,,110.51,,,364418,40272741.46,165,F1,1,,,,,
2026-08-27,2026-08-27,CM,NSE,STK,758300,INF666M01LB9,GROWWLOVOL,EQ,,,,,GROWWAMC - GROWWLOVOL,10.56,10.56,10.37,10.38,10.38,10.46,,10.38,,,6886,71596.57,96,F1,1,,,,,
2026-08-27,2026-08-27,CM,NSE,STK,759719,INF666M01MV5,GROWWMC150,EQ,,,,,GROWWAMC - GROWWMC150,237.00,237.83,235.10,237.00,237.00,236.63,,237.00,,,510,120745.90,24,F1,1,,,,,
2026-08-27,2026-08-27,CM,NSE,STK,760438,INF666M01NI0,GROWWMETAL,EQ,,,,,GROWWAMC - GROWWMETAL,13.14,13.14,12.75,12.84,12.86,12.88,,12.84,,,364362,4689950.41,1418,F1,1,,,,,
2026-08-27,2026-08-27,CM,NSE,STK,756086,INF666M01KJ4,GROWWMOM50,EQ,,,,,GROWWAMC - GROWWMOM50,11.42,11.42,11.12,11.19,11.22,11.15,,11.19,,,194786,2180943.49,452,F1,1,,,,,
2026-08-27,2026-08-27,CM,NSE,STK,29872,INF666M01JV1,GROWWN200,EQ,,,,,GROWWAMC - GROWWN200,11.17,11.77,11.17,11.47,11.49,11.46,,11.47,,,27722,318110.39,207,F1,1,,,,,
2026-08-27,2026-08-27,CM,NSE,STK,757814,INF666M01LI4,GROWWNET,EQ,,,,,GROWWAMC - GROWWNET,10.96,11.06,10.90,11.00,10.98,10.96,,11.00,,,457707,5029928.35,688,F1,1,,,,,
2026-08-27,2026-08-27,CM,NSE,STK,758697,INF666M01LL8,GROWWNIFTY,EQ,,,,,GROWWAMC - GROWWNIFTY,9.80,9.93,9.76,9.77,9.79,9.80,,9.77,,,557208,5457499.72,4017,F1,1,,,,,
2026-08-27,2026-08-27,CM,NSE,STK,759458,INF666M01LZ8,GROWWNXT50,EQ,,,,,GROWWAMC - GROWWNXT50,75.45,75.45,74.65,74.99,75.01,75.12,,74.99,,,3158,236798.84,85,F1,1,,,,,
2026-08-27,2026-08-27,CM,NSE,STK,758165,INF666M01LM6,GROWWPOWER,EQ,,,,,GROWWAMC - GROWWPOWER,11.40,11.43,11.29,11.32,11.43,11.35,,11.32,,,2349725,26607946.74,2445,F1,1,,,,,
2026-08-27,2026-08-27,CM,NSE,STK,760976,INF666M01NQ3,GROWWPSE,EQ,,,,,GROWWAMC - GROWWPSE,96.03,98.41,96.03,97.92,97.98,97.99,,97.92,,,54574,5342840.82,55,F1,1,,,,,
2026-08-27,2026-08-27,CM,NSE,STK,761514,INF666M01OG2,GROWWPSUBK,EQ,,,,,GROWWAMC - GROWWPSUBK,87.31,87.43,85.70,85.78,86.65,87.42,,85.78,,,4548,391570.90,83,F1,1,,,,,
2026-08-27,2026-08-27,CM,NSE,STK,29527,INF666M01JJ6,GROWWRAIL,EQ,,,,,GROWWAMC - GROWWRAIL,28.79,28.93,28.41,28.51,28.53,28.74,,28.51,,,338475,9666877.99,2681,F1,1,,,,,
2026-08-27,2026-08-27,CM,NSE,STK,759428,INF666M01MN2,GROWWRLTY,EQ,,,,,GROWWAMC - GROWWRLTY,10.22,10.35,10.15,10.20,10.16,10.23,,10.20,,,85910,878846.96,348,F1,1,,,,,
2026-08-27,2026-08-27,CM,NSE,STK,759522,INF666M01MO0,GROWWSC250,EQ,,,,,GROWWAMC - GROWWSC250,10.72,10.72,10.60,10.61,10.61,10.67,,10.61,,,180342,1919416.20,538,F1,1,,,,,
2026-08-27,2026-08-27,CM,NSE,STK,756827,INF666M01OF4,GROWWSLVR,EQ,,,,,GROWWAMC - GROWWSLVR,24.07,24.07,22.94,23.20,23.13,23.57,,23.20,,,1928118,44655300.60,3681,F1,1,,,,,
2026-08-27,2026-08-27,CM,NSE,STK,763572,INF666M01OT5,PVTBKGROWW,EQ,,,,,GROWWAMC - PVTBKGROWW,28.09,28.09,27.33,27.89,28.03,27.77,,27.89,,,52090,1453368.38,899,F1,1,,,,,
2026-08-27,2026-08-27,CM,NSE,STK,751745,INF666M01PG9,SMALLGROWW,EQ,,,,,GROWWAMC - SMALLGROWW,49.47,50.84,48.92,50.52,49.50,48.92,,50.52,,,9158,458571.08,94,F1,1,,,,,
2026-08-27,2026-08-27,CM,NSE,STK,6543,INE137I01015,GRPLTD,EQ,,,,,GRP LIMITED,1969.10,1999.90,1958.20,1982.90,1961.20,1969.50,,1982.00,,,1024,2027144.80,186,F1,1,,,,,
2026-08-27,2026-08-27,CM,NSE,STK,23888,INE0SQY01018,GSMFOILS,SM,,,,,GSM FOILS LIMITED,112.00,112.00,112.00,112.00,112.00,106.70,,112.00,,,297000,33264000.00,141,F1,500,,,,,
2026-08-27,2026-08-27,CM,NSE,STK,762239,INE713R01022,GSPCROP,EQ,,,,,GSP CROP SCIENCE LIMITED,642.80,655.95,622.00,627.75,622.00,643.15,,627.71,,,503251,319987541.35,11630,F1,1,,,,,
2026-08-27,2026-08-27,CM,NSE,STK,15347,INE871H01011,GSS,EQ,,,,,GSS INFOTECH LIMITED,12.94,12.94,11.71,12.13,12.06,12.55,,12.13,,,49967,616566.49,190,F1,1,,,,,
2026-08-27,2026-08-27,CM,NSE,STK,13745,INE221H01019,GTLINFRA,EQ,,,,,GTL INFRA.LTD,1.22,1.25,1.20,1.20,1.21,1.21,,1.20,,,38632731,47154246.00,6301,F1,1,,,,,
2026-08-27,2026-08-27,CM,NSE,STK,1162,INE043A01012,GTL,EQ,,,,,GTL LTD,7.23,7.50,7.23,7.32,7.35,7.34,,7.32,,,196556,1448584.35,560,F1,1,,,,,
2026-08-27,2026-08-27,CM,NSE,STK,21195,INE869I01013,GTPL,EQ,,,,,GTPL HATHWAY LIMITED,55.50,55.50,53.75,53.95,53.77,54.50,,53.95,,,389861,21056963.04,716,F1,1,,,,,
2026-08-27,2026-08-27,CM,NSE,STK,11606,INE742B01025,GUFICBIO,EQ,,,,,GUFIC BIOSCIENCES LTD.,414.00,416.00,405.00,412.20,410.00,408.45,,412.20,,,39966,16351638.95,1799,F1,1,,,,,
2026-08-27,2026-08-27,CM,NSE,STK,1145,INE162A01010,GIPCL,EQ,,,,,GUJ IND POW CO. LTD,200.00,204.55,196.00,200.48,200.80,201.47,,200.48,,,1894457,382105651.81,27479,F1,1,,,,,
2026-08-27,2026-08-27,CM,NSE,STK,1174,INE113A01013,GNFC,EQ,,,,,GUJ NAR VAL FER & CHEM L,582.55,584.70,575.00,577.00,578.00,584.25,,577.00,,,477474,276264434.20,10883,F1,1,,,,,
2026-08-27,2026-08-27,CM,NSE,STK,1247,INE026A01025,GSFC,EQ,,,,,GUJ STATE FERT & CHEM LTD,159.99,160.50,158.33,159.16,159.30,160.07,,159.15,,,492991,78470684.44,6899,F1,1,,,,,
2026-08-27,2026-08-27,CM,NSE,STK,14677,INE826C01016,GUJAPOLLO,EQ,,,,,GUJ. APOLLO IND. LTD.,368.00,368.00,350.20,351.50,351.00,351.75,,351.58,,,3912,1394758.50,171,F1,1,,,,,
2026-08-27,2026-08-27,CM,NSE,STK,1267,INE186A01019,GUJALKALI,EQ,,,,,GUJARAT ALKALIES & CHEM,723.45,728.00,703.25,710.75,706.50,719.85,,710.78,,,63803,45769767.60,5726,F1,1,,,,,
2026-08-27,2026-08-27,CM,NSE,STK,8828,INE036B01030,GAEL,EQ,,,,,GUJARAT AMBUJA EXPORTS LT,174.30,175.48,168.00,168.50,168.90,173.19,,168.50,,,1084161,184477341.35,16032,F1,1,,,,,
2026-08-27,2026-08-27,CM,NSE,STK,10599,INE844O01030,GUJENERGY,EQ,,,,,GUJARAT ENERGY LIMITED,254.00,257.30,249.05,250.35,251.00,253.95,,250.35,,,1870939,472566331.40,39942,F1,1,,,,,
2026-08-27,2026-08-27,CM,NSE,STK,13750,INE09N301011,FLUOROCHEM,EQ,,,,,GUJARAT FLUOROCHEM LTD,4710.00,4729.70,4660.10,4672.10,4690.00,4732.10,,4672.18,,,61251,287538810.40,8263,F1,1,,,,,
2026-08-27,2026-08-27,CM,NSE,STK,761197,INE0V0W01025,GKSL,EQ,,,,,GUJARAT KIDNEY N SUP SP L,153.00,155.89,151.00,154.29,154.13,152.34,,154.25,,,455701,70405275.49,4313,F1,1,,,,,
2026-08-27,2026-08-27,CM,NSE,STK,1156,INE540A01017,GLFL,EQ,,,,,GUJARAT LEASE FINANCING L,5.73,5.73,5.45,5.45,5.45,5.73,,5.67,,,15365,84101.82,31,F1,1,,,,,
2026-08-27,2026-08-27,CM,NSE,STK,5204,INE131A01031,GMDCLTD,EQ,,,,,GUJARAT MINERAL DEV CORP,578.95,580.20,566.00,567.25,567.00,578.95,,567.26,,,569849,325091104.90,19944,F1,1,,,,,
2026-08-27,2026-08-27,CM,NSE,STK,762690,INE207H01018,GNRL,EQ,,,,,GUJARAT NATURAL RES L,100.90,101.50,97.35,97.65,97.95,99.73,,97.67,,,55385,5488975.77,748,F1,1,,,,,
2026-08-27,2026-08-27,CM,NSE,STK,19731,INE517F01014,GPPL,EQ,,,,,GUJARAT PIPAVAV PORT LTD,171.00,172.43,168.43,169.10,169.00,169.46,,169.10,,,1964090,334246026.30,28648,F1,1,,,,,
2026-08-27,2026-08-27,CM,NSE,STK,4548,INE610B01024,GUJRAFFIA,EQ,,,,,GUJARAT RAFFIA INDUST LTD,40.00,41.20,39.55,41.00,41.00,40.89,,40.81,,,291,11765.75,20,F1,1,,,,,
2026-08-27,2026-08-27,CM,NSE,STK,29731,INE942C01045,GUJTHEM,EQ,,,,,GUJARAT THEMIS BIOSYN LTD,420.80,421.95,405.00,412.20,410.75,420.75,,412.22,,,466950,192056346.10,12943,F1,1,,,,,
2026-08-27,2026-08-27,CM,NSE,STK,4391,INE635Q01029,GULFOILLUB,EQ,,,,,GULF OIL LUB. IND. LTD.,1170.00,1170.00,1150.00,1154.30,1152.00,1162.80,,1154.28,,,48111,55634707.50,4984,F1,1,,,,,
2026-08-27,2026-08-27,CM,NSE,STK,6286,INE255D01024,GULPOLY,EQ,,,,,GULSHAN POLYOLS LIMITED,194.95,198.00,192.50,193.09,194.35,194.56,,193.10,,,165132,32124395.14,3264,F1,1,,,,,
2026-08-27,2026-08-27,CM,NSE,STK,759261,INE1CCX01012,GURUNANAK,SM,,,,,GURUNANAK AGRICULTUR IN L,38.50,38.50,38.50,38.50,38.50,37.30,,38.50,,,1600,61600.00,1,F1,1600,,,,,
2026-08-27,2026-08-27,CM,NSE,STK,13229,INE251H01024,GVKPIL,BE,,,,,GVK POW. & INFRA LTD.,2.12,2.14,2.08,2.08,2.08,2.12,,2.08,,,1029988,2146003.62,1147,F1,1,,,,,
2026-08-27,2026-08-27,CM,NSE,STK,10865,INE382T01030,GVPTECH,EQ,,,,,GVP INFOTECH LIMITED,7.47,8.45,7.04,7.53,7.60,7.38,,7.53,,,501010,3863435.05,1222,F1,1,,,,,
2026-08-27,2026-08-27,CM,NSE,STK,764050,INE724A01017,GYFTR,EQ,,,,,GYFTR LIMITED,167.70,169.00,165.00,166.81,166.10,168.19,,166.60,,,30786,5119558.44,742,F1,1,,,,,
2026-08-27,2026-08-27,CM,NSE,STK,762712,INE640B01021,HBESD,EQ,,,,,H B ESTATE DEVELOPERS L,75.01,76.69,75.00,75.95,76.00,76.31,,75.95,,,510,38305.81,25,F1,1,,,,,
2026-08-27,2026-08-27,CM,NSE,STK,1672,INE926X01010,HGINFRA,EQ,,,,,H.G.INFRA ENGINEERING LTD,501.95,506.15,500.25,502.15,501.25,501.90,,502.15,,,37937,19052782.50,1688,F1,1,,,,,
2026-08-27,2026-08-27,CM,NSE,STK,760715,INE115S01010,HALDER,EQ,,,,,HALDER VENTURE LIMITED,292.25,299.80,290.05,297.88,299.00,295.99,,297.83,,,28147,8269478.93,321,F1,1,,,,,
2026-08-27,2026-08-27,CM,NSE,STK,762708,INE506D01020,HALDYNGL,BE,,,,,HALDYN GLASS LTD.,130.10,134.80,130.10,134.26,133.90,132.54,,134.26,,,29414,3890719.60,130,F1,1,,,,,
2026-08-27,2026-08-27,CM,NSE,STK,21551,INE320X01016,HALEOSLABS,EQ,,,,,HALEOS LABS LIMITED,1549.40,1549.40,1470.00,1501.80,1500.00,1500.90,,1501.43,,,411,617478.20,48,F1,1,,,,,
2026-08-27,2026-08-27,CM,NSE,STK,765075,INE299D01022,HAMPTON,EQ,,,,,HAMPTON SKY REALTY LTD.,8.91,8.91,7.42,8.30,8.36,8.18,,8.31,,,19787,163902.20,162,F1,1,,,,,
2026-08-27,2026-08-27,CM,NSE,STK,13592,INE596H01014,HGM,EQ,,,,,HANDSON GBL MNGMNT LTD,44.30,44.90,43.00,43.99,43.13,43.76,,43.99,,,1372,60255.42,34,F1,1,,,,,
2026-08-27,2026-08-27,CM,NSE,STK,48,INE419U01012,HAPPSTMNDS,EQ,,,,,HAPPIEST MINDS TECHNO LTD,448.00,455.35,414.60,420.25,419.80,447.85,,420.25,,,4662895,2011852486.95,105204,F1,1,,,,,
2026-08-27,2026-08-27,CM,NSE,STK,20854,INE330T01021,HAPPYFORGE,EQ,,,,,HAPPY FORGINGS LIMITED,2234.60,2279.00,2188.90,2250.80,2260.10,2212.50,,2250.74,,,81051,182415016.40,13920,F1,1,,,,,
2026-08-27,2026-08-27,CM,NSE,STK,757665,INE0TLP01015,WHITEFORCE,SM,,,,,HAPPY SQUARE OUTSOURC S L,39.50,40.50,39.50,40.50,40.50,39.45,,40.50,,,3200,128000.00,2,F1,1600,,,,,
2026-08-27,2026-08-27,CM,NSE,STK,764131,INE1GFG01011,HAPPY,SM,,,,,HAPPY STEELS LIMITED,86.85,92.50,82.50,84.25,86.35,90.90,,84.25,,,128000,11107400.00,58,F1,2000,,,,,
2026-08-27,2026-08-27,CM,NSE,STK,8962,INE626Z01029,HARDWYN,EQ,,,,,HARDWYN INDIA LIMITED,9.05,9.12,9.00,9.05,9.02,9.03,,9.05,,,689720,6238044.59,1060,F1,1,,,,,
2026-08-27,2026-08-27,CM,NSE,STK,8968,INE00EV01017,HARIOMPIPE,EQ,,,,,HARIOM PIPE INDUSTRIES L,348.30,348.30,339.75,341.15,341.50,346.55,,341.14,,,70134,24036369.05,2414,F1,1,,,,,
2026-08-27,2026-08-27,CM,NSE,STK,764703,INE400G01011,HRYNSHP,EQ,,,,,HARIYANA SHIP BREAKERS L,101.98,101.98,91.00,99.86,99.99,102.49,,99.91,,,314,31504.15,32,F1,1,,,,,
2026-08-27,2026-08-27,CM,NSE,STK,1313,INE544A01019,HARRMALAYA,EQ,,,,,HARRISON MALAYALAM LTD,202.74,204.40,193.60,194.70,193.70,202.73,,194.70,,,23208,4582173.19,1030,F1,1,,,,,
2026-08-27,2026-08-27,CM,NSE,STK,11162,INE0JUS01029,HARSHA,EQ,,,,,HARSHA ENGINEERS INT LTD,431.15,440.00,422.80,438.55,438.10,428.75,,438.54,,,111988,48338791.75,3677,F1,1,,,,,
2026-08-27,2026-08-27,CM,NSE,STK,18154,INE982F01036,HATHWAY,EQ,,,,,HATHWAY CABLE & DATACOM,10.54,10.64,10.49,10.55,10.53,10.57,,10.55,,,982034,10344120.02,1467,F1,1,,,,,
2026-08-27,2026-08-27,CM,NSE,STK,3892,INE473B01035,HATSUN,EQ,,,,,HATSUN AGRO PRODUCT LTD.,1096.10,1162.10,1073.00,1152.50,1151.00,1086.55,,1152.61,,,284131,322764544.00,28765,F1,1,,,,,
2026-08-27,2026-08-27,CM,NSE,STK,9819,INE176B01034,HAVELLS,EQ,,,,,HAVELLS INDIA LIMITED,1255.60,1265.00,1241.00,1241.00,1241.00,1258.70,,1241.01,,,623467,782910325.70,24965,F1,1,,,,,
2026-08-27,2026-08-27,CM,NSE,STK,4444,INE979B01015,HAWKINCOOK,EQ,,,,,HAWKINS COOKERS LTD,8020.00,8264.50,8020.00,8239.00,8250.00,8197.50,,8240.83,,,976,7952681.50,447,F1,1,,,,,
2026-08-27,2026-08-27,CM,NSE,STK,764693,INE550F01049,HAZOOR,EQ,,,,,HAZOOR MULTI PROJECTS LTD,20.40,21.00,17.44,20.82,20.52,20.36,,20.79,,,1744484,35283538.20,2494,F1,1,,,,,
2026-08-27,2026-08-27,CM,NSE,STK,765080,INE638B01025,HBPOR,EQ,,,,,HB PORTFOLIO LTD.,62.89,62.89,59.10,59.50,59.50,58.31,,59.26,,,662,39693.07,16,F1,1,,,,,
2026-08-27,2026-08-27,CM,NSE,STK,4116,INE550B01022,HBSL,EQ,,,,,HB STOCKHOLDINGS LIMITED,52.76,53.00,50.73,51.99,52.00,52.24,,51.75,,,283,14517.30,28,F1,1,,,,,
2026-08-27,2026-08-27,CM,NSE,STK,13966,INE292B01021,HBLENGINE,EQ,,,,,HBL ENGINEERING LTD,684.00,693.80,662.90,665.75,663.00,683.90,,665.77,,,935680,632316531.90,29172,F1,1,,,,,
2026-08-27,2026-08-27,CM,NSE,STK,1327,INE236A01020,HCL-INSYS,EQ,,,,,HCL INFOSYSTEMS LTD,10.81,11.00,10.77,10.81,10.85,10.87,,10.81,,,284335,3088791.44,923,F1,1,,,,,
2026-08-27,2026-08-27,CM,NSE,STK,7229,INE860A01027,HCLTECH,EQ,,,,,HCL TECHNOLOGIES LTD,1295.00,1304.70,1280.00,1282.00,1282.00,1298.50,,1282.09,,,1936771,2492445917.70,69854,F1,1,,,,,
2026-08-27,2026-08-27,CM,NSE,STK,757772,INE756I01012,HDBFS,EQ,,,,,HDB FINANCIAL SERVICES L,687.50,693.50,682.00,685.15,685.00,687.50,,685.15,,,2515560,1726505568.55,29343,F1,1,,,,,
2026-08-27,2026-08-27,CM,NSE,STK,4244,INE127D01025,HDFCAMC,EQ,,,,,HDFC AMC LIMITED,2667.90,2691.00,2559.90,2575.00,2575.00,2667.90,,2575.00,,,2101778,5442864831.90,130003,F1,1,,,,,
2026-08-27,2026-08-27,CM,NSE,STK,1333,INE040A01034,HDFCBANK,EQ,,,,,HDFC BANK LTD,728.15,728.15,710.00,711.00,711.00,727.20,,711.44,,,46515020,33295843038.85,640207,F1,1,,,,,
2026-08-27,2026-08-27,CM,NSE,STK,19543,INF179KC1981,HDFCGOLD,EQ,,,,,HDFC GOLD ETF,140.14,140.14,132.56,134.63,134.65,136.73,,134.63,,,8763920,1178752049.24,16285,F1,1,,,,,
2026-08-27,2026-08-27,CM,NSE,STK,467,INE795G01014,HDFCLIFE,EQ,,,,,HDFC LIFE INS CO LTD,553.10,557.00,548.00,548.00,548.00,553.00,,547.97,,,2474974,1368986766.55,53184,F1,1,,,,,
2026-08-27,2026-08-27,CM,NSE,STK,14230,INF179KC1EZ4,HDFCBSE500,EQ,,,,,HDFCAMC - HDFCBSE500,38.12,38.12,37.84,37.86,37.84,38.12,,37.86,,,248837,9436507.14,270,F1,1,,,,,
2026-08-27,2026-08-27,CM,NSE,STK,11241,INF179KC1DJ0,HDFCGROWTH,EQ,,,,,HDFCAMC - HDFCGROWTH,121.41,121.52,120.29,120.43,120.29,121.41,,120.44,,,21902,2638913.50,154,F1,1,,,,,
2026-08-27,2026-08-27,CM,NSE,STK,18279,INF179KC1JG3,HDFCLIQUID,EQ,,,,,HDFCAMC - HDFCLIQUID,1075.47,1075.47,1075.42,1075.43,1075.44,1075.28,,1075.43,,,15685,16868127.83,36,F1,1,,,,,
2026-08-27,2026-08-27,CM,NSE,STK,11547,INF179KC1HU8,HDFCLOWVOL,EQ,,,,,HDFCAMC - HDFCLOWVOL,20.83,20.84,20.70,20.72,20.70,20.83,,20.67,,,1832,38030.86,51,F1,1,,,,,
2026-08-27,2026-08-27,CM,NSE,STK,14236,INF179KC1HT0,HDFCMID150,EQ,,,,,HDFCAMC - HDFCMID150,23.51,24.01,23.51,23.81,23.82,23.88,,23.81,,,338408,8071224.27,1286,F1,1,,,,,
2026-08-27,2026-08-27,CM,NSE,STK,11538,INF179KC1HV6,HDFCMOMENT,EQ,,,,,HDFCAMC - HDFCMOMENT,31.83,31.90,31.64,31.71,31.72,31.71,,31.71,,,140210,4448647.88,570,F1,1,,,,,
2026-08-27,2026-08-27,CM,NSE,STK,10619,INF179KC1HS2,HDFCNEXT50,EQ,,,,,HDFCAMC - HDFCNEXT50,76.23,76.41,75.51,75.91,75.85,76.18,,75.90,,,229491,17465163.79,659,F1,1,,,,,
2026-08-27,2026-08-27,CM,NSE,STK,10633,INF179KC1HR4,HDFCNIF100,EQ,,,,,HDFCAMC - HDFCNIF100,26.32,26.40,26.18,26.29,26.33,26.30,,26.30,,,13284,348657.03,190,F1,1,,,,,
2026-08-27,2026-08-27,CM,NSE,STK,22433,INF179KC1HY0,HDFCNIFBAN,EQ,,,,,HDFCAMC - HDFCNIFBAN,59.68,59.69,59.19,59.29,59.19,59.55,,59.29,,,41641,2473345.64,336,F1,1,,,,,
2026-08-27,2026-08-27,CM,NSE,STK,12101,INF179KC1IA8,HDFCNIFIT,EQ,,,,,HDFCAMC - HDFCNIFIT,32.51,32.66,32.15,32.33,32.42,32.51,,32.33,,,118089,3827186.23,274,F1,1,,,,,
2026-08-27,2026-08-27,CM,NSE,STK,11591,INF179KC1965,HDFCNIFTY,EQ,,,,,HDFCAMC - HDFCNIFTY,272.01,274.01,272.01,272.77,272.50,273.99,,272.77,,,301619,82279633.21,865,F1,1,,,,,
2026-08-27,2026-08-27,CM,NSE,STK,764336,INF179KC1KT4,HDFCNIMEG,EQ,,,,,HDFCAMC - HDFCNIMEG,136.06,136.06,132.79,133.20,133.35,135.19,,133.20,,,5924,798477.25,78,F1,1,,,,,
2026-08-27,2026-08-27,CM,NSE,STK,12108,INF179KC1HZ7,HDFCPVTBAN,EQ,,,,,HDFCAMC - HDFCPVTBAN,28.88,28.88,28.22,28.34,28.22,28.18,,28.34,,,287421,8161868.83,390,F1,1,,,,,
2026-08-27,2026-08-27,CM,NSE,STK,11255,INF179KC1DL6,HDFCQUAL,EQ,,,,,HDFCAMC - HDFCQUAL,59.61,59.61,59.09,59.09,59.35,59.39,,59.09,,,15045,890938.36,82,F1,1,,,,,
2026-08-27,2026-08-27,CM,NSE,STK,11593,INF179KC1HX2,HDFCSENSEX,EQ,,,,,HDFCAMC - HDFCSENSEX,87.80,88.48,87.60,87.65,87.60,88.03,,87.65,,,31710,2783646.55,452,F1,1,,,,,
2026-08-27,2026-08-27,CM,NSE,STK,10876,INF179KC1DI2,HDFCSILVER,EQ,,,,,HDFCAMC - HDFCSILVER,229.19,229.19,223.75,226.23,225.93,230.10,,226.23,,,4025008,910379370.98,16035,F1,1,,,,,
2026-08-27,2026-08-27,CM,NSE,STK,14233,INF179KC1FB2,HDFCSML250,EQ,,,,,HDFCAMC - HDFCSML250,185.74,187.24,185.00,185.58,185.60,186.38,,185.58,,,776001,144264968.50,6820,F1,1,,,,,
2026-08-27,2026-08-27,CM,NSE,STK,11260,INF179KC1DK8,HDFCVALUE,EQ,,,,,HDFCAMC - HDFCVALUE,125.72,126.20,124.98,125.42,125.77,126.20,,125.42,,,11472,1439027.34,88,F1,1,,,,,
2026-08-27,2026-08-27,CM,NSE,STK,22595,INF179KC1HW4,HDFCPSUBK,EQ,,,,,HDFCAMC HDFCPSUBK,88.07,88.07,86.28,86.77,86.47,87.44,,86.78,,,12549,1092044.31,206,F1,1,,,,,
2026-08-27,2026-08-27,CM,NSE,STK,19205,INE759V01019,HEADSUP,EQ,,,,,HEADS UP VENTURES LIMITED,6.50,6.98,6.50,6.87,6.80,6.46,,6.89,,,8022,55037.27,137,F1,1,,,,,
2026-08-27,2026-08-27,CM,NSE,STK,20063,INE019J01013,HEALTHX,EQ,,,,,HEALTH X PLATFORM LIMITED,309.65,309.65,290.90,293.55,293.55,298.20,,293.67,,,2663,784934.45,129,F1,1,,,,,
2026-08-27,2026-08-27,CM,NSE,STK,15555,INE075I01017,HCG,EQ,,,,,HEALTHCARE GLOB. ENT. LTD,707.00,714.00,692.30,699.95,707.00,706.15,,699.95,,,105209,73677644.60,13965,F1,1,,,,,
2026-08-27,2026-08-27,CM,NSE,STK,7425,INE558R01013,HECPROJECT,EQ,,,,,HEC INFRA PROJECTS LTD,120.30,121.10,115.01,117.97,117.50,118.80,,117.97,,,5086,602790.65,206,F1,1,,,,,
2026-08-27,2026-08-27,CM,NSE,STK,1336,INE545A01024,HEG,EQ,,,,,HEG LTD,714.80,720.45,708.00,710.20,712.25,713.55,,710.21,,,592845,422421262.55,14402,F1,1,,,,,
2026-08-27,2026-08-27,CM,NSE,STK,2316,INE578A01017,HEIDELBERG,EQ,,,,,HEIDELBERGCEMENT (I) LTD,162.46,162.50,160.41,161.70,161.97,161.86,,161.69,,,112221,18133595.83,1928,F1,1,,,,,
2026-08-27,2026-08-27,CM,NSE,STK,701,INE0AJG01018,HEMIPROP,EQ,,,,,HEMISPHERE PROP IND LTD,129.64,133.88,129.46,130.56,130.60,129.63,,130.56,,,578973,76508151.94,5146,F1,1,,,,,
2026-08-27,2026-08-27,CM,NSE,STK,2614,INE694N01015,HERANBA,EQ,,,,,HERANBA INDUSTRIES LTD,175.00,177.49,168.97,169.69,169.50,174.06,,169.69,,,31886,5465535.56,1125,F1,1,,,,,
2026-08-27,2026-08-27,CM,NSE,STK,4598,INE978A01027,HERITGFOOD,EQ,,,,,HERITAGE FOODS LTD,383.00,383.00,375.10,378.15,377.75,383.30,,378.12,,,122264,46217849.85,4677,F1,1,,,,,
2026-08-27,2026-08-27,CM,NSE,STK,1348,INE158A01026,HEROMOTOCO,EQ,,,,,HERO MOTOCORP LIMITED,5594.50,5610.00,5511.50,5550.00,5550.00,5595.00,,5549.83,,,533073,2959330710.50,52226,F1,1,,,,,
2026-08-27,2026-08-27,CM,NSE,STK,7048,INE782E01017,HESTERBIO,EQ,,,,,HESTER BIOSCIENCES LTD,2336.70,2359.20,2270.20,2289.80,2300.00,2354.40,,2289.91,,,6174,14219984.20,1008,F1,1,,,,,
2026-08-27,2026-08-27,CM,NSE,STK,27008,INE750M01017,HEXATRADEX,EQ,,,,,HEXA TRADEX LIMITED,160.90,160.90,159.10,159.10,159.10,158.50,,158.93,,,23,3662.98,9,F1,1,,,,,
2026-08-27,2026-08-27,CM,NSE,STK,750116,INE0JUI01012,HEXAGON,BE,,,,,HEXAGON NUTRITION LIMITED,68.94,70.25,67.60,69.16,69.25,68.34,,69.23,,,123134,8537173.10,669,F1,1,,,,,
2026-08-27,2026-08-27,CM,NSE,STK,29666,INE093A01041,HEXT,EQ,,,,,HEXAWARE TECHNOLOGIES LTD,556.30,561.00,547.55,556.60,556.00,554.95,,556.62,,,133088,73597092.05,9489,F1,1,,,,,
2026-08-27,2026-08-27,CM,NSE,STK,21951,INE548A01028,HFCL,EQ,,,,,HFCL LIMITED,238.30,247.44,237.27,245.84,245.67,235.89,,245.86,,,19390535,4723864631.15,102456,F1,1,,,,,
2026-08-27,2026-08-27,CM,NSE,STK,18794,INE0PIC01017,HIGREEN,SM,,,,,HI GREEN CARBON LIMITED,125.25,125.40,123.00,123.00,123.00,127.50,,123.00,,,9600,1195640.00,12,F1,800,,,,,
2026-08-27,2026-08-27,CM,NSE,STK,2868,INE106T01025,HITECH,EQ,,,,,HI-TECH PIPES LIMITED,81.80,82.39,77.70,77.93,78.00,81.92,,77.93,,,1117888,88385955.86,6144,F1,1,,,,,
2026-08-27,2026-08-27,CM,NSE,STK,759103,INE00RL01028,HILINFRA,EQ,,,,,HIGHWAY INFRASTRUCTURE L,45.90,45.90,45.10,45.29,45.15,45.32,,45.29,,,52520,2387239.25,1085,F1,1,,,,,
2026-08-27,2026-08-27,CM,NSE,STK,9668,INE475B01022,HIKAL,EQ,,,,,HIKAL LIMITED,208.00,212.51,203.35,204.63,203.45,207.63,,204.65,,,183484,38133080.50,4485,F1,1,,,,,
2026-08-27,2026-08-27,CM,NSE,STK,14627,INE788H01017,HILTON,EQ,,,,,HILTON METAL FORGING LTD,20.00,20.05,19.40,19.51,19.49,20.00,,19.51,,,132293,2605059.35,389,F1,1,,,,,
2026-08-27,2026-08-27,CM,NSE,STK,14334,INE019C01026,HSCL,EQ,,,,,HIMADRI SPECIALITY CHEM L,663.90,676.60,657.50,674.35,674.95,663.85,,674.38,,,7924818,5287272440.80,69727,F1,1,,,,,
2026-08-27,2026-08-27,CM,NSE,STK,1360,INE049A01027,HIMATSEIDE,EQ,,,,,HIMATSINGKA SEIDE LTD,72.98,73.06,71.52,71.83,71.60,72.67,,71.83,,,201561,14524048.64,2221,F1,1,,,,,
2026-08-27,2026-08-27,CM,NSE,STK,765085,INE227B01019,HINDALUMI,EQ,,,,,HIND ALUMINIUM INDS. LTD.,98.00,99.87,97.95,97.99,98.00,99.88,,98.05,,,1724,169604.50,53,F1,1,,,,,
2026-08-27,2026-08-27,CM,NSE,STK,1363,INE038A01020,HINDALCO,EQ,,,,,HINDALCO  INDUSTRIES  LTD,1060.50,1061.80,1020.05,1024.00,1024.00,1053.00,,1024.00,,,3635432,3751257734.90,81732,F1,1,,,,,
2026-08-27,2026-08-27,CM,NSE,STK,4920,INE642Y01029,HINDCON,EQ,,,,,HINDCON CHEMICALS LIMITED,24.15,24.50,22.02,22.60,22.56,24.00,,22.60,,,59613,1371041.23,351,F1,1,,,,,
2026-08-27,2026-08-27,CM,NSE,STK,11796,INE05X901010,HPIL,EQ,,,,,HINDPRAKASH INDUSTRY LTD,127.00,127.00,123.61,123.81,123.70,128.62,,123.81,,,551,68235.33,23,F1,1,,,,,
2026-08-27,2026-08-27,CM,NSE,STK,14712,INE170I01016,HGS,EQ,,,,,HINDUJA GLOBAL SOLS. LTD.,400.00,404.15,400.00,402.55,402.90,401.95,,402.52,,,9634,3870476.85,339,F1,1,,,,,
2026-08-27,2026-08-27,CM,NSE,STK,764698,INE074C01013,HINDADH,EQ,,,,,HINDUSTAN ADHESIVES LTD.,359.00,359.00,349.05,350.40,350.10,353.90,,350.02,,,2720,955853.55,138,F1,1,,,,,
2026-08-27,2026-08-27,CM,NSE,STK,2303,INE066F01020,HAL,EQ,,,,,HINDUSTAN AERONAUTICS LTD,4900.00,4935.00,4875.00,4899.00,4899.00,4865.50,,4898.33,,,351457,1719820174.40,24541,F1,1,,,,,
2026-08-27,2026-08-27,CM,NSE,STK,1372,INE310C01029,HINDCOMPOS,EQ,,,,,HINDUSTAN COMPOSITES LTD.,411.90,415.20,407.75,409.45,408.35,408.25,,409.47,,,1894,778030.55,147,F1,1,,,,,
2026-08-27,2026-08-27,CM,NSE,STK,1375,INE549A01026,HCC,EQ,,,,,HINDUSTAN CONSTRUCTION CO,24.11,26.03,24.11,25.10,25.20,23.88,,25.10,,,202003226,5113084500.52,196562,F1,1,,,,,
2026-08-27,2026-08-27,CM,NSE,STK,17939,INE531E01026,HINDCOPPER,EQ,,,,,HINDUSTAN COPPER LTD,547.20,552.90,533.15,536.30,538.50,556.05,,536.25,,,24102873,13076886584.30,210725,F1,1,,,,,
2026-08-27,2026-08-27,CM,NSE,STK,12173,INE254N01026,HNDFDS,EQ,,,,,HINDUSTAN FOODS LIMITED,633.00,640.00,630.00,635.55,632.00,636.50,,635.50,,,27024,17177943.45,2437,F1,1,,,,,
2026-08-27,2026-08-27,CM,NSE,STK,19215,INE871K01015,HMVL,BE,,,,,HINDUSTAN MEDIA VENT LTD,86.70,89.00,86.00,87.90,87.90,89.89,,87.11,,,5972,520584.92,92,F1,1,,,,,
2026-08-27,2026-08-27,CM,NSE,STK,1403,INE345A01011,HINDOILEXP,EQ,,,,,HINDUSTAN OIL EXPLORATION,159.59,164.80,158.43,163.43,162.75,158.11,,163.43,,,821491,133032106.29,7188,F1,1,,,,,
2026-08-27,2026-08-27,CM,NSE,STK,1406,INE094A01015,HINDPETRO,EQ,,,,,HINDUSTAN PETROLEUM CORP,375.45,376.25,368.90,371.00,371.00,375.50,,371.00,,,3872498,1437888584.80,46621,F1,1,,,,,
2026-08-27,2026-08-27,CM,NSE,STK,1394,INE030A01027,HINDUNILVR,EQ,,,,,HINDUSTAN UNILEVER LTD.,2020.00,2028.00,2004.30,2009.00,2009.00,2021.00,,2008.01,,,989046,1988922870.10,80527,F1,1,,,,,
2026-08-27,2026-08-27,CM,NSE,STK,1424,INE267A01025,HINDZINC,EQ,,,,,HINDUSTAN ZINC LIMITED,629.50,631.40,610.05,610.10,610.10,626.50,,610.09,,,4838968,2989334856.35,60971,F1,1,,,,,
2026-08-27,2026-08-27,CM,NSE,STK,15883,INE05AN01011,HINDWAREAP,EQ,,,,,HINDWARE HME INOVATON LTD,196.29,197.53,190.00,190.84,191.80,196.29,,190.87,,,137457,26411301.04,2850,F1,1,,,,,
2026-08-27,2026-08-27,CM,NSE,STK,13890,INE835D01023,HIRECT,EQ,,,,,HIRECT LIMITED,1235.80,1242.90,1202.10,1223.00,1230.00,1246.80,,1223.09,,,62144,75859531.20,6013,F1,1,,,,,
2026-08-27,2026-08-27,CM,NSE,STK,19322,INE598C01011,HISARMETAL,EQ,,,,,HISAR METAL IND. LIMITED,151.02,151.80,148.35,149.23,151.80,151.82,,149.75,,,201,30084.82,17,F1,1,,,,,
2026-08-27,2026-08-27,CM,NSE,STK,18457,INE07Y701011,POWERINDIA,EQ,,,,,HITACHI ENERGY INDIA LTD,33395.00,34250.00,33290.00,33880.00,33880.00,33125.00,,33880.00,,,87939,2971369880.00,29177,F1,1,,,,,
2026-08-27,2026-08-27,CM,NSE,STK,15165,INE120D01012,HITECHCORP,BE,,,,,HITECH CORPORATION LTD,337.00,338.00,332.05,336.30,336.30,337.00,,336.30,,,9557,3198957.40,43,F1,1,,,,,
2026-08-27,2026-08-27,CM,NSE,STK,2289,INE461D01028,HLEGLAS,EQ,,,,,HLE GLASCOAT LIMITED,313.90,316.00,312.00,314.85,314.05,313.45,,314.85,,,52671,16546678.35,1445,F1,1,,,,,
2026-08-27,2026-08-27,CM,NSE,STK,1448,INE102A01024,HLVLTD,EQ,,,,,HLV LIMITED,6.66,6.66,6.56,6.63,6.66,6.62,,6.63,,,123353,816355.75,366,F1,1,,,,,
2026-08-27,2026-08-27,CM,NSE,STK,17053,INE0ECP01024,HMAAGRO,EQ,,,,,HMA AGRO INDUSTRIES LTD,21.00,21.32,20.80,20.90,20.91,20.96,,20.90,,,2987601,62583920.79,2831,F1,1,,,,,
2026-08-27,2026-08-27,CM,NSE,STK,19698,INE262A01018,HMT,BZ,,,,,HMT LTD -,67.25,69.29,64.00,64.53,65.04,67.21,,64.53,,,35312,2323894.61,263,F1,1,,,,,
2026-08-27,2026-08-27,CM,NSE,STK,23826,INE0S6S01017,HOACFOODS,ST,,,,,HOAC FOODS INDIA LIMITED,869.95,869.95,845.00,845.00,845.00,850.00,,845.00,,,2250,1925606.25,6,F1,375,,,,,
2026-08-27,2026-08-27,CM,NSE,STK,18649,INE0LXA01019,HOLMARC,SM,,,,,HOLMARC OPTO MECHATRO L,102.05,102.10,102.00,102.00,102.00,105.95,,102.00,,,3000,306112.50,4,F1,750,,,,,
2026-08-27,2026-08-27,CM,NSE,STK,2056,INE481N01025,HOMEFIRST,EQ,,,,,HOME FIRST FIN CO IND LTD,1184.00,1204.30,1183.00,1200.20,1196.00,1183.70,,1200.20,,,118552,141938329.50,10572,F1,1,,,,,
2026-08-27,2026-08-27,CM,NSE,STK,19813,INE0J5401028,HONASA,EQ,,,,,HONASA CONSUMER LIMITED,476.80,491.75,476.75,484.85,486.90,475.50,,484.83,,,1169028,568369673.20,31806,F1,1,,,,,
2026-08-27,2026-08-27,CM,NSE,STK,3138,INE634A01018,HONDAPOWER,EQ,,,,,HONDA I POWER PRODUCT LTD,2074.10,2090.00,2060.00,2068.30,2070.00,2062.30,,2068.30,,,4023,8320019.00,382,F1,1,,,,,
2026-08-27,2026-08-27,CM,NSE,STK,3417,INE671A01010,HONAUT,EQ,,,,,HONEYWELL AUTOMATION IND,36145.00,36895.00,36145.00,36800.00,36750.00,36445.00,,36801.93,,,1961,71965465.00,1205,F1,1,,,,,
2026-08-27,2026-08-27,CM,NSE,STK,765356,INE685T01010,HORIZONIND,EQ,,,,,HORIZON INDUSTRIAL PRKS L,55.51,57.50,55.51,56.78,56.65,56.78,,56.78,,,4091943,231972763.60,20326,F1,1,,,,,
2026-08-27,2026-08-27,CM,NSE,STK,17920,INE191I01012,HDIL,BZ,,,,,HOUSING DEV & INFRA LTD,1.50,1.55,1.48,1.51,1.53,1.50,,1.51,,,170458,258968.90,188,F1,1,,,,,
2026-08-27,2026-08-27,CM,NSE,STK,7376,INE0GSL01024,HPAL,EQ,,,,,HP ADHESIVES LIMITED,34.79,35.99,34.31,34.63,34.79,34.72,,34.63,,,66278,2299209.21,496,F1,1,,,,,
2026-08-27,2026-08-27,CM,NSE,STK,29875,INE0VA601019,HPTL,SM,,,,,HP TELECOM INDIA LIMITED,316.00,316.00,316.00,316.00,316.00,332.60,,316.00,,,600,189600.00,1,F1,600,,,,,
2026-08-27,2026-08-27,CM,NSE,STK,18679,INE495S01016,HPL,EQ,,,,,HPL ELECTRIC & POWER LTD,312.00,313.50,306.30,307.65,307.50,313.50,,307.65,,,79285,24478736.00,2920,F1,1,,,,,
2026-08-27,2026-08-27,CM,NSE,STK,21107,INE0R3501012,HRHNEXT,SM,,,,,HRH NEXT SERVICES LIMITED,26.70,27.90,26.70,27.30,27.90,28.10,,27.30,,,6000,162000.00,4,F1,1500,,,,,
2026-08-27,2026-08-27,CM,NSE,STK,761506,INF336L01RX2,HSBCGOLD,EQ,,,,,HSBCAMC - HSBCGOLD,140.00,140.00,136.00,136.93,136.80,139.62,,136.93,,,269400,36833758.41,209,F1,1,,,,,
2026-08-27,2026-08-27,CM,NSE,STK,20825,INE031A01017,HUDCO,EQ,,,,,HSG & URBAN DEV CORPN LTD,186.95,187.40,181.79,182.63,182.00,186.95,,182.59,,,1437057,264687190.53,20895,F1,1,,,,,
2026-08-27,2026-08-27,CM,NSE,STK,11979,INE501G01024,HTMEDIA,EQ,,,,,HT MEDIA LIMITED,26.99,27.68,26.92,27.05,27.00,26.88,,27.05,,,47718,1290061.24,148,F1,1,,,,,
2026-08-27,2026-08-27,CM,NSE,STK,14203,INE703H01016,HUBTOWN,EQ,,,,,HUBTOWN LIMITED,189.35,189.35,184.00,184.71,186.00,188.50,,184.71,,,350523,65334745.33,3672,F1,1,,,,,
2026-08-27,2026-08-27,CM,NSE,STK,2562,INE275B01026,HUHTAMAKI,EQ,,,,,HUHTAMAKI INDIA LIMITED,270.40,270.40,259.00,260.50,259.00,270.40,,260.52,,,143477,37664359.90,3777,F1,1,,,,,
2026-08-27,2026-08-27,CM,NSE,STK,12814,INE965B01022,HYBRIDFIN,BE,,,,,HYBRID FINANCIAL SERVICE,17.20,17.20,16.80,16.82,16.82,17.00,,16.88,,,2826,47714.83,16,F1,1,,,,,
2026-08-27,2026-08-27,CM,NSE,STK,25844,INE0V6F01027,HYUNDAI,EQ,,,,,HYUNDAI MOTOR INDIA LTD,2247.00,2281.00,2247.00,2253.00,2253.00,2250.00,,2253.00,,,928582,2104573627.40,81352,F1,1,,,,,
2026-08-27,2026-08-27,CM,NSE,STK,14086,INE204A01010,IGPL,EQ,,,,,I G PETROCHEMICALS LTD,526.00,541.00,514.00,521.95,514.25,523.85,,521.92,,,250151,132987941.30,9834,F1,1,,,,,
2026-08-27,2026-08-27,CM,NSE,STK,764718,INE684B01029,ISTLTD,EQ,,,,,I S T LTD.,660.00,670.00,651.00,668.90,669.00,657.30,,668.90,,,354,232310.55,38,F1,1,,,,,
2026-08-27,2026-08-27,CM,NSE,STK,21348,INE0O7401018,IBLFL,SM,,,,,IBL FINANCE LIMITED,61.00,61.00,61.00,61.00,61.00,61.00,,61.00,,,6000,366000.00,3,F1,2000,,,,,
2026-08-27,2026-08-27,CM,NSE,STK,764064,INE0XE501015,ICELCO,SM,,,,,IC ELECTRICALS COMPANY L,135.10,135.70,125.00,127.05,127.45,136.55,,127.05,,,136800,17554140.00,102,F1,1200,,,,,
2026-08-27,2026-08-27,CM,NSE,STK,6977,INE613B01010,ICDSLTD,EQ,,,,,ICDS LTD,41.32,41.63,41.25,41.63,41.63,41.09,,41.63,,,524,21763.12,11,F1,1,,,,,
2026-08-27,2026-08-27,CM,NSE,STK,489,INE520Y01019,ICEMAKE,EQ,,,,,ICE MAKE REFRIGERAT LTD,728.90,752.05,717.00,747.65,748.00,734.00,,747.65,,,25790,19172630.10,1801,F1,1,,,,,
2026-08-27,2026-08-27,CM,NSE,STK,4963,INE090A01021,ICICIBANK,EQ,,,,,ICICI BANK LTD.,1445.00,1453.80,1433.10,1443.00,1443.00,1430.00,,1443.44,,,11539716,16674063062.00,193417,F1,1,,,,,
2026-08-27,2026-08-27,CM,NSE,STK,21770,INE765G01017,ICICIGI,EQ,,,,,ICICI LOMBARD GIC LIMITED,1594.00,1606.00,1585.40,1588.10,1588.10,1596.90,,1588.10,,,864889,1379379390.40,23956,F1,1,,,,,
2026-08-27,2026-08-27,CM,NSE,STK,21254,INF109KC19U5,LOWVOLIETF,EQ,,,,,ICICI PR NIF LW VL 30 ETF,22.58,22.58,22.23,22.32,22.34,22.33,,22.32,,,953091,21259820.25,906,F1,1,,,,,
2026-08-27,2026-08-27,CM,NSE,STK,18652,INE726G01019,ICICIPRULI,EQ,,,,,ICICI PRU LIFE INS CO LTD,518.35,518.95,509.00,510.00,510.00,515.05,,510.00,,,515424,265000789.55,13789,F1,1,,,,,
2026-08-27,2026-08-27,CM,NSE,STK,17702,INF109KC10W0,MIDSELIETF,EQ,,,,,ICICI PRUD MIDCAP SEL ETF,19.65,20.38,19.61,20.16,20.22,20.16,,20.16,,,221312,4460134.81,663,F1,1,,,,,
2026-08-27,2026-08-27,CM,NSE,STK,30392,INF109KC16V9,NIF100IETF,EQ,,,,,ICICI PRUD NIFTY 100 ETF,28.38,28.50,28.23,28.37,28.42,28.38,,28.37,,,74967,2121252.16,1141,F1,1,,,,,
2026-08-27,2026-08-27,CM,NSE,STK,29553,INF109K012R6,NIFTYIETF,EQ,,,,,ICICI PRUD NIFTY ETF,274.59,275.60,273.63,274.23,274.24,275.60,,274.22,,,375591,103059030.28,8487,F1,1,,,,,
2026-08-27,2026-08-27,CM,NSE,STK,4378,INF346A01034,SENSEXIETF,EQ,,,,,ICICI PRUD SENSEX ETF,895.00,895.99,889.00,890.05,892.71,894.38,,890.06,,,6297,5606362.82,241,F1,1,,,,,
2026-08-27,2026-08-27,CM,NSE,STK,760407,INE346A01027,ICICIAMC,EQ,,,,,ICICI PRUDENTIAL AMC LTD,3099.70,3118.20,3060.70,3093.60,3093.00,3222.80,,3093.56,,,4775198,14747504232.60,141992,F1,1,,,,,
2026-08-27,2026-08-27,CM,NSE,STK,19679,INF109KC1NT3,GOLDIETF,EQ,,,,,ICICI PRUDENTIAL GOLD ETF,138.00,138.00,132.65,134.64,134.77,137.18,,134.64,,,9483961,1276563542.99,37487,F1,1,,,,,
2026-08-27,2026-08-27,CM,NSE,STK,17475,INF109KC11V0,NV20IETF,EQ,,,,,ICICI PRUDENTIAL NV20 ETF,13.63,13.66,13.51,13.58,13.53,13.63,,13.58,,,331517,4507070.82,1551,F1,1,,,,,
2026-08-27,2026-08-27,CM,NSE,STK,522,INF109KB15Y7,ICICIB22,EQ,,,,,ICICIPRAMC - BHARATIWIN,115.01,116.03,114.40,114.52,114.75,115.43,,114.52,,,429327,49234516.88,3153,F1,1,,,,,
2026-08-27,2026-08-27,CM,NSE,STK,30139,INF109K1A021,CASHIETF,EQ,,,,,ICICIPRAMC - CASHIETF,1077.02,1077.02,1077.00,1077.01,1077.00,1076.87,,1077.01,,,1788860,1926637773.74,142,F1,1,,,,,
2026-08-27,2026-08-27,CM,NSE,STK,755881,INF109K1A153,EVIETF,EQ,,,,,ICICIPRAMC - EVIETF,33.71,34.19,33.32,33.51,33.58,33.57,,33.51,,,123227,4124339.57,568,F1,1,,,,,
2026-08-27,2026-08-27,CM,NSE,STK,13143,INF109KC18O0,GSEC10IETF,EQ,,,,,ICICIPRAMC - ICICI10GS,266.15,266.15,263.52,263.52,263.52,265.75,,263.52,,,577,152058.93,4,F1,1,,,,,
2026-08-27,2026-08-27,CM,NSE,STK,3001,INF109KC1V59,BSE500IETF,EQ,,,,,ICICIPRAMC - ICICI500,39.94,40.03,39.55,39.69,39.68,39.94,,39.69,,,146764,5843838.48,1043,F1,1,,,,,
2026-08-27,2026-08-27,CM,NSE,STK,8342,INF109KC14A8,GSEC5IETF,EQ,,,,,ICICIPRAMC - ICICI5GSEC,66.65,66.91,66.13,66.80,66.80,66.64,,66.80,,,56133,3738123.20,26,F1,1,,,,,
2026-08-27,2026-08-27,CM,NSE,STK,22344,INF109KC17V7,ALPL30IETF,EQ,,,,,ICICIPRAMC - ICICIALPLV,27.96,28.41,27.78,28.04,28.07,28.12,,28.04,,,189711,5324628.66,783,F1,1,,,,,
2026-08-27,2026-08-27,CM,NSE,STK,7844,INF109KC10V2,AUTOIETF,EQ,,,,,ICICIPRAMC - ICICIAUTO,30.30,31.00,29.61,29.99,29.98,30.21,,29.99,,,356150,10680925.95,2025,F1,1,,,,,
2026-08-27,2026-08-27,CM,NSE,STK,11386,INF109KC18U7,PVTBANIETF,EQ,,,,,ICICIPRAMC - ICICIBANKP,28.04,28.23,28.02,28.12,28.17,28.04,,28.12,,,2224292,62567682.01,1221,F1,1,,,,,
2026-08-27,2026-08-27,CM,NSE,STK,13198,INF109KC19O8,COMMOIETF,EQ,,,,,ICICIPRAMC - ICICICOMMO,100.60,100.99,99.79,100.20,100.50,100.60,,100.13,,,16939,1697329.11,960,F1,1,,,,,
2026-08-27,2026-08-27,CM,NSE,STK,6446,INF109KC1V42,CONSUMIETF,EQ,,,,,ICICIPRAMC - ICICICONSU,124.29,124.37,123.58,124.16,124.22,124.48,,124.15,,,23135,2869595.77,450,F1,1,,,,,
2026-08-27,2026-08-27,CM,NSE,STK,5306,INF109KC19V3,FMCGIETF,EQ,,,,,ICICIPRAMC - ICICIFMCG,51.00,51.30,50.56,50.61,50.64,51.00,,50.61,,,1356833,68771810.99,5547,F1,1,,,,,
2026-08-27,2026-08-27,CM,NSE,STK,10723,INF109KC16E5,INFRAIETF,EQ,,,,,ICICIPRAMC - ICICIINFRA,97.06,97.06,95.07,95.30,95.50,96.07,,95.30,,,170745,16305923.12,4241,F1,1,,,,,
2026-08-27,2026-08-27,CM,NSE,STK,4838,INF109KC1KT9,LIQUIDIETF,EQ,,,,,ICICIPRAMC - ICICILIQ,999.99,1000.01,999.99,999.99,1000.00,999.99,,999.99,,,129308,129307826.81,145,F1,1,,,,,
2026-08-27,2026-08-27,CM,NSE,STK,17152,INF109KC11W8,MIDCAPIETF,EQ,,,,,ICICIPRAMC - ICICIM150,24.37,24.47,24.21,24.31,24.36,24.36,,24.31,,,515402,12544994.65,1900,F1,1,,,,,
2026-08-27,2026-08-27,CM,NSE,STK,10585,INF109KC17C7,MOM30IETF,EQ,,,,,ICICIPRAMC - ICICIMOM30,31.90,32.30,31.35,31.94,31.85,31.99,,31.94,,,484119,15481767.27,1314,F1,1,,,,,
2026-08-27,2026-08-27,CM,NSE,STK,4529,INF109KC1NS5,NEXT50IETF,EQ,,,,,ICICIPRAMC - ICICINXT50,78.66,79.00,78.15,78.56,78.68,78.67,,78.56,,,273381,21484453.37,3828,F1,1,,,,,
2026-08-27,2026-08-27,CM,NSE,STK,3626,INF109KC1Q72,HEALTHIETF,EQ,,,,,ICICIPRAMC - ICICIPHARM,169.46,171.90,169.46,171.49,171.21,171.17,,171.49,,,55939,9576244.33,1588,F1,1,,,,,
2026-08-27,2026-08-27,CM,NSE,STK,17808,INF109KC18V5,QUAL30IETF,EQ,,,,,ICICIPRAMC - ICICIQTY30,21.42,21.42,21.20,21.26,21.37,21.36,,21.26,,,241818,5134056.59,218,F1,1,,,,,
2026-08-27,2026-08-27,CM,NSE,STK,7942,INF109KC1Y56,SILVERIETF,EQ,,,,,ICICIPRAMC - ICICISILVE,239.18,239.20,233.81,236.30,236.10,240.40,,236.30,,,3023396,714814614.60,17940,F1,1,,,,,
2026-08-27,2026-08-27,CM,NSE,STK,22365,INF109KC16I6,ITIETF,EQ,,,,,ICICIPRAMC - ICICITECH,33.80,34.07,33.59,33.72,33.66,33.81,,33.72,,,210787,7104599.18,1438,F1,1,,,,,
2026-08-27,2026-08-27,CM,NSE,STK,764364,INF109K1A567,INSUREIETF,EQ,,,,,ICICIPRAMC - INSUREIETF,15.68,15.68,15.45,15.49,15.53,15.54,,15.49,,,489470,7594857.17,179,F1,1,,,,,
2026-08-27,2026-08-27,CM,NSE,STK,11037,INF109KC15I8,BANKIETF,EQ,,,,,ICICIPRAMC - IPRU5008,59.01,59.60,59.01,59.24,59.10,59.42,,59.23,,,228504,13557347.16,1241,F1,1,,,,,
2026-08-27,2026-08-27,CM,NSE,STK,24861,INF109KC19W1,METALIETF,EQ,,,,,ICICIPRAMC - METALIETF,13.72,14.02,13.47,13.49,13.55,13.68,,13.49,,,7213479,97928347.46,10948,F1,1,,,,,
2026-08-27,2026-08-27,CM,NSE,STK,24533,INF109KC18W3,OILIETF,EQ,,,,,ICICIPRAMC - OILIETF,11.32,11.37,11.25,11.26,11.29,11.32,,11.26,,,1001196,11302149.13,2106,F1,1,,,,,
2026-08-27,2026-08-27,CM,NSE,STK,14584,INF109KC10S8,PSUBNKIETF,EQ,,,,,ICICIPRAMC - PSUBANKICI,86.94,88.19,86.93,87.09,87.34,87.94,,87.09,,,63484,5546146.09,693,F1,1,,,,,
2026-08-27,2026-08-27,CM,NSE,STK,754612,INF109K1A476,SMALLIETF,EQ,,,,,ICICIPRAMC - SMALLIETF,18.56,18.56,18.44,18.51,18.47,18.50,,18.51,,,35823,662928.37,95,F1,1,,,,,
2026-08-27,2026-08-27,CM,NSE,STK,757781,INF109K1A344,TOP15IETF,EQ,,,,,ICICIPRAMC - TOP15IETF,10.02,10.02,9.89,9.91,9.95,9.98,,9.91,,,61915,613539.47,200,F1,1,,,,,
2026-08-27,2026-08-27,CM,NSE,STK,25851,INF109KC16X5,VAL30IETF,EQ,,,,,ICICIPRAMC - VAL30IETF,15.34,15.34,15.16,15.21,15.22,15.32,,15.21,,,200473,3047945.77,561,F1,1,,,,,
2026-08-27,2026-08-27,CM,NSE,STK,12578,INF109KC17L8,FINIETF,EQ,,,,,ICICIPRAMC-ICICIFIN,34.55,34.55,33.39,33.44,33.58,33.71,,33.46,,,211327,7077769.27,1074,F1,1,,,,,
2026-08-27,2026-08-27,CM,NSE,STK,14523,INE725G01011,ICRA,EQ,,,,,ICRA LIMITED,4909.20,4937.50,4821.10,4832.50,4821.10,4907.80,,4832.44,,,26070,126571930.50,5101,F1,1,,,,,
2026-08-27,2026-08-27,CM,NSE,STK,1476,INE008A01015,IDBI,EQ,,,,,IDBI BANK LIMITED,95.00,95.88,91.50,92.24,91.99,94.75,,92.26,,,17091152,1605341673.74,58660,F1,1,,,,,
2026-08-27,2026-08-27,CM,NSE,STK,17140,INE349Y01013,IDEAFORGE,EQ,,,,,IDEAFORGE TECHNO LTD,814.00,821.30,803.10,805.00,808.00,805.95,,804.85,,,156158,126709224.35,8233,F1,1,,,,,
2026-08-27,2026-08-27,CM,NSE,STK,11184,INE092T01019,IDFCFIRSTB,EQ,,,,,IDFC FIRST BANK LIMITED,84.40,84.88,83.72,83.80,83.80,84.40,,82.27,,,10079336,847519568.36,42880,F1,1,,,,,
2026-08-27,2026-08-27,CM,NSE,STK,1482,INE076C01018,IFBAGRO,EQ,,,,,IFB AGRO INDUSTRIES LTD,978.75,978.75,941.10,946.15,941.10,959.20,,946.19,,,4285,4085286.50,339,F1,1,,,,,
2026-08-27,2026-08-27,CM,NSE,STK,1485,INE559A01017,IFBIND,EQ,,,,,IFB INDUSTRIES LTD,1369.80,1372.00,1345.10,1351.60,1351.20,1369.80,,1351.59,,,22854,31031405.20,2326,F1,1,,,,,
2026-08-27,2026-08-27,CM,NSE,STK,1491,INE039A01010,IFCI,EQ,,,,,IFCI LTD,85.95,88.20,83.36,84.27,84.16,85.44,,84.27,,,44599176,3857196384.57,106261,F1,1,,,,,
2026-08-27,2026-08-27,CM,NSE,STK,436,INE133Y01011,IFGLEXPOR,EQ,,,,,IFGL REFRACTORIES LIMITED,215.01,218.79,211.00,212.96,212.06,215.01,,212.87,,,18285,3915085.56,933,F1,1,,,,,
2026-08-27,2026-08-27,CM,NSE,STK,759897,INE01XO07017,1225IFL27,N0,,,,,IFL 12.25% 2027,6311.40,6311.40,6100.00,6100.00,6100.00,6500.00,,6100.00,,,6,37393.76,4,F1,1,,,,,
2026-08-27,2026-08-27,CM,NSE,STK,760656,INE01XO07025,1225IFL28,N0,,,,,IFL 12.25% 2028,7400.00,7600.00,7400.00,7600.00,7600.00,7400.00,,7600.00,,,8,59400.00,3,F1,1,,,,,
2026-08-27,2026-08-27,CM,NSE,STK,634,INE188B01013,IGARASHI,EQ,,,,,IGARASHI MOTORS INDIA LTD,427.00,432.85,420.05,420.80,420.55,426.50,,420.80,,,49708,21076483.30,2221,F1,1,,,,,
2026-08-27,2026-08-27,CM,NSE,STK,761118,INE530B07633,865IIFL31,Y6,,,,,IIFL 8.65% TR I SR III,985.00,985.00,985.00,985.00,985.00,980.00,,985.00,,,5,4925.00,1,F1,1,,,,,
2026-08-27,2026-08-27,CM,NSE,STK,761119,INE530B07617,870IIFL28,Y7,,,,,IIFL 8.70% TR I SR IV,1035.09,1035.09,1035.09,1035.09,1035.09,1025.00,,1035.09,,,7,7245.63,1,F1,1,,,,,
2026-08-27,2026-08-27,CM,NSE,STK,761121,INE530B07609,9IIFL31,Y9,,,,,IIFL 9.00% TR I SR VI,998.10,998.10,998.10,998.10,998.10,1000.00,,998.10,,,11,10979.10,2,F1,1,,,,,
2026-08-27,2026-08-27,CM,NSE,STK,756144,INE530B07476,975IIFL28,Y0,,,,,IIFL 9.75% TR I SR VI,1042.81,1042.81,1042.81,1042.81,1042.81,1042.56,,1042.81,,,80,83424.80,1,F1,1,,,,,
2026-08-27,2026-08-27,CM,NSE,STK,13072,INE489L01022,IIFLCAPS,EQ,,,,,IIFL CAPITAL SERVICES LTD,336.30,339.20,333.80,334.40,333.80,336.40,,334.40,,,212029,71212971.30,7614,F1,1,,,,,
2026-08-27,2026-08-27,CM,NSE,STK,11809,INE530B01024,IIFL,EQ,,,,,IIFL FINANCE LIMITED,650.00,659.60,632.00,635.65,636.00,654.05,,635.64,,,2283168,1466792160.35,51410,F1,1,,,,,
2026-08-27,2026-08-27,CM,NSE,STK,761122,INE530B07583,IIFL060326,YA,,,,,IIFL TR I SR VII,1005.00,1010.00,1005.00,1010.00,1010.00,1005.00,,1010.00,,,120,120700.00,3,F1,1,,,,,
2026-08-27,2026-08-27,CM,NSE,STK,16822,INE0LOJ01019,IKIO,EQ,,,,,IKIO TECHNOLOGIES LIMITED,191.30,193.20,185.00,186.14,186.44,192.08,,186.14,,,119881,22545418.06,2756,F1,1,,,,,
2026-08-27,2026-08-27,CM,NSE,STK,9380,INE369I01014,IL&FSENGG,BZ,,,,,IL&FS ENG AND CONS CO LTD,36.00,36.00,34.80,35.55,35.55,35.06,,35.55,,,14849,522098.10,28,F1,1,,,,,
2026-08-27,2026-08-27,CM,NSE,STK,6711,INE050B01023,IVC,EQ,,,,,IL&FS INVESTMENT MANAGERS,8.18,8.49,8.02,8.39,8.44,8.07,,8.40,,,335741,2791156.69,968,F1,1,,,,,
2026-08-27,2026-08-27,CM,NSE,STK,9381,INE975G01012,IL&FSTRANS,BZ,,,,,IL&FS TRANS NET LTD,2.17,2.23,2.13,2.22,2.21,2.13,,2.24,,,36709,80762.31,67,F1,1,,,,,
2026-08-27,2026-08-27,CM,NSE,STK,7672,INE172N01012,IMAGICAA,EQ,,,,,IMAGICAAWORLD ENT LTD,50.10,60.21,50.05,60.21,60.21,50.18,,60.21,,,34242813,1998955907.90,101627,F1,1,,,,,
2026-08-27,2026-08-27,CM,NSE,STK,25881,INE691G01015,IMPEXFERRO,BZ,,,,,IMPEX FERRO TECH LIMITED,4.20,4.22,4.20,4.22,4.22,4.14,,4.34,,,13986,59000.90,13,F1,1,,,,,
2026-08-27,2026-08-27,CM,NSE,STK,17507,INE452L01012,INCREDIBLE,EQ,,,,,INCREDIBLE INDUSTRIES LTD,34.49,34.49,32.52,32.85,32.75,34.30,,32.85,,,3484,115936.82,56,F1,1,,,,,
2026-08-27,2026-08-27,CM,NSE,STK,12009,INE547E01014,IMPAL,EQ,,,,,IND MOTOR PART & ACC LTD,1089.50,1120.00,1089.50,1108.10,1101.50,1082.40,,1108.07,,,2325,2572925.10,306,F1,1,,,,,
2026-08-27,2026-08-27,CM,NSE,STK,4870,INE915B01019,INDSWFTLAB,EQ,,,,,IND SWIFT LABORATORIES LT,359.90,366.40,352.51,358.04,357.00,367.48,,358.04,,,694257,250090018.54,15155,F1,1,,,,,
2026-08-27,2026-08-27,CM,NSE,STK,21957,INE611L01021,INDTERRAIN,EQ,,,,,IND TERRAIN FASHIONS LTD,30.82,30.82,29.95,30.11,30.05,30.15,,30.11,,,10083,303381.22,74,F1,1,,,,,
2026-08-27,2026-08-27,CM,NSE,STK,16933,INE841B01017,INDBANK,EQ,,,,,INDBANK MERCH BANK,32.00,32.00,31.52,31.55,31.54,31.94,,31.42,,,25096,794482.20,213,F1,1,,,,,
2026-08-27,2026-08-27,CM,NSE,STK,29678,INE0O9T01021,BAJAJINDEF,EQ,,,,,INDEF MANUFACTURING LTD,227.50,233.70,227.50,228.85,227.52,229.65,,228.85,,,21154,4876584.98,568,F1,1,,,,,
2026-08-27,2026-08-27,CM,NSE,STK,23693,INE065X01017,INDGN,EQ,,,,,INDEGENE LIMITED,570.00,574.00,561.90,567.35,567.50,569.70,,567.35,,,464592,264183220.85,22972,F1,1,,,,,
2026-08-27,2026-08-27,CM,NSE,STK,1521,INE560A01023,INDIAGLYCO,EQ,,,,,INDIA GLYCOLS LTD,1190.00,1210.00,1182.20,1203.30,1198.90,1190.50,,1203.19,,,304427,364649472.90,27241,F1,1,,,,,
2026-08-27,2026-08-27,CM,NSE,STK,4747,INE092B01025,INDNIPPON,EQ,,,,,INDIA NIPPON ELECT  LTD,1066.10,1082.90,1056.00,1062.20,1063.00,1066.10,,1062.20,,,9885,10574757.60,1104,F1,1,,,,,
2026-08-27,2026-08-27,CM,NSE,STK,4934,INE0D6701023,IPL,EQ,,,,,INDIA PESTICIDES LIMITED,140.47,141.26,137.02,137.79,137.11,140.47,,137.64,,,124420,17268346.08,1873,F1,1,,,,,
2026-08-27,2026-08-27,CM,NSE,STK,20556,INE922K01024,INDIASHLTR,EQ,,,,,INDIA SHELTER FIN CORP L,660.00,662.45,647.15,650.30,650.05,659.00,,650.30,,,115418,75548011.10,5599,F1,1,,,,,
2026-08-27,2026-08-27,CM,NSE,STK,19299,INE353K01014,ITDC,EQ,,,,,INDIA TOUR. DEV. CO. LTD.,685.00,686.95,657.00,659.35,657.00,684.05,,659.36,,,75324,50328399.60,7304,F1,1,,,,,
2026-08-27,2026-08-27,CM,NSE,STK,24999,INE126M01010,IBULLSLTD,EQ,,,,,INDIABULLS LIMITED,27.00,27.11,25.92,26.11,26.21,27.03,,26.11,,,9006870,238118321.26,13426,F1,1,,,,,
2026-08-27,2026-08-27,CM,NSE,STK,10726,INE933S01016,INDIAMART,EQ,,,,,INDIAMART INTERMESH LTD,1750.50,1770.90,1744.10,1755.40,1759.80,1751.90,,1755.38,,,106982,188370448.50,9727,F1,1,,,,,
2026-08-27,2026-08-27,CM,NSE,STK,14309,INE562A01011,INDIANB,EQ,,,,,INDIAN BANK,891.95,896.15,875.35,884.40,884.40,889.00,,884.40,,,596643,528131507.70,18821,F1,1,,,,,
2026-08-27,2026-08-27,CM,NSE,STK,4422,INE061A01014,INDIANCARD,EQ,,,,,INDIAN CARD CLOTHING CO.,212.80,212.99,207.38,208.03,208.00,208.67,,208.03,,,2682,562868.49,85,F1,1,,,,,
2026-08-27,2026-08-27,CM,NSE,STK,23789,INE0RRU01016,IEML,SM,,,,,INDIAN EMULSIFIERS LTD,43.40,44.50,42.40,44.10,44.20,43.80,,44.10,,,31500,1378325.00,37,F1,500,,,,,
2026-08-27,2026-08-27,CM,NSE,STK,220,INE022Q01020,IEX,EQ,,,,,INDIAN ENERGY EXC LTD,122.00,122.95,121.65,122.00,122.00,122.00,,122.00,,,2063529,252251019.47,30386,F1,1,,,,,
2026-08-27,2026-08-27,CM,NSE,STK,1530,INE323C01030,INDIANHUME,EQ,,,,,INDIAN HUME PIPE CO. LTD.,394.40,394.40,389.30,390.85,391.00,392.80,,390.84,,,11045,4314324.95,603,F1,1,,,,,
2026-08-27,2026-08-27,CM,NSE,STK,19235,INE919H01018,IMFA,EQ,,,,,INDIAN METALS & FERRO,1380.80,1404.40,1363.00,1367.90,1370.00,1380.50,,1367.90,,,74662,102987730.60,8100,F1,1,,,,,
2026-08-27,2026-08-27,CM,NSE,STK,1624,INE242A01010,IOC,EQ,,,,,INDIAN OIL CORP LTD,139.37,139.48,136.69,137.57,137.57,139.48,,137.58,,,6190652,852144517.09,41463,F1,1,,,,,
2026-08-27,2026-08-27,CM,NSE,STK,9348,INE565A01014,IOB,EQ,,,,,INDIAN OVERSEAS BANK,33.20,33.23,32.80,32.90,32.99,33.10,,32.90,,,1798508,59273204.72,9870,F1,1,,,,,
2026-08-27,2026-08-27,CM,NSE,STK,25033,INE0DHF01018,IPHL,SM,,,,,INDIAN PHOSPHATE LIMITED,75.75,75.90,73.60,74.35,74.95,79.25,,74.35,,,18000,1347480.00,14,F1,1200,,,,,
2026-08-27,2026-08-27,CM,NSE,STK,13611,INE335Y01020,IRCTC,EQ,,,,,INDIAN RAIL TOUR CORP LTD,491.75,492.50,486.00,487.55,486.50,491.75,,487.50,,,581723,284165569.85,25172,F1,1,,,,,
2026-08-27,2026-08-27,CM,NSE,STK,2029,INE053F01010,IRFC,EQ,,,,,INDIAN RAILWAY FIN CORP L,85.70,86.16,84.50,84.65,84.65,85.70,,84.65,,,7178981,611292776.68,45050,F1,1,,,,,
2026-08-27,2026-08-27,CM,NSE,STK,20261,INE202E01016,IREDA,EQ,,,,,INDIAN RENEWABLE ENERGY,118.10,118.40,116.30,117.40,117.40,118.80,,117.37,,,4163114,488028551.25,24867,F1,1,,,,,
2026-08-27,2026-08-27,CM,NSE,STK,762727,INE586E01020,IWP,EQ,,,,,INDIAN WOOD PRODUCTS CO L,34.10,35.20,34.00,34.95,34.95,35.23,,34.95,,,4327,150928.87,41,F1,1,,,,,
2026-08-27,2026-08-27,CM,NSE,STK,2048,INE09VQ01012,INDIGOPNTS,EQ,,,,,INDIGO PAINTS LIMITED,1196.00,1196.00,1165.30,1170.20,1176.00,1186.10,,1169.93,,,70872,83754155.70,10440,F1,1,,,,,
2026-08-27,2026-08-27,CM,NSE,STK,20988,INE219X23014,INDIGRID,IV,,,,,INDIGRID INFRASTRUCT TRST,175.84,175.84,174.10,174.83,175.00,174.63,,174.83,,,482542,84280001.44,7340,F1,1,,,,,
2026-08-27,2026-08-27,CM,NSE,STK,757845,INE06ST01018,INDIQUBE,EQ,,,,,INDIQUBE SPACES LIMITED,193.99,193.99,188.50,191.06,190.00,191.96,,191.07,,,205256,38982577.43,3940,F1,1,,,,,
2026-08-27,2026-08-27,CM,NSE,STK,9120,INE760F01028,INDOAMIN,BE,,,,,INDO AMINES LIMITED,120.00,122.70,120.00,120.20,120.20,121.17,,120.24,,,21755,2619292.93,257,F1,1,,,,,
2026-08-27,2026-08-27,CM,NSE,STK,8614,INE803D01021,INDOBORAX,EQ,,,,,INDO BORAX & CHEMICAL LTD,505.70,516.95,498.10,503.00,501.60,505.70,,503.00,,,142026,71897871.00,7188,F1,1,,,,,
2026-08-27,2026-08-27,CM,NSE,STK,11987,INE483B01026,ICIL,EQ,,,,,INDO COUNT INDUSTRIES LTD,426.00,432.70,420.55,423.40,426.00,425.60,,423.40,,,280466,119188080.25,10751,F1,1,,,,,
2026-08-27,2026-08-27,CM,NSE,STK,29025,INE622H01018,INDOFARM,EQ,,,,,INDO FARM EQUIPMENT LTD,139.00,143.29,138.00,138.24,138.02,139.67,,138.24,,,71355,9999918.25,1674,F1,1,,,,,
2026-08-27,2026-08-27,CM,NSE,STK,10993,INE156A01020,INDORAMA,EQ,,,,,INDO RAMA SYNTHETICS LTD,61.56,64.98,61.21,63.87,63.45,61.22,,63.86,,,532500,33839887.08,4731,F1,1,,,,,
2026-08-27,2026-08-27,CM,NSE,STK,13275,INE332H01014,INDOTECH,EQ,,,,,INDO TECH TRANSFORM LTD.,3730.00,3844.00,3677.00,3712.20,3728.00,3745.90,,3712.73,,,17022,64013617.90,2934,F1,1,,,,,
2026-08-27,2026-08-27,CM,NSE,STK,25608,INE337M01021,INDOTHAI,EQ,,,,,INDO THAI SEC LTD,48.61,48.61,48.61,48.61,48.61,51.16,,48.61,,,200129,9728270.69,1014,F1,1,,,,,
2026-08-27,2026-08-27,CM,NSE,STK,25503,INE250Z01010,INDOUS,EQ,,,,,INDO US BIOTECH LTD,80.96,83.46,80.05,80.79,80.06,80.96,,80.79,,,4183,338847.14,80,F1,1,,,,,
2026-08-27,2026-08-27,CM,NSE,STK,764301,INE084101034,INDOMIM,EQ,,,,,INDO-MIM LIMITED,893.00,924.45,871.20,877.50,877.00,895.75,,877.52,,,1723758,1546108131.00,48199,F1,1,,,,,
2026-08-27,2026-08-27,CM,NSE,STK,6782,INE567A01028,NIPPOBATRY,EQ,,,,,INDO-NATIONAL LIMITED,320.00,333.95,320.00,327.35,327.00,325.45,,327.35,,,1244,408793.05,108,F1,1,,,,,
2026-08-27,2026-08-27,CM,NSE,STK,11677,INE873D01024,INDOCO,EQ,,,,,INDOCO REMEDIES LTD.,238.94,246.00,237.00,242.53,242.41,238.94,,242.52,,,174592,42255615.78,4315,F1,1,,,,,
2026-08-27,2026-08-27,CM,NSE,STK,757801,INE05J901018,IGCL,EQ,,,,,INDOGULF CROPSCIENCES LTD,71.96,72.58,71.20,72.24,72.00,72.46,,72.24,,,69100,4978457.18,518,F1,1,,,,,
2026-08-27,2026-08-27,CM,NSE,STK,764708,INE716F01012,INDOKEM,EQ,,,,,INDOKEM LTD.,607.00,635.00,607.00,610.85,607.50,624.00,,611.48,,,1758,1079612.85,156,F1,1,,,,,
2026-08-27,2026-08-27,CM,NSE,STK,19955,INE866K01023,WAAREEINDO,EQ,,,,,INDOSOLAR LIMITED,275.15,277.00,271.00,272.90,274.70,275.15,,272.88,,,55525,15195253.40,1507,F1,1,,,,,
2026-08-27,2026-08-27,CM,NSE,STK,3088,INE896L01010,INDOSTAR,EQ,,,,,INDOSTAR CAPITAL FIN LTD,259.50,259.50,248.40,255.05,255.00,259.50,,255.05,,,168538,42681682.95,1861,F1,1,,,,,
2026-08-27,2026-08-27,CM,NSE,STK,14952,INE227G01018,INDOWIND,EQ,,,,,INDOWIND ENERGY LTD,9.37,9.44,9.08,9.21,9.30,9.34,,9.23,,,83274,769147.69,319,F1,1,,,,,
2026-08-27,2026-08-27,CM,NSE,STK,11262,INE203G01027,IGL,EQ,,,,,INDRAPRASTHA GAS LTD,148.72,149.34,146.22,147.17,146.90,148.72,,147.17,,,1043160,154143037.59,19784,F1,1,,,,,
2026-08-27,2026-08-27,CM,NSE,STK,4751,INE681B01017,INDRAMEDCO,EQ,,,,,INDRAPRASTHA MEDICAL CORP,368.10,371.95,366.25,369.30,368.25,369.30,,369.28,,,89754,33133173.90,3142,F1,1,,,,,
2026-08-27,2026-08-27,CM,NSE,STK,23036,INE0NHL23019,INDUSINVIT,IV,,,,,INDUS INFRA TRUST,133.55,135.20,133.55,134.28,134.30,134.52,,134.49,,,67916,9122176.33,3897,F1,1,,,,,
2026-08-27,2026-08-27,CM,NSE,STK,29135,INE121J01017,INDUSTOWER,EQ,,,,,INDUS TOWERS LIMITED,379.95,384.20,374.30,379.95,379.95,377.70,,379.95,,,9414509,3557774451.30,38472,F1,1,,,,,
2026-08-27,2026-08-27,CM,NSE,STK,5258,INE095A01012,INDUSINDBK,EQ,,,,,INDUSIND BANK LIMITED,1004.00,1005.30,994.50,1002.90,1002.90,1004.00,,984.75,,,1187891,1187272551.50,35835,F1,1,,,,,
2026-08-27,2026-08-27,CM,NSE,STK,762717,INE620D01011,INDPRUD,EQ,,,,,INDUSTRIAL & PRU INV CO L,6300.00,6300.00,6180.00,6200.00,6200.00,6220.50,,6207.69,,,22,136480.00,9,F1,1,,,,,
2026-08-27,2026-08-27,CM,NSE,STK,19525,INE886A01014,IITL,EQ,,,,,INDUSTRIAL INV TRUST LTD,156.49,162.00,155.00,159.91,161.79,155.57,,160.00,,,106801,16900648.32,1249,F1,1,,,,,
2026-08-27,2026-08-27,CM,NSE,STK,15036,INE0MRE01011,INFINIUM,SM,,,,,INFINIUM PHARMACHEM LTD,276.50,282.90,254.00,264.00,264.00,268.70,,264.00,,,40500,10834875.00,74,F1,500,,,,,
2026-08-27,2026-08-27,CM,NSE,STK,757602,INE0MYZ01012,INFLUX,SM,,,,,INFLUX HEALTHTECH LIMITED,300.20,303.00,296.00,300.15,303.00,302.40,,300.15,,,24600,7380210.00,34,F1,600,,,,,
2026-08-27,2026-08-27,CM,NSE,STK,13751,INE663F01032,NAUKRI,EQ,,,,,INFO EDGE (I) LTD,1319.60,1345.60,1318.00,1330.00,1330.00,1323.50,,1330.00,,,982905,1312005269.50,41351,F1,1,,,,,
2026-08-27,2026-08-27,CM,NSE,STK,11027,INE344S01016,INFOBEAN,EQ,,,,,INFOBEANS TECHNO. LTD.,154.80,159.20,154.26,154.65,155.00,155.54,,154.66,,,133984,20806053.15,1885,F1,1,,,,,
2026-08-27,2026-08-27,CM,NSE,STK,16588,INE0NNZ01013,INFOLLION,SM,,,,,INFOLLION RESEARCH SER L,157.55,159.90,157.55,159.90,159.90,157.55,,159.90,,,2800,445720.00,7,F1,400,,,,,
2026-08-27,2026-08-27,CM,NSE,STK,13693,INE669A01022,INFOMEDIA,EQ,,,,,INFOMEDIA PRESS LIMITED,5.06,5.37,5.05,5.11,5.10,5.22,,5.11,,,14910,76547.61,64,F1,1,,,,,
2026-08-27,2026-08-27,CM,NSE,STK,1594,INE009A01021,INFY,EQ,,,,,INFOSYS LIMITED,1120.00,1130.70,1107.20,1110.80,1110.80,1120.00,,1109.48,,,6933998,7714183978.30,132760,F1,1,,,,,
2026-08-27,2026-08-27,CM,NSE,STK,1597,INE177A01018,INGERRAND,EQ,,,,,INGERSOLL-RAND INDIA LTD,4581.00,4648.30,4560.00,4609.40,4622.00,4576.70,,4609.31,,,14940,68904391.60,3009,F1,1,,,,,
2026-08-27,2026-08-27,CM,NSE,STK,25323,INE0S1D01010,INNOMET,ST,,,,,INNOMET ADVANCED MATERI L,250.95,250.95,250.95,250.95,250.95,246.05,,250.95,,,6600,1656270.00,9,F1,600,,,,,
2026-08-27,2026-08-27,CM,NSE,STK,21062,INE0DUT01020,INNOVACAP,EQ,,,,,INNOVA CAPTAB LIMITED,1026.00,1039.35,1011.00,1021.55,1018.00,1031.25,,1021.54,,,47647,48884265.05,6597,F1,1,,,,,
2026-08-27,2026-08-27,CM,NSE,STK,27754,INE403Y01018,INNOVANA,EQ,,,,,INNOVANA THINKLABS LTD,317.05,319.90,309.30,313.60,316.95,316.90,,313.38,,,1647,520639.90,55,F1,1,,,,,
2026-08-27,2026-08-27,CM,NSE,STK,761528,INE0ADB01012,INNOVISION,EQ,,,,,INNOVISION LIMITED,252.00,258.00,251.05,251.40,251.55,254.80,,251.41,,,13867,3500662.55,973,F1,1,,,,,
2026-08-27,2026-08-27,CM,NSE,STK,12188,INE510W01014,INOXGREEN,EQ,,,,,INOX GREEN ENERGY SER LTD,174.48,174.59,170.60,172.18,170.80,174.48,,172.17,,,1810872,311524614.66,8740,F1,1,,,,,
2026-08-27,2026-08-27,CM,NSE,STK,20607,INE616N01034,INOXINDIA,EQ,,,,,INOX INDIA LIMITED,1935.90,2224.00,1916.90,2177.90,2160.30,1926.70,,2178.26,,,4484559,9511978068.40,252469,F1,1,,,,,
2026-08-27,2026-08-27,CM,NSE,STK,7852,INE066P01011,INOXWIND,EQ,,,,,INOX WIND LIMITED,73.45,73.70,71.41,72.00,72.00,73.20,,72.00,,,12554597,905561712.81,52482,F1,1,,,,,
2026-08-27,2026-08-27,CM,NSE,STK,14657,INE070I01018,INSECTICID,EQ,,,,,INSECTICIDES (I) LTD,579.50,585.00,564.40,567.10,567.00,579.50,,567.07,,,75819,43410432.75,3548,F1,1,,,,,
2026-08-27,2026-08-27,CM,NSE,STK,761099,INE0LGX01024,INA,EQ,,,,,INSOLATION ENERGY LIMITED,93.64,94.17,90.00,90.55,90.85,93.21,,90.55,,,979655,89575854.18,6995,F1,1,,,,,
2026-08-27,2026-08-27,CM,NSE,STK,13734,INE020G01017,INSPIRISYS,BE,,,,,INSPIRISYS SOLUTIONS LTD,90.00,90.00,87.00,88.36,89.45,88.48,,88.36,,,1517,133488.52,33,F1,1,,,,,
2026-08-27,2026-08-27,CM,NSE,STK,30323,INE418N01035,ESSENTIA,EQ,,,,,INTEGRA ESSENTIA LIMITED,1.09,1.12,1.03,1.03,1.04,1.08,,1.03,,,10836008,11364169.75,1919,F1,1,,,,,
2026-08-27,2026-08-27,CM,NSE,STK,11903,INE02EE01019,IPSL,SM,,,,,INTEGRATED PERSO SER LTD,216.00,216.00,216.00,216.00,216.00,216.00,,216.00,,,500,108000.00,1,F1,500,,,,,
2026-08-27,2026-08-27,CM,NSE,STK,757905,INE0YSH01017,INTEGRITY,ST,,,,,INTEGRITY INFRABUILD DE L,159.75,159.75,159.75,159.75,159.75,165.00,,159.75,,,1200,191700.00,1,F1,1200,,,,,
2026-08-27,2026-08-27,CM,NSE,STK,5926,INE306R01017,INTELLECT,EQ,,,,,INTELLECT DESIGN ARENA,685.65,687.00,674.65,678.30,675.00,684.00,,678.27,,,183882,125246804.80,15705,F1,1,,,,,
2026-08-27,2026-08-27,CM,NSE,STK,20071,INE781A01025,INTENTECH,EQ,,,,,INTENSE TECHNOLOGIES LTD,81.86,82.98,81.45,82.05,82.68,82.92,,82.05,,,8344,684821.10,306,F1,1,,,,,
2026-08-27,2026-08-27,CM,NSE,STK,24909,INE00M901018,INTERARCH,EQ,,,,,INTERARCH BLDNG SOLTN LTD,1691.20,1703.40,1672.00,1685.60,1690.00,1691.20,,1685.51,,,29383,49576749.10,3276,F1,1,,,,,
2026-08-27,2026-08-27,CM,NSE,STK,11195,INE646L01027,INDIGO,EQ,,,,,INTERGLOBE AVIATION LTD,5255.00,5258.50,5178.00,5189.00,5189.00,5250.50,,5183.32,,,352677,1837107908.00,34224,F1,1,,,,,
2026-08-27,2026-08-27,CM,NSE,STK,5606,INE575C01027,INTLCONV,EQ,,,,,INTL CONVEYORS LIMITED,77.48,77.50,76.21,76.92,77.50,76.72,,76.92,,,30038,2313747.80,930,F1,1,,,,,
2026-08-27,2026-08-27,CM,NSE,STK,28378,INE0Q9301021,IGIL,EQ,,,,,INTL GEMOLOGICAL INST LTD,349.20,349.20,339.40,343.55,343.50,347.85,,343.53,,,263451,90418693.15,14622,F1,1,,,,,
2026-08-27,2026-08-27,CM,NSE,STK,18479,INE566K01011,ISFT,EQ,,,,,INTRASOFT TECH. LTD,92.89,97.00,92.72,95.17,94.49,96.68,,95.16,,,132402,12463113.94,1023,F1,1,,,,,
2026-08-27,2026-08-27,CM,NSE,STK,24870,INE878H01024,INVENTURE,EQ,,,,,INVENTURE GRO & SEC LTD,0.98,0.99,0.96,0.97,0.96,0.97,,0.97,,,993529,969220.76,499,F1,1,,,,,
2026-08-27,2026-08-27,CM,NSE,STK,28125,INE115Q01022,IKS,EQ,,,,,INVENTURUS KNOWLEDGE SO L,1741.40,1771.00,1724.00,1750.60,1750.60,1741.40,,1750.62,,,180738,316171384.90,20007,F1,1,,,,,
2026-08-27,2026-08-27,CM,NSE,STK,18292,INF205KA1BP1,IVZINGOLD,EQ,,,,,INVESCO INDIA GOLD ETF,139.65,139.65,135.35,136.75,137.00,139.65,,136.75,,,12054,1645849.60,300,F1,1,,,,,
2026-08-27,2026-08-27,CM,NSE,STK,24217,INF205KA1CC7,IVZINNIFTY,EQ,,,,,INVESCO INDIA NIFTY ETF,278.59,278.59,276.17,277.01,277.55,278.20,,277.01,,,153,42506.17,25,F1,1,,,,,
2026-08-27,2026-08-27,CM,NSE,STK,762725,INE155E01016,INVPRECQ,BE,,,,,INVESTMENT & PREC CAST L,1280.00,1285.00,1269.10,1285.00,1285.00,1285.00,,1288.55,,,3234,4142382.80,59,F1,1,,,,,
2026-08-27,2026-08-27,CM,NSE,STK,20413,INE485C01029,IOLCP,EQ,,,,,IOL CHEM AND PHARMA LTD,187.70,195.64,184.21,193.07,193.00,186.01,,193.07,,,10366009,1975753475.33,81096,F1,1,,,,,
2026-08-27,2026-08-27,CM,NSE,STK,1630,INE570A01022,IONEXCHANG,EQ,,,,,ION EXCHANGE (INDIA) LTD,373.05,377.95,369.30,376.00,375.65,371.05,,375.98,,,218431,81802538.80,8215,F1,1,,,,,
2026-08-27,2026-08-27,CM,NSE,STK,764713,INE558A01019,IPRINGLTD,EQ,,,,,IP RINGS LTD.,149.87,149.87,138.51,138.64,138.51,148.39,,138.64,,,4545,645980.34,114,F1,1,,,,,
2026-08-27,2026-08-27,CM,NSE,STK,1633,INE571A01038,IPCALAB,EQ,,,,,IPCA LABORATORIES LTD,1954.80,1970.30,1947.30,1959.80,1960.70,1952.40,,1959.78,,,122184,238869451.30,15181,F1,1,,,,,
2026-08-27,2026-08-27,CM,NSE,STK,15313,INE821I01022,IRB,EQ,,,,,IRB INFRA DEV LTD.,19.52,19.63,19.12,19.32,19.24,19.46,,19.32,,,7026959,136447067.16,19789,F1,1,,,,,
2026-08-27,2026-08-27,CM,NSE,STK,20817,INE183W23014,IRBINVIT,IV,,,,,IRB INVIT FUND,63.75,63.75,63.26,63.67,63.70,63.39,,63.66,,,646370,40961953.24,3659,F1,1,,,,,
2026-08-27,2026-08-27,CM,NSE,STK,4986,INE962Y01021,IRCON,EQ,,,,,IRCON INTERNATIONAL LTD,124.05,125.92,122.10,123.04,122.90,124.05,,123.05,,,1788487,222176977.98,17896,F1,1,,,,,
2026-08-27,2026-08-27,CM,NSE,STK,1391,INE202E07138,880IREDA29,N5,,,,,IREDA 8.80NCDTR I SR II B,1118.50,1118.50,1118.25,1118.25,1118.25,1118.57,,1113.65,,,27,30196.50,6,F1,1,,,,,
2026-08-27,2026-08-27,CM,NSE,STK,2275,INE01GN01025,IRISDOREME,EQ,,,,,IRIS CLOTHINGS LIMITED,57.61,58.18,56.66,57.93,57.70,57.85,,57.93,,,2582866,148091727.09,5122,F1,1,,,,,
2026-08-27,2026-08-27,CM,NSE,STK,6489,INE864K01010,IRIS,EQ,,,,,IRIS REGTECH SOLUTION LTD,235.00,247.35,235.00,235.68,238.90,237.61,,235.68,,,15317,3661620.74,618,F1,1,,,,,
2026-08-27,2026-08-27,CM,NSE,STK,19597,INE07U701015,IRMENERGY,EQ,,,,,IRM ENERGY LIMITED,289.00,291.45,281.70,283.10,282.50,287.50,,283.10,,,38894,11066668.10,1446,F1,1,,,,,
2026-08-27,2026-08-27,CM,NSE,STK,760991,INE413U07467,925ISF29,N0,,,,,ISF 9.25% 2029 SR B,9901.00,9901.00,9901.00,9901.00,9901.00,9832.00,,9901.00,,,3,29703.00,1,F1,1,,,,,
2026-08-27,2026-08-27,CM,NSE,STK,756069,INE413U07392,950ISF27A,N0,,,,,ISF 9.50% 2027,99429.00,99429.00,99429.00,99429.00,99429.00,99429.00,,99429.00,,,1,99429.00,1,F1,1,,,,,
2026-08-27,2026-08-27,CM,NSE,STK,757708,INE413U07426,950ISF27C,N0,,,,,ISF 9.50% 2027,9915.00,9915.00,9915.00,9915.00,9915.00,9938.83,,9915.00,,,5,49575.00,1,F1,1,,,,,
2026-08-27,2026-08-27,CM,NSE,STK,757890,INE413U07418,975ISF28,N0,,,,,ISF 9.75% NCD 2028,99050.56,99050.56,99050.56,99050.56,99050.56,99021.74,,99050.56,,,3,297151.68,2,F1,1,,,,,
2026-08-27,2026-08-27,CM,NSE,STK,3329,INE858B01029,ISGEC,EQ,,,,,ISGEC HEAVY ENG LTD,773.90,783.00,759.30,780.40,780.05,769.30,,780.40,,,47827,36958862.95,9794,F1,1,,,,,
2026-08-27,2026-08-27,CM,NSE,STK,30249,INE561M01018,ISHANCH,EQ,,,,,ISHAN DYES N CHEMICALS L,44.40,44.90,43.00,44.00,44.90,43.23,,43.97,,,16067,701860.37,315,F1,1,,,,,
2026-08-27,2026-08-27,CM,NSE,STK,10995,INE0LCW01025,ISHAN,SM,,,,,ISHAN INTERNATIONAL LTD,0.55,0.55,0.55,0.55,0.55,0.55,,0.55,,,144000,79200.00,3,F1,48000,,,,,
2026-08-27,2026-08-27,CM,NSE,STK,22645,INE0R7R01018,ITALIANE,SM,,,,,ITALIAN EDIBLES LIMITED,33.90,34.40,33.90,34.40,34.40,32.85,,34.40,,,18000,617200.00,9,F1,2000,,,,,
2026-08-27,2026-08-27,CM,NSE,STK,29251,INE379A01028,ITCHOTELS,EQ,,,,,ITC HOTELS LIMITED,166.78,167.63,163.92,164.16,164.30,166.67,,164.17,,,938238,154768359.62,18467,F1,1,,,,,
2026-08-27,2026-08-27,CM,NSE,STK,1660,INE154A01025,ITC,EQ,,,,,ITC LTD,269.50,271.25,268.00,269.00,269.00,270.25,,267.91,,,8834890,2378495713.45,167184,F1,1,,,,,
2026-08-27,2026-08-27,CM,NSE,STK,1675,INE248A01017,ITI,EQ,,,,,ITI LTD,277.20,278.80,274.60,275.20,275.40,278.55,,275.20,,,94943,26251021.30,3406,F1,1,,,,,
2026-08-27,2026-08-27,CM,NSE,STK,764723,INE478D01014,ITL,EQ,,,,,ITL INDUSTRIES LTD.,356.00,372.00,354.95,367.20,367.20,364.00,,367.20,,,2562,929228.35,167,F1,1,,,,,
2026-08-27,2026-08-27,CM,NSE,STK,759041,INE056801025,IVALUE,EQ,,,,,IVALUE INFOSOLUTIONS LTD,271.35,276.90,271.35,274.75,275.00,271.50,,274.75,,,210554,57659181.65,3767,F1,1,,,,,
2026-08-27,2026-08-27,CM,NSE,STK,8857,INE043C01018,IVP,BE,,,,,IVP LIMITED,187.55,193.85,187.00,191.77,193.00,186.42,,191.88,,,22262,4263064.21,216,F1,1,,,,,
2026-08-27,2026-08-27,CM,NSE,STK,757644,INE1AII01014,IWARE,ST,,,,,IWARE SUPPLYCHAIN SER LTD,435.40,445.00,430.10,445.00,445.00,437.10,,445.00,,,9600,4201110.00,16,F1,600,,,,,
2026-08-27,2026-08-27,CM,NSE,STK,14174,INE848A01014,IZMO,EQ,,,,,IZMO LIMITED,858.55,861.65,825.20,829.60,826.75,856.85,,830.03,,,68003,56977841.05,7332,F1,1,,,,,
2026-08-27,2026-08-27,CM,NSE,STK,5633,INE168A01041,J&KBANK,EQ,,,,,J & K BANK LTD.,152.20,153.87,151.45,152.17,152.20,152.04,,152.17,,,1374401,209435341.47,15438,F1,1,,,,,
2026-08-27,2026-08-27,CM,NSE,STK,23056,INE0MB501011,JGCHEM,EQ,,,,,J.G.CHEMICALS LIMITED,603.90,606.80,582.70,585.50,583.60,597.95,,585.42,,,92153,54456560.70,5020,F1,1,,,,,
2026-08-27,2026-08-27,CM,NSE,STK,13211,INE199G01027,JAGRAN,EQ,,,,,JAGRAN PRAKASHAN LIMITED,62.09,62.19,61.48,61.68,62.18,61.74,,61.68,,,106545,6570254.88,1496,F1,1,,,,,
2026-08-27,2026-08-27,CM,NSE,STK,4410,INE048B01035,JAGSNPHARM,EQ,,,,,JAGSONPAL PHARMACEUTICALS,242.00,242.66,235.10,236.99,239.00,242.20,,237.02,,,66137,15797997.68,2199,F1,1,,,,,
2026-08-27,2026-08-27,CM,NSE,STK,11256,INE091G01026,JAIBALAJI,EQ,,,,,JAI BALAJI INDUSTRIES LTD,70.00,71.90,69.16,70.16,70.50,68.58,,70.16,,,1576419,111807119.37,6089,F1,1,,,,,
2026-08-27,2026-08-27,CM,NSE,STK,5143,INE070D01027,JAICORPLTD,EQ,,,,,JAI CORP LIMITED,102.00,102.40,99.47,100.10,100.33,101.98,,100.10,,,279623,28130194.88,2559,F1,1,,,,,
2026-08-27,2026-08-27,CM,NSE,STK,25684,IN9175A01010,JISLDVREQS,EQ,,,,,JAIN DVR EQUITY SHARES,21.95,21.97,20.92,21.13,21.00,21.61,,21.35,,,51960,1106086.11,256,F1,1,,,,,
2026-08-27,2026-08-27,CM,NSE,STK,10397,INE175A01038,JISLJALEQS,EQ,,,,,JAIN IRRIGATION SYSTEMS,30.49,31.00,29.47,29.69,29.65,30.07,,29.69,,,4772124,145116119.47,11832,F1,1,,,,,
2026-08-27,2026-08-27,CM,NSE,STK,759244,INE0YD401026,JAINREC,EQ,,,,,JAIN RESOURCE RECYCLING L,289.55,291.80,283.10,285.05,284.05,289.10,,285.06,,,746344,213521555.40,21799,F1,1,,,,,
2026-08-27,2026-08-27,CM,NSE,STK,758303,INE0XIL01012,JAINIK,SM,,,,,JAINIK POWER CABLES LTD,214.00,214.00,203.00,205.00,205.00,212.10,,205.00,,,8400,1739400.00,7,F1,1200,,,,,
2026-08-27,2026-08-27,CM,NSE,STK,11763,INE351F01018,JPPOWER,EQ,,,,,JAIPRAKASH POWER VEN. LTD,17.02,17.13,16.89,16.92,16.93,16.98,,16.92,,,19664574,333145126.72,94946,F1,1,,,,,
2026-08-27,2026-08-27,CM,NSE,STK,20930,INE349X01015,JALAN,ST,,,,,JALAN TRANSOLU. INDIA LTD,1.90,1.90,1.90,1.90,1.90,1.90,,1.90,,,3000,5700.00,1,F1,3000,,,,,
2026-08-27,2026-08-27,CM,NSE,STK,20778,INE039C01032,JAMNAAUTO,EQ,,,,,JAMNA AUTO IND LTD,121.09,121.50,119.52,119.88,119.89,120.96,,119.88,,,660513,79590659.25,6978,F1,1,,,,,
2026-08-27,2026-08-27,CM,NSE,STK,22663,INE953L01027,JSFB,EQ,,,,,JANA SMALL FIN BANK LTD,551.60,558.00,538.60,544.55,542.00,547.10,,544.53,,,1278810,700271117.40,32162,F1,1,,,,,
2026-08-27,2026-08-27,CM,NSE,STK,759951,INE00YJ01010,JARO,EQ,,,,,JARO INS OF TEC MG N RE L,465.00,468.00,458.10,463.15,465.90,461.10,,463.16,,,124691,57719771.05,3351,F1,1,,,,,
2026-08-27,2026-08-27,CM,NSE,STK,13982,INE039O01029,JASH,EQ,,,,,JASH ENGINEERING LIMITED,489.70,492.20,480.00,484.65,484.45,489.80,,484.63,,,73386,35616045.50,4087,F1,1,,,,,
2026-08-27,2026-08-27,CM,NSE,STK,25037,INE0SMY01017,JAYBEE,SM,,,,,JAY BEE LAMINATIONS LTD,85.20,85.95,82.50,83.75,83.35,83.65,,83.75,,,13500,1141600.00,26,F1,500,,,,,
2026-08-27,2026-08-27,CM,NSE,STK,1708,INE571B01036,JAYBARMARU,EQ,,,,,JAY BHARAT MARUTI LTD,122.75,126.53,122.00,122.58,122.50,123.85,,122.59,,,269351,33544931.70,2612,F1,1,,,,,
2026-08-27,2026-08-27,CM,NSE,STK,10889,INE0J6801010,KORE,SM,,,,,JAY JALARAM TECHNO LTD,105.00,118.45,97.15,105.75,97.15,107.70,,105.75,,,133250,14167225.00,224,F1,250,,,,,
2026-08-27,2026-08-27,CM,NSE,STK,4041,INE785A01026,JAYAGROGN,EQ,,,,,JAYANT AGRO ORGANICS LTD,224.90,230.70,220.15,222.07,222.20,223.25,,222.08,,,17966,4027312.58,340,F1,1,,,,,
2026-08-27,2026-08-27,CM,NSE,STK,2331,INE854B01010,JAYNECOIND,EQ,,,,,JAYASWAL NECO INDUSTR LTD,102.90,103.62,100.67,101.09,101.02,102.23,,101.09,,,2438834,249071222.66,17524,F1,1,,,,,
2026-08-27,2026-08-27,CM,NSE,STK,759159,INE1AE401014,JAYESH,SM,,,,,JAYESH LOGISTICS LIMITED,135.50,135.50,135.50,135.50,135.50,135.00,,135.50,,,1000,135500.00,1,F1,1000,,,,,
2026-08-27,2026-08-27,CM,NSE,STK,760073,INE903A01025,JAYKAY,EQ,,,,,JAYKAY ENTERPRISES LTD,171.00,173.80,164.80,169.62,168.25,168.94,,169.62,,,700707,118905430.86,11068,F1,1,,,,,
2026-08-27,2026-08-27,CM,NSE,STK,1720,INE364A01020,JAYSREETEA,EQ,,,,,JAYSHREE TEA & INDUSTRIES,102.05,104.80,100.00,100.10,100.90,102.05,,100.09,,,84909,8676573.18,1104,F1,1,,,,,
2026-08-27,2026-08-27,CM,NSE,STK,11655,INE927D01051,JBMA,EQ,,,,,JBM AUTO LIMITED,652.00,653.95,643.15,645.25,645.00,653.40,,645.23,,,135727,87862734.15,8017,F1,1,,,,,
2026-08-27,2026-08-27,CM,NSE,STK,758115,INE0J5801029,JSLL,EQ,,,,,JEENA SIKHO LIFECARE LTD,514.05,515.95,500.10,501.90,504.00,514.25,,501.92,,,309670,156945774.10,12186,F1,1,,,,,
2026-08-27,2026-08-27,CM,NSE,STK,764728,INE354A01013,JENBURPH,EQ,,,,,JENBURKT PHARMACEUTICAL L,1056.00,1056.00,1026.60,1032.80,1034.10,1050.10,,1032.69,,,665,694871.50,51,F1,1,,,,,
2026-08-27,2026-08-27,CM,NSE,STK,7211,INE982V01025,JETFREIGHT,EQ,,,,,JET FREIGHT LOGISTICS LTD,22.50,23.10,22.26,22.85,22.66,22.86,,22.85,,,159035,3606226.13,1059,F1,1,,,,,
2026-08-27,2026-08-27,CM,NSE,STK,18700,INE564T01017,JETKNIT,ST,,,,,JET KNITWEARS LTD.,48.45,48.45,48.45,48.45,48.45,50.95,,48.45,,,750,36337.50,1,F1,750,,,,,
2026-08-27,2026-08-27,CM,NSE,STK,25150,INE0RXB01022,JEYYAM,ST,,,,,JEYYAM GLOBAL FOODS LTD,23.00,23.60,22.25,22.80,22.65,22.80,,22.80,,,46000,1058300.00,22,F1,2000,,,,,
2026-08-27,2026-08-27,CM,NSE,STK,13720,INE544H01014,JHS,EQ,,,,,JHS SVEND. LAB. LTD,9.34,9.34,8.85,8.95,8.97,9.00,,8.95,,,54116,495740.86,221,F1,1,,,,,
2026-08-27,2026-08-27,CM,NSE,STK,24145,INE03DD01011,RETAIL,EQ,,,,,JHS SVENDGAARD RETAIL V L,17.90,17.90,17.00,17.11,17.05,17.81,,17.14,,,1927,33560.94,62,F1,1,,,,,
2026-08-27,2026-08-27,CM,NSE,STK,31507,INE147P01019,JPOLYINVST,EQ,,,,,JIND POL INV & FIN CO LTD,982.10,1065.00,960.00,966.10,960.00,992.20,,966.11,,,31789,32186422.40,3813,F1,1,,,,,
2026-08-27,2026-08-27,CM,NSE,STK,13875,INE742C01031,JINDRILL,EQ,,,,,JINDAL DRILLING IND. LTD,635.00,657.95,624.45,630.55,630.90,632.45,,630.58,,,531304,340827932.35,18901,F1,1,,,,,
2026-08-27,2026-08-27,CM,NSE,STK,11743,INE796G01012,JINDALPHOT,EQ,,,,,JINDAL PHOTO LIMITED,1057.00,1083.00,1035.10,1041.00,1045.10,1042.60,,1041.08,,,1901,2008051.80,242,F1,1,,,,,
2026-08-27,2026-08-27,CM,NSE,STK,1756,INE197D01010,JINDALPOLY,EQ,,,,,JINDAL POLY FILMS LIMITED,645.00,646.00,636.05,637.55,637.00,641.40,,637.55,,,7939,5069636.30,447,F1,1,,,,,
2026-08-27,2026-08-27,CM,NSE,STK,3024,INE324A01032,JINDALSAW,EQ,,,,,JINDAL SAW LIMITED,303.80,316.95,303.40,310.25,310.00,302.45,,310.23,,,8584804,2674585003.00,92781,F1,1,,,,,
2026-08-27,2026-08-27,CM,NSE,STK,11236,INE220G01021,JSL,EQ,,,,,JINDAL STAINLESS LIMITED,713.10,714.00,702.05,705.00,705.40,712.95,,705.00,,,276256,195059910.15,31863,F1,1,,,,,
2026-08-27,2026-08-27,CM,NSE,STK,6733,INE749A01030,JINDALSTEL,EQ,,,,,JINDAL STEEL LIMITED,1176.00,1196.40,1166.60,1170.00,1170.00,1175.40,,1169.91,,,1533812,1813135483.00,49500,F1,1,,,,,
2026-08-27,2026-08-27,CM,NSE,STK,20642,INE247D01039,JINDWORLD,EQ,,,,,JINDAL WORLDWIDE LTD,35.01,37.86,35.01,36.83,36.90,34.84,,36.83,,,14872279,551199282.00,46504,F1,1,,,,,
2026-08-27,2026-08-27,CM,NSE,STK,759205,INE1FF001016,JKIPL,EQ,,,,,JINKUSHAL INDUSTRIES LTD,109.50,109.69,106.02,109.12,109.00,106.39,,109.14,,,34996,3781424.92,514,F1,1,,,,,
2026-08-27,2026-08-27,CM,NSE,STK,18143,INE758E01017,JIOFIN,EQ,,,,,JIO FIN SERVICES LTD,242.00,242.65,238.10,238.10,238.10,241.00,,238.13,,,7638222,1832616819.95,65762,F1,1,,,,,
2026-08-27,2026-08-27,CM,NSE,STK,765307,INF22M001184,NIFTYJBLK,EQ,,,,,JIOBLACKROCKAMC-NIFTYJBLK,12.77,12.77,12.38,12.38,12.40,12.46,,12.39,,,100108,1242846.37,1027,F1,1,,,,,
2026-08-27,2026-08-27,CM,NSE,STK,19691,INE863T01013,JITFINFRA,EQ,,,,,JITF INFRALOGISTICS LTD,324.60,329.50,317.70,321.50,325.70,321.55,,321.63,,,15909,5149375.50,568,F1,1,,,,,
2026-08-27,2026-08-27,CM,NSE,STK,13270,INE823G01014,JKCEMENT,EQ,,,,,JK CEMENT LIMITED,5290.00,5299.00,5213.00,5233.50,5221.00,5277.00,,5233.51,,,12186,63775349.50,3449,F1,1,,,,,
2026-08-27,2026-08-27,CM,NSE,STK,13491,INE786A01032,JKLAKSHMI,EQ,,,,,JK LAKSHMI CEMENT LTD,548.85,551.90,542.05,544.20,544.45,549.85,,544.20,,,107723,59008361.55,10065,F1,1,,,,,
2026-08-27,2026-08-27,CM,NSE,STK,11860,INE789E01012,JKPAPER,EQ,,,,,JK PAPER LIMITED,396.55,403.40,387.20,390.40,389.00,396.55,,390.41,,,408338,161392056.20,12599,F1,1,,,,,
2026-08-27,2026-08-27,CM,NSE,STK,14435,INE573A01042,JKTYRE,EQ,,,,,JK TYRE & INDUSTRIES LTD,383.55,384.00,377.30,378.75,379.00,383.55,,378.72,,,282760,107497266.65,7884,F1,1,,,,,
2026-08-27,2026-08-27,CM,NSE,STK,15266,INE576I01022,JKIL,EQ,,,,,JKUMAR INFR.LTD.,500.40,506.95,495.00,504.25,500.00,500.65,,504.17,,,77485,38912141.15,3158,F1,1,,,,,
2026-08-27,2026-08-27,CM,NSE,STK,13637,INE780C01023,JMFINANCIL,EQ,,,,,JM FINANCIAL LIMITED,132.25,133.40,130.00,130.45,130.25,132.84,,130.39,,,2417959,317277166.41,22055,F1,1,,,,,
2026-08-27,2026-08-27,CM,NSE,STK,23621,INE0OAF01028,JNKINDIA,EQ,,,,,JNK INDIA LIMITED,454.00,457.90,442.05,444.75,443.00,453.25,,444.77,,,98066,43853080.75,2501,F1,1,,,,,
2026-08-27,2026-08-27,CM,NSE,STK,16931,INE839G01010,JOCIL,BE,,,,,JOCIL LIMITED,150.00,155.00,149.25,151.15,151.91,149.08,,151.15,,,5941,903403.39,69,F1,1,,,,,
2026-08-27,2026-08-27,CM,NSE,STK,762623,INE515A01019,COCKERILL,EQ,,,,,JOHN COCKERILL INDIA LTD.,8122.00,8190.00,8067.50,8089.50,8070.00,8024.50,,8089.56,,,4588,37263902.00,1314,F1,1,,,,,
2026-08-27,2026-08-27,CM,NSE,STK,758460,INE718I01012,JSWCEMENT,EQ,,,,,JSW CEMENT LIMITED,126.09,127.34,123.61,126.55,127.00,124.97,,126.55,,,1620103,202268934.68,29736,F1,1,,,,,
2026-08-27,2026-08-27,CM,NSE,STK,1467,INE133A01011,JSWDULUX,EQ,,,,,JSW DULUX LIMITED,3100.00,3134.00,3090.10,3110.40,3132.00,3106.00,,3110.39,,,22595,70171492.10,6231,F1,1,,,,,
2026-08-27,2026-08-27,CM,NSE,STK,17869,INE121E01018,JSWENERGY,EQ,,,,,JSW ENERGY LIMITED,544.15,545.90,528.30,542.10,542.10,543.50,,541.85,,,2902000,1564817402.10,49579,F1,1,,,,,
2026-08-27,2026-08-27,CM,NSE,STK,11880,INE824G01012,JSWHL,EQ,,,,,JSW HOLDINGS LIMITED,11831.00,11831.00,11498.00,11735.00,11749.00,11832.00,,11734.39,,,4377,51034150.00,1458,F1,1,,,,,
2026-08-27,2026-08-27,CM,NSE,STK,19020,INE880J01026,JSWINFRA,EQ,,,,,JSW INFRASTRUCTURE LTD,345.05,348.00,334.30,337.95,338.00,344.95,,337.94,,,2833326,962192992.60,54000,F1,1,,,,,
2026-08-27,2026-08-27,CM,NSE,STK,11723,INE019A01038,JSWSTEEL,EQ,,,,,JSW STEEL LIMITED,1351.00,1351.00,1330.00,1337.50,1337.50,1341.00,,1337.50,,,2647838,3542646158.30,72599,F1,1,,,,,
2026-08-27,2026-08-27,CM,NSE,STK,3237,INE643A01035,JTEKTINDIA,EQ,,,,,JTEKT INDIA LIMITED,126.53,128.12,125.82,126.18,126.55,126.53,,126.17,,,82110,10408678.66,1292,F1,1,,,,,
2026-08-27,2026-08-27,CM,NSE,STK,7287,INE391J01032,JTLIND,EQ,,,,,JTL INDUSTRIES LIMITED,81.80,85.80,81.16,82.57,82.50,81.01,,82.57,,,6724877,560271726.85,31944,F1,1,,,,,
2026-08-27,2026-08-27,CM,NSE,STK,29590,INE03CC01015,JUBLCPL,EQ,,,,,JUBILANT AGRI N CON PRO L,2152.40,2176.70,2101.90,2122.90,2102.50,2141.70,,2121.74,,,4614,9854462.60,588,F1,1,,,,,
2026-08-27,2026-08-27,CM,NSE,STK,18096,INE797F01020,JUBLFOOD,EQ,,,,,JUBILANT FOODWORKS LTD,499.10,509.00,495.05,504.00,504.00,499.50,,503.97,,,974638,487797585.30,24237,F1,1,,,,,
2026-08-27,2026-08-27,CM,NSE,STK,2783,INE0BY001018,JUBLINGREA,EQ,,,,,JUBILANT INGREVIA LIMITED,713.05,713.05,687.10,691.10,693.00,708.15,,691.03,,,171316,119356626.05,11616,F1,1,,,,,
2026-08-27,2026-08-27,CM,NSE,STK,3637,INE700A01033,JUBLPHARMA,EQ,,,,,JUBILANT PHARMOVA LTD,887.40,894.75,875.00,878.70,879.35,887.40,,878.71,,,86026,75829565.65,12291,F1,1,,,,,
2026-08-27,2026-08-27,CM,NSE,STK,7109,INE412C01023,JMA,EQ,,,,,JULLUNDUR MOT AGENCY LTD,91.47,94.25,89.80,93.04,93.00,90.77,,93.04,,,22629,2098600.85,278,F1,1,,,,,
2026-08-27,2026-08-27,CM,NSE,STK,764408,INE05C901015,JNPR,EQ,,,,,JUNIPER GREEN ENERGY LTD,278.30,282.00,246.20,254.32,249.49,267.44,,254.28,,,8844030,2320829302.55,111663,F1,1,,,,,
2026-08-27,2026-08-27,CM,NSE,STK,22824,INE696F01016,JUNIPER,EQ,,,,,JUNIPER HOTELS LIMITED,215.00,217.50,209.91,216.05,216.00,212.04,,216.05,,,470586,100966869.81,6257,F1,1,,,,,
2026-08-27,2026-08-27,CM,NSE,STK,18553,INE682M01020,JLHL,EQ,,,,,JUPITER LIFE LINE HOSP L,298.00,310.00,295.55,307.45,307.00,298.75,,307.45,,,154727,46962715.65,8453,F1,1,,,,,
2026-08-27,2026-08-27,CM,NSE,STK,20224,INE209L01016,JWL,EQ,,,,,JUPITER WAGONS LIMITED,246.40,252.90,245.90,247.00,246.90,246.85,,246.99,,,680272,169040217.05,13619,F1,1,,,,,
2026-08-27,2026-08-27,CM,NSE,STK,29962,INE599M01018,JUSTDIAL,EQ,,,,,JUSTDIAL LTD.,647.65,650.00,637.30,640.50,642.00,647.65,,640.51,,,82613,52999991.60,4060,F1,1,,,,,
2026-08-27,2026-08-27,CM,NSE,STK,15146,INE668F01031,JYOTHYLAB,EQ,,,,,JYOTHY LABS LIMITED,211.85,214.96,208.36,209.52,209.01,211.87,,209.53,,,910612,192374065.71,17026,F1,1,,,,,
2026-08-27,2026-08-27,CM,NSE,STK,21334,INE980O01024,JYOTICNC,EQ,,,,,JYOTI CNC AUTOMATION LTD,1017.45,1040.50,1009.00,1029.80,1029.15,1012.70,,1029.76,,,873758,895845605.55,42091,F1,1,,,,,
2026-08-27,2026-08-27,CM,NSE,STK,758221,INE1M3T01017,JYOTIGLOBL,SM,,,,,JYOTI GLOBAL PLAST LTD,37.85,38.20,37.85,38.20,38.20,39.65,,38.20,,,6000,227800.00,3,F1,2000,,,,,
2026-08-27,2026-08-27,CM,NSE,STK,764733,INE577D01013,JYOTIRES,EQ,,,,,JYOTI RESINS & ADHESIVE L,900.00,910.00,890.00,890.55,890.00,903.65,,890.55,,,5200,4651016.20,586,F1,1,,,,,
2026-08-27,2026-08-27,CM,NSE,STK,1802,INE197A01024,JYOTISTRUC,EQ,,,,,JYOTI STRUCTURES LTD,10.32,10.46,10.16,10.19,10.17,10.32,,10.19,,,2753746,28282561.29,3584,F1,1,,,,,
2026-08-27,2026-08-27,CM,NSE,STK,764743,INE533C01018,KJMCFIN,EQ,,,,,K J M C FINANCIAL SERV L,72.95,72.95,66.41,69.11,67.50,73.78,,69.11,,,7457,504298.00,82,F1,1,,,,,
2026-08-27,2026-08-27,CM,NSE,STK,764748,INE879K01018,KMCSHIL,EQ,,,,,K M C SPECIALITY HOSP I L,139.73,140.60,136.01,138.18,139.50,138.91,,138.11,,,54285,7469643.11,990,F1,1,,,,,
2026-08-27,2026-08-27,CM,NSE,STK,14667,INE157H01023,KMSUGAR,EQ,,,,,K M SUGAR MILLS LTD,32.00,32.50,30.25,30.61,30.50,31.96,,30.61,,,338995,10593473.40,1459,F1,1,,,,,
2026-08-27,2026-08-27,CM,NSE,STK,27079,INE127T01021,KPEL,EQ,,,,,K.P. ENERGY LIMITED,250.25,252.35,243.20,244.90,245.85,250.35,,244.91,,,266015,65490400.20,5646,F1,1,,,,,
2026-08-27,2026-08-27,CM,NSE,STK,23462,INE0DEZ01013,K2INFRA,ST,,,,,K2 INFRAGEN LIMITED,50.95,51.80,50.20,51.10,51.05,50.95,,51.10,,,7200,369300.00,11,F1,600,,,,,
2026-08-27,2026-08-27,CM,NSE,STK,1805,INE900B01029,KABRAEXTRU,EQ,,,,,KABRA EXTRUSION TECHNIK L,602.85,609.80,587.00,589.60,590.00,601.65,,589.56,,,129623,77575836.25,4491,F1,1,,,,,
2026-08-27,2026-08-27,CM,NSE,STK,29192,INE0XOW01017,KKJEWELS,SM,,,,,KABRA JEWELS LIMITED,101.40,101.40,98.00,98.00,98.00,101.40,,98.00,,,6000,599900.00,6,F1,1000,,,,,
2026-08-27,2026-08-27,CM,NSE,STK,1808,INE217B01036,KAJARIACER,EQ,,,,,KAJARIA CERAMICS LTD,1212.90,1212.90,1187.00,1200.40,1199.60,1209.50,,1200.41,,,151659,181932404.00,12747,F1,1,,,,,
2026-08-27,2026-08-27,CM,NSE,STK,1811,INE437B01014,KAKATCEM,EQ,,,,,KAKATIYA CEM SUGAR &IND L,114.10,116.67,113.10,115.39,115.85,113.99,,115.39,,,2465,283516.11,76,F1,1,,,,,
2026-08-27,2026-08-27,CM,NSE,STK,25443,INE0T0L01014,KALANA,SM,,,,,KALANA ISPAT LIMITED,24.70,24.70,24.70,24.70,24.70,26.00,,24.70,,,18000,444600.00,8,F1,2000,,,,,
2026-08-27,2026-08-27,CM,NSE,STK,758558,INE227J01012,KALPATARU,EQ,,,,,KALPATARU LIMITED,279.75,280.65,272.95,274.15,273.00,277.00,,274.15,,,52410,14414297.10,987,F1,1,,,,,
2026-08-27,2026-08-27,CM,NSE,STK,1814,INE220B01022,KPIL,EQ,,,,,KALPATARU PROJECT INT LTD,1391.50,1405.00,1384.50,1391.00,1387.10,1391.30,,1391.94,,,121480,169340375.70,13940,F1,1,,,,,
2026-08-27,2026-08-27,CM,NSE,STK,2955,INE303R01014,KALYANKJIL,EQ,,,,,KALYAN JEWELLERS IND LTD,610.60,635.95,609.90,629.30,629.30,610.60,,628.80,,,14631430,9154944770.45,134336,F1,1,,,,,
2026-08-27,2026-08-27,CM,NSE,STK,15156,INE314G01014,KALYANIFRG,EQ,,,,,KALYANI FORGE LIMITED,681.95,699.00,666.05,682.45,685.50,675.00,,682.48,,,1821,1246530.60,219,F1,1,,,,,
2026-08-27,2026-08-27,CM,NSE,STK,21119,INE029L01018,KICL,EQ,,,,,KALYANI INVEST CO LTD,5331.00,5335.00,5179.50,5238.00,5202.00,5260.50,,5231.40,,,1165,6082019.00,197,F1,1,,,,,
2026-08-27,2026-08-27,CM,NSE,STK,18889,INE907A01026,KSL,EQ,,,,,KALYANI STEELS LIMITED,925.45,939.70,873.10,881.30,886.00,919.30,,881.32,,,121094,109256999.20,7171,F1,1,,,,,
2026-08-27,2026-08-27,CM,NSE,STK,762732,INE411F01010,KAMAHOLD,EQ,,,,,KAMA HOLDINGS LTD.,2387.50,2403.60,2381.00,2389.40,2382.40,2385.50,,2390.53,,,3320,7943482.90,323,F1,1,,,,,
2026-08-27,2026-08-27,CM,NSE,STK,764738,INE344D01018,KAMANWALA,EQ,,,,,KAMANWALA HOUSING CONST L,16.35,16.80,16.00,16.52,16.60,16.38,,16.52,,,5619,91092.39,62,F1,1,,,,,
2026-08-27,2026-08-27,CM,NSE,STK,1826,INE967C01018,KAMATHOTEL,EQ,,,,,KAMAT HOTELS (I) LTD,228.33,239.63,226.00,236.51,237.00,227.08,,236.54,,,181700,42577964.71,4405,F1,1,,,,,
2026-08-27,2026-08-27,CM,NSE,STK,13461,INE390H01020,KAMDHENU,BE,,,,,KAMDHENU LIMITED,35.80,35.95,34.30,35.63,35.80,35.84,,35.63,,,432221,15371507.73,575,F1,1,,,,,
2026-08-27,2026-08-27,CM,NSE,STK,13814,INE0BTI01037,KAMOPAINTS,EQ,,,,,KAMDHENU VENTURES LIMITED,4.53,4.67,4.51,4.54,4.56,4.53,,4.55,,,115936,527551.96,392,F1,1,,,,,
2026-08-27,2026-08-27,CM,NSE,STK,25786,INE879E01037,KANANIIND,EQ,,,,,KANANI INDUSTRIES LTD,1.49,1.50,1.40,1.47,1.48,1.49,,1.47,,,145295,211830.37,217,F1,1,,,,,
2026-08-27,2026-08-27,CM,NSE,STK,762737,INE081G01019,KANCHI,EQ,,,,,KANCHI KARPOORAM LTD.,432.45,432.45,400.00,420.00,424.00,411.90,,420.39,,,14970,6287424.75,514,F1,1,,,,,
2026-08-27,2026-08-27,CM,NSE,STK,765090,INE398L01017,KANCOTEA,EQ,,,,,KANCO TEA & INDS. LTD.,57.90,57.90,56.35,56.35,56.35,56.35,,56.35,,,6,339.65,2,F1,1,,,,,
2026-08-27,2026-08-27,CM,NSE,STK,11208,INE0MOT01016,KANDARP,SM,,,,,KANDARP DG SMART BPO LTD,96.05,96.05,96.05,96.05,96.05,101.00,,96.05,,,1000,96050.00,1,F1,1000,,,,,
2026-08-27,2026-08-27,CM,NSE,STK,9805,INE138C01024,KANORICHEM,BE,,,,,KANORIACHEMICALS-,156.77,161.45,150.10,158.79,161.45,156.77,,158.63,,,30704,4733662.52,230,F1,1,,,,,
2026-08-27,2026-08-27,CM,NSE,STK,1782,INE694E01014,KANPRPLA,EQ,,,,,KANPUR PLASTIPACK LIMITED,268.00,274.00,260.41,268.49,271.00,263.27,,268.45,,,28339,7539412.71,681,F1,1,,,,,
2026-08-27,2026-08-27,CM,NSE,STK,1196,INE531A01024,KANSAINER,EQ,,,,,KANSAI NEROLAC PAINTS LTD,200.75,201.22,198.00,198.44,198.01,201.33,,198.44,,,129493,25798928.81,4515,F1,1,,,,,
2026-08-27,2026-08-27,CM,NSE,STK,18967,INE542Z01028,KAPSTON,EQ,,,,,KAPSTON SERVICES LIMITED,508.05,510.30,500.00,501.00,500.10,505.25,,501.00,,,31930,16087097.95,1495,F1,1,,,,,
2026-08-27,2026-08-27,CM,NSE,STK,24385,INE725L01011,KARMAENG,EQ,,,,,KARMA ENERGY LIMITED,37.55,39.95,37.55,38.05,38.47,38.00,,38.05,,,410,15726.23,17,F1,1,,,,,
2026-08-27,2026-08-27,CM,NSE,STK,8054,INE614B01018,KTKBANK,EQ,,,,,KARNATAKA BANK LIMITED,336.75,338.80,326.00,327.15,328.00,337.70,,327.16,,,1461115,484707139.55,21649,F1,1,,,,,
2026-08-27,2026-08-27,CM,NSE,STK,19465,INE0MGA01012,KARNIKA,SM,,,,,KARNIKA INDUSTRIES LTD,113.50,115.60,112.10,114.85,114.95,112.35,,114.85,,,21000,2403150.00,20,F1,1000,,,,,
2026-08-27,2026-08-27,CM,NSE,STK,1838,INE036D01028,KARURVYSYA,EQ,,,,,KARUR VYSYA BANK LTD,356.85,358.50,345.05,346.30,346.00,354.35,,346.30,,,1792437,628361719.15,34099,F1,1,,,,,
2026-08-27,2026-08-27,CM,NSE,STK,24528,INE0SVY01018,KATARIA,SM,,,,,KATARIA INDUSTRIES LTD,106.75,111.00,103.50,103.50,103.50,105.00,,103.50,,,17400,1858170.00,23,F1,600,,,,,
2026-08-27,2026-08-27,CM,NSE,STK,15140,INE234I01028,KAUSHALYA,BE,,,,,KAUSHALYA INFRA DEV LTD.,898.00,898.00,889.00,893.00,893.00,873.25,,896.00,,,49,43807.00,9,F1,1,,,,,
2026-08-27,2026-08-27,CM,NSE,STK,21186,INE0Q2V01012,KLL,SM,,,,,KAUSHALYA LOGISTICS LTD,23.85,23.90,21.00,21.35,21.35,22.20,,21.35,,,28800,620000.00,28,F1,800,,,,,
2026-08-27,2026-08-27,CM,NSE,STK,14972,INE455I01029,KSCL,EQ,,,,,KAVERI SEED CO. LTD.,784.00,787.95,772.05,785.00,781.00,785.25,,784.99,,,103150,80708614.65,3706,F1,1,,,,,
2026-08-27,2026-08-27,CM,NSE,STK,15244,INE641C01019,KAVDEFENCE,EQ,,,,,KAVVERI DFS & WIR TEC LTD,58.65,60.30,57.50,57.83,57.50,58.41,,57.77,,,77154,4533224.98,1207,F1,1,,,,,
2026-08-27,2026-08-27,CM,NSE,STK,21173,INE0RCG01017,KCEIL,SM,,,,,KAY CEE ENERGY & INFRA L,82.00,83.95,81.00,81.30,82.00,83.00,,81.30,,,6500,530850.00,13,F1,500,,,,,
2026-08-27,2026-08-27,CM,NSE,STK,10282,INE587G01015,KAYA,BE,,,,,KAYA LIMITED,350.05,352.00,334.25,334.25,334.25,351.80,,334.43,,,12497,4224440.75,139,F1,1,,,,,
2026-08-27,2026-08-27,CM,NSE,STK,12092,INE918Z01012,KAYNES,EQ,,,,,KAYNES TECHNOLOGY IND LTD,4020.00,4113.20,4004.00,4018.80,4018.80,4032.00,,4017.63,,,919380,3729174064.10,54712,F1,1,,,,,
2026-08-27,2026-08-27,CM,NSE,STK,758868,INE13ZD01013,KAYTEX,SM,,,,,KAYTEX FABRICS LIMITED,57.30,57.30,56.10,56.70,56.10,55.30,,56.70,,,4000,227960.00,5,F1,800,,,,,
2026-08-27,2026-08-27,CM,NSE,STK,10296,INE0J1E01027,KCK,ST,,,,,KCK INDUSTRIES LTD,14.65,14.65,14.60,14.65,14.65,14.50,,14.65,,,15000,219500.00,5,F1,2500,,,,,
2026-08-27,2026-08-27,CM,NSE,STK,1841,INE805C01028,KCP,EQ,,,,,KCP LTD,172.03,175.07,168.20,169.51,168.20,172.03,,169.52,,,78496,13354767.48,1685,F1,1,,,,,
2026-08-27,2026-08-27,CM,NSE,STK,8849,INE790B01024,KCPSUGIND,BE,,,,,KCPSUGARINDUS,33.21,33.50,31.70,31.98,31.85,33.31,,31.97,,,161009,5187502.58,447,F1,1,,,,,
2026-08-27,2026-08-27,CM,NSE,STK,14908,INE291D01011,KDDL,EQ,,,,,KDDL LIMITED,4033.50,4063.80,3921.50,3947.20,3926.00,3941.10,,3947.05,,,59602,237976577.90,10174,F1,1,,,,,
2026-08-27,2026-08-27,CM,NSE,STK,13260,INE389H01022,KEC,EQ,,,,,KEC INTL. LIMITED,429.95,431.90,419.10,421.40,420.50,430.15,,421.39,,,786288,333611672.35,20448,F1,1,,,,,
2026-08-27,2026-08-27,CM,NSE,STK,13310,INE878B01027,KEI,EQ,,,,,KEI INDUSTRIES LTD.,5580.00,5590.00,5448.40,5536.00,5536.00,5540.00,,5536.01,,,213782,1181597516.30,23216,F1,1,,,,,
2026-08-27,2026-08-27,CM,NSE,STK,13430,INE164B01030,KELLTONTEC,EQ,,,,,KELLTON TECH SOL LTD,13.50,15.45,13.30,14.86,15.07,13.51,,14.86,,,58182615,859596948.05,132001,F1,1,,,,,
2026-08-27,2026-08-27,CM,NSE,STK,29547,INE15DO01012,KEN,SM,,,,,KEN ENTERPRISES LIMITED,40.00,40.35,39.25,39.90,40.00,39.60,,39.90,,,26400,1054380.00,12,F1,1200,,,,,
2026-08-27,2026-08-27,CM,NSE,STK,11841,INE717A01029,KENNAMET,EQ,,,,,KENNAMETAL INDIA LIMITED,4327.70,4555.00,4275.20,4515.10,4505.00,4325.50,,4515.05,,,64402,283736095.50,11903,F1,1,,,,,
2026-08-27,2026-08-27,CM,NSE,STK,13121,INE202H01019,KERNEX,EQ,,,,,KERNEX MICROSYS(I) LTD,1858.00,1890.00,1795.00,1801.20,1805.00,1860.40,,1801.08,,,196546,359200663.00,14491,F1,1,,,,,
2026-08-27,2026-08-27,CM,NSE,STK,4981,INE087A01019,KESORAMIND,BE,,,,,KESORAM INDUSTRIES LTD,10.89,11.11,10.89,11.11,11.11,11.11,,11.06,,,293572,3213034.47,319,F1,1,,,,,
2026-08-27,2026-08-27,CM,NSE,STK,13381,INE401H01017,KKCL,EQ,,,,,KEWAL KIRAN CLOTHING LTD,514.55,515.85,497.00,498.20,497.05,514.80,,498.21,,,24953,12560125.50,1519,F1,1,,,,,
2026-08-27,2026-08-27,CM,NSE,STK,4157,INE681C01015,KEYFINSERV,EQ,,,,,KEYNOTE FIN SERV LTD.,257.00,257.00,255.00,255.00,255.00,256.65,,255.00,,,33,8435.00,6,F1,1,,,,,
2026-08-27,2026-08-27,CM,NSE,STK,12219,INE263M01029,RUSTOMJEE,EQ,,,,,KEYSTONE REALTORS LIMITED,379.10,384.00,372.80,381.80,382.05,379.10,,381.80,,,23977,9085244.30,1271,F1,1,,,,,
2026-08-27,2026-08-27,CM,NSE,STK,13359,INE138Y01010,KFINTECH,EQ,,,,,KFIN TECHNOLOGIES LIMITED,972.80,976.00,942.60,957.00,957.00,976.50,,957.02,,,1169583,1119072966.95,33090,F1,1,,,,,
2026-08-27,2026-08-27,CM,NSE,STK,433,INE834I01025,KHADIM,BE,,,,,KHADIM INDIA LIMITED,110.40,113.38,107.05,113.38,113.38,107.99,,113.58,,,151102,16820629.04,368,F1,1,,,,,
2026-08-27,2026-08-27,CM,NSE,STK,3912,INE731C01018,KHAITANLTD,EQ,,,,,KHAITAN (INDIA)LTD.,145.00,147.97,141.01,144.78,143.99,146.96,,144.78,,,729,104993.62,44,F1,1,,,,,
2026-08-27,2026-08-27,CM,NSE,STK,896,INE745B01028,KHAICHEM,EQ,,,,,KHAITAN CHEM & FERT LTD,57.18,57.51,55.31,55.52,55.53,56.92,,55.52,,,177755,9941027.16,1291,F1,1,,,,,
2026-08-27,2026-08-27,CM,NSE,STK,9641,INE060B01014,KHANDSE,EQ,,,,,KHANDWALA SECURITIES LTD,17.00,17.87,16.53,17.38,17.42,17.05,,17.38,,,431,7508.57,41,F1,1,,,,,
2026-08-27,2026-08-27,CM,NSE,STK,762747,INE338F01015,KLBRENG-B,EQ,,,,,KILBURN ENGINEERING LTD.,394.90,399.00,389.00,390.90,390.00,394.90,,390.91,,,97542,38260993.30,2211,F1,1,,,,,
2026-08-27,2026-08-27,CM,NSE,STK,19941,INE729D01010,KILITCH,BE,,,,,KILITCH DRUGS INDIA LTD,168.50,174.48,168.50,171.33,171.00,171.27,,171.33,,,6538,1114505.63,112,F1,1,,,,,
2026-08-27,2026-08-27,CM,NSE,STK,18944,INE473D01015,KINGFA,EQ,,,,,KINGFA SCI & TEC IND LTD.,6090.00,6090.00,5930.00,5960.50,5981.00,6060.50,,5962.09,,,6668,40036580.50,1833,F1,1,,,,,
2026-08-27,2026-08-27,CM,NSE,STK,19126,INE880L01014,KIOCL,EQ,,,,,KIOCL LIMITED,388.00,390.85,380.65,382.80,384.50,388.95,,382.81,,,64958,24998103.90,2412,F1,1,,,,,
2026-08-27,2026-08-27,CM,NSE,STK,762742,INE555P01013,KIRANVYPAR,EQ,,,,,KIRAN VYAPAR LTD.,205.00,205.00,198.50,200.62,198.50,202.00,,200.60,,,1570,318721.69,39,F1,1,,,,,
2026-08-27,2026-08-27,CM,NSE,STK,16639,INE415I01015,KIRIINDUS,EQ,,,,,KIRI INDUSTRIES LIMITED,514.00,518.85,473.15,481.10,480.00,516.20,,481.11,,,1021978,508800365.95,24136,F1,1,,,,,
2026-08-27,2026-08-27,CM,NSE,STK,18581,INE732A01036,KIRLOSBROS,EQ,,,,,KIRLOSKAR BROTHERS LTD,1914.90,1919.00,1885.80,1899.30,1900.00,1900.70,,1899.31,,,41120,78287317.90,6015,F1,1,,,,,
2026-08-27,2026-08-27,CM,NSE,STK,18220,INE134B01017,KECL,EQ,,,,,KIRLOSKAR ELECTRIC CO LTD,130.05,132.79,129.00,129.87,129.60,130.44,,129.84,,,64722,8445600.61,1259,F1,1,,,,,
2026-08-27,2026-08-27,CM,NSE,STK,14466,INE884B01025,KIRLFER,EQ,,,,,KIRLOSKAR FERROUS IND LTD,448.00,449.00,442.75,447.60,447.65,448.30,,447.61,,,30799,13713705.80,1604,F1,1,,,,,
2026-08-27,2026-08-27,CM,NSE,STK,19025,INE250A01039,KIRLOSIND,EQ,,,,,KIRLOSKAR INDUSTRIES LTD,3772.10,3772.10,3691.00,3704.20,3706.00,3774.00,,3704.32,,,5375,19944598.60,1416,F1,1,,,,,
2026-08-27,2026-08-27,CM,NSE,STK,20936,INE146L01010,KIRLOSENG,EQ,,,,,KIRLOSKAR OIL ENG LTD,2060.00,2120.00,2024.10,2100.20,2100.00,2036.60,,2100.16,,,521433,1092010982.30,36634,F1,1,,,,,
2026-08-27,2026-08-27,CM,NSE,STK,15180,INE811A01038,KIRLPNU,EQ,,,,,KIRLOSKAR PNEUMATIC COM L,728.00,736.50,720.20,731.50,733.00,728.60,,731.30,,,83823,61138824.90,12991,F1,1,,,,,
2026-08-27,2026-08-27,CM,NSE,STK,28899,INE602G01020,KITEX,EQ,,,,,KITEX GARMENTS LTD,126.74,134.95,125.75,129.86,129.00,126.80,,129.86,,,2143828,282492879.72,21542,F1,1,,,,,
2026-08-27,2026-08-27,CM,NSE,STK,760923,INE0KNW01016,KNAGRI,EQ,,,,,KN AGRI RESOURCES LIMITED,213.95,217.38,213.95,214.23,214.00,215.29,,214.23,,,12730,2731205.32,143,F1,1,,,,,
2026-08-27,2026-08-27,CM,NSE,STK,763839,INE17QZ01016,KNACK,EQ,,,,,KNACK PACKAGING LIMITED,195.20,196.00,190.31,192.05,191.98,195.30,,192.05,,,654182,126158074.72,7911,F1,1,,,,,
2026-08-27,2026-08-27,CM,NSE,STK,27084,INE0CJD01029,KMEW,EQ,,,,,KNOWLEDGE MARINE & EN W L,2878.40,2995.00,2791.00,2969.00,2968.00,2777.80,,2969.25,,,303914,886171399.00,39694,F1,1,,,,,
2026-08-27,2026-08-27,CM,NSE,STK,758431,INE1JAR25012,KRT,RR,,,,,KNOWLEDGE REALTY TRUST,113.47,114.56,112.81,113.19,113.00,113.19,,113.19,,,849554,96498142.26,3701,F1,1,,,,,
2026-08-27,2026-08-27,CM,NSE,STK,15283,INE634I01029,KNRCON,EQ,,,,,KNR CONSTRU LTD.,123.42,125.47,122.10,122.45,122.75,123.42,,122.45,,,768064,94893603.51,8152,F1,1,,,,,
2026-08-27,2026-08-27,CM,NSE,STK,18754,INE0Q7P01013,KODYTECH,ST,,,,,KODY TECHNOLAB LIMITED,1375.00,1410.00,1352.00,1384.20,1380.00,1403.70,,1384.20,,,7000,9719290.00,43,F1,100,,,,,
2026-08-27,2026-08-27,CM,NSE,STK,3009,INE080B01012,KOHINOOR,EQ,,,,,KOHINOOR FOODS LIMITED,34.30,35.80,33.21,34.35,34.25,34.66,,34.37,,,134853,4644331.07,1509,F1,1,,,,,
2026-08-27,2026-08-27,CM,NSE,STK,16827,INE760A01029,KOKUYOCMLN,EQ,,,,,KOKUYO CAMLIN LIMITED,79.93,82.00,79.20,81.21,81.50,79.93,,81.20,,,50733,4097655.58,826,F1,1,,,,,
2026-08-27,2026-08-27,CM,NSE,STK,15124,INE094I01018,KOLTEPATIL,EQ,,,,,KOLTE PATIL DEV. LTD.,456.00,458.50,446.10,447.95,446.10,456.70,,447.97,,,60697,27453693.60,2732,F1,1,,,,,
2026-08-27,2026-08-27,CM,NSE,STK,22475,INE0QEI01011,KONSTELEC,ST,,,,,KONSTELEC ENGINEERS LTD,61.50,61.50,58.45,59.30,58.50,61.50,,59.30,,,81000,4799050.00,49,F1,1000,,,,,
2026-08-27,2026-08-27,CM,NSE,STK,19287,INE0KZ301010,KONTOR,SM,,,,,KONTOR SPACE LIMITED,57.15,57.15,57.15,57.15,57.15,57.15,,57.15,,,1200,68580.00,2,F1,600,,,,,
2026-08-27,2026-08-27,CM,NSE,STK,4951,INE082A01010,KOPRAN,BE,,,,,KOPRAN LTD,194.55,194.55,188.01,192.72,194.40,194.55,,192.72,,,47334,9099591.57,348,F1,1,,,,,
2026-08-27,2026-08-27,CM,NSE,STK,16758,INE0O4R01018,KDL,SM,,,,,KORE DIGITAL LIMITED,105.75,107.40,97.05,97.75,97.05,104.75,,97.75,,,41850,4207462.50,174,F1,150,,,,,
2026-08-27,2026-08-27,CM,NSE,STK,14858,INF174KA1HJ8,GOLD1,EQ,,,,,KOTAK GOLD ETF,133.49,133.49,129.60,131.33,131.32,133.65,,131.33,,,2725736,358020589.56,10515,F1,1,,,,,
2026-08-27,2026-08-27,CM,NSE,STK,1922,INE237A01036,KOTAKBANK,EQ,,,,,KOTAK MAHINDRA BANK LTD,415.75,427.70,415.00,424.20,424.20,416.70,,423.85,,,32914085,13967131419.60,279000,F1,1,,,,,
2026-08-27,2026-08-27,CM,NSE,STK,18102,INF174K014P6,NIFTY1,EQ,,,,,KOTAK NIFTY ETF,272.50,272.50,267.20,268.32,267.90,269.81,,268.31,,,1073918,287904284.09,1559,F1,1,,,,,
2026-08-27,2026-08-27,CM,NSE,STK,15061,INF174KA1A86,PSUBANK,EQ,,,,,KOTAK PSU BANK,87.43,87.63,85.80,86.08,86.30,87.19,,86.08,,,791438,68307648.39,869,F1,1,,,,,
2026-08-27,2026-08-27,CM,NSE,STK,759885,INF174KA1XV0,CHEMICAL,EQ,,,,,KOTAKMAMC - CHEMICAL,30.61,30.79,30.44,30.51,30.61,30.51,,30.51,,,191803,5857205.19,749,F1,1,,,,,
2026-08-27,2026-08-27,CM,NSE,STK,7412,INF174KA1IA5,ALPHA,EQ,,,,,KOTAKMAMC - KOTAKALPHA,55.35,55.59,55.00,55.08,55.24,55.20,,55.08,,,1201572,66253790.76,3022,F1,1,,,,,
2026-08-27,2026-08-27,CM,NSE,STK,10512,INF174KA1ZF8,CONS,EQ,,,,,KOTAKMAMC - KOTAKCONS,12.35,12.38,12.30,12.32,12.34,12.40,,12.32,,,14348,176793.22,135,F1,1,,,,,
2026-08-27,2026-08-27,CM,NSE,STK,2627,INF174KA1GC5,IT,EQ,,,,,KOTAKMAMC - KOTAKIT,33.79,33.97,33.55,33.68,33.81,33.79,,33.68,,,140975,4747205.75,747,F1,1,,,,,
2026-08-27,2026-08-27,CM,NSE,STK,13950,INF174KA1LV5,LIQUID1,EQ,,,,,KOTAKMAMC - KOTAKLIQ,1121.60,1121.60,1119.85,1120.00,1120.02,1119.85,,1120.00,,,2141367,2398366975.97,1597,F1,1,,,,,
2026-08-27,2026-08-27,CM,NSE,STK,8632,INF174KA1IY5,LOWVOL1,EQ,,,,,KOTAKMAMC - KOTAKLOVOL,21.38,21.38,21.20,21.33,21.35,21.22,,21.33,,,527479,11225415.47,160,F1,1,,,,,
2026-08-27,2026-08-27,CM,NSE,STK,8077,INF174KA1ZC5,MIDCAP,EQ,,,,,KOTAKMAMC - KOTAKMID50,18.89,18.94,18.74,18.81,18.85,18.89,,18.81,,,439840,8274070.76,767,F1,1,,,,,
2026-08-27,2026-08-27,CM,NSE,STK,10676,INF174KA1JF2,MNC,EQ,,,,,KOTAKMAMC - KOTAKMNC,34.27,34.42,33.98,34.05,34.20,34.27,,34.05,,,27445,936729.13,289,F1,1,,,,,
2026-08-27,2026-08-27,CM,NSE,STK,13082,INF174KA1ZD3,SILVER1,EQ,,,,,KOTAKMAMC - KOTAKSILVE,22.78,24.53,22.71,22.97,22.97,23.37,,22.97,,,9135682,210035645.68,5951,F1,1,,,,,
2026-08-27,2026-08-27,CM,NSE,STK,11457,INF174KA1ZE1,NV20,EQ,,,,,KOTAKMAMC - KTKNV20ETF,14.27,14.27,13.89,13.92,13.93,13.99,,13.92,,,27366,381445.07,161,F1,1,,,,,
2026-08-27,2026-08-27,CM,NSE,STK,30469,INF174KA1VW2,MID150,EQ,,,,,KOTAKMAMC - MID150,24.18,24.18,23.85,23.98,24.01,23.95,,23.98,,,24582,588626.82,176,F1,1,,,,,
2026-08-27,2026-08-27,CM,NSE,STK,759488,INF174KA1XS6,MOMENTUM30,EQ,,,,,KOTAKMAMC - MOMENTUM30,31.55,31.62,31.34,31.42,31.34,31.51,,31.42,,,23793,748675.51,71,F1,1,,,,,
2026-08-27,2026-08-27,CM,NSE,STK,29758,INF174KA1VD2,MSCIINDIA,EQ,,,,,KOTAKMAMC - MSCIINDIA,30.24,30.24,29.90,30.03,30.15,30.33,,30.03,,,15521,467571.86,95,F1,1,,,,,
2026-08-27,2026-08-27,CM,NSE,STK,760709,INF174KA1YO3,NEXT50ETF,EQ,,,,,KOTAKMAMC - NEXT50ETF,76.10,76.10,74.81,75.08,75.40,75.35,,75.08,,,19564,1469569.73,83,F1,1,,,,,
2026-08-27,2026-08-27,CM,NSE,STK,29944,INF174KA1UW4,NIFTY100EW,EQ,,,,,KOTAKMAMC - NIFTY100EW,35.94,35.94,35.49,35.69,35.73,35.94,,35.69,,,33598,1196551.13,208,F1,1,,,,,
2026-08-27,2026-08-27,CM,NSE,STK,764195,INF174KA1A94,PVTBANK,EQ,,,,,KOTAKMAMC - PVTBANK,27.81,28.03,27.81,27.94,28.03,27.81,,27.94,,,37160,1035664.27,22,F1,1,,,,,
2026-08-27,2026-08-27,CM,NSE,STK,757946,INF174KA1WT6,QUALITY30,EQ,,,,,KOTAKMAMC - QUALITY30,20.98,20.98,20.81,20.90,20.95,21.02,,20.90,,,8127,169504.48,52,F1,1,,,,,
2026-08-27,2026-08-27,CM,NSE,STK,5851,INF174KA1ZB7,BANKNIFTY1,EQ,,,,,KOTAKMAMC-KOTAKBKETF,59.59,61.54,59.59,59.76,59.70,60.04,,59.77,,,8106745,484712443.49,880,F1,1,,,,,
2026-08-27,2026-08-27,CM,NSE,STK,762752,INE972A01020,KOTIC,EQ,,,,,KOTHARI INDUSTRIAL CORP L,152.03,152.03,144.00,149.00,150.00,149.05,,148.89,,,8608,1272931.30,334,F1,1,,,,,
2026-08-27,2026-08-27,CM,NSE,STK,4594,INE720A01015,KOTHARIPET,EQ,,,,,KOTHARI PETROCHEM LTD,134.40,136.76,130.06,131.52,131.61,134.40,,131.52,,,54045,7182060.60,1508,F1,1,,,,,
2026-08-27,2026-08-27,CM,NSE,STK,5528,INE823A01017,KOTHARIPRO,EQ,,,,,KOTHARI PRODUCTS LTD,69.00,69.00,68.00,68.84,69.00,68.06,,68.84,,,2727,187191.25,57,F1,1,,,,,
2026-08-27,2026-08-27,CM,NSE,STK,11648,INE419A01022,KOTARISUG,BE,,,,,KOTHARI SUG & CHEM LTD.,33.10,33.85,32.11,32.11,32.11,33.79,,32.11,,,97621,3205333.13,547,F1,1,,,,,
2026-08-27,2026-08-27,CM,NSE,STK,761337,INE0J0B01017,KOTYARK,BE,,,,,KOTYARK INDUSTRIES LTD,34.81,35.70,34.05,35.34,35.40,34.81,,35.36,,,147443,5211263.86,370,F1,1,,,,,
2026-08-27,2026-08-27,CM,NSE,STK,5192,INE177F01017,KOVAI,EQ,,,,,KOVAI MEDICAL CENTER & HO,6084.00,6111.00,5985.00,6014.00,6056.00,6122.00,,6014.66,,,1955,11768997.50,414,F1,1,,,,,
2026-08-27,2026-08-27,CM,NSE,STK,5108,INE542W01025,KPIGREEN,EQ,,,,,KPI GREEN ENERGY LIMITED,322.00,322.05,316.05,316.65,316.30,322.00,,316.64,,,294592,93634249.15,8227,F1,1,,,,,
2026-08-27,2026-08-27,CM,NSE,STK,9683,INE04I401011,KPITTECH,EQ,,,,,KPIT TECHNOLOGIES LIMITED,589.50,592.90,579.65,588.00,588.00,590.00,,588.01,,,1063360,622735775.05,27165,F1,1,,,,,
2026-08-27,2026-08-27,CM,NSE,STK,14912,INE930H01031,KPRMILL,EQ,,,,,KPR MILL LTD.,1141.50,1147.10,1120.00,1126.50,1129.50,1136.00,,1125.60,,,136961,154738611.20,14464,F1,1,,,,,
2026-08-27,2026-08-27,CM,NSE,STK,10577,INE001B01026,KRBL,EQ,,,,,KRBL LIMITED,447.00,447.10,430.00,433.55,431.00,447.40,,433.55,,,821268,358689391.45,16245,F1,1,,,,,
2026-08-27,2026-08-27,CM,NSE,STK,1937,INE268B01013,KREBSBIO,EQ,,,,,KREBS BIOCHEMICALS & IND,53.01,58.00,53.00,56.21,57.57,53.00,,56.25,,,4874,270530.51,153,F1,1,,,,,
2026-08-27,2026-08-27,CM,NSE,STK,11488,INE524L01026,KRIDHANINF,BE,,,,,KRIDHAN INFRA LIMITED,2.04,2.08,1.99,2.04,2.04,2.04,,2.04,,,23379,47478.39,37,F1,1,,,,,
2026-08-27,2026-08-27,CM,NSE,STK,12847,INE506W01020,KRISHANA,EQ,,,,,KRISHANA PHOSCHEM LIMITED,205.00,206.39,189.67,191.92,190.69,205.16,,191.92,,,1276320,249980059.39,18455,F1,1,,,,,
2026-08-27,2026-08-27,CM,NSE,STK,16133,INE0NR701018,KRISHCA,SM,,,,,KRISHCA STRAPPING SLTN L,167.40,170.00,154.95,156.00,155.05,165.00,,156.00,,,90500,14501325.00,146,F1,500,,,,,
2026-08-27,2026-08-27,CM,NSE,STK,756782,INE0GGO01015,KRISHIVAL,EQ,,,,,KRISHIVAL FOODS LIMITED,398.00,409.95,392.05,406.50,408.80,396.00,,406.50,,,18323,7383644.85,306,F1,1,,,,,
2026-08-27,2026-08-27,CM,NSE,STK,761192,INE0J5601015,KRISHNADEF,EQ,,,,,KRISHNA DEF AND ALD IND L,1030.90,1049.00,1021.20,1031.00,1029.50,1025.90,,1031.00,,,68280,70616467.00,6006,F1,1,,,,,
2026-08-27,2026-08-27,CM,NSE,STK,4847,INE967H01025,KIMS,EQ,,,,,KRISHNA INST OF MED SCI L,756.70,785.85,756.70,768.45,768.00,756.10,,768.47,,,889873,686179045.05,46415,F1,1,,,,,
2026-08-27,2026-08-27,CM,NSE,STK,6417,INE479D01038,KRITI,EQ,,,,,KRITI INDUSTRIES IND LTD,64.06,65.45,64.00,64.08,64.05,64.14,,64.09,,,9207,592908.07,76,F1,1,,,,,
2026-08-27,2026-08-27,CM,NSE,STK,11432,INE798K01010,KRITINUT,EQ,,,,,KRITI NUTRIENTS LIMITED,87.45,89.99,85.11,86.23,87.94,88.10,,86.17,,,4106,356692.27,131,F1,1,,,,,
2026-08-27,2026-08-27,CM,NSE,STK,9288,INE00Z501029,KRITIKA,EQ,,,,,KRITIKA WIRES LIMITED,5.50,5.59,5.43,5.44,5.44,5.50,,5.44,,,78201,427982.59,307,F1,1,,,,,
2026-08-27,2026-08-27,CM,NSE,STK,760624,INE1MTV01019,KRMAYURVED,SM,,,,,KRM AYURVEDA LIMITED,281.20,288.65,280.25,281.60,280.65,279.80,,281.60,,,72000,20426200.00,58,F1,1000,,,,,
2026-08-27,2026-08-27,CM,NSE,STK,25643,INE0Q3J01015,KRN,EQ,,,,,KRN HEAT EXCHANGE N REF L,1483.10,1568.60,1482.00,1535.40,1539.90,1511.90,,1535.70,,,158253,242699477.00,13382,F1,1,,,,,
2026-08-27,2026-08-27,CM,NSE,STK,24026,INE0ATZ01017,KRONOX,BE,,,,,KRONOX LAB SCIENCES LTD,196.00,197.90,185.80,188.26,187.50,195.44,,188.26,,,64714,12310931.51,1082,F1,1,,,,,
2026-08-27,2026-08-27,CM,NSE,STK,25252,INE0O6601022,KROSS,EQ,,,,,KROSS LIMITED,219.10,223.17,214.10,215.11,214.20,217.72,,215.11,,,677619,148113445.79,12321,F1,1,,,,,
2026-08-27,2026-08-27,CM,NSE,STK,5359,INE08LI01020,KRSNAA,EQ,,,,,KRSNAA DIAGNOSTICS LTD,564.85,570.60,554.10,557.70,556.00,565.55,,557.72,,,129490,73062346.15,10309,F1,1,,,,,
2026-08-27,2026-08-27,CM,NSE,STK,23175,INE0QN801017,KRYSTAL,EQ,,,,,KRYSTAL INTEGRATED SER L,658.00,665.85,645.00,648.35,645.00,652.45,,648.45,,,14332,9382962.50,900,F1,1,,,,,
2026-08-27,2026-08-27,CM,NSE,STK,1949,INE999A01023,KSB,EQ,,,,,KSB LIMITED,810.00,810.00,790.00,793.85,794.70,796.45,,793.84,,,101117,80973073.65,8306,F1,1,,,,,
2026-08-27,2026-08-27,CM,NSE,STK,764753,INE953E01022,KSE,EQ,,,,,KSE LTD.,178.40,184.00,175.63,177.96,178.00,180.23,,178.17,,,14503,2606854.03,419,F1,1,,,,,
2026-08-27,2026-08-27,CM,NSE,STK,760433,INE987S01020,KSHINTL,EQ,,,,,KSH INTERNATIONAL LIMITED,962.55,1019.00,952.00,962.35,958.10,948.25,,962.38,,,376921,369495746.05,29524,F1,1,,,,,
2026-08-27,2026-08-27,CM,NSE,STK,10407,INE013801027,KSHITIJPOL,EQ,,,,,KSHITIJ POLYLINE LIMITED,3.03,3.19,2.96,3.01,3.00,3.11,,3.01,,,2142718,6468564.82,1510,F1,1,,,,,
2026-08-27,2026-08-27,CM,NSE,STK,765409,INE013820027,KSHITIJ-RE,BE,,,,,KSHITIJ POLYLINE LTD,0.02,0.02,0.02,0.02,0.02,0.01,,0.02,,,1334866,26697.32,762,F1,1,,,,,
2026-08-27,2026-08-27,CM,NSE,STK,11060,INE0D6I01023,KSOLVES,EQ,,,,,KSOLVES INDIA LIMITED,275.45,275.45,266.05,267.85,268.50,273.40,,267.89,,,29069,7843450.35,1403,F1,1,,,,,
2026-08-27,2026-08-27,CM,NSE,STK,759987,INE1SPP01016,KSR,EQ,,,,,KSR FOOTWEAR LIMITED,29.00,29.50,27.71,28.58,28.99,29.13,,28.58,,,9317,262632.99,355,F1,1,,,,,
2026-08-27,2026-08-27,CM,NSE,STK,13870,INE529I01021,KUANTUM,EQ,,,,,KUANTUM PAPERS LIMITED,72.69,72.89,72.00,72.31,72.44,72.35,,72.31,,,62008,4489768.90,893,F1,1,,,,,
2026-08-27,2026-08-27,CM,NSE,STK,764116,INE0ISX01025,KUSUMGAR,EQ,,,,,KUSUMGAR LIMITED,579.00,588.20,568.10,572.35,576.80,580.40,,572.33,,,267183,154007951.50,7387,F1,1,,,,,
2026-08-27,2026-08-27,CM,NSE,STK,762757,INE552U01010,KPL,EQ,,,,,KWALITY PHARMACEUTICALS L,3324.90,3418.80,3250.00,3267.10,3256.00,3326.10,,3266.71,,,26045,86226860.40,4232,F1,1,,,,,
2026-08-27,2026-08-27,CM,NSE,STK,760946,INE2KCE01013,KWIL,EQ,,,,,KWALITY WALL'S (INDIA) L,47.01,47.87,46.05,46.35,46.40,46.48,,46.34,,,16310637,767101655.47,33871,F1,1,,,,,
2026-08-27,2026-08-27,CM,NSE,STK,765100,INE341H01023,LKPSEC,EQ,,,,,L K P SECURITIES LTD.,15.60,15.93,14.51,15.63,15.73,15.43,,15.63,,,10552,160968.30,137,F1,1,,,,,
2026-08-27,2026-08-27,CM,NSE,STK,24948,INE498L01015,LTF,EQ,,,,,L&T FINANCE LIMITED,323.15,323.65,318.60,321.90,321.90,322.20,,321.78,,,3273758,1052571671.50,30810,F1,1,,,,,
2026-08-27,2026-08-27,CM,NSE,STK,18564,INE010V01017,LTTS,EQ,,,,,L&T TECHNOLOGY SER. LTD.,3556.00,3564.00,3525.30,3537.90,3525.70,3543.20,,3537.87,,,36907,130683771.20,8706,F1,1,,,,,
2026-08-27,2026-08-27,CM,NSE,STK,14423,INE059D01020,LAOPALA,EQ,,,,,LA OPALA RG LIMITED,170.06,170.40,167.20,169.92,170.00,170.17,,169.92,,,128865,21718486.24,4526,F1,1,,,,,
2026-08-27,2026-08-27,CM,NSE,STK,764758,INE519D01015,LADDERUP,EQ,,,,,LADDERUP FINANCE LTD.,52.90,52.90,52.10,52.10,52.10,53.47,,52.10,,,13,679.68,4,F1,1,,,,,
2026-08-27,2026-08-27,CM,NSE,STK,5865,INE548Z01017,LAGNAM,EQ,,,,,LAGNAM SPINTEX LIMITED,75.57,76.00,75.25,75.47,75.50,75.55,,75.47,,,4794,362948.24,89,F1,1,,,,,
2026-08-27,2026-08-27,CM,NSE,STK,762762,INE515C01023,LAHOTIOV,EQ,,,,,LAHOTI OVERSEAS LTD.,43.00,43.00,41.72,41.72,41.72,42.72,,42.75,,,22,922.14,6,F1,1,,,,,
2026-08-27,2026-08-27,CM,NSE,STK,7902,INE850E01012,LFIC,EQ,,,,,LAKSHMI FIN IND CORP LTD,138.90,144.85,136.00,136.56,136.00,136.65,,136.56,,,1655,227281.11,66,F1,1,,,,,
2026-08-27,2026-08-27,CM,NSE,STK,764763,INE938C01019,LAKSHMIMIL,EQ,,,,,LAKSHMI MILLS CO. LTD.,8011.00,8298.00,8011.00,8298.00,8298.00,8299.00,,8262.33,,,3,24335.00,3,F1,1,,,,,
2026-08-27,2026-08-27,CM,NSE,STK,4774,INE651C01018,LAKPRE,BZ,,,,,LAKSHMI PRE SCRE LTD,4.27,4.71,4.27,4.71,4.71,4.49,,4.71,,,4476,20331.97,11,F1,1,,,,,
2026-08-27,2026-08-27,CM,NSE,STK,25860,INE0VZS01015,LAKSHYA,SM,,,,,LAKSHYA POWERTECH LIMITED,84.95,84.95,81.10,81.10,81.10,82.00,,81.10,,,1600,132840.00,2,F1,800,,,,,
2026-08-27,2026-08-27,CM,NSE,STK,765361,INE0K9O01026,LALITHAA,EQ,,,,,LALITHAA JEWELLERY MART L,245.00,255.50,240.35,246.23,245.99,244.00,,246.23,,,14189168,3527919841.67,145276,F1,1,,,,,
2026-08-27,2026-08-27,CM,NSE,STK,6407,INE112F01022,LAMBODHARA,EQ,,,,,LAMBODHARA TEXTILES LTD.,141.00,147.19,139.51,140.71,141.45,141.88,,140.67,,,38124,5462967.05,835,F1,1,,,,,
2026-08-27,2026-08-27,CM,NSE,STK,27225,INE0R0201012,LAMOSAIC,ST,,,,,LAMOSAIC INDIA LIMITED,59.70,60.70,58.40,60.20,60.00,59.10,,60.20,,,27000,1615500.00,25,F1,600,,,,,
2026-08-27,2026-08-27,CM,NSE,STK,9392,INE359U01028,LANCER,EQ,,,,,LANCER CONTAINER LINES L,11.80,12.10,11.50,11.64,11.70,11.72,,11.63,,,511926,6042387.09,1042,F1,1,,,,,
2026-08-27,2026-08-27,CM,NSE,STK,23027,INE572G01025,LANCORHOL,EQ,,,,,LANCOR HOLDINGS LIMITED,30.60,31.23,29.90,30.86,31.00,30.86,,30.86,,,286030,8791066.56,2806,F1,1,,,,,
2026-08-27,2026-08-27,CM,NSE,STK,13276,INE559R01029,LANDMARK,EQ,,,,,LANDMARK CARS LIMITED,514.00,516.90,505.00,506.15,505.80,516.20,,506.17,,,75404,38384279.35,4874,F1,1,,,,,
2026-08-27,2026-08-27,CM,NSE,STK,16863,INE197J01017,LPDC,EQ,,,,,LANDMARK PR.DEV.CO.LTD,7.48,7.48,6.21,6.70,6.70,7.05,,6.70,,,279734,1854155.19,893,F1,1,,,,,
2026-08-27,2026-08-27,CM,NSE,STK,17376,INE688J01023,LANDSMILL,EQ,,,,,LANDSMILL GREEN LIMITED,0.70,0.72,0.68,0.69,0.69,0.70,,0.69,,,2793423,1953304.37,775,F1,1,,,,,
2026-08-27,2026-08-27,CM,NSE,STK,11483,INE018A01030,LT,EQ,,,,,LARSEN & TOUBRO LTD.,4058.00,4067.30,4023.00,4027.00,4027.00,4038.10,,4030.93,,,1161440,4695587957.40,73332,F1,1,,,,,
2026-08-27,2026-08-27,CM,NSE,STK,21713,INE670X01014,LASA,EQ,,,,,LASA SUPERGENERICS LTD,7.20,7.20,6.83,6.97,6.97,6.94,,6.97,,,16622,116850.48,137,F1,1,,,,,
2026-08-27,2026-08-27,CM,NSE,STK,764126,INE17IR01028,LASERPOWER,EQ,,,,,LASER POWER & INFRA LTD,328.00,329.00,318.10,319.60,319.65,328.20,,319.62,,,623061,201142534.30,11392,F1,1,,,,,
2026-08-27,2026-08-27,CM,NSE,STK,6818,INE0I7C01011,LATENTVIEW,EQ,,,,,LATENT VIEW ANALYTICS LTD,274.35,276.90,273.80,275.25,275.40,273.70,,275.25,,,280800,77302773.10,10355,F1,1,,,,,
2026-08-27,2026-08-27,CM,NSE,STK,15840,INE262Z01023,LATTEYS,EQ,,,,,LATTEYS INDUSTRIES LTD,23.50,23.50,22.00,22.20,22.38,22.60,,22.20,,,39358,879465.63,178,F1,1,,,,,
2026-08-27,2026-08-27,CM,NSE,STK,19234,INE947Q01028,LAURUSLABS,EQ,,,,,LAURUS LABS LIMITED,1891.30,1930.00,1878.40,1929.40,1929.40,1887.00,,1929.14,,,4249869,8111021789.40,78174,F1,1,,,,,
2026-08-27,2026-08-27,CM,NSE,STK,6568,INE801V01019,LAXMICOT,EQ,,,,,LAXMI COTSPIN LIMITED,13.90,13.90,13.50,13.83,13.89,13.74,,13.83,,,9049,124967.42,50,F1,1,,,,,
2026-08-27,2026-08-27,CM,NSE,STK,29171,INE0WO601020,LAXMIDENTL,EQ,,,,,LAXMI DENTAL LIMITED,196.90,196.90,193.90,194.82,196.00,196.21,,194.83,,,47648,9289368.79,1469,F1,1,,,,,
2026-08-27,2026-08-27,CM,NSE,STK,19876,INE258Y01016,LGHL,EQ,,,,,LAXMI GOLDORNA HOUSE LTD,178.82,181.35,177.47,179.90,181.35,176.10,,179.90,,,9254,1656173.10,173,F1,1,,,,,
2026-08-27,2026-08-27,CM,NSE,STK,758863,INE06WU01026,LAXMIINDIA,EQ,,,,,LAXMI INDIA FINANCE LTD,128.35,128.35,122.00,122.50,122.79,126.73,,122.51,,,108437,13425044.56,1144,F1,1,,,,,
2026-08-27,2026-08-27,CM,NSE,STK,2841,INE576O01020,LXCHEM,EQ,,,,,LAXMI ORGANIC INDUS LTD,173.25,173.39,167.01,167.47,167.40,172.21,,167.49,,,500942,84862375.48,6731,F1,1,,,,,
2026-08-27,2026-08-27,CM,NSE,STK,7529,INE938A01021,LCCINFOTEC,EQ,,,,,LCC INFOTECH LTD,4.07,4.07,3.51,3.53,3.59,3.75,,3.53,,,260156,964895.19,378,F1,1,,,,,
2026-08-27,2026-08-27,CM,NSE,STK,760300,INE0G1L01025,LEMERITE,EQ,,,,,LE MERITE EXPORTS LIMITED,21.90,22.30,21.50,21.81,21.95,21.90,,21.81,,,141633,3114158.84,306,F1,1,,,,,
2026-08-27,2026-08-27,CM,NSE,STK,24067,INE0HV901016,IXIGO,EQ,,,,,LE TRAVENUES TECHNOLOGY L,168.90,169.50,162.40,162.83,163.40,168.26,,162.83,,,1184499,194426731.86,15188,F1,1,,,,,
2026-08-27,2026-08-27,CM,NSE,STK,14204,INE0H4B01011,LRRPL,SM,,,,,LEAD REC AND RUB PROD LTD,85.00,86.50,85.00,86.50,86.50,85.00,,86.50,,,7500,644250.00,3,F1,1500,,,,,
2026-08-27,2026-08-27,CM,NSE,STK,764523,INE00GO01025,LEAPIND,EQ,,,,,LEAP INDIA LIMITED,160.50,165.75,160.50,161.77,162.42,159.65,,161.78,,,5771795,942532362.89,39770,F1,1,,,,,
2026-08-27,2026-08-27,CM,NSE,STK,765095,INE791B01014,LEENEE,EQ,,,,,LEE & NEE SOFTWARES (E) L,10.24,10.24,9.15,9.82,9.95,9.84,,9.83,,,58271,565150.11,302,F1,1,,,,,
2026-08-27,2026-08-27,CM,NSE,STK,757014,INE0AQ201015,THELEELA,EQ,,,,,LEELA PALACES HOTEL LTD,541.05,558.10,541.05,553.80,548.00,552.80,,553.81,,,1130203,621619672.60,20271,F1,1,,,,,
2026-08-27,2026-08-27,CM,NSE,STK,2606,INE970X01018,LEMONTREE,EQ,,,,,LEMON TREE HOTELS LTD,108.89,109.53,107.26,107.69,107.85,108.75,,107.69,,,2259074,244030443.23,26860,F1,1,,,,,
2026-08-27,2026-08-27,CM,NSE,STK,759605,INE956O01016,LENSKART,EQ,,,,,LENSKART SOLUTIONS LTD,651.00,659.55,626.15,640.60,642.00,647.15,,640.57,,,11600580,7552740481.50,152271,F1,1,,,,,
2026-08-27,2026-08-27,CM,NSE,STK,14459,INE500X01013,LEXUS,EQ,,,,,LEXUS GRANITO (INDIA) LTD,14.45,14.45,13.04,13.07,13.19,13.75,,13.07,,,45143,599060.98,189,F1,1,,,,,
2026-08-27,2026-08-27,CM,NSE,STK,18321,INE337A01034,LGBBROSLTD,EQ,,,,,LG BALAKRISHNAN & BROS,1697.40,1729.80,1671.40,1684.40,1694.80,1688.90,,1684.38,,,63343,107495429.00,8137,F1,1,,,,,
2026-08-27,2026-08-27,CM,NSE,STK,760213,INE324D01010,LGEINDIA,EQ,,,,,LG ELECTRONICS INDIA LTD,1675.00,1716.90,1671.00,1700.40,1702.00,1675.40,,1700.43,,,921188,1566995428.40,42134,F1,1,,,,,
2026-08-27,2026-08-27,CM,NSE,STK,11082,INE908V01012,LIBAS,EQ,,,,,LIBAS CONSU PRODUCTS LTD,10.50,10.90,10.11,10.47,10.48,10.65,,10.47,,,6494,68709.58,113,F1,1,,,,,
2026-08-27,2026-08-27,CM,NSE,STK,1994,INE557B01019,LIBERTSHOE,EQ,,,,,LIBERTY SHOES LTD,248.80,248.80,244.00,245.10,245.90,248.10,,245.09,,,8975,2205547.10,324,F1,1,,,,,
2026-08-27,2026-08-27,CM,NSE,STK,1997,INE115A01026,LICHSGFIN,EQ,,,,,LIC HOUSING FINANCE LTD,528.20,543.40,523.40,535.50,535.50,524.40,,535.31,,,7375648,3941053097.80,78774,F1,1,,,,,
2026-08-27,2026-08-27,CM,NSE,STK,25640,INF767K01SM1,LICMFGOLD,EQ,,,,,LIC MF - LIC GOLD ETF,142.30,143.70,140.00,141.35,141.35,143.75,,141.36,,,119877,16993374.10,1347,F1,1,,,,,
2026-08-27,2026-08-27,CM,NSE,STK,11319,INF767K01OS7,LICNETFN50,EQ,,,,,LICNAMC - LICNFENGP,271.76,272.41,270.69,271.72,271.81,272.99,,271.72,,,402,109370.44,16,F1,1,,,,,
2026-08-27,2026-08-27,CM,NSE,STK,11441,INF767K01OT5,LICNETFSEN,EQ,,,,,LICNAMC - LICNFESGP,875.21,877.50,874.00,874.90,874.00,882.33,,874.90,,,93,81386.02,5,F1,1,,,,,
2026-08-27,2026-08-27,CM,NSE,STK,15229,INF767K01PC8,LICNFNHGP,EQ,,,,,LICNAMC - LICNFNHGP,278.07,279.77,278.07,278.67,278.67,279.82,,278.67,,,71,19789.24,12,F1,1,,,,,
2026-08-27,2026-08-27,CM,NSE,STK,6062,INF767K01MV5,LICNETFGSC,EQ,,,,,LICNAMC - LICNMFET,29.75,29.75,29.33,29.69,29.69,29.67,,29.69,,,2190,64918.70,63,F1,1,,,,,
2026-08-27,2026-08-27,CM,NSE,STK,22722,INF767K01RN1,LICNMID100,EQ,,,,,LICNAMC - LICNMID100,65.05,65.05,64.15,64.27,64.63,64.86,,64.27,,,2206,142364.16,62,F1,1,,,,,
2026-08-27,2026-08-27,CM,NSE,STK,9480,INE0J1Y01017,LICI,EQ,,,,,LIFE INSURA CORP OF INDIA,417.45,421.25,412.70,413.95,413.95,415.30,,413.83,,,5422128,2256097548.75,44778,F1,1,,,,,
2026-08-27,2026-08-27,CM,NSE,STK,578,INE060901027,LIKHITHA,EQ,,,,,LIKHITHA INFRASTRUC LTD,211.00,221.99,209.64,212.02,210.15,210.89,,212.02,,,145162,31168469.04,2146,F1,1,,,,,
2026-08-27,2026-08-27,CM,NSE,STK,6951,INE802B01027,LINC,EQ,,,,,LINC LIMITED,97.75,97.78,94.50,95.04,95.00,97.20,,95.04,,,23995,2288278.42,403,F1,1,,,,,
2026-08-27,2026-08-27,CM,NSE,STK,11596,INE405C01035,LINCOLN,EQ,,,,,LINCOLN PHARMA LTD,616.20,619.45,609.60,614.00,614.95,612.55,,614.02,,,14024,8613328.60,1193,F1,1,,,,,
2026-08-27,2026-08-27,CM,NSE,STK,1627,INE473A01011,LINDEINDIA,EQ,,,,,LINDE INDIA LIMITED,6595.00,6677.50,6536.00,6549.00,6560.00,6598.50,,6549.06,,,16850,110842742.00,4651,F1,1,,,,,
2026-08-27,2026-08-27,CM,NSE,STK,17801,INE093R01011,LLOYDSENGG,EQ,,,,,LLOYDS ENGG WORK LIMITED,88.80,89.60,87.15,87.56,87.85,88.51,,87.56,,,3585591,315781883.93,20283,F1,1,,,,,
2026-08-27,2026-08-27,CM,NSE,STK,25807,INE080I01025,LLOYDSENT,EQ,,,,,LLOYDS ENTERPRISES LTD,74.36,75.42,72.76,72.94,73.06,74.36,,72.94,,,1240418,91479702.07,6117,F1,1,,,,,
2026-08-27,2026-08-27,CM,NSE,STK,11472,INE0DTQ01028,LLOYDS,SM,,,,,LLOYDS LUXURIES LIMITED,60.00,60.00,60.00,60.00,60.00,61.00,,60.00,,,1000,60000.00,1,F1,1000,,,,,
2026-08-27,2026-08-27,CM,NSE,STK,17313,INE281B01032,LLOYDSME,EQ,,,,,LLOYDS METALS N ENERGY L,1851.90,1853.00,1789.00,1798.50,1797.00,1845.70,,1798.57,,,428234,776089655.10,19053,F1,1,,,,,
2026-08-27,2026-08-27,CM,NSE,STK,1979,INE269B01029,LMW,EQ,,,,,LMW LIMITED,19325.00,19459.00,19050.00,19132.00,19150.00,19204.00,,19133.40,,,1824,35142845.00,1127,F1,1,,,,,
2026-08-27,2026-08-27,CM,NSE,STK,3220,INE670K01029,LODHA,EQ,,,,,LODHA DEVELOPERS LIMITED,1268.00,1278.00,1246.30,1246.30,1246.30,1265.00,,1246.36,,,801407,1011782981.00,19583,F1,1,,,,,
2026-08-27,2026-08-27,CM,NSE,STK,764296,INE0QJW01029,LCL,EQ,,,,,LOHIA CORP LIMITED,594.90,594.90,562.35,566.00,568.15,598.20,,565.96,,,377787,217788802.65,19417,F1,1,,,,,
2026-08-27,2026-08-27,CM,NSE,STK,13439,INE397H01017,LOKESHMACH,BE,,,,,LOKESH MACHINES LTD,304.20,309.90,296.10,297.60,296.20,308.95,,297.60,,,40611,12214704.50,364,F1,1,,,,,
2026-08-27,2026-08-27,CM,NSE,STK,18232,INE846D01012,LORDSCHLO,EQ,,,,,LORDS CHLORO ALKALI LTD,140.54,140.54,137.31,139.42,139.70,139.54,,139.42,,,6100,847432.50,162,F1,1,,,,,
2026-08-27,2026-08-27,CM,NSE,STK,14924,INE740X01023,LAL,EQ,,,,,LORENZINI APPARELS LTD,8.93,9.05,8.82,8.98,8.95,8.93,,8.97,,,17788,158306.54,85,F1,1,,,,,
2026-08-27,2026-08-27,CM,NSE,STK,764768,INE026D01011,LOTUSCHO,EQ,,,,,LOTUS CHOCOLATE CO. LTD.,620.00,625.50,607.00,618.70,622.00,625.45,,618.15,,,1395,863201.90,134,F1,1,,,,,
2026-08-27,2026-08-27,CM,NSE,STK,16807,INE947I01017,LOTUSEYE,EQ,,,,,LOTUS EYE HOSP & INST L,109.60,114.48,109.37,112.63,112.60,111.61,,112.63,,,13355,1501906.47,471,F1,1,,,,,
2026-08-27,2026-08-27,CM,NSE,STK,22415,INE597L01014,LOVABLE,EQ,,,,,LOVABLE LINGERIE LTD,74.00,76.00,72.12,72.51,73.37,74.00,,72.48,,,9704,718223.55,249,F1,1,,,,,
2026-08-27,2026-08-27,CM,NSE,STK,10590,INE970D01010,LOYALTEX,EQ,,,,,LOYAL TEXTILE MILLS LTD,215.00,220.65,212.84,218.90,218.90,215.00,,218.90,,,394,85767.60,20,F1,1,,,,,
2026-08-27,2026-08-27,CM,NSE,STK,13816,INE818H01020,LTFOODS,EQ,,,,,LT FOODS LIMITED,451.00,451.00,436.15,437.85,438.00,451.30,,437.86,,,568938,251425105.10,21714,F1,1,,,,,
2026-08-27,2026-08-27,CM,NSE,STK,17818,INE214T01019,LTM,EQ,,,,,LTM LIMITED,4494.60,4530.30,4464.00,4464.00,4464.00,4460.00,,4464.42,,,106428,478522244.20,14060,F1,1,,,,,
2026-08-27,2026-08-27,CM,NSE,STK,14014,INE872H01027,LUMAXTECH,EQ,,,,,LUMAX AUTO TECH LTD,1927.90,1959.50,1908.40,1930.60,1935.00,1927.80,,1930.65,,,97288,188006998.30,13194,F1,1,,,,,
2026-08-27,2026-08-27,CM,NSE,STK,2018,INE162B01018,LUMAXIND,EQ,,,,,LUMAX INDUSTRIES LTD,6196.00,6204.00,6030.00,6094.50,6070.00,6160.50,,6094.90,,,20103,122967489.50,6560,F1,1,,,,,
2026-08-27,2026-08-27,CM,NSE,STK,10440,INE326A01037,LUPIN,EQ,,,,,LUPIN LIMITED,2169.60,2186.10,2144.70,2158.10,2158.10,2185.00,,2158.13,,,964354,2090587154.80,44703,F1,1,,,,,
2026-08-27,2026-08-27,CM,NSE,STK,11301,INE150G01020,LUXIND,EQ,,,,,LUX INDUSTRIES LIMITED,1213.20,1213.20,1191.20,1201.00,1195.50,1207.10,,1200.96,,,12647,15134094.70,1279,F1,1,,,,,
2026-08-27,2026-08-27,CM,NSE,STK,7248,INE933A01014,LYKALABS,BE,,,,,LYKA LABS LTD.,75.99,75.99,73.21,73.36,73.36,74.50,,73.19,,,12196,922464.34,55,F1,1,,,,,
2026-08-27,2026-08-27,CM,NSE,STK,758150,INE08N601015,MBEL,EQ,,,,,M AND B ENGINEERING LTD,273.20,278.20,271.45,273.30,271.50,273.20,,273.23,,,70930,19489368.25,3856,F1,1,,,,,
2026-08-27,2026-08-27,CM,NSE,STK,765120,INE227F01010,MKEXIM,EQ,,,,,M K EXIM (INDIA) LTD.,64.00,68.69,62.01,64.30,65.00,63.38,,64.64,,,40017,2582740.92,215,F1,1,,,,,
2026-08-27,2026-08-27,CM,NSE,STK,16736,INE964W01021,MKPL,EQ,,,,,M K PROTEINS LIMITED,4.17,4.17,4.02,4.11,4.11,4.11,,4.11,,,109758,452682.46,297,F1,1,,,,,
2026-08-27,2026-08-27,CM,NSE,STK,22360,INE813V01022,MCL,EQ,,,,,M TEK COPPER LIMITED,59.88,59.88,57.50,57.77,57.95,59.59,,57.77,,,68404,4026209.26,2209,F1,1,,,,,
2026-08-27,2026-08-27,CM,NSE,STK,13285,INE774D01024,M&MFIN,EQ,,,,,M&M FIN. SERVICES LTD,385.85,388.60,380.40,383.35,380.90,385.35,,383.35,,,1390537,533524354.55,28166,F1,1,,,,,
2026-08-27,2026-08-27,CM,NSE,STK,22976,INE0SGC01015,MVKAGRO,SM,,,,,M.V.K. AGRO FOOD PROD LTD,172.80,176.45,170.20,176.45,176.45,168.05,,176.45,,,107100,18764970.00,179,F1,300,,,,,
2026-08-27,2026-08-27,CM,NSE,STK,15017,INE215I01027,MAANALU,EQ,,,,,MAAN ALUMINIUM LIMITED,120.49,120.90,115.60,116.68,115.60,118.98,,116.68,,,61592,7213148.54,853,F1,1,,,,,
2026-08-27,2026-08-27,CM,NSE,STK,762782,INE435D01014,MCCHRLS-B,EQ,,,,,MAC CHARLES (INDIA) LTD.,799.00,799.00,670.00,680.00,680.00,670.00,,681.14,,,141,97894.50,24,F1,1,,,,,
2026-08-27,2026-08-27,CM,NSE,STK,24545,INE0R0J01010,MACOBSTECH,SM,,,,,MACOBS TECHNOLOGIES LTD,201.00,201.00,200.00,200.00,200.00,203.75,,200.00,,,1600,320800.00,2,F1,800,,,,,
2026-08-27,2026-08-27,CM,NSE,STK,22347,INE155Z01011,MACPOWER,EQ,,,,,MACPOWER CNC MACHINES LTD,1831.80,1921.50,1826.10,1868.80,1878.80,1850.60,,1868.80,,,36143,68215282.20,3760,F1,1,,,,,
2026-08-27,2026-08-27,CM,NSE,STK,762767,INE631R01026,MADHAVIPL,EQ,,,,,MADHAV INFRA PROJECTS L,8.18,8.20,7.95,8.12,8.08,8.03,,8.13,,,129794,1050699.87,446,F1,1,,,,,
2026-08-27,2026-08-27,CM,NSE,STK,15151,INE925C01016,MADHAV,EQ,,,,,MADHAV MARBLE & GRANITE,36.80,36.80,33.70,35.19,35.01,34.84,,35.19,,,1831,63472.05,71,F1,1,,,,,
2026-08-27,2026-08-27,CM,NSE,STK,13668,INE378D01032,MADHUCON,BE,,,,,MADHUCON PROJECTS LTD.,5.28,5.28,4.95,4.98,4.95,5.21,,4.98,,,27405,137221.20,52,F1,1,,,,,
2026-08-27,2026-08-27,CM,NSE,STK,18738,INE0P6701019,MADHUSUDAN,ST,,,,,MADHUSUDAN MASALA LIMITED,212.60,223.20,212.60,220.00,220.00,212.60,,220.00,,,35000,7720600.00,30,F1,1000,,,,,
2026-08-27,2026-08-27,CM,NSE,STK,12686,INE900L01028,MBAPL,EQ,,,,,MADHYA BHARAT AGRO P. LTD,167.20,168.84,160.30,162.78,162.65,167.07,,162.78,,,1110873,181129788.62,15218,F1,1,,,,,
2026-08-27,2026-08-27,CM,NSE,STK,4911,INE414A01015,MADRASFERT,EQ,,,,,MADRAS FERTILISERS LTD,70.50,70.90,67.80,67.97,68.10,69.71,,67.97,,,77038,5282709.94,949,F1,1,,,,,
2026-08-27,2026-08-27,CM,NSE,STK,762772,INE270B01035,MAFATIND,EQ,,,,,MAFATLAL INDUSTRIES LTD.,120.80,122.50,119.87,120.73,121.29,120.09,,120.89,,,21835,2639420.15,795,F1,1,,,,,
2026-08-27,2026-08-27,CM,NSE,STK,21392,INE347W01011,MAGADSUGAR,EQ,,,,,MAGADH SUGAR & ENERGY LTD,577.00,582.45,547.35,551.00,553.95,577.10,,551.09,,,38876,21750266.00,2433,F1,1,,,,,
2026-08-27,2026-08-27,CM,NSE,STK,29482,INE613C01026,MCLOUD,EQ,,,,,MAGELLANIC CLOUD LIMITED,28.98,29.27,27.60,27.79,27.80,28.87,,27.79,,,2410252,68033173.77,6209,F1,1,,,,,
2026-08-27,2026-08-27,CM,NSE,STK,14957,INE387I01016,MAGNUM,EQ,,,,,MAGNUM VENTURES LTD.,19.01,19.29,18.80,19.25,19.25,19.19,,19.25,,,19375,370301.98,69,F1,1,,,,,
2026-08-27,2026-08-27,CM,NSE,STK,17088,INE0O1S01012,MAGSON,SM,,,,,MAGSON RETAIL AND DIST L,189.85,189.90,189.85,189.90,189.90,189.90,,189.90,,,5000,949400.00,4,F1,1000,,,,,
2026-08-27,2026-08-27,CM,NSE,STK,5239,INE843B01013,MAHAPEXLTD,EQ,,,,,MAHA RASHTRA APEX COPR. L,57.95,58.99,55.36,55.95,56.25,57.28,,55.95,,,5127,289771.69,105,F1,1,,,,,
2026-08-27,2026-08-27,CM,NSE,STK,24937,INE0US801024,MFML,EQ,,,,,MAHALAXMI FABRIC MILLS LT,19.74,19.75,18.40,18.53,18.53,18.71,,18.53,,,11692,218779.69,51,F1,1,,,,,
2026-08-27,2026-08-27,CM,NSE,STK,7889,INE112D01035,MHLXMIRU,BE,,,,,MAHALAXMI RUBTECH LIMITED,185.10,188.99,179.00,182.46,179.00,185.04,,182.46,,,3461,637396.29,58,F1,1,,,,,
2026-08-27,2026-08-27,CM,NSE,STK,17531,INE451L01014,MAHASTEEL,BE,,,,,MAHAMAYA STEEL INDS LTD,1235.00,1284.00,1173.80,1270.70,1260.00,1235.50,,1270.60,,,52849,65723581.00,581,F1,1,,,,,
2026-08-27,2026-08-27,CM,NSE,STK,17534,INE002S01010,MGL,EQ,,,,,MAHANAGAR GAS LTD.,1113.20,1118.00,1089.20,1092.80,1094.50,1115.30,,1092.81,,,155301,171025785.00,17517,F1,1,,,,,
2026-08-27,2026-08-27,CM,NSE,STK,2294,INE153A01019,MTNL,EQ,,,,,MAHANAGAR TELEPHONE NIGAM,26.79,26.88,26.35,26.56,26.54,26.79,,26.56,,,446896,11904637.01,2189,F1,1,,,,,
2026-08-27,2026-08-27,CM,NSE,STK,2085,INE288A01013,MAHSCOOTER,EQ,,,,,MAHARASHTRA SCOOTERS LTD,13700.00,13880.00,13502.00,13564.00,13698.00,13662.00,,13563.55,,,2539,34760993.00,1259,F1,1,,,,,
2026-08-27,2026-08-27,CM,NSE,STK,2088,INE271B01025,MAHSEAMLES,EQ,,,,,MAHARASHTRA SEAMLESS LTD,635.00,652.65,634.95,642.05,640.50,636.55,,642.04,,,302076,194961274.40,17412,F1,1,,,,,
2026-08-27,2026-08-27,CM,NSE,STK,9577,INE263W01010,MAHESHWARI,BE,,,,,MAHESHWARI LOGISTICS LTD.,74.00,74.00,70.30,72.00,72.00,74.00,,72.00,,,25253,1817611.43,43,F1,1,,,,,
2026-08-27,2026-08-27,CM,NSE,STK,2031,INE101A01026,M&M,EQ,,,,,MAHINDRA & MAHINDRA LTD,3410.00,3420.00,3330.00,3330.00,3330.00,3398.20,,3333.64,,,1853016,6233340225.60,113736,F1,1,,,,,
2026-08-27,2026-08-27,CM,NSE,STK,17603,INE215D01010,MAHEPC,EQ,,,,,MAHINDRA EPC IRRIG LTD,106.06,107.68,106.06,106.86,106.98,107.34,,106.87,,,4257,454879.57,209,F1,1,,,,,
2026-08-27,2026-08-27,CM,NSE,STK,17333,INE998I01010,MHRIL,EQ,,,,,MAHINDRA HOLIDAYS LTD,218.30,219.59,209.22,211.23,210.70,218.19,,211.23,,,406340,86161560.01,6518,F1,1,,,,,
2026-08-27,2026-08-27,CM,NSE,STK,8050,INE813A01018,MAHLIFE,EQ,,,,,MAHINDRA LIFESPACE DEVLTD,371.25,376.45,368.00,368.65,368.60,371.25,,368.63,,,63804,23628939.45,4195,F1,1,,,,,
2026-08-27,2026-08-27,CM,NSE,STK,385,INE766P01016,MAHLOG,EQ,,,,,MAHINDRA LOGISTIC LIMITED,397.00,403.40,390.50,391.60,390.50,399.40,,391.60,,,100872,39837856.85,7140,F1,1,,,,,
2026-08-27,2026-08-27,CM,NSE,STK,24538,INE683C01011,MAITHANALL,EQ,,,,,MAITHAN ALLOYS LTD,1010.00,1013.40,992.00,994.80,992.00,1005.25,,994.73,,,21538,21631428.70,1443,F1,1,,,,,
2026-08-27,2026-08-27,CM,NSE,STK,19809,INE0PLQ01011,MAITREYA,SM,,,,,MAITREYA MEDICARE LIMITED,130.00,130.00,115.55,118.95,118.95,116.90,,118.95,,,2400,290320.00,6,F1,400,,,,,
2026-08-27,2026-08-27,CM,NSE,STK,762780,INE201B01022,MAJESAUT,BE,,,,,MAJESTIC AUTO LTD.,355.95,373.95,350.00,368.10,373.95,356.15,,368.00,,,4822,1750004.15,180,F1,1,,,,,
2026-08-27,2026-08-27,CM,NSE,STK,764773,INE987A01010,MAKERSL,EQ,,,,,MAKERS LABORATORIES LTD.,207.00,213.98,205.12,206.11,206.00,214.49,,206.12,,,7822,1633856.59,245,F1,1,,,,,
2026-08-27,2026-08-27,CM,NSE,STK,7965,INE389C01015,MALLCOM,EQ,,,,,MALLCOM (INDIA) LIMITED,989.90,998.95,966.00,973.40,967.50,979.75,,973.41,,,1617,1586012.40,187,F1,1,,,,,
2026-08-27,2026-08-27,CM,NSE,STK,13352,INE383H01017,MALUPAPER,EQ,,,,,MALU PAPER MILLS LIMITED,31.60,33.00,31.60,32.25,32.49,31.72,,32.25,,,8315,269036.47,80,F1,1,,,,,
2026-08-27,2026-08-27,CM,NSE,STK,28687,INE0TO701015,MAMATA,EQ,,,,,MAMATA MACHINERY LIMITED,407.00,410.95,401.50,403.50,402.00,410.15,,403.51,,,24795,10036261.30,1135,F1,1,,,,,
2026-08-27,2026-08-27,CM,NSE,STK,7413,INE830Q01018,MANAKCOAT,EQ,,,,,MAN COAT METAL & IND LTD,124.31,124.32,119.86,121.09,123.18,124.54,,121.08,,,171239,20810117.07,2655,F1,1,,,,,
2026-08-27,2026-08-27,CM,NSE,STK,11884,INE993A01026,MANINDS,EQ,,,,,MAN INDUSTRIES (I) LTD.,708.00,783.40,705.85,767.45,772.00,703.10,,767.47,,,2263237,1696219027.05,59269,F1,1,,,,,
2026-08-27,2026-08-27,CM,NSE,STK,18226,INE949H01023,MANINFRA,EQ,,,,,MAN INFRA LTD,116.85,116.90,114.90,115.46,115.10,114.51,,115.46,,,2358626,273281348.82,12055,F1,1,,,,,
2026-08-27,2026-08-27,CM,NSE,STK,7420,INE859Q01017,MANAKALUCO,EQ,,,,,MANAK ALUMINIUM CO. LTD.,40.00,40.70,38.74,39.10,39.00,39.17,,39.10,,,46528,1850836.56,701,F1,1,,,,,
2026-08-27,2026-08-27,CM,NSE,STK,15199,INE015D01022,MANAKSIA,EQ,,,,,MANAKSIA LTD.,57.00,58.34,56.50,56.89,57.28,57.09,,56.87,,,12936,738743.08,346,F1,1,,,,,
2026-08-27,2026-08-27,CM,NSE,STK,7463,INE824Q01011,MANAKSTEEL,EQ,,,,,MANAKSIA STEELS LTD,86.98,91.37,86.80,90.28,91.37,87.02,,90.20,,,86493,7715888.31,857,F1,1,,,,,
2026-08-27,2026-08-27,CM,NSE,STK,13796,INE201A01024,MANALIPETC,EQ,,,,,MANALI PETROCHEMICALS LT,74.36,75.00,70.47,70.80,70.80,74.26,,70.81,,,874458,63118050.34,5996,F1,1,,,,,
2026-08-27,2026-08-27,CM,NSE,STK,19061,INE522D01027,MANAPPURAM,EQ,,,,,MANAPPURAM FINANCE LTD,365.40,369.90,346.00,348.00,348.00,365.40,,348.00,,,10434499,3680076888.30,61272,F1,1,,,,,
2026-08-27,2026-08-27,CM,NSE,STK,759354,INE0U4H01011,MPEL,ST,,,,,MANAS POLYMER N ENERGIE L,36.90,36.90,36.90,36.90,36.90,35.15,,36.90,,,3200,118080.00,2,F1,1600,,,,,
2026-08-27,2026-08-27,CM,NSE,STK,25597,INE939X01013,MANBA,EQ,,,,,MANBA FINANCE LIMITED,131.70,131.82,128.81,129.93,129.00,131.82,,129.93,,,65983,8582300.49,1115,F1,1,,,,,
2026-08-27,2026-08-27,CM,NSE,STK,765105,INE348N01042,MANBRO,EQ,,,,,MANBRO INDUSTRIES LTD.,61.49,61.49,58.52,60.51,60.80,60.23,,60.48,,,126899,7543425.09,608,F1,1,,,,,
2026-08-27,2026-08-27,CM,NSE,STK,23779,INE0R3T01013,MANDEEP,SM,,,,,MANDEEP AUTO INDUSTRIES L,17.00,17.65,16.15,17.65,17.65,17.00,,17.65,,,56000,962300.00,10,F1,2000,,,,,
2026-08-27,2026-08-27,CM,NSE,STK,24823,INE545L01039,MANCREDIT,EQ,,,,,MANGAL CREDIT N FINCORP L,221.60,231.50,220.69,229.52,229.00,221.62,,229.52,,,293346,66551795.75,2103,F1,1,,,,,
2026-08-27,2026-08-27,CM,NSE,STK,758748,INE0PKD01011,MEIL,EQ,,,,,MANGAL ELECTRICAL IND L,302.00,308.00,298.00,304.30,306.00,297.65,,304.26,,,199012,60460371.70,4590,F1,1,,,,,
2026-08-27,2026-08-27,CM,NSE,STK,19134,INE00C401011,MAL,SM,,,,,MANGALAM ALLOYS LIMITED,30.15,30.15,30.15,30.15,30.15,30.10,,30.15,,,1600,48240.00,1,F1,1600,,,,,
2026-08-27,2026-08-27,CM,NSE,STK,2106,INE347A01017,MANGLMCEM,EQ,,,,,MANGALAM CEMENT LTD,1057.70,1089.40,1046.60,1058.20,1065.00,1057.70,,1058.14,,,170829,181751837.95,8805,F1,1,,,,,
2026-08-27,2026-08-27,CM,NSE,STK,11817,INE584F01014,MANGALAM,EQ,,,,,MANGALAM DRUG & CHEM LTD,31.50,32.99,31.50,32.15,32.00,31.41,,32.13,,,34979,1132374.74,321,F1,1,,,,,
2026-08-27,2026-08-27,CM,NSE,STK,1598,INE0APB01032,MGEL,BE,,,,,MANGALAM GLOBAL ENT LTD,14.75,14.75,14.36,14.50,14.45,14.44,,14.52,,,26770,389632.93,133,F1,1,,,,,
2026-08-27,2026-08-27,CM,NSE,STK,6422,INE370D01013,MANORG,EQ,,,,,MANGALAM ORGANICS LIMITED,503.55,514.00,499.00,500.00,505.00,503.55,,500.06,,,9985,5027617.60,362,F1,1,,,,,
2026-08-27,2026-08-27,CM,NSE,STK,764783,INE829S01016,MSL,EQ,,,,,MANGALAM SEEDS LTD.,146.18,147.00,146.18,147.00,147.00,146.91,,144.35,,,47,6900.35,9,F1,1,,,,,
2026-08-27,2026-08-27,CM,NSE,STK,759169,INE0JYY01029,MWL,EQ,,,,,MANGALAM WORLDWIDE LTD,39.88,40.50,39.11,40.01,39.27,39.88,,40.01,,,187023,7452032.71,1045,F1,1,,,,,
2026-08-27,2026-08-27,CM,NSE,STK,764357,INE459N01021,MANIPALHOS,EQ,,,,,MANIPAL HEALTH ENTERPRI L,801.00,804.00,783.00,797.95,797.00,795.00,,797.92,,,1421335,1128141392.30,34116,F1,1,,,,,
2026-08-27,2026-08-27,CM,NSE,STK,15380,INE634S01028,MANKIND,EQ,,,,,MANKIND PHARMA LIMITED,2405.00,2417.50,2377.60,2417.50,2417.50,2393.70,,2417.48,,,322167,770523800.20,21210,F1,1,,,,,
2026-08-27,2026-08-27,CM,NSE,STK,19015,INE0KNT01012,MVGJL,EQ,,,,,MANOJ VAIBHAV GEM N JEW L,156.08,159.33,153.01,153.77,153.98,155.19,,153.77,,,64608,10052846.55,1454,F1,1,,,,,
2026-08-27,2026-08-27,CM,NSE,STK,13753,INE784W01015,MANOMAY,EQ,,,,,MANOMAY TEX INDIA LTD,221.42,228.80,218.40,227.91,224.80,220.31,,227.95,,,488882,109225237.57,2717,F1,1,,,,,
2026-08-27,2026-08-27,CM,NSE,STK,10227,INE00VM01036,MANORAMA,EQ,,,,,MANORAMA INDUSTRIES LTD,1901.50,1920.60,1882.00,1887.20,1882.00,1896.90,,1887.15,,,94994,180461024.80,11691,F1,1,,,,,
2026-08-27,2026-08-27,CM,NSE,STK,13575,INE867A01022,MANUGRAPH,BE,,,,,MANUGRAPH INDIA LIMITED,15.50,15.50,14.91,15.07,15.50,15.49,,15.12,,,781,11760.55,13,F1,1,,,,,
2026-08-27,2026-08-27,CM,NSE,STK,2112,INE882A01013,MARALOVER,EQ,,,,,MARAL OVERSEAS LTD,55.70,57.48,54.10,56.27,55.55,55.70,,56.26,,,32937,1857486.41,255,F1,1,,,,,
2026-08-27,2026-08-27,CM,NSE,STK,18659,INE182D01020,MARATHON,EQ,,,,,MARATHON NXTGEN REALT LTD,424.90,430.80,413.55,428.75,429.00,419.45,,428.79,,,318928,135254107.70,8775,F1,1,,,,,
2026-08-27,2026-08-27,CM,NSE,STK,4067,INE196A01026,MARICO,EQ,,,,,MARICO LIMITED,833.10,837.75,825.80,833.50,833.50,833.00,,833.55,,,2081594,1730832157.25,58047,F1,1,,,,,
2026-08-27,2026-08-27,CM,NSE,STK,1328,INE01JE01028,MARINE,EQ,,,,,MARINE ELECTRICAL (I) LTD,378.55,382.00,371.45,374.10,376.00,375.55,,374.10,,,318798,119775242.85,10741,F1,1,,,,,
2026-08-27,2026-08-27,CM,NSE,STK,760204,INE0FW001016,MARKOLINES,EQ,,,,,MARKOLINES PAVEMENT TEC L,172.12,174.92,171.00,172.74,172.30,171.83,,172.72,,,112561,19481177.46,853,F1,1,,,,,
2026-08-27,2026-08-27,CM,NSE,STK,10579,INE750C01026,MARKSANS,EQ,,,,,MARKSANS PHARMA LIMITED,332.00,332.95,323.05,326.15,325.85,331.05,,326.15,,,1415329,462767235.40,24496,F1,1,,,,,
2026-08-27,2026-08-27,CM,NSE,STK,761386,INE415B01044,MARSONS,EQ,,,,,MARSONS LIMITED,123.65,127.94,122.39,125.54,125.50,123.58,,125.54,,,5656610,707854236.03,17594,F1,1,,,,,
2026-08-27,2026-08-27,CM,NSE,STK,761042,INE0X7G01013,MARUSHIKA,SM,,,,,MARUSHIKA TECHNOLOGY LTD,114.85,116.00,110.05,113.05,113.00,112.95,,113.05,,,38400,4393980.00,22,F1,1200,,,,,
2026-08-27,2026-08-27,CM,NSE,STK,10999,INE585B01010,MARUTI,EQ,,,,,MARUTI SUZUKI INDIA LTD.,13520.00,13580.00,13404.00,13440.00,13440.00,13520.00,,13433.46,,,315555,4244493870.00,44326,F1,1,,,,,
2026-08-27,2026-08-27,CM,NSE,STK,2133,INE575Z01010,MDL,ST,,,,,MARVEL DECOR LIMITED,58.95,59.00,58.95,59.00,59.00,56.20,,59.00,,,4000,235900.00,4,F1,1000,,,,,
2026-08-27,2026-08-27,CM,NSE,STK,199,INE348L01012,MASFIN,EQ,,,,,MAS FINANCIAL SERV LTD,298.90,298.90,294.80,295.50,295.00,297.25,,295.50,,,138307,40844580.60,8167,F1,1,,,,,
2026-08-27,2026-08-27,CM,NSE,STK,18727,INE885F01015,MASKINVEST,EQ,,,,,MASK INVESTMENTS LIMITED,151.72,151.72,145.00,146.30,145.00,151.72,,146.30,,,7,1051.20,3,F1,1,,,,,
2026-08-27,2026-08-27,CM,NSE,STK,24278,INE0SH001010,MASON,SM,,,,,MASON INFRATECH LIMITED,117.65,123.95,117.00,122.00,123.95,120.85,,122.00,,,7500,905925.00,13,F1,500,,,,,
2026-08-27,2026-08-27,CM,NSE,STK,2124,INE759A01021,MASTEK,EQ,,,,,MASTEK LTD,1648.50,1653.60,1607.10,1611.60,1608.30,1644.50,,1611.65,,,81510,132048320.10,14597,F1,1,,,,,
2026-08-27,2026-08-27,CM,NSE,STK,27047,INE677D01037,MASTERTR,EQ,,,,,MASTER TRUST LIMITED,84.96,85.96,83.00,83.34,83.67,84.96,,83.35,,,221561,18647247.75,1274,F1,1,,,,,
2026-08-27,2026-08-27,CM,NSE,STK,21726,INE866R01028,MATRIMONY,EQ,,,,,MATRIMONY.COM LIMITED,515.00,531.00,507.05,515.45,512.10,515.05,,515.45,,,17404,8966402.65,1151,F1,1,,,,,
2026-08-27,2026-08-27,CM,NSE,STK,759945,INE132901013,MGSL,SM,,,,,MATRIX GEO SOLUTIONS LTD,92.95,92.95,80.00,80.75,80.00,85.10,,80.75,,,27600,2322420.00,22,F1,1200,,,,,
2026-08-27,2026-08-27,CM,NSE,STK,17022,INE636A01039,MAWANASUG,EQ,,,,,MAWANA SUGARS LIMITED,140.33,145.00,139.10,141.67,141.00,141.12,,141.68,,,260812,36944315.67,3869,F1,1,,,,,
2026-08-27,2026-08-27,CM,NSE,STK,19646,INE03EI01018,MAXESTATES,EQ,,,,,MAX ESTATES LIMITED,559.70,563.00,538.65,558.45,562.00,558.05,,558.44,,,259350,143602722.60,12414,F1,1,,,,,
2026-08-27,2026-08-27,CM,NSE,STK,2142,INE180A01020,MFSL,EQ,,,,,MAX FINANCIAL SERV LTD,1590.00,1590.90,1568.00,1568.00,1568.00,1600.00,,1568.00,,,732972,1159020292.00,53357,F1,1,,,,,
2026-08-27,2026-08-27,CM,NSE,STK,22377,INE027H01010,MAXHEALTH,EQ,,,,,MAX HEALTHCARE INS LTD,1006.10,1012.00,999.10,1009.00,1009.00,1005.00,,1009.00,,,1471151,1477050581.30,47356,F1,1,,,,,
2026-08-27,2026-08-27,CM,NSE,STK,22428,INE0CG601016,MAXIND,EQ,,,,,MAX INDIA LIMITED,150.72,154.40,149.51,150.48,150.95,150.98,,150.48,,,30422,4577979.90,967,F1,1,,,,,
2026-08-27,2026-08-27,CM,NSE,STK,29645,INE10A501018,MAXVOLT,SM,,,,,MAXVOLT ENERGY INDUS L,336.60,342.75,335.10,337.20,339.00,341.00,,337.20,,,8000,2704240.00,20,F1,400,,,,,
2026-08-27,2026-08-27,CM,NSE,STK,28906,INE040D01038,MAYURUNIQ,EQ,,,,,MAYUR UNIQUOTERS LTD,747.45,761.00,728.05,749.40,754.00,747.45,,749.46,,,75037,55640394.40,4481,F1,1,,,,,
2026-08-27,2026-08-27,CM,NSE,STK,509,INE249Z01020,MAZDOCK,EQ,,,,,MAZAGON DOCK SHIPBUIL LTD,2625.00,2634.00,2583.10,2588.00,2588.00,2625.00,,2587.97,,,511497,1334683077.50,23661,F1,1,,,,,
2026-08-27,2026-08-27,CM,NSE,STK,18870,INE885E01042,MAZDA,BE,,,,,MAZDA LIMITED,240.00,246.00,240.00,244.59,245.00,241.11,,244.49,,,15096,3668417.82,206,F1,1,,,,,
2026-08-27,2026-08-27,CM,NSE,STK,18029,INE912H01013,MBLINFRA,EQ,,,,,MBL INFRASTRUCTURE LTD,23.40,24.19,22.51,22.62,22.85,23.68,,22.63,,,71491,1640773.49,476,F1,1,,,,,
2026-08-27,2026-08-27,CM,NSE,STK,11943,INE942G01012,MCLEODRUSS,EQ,,,,,MCLEOD RUSSEL INDIA LTD.,49.55,50.35,49.00,49.17,49.53,49.55,,49.20,,,169212,8399427.33,995,F1,1,,,,,
2026-08-27,2026-08-27,CM,NSE,STK,21705,INE456Z01021,MEDIASSIST,EQ,,,,,MEDI ASSIST HEALTH SER L,340.05,346.50,335.40,337.25,337.65,340.05,,337.25,,,281912,95629222.05,17623,F1,1,,,,,
2026-08-27,2026-08-27,CM,NSE,STK,765110,INE442D01010,MEDICAPQ,EQ,,,,,MEDI CAPS LTD.,25.60,27.38,25.00,25.50,25.50,26.99,,25.50,,,4211,106962.15,73,F1,1,,,,,
2026-08-27,2026-08-27,CM,NSE,STK,762802,INE200D01020,MMWL,EQ,,,,,MEDIA MATRIX WORLDWIDE L,15.90,15.90,14.90,14.97,15.10,15.60,,15.17,,,52297,788947.05,179,F1,1,,,,,
2026-08-27,2026-08-27,CM,NSE,STK,6278,INE646B01010,MEDICAMEQ,EQ,,,,,MEDICAMEN BIOTECH LIMITED,241.38,242.43,228.00,230.74,231.00,240.66,,230.68,,,28626,6706384.35,726,F1,1,,,,,
2026-08-27,2026-08-27,CM,NSE,STK,24239,INE0PE401018,MEDIORG,SM,,,,,MEDICAMEN ORGANICS LTD,24.75,24.75,23.50,23.50,23.50,23.65,,23.50,,,6000,145800.00,3,F1,2000,,,,,
2026-08-27,2026-08-27,CM,NSE,STK,9667,INE630Y01024,MEDICO,EQ,,,,,MEDICO REMEDIES LIMITED,42.37,43.70,41.50,43.31,43.50,42.20,,43.31,,,146929,6298845.94,1039,F1,1,,,,,
2026-08-27,2026-08-27,CM,NSE,STK,7254,INE804L01022,MEDPLUS,EQ,,,,,MEDPLUS HEALTH SERV LTD,695.00,695.00,681.60,688.35,690.00,692.10,,688.33,,,55452,38062824.90,3520,F1,1,,,,,
2026-08-27,2026-08-27,CM,NSE,STK,760229,INE0VDM01015,MEESHO,EQ,,,,,MEESHO LIMITED,209.34,212.48,206.72,207.64,207.50,208.14,,207.64,,,9320536,1946126440.77,90642,F1,1,,,,,
2026-08-27,2026-08-27,CM,NSE,STK,10971,INE0G1D01014,MEGAFLEX,SM,,,,,MEGA FLEX PLASTICS LTD,95.00,95.00,95.00,95.00,95.00,95.00,,95.00,,,5000,475000.00,5,F1,1000,,,,,
2026-08-27,2026-08-27,CM,NSE,STK,8153,INE00EM01016,MEGASTAR,EQ,,,,,MEGASTAR FOODS LIMITED,308.20,312.00,306.70,309.20,307.45,309.80,,309.17,,,1384,428084.65,105,F1,1,,,,,
2026-08-27,2026-08-27,CM,NSE,STK,22560,INE531R01010,MEGATHERM,SM,,,,,MEGATHERM INDUCTION LTD,227.00,234.75,227.00,229.15,229.85,225.80,,229.15,,,19600,4505380.00,39,F1,400,,,,,
2026-08-27,2026-08-27,CM,NSE,STK,5394,INE0CT101020,MOL,EQ,,,,,MEGHMANI ORGANICS LIMITED,61.84,63.16,60.10,60.29,60.45,61.84,,60.29,,,813370,49369475.86,4261,F1,1,,,,,
2026-08-27,2026-08-27,CM,NSE,STK,764778,INE898Q01015,MIIL,EQ,,,,,MEGHNA INFRACON INFRA L,716.75,742.90,711.80,718.75,721.00,726.45,,718.69,,,75771,55131920.50,1869,F1,1,,,,,
2026-08-27,2026-08-27,CM,NSE,STK,6971,INE071D01033,MENONBE,BE,,,,,MENON BEARINGS LIMITED,281.90,284.85,266.00,283.35,283.00,276.84,,283.32,,,103823,28523985.23,705,F1,1,,,,,
2026-08-27,2026-08-27,CM,NSE,STK,762787,INE650G01029,MENNPIS,EQ,,,,,MENON PISTONS LTD.,69.91,75.60,69.91,74.59,75.10,69.89,,74.55,,,125327,9216530.25,1149,F1,1,,,,,
2026-08-27,2026-08-27,CM,NSE,STK,25882,INE776I01010,MEP,BZ,,,,,MEP INFRA. DEVELOPERS LTD,0.71,0.71,0.71,0.71,0.71,0.70,,0.71,,,24974,17731.54,10,F1,1,,,,,
2026-08-27,2026-08-27,CM,NSE,STK,762792,INE689O01013,MERCANTILE,EQ,,,,,MERCANTILE VENTURES LTD.,26.28,26.28,24.50,24.71,25.26,24.24,,24.74,,,5524,139567.94,116,F1,1,,,,,
2026-08-27,2026-08-27,CM,NSE,STK,763663,INE763M01028,MERCURYEV,EQ,,,,,MERCURY EV-TECH LIMITED,39.73,40.50,38.17,38.93,39.00,38.73,,38.88,,,79392,3099414.85,1180,F1,1,,,,,
2026-08-27,2026-08-27,CM,NSE,STK,764278,INE1II801013,METALIC,ST,,,,,METALIC TECHNOFORGE LTD,131.50,133.90,125.00,130.30,130.30,131.50,,130.30,,,108800,14074320.00,65,F1,1600,,,,,
2026-08-27,2026-08-27,CM,NSE,STK,7242,INE317I01021,METROBRAND,EQ,,,,,METRO BRANDS LIMITED,955.50,955.50,915.00,921.70,922.00,945.30,,921.71,,,22707,21076899.40,3965,F1,1,,,,,
2026-08-27,2026-08-27,CM,NSE,STK,762797,INE085D01033,METROGLOBL,EQ,,,,,METROGLOBAL LTD.,138.10,140.00,135.00,135.07,135.00,137.82,,135.08,,,875,119130.28,37,F1,1,,,,,
2026-08-27,2026-08-27,CM,NSE,STK,9581,INE112L01020,METROPOLIS,EQ,,,,,METROPOLIS HEALTHCARE LTD,573.15,579.00,568.05,576.90,576.35,570.30,,576.90,,,297439,171031936.35,13284,F1,1,,,,,
2026-08-27,2026-08-27,CM,NSE,STK,7165,INE287C01037,MICEL,BE,,,,,MIC ELECTRONICS LTD,39.57,39.57,39.00,39.57,39.57,37.69,,39.67,,,317999,12574415.23,907,F1,1,,,,,
2026-08-27,2026-08-27,CM,NSE,STK,19887,INE0PZK01014,MICROPRO,SM,,,,,MICROPRO SOFTWARE SOL L,18.10,18.75,17.65,18.65,18.65,18.95,,18.65,,,12800,231360.00,8,F1,1600,,,,,
2026-08-27,2026-08-27,CM,NSE,STK,759517,INE0XAD01024,MIDWESTLTD,EQ,,,,,MIDWEST LIMITED,1149.00,1149.00,1110.00,1114.40,1115.00,1135.40,,1114.83,,,13200,14824512.40,993,F1,1,,,,,
2026-08-27,2026-08-27,CM,NSE,STK,765125,INE588G01021,MLKFOOD,EQ,,,,,MILKFOOD LTD.,90.01,91.00,85.50,86.87,85.64,90.15,,87.28,,,4960,441101.04,119,F1,1,,,,,
2026-08-27,2026-08-27,CM,NSE,STK,765272,INE00IT01020,MILKYMIST,EQ,,,,,MILKY MIST DAIRY FOOD L,227.39,233.80,212.66,217.31,215.15,222.11,,217.33,,,59235093,13183629063.80,431518,F1,1,,,,,
2026-08-27,2026-08-27,CM,NSE,STK,159,INE376Y01016,MILTON,SM,,,,,MILTON INDUSTRIES LIMITED,36.50,36.50,36.50,36.50,36.50,38.25,,36.50,,,2200,80300.00,1,F1,2200,,,,,
2026-08-27,2026-08-27,CM,NSE,STK,765118,INE097E01028,MINALIND,BE,,,,,MINAL INDUSTRIES LTD.,4.00,4.00,4.00,4.00,4.00,3.81,,4.00,,,73183,292732.00,75,F1,1,,,,,
2026-08-27,2026-08-27,CM,NSE,STK,25897,INE842C01021,MINDACORP,EQ,,,,,MINDA CORPORATION LTD,711.00,711.90,685.50,690.65,691.95,707.50,,690.68,,,379106,265821575.00,19994,F1,1,,,,,
2026-08-27,2026-08-27,CM,NSE,STK,22308,INE0CCU25019,MINDSPACE,RR,,,,,MINDSPACE BUSINESS P REIT,487.70,489.89,486.11,487.55,486.90,487.72,,487.55,,,95882,46819183.99,5634,F1,1,,,,,
2026-08-27,2026-08-27,CM,NSE,STK,18049,INE110B01017,MINDTECK,EQ,,,,,MINDTECK (INDIA) LIMITED,171.52,173.74,171.01,172.40,172.95,170.60,,172.53,,,17586,3030143.90,668,F1,1,,,,,
2026-08-27,2026-08-27,CM,NSE,STK,19640,INF769K01KU7,ALPHAETF,EQ,,,,,MIRAEAMC - ALPHAETF,27.42,27.61,27.31,27.40,27.40,27.42,,27.40,,,1641056,44995780.72,893,F1,1,,,,,
2026-08-27,2026-08-27,CM,NSE,STK,17419,INF769K01KR3,BANKETF,EQ,,,,,MIRAEAMC - BANKETF,590.64,590.64,586.70,587.54,586.70,589.61,,587.54,,,17290,10178025.23,2041,F1,1,,,,,
2026-08-27,2026-08-27,CM,NSE,STK,25725,INF769K01LZ4,BANKPSU,EQ,,,,,MIRAEAMC - BANKPSU,87.51,87.51,86.48,86.70,86.77,87.51,,86.70,,,8350,725257.23,118,F1,1,,,,,
2026-08-27,2026-08-27,CM,NSE,STK,28969,INF769K01NS5,CONSUMER,EQ,,,,,MIRAEAMC - CONSUMER,12.61,12.61,12.29,12.31,12.31,12.36,,12.31,,,143065,1763289.60,306,F1,1,,,,,
2026-08-27,2026-08-27,CM,NSE,STK,761046,INF769K01QC2,DEFENCE,EQ,,,,,MIRAEAMC - DEFENCE,82.75,83.15,81.11,82.74,82.83,82.77,,82.74,,,225466,18659446.11,528,F1,1,,,,,
2026-08-27,2026-08-27,CM,NSE,STK,760412,INF769K01PY8,DIVIDEND,EQ,,,,,MIRAEAMC - DIVIDEND,35.84,35.84,35.52,35.57,35.56,35.84,,35.58,,,8233,293201.79,76,F1,1,,,,,
2026-08-27,2026-08-27,CM,NSE,STK,759780,INF769K01PR2,ENERGY,EQ,,,,,MIRAEAMC - ENERGY,38.96,38.96,38.08,38.29,38.30,38.40,,38.29,,,275931,10564206.96,951,F1,1,,,,,
2026-08-27,2026-08-27,CM,NSE,STK,30121,INF769K01OA1,EQUAL200,EQ,,,,,MIRAEAMC - EQUAL200,14.08,14.08,14.00,14.02,14.02,14.06,,14.02,,,5820,81646.61,45,F1,1,,,,,
2026-08-27,2026-08-27,CM,NSE,STK,757142,INF769K01OO2,EQUAL50,EQ,,,,,MIRAEAMC - EQUAL50,334.77,335.18,333.68,334.28,334.11,334.73,,334.28,,,3722,1244598.37,22,F1,1,,,,,
2026-08-27,2026-08-27,CM,NSE,STK,24461,INF769K01LQ3,EVINDIA,EQ,,,,,MIRAEAMC - EVINDIA,34.37,34.37,33.36,33.50,33.47,33.54,,33.50,,,134974,4520623.40,1472,F1,1,,,,,
2026-08-27,2026-08-27,CM,NSE,STK,760986,INF769K01QA6,HEALTHCARE,EQ,,,,,MIRAEAMC - HEALTHCARE,22.17,22.17,21.62,21.80,21.80,21.74,,21.80,,,63911,1387261.27,178,F1,1,,,,,
2026-08-27,2026-08-27,CM,NSE,STK,764333,INF769K01RJ5,HYBRIDETF,EQ,,,,,MIRAEAMC - HYBRIDETF,10.23,10.23,10.16,10.19,10.20,10.21,,10.19,,,29112,297018.19,52,F1,1,,,,,
2026-08-27,2026-08-27,CM,NSE,STK,761030,INF769K01QB4,INFRA,EQ,,,,,MIRAEAMC - INFRA,12.21,12.32,12.16,12.18,12.18,12.21,,12.18,,,10519,128266.95,130,F1,1,,,,,
2026-08-27,2026-08-27,CM,NSE,STK,758595,INF769K01PB6,INTERNET,EQ,,,,,MIRAEAMC - INTERNET,15.13,15.13,14.73,14.76,14.75,14.83,,14.76,,,105445,1561707.09,212,F1,1,,,,,
2026-08-27,2026-08-27,CM,NSE,STK,19633,INF769K01KV5,ITETF,EQ,,,,,MIRAEAMC - ITETF,32.99,32.99,32.01,32.07,32.10,32.26,,32.07,,,176820,5678282.24,507,F1,1,,,,,
2026-08-27,2026-08-27,CM,NSE,STK,765313,INF769K01RK3,LARGEMID50,EQ,,,,,MIRAEAMC - LARGEMID50,36.99,36.99,36.86,36.86,36.86,36.90,,36.84,,,175,6462.98,6,F1,1,,,,,
2026-08-27,2026-08-27,CM,NSE,STK,17572,INF769K01KS1,LIQUID,EQ,,,,,MIRAEAMC - LIQUID,999.99,1000.00,999.99,999.99,1000.00,999.99,,999.99,,,76527,76526744.40,147,F1,1,,,,,
2026-08-27,2026-08-27,CM,NSE,STK,27075,INF769K01MY5,LIQUIDPLUS,EQ,,,,,MIRAEAMC - LIQUIDPLUS,1100.10,1101.90,1100.10,1100.65,1100.66,1100.50,,1100.65,,,453562,499211021.38,274,F1,1,,,,,
2026-08-27,2026-08-27,CM,NSE,STK,1200,INF769K01GS9,ESG,EQ,,,,,MIRAEAMC - MAESGETF,40.71,41.82,40.71,41.53,41.53,41.76,,41.55,,,11208,466830.77,74,F1,1,,,,,
2026-08-27,2026-08-27,CM,NSE,STK,3507,INF769K01HF4,MAFANG,EQ,,,,,MIRAEAMC - MAFANG,206.55,206.55,206.55,206.55,206.55,205.29,,206.55,,,52377,10818469.35,331,F1,1,,,,,
2026-08-27,2026-08-27,CM,NSE,STK,5220,INF769K01HI8,BFSI,EQ,,,,,MIRAEAMC - MAFSETF,26.79,27.71,26.79,27.41,27.39,27.48,,27.41,,,161617,4437978.31,576,F1,1,,,,,
2026-08-27,2026-08-27,CM,NSE,STK,14286,INF769K01JP9,GOLDETF,EQ,,,,,MIRAEAMC - MAGOLDETF,155.49,155.49,150.84,153.09,152.55,155.50,,153.09,,,2928027,447619531.33,12069,F1,1,,,,,
2026-08-27,2026-08-27,CM,NSE,STK,14938,INF769K01KF8,GSEC10YEAR,EQ,,,,,MIRAEAMC - MAGS813ETF,30.66,30.73,30.31,30.73,30.73,30.72,,30.73,,,13801,420356.88,18,F1,1,,,,,
2026-08-27,2026-08-27,CM,NSE,STK,7074,INF769K01HS7,MAHKTECH,EQ,,,,,MIRAEAMC - MAHKTECH,22.57,22.57,22.57,22.57,22.57,22.68,,22.57,,,301227,6798693.39,307,F1,1,,,,,
2026-08-27,2026-08-27,CM,NSE,STK,8413,INF769K01IC9,MIDCAPETF,EQ,,,,,MIRAEAMC - MAM150ETF,24.09,24.34,24.00,24.02,24.04,24.09,,24.02,,,1489906,35862667.59,4625,F1,1,,,,,
2026-08-27,2026-08-27,CM,NSE,STK,7979,INF769K01IB1,MAKEINDIA,EQ,,,,,MIRAEAMC - MAMFGETF,170.24,170.24,165.55,168.87,168.85,168.93,,168.87,,,27609,4658103.09,353,F1,1,,,,,
2026-08-27,2026-08-27,CM,NSE,STK,6353,INF769K01EG9,NIFTYETF,EQ,,,,,MIRAEAMC - MAN50ETF,264.05,265.90,261.91,262.89,262.64,264.05,,262.89,,,49802,13110970.08,640,F1,1,,,,,
2026-08-27,2026-08-27,CM,NSE,STK,14786,INF769K01JU9,LOWVOL,EQ,,,,,MIRAEAMC - MANV30F,207.79,207.92,207.25,207.87,207.87,208.11,,207.87,,,6373,1322941.74,11,F1,1,,,,,
2026-08-27,2026-08-27,CM,NSE,STK,17181,INF769K01FN2,NEXT50,EQ,,,,,MIRAEAMC - MANXT50,779.49,779.49,767.07,768.67,769.34,770.25,,768.68,,,16086,12360668.44,4334,F1,1,,,,,
2026-08-27,2026-08-27,CM,NSE,STK,16777,INF769K01KG6,SILVERAG,EQ,,,,,MIRAEAMC - MASILVER,233.25,233.27,227.83,230.77,230.00,234.32,,230.77,,,464655,107100235.64,3087,F1,1,,,,,
2026-08-27,2026-08-27,CM,NSE,STK,5782,INF769K01HP3,MASPTOP50,EQ,,,,,MIRAEAMC - MASPTOP50,79.96,79.96,79.96,79.96,79.96,79.58,,79.96,,,97888,7827124.48,219,F1,1,,,,,
2026-08-27,2026-08-27,CM,NSE,STK,25744,INF769K01LY7,METAL,EQ,,,,,MIRAEAMC - METAL,13.59,13.79,13.42,13.56,13.58,13.70,,13.56,,,2407949,32829873.15,4180,F1,1,,,,,
2026-08-27,2026-08-27,CM,NSE,STK,23855,INF769K01LJ8,MIDSMALL,EQ,,,,,MIRAEAMC - MIDSMALL,52.55,52.81,52.41,52.48,52.65,52.58,,52.48,,,551095,28994720.79,690,F1,1,,,,,
2026-08-27,2026-08-27,CM,NSE,STK,764198,INF769K01RC0,MOMMIDCAP,EQ,,,,,MIRAEAMC - MOMMIDCAP,13.34,13.39,13.28,13.29,13.32,13.31,,13.29,,,1085442,14441379.44,406,F1,1,,,,,
2026-08-27,2026-08-27,CM,NSE,STK,25080,INF769K01LX9,MULTICAP,EQ,,,,,MIRAEAMC - MULTICAP,17.32,17.32,16.88,16.89,16.92,16.98,,16.89,,,59385,1005642.12,467,F1,1,,,,,
2026-08-27,2026-08-27,CM,NSE,STK,30109,INF769K01ON4,SELECTIPO,EQ,,,,,MIRAEAMC - SELECTIPO,49.45,49.45,49.17,49.31,49.21,49.39,,49.31,,,60280,2972287.02,94,F1,1,,,,,
2026-08-27,2026-08-27,CM,NSE,STK,19224,INF769K01KT9,SENSEXETF,EQ,,,,,MIRAEAMC - SENSEXETF,80.22,80.22,79.63,79.80,79.65,80.10,,79.75,,,42120,3359162.34,240,F1,1,,,,,
2026-08-27,2026-08-27,CM,NSE,STK,759814,INF769K01PQ4,SMALL250,EQ,,,,,MIRAEAMC - SMALL250,18.97,18.97,18.46,18.47,18.50,18.51,,18.47,,,256138,4743806.02,583,F1,1,,,,,
2026-08-27,2026-08-27,CM,NSE,STK,22832,INF769K01LC3,SMALLCAP,EQ,,,,,MIRAEAMC - SMALLCAP,49.35,49.38,49.03,49.11,49.06,49.09,,49.10,,,2284952,112369164.92,2802,F1,1,,,,,
2026-08-27,2026-08-27,CM,NSE,STK,760415,INF769K01PZ5,TOP20,EQ,,,,,MIRAEAMC - TOP20,9.02,9.12,8.95,8.95,9.12,9.00,,8.95,,,27883,250277.61,210,F1,1,,,,,
2026-08-27,2026-08-27,CM,NSE,STK,761511,INF769K01QV2,VALUE,EQ,,,,,MIRAEAMC - VALUE,16.33,16.33,16.10,16.13,16.13,16.30,,16.13,,,52341,845146.96,126,F1,1,,,,,
2026-08-27,2026-08-27,CM,NSE,STK,4394,INE771A01026,MIRZAINT,EQ,,,,,MIRZA INTERNATIONAL LIMIT,31.96,32.14,31.26,31.56,31.30,31.96,,31.53,,,112343,3569996.73,1370,F1,1,,,,,
2026-08-27,2026-08-27,CM,NSE,STK,2463,INE099Z01011,MIDHANI,EQ,,,,,MISHRA DHATU NIGAM LTD,425.00,434.05,417.25,418.30,418.80,424.45,,418.30,,,803522,342410009.80,21333,F1,1,,,,,
2026-08-27,2026-08-27,CM,NSE,STK,8475,INE828O01033,MITCON,BE,,,,,MITCON CON & ENG SER LTD,78.90,79.21,75.44,76.08,76.00,75.44,,76.08,,,3391,265552.62,51,F1,1,,,,,
2026-08-27,2026-08-27,CM,NSE,STK,18562,INE997Y01027,MITTAL,EQ,,,,,MITTAL LIFE STYLE LIMITED,0.87,0.87,0.85,0.85,0.85,0.85,,0.85,,,403760,346007.24,389,F1,1,,,,,
2026-08-27,2026-08-27,CM,NSE,STK,13844,INE227C01017,MMFL,EQ,,,,,MM FORGINGS LTD,628.50,634.55,612.00,625.80,632.00,628.50,,625.78,,,87622,54418228.25,5642,F1,1,,,,,
2026-08-27,2026-08-27,CM,NSE,STK,16395,INE511Y01018,MMP,EQ,,,,,MMP INDUSTRIES LIMITED,402.95,405.95,395.05,403.45,404.50,400.70,,403.45,,,28165,11300657.65,1034,F1,1,,,,,
2026-08-27,2026-08-27,CM,NSE,STK,17957,INE123F01029,MMTC,EQ,,,,,MMTC LIMITED,64.41,64.60,63.30,63.51,63.49,64.02,,63.51,,,906339,57883310.46,6488,F1,1,,,,,
2026-08-27,2026-08-27,CM,NSE,STK,2241,INE794W01014,MODTHREAD,EQ,,,,,MODERN THREADS INDIA LTD,55.51,55.99,47.35,55.68,55.99,56.05,,55.68,,,26488,1397162.28,198,F1,1,,,,,
2026-08-27,2026-08-27,CM,NSE,STK,760280,INE537F01012,MODINATUR,BE,,,,,MODI NATURALS LIMITED,375.00,381.35,362.30,362.30,362.30,381.35,,362.54,,,28740,10470305.40,199,F1,1,,,,,
2026-08-27,2026-08-27,CM,NSE,STK,2229,INE832A01018,MODIRUBBER,EQ,,,,,MODI RUBBER LTD,136.88,136.88,130.01,132.47,131.15,136.20,,132.44,,,6513,862102.90,203,F1,1,,,,,
2026-08-27,2026-08-27,CM,NSE,STK,759752,INE0L0L01012,MODIS,EQ,,,,,MODIS NAVNIRMAN LTD,402.10,404.00,377.40,379.70,379.00,399.90,,379.71,,,216567,83340542.45,7169,F1,1,,,,,
2026-08-27,2026-08-27,CM,NSE,STK,3325,INE737D01021,MODISONLTD,BE,,,,,MODISON LIMITED,411.60,419.00,396.90,404.95,404.70,411.60,,405.01,,,74497,30363420.95,787,F1,1,,,,,
2026-08-27,2026-08-27,CM,NSE,STK,760395,INE01WN07136,875MOF27,N0,,,,,MOF 8.75% 2027 TR 2,107564.93,107564.93,107564.93,107564.93,107564.93,107541.15,,107564.93,,,1,107564.93,1,F1,1,,,,,
2026-08-27,2026-08-27,CM,NSE,STK,1426,INE450S01011,MHHL,SM,,,,,MOHINI HEALTH&HYGIENE LTD,31.50,31.50,31.50,31.50,31.50,31.50,,31.50,,,1500,47250.00,1,F1,1500,,,,,
2026-08-27,2026-08-27,CM,NSE,STK,29423,INE954E01012,MOHITIND,EQ,,,,,MOHIT INDUSTRIES LTD,23.06,25.85,23.06,25.07,25.23,23.48,,25.07,,,36060,895437.17,280,F1,1,,,,,
2026-08-27,2026-08-27,CM,NSE,STK,765130,INE154B01023,MOHITE,EQ,,,,,MOHITE INDUSTRIES LTD.,2.55,2.69,2.55,2.64,2.68,2.59,,2.65,,,17300,44990.27,71,F1,1,,,,,
2026-08-27,2026-08-27,CM,NSE,STK,20830,INE490G01020,MOIL,EQ,,,,,MOIL LIMITED,268.40,268.40,260.10,260.95,261.05,268.30,,260.96,,,752383,198098419.85,17707,F1,1,,,,,
2026-08-27,2026-08-27,CM,NSE,STK,3586,INE514Y01020,MOKSH,EQ,,,,,MOKSH ORNAMENTS LIMITED,10.46,10.46,10.06,10.08,10.06,10.41,,10.08,,,210111,2132753.47,490,F1,1,,,,,
2026-08-27,2026-08-27,CM,NSE,STK,764548,INE869T01028,MOLBIO,EQ,,,,,MOLBIO DIAGNOSTICS LTD,1234.00,1243.70,1130.10,1144.15,1142.00,1238.85,,1144.23,,,1151166,1360733638.90,48657,F1,1,,,,,
2026-08-27,2026-08-27,CM,NSE,STK,6713,INE893J01029,MOLDTKPAC,EQ,,,,,MOLD-TEK PACKAGING LTD,715.50,721.00,698.00,702.20,701.00,711.10,,702.27,,,104568,74116021.75,5613,F1,1,,,,,
2026-08-27,2026-08-27,CM,NSE,STK,17629,INE835B01035,MOLDTECH,BE,,,,,MOLD-TEK TECHNOLOGIES LTD,200.00,201.05,192.00,193.01,196.49,198.48,,193.06,,,62969,12345430.05,805,F1,1,,,,,
2026-08-27,2026-08-27,CM,NSE,STK,7679,INE903D01011,MONARCH,EQ,,,,,MONARCH NETWORTH CAP LTD,379.00,383.10,369.20,374.70,374.50,379.70,,374.70,,,193820,72602895.10,2803,F1,1,,,,,
2026-08-27,2026-08-27,CM,NSE,STK,759381,INE296Q01012,MONEYBOXX,EQ,,,,,MONEYBOXX FINANCE LIMITED,56.01,56.89,56.00,56.00,56.00,56.00,,56.00,,,9576,536719.37,50,F1,1,,,,,
2026-08-27,2026-08-27,CM,NSE,STK,18392,INE0OIP01012,MONOPHARMA,SM,,,,,MONO PHARMACARE LIMITED,8.95,8.95,8.95,8.95,8.95,8.65,,8.95,,,2000,17900.00,1,F1,2000,,,,,
2026-08-27,2026-08-27,CM,NSE,STK,756958,INE1DV401010,MONOLITH,SM,,,,,MONOLITHISCH INDIA LTD,1101.65,1169.90,1069.45,1157.00,1169.90,1113.20,,1157.00,,,87250,95899162.50,233,F1,250,,,,,
2026-08-27,2026-08-27,CM,NSE,STK,5938,INE950M01013,MONTECARLO,EQ,,,,,MONTE CARLO FASHIONS LTD.,546.90,546.90,525.00,528.40,528.70,544.25,,528.43,,,96060,51067018.80,3026,F1,1,,,,,
2026-08-27,2026-08-27,CM,NSE,STK,2259,INE083A01026,MOREPENLAB,EQ,,,,,MOREPEN LAB. LTD,97.44,99.75,95.50,96.70,96.35,96.98,,96.70,,,14619445,1426185737.97,43913,F1,1,,,,,
2026-08-27,2026-08-27,CM,NSE,STK,15057,INE0N7S01028,MOS,ST,,,,,MOS UTILITY LIMITED,9.90,10.10,9.90,9.90,9.90,10.40,,9.90,,,292000,2892400.00,65,F1,4000,,,,,
2026-08-27,2026-08-27,CM,NSE,STK,29459,INE935B01025,MOSCHIP,EQ,,,,,MOSCHIP TECHNOLOGIES LTD,206.00,224.00,206.00,219.36,218.25,205.54,,219.36,,,17473565,3842877257.16,147472,F1,1,,,,,
2026-08-27,2026-08-27,CM,NSE,STK,8596,INE0FS801015,MSUMI,EQ,,,,,MOTHERSON SUMI WRNG IND L,37.67,38.07,37.13,37.92,37.95,37.67,,37.92,,,9513977,358332548.09,36650,F1,1,,,,,
2026-08-27,2026-08-27,CM,NSE,STK,21423,INF247L01023,MOM100,EQ,,,,,MOTILAL OS MIDCAP100 ETF,69.60,69.80,69.11,69.22,69.20,69.40,,69.22,,,137634,9537707.09,1941,F1,1,,,,,
2026-08-27,2026-08-27,CM,NSE,STK,22739,INF247L01AP3,MON100,EQ,,,,,MOTILAL OS NASDAQ100 ETF,326.94,326.94,326.94,326.94,326.94,326.00,,326.94,,,95399,31189749.06,1147,F1,1,,,,,
2026-08-27,2026-08-27,CM,NSE,STK,14947,INE338I01027,MOTILALOFS,EQ,,,,,MOTILAL OSWAL FIN LTD,1040.00,1044.35,1021.90,1038.10,1038.10,1040.00,,1037.79,,,903803,935624694.75,31689,F1,1,,,,,
2026-08-27,2026-08-27,CM,NSE,STK,19289,INF247L01536,MOM50,EQ,,,,,MOTILAL OSWAL M50 ETF,254.10,259.00,252.99,256.07,254.00,253.46,,256.07,,,6571,1663690.55,71,F1,1,,,,,
2026-08-27,2026-08-27,CM,NSE,STK,1507,INF247L01AK4,MOGSEC,EQ,,,,,MOTILALAMC - G5,65.08,65.74,65.08,65.39,65.40,65.06,,65.37,,,5777,376549.08,40,F1,1,,,,,
2026-08-27,2026-08-27,CM,NSE,STK,757669,INF247L01FR8,MOALPHA50,EQ,,,,,MOTILALAMC - MOALPHA50,57.25,58.70,57.09,57.10,57.10,57.25,,57.10,,,19739,1132656.35,60,F1,1,,,,,
2026-08-27,2026-08-27,CM,NSE,STK,761693,INF247L01GV8,MOBANK10,EQ,,,,,MOTILALAMC - MOBANK10,17.18,17.18,16.95,16.95,16.95,17.01,,16.95,,,2397,40792.20,49,F1,1,,,,,
2026-08-27,2026-08-27,CM,NSE,STK,30065,INF247L01EV3,MOCAPITAL,EQ,,,,,MOTILALAMC - MOCAPITAL,55.48,55.86,54.86,55.03,55.20,55.81,,55.03,,,773494,42668494.88,3806,F1,1,,,,,
2026-08-27,2026-08-27,CM,NSE,STK,24944,INF247L01DJ0,MODEFENCE,EQ,,,,,MOTILALAMC - MODEFENCE,107.30,108.00,107.14,107.31,107.48,107.30,,107.31,,,881780,94794517.54,6055,F1,1,,,,,
2026-08-27,2026-08-27,CM,NSE,STK,759374,INF247L01GH7,MOENERGY,EQ,,,,,MOTILALAMC - MOENERGY,39.08,39.08,38.20,38.30,38.31,38.31,,38.30,,,52810,2022789.85,531,F1,1,,,,,
2026-08-27,2026-08-27,CM,NSE,STK,757791,INF247L01FY4,MOGOLD,EQ,,,,,MOTILALAMC - MOGOLD,158.90,158.90,153.85,155.35,156.50,157.90,,155.81,,,157650,24519526.95,951,F1,1,,,,,
2026-08-27,2026-08-27,CM,NSE,STK,10508,INF247L01BB1,MOHEALTH,EQ,,,,,MOTILALAMC - MOHEALTH,51.80,52.85,51.33,51.83,52.04,52.14,,51.84,,,118365,6133796.98,553,F1,1,,,,,
2026-08-27,2026-08-27,CM,NSE,STK,757031,INF247L01FL1,MOINFRA,EQ,,,,,MOTILALAMC - MOINFRA,59.14,59.24,58.89,58.99,59.00,59.14,,58.99,,,3420,201892.13,81,F1,1,,,,,
2026-08-27,2026-08-27,CM,NSE,STK,759891,INF247L01GI5,MOIPO,EQ,,,,,MOTILALAMC - MOIPO,50.58,50.58,49.12,49.20,49.20,49.35,,49.20,,,10016,493059.17,35,F1,1,,,,,
2026-08-27,2026-08-27,CM,NSE,STK,8654,INF247L01BL0,MOLOWVOL,EQ,,,,,MOTILALAMC - MOLOWVOL,36.85,36.85,36.58,36.62,36.62,36.95,,36.62,,,2948,108090.28,56,F1,1,,,,,
2026-08-27,2026-08-27,CM,NSE,STK,25606,INF247L01DK8,MOMENTUM50,EQ,,,,,MOTILALAMC - MOMENTUM50,55.15,55.44,55.01,55.20,55.22,54.96,,55.20,,,382540,21129989.66,1542,F1,1,,,,,
2026-08-27,2026-08-27,CM,NSE,STK,764402,INF247L01HG7,MOMETAL,EQ,,,,,MOTILALAMC - MOMETAL,13.74,13.74,13.45,13.48,13.48,13.61,,13.48,,,27375,372094.27,39,F1,1,,,,,
2026-08-27,2026-08-27,CM,NSE,STK,757099,INF247L01FK3,MOMGF,EQ,,,,,MOTILALAMC - MOMGF,166.13,166.27,165.65,165.65,165.65,166.00,,165.65,,,334,55415.41,18,F1,1,,,,,
2026-08-27,2026-08-27,CM,NSE,STK,757817,INF247L01FQ0,MOMIDMTM,EQ,,,,,MOTILALAMC - MOMIDMTM,65.88,65.93,65.43,65.68,65.69,65.63,,65.68,,,43227,2837149.54,235,F1,1,,,,,
2026-08-27,2026-08-27,CM,NSE,STK,760054,INF247L01GK1,MOMNC,EQ,,,,,MOTILALAMC - MOMNC,33.31,33.31,33.03,33.15,33.15,33.27,,33.15,,,309,10238.40,12,F1,1,,,,,
2026-08-27,2026-08-27,CM,NSE,STK,8182,INF247L01BK2,MOMOMENTUM,EQ,,,,,MOTILALAMC - MOMOMENTUM,63.90,64.00,63.40,63.58,63.61,63.55,,63.58,,,68651,4373074.76,314,F1,1,,,,,
2026-08-27,2026-08-27,CM,NSE,STK,756900,INF247L01FC0,MON50EQUAL,EQ,,,,,MOTILALAMC - MON50EQUAL,33.70,33.70,33.42,33.52,33.52,33.64,,33.52,,,20729,692890.86,38,F1,1,,,,,
2026-08-27,2026-08-27,CM,NSE,STK,757167,INF247L01FD8,MONEXT50,EQ,,,,,MOTILALAMC - MONEXT50,74.61,74.62,74.15,74.59,74.60,74.48,,74.59,,,1759,130892.34,43,F1,1,,,,,
2026-08-27,2026-08-27,CM,NSE,STK,759371,INF247L01GG9,MONIFTY100,EQ,,,,,MOTILALAMC - MONIFTY100,25.99,25.99,25.46,25.62,25.62,25.75,,25.62,,,10061,257878.52,64,F1,1,,,,,
2026-08-27,2026-08-27,CM,NSE,STK,19237,INF247L01BU1,MONIFTY500,EQ,,,,,MOTILALAMC - MONIFTY500,24.75,24.75,24.06,24.09,24.09,24.15,,24.09,,,237064,5719484.87,1030,F1,1,,,,,
2026-08-27,2026-08-27,CM,NSE,STK,7422,INF247L01AU3,MONQ50,EQ,,,,,MOTILALAMC - MONQ50,146.52,146.52,146.52,146.52,146.52,146.42,,146.52,,,14181,2077800.12,107,F1,1,,,,,
2026-08-27,2026-08-27,CM,NSE,STK,764405,INF247L01HH5,MOOILGAS,EQ,,,,,MOTILALAMC - MOOILGAS,10.90,11.40,10.90,11.10,11.10,11.18,,11.10,,,4450,49483.33,44,F1,1,,,,,
2026-08-27,2026-08-27,CM,NSE,STK,757431,INF247L01FO5,MOPSE,EQ,,,,,MOTILALAMC - MOPSE,99.37,101.50,98.50,99.02,98.50,99.58,,99.02,,,1604,158780.31,41,F1,1,,,,,
2026-08-27,2026-08-27,CM,NSE,STK,10822,INF247L01BH8,MOQUALITY,EQ,,,,,MOTILALAMC - MOQUALITY,203.82,203.82,202.40,202.40,202.40,201.81,,202.40,,,639,129424.58,18,F1,1,,,,,
2026-08-27,2026-08-27,CM,NSE,STK,23184,INF247L01CI4,MOREALTY,EQ,,,,,MOTILALAMC - MOREALTY,92.32,92.32,91.00,91.27,91.01,91.38,,91.27,,,194287,17772699.34,1211,F1,1,,,,,
2026-08-27,2026-08-27,CM,NSE,STK,760001,INF247L01GJ3,MOSERVICE,EQ,,,,,MOTILALAMC - MOSERVICE,31.13,31.14,31.00,31.01,31.00,31.18,,31.01,,,1798,55791.18,76,F1,1,,,,,
2026-08-27,2026-08-27,CM,NSE,STK,758457,INF247L01FZ1,MOSILVER,EQ,,,,,MOTILALAMC - MOSILVER,237.59,237.59,231.59,234.19,233.46,237.58,,234.19,,,54592,12777653.05,1915,F1,1,,,,,
2026-08-27,2026-08-27,CM,NSE,STK,23181,INF247L01CH6,MOSMALL250,EQ,,,,,MOTILALAMC - MOSMALL250,18.64,18.64,18.50,18.54,18.54,18.57,,18.54,,,503520,9344310.50,1587,F1,1,,,,,
2026-08-27,2026-08-27,CM,NSE,STK,757443,INF247L01FP2,MOTOUR,EQ,,,,,MOTILALAMC - MOTOUR,79.93,80.27,79.31,79.39,79.35,79.92,,79.39,,,4556,362315.92,158,F1,1,,,,,
2026-08-27,2026-08-27,CM,NSE,STK,10825,INF247L01BE5,MOVALUE,EQ,,,,,MOTILALAMC - MOVALUE,114.23,114.30,113.14,113.47,113.71,114.23,,113.49,,,59255,6737200.93,801,F1,1,,,,,
2026-08-27,2026-08-27,CM,NSE,STK,20788,INE0FRK01020,MOTISONS,EQ,,,,,MOTISONS JEWELLERS LTD,16.59,16.73,16.12,16.27,16.25,16.45,,16.27,,,23481007,387415524.91,23242,F1,1,,,,,
2026-08-27,2026-08-27,CM,NSE,STK,8793,INE861B01023,MOTOGENFIN,BE,,,,,MOTOR & GENERAL FINANCE L,27.00,27.60,26.40,26.81,26.81,26.80,,26.84,,,4276,114959.40,25,F1,1,,,,,
2026-08-27,2026-08-27,CM,NSE,STK,757810,INE0XM301010,MMEL,SM,,,,,MOVING MEDIA ENTER LTD,24.60,25.00,24.60,25.00,25.00,24.50,,25.00,,,6000,149200.00,3,F1,2000,,,,,
2026-08-27,2026-08-27,CM,NSE,STK,765138,INE493H01014,MPDL,BE,,,,,MPDL LTD.,35.62,35.80,34.15,34.15,34.15,35.62,,34.19,,,1724,59903.88,24,F1,1,,,,,
2026-08-27,2026-08-27,CM,NSE,STK,4503,INE356A01018,MPHASIS,EQ,,,,,MPHASIS LIMITED,2391.20,2419.20,2385.30,2413.60,2413.60,2400.00,,2413.60,,,136275,327258539.90,12109,F1,1,,,,,
2026-08-27,2026-08-27,CM,NSE,STK,10578,INE943D01017,MPSLTD,EQ,,,,,MPS LIMITED,2723.80,2725.90,2651.00,2660.20,2670.00,2704.00,,2660.36,,,16336,43753687.50,2486,F1,1,,,,,
2026-08-27,2026-08-27,CM,NSE,STK,2277,INE883A01011,MRF,EQ,,,,,MRF LTD,133600.00,133790.00,132500.00,133600.00,133600.00,133520.00,,133592.09,,,2084,278012500.00,1653,F1,1,,,,,
2026-08-27,2026-08-27,CM,NSE,STK,2283,INE103A01014,MRPL,EQ,,,,,MRPL,173.20,174.51,169.22,170.80,170.30,173.61,,170.80,,,3267127,558762823.72,25243,F1,1,,,,,
2026-08-27,2026-08-27,CM,NSE,STK,1628,INE495P01020,BECTORFOOD,EQ,,,,,MRS BECTORS FOOD SPE LTD,243.30,244.79,236.52,238.12,238.70,243.24,,238.13,,,2239423,541092102.73,15135,F1,1,,,,,
2026-08-27,2026-08-27,CM,NSE,STK,11919,INE752G01015,MSPL,EQ,,,,,MSP STEEL & POWER LTD.,35.08,35.22,34.36,34.59,34.51,34.64,,34.59,,,444753,15458645.82,1642,F1,1,,,,,
2026-08-27,2026-08-27,CM,NSE,STK,9356,INE255X01014,MSTCLTD,EQ,,,,,MSTC LIMITED,741.15,741.20,715.00,722.25,718.00,737.50,,722.25,,,215356,156824034.05,7987,F1,1,,,,,
2026-08-27,2026-08-27,CM,NSE,STK,31413,INE472M01018,MTEDUCARE,BE,,,,,MT EDUCARE LTD,1.79,1.79,1.65,1.67,1.67,1.73,,1.79,,,15918,27069.45,43,F1,1,,,,,
2026-08-27,2026-08-27,CM,NSE,STK,2715,INE864I01014,MTARTECH,BE,,,,,MTAR TECHNOLOGIES LIMITED,7111.00,7127.00,7000.00,7081.50,7082.50,7082.00,,7081.17,,,100362,710273022.00,13105,F1,1,,,,,
2026-08-27,2026-08-27,CM,NSE,STK,19783,INE08KJ01020,MUFIN,EQ,,,,,MUFIN GREEN FINANCE LTD,137.25,138.38,135.01,135.95,135.38,136.75,,135.95,,,480958,65717348.74,2966,F1,1,,,,,
2026-08-27,2026-08-27,CM,NSE,STK,11325,INE304A01026,MUKANDLTD,EQ,,,,,MUKAND LTD.,137.03,137.98,135.10,136.26,137.00,137.03,,136.23,,,60318,8242357.35,1181,F1,1,,,,,
2026-08-27,2026-08-27,CM,NSE,STK,22980,INE0CG401037,MUKKA,EQ,,,,,MUKKA PROTEINS LIMITED,25.88,26.14,25.10,25.29,25.44,25.73,,25.30,,,354982,9032659.53,1798,F1,1,,,,,
2026-08-27,2026-08-27,CM,NSE,STK,8691,INE374B01019,MUKTAARTS,BE,,,,,MUKTA ARTS LIMITED,57.50,58.48,55.93,58.48,58.48,58.55,,58.83,,,1809,101942.46,19,F1,1,,,,,
2026-08-27,2026-08-27,CM,NSE,STK,31181,INE745G01043,MCX,EQ,,,,,MULTI COMMODITY EXCHANGE,3330.00,3362.00,3270.80,3273.00,3273.00,3350.00,,3272.95,,,2087896,6901411657.30,97557,F1,1,,,,,
2026-08-27,2026-08-27,CM,NSE,STK,759416,INE1K8Y01018,MUNISH,SM,,,,,MUNISH FORGE LIMITED,76.55,89.70,74.00,81.50,80.00,78.50,,81.50,,,127200,9905640.00,66,F1,1200,,,,,
2026-08-27,2026-08-27,CM,NSE,STK,13511,INE672B01032,MUNJALAU,EQ,,,,,MUNJAL AUTO IND. LTD.,115.03,115.65,110.70,111.42,111.97,114.87,,111.43,,,462444,52042274.12,4981,F1,1,,,,,
2026-08-27,2026-08-27,CM,NSE,STK,2307,INE577A01027,MUNJALSHOW,EQ,,,,,MUNJAL SHOWA LTD,133.70,133.70,131.00,131.27,131.10,132.39,,131.27,,,10794,1423272.08,402,F1,1,,,,,
2026-08-27,2026-08-27,CM,NSE,STK,2313,INE692B01014,MURUDCERA,EQ,,,,,MURUDESHWAR CERAMICS LTD,30.68,30.90,30.41,30.65,30.63,30.62,,30.65,,,4805,147450.54,68,F1,1,,,,,
2026-08-27,2026-08-27,CM,NSE,STK,19877,INE919I01024,RADIOCITY,EQ,,,,,MUSIC BROADCAST LIMITED,6.62,6.82,6.50,6.57,6.60,6.62,,6.57,,,31627,208407.87,113,F1,1,,,,,
2026-08-27,2026-08-27,CM,NSE,STK,10415,INE296G01013,MUTHOOTCAP,EQ,,,,,MUTHOOT CAP SERV LTD,243.10,246.59,240.22,241.13,240.50,241.76,,241.19,,,5446,1320171.14,248,F1,1,,,,,
2026-08-27,2026-08-27,CM,NSE,STK,23650,INE414G01012,MUTHOOTFIN,EQ,,,,,MUTHOOT FINANCE LIMITED,3198.70,3246.50,3059.10,3085.00,3085.00,3206.90,,3085.12,,,1120055,3492911239.30,59433,F1,1,,,,,
2026-08-27,2026-08-27,CM,NSE,STK,20831,INE046W01019,MUTHOOTMF,EQ,,,,,MUTHOOT MICROFIN LIMITED,218.53,221.00,204.00,204.94,204.99,213.85,,204.94,,,590236,124699597.62,10653,F1,1,,,,,
2026-08-27,2026-08-27,CM,NSE,STK,764397,INE0OWZ01020,MVELECTRO,EQ,,,,,MV ELECTROSYSTEMS LIMITED,565.50,672.15,559.95,646.80,641.20,560.15,,646.85,,,14689330,9433219088.65,237934,F1,1,,,,,
2026-08-27,2026-08-27,CM,NSE,STK,25208,INE0RVQ01016,MYMUDRA,SM,,,,,MY MUDRA FINCORP LIMITED,73.05,73.05,71.15,72.25,72.25,73.05,,72.25,,,18000,1295340.00,15,F1,1200,,,,,
2026-08-27,2026-08-27,CM,NSE,STK,8220,INE741A01011,MYSORPETRO,BE,,,,,MYSORE PETRO CHEMICALS L,131.65,131.65,131.65,131.65,131.65,138.57,,131.65,,,2605,342948.25,59,F1,1,,,,,
2026-08-27,2026-08-27,CM,NSE,STK,20314,INE740D01017,NRAIL,EQ,,,,,N R AGARWAL INDS LTD,509.05,512.00,505.25,511.30,512.00,509.30,,511.19,,,5884,3003939.60,372,F1,1,,,,,
2026-08-27,2026-08-27,CM,NSE,STK,757492,INE104101014,NRVANDANA,ST,,,,,N R VANDANA TEX IND LTD,64.70,64.70,60.90,60.95,60.90,64.10,,60.95,,,12000,751350.00,4,F1,3000,,,,,
2026-08-27,2026-08-27,CM,NSE,STK,764798,INE920C01017,NTCIND,EQ,,,,,N T C INDUSTRIES LTD.,134.90,139.69,133.00,136.42,136.42,135.91,,135.71,,,541,72246.04,36,F1,1,,,,,
2026-08-27,2026-08-27,CM,NSE,STK,19111,INE365I01020,NBIFIN,EQ,,,,,N.B.I. IND. FIN. CO. LTD,1975.50,2020.00,1975.50,1980.10,1980.10,1990.00,,1980.10,,,66,131471.20,14,F1,1,,,,,
2026-08-27,2026-08-27,CM,NSE,STK,20425,INE295D01020,NACLIND,EQ,,,,,NACL INDUSTRIES LIMITED,178.00,179.28,174.10,174.80,174.78,177.61,,174.80,,,200406,35290826.63,4892,F1,1,,,,,
2026-08-27,2026-08-27,CM,NSE,STK,18371,INE756C01015,NDGL,EQ,,,,,NAGA DHUNSERI GROUP LTD,2889.00,2895.00,2802.80,2826.50,2839.90,2860.10,,2826.50,,,50,141944.10,23,F1,1,,,,,
2026-08-27,2026-08-27,CM,NSE,STK,14942,INE245I01016,NAGREEKCAP,EQ,,,,,NAGREEKA CAP & INFR.LTD,23.80,23.99,22.00,22.50,22.84,23.52,,22.51,,,3067,69080.63,58,F1,1,,,,,
2026-08-27,2026-08-27,CM,NSE,STK,14702,INE123B01028,NAGREEKEXP,EQ,,,,,NAGREEKA EXPORTS LTD.,22.80,22.80,22.10,22.52,22.33,22.06,,22.52,,,5505,124240.64,89,F1,1,,,,,
2026-08-27,2026-08-27,CM,NSE,STK,15360,INE049I01012,NAHARCAP,EQ,,,,,NAHAR CAP & FIN.,258.50,260.50,251.80,255.75,257.60,258.50,,255.50,,,1044,266954.22,50,F1,1,,,,,
2026-08-27,2026-08-27,CM,NSE,STK,13106,INE289A01011,NAHARINDUS,EQ,,,,,NAHAR INDS ENT LTD,135.00,140.70,135.00,138.10,138.95,135.92,,138.10,,,27875,3855455.44,443,F1,1,,,,,
2026-08-27,2026-08-27,CM,NSE,STK,14445,INE308A01027,NAHARPOLY,EQ,,,,,NAHAR POLY FILMS LIMITED,245.35,250.00,244.05,246.55,248.00,245.50,,246.55,,,6568,1618775.90,191,F1,1,,,,,
2026-08-27,2026-08-27,CM,NSE,STK,14440,INE290A01027,NAHARSPING,EQ,,,,,NAHAR SPINNING MILLS LTD.,298.50,298.50,290.00,291.25,291.55,294.10,,291.25,,,14921,4376205.65,582,F1,1,,,,,
2026-08-27,2026-08-27,CM,NSE,STK,5401,INE236Y01012,NGIL,EQ,,,,,NAKODA GROUP OF IND. LTD,38.80,42.69,37.00,41.96,42.30,38.81,,41.88,,,124146,5072577.72,383,F1,1,,,,,
2026-08-27,2026-08-27,CM,NSE,STK,11239,INE023A01030,NSIL,EQ,,,,,NALWA SONS INVESTMENT LTD,5777.00,5823.50,5725.00,5741.00,5725.00,5783.50,,5741.00,,,1718,9907368.50,323,F1,1,,,,,
2026-08-27,2026-08-27,CM,NSE,STK,23379,INE0RJM01010,NAMAN,SM,,,,,NAMAN INDUSTRE PRXIMA LTD,40.00,40.00,40.00,40.00,40.00,42.10,,40.00,,,2400,96000.00,2,F1,800,,,,,
2026-08-27,2026-08-27,CM,NSE,STK,25170,INE08NZ01012,NAMOEWASTE,ST,,,,,NAMO EWASTE MANAGEMENT L,278.00,282.50,277.00,279.75,280.50,279.25,,279.75,,,28000,7845000.00,35,F1,800,,,,,
2026-08-27,2026-08-27,CM,NSE,STK,31258,INE875G01048,NDL,EQ,,,,,NANDAN DENIM LIMITED,3.04,3.08,2.95,2.96,2.96,3.01,,2.96,,,1666013,4991742.07,1527,F1,1,,,,,
2026-08-27,2026-08-27,CM,NSE,STK,5516,INE696V01013,JAIPURKURT,EQ,,,,,NANDANI CREATION LIMITED,26.64,27.20,26.07,26.33,26.21,26.64,,26.33,,,8925,237013.29,111,F1,1,,,,,
2026-08-27,2026-08-27,CM,NSE,STK,11840,INE410P01011,NH,EQ,,,,,NARAYANA HRUDAYALAYA LTD.,1891.30,1922.00,1880.60,1903.80,1910.30,1882.70,,1903.81,,,314326,600460300.10,37618,F1,1,,,,,
2026-08-27,2026-08-27,CM,NSE,STK,11627,INE117Z01029,NARMADA,EQ,,,,,NARMADA AGROBASE LIMITED,13.97,14.51,13.80,13.87,14.10,13.97,,13.87,,,300260,4207927.73,1001,F1,1,,,,,
2026-08-27,2026-08-27,CM,NSE,STK,3918,INE987B01026,NATCOPHARM,EQ,,,,,NATCO PHARMA LTD.,868.00,869.90,853.00,857.60,855.50,863.40,,857.63,,,279220,239794954.75,25378,F1,1,,,,,
2026-08-27,2026-08-27,CM,NSE,STK,11065,INE448G01010,NATHBIOGEN,EQ,,,,,NATH BIO-GENES (I) LTD,155.00,155.00,152.27,153.86,154.00,152.81,,153.86,,,17896,2741853.41,249,F1,1,,,,,
2026-08-27,2026-08-27,CM,NSE,STK,6364,INE139A01034,NATIONALUM,EQ,,,,,NATIONAL ALUMINIUM CO LTD,399.30,403.35,388.00,389.30,389.30,399.30,,389.31,,,2903197,1143261375.45,41467,F1,1,,,,,
2026-08-27,2026-08-27,CM,NSE,STK,13925,INE870D01012,NFL,EQ,,,,,NATIONAL FERT. LTD,71.82,72.00,71.21,71.36,71.30,71.80,,71.36,,,430598,30766940.60,2790,F1,1,,,,,
2026-08-27,2026-08-27,CM,NSE,STK,6531,INE0H7R23014,NHIT,IV,,,,,NATIONAL HIGHW INFRA TRUS,171.00,171.00,171.00,171.00,171.00,172.90,,171.00,,,175000,29925000.00,4,F1,25000,,,,,
2026-08-27,2026-08-27,CM,NSE,STK,762807,INE166R01015,NATIONSTD,EQ,,,,,NATIONAL STAND (INDIA) L,103.44,107.45,103.44,103.44,103.44,108.88,,103.44,,,39226,4062606.16,371,F1,1,,,,,
2026-08-27,2026-08-27,CM,NSE,STK,29583,INE936B01015,NATCAPSUQ,EQ,,,,,NATURAL CAPSULES LIMITED,181.00,216.33,179.17,214.16,211.12,180.28,,214.22,,,268991,54850991.84,5210,F1,1,,,,,
2026-08-27,2026-08-27,CM,NSE,STK,4014,INE725A01030,NAVA,EQ,,,,,NAVA LIMITED,568.10,570.05,554.40,556.50,558.00,567.95,,556.51,,,186733,104385889.65,8031,F1,1,,,,,
2026-08-27,2026-08-27,CM,NSE,STK,14672,INE048G01026,NAVINFLUOR,EQ,,,,,NAVIN FLUORINE INT. LTD,8590.00,8625.00,8428.00,8567.50,8564.00,8553.00,,8567.67,,,161439,1378824679.50,34534,F1,1,,,,,
2026-08-27,2026-08-27,CM,NSE,STK,10557,INE278M01019,NAVKARCORP,EQ,,,,,NAVKAR CORPORATION LTD.,98.40,98.40,97.02,97.37,97.03,98.44,,97.37,,,101043,9843750.07,1332,F1,1,,,,,
2026-08-27,2026-08-27,CM,NSE,STK,29149,INE268H01044,NAVKARURB,BE,,,,,NAVKAR URBANSTRUCTURE LTD,0.95,0.97,0.94,0.95,0.94,0.97,,0.95,,,224155,214532.39,216,F1,1,,,,,
2026-08-27,2026-08-27,CM,NSE,STK,2385,INE060A01024,NAVNETEDUL,EQ,,,,,NAVNEET EDUCATION LTD,133.11,133.85,132.96,133.59,133.84,133.11,,133.59,,,50566,6746131.43,651,F1,1,,,,,
2026-08-27,2026-08-27,CM,NSE,STK,2987,INE418L01047,NAZARA,EQ,,,,,NAZARA TECHNOLOGIES LTD,355.75,359.50,351.00,354.50,356.25,356.35,,354.49,,,809757,287238190.40,10069,F1,1,,,,,
2026-08-27,2026-08-27,CM,NSE,STK,31415,INE095N01031,NBCC,EQ,,,,,NBCC (INDIA) LIMITED,89.25,89.67,88.42,88.60,88.60,89.21,,88.60,,,3405853,302688743.37,17278,F1,1,,,,,
2026-08-27,2026-08-27,CM,NSE,STK,2319,INE868B01028,NCC,EQ,,,,,NCC LIMITED,147.19,152.60,147.19,150.29,150.00,147.20,,150.29,,,4102590,616593530.49,34447,F1,1,,,,,
2026-08-27,2026-08-27,CM,NSE,STK,14490,INE732C01016,NCLIND,EQ,,,,,NCL INDUSTRIES LIMITED,181.85,183.47,177.05,178.61,177.05,181.85,,178.59,,,38756,6958996.53,3130,F1,1,,,,,
2026-08-27,2026-08-27,CM,NSE,STK,14547,INE353A01023,NDLVENTURE,EQ,,,,,NDL VENTURES LIMITED,126.85,126.85,118.00,122.62,124.10,123.17,,122.65,,,9645,1184146.74,150,F1,1,,,,,
2026-08-27,2026-08-27,CM,NSE,STK,22255,INE07OG01012,NDRAUTO,EQ,,,,,NDR AUTO COMPONENTS LTD,740.00,749.95,730.00,733.30,737.85,744.30,,733.30,,,9618,7075883.00,1232,F1,1,,,,,
2026-08-27,2026-08-27,CM,NSE,STK,11427,INE155G01029,NDTV,EQ,,,,,NDTV LTD,74.35,75.44,73.80,74.20,74.33,74.35,,74.19,,,48551,3600359.91,651,F1,1,,,,,
2026-08-27,2026-08-27,CM,NSE,STK,11927,INE023H01027,NECLIFE,EQ,,,,,NECTAR LIFESCIENCES LTD.,12.90,13.50,12.90,13.08,13.09,12.46,,13.09,,,1022442,13466110.72,2427,F1,1,,,,,
2026-08-27,2026-08-27,CM,NSE,STK,27123,INE0N1401016,NEELAM,SM,,,,,NEELAM LINENS & GAR (I) L,7.20,7.20,7.20,7.20,7.20,7.45,,7.20,,,12000,86400.00,2,F1,6000,,,,,
2026-08-27,2026-08-27,CM,NSE,STK,762812,INE605D01012,NEAGI,EQ,,,,,NEELAMALAI AGRO INDS. L,3400.00,3400.00,3306.00,3306.00,3306.00,3480.00,,3440.00,,,99,328943.50,24,F1,1,,,,,
2026-08-27,2026-08-27,CM,NSE,STK,14761,INE189I01024,NELCAST,EQ,,,,,NELCAST LIMITED,115.30,120.69,114.82,117.08,118.00,115.34,,117.10,,,311282,36541944.25,3933,F1,1,,,,,
2026-08-27,2026-08-27,CM,NSE,STK,2388,INE045B01015,NELCO,EQ,,,,,NELCO LTD,940.00,983.80,933.20,960.40,960.40,936.00,,960.43,,,521633,503630488.00,19725,F1,1,,,,,
2026-08-27,2026-08-27,CM,NSE,STK,760931,INE21UM01018,NEOCHEM,ST,,,,,NEOCHEM BIO SOLUTIONS LTD,95.20,98.90,95.00,98.65,98.90,98.50,,98.65,,,31200,3044400.00,16,F1,1200,,,,,
2026-08-27,2026-08-27,CM,NSE,STK,9917,INE136S01016,NEOGEN,EQ,,,,,NEOGEN CHEMICALS LIMITED,2183.00,2246.30,2173.00,2230.20,2226.90,2183.30,,2230.25,,,128727,286264821.30,17626,F1,1,,,,,
2026-08-27,2026-08-27,CM,NSE,STK,24350,INE0SUN01013,NEPHROCARE,SM,,,,,NEPHRO CARE INDIA LIMITED,97.00,107.70,96.05,101.85,103.85,98.65,,101.85,,,80000,8331520.00,134,F1,400,,,,,
2026-08-27,2026-08-27,CM,NSE,STK,760346,INE428V01029,NEPHROPLUS,EQ,,,,,NEPHROCARE HEALTH SERV L,693.65,699.30,683.00,685.45,684.00,693.65,,685.32,,,114061,78561048.20,6787,F1,1,,,,,
2026-08-27,2026-08-27,CM,NSE,STK,757493,INE156901014,NEPTUNE,SM,,,,,NEPTUNE PETROCHEMICALS L,175.20,175.20,175.20,175.20,175.20,175.20,,175.20,,,1000,175200.00,2,F1,500,,,,,
2026-08-27,2026-08-27,CM,NSE,STK,15409,INE317F01035,NESCO,EQ,,,,,NESCO LTD.,1024.00,1030.00,1015.00,1017.10,1015.70,1018.90,,1017.21,,,24736,25222456.10,3456,F1,1,,,,,
2026-08-27,2026-08-27,CM,NSE,STK,17963,INE239A01024,NESTLEIND,EQ,,,,,NESTLE INDIA LIMITED,1451.50,1465.00,1440.30,1450.00,1450.00,1451.50,,1450.00,,,637066,923469260.10,30532,F1,1,,,,,
2026-08-27,2026-08-27,CM,NSE,STK,17433,INE0NT901020,NETWEB,EQ,,,,,NETWEB TECH INDIA LTD,5380.00,5450.10,5250.00,5272.20,5295.10,5271.90,,5272.28,,,2077974,11071142691.00,156413,F1,1,,,,,
2026-08-27,2026-08-27,CM,NSE,STK,756324,INE0FFK01017,NPST,EQ,,,,,NETWORK PEOPLE SRV TECH L,1660.20,1690.00,1625.30,1638.80,1645.00,1660.20,,1638.72,,,20285,33472429.80,2571,F1,1,,,,,
2026-08-27,2026-08-27,CM,NSE,STK,14111,INE870H01013,NETWORK18,EQ,,,,,NETWORK18 MEDIA & INV LTD,30.44,30.45,28.98,29.14,29.02,30.45,,29.13,,,5882491,173883191.38,16644,F1,1,,,,,
2026-08-27,2026-08-27,CM,NSE,STK,30554,INE333I01044,NEUEON,BE,,,,,NEUEON CORPORATION LTD,13.40,13.40,12.73,12.73,12.73,13.40,,12.78,,,46111,590272.58,102,F1,1,,,,,
2026-08-27,2026-08-27,CM,NSE,STK,2406,INE794A01010,NEULANDLAB,EQ,,,,,NEULAND LAB LTD.,23545.00,23730.00,23350.00,23496.00,23500.00,23545.00,,23495.94,,,37696,887116532.00,12679,F1,1,,,,,
2026-08-27,2026-08-27,CM,NSE,STK,1164,INE619B01017,NEWGEN,EQ,,,,,NEWGEN SOFTWARE TECH LTD,525.10,531.55,520.20,523.00,522.15,524.35,,523.00,,,415158,217824849.95,14591,F1,1,,,,,
2026-08-27,2026-08-27,CM,NSE,STK,19161,INE0PW501021,NEWJAISA,ST,,,,,NEWJAISA TECHNOLOGIES LTD,17.30,17.30,17.30,17.30,17.30,17.00,,17.30,,,9000,155700.00,3,F1,1500,,,,,
2026-08-27,2026-08-27,CM,NSE,STK,28801,INE0TP801012,NMSTEEL,SM,,,,,NEWMALAYALAM STEEL LTD,23.00,24.00,23.00,24.00,24.00,23.00,,24.00,,,6400,152000.00,4,F1,1600,,,,,
2026-08-27,2026-08-27,CM,NSE,STK,9867,INE747B01016,NEXTMEDIA,EQ,,,,,NEXT MEDIAWORKS LIMITED,3.75,3.94,3.61,3.85,3.85,3.58,,3.85,,,21424,80217.45,76,F1,1,,,,,
2026-08-27,2026-08-27,CM,NSE,STK,15815,INE0NDH25011,NXST,RR,,,,,NEXUS SELECT TRUST,166.10,168.12,166.10,166.99,166.96,166.95,,166.99,,,284458,47576222.82,4296,F1,1,,,,,
2026-08-27,2026-08-27,CM,NSE,STK,763536,INE0T1501010,NFPSAMPOOR,SM,,,,,NFP SAMPOORNA FOODS LTD,22.25,22.25,21.80,22.00,22.00,22.05,,22.00,,,6000,132100.00,3,F1,2000,,,,,
2026-08-27,2026-08-27,CM,NSE,STK,10277,INE887E01022,NGLFINE,EQ,,,,,NGL FINE CHEM LIMITED,2877.30,2964.00,2830.60,2901.10,2865.00,2877.30,,2900.70,,,4203,12200128.10,1335,F1,1,,,,,
2026-08-27,2026-08-27,CM,NSE,STK,17400,INE848E01016,NHPC,EQ,,,,,NHPC LTD,76.04,76.55,75.24,76.55,76.55,76.24,,76.55,,,7001214,530399282.66,29653,F1,1,,,,,
2026-08-27,2026-08-27,CM,NSE,STK,29487,INE149O01018,NIBE,EQ,,,,,NIBE LIMITED,1395.10,1407.80,1378.10,1388.60,1391.90,1392.20,,1388.66,,,31196,43342508.30,2723,F1,1,,,,,
2026-08-27,2026-08-27,CM,NSE,STK,764793,INE653C01022,NICCOPAR,EQ,,,,,NICCO PARKS & RESORTS LTD,82.50,95.25,82.50,90.23,92.99,89.43,,90.27,,,4054,369319.28,157,F1,1,,,,,
2026-08-27,2026-08-27,CM,NSE,STK,6592,INE0J6L01013,NIDAN,SM,,,,,NIDAN LABS AND HEALTH LTD,13.30,13.70,13.05,13.05,13.05,13.30,,13.05,,,3000,40050.00,3,F1,1000,,,,,
2026-08-27,2026-08-27,CM,NSE,STK,17747,INE342G01023,NIITMTS,EQ,,,,,NIIT LEARNING SYSTEMS LTD,233.68,233.68,226.50,229.81,229.00,232.51,,229.81,,,112221,25739048.86,7098,F1,1,,,,,
2026-08-27,2026-08-27,CM,NSE,STK,11522,INE161A01038,NIITLTD,EQ,,,,,NIIT LIMITED,104.27,104.27,100.34,102.94,103.35,102.97,,102.94,,,611287,62734303.45,8029,F1,1,,,,,
2026-08-27,2026-08-27,CM,NSE,STK,758178,INE0FLF01015,NIKITA,SM,,,,,NIKITA GRENTEC RECYCL LTD,74.40,74.80,74.40,74.60,74.80,71.65,,74.60,,,2400,179040.00,2,F1,1200,,,,,
2026-08-27,2026-08-27,CM,NSE,STK,9253,INE937C01029,NILAINFRA,EQ,,,,,NILA INFRASTRUCTURES LTD,6.99,7.00,6.87,6.89,6.87,6.97,,6.90,,,231587,1601607.09,546,F1,1,,,,,
2026-08-27,2026-08-27,CM,NSE,STK,7411,INE00S901012,NILASPACES,EQ,,,,,NILA SPACES LIMITED,13.00,13.24,12.24,12.43,12.50,12.93,,12.43,,,2111213,26472903.76,3874,F1,1,,,,,
2026-08-27,2026-08-27,CM,NSE,STK,762817,INE445D01013,NILE,EQ,,,,,NILE LTD.,1472.10,1500.30,1470.20,1478.80,1479.00,1497.20,,1478.29,,,3554,5268763.50,504,F1,1,,,,,
2026-08-27,2026-08-27,CM,NSE,STK,2421,INE310A01015,NILKAMAL,EQ,,,,,NILKAMAL LIMITED,2107.20,2118.60,2062.10,2081.60,2084.60,2096.80,,2081.48,,,21992,45790577.60,2975,F1,1,,,,,
2026-08-27,2026-08-27,CM,NSE,STK,761720,INE875B01015,NIMBSPROJ,EQ,,,,,NIMBUS PROJECTS LIMITED,170.20,172.87,168.50,169.70,169.50,170.18,,169.74,,,92467,15860531.53,226,F1,1,,,,,
2026-08-27,2026-08-27,CM,NSE,STK,14194,INE395U01014,NINSYS,EQ,,,,,NINTEC SYSTEMS LIMITED,713.00,724.95,712.25,713.95,712.60,713.40,,714.77,,,1081,775539.60,135,F1,1,,,,,
2026-08-27,2026-08-27,CM,NSE,STK,11439,INF204KB15I9,BANKBEES,EQ,,,,,NIP IND ETF BANK BEES,599.99,601.00,596.45,596.79,596.90,599.57,,596.79,,,493847,295248926.67,5098,F1,1,,,,,
2026-08-27,2026-08-27,CM,NSE,STK,2435,INF204KA1LD7,CONSUMBEES,EQ,,,,,NIP IND ETF CONSUMPTION,134.28,134.28,133.01,133.22,133.82,133.77,,133.22,,,48955,6521002.40,812,F1,1,,,,,
2026-08-27,2026-08-27,CM,NSE,STK,2636,INF204KA1MS3,DIVOPPBEES,EQ,,,,,NIP IND ETF DIV OPP,77.36,78.60,76.35,77.32,77.50,77.91,,77.32,,,34071,2635152.99,805,F1,1,,,,,
2026-08-27,2026-08-27,CM,NSE,STK,9847,INF204KB18I3,NV20BEES,EQ,,,,,NIP IND ETF ETF NV20,140.06,140.09,138.72,139.41,139.10,140.01,,139.41,,,19695,2746766.26,249,F1,1,,,,,
2026-08-27,2026-08-27,CM,NSE,STK,14428,INF204KB17I5,GOLDBEES,EQ,,,,,NIP IND ETF GOLD BEES,131.24,131.49,128.15,130.05,130.19,132.37,,130.05,,,43844954,5701431553.41,130271,F1,1,,,,,
2026-08-27,2026-08-27,CM,NSE,STK,18284,INF204KB19I1,HNGSNGBEES,EQ,,,,,NIP IND ETF HANGSENG BEES,487.75,487.75,470.86,472.50,473.00,475.86,,472.52,,,80747,38223107.19,3871,F1,1,,,,,
2026-08-27,2026-08-27,CM,NSE,STK,20072,INF732E01268,INFRABEES,EQ,,,,,NIP IND ETF INFRA BEES,966.49,966.49,958.00,959.20,959.00,965.09,,959.27,,,11612,11149928.13,454,F1,1,,,,,
2026-08-27,2026-08-27,CM,NSE,STK,19084,INF204KB15V2,ITBEES,EQ,,,,,NIP IND ETF IT,34.10,34.60,33.60,33.71,33.79,33.76,,33.71,,,6466719,217894633.13,11680,F1,1,,,,,
2026-08-27,2026-08-27,CM,NSE,STK,10939,INF732E01045,JUNIORBEES,EQ,,,,,NIP IND ETF JUNIOR BEES,814.16,814.16,803.25,805.78,807.31,806.90,,805.78,,,369315,297357040.40,7087,F1,1,,,,,
2026-08-27,2026-08-27,CM,NSE,STK,11006,INF732E01037,LIQUIDBEES,EQ,,,,,NIP IND ETF LIQUID BEES,999.66,1000.01,999.66,1000.00,1000.00,1000.00,,1000.00,,,4828363,4828354921.31,4170,F1,1,,,,,
2026-08-27,2026-08-27,CM,NSE,STK,17700,INF204KB1882,LTGILTBEES,EQ,,,,,NIP IND ETF LONGTERM GILT,30.00,30.02,29.93,29.94,29.93,29.99,,29.94,,,710934,21304868.36,645,F1,1,,,,,
2026-08-27,2026-08-27,CM,NSE,STK,8506,INF204KB1V68,MID150BEES,EQ,,,,,NIP IND ETF MIDCAP 150,240.40,244.99,240.40,243.50,243.88,243.82,,243.50,,,475575,115898668.20,5032,F1,1,,,,,
2026-08-27,2026-08-27,CM,NSE,STK,29577,INF204K014N5,NIF100BEES,EQ,,,,,NIP IND ETF NIFTY 100,269.68,271.92,268.38,268.93,269.78,270.79,,268.94,,,24777,6668609.00,602,F1,1,,,,,
2026-08-27,2026-08-27,CM,NSE,STK,10576,INF204KB14I2,NIFTYBEES,EQ,,,,,NIP IND ETF NIFTY BEES,276.01,283.94,275.40,275.74,275.82,277.02,,275.74,,,6648075,1836381244.80,37712,F1,1,,,,,
2026-08-27,2026-08-27,CM,NSE,STK,15032,INF204KB16I7,PSUBNKBEES,EQ,,,,,NIP IND ETF PSU BANK BEES,96.42,97.20,95.90,96.08,96.05,96.91,,96.08,,,1126383,108533554.37,5008,F1,1,,,,,
2026-08-27,2026-08-27,CM,NSE,STK,17044,INF732E01128,SHARIABEES,EQ,,,,,NIP IND ETF SHARIAH BEES,458.89,464.61,454.30,458.14,456.02,458.89,,458.04,,,3881,1773819.59,402,F1,1,,,,,
2026-08-27,2026-08-27,CM,NSE,STK,357,INE298J01013,NAM-INDIA,EQ,,,,,NIPPON L I A M LTD,1223.00,1234.00,1195.80,1204.00,1204.00,1223.00,,1203.94,,,1049814,1271181274.90,52056,F1,1,,,,,
2026-08-27,2026-08-27,CM,NSE,STK,757725,INF204KC1FU1,LIQGRWBEES,EQ,,,,,NIPPONAMC - LIQGRWBEES,1053.24,1053.26,1053.24,1053.24,1053.24,1053.11,,1053.24,,,33383,35160430.24,127,F1,1,,,,,
2026-08-27,2026-08-27,CM,NSE,STK,758667,INF204KC1GH6,MANUFGBEES,EQ,,,,,NIPPONAMC - MANUFGBEES,167.11,167.22,166.07,166.66,167.12,167.20,,166.66,,,2617,435743.14,79,F1,1,,,,,
2026-08-27,2026-08-27,CM,NSE,STK,7880,INF204KC1337,AUTOBEES,EQ,,,,,NIPPONAMC - NETFAUTO,304.12,304.12,298.25,298.96,299.47,301.11,,298.96,,,175906,52589506.08,2952,F1,1,,,,,
2026-08-27,2026-08-27,CM,NSE,STK,4973,INF204KC1089,PHARMABEES,EQ,,,,,NIPPONAMC - NETFPHARMA,27.70,27.70,27.37,27.54,27.57,27.45,,27.54,,,3327348,91437001.96,8357,F1,1,,,,,
2026-08-27,2026-08-27,CM,NSE,STK,8080,INF204KC1402,SILVERBEES,EQ,,,,,NIPPONAMC - NETFSILVER,228.90,228.98,223.76,226.37,226.01,230.13,,226.37,,,27766700,6287940684.76,82111,F1,1,,,,,
2026-08-27,2026-08-27,CM,NSE,STK,757455,INF204KC1EZ3,SNXT30BEES,EQ,,,,,NIPPONAMC - SNXT30BEES,44.41,44.41,43.10,43.23,43.33,43.54,,43.23,,,59641,2578322.40,87,F1,1,,,,,
2026-08-27,2026-08-27,CM,NSE,STK,255,INE368I01016,NIRAJ,EQ,,,,,NIRAJ CEMENT STRUC LTD,29.20,29.79,28.51,28.57,29.00,29.12,,28.57,,,25049,726557.66,166,F1,1,,,,,
2026-08-27,2026-08-27,CM,NSE,STK,18840,INE326T01011,NIRAJISPAT,EQ,,,,,NIRAJ ISPAT IND LTD,216.00,257.00,216.00,246.59,236.90,216.00,,246.59,,,556,130300.84,17,F1,1,,,,,
2026-08-27,2026-08-27,CM,NSE,STK,2433,INE910A01012,NIRLON,EQ,,,,,NIRLON LTD,645.20,645.20,630.00,631.20,630.10,640.70,,631.58,,,5317,3371150.45,406,F1,1,,,,,
2026-08-27,2026-08-27,CM,NSE,STK,14722,INE0OK701014,NIRMAN,SM,,,,,NIRMAN AGRI GENTICS LTD,30.10,30.15,28.80,28.95,28.90,29.85,,28.95,,,21900,640980.00,68,F1,300,,,,,
2026-08-27,2026-08-27,CM,NSE,STK,13300,INE858F01012,NITCO,EQ,,,,,NITCO LIMITED,98.90,99.88,96.50,97.56,97.20,96.67,,97.55,,,819938,80002050.31,6449,F1,1,,,,,
2026-08-27,2026-08-27,CM,NSE,STK,13175,INE229H01012,NITINSPIN,EQ,,,,,NITIN SPINNERS LIMITED,628.25,631.00,616.10,620.45,621.50,627.00,,620.46,,,77358,48156634.85,4350,F1,1,,,,,
2026-08-27,2026-08-27,CM,NSE,STK,3247,INE439T01012,NITIRAJ,EQ,,,,,NITIRAJ ENGINEERS LTD,182.03,205.84,182.03,203.42,204.50,199.42,,203.42,,,1329,265914.77,68,F1,1,,,,,
2026-08-27,2026-08-27,CM,NSE,STK,762824,INE265B01019,NITTAGELA,EQ,,,,,NITTA GELATIN INDIA LTD.,1580.00,1598.00,1564.30,1589.50,1593.00,1567.80,,1587.96,,,3613,5730710.50,467,F1,1,,,,,
2026-08-27,2026-08-27,CM,NSE,STK,27097,INE995S01015,NIVABUPA,EQ,,,,,NIVA BUPA HEALTH INS CO L,82.18,82.89,82.11,82.50,82.57,82.17,,82.50,,,196144,16178266.35,4992,F1,1,,,,,
2026-08-27,2026-08-27,CM,NSE,STK,2439,INE542C01019,NKIND,EQ,,,,,NK INDUSTRIES LTD,64.45,66.00,57.00,59.65,61.00,59.09,,59.65,,,5547,336833.51,95,F1,1,,,,,
2026-08-27,2026-08-27,CM,NSE,STK,8585,INE589A01014,NLCINDIA,EQ,,,,,NLC INDIA LIMITED,272.70,272.70,268.00,268.80,268.50,271.40,,268.80,,,666043,179365716.15,18206,F1,1,,,,,
2026-08-27,2026-08-27,CM,NSE,STK,15332,INE584A01023,NMDC,EQ,,,,,NMDC LTD.,88.50,89.10,85.72,85.72,85.72,88.21,,85.72,,,16189617,1413710590.49,50849,F1,1,,,,,
2026-08-27,2026-08-27,CM,NSE,STK,14180,INE0NNS01018,NSLNISP,EQ,,,,,NMDC STEEL LIMITED,41.44,45.48,41.19,44.99,45.07,41.44,,44.99,,,86668492,3858492635.19,169917,F1,1,,,,,
2026-08-27,2026-08-27,CM,NSE,STK,2442,INE163A01018,NOCIL,EQ,,,,,NOCIL LIMITED,165.40,166.50,162.92,165.13,165.90,165.10,,165.13,,,847691,139618124.16,7187,F1,1,,,,,
2026-08-27,2026-08-27,CM,NSE,STK,10786,INE781B01015,NOIDATOLL,EQ,,,,,NOIDA TOLL BRIDGE CO LTD,4.14,4.18,4.06,4.13,4.12,4.13,,4.13,,,36328,148893.04,201,F1,1,,,,,
2026-08-27,2026-08-27,CM,NSE,STK,4160,INE369C01017,NORBTEAEXP,EQ,,,,,NORBEN TEA & EXPORTS LTD,67.40,69.89,67.20,67.30,67.20,70.02,,67.30,,,1136,76763.12,25,F1,1,,,,,
2026-08-27,2026-08-27,CM,NSE,STK,13533,INE553C01016,NECCLTD,BE,,,,,NORTH EAST CARRY CORP LTD,17.90,18.20,17.00,17.51,17.50,17.57,,17.51,,,342538,5994096.31,530,F1,1,,,,,
2026-08-27,2026-08-27,CM,NSE,STK,25426,INE850M01015,NORTHARC,EQ,,,,,NORTHERN ARC CAPITAL LTD,290.05,292.90,280.45,286.30,287.10,293.50,,286.33,,,4612806,1318108583.75,95682,F1,1,,,,,
2026-08-27,2026-08-27,CM,NSE,STK,22478,INE02H701025,NOVAAGRI,BE,,,,,NOVA AGRITECH LIMITED,24.98,24.98,24.10,24.24,24.30,24.91,,24.24,,,35667,867605.48,239,F1,1,,,,,
2026-08-27,2026-08-27,CM,NSE,STK,9007,INE234A01025,NOVARTIND,EQ,,,,,NOVARTIS INDIA LIMITED,1490.10,1505.00,1461.20,1490.20,1478.50,1490.10,,1490.40,,,6478,9585756.90,749,F1,1,,,,,
2026-08-27,2026-08-27,CM,NSE,STK,7553,INE349A01021,NRBBEARING,EQ,,,,,NRB BEARING LIMITED,473.50,480.00,465.00,466.60,466.50,473.65,,466.44,,,246960,116078035.25,9258,F1,1,,,,,
2026-08-27,2026-08-27,CM,NSE,STK,29733,INE047O01014,NIBL,EQ,,,,,NRB INDUS. BEARINGS LTD.,30.16,31.44,30.16,30.58,30.85,30.65,,30.59,,,13529,414117.93,116,F1,1,,,,,
2026-08-27,2026-08-27,CM,NSE,STK,27176,INE0ONG01011,NTPCGREEN,EQ,,,,,NTPC GREEN ENERGY LIMITED,91.35,91.62,90.70,90.99,91.00,91.27,,90.99,,,1161327,105751988.53,14569,F1,1,,,,,
2026-08-27,2026-08-27,CM,NSE,STK,11630,INE733E01010,NTPC,EQ,,,,,NTPC LTD,335.00,335.95,328.40,330.90,330.90,334.60,,329.90,,,12911842,4261940860.55,142938,F1,1,,,,,
2026-08-27,2026-08-27,CM,NSE,STK,10791,INE096B01018,NUCLEUS,EQ,,,,,NUCLEUS SOFTWARE EXPORTS,734.55,742.00,734.55,738.10,735.00,740.10,,737.70,,,12856,9504893.50,896,F1,1,,,,,
2026-08-27,2026-08-27,CM,NSE,STK,13680,INE0JM501013,NRL,BE,,,,,NUPUR RECYCLERS LIMITED,122.80,125.00,122.80,125.00,125.00,123.55,,125.00,,,101311,12605070.19,180,F1,1,,,,,
2026-08-27,2026-08-27,CM,NSE,STK,2353,INE0DSF01015,NURECA,BE,,,,,NURECA LIMITED,309.00,319.90,302.00,319.90,319.90,304.70,,319.94,,,8506,2677984.95,185,F1,1,,,,,
2026-08-27,2026-08-27,CM,NSE,STK,18721,INE531F01023,NUVAMA,EQ,,,,,NUVAMA WEALTH MANAGE LTD,1779.30,1793.00,1758.00,1784.00,1778.00,1779.30,,1784.01,,,180923,322180165.00,18029,F1,1,,,,,
2026-08-27,2026-08-27,CM,NSE,STK,5426,INE118D01016,NUVOCO,EQ,,,,,NUVOCO VISTAS CORP LTD,324.00,329.85,321.50,324.15,324.50,324.65,,324.11,,,394709,128823814.50,21087,F1,1,,,,,
2026-08-27,2026-08-27,CM,NSE,STK,24298,INE0SF023016,NXT-INFRA,IV,,,,,NXT-INFRA TRUST,98.99,98.99,96.76,97.06,97.06,96.80,,97.06,,,2500000,245040000.00,14,F1,25000,,,,,
2026-08-27,2026-08-27,CM,NSE,STK,8797,INE426Z01016,OBCL,EQ,,,,,OBCL LIMITED,58.00,58.00,55.70,56.16,56.10,57.68,,56.16,,,3976,225896.47,69,F1,1,,,,,
2026-08-27,2026-08-27,CM,NSE,STK,20242,INE093I01010,OBEROIRLTY,EQ,,,,,OBEROI REALTY LIMITED,1875.20,1875.30,1844.90,1872.90,1872.90,1870.00,,1872.90,,,270326,502941246.40,17787,F1,1,,,,,
2026-08-27,2026-08-27,CM,NSE,STK,25923,INE0YHV01011,OBSCP,SM,,,,,OBSC PERFECTION LIMITED,866.00,871.85,848.00,850.60,854.10,856.05,,850.60,,,26800,22995600.00,63,F1,400,,,,,
2026-08-27,2026-08-27,CM,NSE,STK,25920,INE0PK601023,OCCLLTD,BE,,,,,OCCL LIMITED,160.50,161.98,158.05,160.19,160.50,161.11,,160.22,,,25620,4094483.26,224,F1,1,,,,,
2026-08-27,2026-08-27,CM,NSE,STK,27571,INE054301028,ODIGMA,EQ,,,,,ODIGMA CONSULTANCY SOL L,22.50,23.49,22.15,22.73,22.90,22.53,,22.79,,,11102,252157.74,271,F1,1,,,,,
2026-08-27,2026-08-27,CM,NSE,STK,764803,INE839E01023,ODYCORP,EQ,,,,,ODYSSEY CORPORATION LTD.,7.59,7.59,7.06,7.10,7.10,7.11,,7.10,,,52084,371105.96,106,F1,1,,,,,
2026-08-27,2026-08-27,CM,NSE,STK,2475,INE213A01029,ONGC,EQ,,,,,OIL AND NATURAL GAS CORP.,232.21,234.44,231.10,232.00,232.00,232.21,,232.00,,,11219541,2609973867.17,110543,F1,1,,,,,
2026-08-27,2026-08-27,CM,NSE,STK,8109,INE591A01010,OILCOUNTUB,BE,,,,,OIL COUNTRY TUBULAR LTD.,58.80,60.30,58.80,59.79,60.30,59.69,,59.74,,,24477,1461722.19,83,F1,1,,,,,
2026-08-27,2026-08-27,CM,NSE,STK,17438,INE274J01014,OIL,EQ,,,,,OIL INDIA LTD,469.15,472.95,465.10,469.85,469.85,469.15,,469.84,,,1445687,679381997.90,19938,F1,1,,,,,
2026-08-27,2026-08-27,CM,NSE,STK,24777,INE0LXG01040,OLAELEC,EQ,,,,,OLA ELECTRIC MOBILITY LTD,38.00,38.14,37.30,37.63,37.65,38.00,,37.63,,,17733163,666549274.79,54923,F1,1,,,,,
2026-08-27,2026-08-27,CM,NSE,STK,10637,INE260D01016,OLECTRA,EQ,,,,,OLECTRA GREENTECH LIMITED,1330.00,1338.90,1317.40,1326.30,1329.00,1326.40,,1326.30,,,216139,287272514.10,13193,F1,1,,,,,
2026-08-27,2026-08-27,CM,NSE,STK,759412,INE1BZC01019,OMFREIGHT,BE,,,,,OM FREIGHT FORWARDERS LTD,90.50,92.92,90.01,90.27,90.01,90.46,,90.27,,,8416,761960.38,83,F1,1,,,,,
2026-08-27,2026-08-27,CM,NSE,STK,24231,INE239D01028,OMINFRAL,EQ,,,,,OM INFRA LIMITED,82.24,84.00,81.50,83.30,83.45,82.10,,83.29,,,48931,4032594.47,1307,F1,1,,,,,
2026-08-27,2026-08-27,CM,NSE,STK,762432,INE25E901019,OMPOWER,EQ,,,,,OM POWER TRANSMISSION LTD,172.84,173.00,170.00,172.27,172.00,172.84,,172.24,,,84420,14500102.92,1229,F1,1,,,,,
2026-08-27,2026-08-27,CM,NSE,STK,10922,INE090B01011,OMAXAUTO,EQ,,,,,OMAX AUTOS LTD,186.84,193.50,183.22,191.23,190.00,186.84,,191.25,,,38392,7290259.80,862,F1,1,,,,,
2026-08-27,2026-08-27,CM,NSE,STK,14853,INE800H01010,OMAXE,EQ,,,,,OMAXE LIMITED,108.00,115.00,107.21,113.38,113.00,109.37,,113.38,,,4979734,560870245.78,35770,F1,1,,,,,
2026-08-27,2026-08-27,CM,NSE,STK,760865,INE0UH301010,OMNI,EQ,,,,,OMNITECH ENGINEERING LTD,577.50,587.00,572.40,575.70,576.00,578.15,,575.73,,,237985,137473387.45,8574,F1,1,,,,,
2026-08-27,2026-08-27,CM,NSE,STK,19692,INE00ER01015,ONDOOR,SM,,,,,ON DOOR CONCEPTS LIMITED,291.15,314.85,290.00,302.55,302.55,300.05,,302.55,,,14100,4309515.00,36,F1,300,,,,,
2026-08-27,2026-08-27,CM,NSE,STK,6705,INE982J01020,PAYTM,EQ,,,,,ONE 97 COMMUNICATIONS LTD,1720.40,1731.00,1679.00,1679.00,1679.00,1716.00,,1679.18,,,3395055,5799763256.00,88285,F1,1,,,,,
2026-08-27,2026-08-27,CM,NSE,STK,765242,INE670O01013,ONEGLOBAL,EQ,,,,,ONE GLOBAL SERVICE PROV L,565.00,565.00,540.00,541.40,545.00,556.50,,542.43,,,8373,4571520.95,518,F1,1,,,,,
2026-08-27,2026-08-27,CM,NSE,STK,28046,INE0HLU01028,MOBIKWIK,EQ,,,,,ONE MOBIKWIK SYSTEMS LTD,195.25,196.40,190.10,191.55,191.00,194.88,,191.56,,,625739,120876411.23,6850,F1,1,,,,,
2026-08-27,2026-08-27,CM,NSE,STK,9939,INE840Y01029,ONEPOINT,EQ,,,,,ONE POINT ONE SOL LTD,55.62,55.70,54.75,55.54,55.49,55.51,,55.54,,,750084,41540262.18,1615,F1,1,,,,,
2026-08-27,2026-08-27,CM,NSE,STK,19386,INE0OPS01011,OLIL,SM,,,,,ONECLICK LOGISTICS IND L,405.00,405.00,382.05,391.85,382.05,399.50,,391.85,,,6800,2703900.00,14,F1,400,,,,,
2026-08-27,2026-08-27,CM,NSE,STK,25496,INE912L01015,ONELIFECAP,BE,,,,,ONELIFE CAP ADVISORS LTD,31.50,32.00,30.07,31.79,32.00,31.50,,31.82,,,17353,539775.29,77,F1,1,,,,,
2026-08-27,2026-08-27,CM,NSE,STK,763294,INE12F801023,KISSHT,EQ,,,,,ONEMI TECHNOLOGY SOL LTD,306.40,309.50,297.00,303.10,303.65,306.55,,303.10,,,1710152,519861997.10,32985,F1,1,,,,,
2026-08-27,2026-08-27,CM,NSE,STK,29224,INE013P01021,ONESOURCE,EQ,,,,,ONESOURCE SPECL PHARMA L,1493.90,1551.00,1491.10,1517.50,1527.90,1483.60,,1517.50,,,315066,479699938.00,19587,F1,1,,,,,
2026-08-27,2026-08-27,CM,NSE,STK,2202,INE831A01028,ONIDA,EQ,,,,,ONIDA ELECTRONICS LIMITED,37.58,37.58,36.00,36.24,36.07,36.80,,36.24,,,366341,13363903.88,994,F1,1,,,,,
2026-08-27,2026-08-27,CM,NSE,STK,764808,INE173M01012,ONIXSOLAR,EQ,,,,,ONIX SOLAR ENERGY LTD.,296.70,303.05,284.75,301.00,302.00,288.65,,300.85,,,350922,103552288.45,3734,F1,1,,,,,
2026-08-27,2026-08-27,CM,NSE,STK,15282,INE809I01019,ONMOBILE,BE,,,,,ONMOBILE GLOBAL LTD.,52.59,52.59,52.59,52.59,52.59,53.66,,52.63,,,14260,749933.40,102,F1,1,,,,,
2026-08-27,2026-08-27,CM,NSE,STK,2481,INE229A01017,ONWARDTEC,EQ,,,,,ONWARD TECHNOLOGIES LTD,283.05,294.35,283.05,285.60,285.15,283.40,,285.60,,,39930,11505337.80,1044,F1,1,,,,,
2026-08-27,2026-08-27,CM,NSE,STK,27143,INE0WVU01018,ONYX,ST,,,,,ONYX BIOTEC LIMITED,42.05,42.05,42.05,42.05,42.05,42.05,,42.05,,,8000,336400.00,3,F1,2000,,,,,
2026-08-27,2026-08-27,CM,NSE,STK,21469,INE350C01017,OPTIEMUS,EQ,,,,,OPTIEMUS INFRACOM LTD,583.40,587.40,574.40,576.45,576.70,584.45,,576.43,,,121096,70312045.75,5384,F1,1,,,,,
2026-08-27,2026-08-27,CM,NSE,STK,764813,INE031G01022,OPTIFIN,EQ,,,,,OPTIMUS FINANCE LTD.,13.94,13.94,12.90,13.09,13.09,13.82,,13.06,,,50770,666525.32,156,F1,1,,,,,
2026-08-27,2026-08-27,CM,NSE,STK,764531,INE1JZB01022,OPTIMYSTIX,ST,,,,,OPTIMYSTIX ENT INDIA LTD,173.00,175.00,170.00,171.85,173.95,173.00,,171.85,,,64000,11068720.00,45,F1,800,,,,,
2026-08-27,2026-08-27,CM,NSE,STK,758903,INE15B101011,OPTIVALUE,ST,,,,,OPTIVALUE TEK CONSULT LTD,195.00,199.00,190.00,190.75,190.00,192.00,,190.75,,,14400,2792000.00,9,F1,1600,,,,,
2026-08-27,2026-08-27,CM,NSE,STK,10738,INE881D01027,OFSS,EQ,,,,,ORACLE FIN SERV SOFT LTD.,11840.00,11916.00,11720.00,11855.00,11855.00,11800.00,,11855.00,,,186762,2205789137.00,27717,F1,1,,,,,
2026-08-27,2026-08-27,CM,NSE,STK,31479,INE231G01010,ORBTEXP,BE,,,,,ORBIT EXPORTS LIMITED,240.00,242.00,237.00,239.09,238.50,237.00,,239.12,,,1445,345059.50,32,F1,1,,,,,
2026-08-27,2026-08-27,CM,NSE,STK,29492,INE215B01022,ORCHASP,EQ,,,,,ORCHASP LIMITED,1.39,1.47,1.39,1.43,1.44,1.39,,1.43,,,239511,341640.46,208,F1,1,,,,,
2026-08-27,2026-08-27,CM,NSE,STK,926,INE191A01027,ORCHPHARMA,EQ,,,,,ORCHID PHARMA LIMITED,973.35,984.00,923.70,928.80,930.00,973.35,,928.81,,,177784,167365599.10,15112,F1,1,,,,,
2026-08-27,2026-08-27,CM,NSE,STK,17882,INE0OUT01019,ORIANA,SM,,,,,ORIANA POWER LIMITED,1347.95,1353.00,1285.00,1301.90,1300.00,1322.95,,1301.90,,,32100,42157226.25,348,F1,75,,,,,
2026-08-27,2026-08-27,CM,NSE,STK,10159,INE730A01022,ORICONENT,EQ,,,,,ORICON ENTERPRISES LTD,56.98,56.98,55.01,55.40,55.49,56.65,,55.40,,,23280,1290488.91,292,F1,1,,,,,
2026-08-27,2026-08-27,CM,NSE,STK,14278,INE607D01018,ORIENTBELL,EQ,,,,,ORIENT BELL LIMITED,379.10,382.05,371.10,377.20,377.00,378.20,,377.12,,,37203,14015295.40,810,F1,1,,,,,
2026-08-27,2026-08-27,CM,NSE,STK,30089,INE876N01018,ORIENTCEM,EQ,,,,,ORIENT CEMENT LTD.,134.86,134.86,131.00,131.41,131.51,134.48,,131.41,,,105869,14032140.03,1947,F1,1,,,,,
2026-08-27,2026-08-27,CM,NSE,STK,13111,INE569C01020,ORIENTCER,EQ,,,,,ORIENT CERATECH LIMITED,46.69,47.14,44.81,45.29,45.23,45.29,,45.29,,,150649,6940594.26,2416,F1,1,,,,,
2026-08-27,2026-08-27,CM,NSE,STK,2972,INE142Z01019,ORIENTELEC,EQ,,,,,ORIENT ELECTRIC LIMITED,187.00,187.00,177.14,179.46,180.30,185.92,,179.46,,,230617,41681040.34,4415,F1,1,,,,,
2026-08-27,2026-08-27,CM,NSE,STK,20110,INE999K01014,GREENPOWER,EQ,,,,,ORIENT GREEN POWER CO LTD,9.54,9.59,9.32,9.41,9.42,9.53,,9.41,,,2260892,21340268.73,2905,F1,1,,,,,
2026-08-27,2026-08-27,CM,NSE,STK,2493,INE750A01020,ORIENTHOT,EQ,,,,,ORIENT HOTELS LTD,140.91,141.00,138.50,139.15,139.40,140.91,,139.15,,,831862,116164349.31,4871,F1,1,,,,,
2026-08-27,2026-08-27,CM,NSE,STK,2496,INE592A01026,ORIENTPPR,EQ,,,,,ORIENT PAPER AND INDS LTD,17.00,17.28,16.92,17.04,17.10,17.03,,17.04,,,119793,2043568.01,415,F1,1,,,,,
2026-08-27,2026-08-27,CM,NSE,STK,18211,INE609C01024,ORIENTLTD,BE,,,,,ORIENT PRESS LIMITED,83.34,85.49,83.03,83.03,85.44,84.19,,83.03,,,4091,346094.63,55,F1,1,,,,,
2026-08-27,2026-08-27,CM,NSE,STK,24961,INE0PPK01015,ORIENTTECH,EQ,,,,,ORIENT TECHNOLOGIES LTD,248.25,248.25,242.85,243.65,244.00,245.55,,243.67,,,58999,14391791.75,1601,F1,1,,,,,
2026-08-27,2026-08-27,CM,NSE,STK,10768,INE959C01023,OAL,EQ,,,,,ORIENTAL AROMATICS LTD,400.00,432.55,400.00,428.95,427.50,401.25,,428.95,,,565331,238159740.75,21263,F1,1,,,,,
2026-08-27,2026-08-27,CM,NSE,STK,764818,INE457G01029,ORIRAIL,EQ,,,,,ORIENTAL RAIL INFRA L,131.61,133.85,125.70,126.56,126.10,132.99,,126.47,,,128112,16548829.76,2479,F1,1,,,,,
2026-08-27,2026-08-27,CM,NSE,STK,14346,INE998H01012,ORIENTALTL,EQ,,,,,ORIENTAL TRIMEX LTD,5.30,5.30,5.01,5.14,5.15,5.13,,5.14,,,54620,278911.95,236,F1,1,,,,,
2026-08-27,2026-08-27,CM,NSE,STK,19931,INE725E01024,ORISSAMINE,EQ,,,,,ORISSA MIN DEV CO LTD,4555.00,4625.80,4515.30,4543.50,4564.10,4572.20,,4543.07,,,7028,32126367.30,1802,F1,1,,,,,
2026-08-27,2026-08-27,CM,NSE,STK,759569,INE16NZ01023,ORKLAINDIA,EQ,,,,,ORKLA INDIA LIMITED,575.95,609.90,575.95,606.00,608.00,579.80,,605.96,,,407447,242139883.75,13178,F1,1,,,,,
2026-08-27,2026-08-27,CM,NSE,STK,2979,INE749B01020,ORTINGLOBE,EQ,,,,,ORTIN GLOBAL LIMITED,14.72,15.74,14.72,15.10,15.44,15.35,,15.06,,,4209,63138.00,37,F1,1,,,,,
2026-08-27,2026-08-27,CM,NSE,STK,25386,INE0RMF01018,OSELDEVICE,SM,,,,,OSEL DEVICES LIMITED,392.90,393.50,385.15,391.95,390.00,392.90,,391.95,,,10200,3978110.00,48,F1,200,,,,,
2026-08-27,2026-08-27,CM,NSE,STK,12643,INE06IR01021,OSIAHYPER,BE,,,,,OSIA HYPER RETAIL LIMITED,2.81,2.81,2.57,2.61,2.62,2.70,,2.61,,,611170,1608552.25,486,F1,1,,,,,
2026-08-27,2026-08-27,CM,NSE,STK,2514,INE142A01012,OSWALAGRO,EQ,,,,,OSWAL AGRO MILLS LTD,36.61,37.80,36.61,36.86,36.78,36.79,,36.87,,,14188,524983.29,144,F1,1,,,,,
2026-08-27,2026-08-27,CM,NSE,STK,471,INE143A01010,OSWALGREEN,EQ,,,,,OSWAL GREENTECH LIMITED,21.12,21.18,20.73,20.90,20.90,20.79,,20.91,,,102763,2153159.32,581,F1,1,,,,,
2026-08-27,2026-08-27,CM,NSE,STK,756802,INE0BYP01024,OSWALPUMPS,EQ,,,,,OSWAL PUMPS LIMITED,300.00,301.00,295.35,298.40,297.55,295.35,,298.40,,,235063,70131416.60,4354,F1,1,,,,,
2026-08-27,2026-08-27,CM,NSE,STK,22914,INE0R8M01017,OWAIS,ST,,,,,OWAIS METAL & MINERAL,73.85,74.25,72.20,74.25,74.25,70.75,,74.25,,,98500,7300320.00,222,F1,100,,,,,
2026-08-27,2026-08-27,CM,NSE,STK,765145,INE501F01018,PBMPOLY,EQ,,,,,P B M POLYTEX LTD.,60.00,60.50,58.00,60.20,60.20,60.30,,60.10,,,65,3923.20,6,F1,1,,,,,
2026-08-27,2026-08-27,CM,NSE,STK,25312,INE953R01016,PNGJL,EQ,,,,,P N GADGIL JEWELLERS LTD,597.00,601.00,582.75,594.55,593.35,595.70,,594.56,,,552777,327704990.15,18779,F1,1,,,,,
2026-08-27,2026-08-27,CM,NSE,STK,764845,INE035S01028,POEL,EQ,,,,,P O C L ENTERPRISES LTD.,149.65,153.78,149.65,150.60,152.38,150.86,,150.68,,,11911,1800302.79,232,F1,1,,,,,
2026-08-27,2026-08-27,CM,NSE,STK,29665,INE0XUS01020,PSRAJ,ST,,,,,P S RAJ STEELS LIMITED,81.00,81.00,80.00,80.00,80.00,84.00,,80.00,,,15000,1207625.00,6,F1,2500,,,,,
2026-08-27,2026-08-27,CM,NSE,STK,2535,INE179A01014,PGHH,EQ,,,,,P&G HYGIENE & HEALTH CARE,8125.00,8208.50,8085.00,8102.50,8100.00,8136.50,,8102.57,,,7803,63484529.00,2122,F1,1,,,,,
2026-08-27,2026-08-27,CM,NSE,STK,759342,INE0S3G01027,PACEDIGITK,EQ,,,,,PACE DIGITEK LIMITED,180.25,182.06,179.00,179.15,179.14,181.47,,179.14,,,285578,51351497.22,2913,F1,1,,,,,
2026-08-27,2026-08-27,CM,NSE,STK,764823,INE883C01025,PACIFICI,EQ,,,,,PACIFIC INDUSTRIES LTD.,149.60,149.60,135.30,137.63,137.50,146.67,,137.64,,,651,89707.86,31,F1,1,,,,,
2026-08-27,2026-08-27,CM,NSE,STK,14413,INE761H01022,PAGEIND,EQ,,,,,PAGE INDUSTRIES LTD,35160.00,36215.00,35160.00,35800.00,35800.00,35155.00,,35800.00,,,28033,1005465540.00,10765,F1,1,,,,,
2026-08-27,2026-08-27,CM,NSE,STK,25468,INE420C01059,PAISALO,EQ,,,,,PAISALO DIGITAL LIMITED,68.06,68.50,67.53,67.83,68.15,68.04,,67.83,,,4630410,315076106.74,14520,F1,1,,,,,
2026-08-27,2026-08-27,CM,NSE,STK,17197,INE551D01018,PAKKA,EQ,,,,,PAKKA LIMITED,80.60,81.79,77.10,77.64,77.55,80.52,,77.64,,,111632,8817997.85,2366,F1,1,,,,,
2026-08-27,2026-08-27,CM,NSE,STK,21383,INE471W01019,PALASHSECU,EQ,,,,,PALASH SECURITIES LTD,91.90,91.90,87.50,89.78,89.89,92.56,,89.78,,,3706,327233.12,193,F1,1,,,,,
2026-08-27,2026-08-27,CM,NSE,STK,17059,INE218G01033,PALREDTEC,BE,,,,,PALRED TECHNOLOGIES LTD,57.17,58.85,56.05,56.08,56.05,56.05,,56.09,,,6535,379028.28,58,F1,1,,,,,
2026-08-27,2026-08-27,CM,NSE,STK,4055,INE922B01023,PANACEABIO,EQ,,,,,PANACEA BIOTEC LTD,398.20,399.95,390.00,393.25,395.00,397.95,,393.25,,,65254,25687383.25,1832,F1,1,,,,,
2026-08-27,2026-08-27,CM,NSE,STK,16355,INE895W01019,PANACHE,BE,,,,,PANACHE DIGILIFE LIMITED,519.85,519.85,519.85,519.85,519.85,530.45,,519.85,,,3611,1877178.35,57,F1,1,,,,,
2026-08-27,2026-08-27,CM,NSE,STK,25392,INE305C01029,PANAMAPET,EQ,,,,,PANAMA PETROCHEM LTD,484.85,485.10,466.55,470.75,470.00,480.30,,470.79,,,291022,137333908.40,9625,F1,1,,,,,
2026-08-27,2026-08-27,CM,NSE,STK,765140,INE258R01028,PANORAMA,EQ,,,,,PANORAMA STUDIOS INTL. L,48.65,49.29,47.50,48.26,48.50,48.65,,48.33,,,255386,12356797.82,791,F1,1,,,,,
2026-08-27,2026-08-27,CM,NSE,STK,6141,INE697V01011,PANSARI,EQ,,,,,PANSARI DEVELOPERS LTD,324.00,324.00,311.10,315.00,315.00,324.00,,315.00,,,17,5396.05,7,F1,1,,,,,
2026-08-27,2026-08-27,CM,NSE,STK,5631,INE04LG01015,PAR,EQ,,,,,PAR DRUGS AND CHEM LTD,99.99,99.99,99.16,99.56,99.20,99.54,,99.56,,,10240,1019152.26,67,F1,1,,,,,
2026-08-27,2026-08-27,CM,NSE,STK,9741,INE088F01024,PARADEEP,EQ,,,,,PARADEEP PHOSPHATES LTD,162.91,162.92,159.61,160.55,160.55,163.84,,160.55,,,4038004,649485161.46,36098,F1,1,,,,,
2026-08-27,2026-08-27,CM,NSE,STK,17130,INE883N01014,PARAGMILK,EQ,,,,,PARAG MILK FOODS LTD.,245.80,249.00,240.25,241.17,240.25,244.77,,241.16,,,743453,181119332.06,11676,F1,1,,,,,
2026-08-27,2026-08-27,CM,NSE,STK,19779,INE0N4G01012,PARAGON,SM,,,,,PARAGON FINE S.C. LTD.,48.60,48.60,47.00,47.05,47.05,48.80,,47.05,,,14400,690600.00,11,F1,1200,,,,,
2026-08-27,2026-08-27,CM,NSE,STK,13951,INE074B01023,PARACABLES,EQ,,,,,PARAMOUNT COMM LTD,60.08,61.52,58.28,59.37,59.06,60.08,,59.37,,,1875208,112347660.08,6688,F1,1,,,,,
2026-08-27,2026-08-27,CM,NSE,STK,25716,INE0TG801013,PARAMOUNT,SM,,,,,PARAMOUNT DYE TEC LIMITED,31.55,31.55,31.00,31.00,31.00,32.55,,31.00,,,4800,149460.00,4,F1,1200,,,,,
2026-08-27,2026-08-27,CM,NSE,STK,25431,INE0Q6001012,PSFL,SM,,,,,PARAMOUNT SPECIALI FORG L,31.00,31.00,31.00,31.00,31.00,31.05,,31.00,,,2000,62000.00,1,F1,2000,,,,,
2026-08-27,2026-08-27,CM,NSE,STK,5911,INE045601023,PARAS,EQ,,,,,PARAS DEF AND SPCE TECH L,1497.50,1506.00,1451.00,1454.80,1460.00,1492.70,,1454.83,,,613310,902229745.50,28926,F1,1,,,,,
2026-08-27,2026-08-27,CM,NSE,STK,3972,INE162C01024,PARASPETRO,EQ,,,,,PARAS PETROFILS LTD.,2.30,2.39,2.21,2.24,2.25,2.30,,2.24,,,292645,674814.80,322,F1,1,,,,,
2026-08-27,2026-08-27,CM,NSE,STK,5460,INE00U801010,PARIN,SM,,,,,PARIN ENTERPRISES LIMITED,720.00,725.00,710.00,710.00,710.00,716.50,,710.00,,,3000,2152675.00,8,F1,250,,,,,
2026-08-27,2026-08-27,CM,NSE,STK,760351,INE119201023,PARKHOSPS,EQ,,,,,PARK MEDI WORLD LIMITED,289.30,292.00,285.30,290.15,291.00,289.20,,290.13,,,576513,166896443.75,7310,F1,1,,,,,
2026-08-27,2026-08-27,CM,NSE,STK,22649,INE988S01028,PARKHOTELS,EQ,,,,,PARKHOTELS,112.75,114.59,111.71,112.11,112.99,113.64,,112.13,,,214064,24057440.07,1905,F1,1,,,,,
2026-08-27,2026-08-27,CM,NSE,STK,764833,INE383L01019,PARNAXLAB,EQ,,,,,PARNAX LAB LTD.,123.41,123.41,123.40,123.41,123.41,123.71,,122.00,,,1460,180178.35,17,F1,1,,,,,
2026-08-27,2026-08-27,CM,NSE,STK,13795,INE561H01026,PARSVNATH,BE,,,,,PARSVNATH DEVELOPER LTD,1.43,1.43,1.42,1.43,1.43,1.41,,1.43,,,6548674,9364359.18,660,F1,1,,,,,
2026-08-27,2026-08-27,CM,NSE,STK,758217,INE1H7V01011,PARTH,SM,,,,,PARTH ELEC & ENG LTD,490.00,490.00,478.00,478.00,478.00,490.00,,478.00,,,7600,3676040.00,19,F1,400,,,,,
2026-08-27,2026-08-27,CM,NSE,STK,2599,INE06ZX01015,PARTYCRUS,SM,,,,,PARTY CRUISERS LIMITED,78.55,78.55,78.55,78.55,78.55,83.50,,78.55,,,1000,78550.00,1,F1,1000,,,,,
2026-08-27,2026-08-27,CM,NSE,STK,757955,INE124Y01028,PASHUPATI,EQ,,,,,PASHUPATI COTSPIN LIMITED,85.25,85.25,83.82,84.17,84.48,84.09,,84.17,,,11357,958916.29,495,F1,1,,,,,
2026-08-27,2026-08-27,CM,NSE,STK,6048,INE818B01023,PASUPTAC,BE,,,,,PASUPATI ACRYLON LIMITED,63.35,63.35,61.10,62.15,62.39,62.12,,62.11,,,38145,2354228.47,188,F1,1,,,,,
2026-08-27,2026-08-27,CM,NSE,STK,17029,INE619A01035,PATANJALI,EQ,,,,,PATANJALI FOODS LIMITED,348.00,348.85,345.25,348.25,348.25,348.15,,348.30,,,1056545,366630802.90,44514,F1,1,,,,,
2026-08-27,2026-08-27,CM,NSE,STK,11699,INE244B01030,PATELENG,EQ,,,,,PATEL ENGINEERING LTD.,28.65,29.55,28.56,29.08,28.98,28.64,,29.08,,,4636446,134558010.54,12203,F1,1,,,,,
2026-08-27,2026-08-27,CM,NSE,STK,15223,INE529D01014,PATINTLOG,BE,,,,,PATEL INT. LOG. LTD,13.30,13.30,12.70,13.08,13.02,13.10,,13.08,,,74642,980495.17,144,F1,1,,,,,
2026-08-27,2026-08-27,CM,NSE,STK,759439,INE0R8B01010,PATELRMART,EQ,,,,,PATEL RETAIL LIMITED,232.99,237.85,231.00,234.25,233.99,233.12,,234.25,,,74789,17535611.60,2034,F1,1,,,,,
2026-08-27,2026-08-27,CM,NSE,STK,756963,INE17GV01016,PATILAUTOM,SM,,,,,PATIL AUTOMATION LIMITED,234.00,235.00,229.00,230.70,229.50,232.50,,230.70,,,56400,13127700.00,75,F1,600,,,,,
2026-08-27,2026-08-27,CM,NSE,STK,762834,INE291E01019,PML,EQ,,,,,PAUL MERCHANTS LTD.,499.00,499.00,485.35,498.00,498.00,499.65,,498.00,,,262,129131.40,26,F1,1,,,,,
2026-08-27,2026-08-27,CM,NSE,STK,759969,INE111F01024,PAUSHAKLTD,EQ,,,,,PAUSHAK LIMITED,746.15,754.65,735.10,738.20,735.15,750.55,,737.66,,,7797,5786550.75,668,F1,1,,,,,
2026-08-27,2026-08-27,CM,NSE,STK,16192,INE07S101038,PAVNAIND,EQ,,,,,PAVNA INDUSTRIES LIMITED,18.84,18.89,18.11,18.51,18.69,18.51,,18.49,,,348252,6477326.24,96,F1,1,,,,,
2026-08-27,2026-08-27,CM,NSE,STK,6656,INE417T01026,POLICYBZR,EQ,,,,,PB FINTECH LIMITED,1852.00,1852.00,1821.10,1837.90,1837.90,1840.00,,1837.67,,,1734864,3194307257.60,55436,F1,1,,,,,
2026-08-27,2026-08-27,CM,NSE,STK,29124,INE785M01021,PCJEWELLER,EQ,,,,,PC JEWELLER LTD,11.17,11.32,10.92,11.01,10.96,11.23,,11.01,,,332871058,3696340887.69,90437,F1,1,,,,,
2026-08-27,2026-08-27,CM,NSE,STK,2649,INE602A01031,PCBL,EQ,,,,,PCBL CHEMICAL LIMITED,326.90,327.95,321.35,323.00,322.50,325.65,,322.98,,,455268,147555618.70,11426,F1,1,,,,,
2026-08-27,2026-08-27,CM,NSE,STK,5264,INE111Q01021,PDSL,EQ,,,,,PDS LIMITED,370.35,375.45,359.65,366.55,367.00,369.10,,366.55,,,95276,34840647.85,3123,F1,1,,,,,
2026-08-27,2026-08-27,CM,NSE,STK,14260,INE940H01022,PGIL,EQ,,,,,PEARL GLOBAL IND LIMITED,2280.00,2315.20,2262.00,2294.80,2305.00,2289.60,,2294.70,,,58387,133455600.90,7271,F1,1,,,,,
2026-08-27,2026-08-27,CM,NSE,STK,2610,INE844A01013,PEARLPOLY,EQ,,,,,PEARL POLYMERS LTD,15.52,15.94,15.00,15.18,15.13,15.52,,15.18,,,14297,218910.29,107,F1,1,,,,,
2026-08-27,2026-08-27,CM,NSE,STK,25408,INE0VG601013,PELATRO,SM,,,,,PELATRO LIMITED,377.00,380.00,368.25,370.00,370.00,377.30,,370.00,,,11400,4280055.00,19,F1,300,,,,,
2026-08-27,2026-08-27,CM,NSE,STK,5358,INE138A01028,PENINLAND,BE,,,,,PENINSULA LAND LIMITED,18.25,18.30,17.50,17.88,17.80,17.67,,17.88,,,197931,3585057.36,362,F1,1,,,,,
2026-08-27,2026-08-27,CM,NSE,STK,20621,INE932A01024,PENIND,EQ,,,,,PENNAR INDUSTRIES LTD,157.50,164.40,156.18,160.90,160.02,156.50,,160.89,,,725935,116407906.70,7669,F1,1,,,,,
2026-08-27,2026-08-27,CM,NSE,STK,17132,INE0ORS01017,PENTAGON,SM,,,,,PENTAGON RUBBER LIMITED,50.80,50.80,50.30,50.55,50.30,52.00,,50.55,,,4000,202250.00,4,F1,1000,,,,,
2026-08-27,2026-08-27,CM,NSE,STK,758121,INE925S01012,PERFECT,SZ,,,,,PERFECT INFRAENGINEER LTD,2.10,2.10,2.10,2.10,2.10,2.20,,2.10,,,3000,6300.00,1,F1,3000,,,,,
2026-08-27,2026-08-27,CM,NSE,STK,764838,INE418E01018,PERMAGN,EQ,,,,,PERMANENT MAGNETS LTD.,900.55,900.55,864.00,869.45,865.75,900.55,,870.76,,,2080,1819407.80,376,F1,1,,,,,
2026-08-27,2026-08-27,CM,NSE,STK,18365,INE262H01021,PERSISTENT,EQ,,,,,PERSISTENT SYSTEMS LTD,5640.00,5679.50,5597.00,5654.00,5654.00,5590.50,,5653.96,,,191424,1081162548.00,17153,F1,1,,,,,
2026-08-27,2026-08-27,CM,NSE,STK,24290,INE998U01015,PCCL,SM,,,,,PETRO CARBON AND CHEMI L,365.00,388.00,365.00,381.00,381.00,358.35,,381.00,,,64000,24202560.00,122,F1,400,,,,,
2026-08-27,2026-08-27,CM,NSE,STK,11351,INE347G01014,PETRONET,EQ,,,,,PETRONET LNG LIMITED,290.00,293.35,289.60,290.95,290.95,289.00,,290.95,,,1988032,580866513.45,62181,F1,1,,,,,
2026-08-27,2026-08-27,CM,NSE,STK,760801,INE134E07DP0,7PFCL31,N3,,,,,PFCL 7.00% 2031 SR I,1005.01,1005.01,1005.01,1005.01,1005.01,1000.01,,1005.01,,,10,10050.10,1,F1,1,,,,,
2026-08-27,2026-08-27,CM,NSE,STK,2643,INE182A01018,PFIZER,EQ,,,,,PFIZER LTD,4816.90,4819.10,4730.00,4740.40,4744.00,4802.50,,4740.52,,,20922,99542985.40,4733,F1,1,,,,,
2026-08-27,2026-08-27,CM,NSE,STK,759564,INE140A07773,935PFL33,N3,,,,,PFL 9.35% SR IV 20233,1095.05,1095.05,1095.05,1095.05,1095.05,1091.50,,1095.05,,,100,109505.00,1,F1,1,,,,,
2026-08-27,2026-08-27,CM,NSE,STK,25358,INE457L01029,PGEL,EQ,,,,,PG ELECTROPLAST LTD,587.15,604.70,587.15,596.00,596.00,587.15,,596.00,,,1069342,640181538.20,24689,F1,1,,,,,
2026-08-27,2026-08-27,CM,NSE,STK,11612,INE0MLZ01019,PHANTOMFX,SM,,,,,PHANTOM DIGITAL EFF LTD,115.50,120.00,115.50,117.05,117.00,118.30,,117.05,,,19800,2316045.00,50,F1,300,,,,,
2026-08-27,2026-08-27,CM,NSE,STK,2658,INE245B01011,PHOENXINTL,EQ,,,,,PHOENIX INTERNATIONAL LTD,32.00,32.04,30.05,30.31,31.50,30.66,,30.18,,,928,28585.67,34,F1,1,,,,,
2026-08-27,2026-08-27,CM,NSE,STK,25513,INE0FPO01018,PHOGLOBAL,SM,,,,,PHOENIX OVERSEAS LIMITED,15.95,16.00,15.95,16.00,16.00,16.00,,16.00,,,4000,63900.00,2,F1,2000,,,,,
2026-08-27,2026-08-27,CM,NSE,STK,759723,INE0LP301011,PWL,EQ,,,,,PHYSICSWALLAH LIMITED,127.60,128.25,122.65,124.09,123.60,126.13,,124.08,,,8276711,1037543363.36,47456,F1,1,,,,,
2026-08-27,2026-08-27,CM,NSE,STK,24184,INE603J01030,PIIND,EQ,,,,,PI INDUSTRIES LTD,2508.30,2536.50,2460.00,2467.00,2467.00,2508.30,,2467.24,,,107358,267627318.40,12997,F1,1,,,,,
2026-08-27,2026-08-27,CM,NSE,STK,757754,INE546C01010,PICCADIL,EQ,,,,,PICCADILY AGRO INDUSTRI L,668.80,668.80,651.10,653.85,653.05,665.30,,653.92,,,107744,71124278.65,6366,F1,1,,,,,
2026-08-27,2026-08-27,CM,NSE,STK,24785,INE0YAL01017,PPSL,SM,,,,,PICTUREPOST STUDIOS LTD,2.60,2.75,2.60,2.75,2.75,2.65,,2.75,,,63000,169950.00,20,F1,3000,,,,,
2026-08-27,2026-08-27,CM,NSE,STK,2664,INE318A01026,PIDILITIND,EQ,,,,,PIDILITE INDUSTRIES LTD,1650.00,1668.50,1640.00,1656.00,1656.00,1650.00,,1656.00,,,852620,1416562347.40,31553,F1,1,,,,,
2026-08-27,2026-08-27,CM,NSE,STK,30835,INE600A01035,PILITA,EQ,,,,,PIL ITALICA LIFESTYLE LTD,8.14,8.40,8.10,8.11,8.12,8.14,,8.11,,,86576,712492.53,137,F1,1,,,,,
2026-08-27,2026-08-27,CM,NSE,STK,11445,INE417C01014,PILANIINVS,EQ,,,,,PILANI INV & IND COR LTD,4424.90,4450.00,4350.00,4363.80,4360.20,4424.90,,4363.80,,,1684,7413963.70,289,F1,1,,,,,
2026-08-27,2026-08-27,CM,NSE,STK,759820,INE15B701018,PINELABS,EQ,,,,,PINE LABS LIMITED,170.20,173.10,168.50,169.67,169.25,166.88,,169.66,,,31650500,5403637304.39,167494,F1,1,,,,,
2026-08-27,2026-08-27,CM,NSE,STK,13463,INE156C01018,PIONEEREMB,EQ,,,,,PIONEER EMBROIDERIES LTD,22.00,22.00,21.95,21.98,21.95,21.92,,21.99,,,2199,48334.20,27,F1,1,,,,,
2026-08-27,2026-08-27,CM,NSE,STK,762832,INE746D01014,PIONRINV,BE,,,,,PIONEER INVESTCORP LTD.,78.98,82.69,78.98,80.72,79.00,78.98,,80.72,,,721,58098.64,15,F1,1,,,,,
2026-08-27,2026-08-27,CM,NSE,STK,759551,INE202B01038,PIRAMALFIN,EQ,,,,,PIRAMAL FINANCE LIMITED,2228.00,2241.20,2201.50,2228.70,2225.10,2221.40,,2228.74,,,322634,718287641.60,30003,F1,1,,,,,
2026-08-27,2026-08-27,CM,NSE,STK,11571,INE0DK501011,PPLPHARMA,EQ,,,,,PIRAMAL PHARMA LIMITED,211.90,219.50,210.65,214.95,214.90,211.29,,214.95,,,4647834,1000211171.39,52292,F1,1,,,,,
2026-08-27,2026-08-27,CM,NSE,STK,14134,INE450D01021,PITTIENG,EQ,,,,,PITTI ENGINEERING LIMITED,1125.00,1149.50,1105.00,1129.65,1130.00,1123.45,,1129.62,,,153159,172755528.20,10491,F1,1,,,,,
2026-08-27,2026-08-27,CM,NSE,STK,9087,INE751B01018,PIXTRANS,EQ,,,,,PIX TRANSMISSIONS LIMITED,1810.10,1892.10,1810.10,1863.60,1852.70,1810.10,,1863.46,,,28376,52679695.90,3894,F1,1,,,,,
2026-08-27,2026-08-27,CM,NSE,STK,13920,INE083C01022,PLASTIBLEN,EQ,,,,,PLASTIBLENDS INDIA LTD,190.25,196.19,189.00,189.24,189.00,188.89,,189.27,,,16361,3131331.91,705,F1,1,,,,,
2026-08-27,2026-08-27,CM,NSE,STK,22930,INE0PT501018,PLATIND,EQ,,,,,PLATINUM INDUSTRIES LTD,218.39,231.95,216.41,227.31,227.20,218.31,,227.30,,,146353,33041952.22,2979,F1,1,,,,,
2026-08-27,2026-08-27,CM,NSE,STK,19458,INE0INJ01017,PLAZACABLE,EQ,,,,,PLAZA WIRES LIMITED,52.50,54.00,50.22,51.30,50.71,52.22,,51.31,,,46229,2388115.95,620,F1,1,,,,,
2026-08-27,2026-08-27,CM,NSE,STK,8736,INE859A01011,PNBGILTS,EQ,,,,,PNB GILTS LIMITED,79.87,79.87,77.40,77.96,77.99,79.40,,77.96,,,265347,20774803.94,2149,F1,1,,,,,
2026-08-27,2026-08-27,CM,NSE,STK,18908,INE572E01012,PNBHOUSING,EQ,,,,,PNB HOUSING FIN LTD.,1177.00,1195.00,1176.60,1178.00,1178.00,1185.00,,1178.00,,,388513,460123226.20,27834,F1,1,,,,,
2026-08-27,2026-08-27,CM,NSE,STK,9385,INE195J01029,PNCINFRA,EQ,,,,,PNC INFRATECH LTD.,201.90,203.00,197.37,198.34,198.56,201.32,,198.31,,,360275,71645262.23,14192,F1,1,,,,,
2026-08-27,2026-08-27,CM,NSE,STK,760242,INE1RDG01013,PNGSREVA,EQ,,,,,PNGS REVA DIAMOND JEWEL L,563.65,564.90,538.10,542.90,541.05,555.65,,542.89,,,127409,70058197.95,4826,F1,1,,,,,
2026-08-27,2026-08-27,CM,NSE,STK,19036,INE371C01013,PODDARMENT,EQ,,,,,PODDAR PIGMENTS LIMITED,248.35,251.35,242.75,245.80,250.50,248.30,,245.80,,,2808,694021.10,81,F1,1,,,,,
2026-08-27,2026-08-27,CM,NSE,STK,17651,INE637C01025,POKARNA,EQ,,,,,POKARNA LIMITED,869.70,876.25,852.95,855.30,853.60,869.60,,855.26,,,31056,26760605.40,2315,F1,1,,,,,
2026-08-27,2026-08-27,CM,NSE,STK,25718,INE205C01021,POLYMED,EQ,,,,,POLY MEDICURE LIMITED,1712.00,1727.50,1682.30,1712.60,1713.00,1711.20,,1712.57,,,109590,186718078.30,14206,F1,1,,,,,
2026-08-27,2026-08-27,CM,NSE,STK,9590,INE455K01017,POLYCAB,EQ,,,,,POLYCAB INDIA LIMITED,9148.00,9188.00,8906.00,9079.00,9079.00,9060.00,,9077.03,,,477929,4320216595.50,59391,F1,1,,,,,
2026-08-27,2026-08-27,CM,NSE,STK,2687,INE633B01018,POLYPLEX,EQ,,,,,POLYPLEX CORPORATION LTD,1172.50,1181.50,1147.10,1149.20,1153.90,1175.40,,1149.19,,,43298,50167765.10,3475,F1,1,,,,,
2026-08-27,2026-08-27,CM,NSE,STK,22711,INE517M01028,POLYSIL,SM,,,,,POLYSIL IRRIGATION SYST L,48.10,52.65,48.10,52.65,52.65,50.15,,52.65,,,59000,3067025.00,76,F1,500,,,,,
2026-08-27,2026-08-27,CM,NSE,STK,765150,INE914G01029,POLYSPIN,EQ,,,,,POLYSPIN EXPORTS LTD.,29.00,31.93,28.00,31.93,31.93,29.50,,31.93,,,114,3311.70,12,F1,1,,,,,
2026-08-27,2026-08-27,CM,NSE,STK,14385,INE063E01061,POCL,EQ,,,,,PONDY OXIDES & CHEM LTD,510.90,515.90,501.50,511.30,509.25,512.45,,511.31,,,317241,161862560.05,9453,F1,1,,,,,
2026-08-27,2026-08-27,CM,NSE,STK,10661,INE838E01017,PONNIERODE,EQ,,,,,PONNIE SUGARS (ERODE) LTD,392.00,395.25,379.95,382.00,381.25,391.05,,381.75,,,52604,20343131.95,2831,F1,1,,,,,
2026-08-27,2026-08-27,CM,NSE,STK,11403,INE511C01022,POONAWALLA,EQ,,,,,POONAWALLA FINCORP LTD,474.65,484.00,471.75,482.35,481.00,472.65,,482.34,,,1434979,688706231.75,33667,F1,1,,,,,
2026-08-27,2026-08-27,CM,NSE,STK,23142,INE772T01024,PVSL,EQ,,,,,POPULAR VEHICLES N SER L,106.53,109.80,105.63,106.08,106.00,106.53,,106.08,,,28688,3071068.78,527,F1,1,,,,,
2026-08-27,2026-08-27,CM,NSE,STK,24864,INE0S3H01017,POSITRON,SM,,,,,POSITRON ENERGY LIMITED,167.75,167.75,165.00,167.45,167.50,167.75,,167.45,,,2400,401520.00,6,F1,300,,,,,
2026-08-27,2026-08-27,CM,NSE,STK,14299,INE134E01011,PFC,EQ,,,,,POWER FIN CORP LTD.,361.75,362.30,352.35,355.85,355.85,364.10,,355.85,,,12745960,4530822270.70,128508,F1,1,,,,,
2026-08-27,2026-08-27,CM,NSE,STK,14977,INE752E01010,POWERGRID,EQ,,,,,POWER GRID CORP. LTD.,264.80,266.30,262.30,264.90,264.90,265.20,,264.88,,,7118715,1880433636.95,77487,F1,1,,,,,
2026-08-27,2026-08-27,CM,NSE,STK,15716,INE557Z01018,PIGL,EQ,,,,,POWER INSTRUMENT (G) LTD,103.00,106.00,101.00,101.85,102.90,101.41,,101.85,,,23137,2364014.35,401,F1,1,,,,,
2026-08-27,2026-08-27,CM,NSE,STK,10473,INE211R01019,POWERMECH,EQ,,,,,POWER MECH PROJECTS LTD.,2513.90,2570.00,2513.90,2547.40,2552.00,2513.30,,2547.33,,,49931,127146431.60,8464,F1,1,,,,,
2026-08-27,2026-08-27,CM,NSE,STK,3494,INE0GGX23010,PGINVIT,IV,,,,,POWERGRID INFRA. INVITS,100.48,100.48,99.45,99.64,99.50,100.00,,99.64,,,1376496,137505041.34,8546,F1,1,,,,,
2026-08-27,2026-08-27,CM,NSE,STK,761680,INE921L01032,POWERICA,EQ,,,,,POWERICA LIMITED,532.00,534.40,516.15,519.00,517.15,532.00,,519.05,,,108857,56760026.50,5211,F1,1,,,,,
2026-08-27,2026-08-27,CM,NSE,STK,15213,INE095I01015,PPAP,BE,,,,,PPAP AUTOMOTIVE LIMITED,266.90,267.00,256.30,260.45,261.15,261.65,,260.30,,,7022,1839761.05,141,F1,1,,,,,
2026-08-27,2026-08-27,CM,NSE,STK,30134,INE0I0M01023,PRABHA,EQ,,,,,PRABHA ENERGY LIMITED,209.16,213.80,205.00,206.86,206.00,209.16,,206.87,,,81746,17177078.42,825,F1,1,,,,,
2026-08-27,2026-08-27,CM,NSE,STK,762842,INE770A01010,PRADPME,BE,,,,,PRADEEP METALS LTD.,510.00,512.00,495.10,496.20,495.10,510.00,,497.12,,,9807,4947825.40,82,F1,1,,,,,
2026-08-27,2026-08-27,CM,NSE,STK,2705,INE074A01025,PRAJIND,EQ,,,,,PRAJ INDUSTRIES LTD,350.95,357.15,348.35,354.40,354.00,350.25,,354.38,,,783561,277925856.45,13095,F1,1,,,,,
2026-08-27,2026-08-27,CM,NSE,STK,13941,INE505C01016,PRAENG,EQ,,,,,PRAJAY ENG. SYN. LTD.,19.85,20.00,19.31,19.76,19.74,19.44,,19.77,,,11024,218428.52,85,F1,1,,,,,
2026-08-27,2026-08-27,CM,NSE,STK,2708,INE603A01013,PRAKASH,EQ,,,,,PRAKASH INDUSTRIES LTD,131.00,131.23,126.70,127.31,126.70,129.94,,127.33,,,241618,31022697.51,3226,F1,1,,,,,
2026-08-27,2026-08-27,CM,NSE,STK,10299,INE050001010,PPL,BE,,,,,PRAKASH PIPES LIMITED,267.00,267.00,259.00,259.95,259.10,264.65,,259.96,,,19605,5148226.10,283,F1,1,,,,,
2026-08-27,2026-08-27,CM,NSE,STK,19599,INE696K01024,PRAKASHSTL,EQ,,,,,PRAKASH STEELAGE LTD,3.87,3.98,3.87,3.88,3.88,3.87,,3.88,,,96363,377111.55,254,F1,1,,,,,
2026-08-27,2026-08-27,CM,NSE,STK,18514,INE0O7A01017,PRAMARA,SM,,,,,PRAMARA PROMOTIONS LTD,113.50,114.30,109.70,110.00,110.00,113.50,,110.00,,,9000,1013475.00,16,F1,500,,,,,
2026-08-27,2026-08-27,CM,NSE,STK,765290,INE2JG601017,PRAMODINI,ST,,,,,PRAMODINI MEDICARE LTD,121.50,121.50,117.05,117.15,117.10,121.25,,117.15,,,56400,6690360.00,43,F1,1200,,,,,
2026-08-27,2026-08-27,CM,NSE,STK,25818,INE0VJG01014,PRANIK,SM,,,,,PRANIK LOGISTICS LIMITED,41.00,42.00,41.00,42.00,42.00,41.00,,42.00,,,6400,267200.00,4,F1,1600,,,,,
2026-08-27,2026-08-27,CM,NSE,STK,21840,INE393P01035,DIAMONDYD,EQ,,,,,PRATAAP SNACKS LIMITED,1168.20,1187.20,1158.40,1175.00,1173.00,1167.30,,1175.14,,,35814,42275191.30,1158,F1,1,,,,,
2026-08-27,2026-08-27,CM,NSE,STK,23113,INE0QA601016,PRATHAM,SM,,,,,PRATHAM EPC PROJECTS LTD,121.00,121.00,116.15,120.05,120.05,120.40,,120.05,,,5200,626060.00,8,F1,400,,,,,
2026-08-27,2026-08-27,CM,NSE,STK,762844,INE722B01019,PRAVEG,EQ,,,,,PRAVEG LTD.,260.75,281.00,257.00,275.00,275.45,262.25,,275.09,,,414062,113820042.65,8205,F1,1,,,,,
2026-08-27,2026-08-27,CM,NSE,STK,1204,INE546Y01022,PRAXIS,EQ,,,,,PRAXIS HOME RETAIL LTD,5.19,5.19,4.94,4.98,4.94,5.13,,4.98,,,137214,692441.24,235,F1,1,,,,,
2026-08-27,2026-08-27,CM,NSE,STK,12603,INE484I01029,PRECAM,EQ,,,,,PRECISION CAMSHAFTS LTD.,129.10,130.50,124.55,125.80,127.00,129.27,,125.82,,,131571,16671263.28,3060,F1,1,,,,,
2026-08-27,2026-08-27,CM,NSE,STK,7963,INE0HKW01018,PRECISION,ST,,,,,PRECISION METALIKS LTD,7.00,7.25,7.00,7.00,7.00,6.95,,7.00,,,8000,57000.00,4,F1,2000,,,,,
2026-08-27,2026-08-27,CM,NSE,STK,2717,INE372C01037,PRECWIRE,EQ,,,,,PRECISION WIRES INDIA LTD,433.00,436.55,421.20,422.80,426.00,432.25,,422.81,,,350769,149650468.40,14014,F1,1,,,,,
2026-08-27,2026-08-27,CM,NSE,STK,2711,INE283A01014,PRECOT,EQ,,,,,PRECOT LIMITED,696.35,712.85,690.00,703.75,711.00,695.45,,703.75,,,1662,1162928.85,196,F1,1,,,,,
2026-08-27,2026-08-27,CM,NSE,STK,762849,INE001E01012,PREMCO,EQ,,,,,PREMCO GLOBAL LTD.,381.45,393.00,370.05,384.35,389.45,381.45,,383.85,,,381,145684.30,38,F1,1,,,,,
2026-08-27,2026-08-27,CM,NSE,STK,25049,INE0BS701011,PREMIERENE,EQ,,,,,PREMIER ENERGIES LIMITED,1003.00,1020.00,985.10,1000.00,1000.00,1005.00,,1000.01,,,1498122,1501473389.80,45092,F1,1,,,,,
2026-08-27,2026-08-27,CM,NSE,STK,17397,INE863B01029,PREMEXPLN,EQ,,,,,PREMIER EXPLOSIVES LTD,671.95,673.95,665.00,666.25,666.10,671.20,,666.26,,,83749,55970987.80,1722,F1,1,,,,,
2026-08-27,2026-08-27,CM,NSE,STK,6248,INE342A01018,PREMIER,BE,,,,,PREMIER LIMITED,2.84,2.84,2.73,2.83,2.84,2.71,,2.86,,,8470,24023.15,26,F1,1,,,,,
2026-08-27,2026-08-27,CM,NSE,STK,3908,INE309M01020,PREMIERPOL,EQ,,,,,PREMIER POLYFILM LTD,91.55,95.90,88.00,95.21,95.60,90.79,,95.21,,,830116,77635184.42,8537,F1,1,,,,,
2026-08-27,2026-08-27,CM,NSE,STK,23764,INE0CFG01012,PRLIND,SM,,,,,PREMIER ROADLINES LIMITED,43.25,43.25,42.15,42.60,43.00,42.50,,42.60,,,26000,1113750.00,20,F1,1000,,,,,
2026-08-27,2026-08-27,CM,NSE,STK,20498,INE0R1601012,PRESSTONIC,SM,,,,,PRESSTONIC ENGINEERING L,39.00,39.40,37.05,37.70,37.05,38.65,,37.70,,,36800,1400920.00,36,F1,800,,,,,
2026-08-27,2026-08-27,CM,NSE,STK,20302,INE811K01011,PRESTIGE,EQ,,,,,PRESTIGE ESTATE LTD,1623.60,1635.90,1609.60,1623.00,1623.00,1615.10,,1623.00,,,264298,427769047.40,15364,F1,1,,,,,
2026-08-27,2026-08-27,CM,NSE,STK,19631,INE726V01018,PRICOLLTD,EQ,,,,,PRICOL LIMITED,781.00,796.75,764.15,776.70,773.00,780.70,,776.66,,,441982,346926180.80,24457,F1,1,,,,,
2026-08-27,2026-08-27,CM,NSE,STK,759075,INE0CQA01020,PRIMECAB,ST,,,,,PRIME CABLE INDUSTRIES L,215.30,215.30,205.05,205.10,205.10,215.00,,205.10,,,27200,5639280.00,15,F1,1600,,,,,
2026-08-27,2026-08-27,CM,NSE,STK,13496,INE367G01038,PFOCUS,EQ,,,,,PRIME FOCUS LIMITED,301.95,303.30,295.00,295.65,296.85,302.55,,295.62,,,403749,120321409.40,9974,F1,1,,,,,
2026-08-27,2026-08-27,CM,NSE,STK,11864,INE032B01021,PRIMESECU,EQ,,,,,PRIME SECURITIES LIMITED,281.70,284.05,275.20,279.90,283.00,283.80,,279.74,,,5727,1602357.20,294,F1,1,,,,,
2026-08-27,2026-08-27,CM,NSE,STK,756925,INE607A01022,PRIMO,EQ,,,,,PRIMO CHEMICALS LIMITED,21.60,21.62,21.00,21.49,21.54,21.28,,21.49,,,104515,2238149.04,800,F1,1,,,,,
2026-08-27,2026-08-27,CM,NSE,STK,16045,INE689W01016,PRINCEPIPE,EQ,,,,,PRINCE PIPES FITTINGS LTD,300.00,303.00,293.40,295.65,293.45,298.40,,295.62,,,330658,98610765.70,7247,F1,1,,,,,
2026-08-27,2026-08-27,CM,NSE,STK,2739,INE010A01011,PRSMJOHNSN,EQ,,,,,PRISM JOHNSON LIMITED,112.00,112.19,110.90,111.16,111.35,112.29,,111.16,,,370685,41278082.68,4834,F1,1,,,,,
2026-08-27,2026-08-27,CM,NSE,STK,765155,INE286N01028,PRISMX,EQ,,,,,PRISMX GLOBAL VENTURES L,0.54,0.55,0.52,0.53,0.54,0.54,,0.53,,,83271,44410.56,91,F1,1,,,,,
2026-08-27,2026-08-27,CM,NSE,STK,8310,INE974Z01015,PRITI,BE,,,,,PRITI INTERNATIONAL LTD,34.08,35.95,34.08,34.20,34.20,35.21,,34.20,,,1802,62939.56,57,F1,1,,,,,
2026-08-27,2026-08-27,CM,NSE,STK,5296,INE583R01029,PRITIKAUTO,BE,,,,,PRITIKA AUTO INDUS LTD,17.59,18.18,16.62,17.25,17.38,17.32,,17.25,,,165150,2877829.01,417,F1,1,,,,,
2026-08-27,2026-08-27,CM,NSE,STK,12971,INE0MJQ01020,PRITIKA,SM,,,,,PRITIKA ENG COMPO LTD,59.00,61.80,59.00,61.80,61.80,59.00,,61.80,,,18000,1106800.00,3,F1,2000,,,,,
2026-08-27,2026-08-27,CM,NSE,STK,9342,INE392B01011,PNC,EQ,,,,,PRITISH NANDY COMMUNICATI,17.07,17.60,16.99,17.44,17.40,16.99,,17.44,,,3159,54736.27,106,F1,1,,,,,
2026-08-27,2026-08-27,CM,NSE,STK,8825,INE959A01019,PRIVISCL,EQ,,,,,PRIVI SPECIALITY CHE LTD,3480.00,3489.00,3450.00,3456.60,3460.00,3458.40,,3456.62,,,27749,96319268.20,6242,F1,1,,,,,
2026-08-27,2026-08-27,CM,NSE,STK,24511,INE0V9N01017,PRIZOR,ST,,,,,PRIZOR VIZTECH LIMITED,1066.10,1066.10,1066.10,1066.10,1066.10,1045.20,,1066.10,,,37200,39658920.00,73,F1,400,,,,,
2026-08-27,2026-08-27,CM,NSE,STK,757806,INE0VJT01017,PROFX,SM,,,,,PRO FX TECH LIMITED,76.80,76.80,76.80,76.80,76.80,76.10,,76.80,,,1600,122880.00,1,F1,1600,,,,,
2026-08-27,2026-08-27,CM,NSE,STK,940,INE199A01012,PGHL,EQ,,,,,PROCTER & GAMBLE HEALTH L,5720.00,5781.50,5713.00,5722.50,5713.00,5766.00,,5723.38,,,9113,52302779.50,2183,F1,1,,,,,
2026-08-27,2026-08-27,CM,NSE,STK,19352,INE994V01012,PROLIFE,SM,,,,,PROLIFE INDUSTRIES LTD,79.00,79.00,79.00,79.00,79.00,79.00,,79.00,,,500,39500.00,1,F1,500,,,,,
2026-08-27,2026-08-27,CM,NSE,STK,764345,INE1FFX01018,PROPSHOP,SM,,,,,PROPSHOP EVENTS AND EXH L,74.30,76.75,74.05,74.70,74.70,76.10,,74.70,,,40000,3024800.00,20,F1,2000,,,,,
2026-08-27,2026-08-27,CM,NSE,STK,758173,INE0BX301013,PROSTARM,EQ,,,,,PROSTARM INFO SYSTEMS LTD,137.12,137.50,132.00,132.52,132.32,135.88,,132.53,,,124540,16692621.94,2256,F1,1,,,,,
2026-08-27,2026-08-27,CM,NSE,STK,29472,INE004A01022,PROTEAN,EQ,,,,,PROTEAN EGOV TECHNO LTD,566.00,572.00,553.10,556.90,555.00,565.70,,556.88,,,244683,137560920.45,7333,F1,1,,,,,
2026-08-27,2026-08-27,CM,NSE,STK,16483,INE0ONE01016,PROV,SM,,,,,PROVENTUS AGROCOM LIMITED,1900.00,1900.00,1880.00,1880.00,1880.00,1875.00,,1880.00,,,160,302400.00,2,F1,80,,,,,
2026-08-27,2026-08-27,CM,NSE,STK,28859,INE195N01013,PROZONER,EQ,,,,,PROZONE REALTY LIMITED,45.88,45.88,42.91,44.21,44.95,43.51,,44.22,,,253149,11097253.17,1603,F1,1,,,,,
2026-08-27,2026-08-27,CM,NSE,STK,9553,INE00F201020,PRUDENT,EQ,,,,,PRUDENT CORP ADV SER LTD,3405.00,3509.90,3351.00,3473.50,3440.00,3345.10,,3473.55,,,60513,208169474.30,11592,F1,1,,,,,
2026-08-27,2026-08-27,CM,NSE,STK,20528,INE024D01016,PRUDMOULI,BE,,,,,PRUDENTIAL SUGAR CORPORAT,15.65,16.40,15.60,16.11,16.20,16.42,,16.27,,,32869,515664.06,59,F1,1,,,,,
2026-08-27,2026-08-27,CM,NSE,STK,20877,INE488V01015,PSPPROJECT,EQ,,,,,PSP PROJECTS LIMITED,909.20,911.60,898.00,901.20,903.00,904.65,,901.19,,,23261,20990261.75,1183,F1,1,,,,,
2026-08-27,2026-08-27,CM,NSE,STK,22602,INE560K01014,PFS,EQ,,,,,PTC INDIA FIN SERV LTD,27.80,27.85,27.20,27.24,27.30,27.66,,27.25,,,423965,11604922.45,1661,F1,1,,,,,
2026-08-27,2026-08-27,CM,NSE,STK,11355,INE877F01012,PTC,EQ,,,,,PTC INDIA LIMITED,157.22,159.00,156.75,157.96,157.26,157.28,,157.98,,,711786,112172412.28,10455,F1,1,,,,,
2026-08-27,2026-08-27,CM,NSE,STK,16682,INE596F01018,PTCIL,EQ,,,,,PTC INDUSTRIES LIMITED,20801.00,20888.00,20429.00,20622.00,20600.00,20919.00,,20620.31,,,16310,336610697.00,5326,F1,1,,,,,
2026-08-27,2026-08-27,CM,NSE,STK,14101,INE034D01049,PTL,EQ,,,,,PTL ENTERPRISES LTD,38.30,38.81,38.30,38.41,38.40,38.69,,38.41,,,24028,925610.85,674,F1,1,,,,,
2026-08-27,2026-08-27,CM,NSE,STK,15377,INE865T01018,PDMJEPAPER,EQ,,,,,PUDUMJEE PAPER PRO. LTD,90.57,91.70,86.00,87.52,87.40,89.69,,87.53,,,121080,10801810.10,2261,F1,1,,,,,
2026-08-27,2026-08-27,CM,NSE,STK,507,INE335X01014,PULZ,SM,,,,,PULZ ELECTRONICS LIMITED,23.05,23.05,23.00,23.00,23.00,23.60,,23.00,,,12000,276200.00,3,F1,2000,,,,,
2026-08-27,2026-08-27,CM,NSE,STK,21001,INE608A01012,PSB,EQ,,,,,PUNJAB & SIND BANK,23.50,23.65,23.20,23.32,23.20,23.50,,23.32,,,1461842,34223053.25,3519,F1,1,,,,,
2026-08-27,2026-08-27,CM,NSE,STK,4344,INE277B01014,PUNJABCHEM,EQ,,,,,PUNJAB CHEM & CROP PROT L,1119.00,1135.90,1110.60,1112.80,1110.60,1119.00,,1112.80,,,2654,2969444.10,377,F1,1,,,,,
2026-08-27,2026-08-27,CM,NSE,STK,10666,INE160A01022,PNB,EQ,,,,,PUNJAB NATIONAL BANK,116.70,117.20,115.07,115.40,115.40,116.70,,113.95,,,10955188,1270968647.79,42422,F1,1,,,,,
2026-08-27,2026-08-27,CM,NSE,STK,14922,INE323I01011,PURVA,EQ,,,,,PURAVANKARA LIMITED,218.90,219.50,212.00,214.22,215.99,218.87,,214.23,,,139252,29954500.47,3422,F1,1,,,,,
2026-08-27,2026-08-27,CM,NSE,STK,28044,INE0P5R01014,PURPLEUTED,ST,,,,,PURPLE UNITED SALES LTD,418.00,427.70,415.05,422.60,424.00,409.00,,422.60,,,28250,11913975.00,83,F1,250,,,,,
2026-08-27,2026-08-27,CM,NSE,STK,22938,INE0R6C01012,PURVFLEXI,SM,,,,,PURV FLEXIPACK LIMITED,44.80,46.80,44.80,46.80,46.80,44.60,,46.80,,,9600,431680.00,2,F1,800,,,,,
2026-08-27,2026-08-27,CM,NSE,STK,757683,INE154801018,PUSHPA,SM,,,,,PUSHPA JEWELLERS LIMITED,114.50,114.90,113.75,113.75,113.75,114.90,,113.75,,,9000,1032500.00,7,F1,1000,,,,,
2026-08-27,2026-08-27,CM,NSE,STK,4010,INE362A01016,PVP,EQ,,,,,PVP VENTURES LIMITED,58.90,62.12,57.51,62.12,62.12,56.48,,62.12,,,6580316,396261300.23,24875,F1,1,,,,,
2026-08-27,2026-08-27,CM,NSE,STK,13147,INE191H01014,PVRINOX,EQ,,,,,PVR INOX LIMITED,1255.20,1260.10,1229.10,1236.30,1235.00,1255.30,,1236.36,,,431393,533032369.60,20380,F1,1,,,,,
2026-08-27,2026-08-27,CM,NSE,STK,18250,INE0MIS01010,PYRAMID,EQ,,,,,PYRAMID TECHNOPLAST LTD,164.07,164.83,158.15,159.99,160.00,162.73,,159.99,,,52418,8465315.90,1191,F1,1,,,,,
2026-08-27,2026-08-27,CM,NSE,STK,763594,INE1G2W01011,QLINE,SM,,,,,Q-LINE BIOTECH LIMITED,532.00,536.00,518.10,528.30,531.00,536.95,,528.30,,,74800,39545900.00,167,F1,400,,,,,
2026-08-27,2026-08-27,CM,NSE,STK,751653,INE0FMW01018,QMSMEDI,BE,,,,,QMS MEDICAL ALLIED S LTD,154.99,155.50,149.00,151.88,151.00,152.73,,151.88,,,29777,4568929.41,171,F1,1,,,,,
2026-08-27,2026-08-27,CM,NSE,STK,29087,INE0LRY01011,QUADFUTURE,EQ,,,,,QUADRANT FUTURE TEK LTD,415.00,439.80,411.70,432.55,433.00,411.95,,432.54,,,1763494,755496430.40,37362,F1,1,,,,,
2026-08-27,2026-08-27,CM,NSE,STK,29711,INE0SII01026,QPOWER,EQ,,,,,QUALITY POWER ELEC EQUP L,1302.90,1363.10,1301.50,1363.10,1363.10,1298.20,,1363.09,,,224360,303747466.60,6870,F1,1,,,,,
2026-08-27,2026-08-27,CM,NSE,STK,15330,INF082J01408,QGOLDHALF,EQ,,,,,QUANTUM GOLD ETF,132.94,132.94,128.65,130.48,130.35,132.94,,130.48,,,266948,34845514.36,2466,F1,1,,,,,
2026-08-27,2026-08-27,CM,NSE,STK,16819,INF082J01499,QNIFTY,EQ,,,,,QUANTUM NIFTY 50 ETF,268.00,268.00,265.40,266.19,266.20,267.48,,266.19,,,10992,2926450.77,87,F1,1,,,,,
2026-08-27,2026-08-27,CM,NSE,STK,765392,INF966L01EI5,SILVER001,EQ,,,,,QUANT_AMC - SILVER001,24.49,25.50,23.47,23.91,24.00,24.47,,23.91,,,89411,2156681.10,192,F1,1,,,,,
2026-08-27,2026-08-27,CM,NSE,STK,17704,INE615P01015,QUESS,EQ,,,,,QUESS CORP LIMITED,370.75,374.00,355.00,356.95,358.50,370.70,,356.98,,,607375,220811529.60,21629,F1,1,,,,,
2026-08-27,2026-08-27,CM,NSE,STK,23793,INE0TNW01017,QUESTLAB,SM,,,,,QUEST LABORATORIES LTD,87.00,88.00,85.00,87.25,87.50,87.95,,87.25,,,192000,16861680.00,18,F1,1200,,,,,
2026-08-27,2026-08-27,CM,NSE,STK,13131,INE306L01010,QUICKHEAL,BE,,,,,QUICK HEAL TECH LTD,138.50,141.40,134.20,137.10,136.80,140.15,,136.97,,,71963,9852887.24,1223,F1,1,,,,,
2026-08-27,2026-08-27,CM,NSE,STK,15285,INE0K4D01020,QUICKTOUCH,SM,,,,,QUICKTOUCH TECHNOLOGIES L,15.40,16.15,15.40,16.15,16.15,15.40,,16.15,,,10000,155150.00,8,F1,500,,,,,
2026-08-27,2026-08-27,CM,NSE,STK,762854,INE641R01017,QUINT,EQ,,,,,QUINT DIGITAL LTD.,43.90,43.90,39.23,40.26,40.99,41.01,,40.33,,,13432,552043.68,79,F1,1,,,,,
2026-08-27,2026-08-27,CM,NSE,STK,24957,INE0KZF01015,QVCEL,SM,,,,,QVC EXPORTS LIMITED,26.25,26.25,26.20,26.20,26.20,27.55,,26.20,,,4800,125840.00,3,F1,1600,,,,,
2026-08-27,2026-08-27,CM,NSE,STK,23043,INE0NQ801033,RKSWAMY,EQ,,,,,R K SWAMY LIMITED,94.00,94.50,93.00,94.01,94.24,93.20,,94.02,,,48023,4502391.65,564,F1,1,,,,,
2026-08-27,2026-08-27,CM,NSE,STK,757836,INE219Y01026,RMDRIP,BE,,,,,R M DRIP & SPRINK SYS LTD,19.37,19.85,19.30,19.80,19.81,19.37,,19.31,,,302236,5925041.72,516,F1,1,,,,,
2026-08-27,2026-08-27,CM,NSE,STK,762864,INE951M01037,RRIL,EQ,,,,,R R I L LTD.,17.56,17.57,16.91,17.27,17.40,17.00,,17.27,,,10008,173914.86,87,F1,1,,,,,
2026-08-27,2026-08-27,CM,NSE,STK,18566,INE777K01022,RRKABEL,EQ,,,,,R R KABEL LIMITED,2819.00,2918.80,2790.00,2830.10,2824.00,2810.60,,2830.16,,,773963,2206000075.10,54118,F1,1,,,,,
2026-08-27,2026-08-27,CM,NSE,STK,762872,INE616F01022,RSDFIN,BE,,,,,R S D FINANCE LTD.,116.79,116.79,105.67,105.67,105.67,111.23,,105.67,,,5852,653355.92,81,F1,1,,,,,
2026-08-27,2026-08-27,CM,NSE,STK,13414,INE411H01032,RSYSTEMS,EQ,,,,,R SYS INTERNATIONAL LTD,240.00,244.05,235.50,239.10,237.15,240.10,,239.10,,,206236,49218479.80,5155,F1,1,,,,,
2026-08-27,2026-08-27,CM,NSE,STK,764855,INE005C01017,RTSPOWR,EQ,,,,,R T S POWER CORPN. LTD.,94.50,94.50,89.30,89.44,89.30,94.18,,89.44,,,6949,626021.92,122,F1,1,,,,,
2026-08-27,2026-08-27,CM,NSE,STK,758981,INE012Q01039,RNBDENIMS,EQ,,,,,R&B DENIMS LIMITED,9.34,9.37,9.11,9.37,9.37,8.93,,9.37,,,284132,2648079.78,443,F1,1,,,,,
2026-08-27,2026-08-27,CM,NSE,STK,6429,INE165B01029,RSSOFTWARE,EQ,,,,,R. S. SOFTWARE (INDIA) LI,32.00,32.94,31.00,32.93,32.92,31.38,,33.03,,,66301,2166414.39,631,F1,1,,,,,
2026-08-27,2026-08-27,CM,NSE,STK,20760,INE324L01013,RPPINFRA,EQ,,,,,R.P.P INFRA PROJECTS LTD,57.25,58.10,56.63,57.53,56.91,57.18,,57.52,,,535308,30446400.45,629,F1,1,,,,,
2026-08-27,2026-08-27,CM,NSE,STK,762244,INE2PB023011,RIIT,IV,,,,,RAAJMARG INFRA INVEST T,122.00,122.00,121.05,121.54,121.50,121.77,,121.54,,,120546,14664934.31,4290,F1,1,,,,,
2026-08-27,2026-08-27,CM,NSE,STK,15391,INE084Q01012,RACE,EQ,,,,,RACE ECO CHAIN LIMITED,101.90,101.99,98.00,101.59,101.88,100.77,,101.73,,,3586,359255.78,89,F1,1,,,,,
2026-08-27,2026-08-27,CM,NSE,STK,9854,INE02OY01016,RILINFRA,SM,,,,,RACHANA INFRA LTD,36.45,36.45,35.40,35.60,35.60,36.00,,35.60,,,3200,114670.00,22,F1,100,,,,,
2026-08-27,2026-08-27,CM,NSE,STK,27171,INE704B01017,RACLGEAR,EQ,,,,,RACL GEARTECH LIMITED,1526.60,1537.90,1484.30,1528.80,1529.00,1509.40,,1528.77,,,29003,43935565.30,3307,F1,1,,,,,
2026-08-27,2026-08-27,CM,NSE,STK,10932,INE874F01027,RADAAN,EQ,,,,,RADAAN MEDIAWORKS (I) LTD,3.02,3.08,2.91,3.01,2.95,3.02,,3.01,,,12988,39031.48,75,F1,1,,,,,
2026-08-27,2026-08-27,CM,NSE,STK,10343,INE583V01021,RADHIKAJWE,EQ,,,,,RADHIKA JEWELTECH LIMITED,71.35,72.85,69.54,70.33,70.50,70.54,,70.34,,,888439,63299854.43,7199,F1,1,,,,,
2026-08-27,2026-08-27,CM,NSE,STK,13580,INE855R01021,RADIANTCMS,EQ,,,,,RADIANT CASH MGMT SER LTD,41.51,41.75,39.69,40.41,40.45,41.16,,40.41,,,367982,14871231.14,2165,F1,1,,,,,
2026-08-27,2026-08-27,CM,NSE,STK,10990,INE944F01028,RADICO,EQ,,,,,RADICO KHAITAN LTD,4617.90,4650.60,4574.30,4606.00,4606.00,4614.00,,4606.00,,,212632,977540995.10,17102,F1,1,,,,,
2026-08-27,2026-08-27,CM,NSE,STK,23445,INE430U01019,RADIOWALLA,ST,,,,,RADIOWALLA NETWORK LTD,27.00,27.00,27.00,27.00,27.00,26.50,,27.00,,,1600,43200.00,1,F1,1600,,,,,
2026-08-27,2026-08-27,CM,NSE,STK,24735,INE912T01018,RPEL,EQ,,,,,RAGHAV PRODUCTIVITY ENH L,1736.00,1765.90,1702.00,1745.40,1750.00,1736.70,,1745.20,,,94129,164200578.40,7961,F1,1,,,,,
2026-08-27,2026-08-27,CM,NSE,STK,9552,INE415G01027,RVNL,EQ,,,,,RAIL VIKAS NIGAM LIMITED,220.87,221.80,215.11,216.00,216.00,221.39,,216.00,,,4589569,1000295602.42,44035,F1,1,,,,,
2026-08-27,2026-08-27,CM,NSE,STK,2431,INE0DD101019,RAILTEL,EQ,,,,,RAILTEL CORP OF IND LTD,280.55,282.30,278.50,279.05,279.00,280.90,,279.05,,,291964,81830067.70,7404,F1,1,,,,,
2026-08-27,2026-08-27,CM,NSE,STK,15337,INE855B01025,RAIN,EQ,,,,,RAIN INDUSTRIES LIMITED,195.72,200.63,193.10,194.38,194.00,195.78,,194.39,,,2796963,552970116.32,21934,F1,1,,,,,
2026-08-27,2026-08-27,CM,NSE,STK,9408,INE961O01016,RAINBOW,EQ,,,,,RAINBOW CHILDRENS MED LTD,1445.00,1449.90,1423.90,1441.00,1442.90,1446.70,,1440.92,,,69440,99672740.50,9785,F1,1,,,,,
2026-08-27,2026-08-27,CM,NSE,STK,359,INE294G01026,ROML,EQ,,,,,RAJ OIL MILLS LIMITED,42.47,42.56,39.55,40.61,40.90,42.44,,40.61,,,12924,528681.56,172,F1,1,,,,,
2026-08-27,2026-08-27,CM,NSE,STK,8428,INE533D01032,RAJRILTD,BE,,,,,RAJ RAYON INDUSTRIES LTD,23.40,23.40,22.71,23.07,23.00,23.07,,23.06,,,65073,1500224.57,90,F1,1,,,,,
2026-08-27,2026-08-27,CM,NSE,STK,14403,INE952H01027,RAJTV,EQ,,,,,RAJ TV NETWORK LTD,10.68,10.68,10.11,10.43,10.31,10.58,,10.43,,,11911,122493.30,104,F1,1,,,,,
2026-08-27,2026-08-27,CM,NSE,STK,762859,INE296E01026,RAJPALAYAM,EQ,,,,,RAJAPALAYAM MILLS LTD.,828.00,828.00,810.00,810.00,810.00,826.90,,810.00,,,385,313016.60,20,F1,1,,,,,
2026-08-27,2026-08-27,CM,NSE,STK,181,INE610C01014,ARENTERP,EQ,,,,,RAJDARSHAN INDUSTRIES LTD,36.00,37.29,35.20,37.29,37.29,36.49,,37.29,,,658,24223.43,22,F1,1,,,,,
2026-08-27,2026-08-27,CM,NSE,STK,760461,INE343B01030,RAJESHEXPO,BZ,,,,,RAJESH EXPORTS LTD,76.05,77.94,76.05,76.46,76.50,76.66,,76.46,,,70581,5409988.21,819,F1,1,,,,,
2026-08-27,2026-08-27,CM,NSE,STK,19681,INE0BZQ01011,RCDL,SM,,,,,RAJGOR CASTOR DERIVATI L,17.90,19.80,17.90,19.00,19.00,18.10,,19.00,,,48000,904050.00,14,F1,3000,,,,,
2026-08-27,2026-08-27,CM,NSE,STK,2168,INE00KV01022,RAJMET,EQ,,,,,RAJNANDINI METAL LIMITED,3.29,3.29,3.07,3.13,3.13,3.18,,3.13,,,1031559,3238685.51,1221,F1,1,,,,,
2026-08-27,2026-08-27,CM,NSE,STK,757052,INE535F01024,RAJOOENG,BE,,,,,RAJOO ENGINEERS LIMITED,50.00,50.29,49.21,49.49,49.25,49.39,,49.49,,,86940,4315112.18,464,F1,1,,,,,
2026-08-27,2026-08-27,CM,NSE,STK,24707,INE0PCU01012,RAJINDLTD,SM,,,,,RAJPUTANA INDUSTRIES LTD,65.85,65.85,65.25,65.25,65.25,68.00,,65.25,,,22500,1472250.00,6,F1,1500,,,,,
2026-08-27,2026-08-27,CM,NSE,STK,761439,INE313L01016,RSL,EQ,,,,,RAJPUTANA STAINLESS LTD,166.30,174.45,165.94,172.47,172.50,166.59,,172.49,,,1772814,303888052.13,12551,F1,1,,,,,
2026-08-27,2026-08-27,CM,NSE,STK,18962,INE451D01029,RAJRATAN,EQ,,,,,RAJRATAN GLOBAL WIRE LTD,495.75,509.00,485.25,489.55,490.00,495.75,,489.55,,,70021,34473250.45,3537,F1,1,,,,,
2026-08-27,2026-08-27,CM,NSE,STK,6915,INE760W01023,RPPL,BE,,,,,RAJSHREE POLYPACK LTD,22.88,23.00,22.50,22.79,23.00,22.88,,22.79,,,23641,535616.93,79,F1,1,,,,,
2026-08-27,2026-08-27,CM,NSE,STK,2809,INE562B01019,RAJSREESUG,EQ,,,,,RAJSHREE SUGAR & CHEMICAL,37.30,37.30,35.10,35.25,35.40,36.59,,35.23,,,91732,3303612.02,722,F1,1,,,,,
2026-08-27,2026-08-27,CM,NSE,STK,2816,INE613A01020,RALLIS,EQ,,,,,RALLIS INDIA LTD,213.01,213.93,209.80,210.24,210.00,213.93,,210.24,,,412837,87201481.77,14347,F1,1,,,,,
2026-08-27,2026-08-27,CM,NSE,STK,10485,INE207E01023,RAMRAT,EQ,,,,,RAM RATNA WIRES LIMITED,528.35,580.50,526.00,569.60,570.20,523.70,,569.60,,,3785377,2137791134.00,81558,F1,1,,,,,
2026-08-27,2026-08-27,CM,NSE,STK,10568,INE809A01032,RAMAPHO,EQ,,,,,RAMA PHOSPHATES LIMITED,126.00,128.01,124.20,126.56,126.80,128.00,,126.56,,,30254,3820734.23,626,F1,1,,,,,
2026-08-27,2026-08-27,CM,NSE,STK,10304,INE230R01035,RAMASTEEL,BE,,,,,RAMA STEEL TUBES LIMITED,4.30,4.33,4.30,4.33,4.33,4.25,,4.32,,,3107197,13412732.92,1312,F1,1,,,,,
2026-08-27,2026-08-27,CM,NSE,STK,4587,INE614A01028,RAMCOIND,EQ,,,,,RAMCO INDUSTRIES LIMITED,350.25,355.00,339.45,341.60,341.35,349.65,,341.60,,,114445,39212123.50,2479,F1,1,,,,,
2026-08-27,2026-08-27,CM,NSE,STK,7851,INE246B01019,RAMCOSYS,EQ,,,,,RAMCO SYSTEMS LTD.,553.00,565.60,552.25,556.20,556.25,553.10,,556.24,,,100913,56503607.70,4417,F1,1,,,,,
2026-08-27,2026-08-27,CM,NSE,STK,23565,INE0RJH01010,RBS,SM,,,,,RAMDEVBABA SOLVENT LTD,90.00,92.90,88.00,90.00,90.00,91.25,,90.00,,,16000,1444960.00,16,F1,800,,,,,
2026-08-27,2026-08-27,CM,NSE,STK,11411,INE399G01023,RKFORGE,EQ,,,,,RAMKRISHNA FORGINGS LTD,731.90,741.30,713.35,716.65,716.80,732.00,,716.66,,,576114,418681425.70,19021,F1,1,,,,,
2026-08-27,2026-08-27,CM,NSE,STK,20134,INE874I01013,RAMKY,EQ,,,,,RAMKY INFRA LTD,366.70,370.05,360.00,362.75,360.00,366.20,,362.74,,,36363,13260951.50,1453,F1,1,,,,,
2026-08-27,2026-08-27,CM,NSE,STK,2837,INE625B01014,RANASUG,EQ,,,,,RANA SUGARS LTD.,14.90,15.02,14.52,14.75,14.89,14.80,,14.75,,,513788,7588045.99,1055,F1,1,,,,,
2026-08-27,2026-08-27,CM,NSE,STK,11975,INE050H01012,RML,EQ,,,,,RANE (MADRAS) LIMITED,1150.00,1156.00,1120.00,1123.30,1123.20,1144.10,,1123.31,,,22508,25419177.70,2201,F1,1,,,,,
2026-08-27,2026-08-27,CM,NSE,STK,2844,INE384A01010,RANEHOLDIN,EQ,,,,,RANE HOLDINGS LIMITED,1580.80,1637.00,1577.70,1593.90,1593.00,1581.60,,1594.07,,,8041,12902709.40,1350,F1,1,,,,,
2026-08-27,2026-08-27,CM,NSE,STK,30460,INE0QX901013,RAPIDFLEET,SM,,,,,RAPID FLEET MGT SERVICE L,231.85,233.95,230.10,231.00,231.00,232.35,,231.00,,,24600,5679870.00,27,F1,600,,,,,
2026-08-27,2026-08-27,CM,NSE,STK,25610,INE0MVO01012,RAPPID,SM,,,,,RAPPID VALVES (INDIA) LTD,299.75,299.75,298.15,298.15,298.15,300.10,,298.15,,,1200,358740.00,2,F1,600,,,,,
2026-08-27,2026-08-27,CM,NSE,STK,22670,INE0J1F01024,RPTECH,EQ,,,,,RASHI PERIPHERALS LIMITED,787.50,804.75,776.15,782.50,780.85,778.95,,782.54,,,401788,317191387.50,19700,F1,1,,,,,
2026-08-27,2026-08-27,CM,NSE,STK,2866,INE027A01015,RCF,EQ,,,,,RASHTRIYA CHEMICALS & FER,122.36,122.71,121.48,121.77,121.90,122.33,,121.77,,,704727,85898884.04,7012,F1,1,,,,,
2026-08-27,2026-08-27,CM,NSE,STK,7177,INE0CLI01024,RATEGAIN,EQ,,,,,RATEGAIN TRAVEL TECHN LTD,939.20,943.75,911.00,918.25,913.90,934.05,,918.29,,,344863,319256726.10,25906,F1,1,,,,,
2026-08-27,2026-08-27,CM,NSE,STK,13451,INE703B01027,RATNAMANI,EQ,,,,,RATNAMANI MET & TUB LTD.,2641.10,2759.90,2631.00,2654.80,2652.00,2641.60,,2655.33,,,121827,328827601.80,18818,F1,1,,,,,
2026-08-27,2026-08-27,CM,NSE,STK,18423,INE05CZ01011,RATNAVEER,EQ,,,,,RATNAVEER PRECISION ENG L,281.00,296.90,280.66,294.89,295.03,279.27,,294.85,,,7098522,2060445299.54,44068,F1,1,,,,,
2026-08-27,2026-08-27,CM,NSE,STK,27297,INE834M01019,RTNINDIA,EQ,,,,,RATTANINDIA ENT LIMITED,30.24,30.40,30.00,30.10,30.08,30.22,,30.10,,,1230141,37079599.15,5575,F1,1,,,,,
2026-08-27,2026-08-27,CM,NSE,STK,17520,INE399K01017,RTNPOWER,EQ,,,,,RATTANINDIA POWER LIMITED,7.98,8.00,7.80,7.83,7.89,7.95,,7.83,,,13450323,105850232.80,12156,F1,1,,,,,
2026-08-27,2026-08-27,CM,NSE,STK,20950,INE722J01012,RKDL,EQ,,,,,RAVI KUMAR DIST. LTD.,18.88,18.95,18.31,18.88,18.89,18.88,,18.90,,,19865,373624.19,65,F1,1,,,,,
2026-08-27,2026-08-27,CM,NSE,STK,1565,INE09E501017,RVHL,EQ,,,,,RAVINDER HEIGHTS LIMITED,40.50,40.69,38.48,39.78,39.01,40.96,,39.79,,,18438,718102.12,182,F1,1,,,,,
2026-08-27,2026-08-27,CM,NSE,STK,24596,INE206N01018,RELTD,EQ,,,,,RAVINDRA ENERGY LIMITED,157.40,159.00,155.25,156.40,156.90,156.70,,156.31,,,84687,13311291.88,2016,F1,1,,,,,
2026-08-27,2026-08-27,CM,NSE,STK,25073,INE02ID01020,RAYMONDLSL,EQ,,,,,RAYMOND LIFESTYLE LIMITED,710.70,711.65,689.00,692.20,693.80,709.75,,692.17,,,220397,153578174.60,12417,F1,1,,,,,
2026-08-27,2026-08-27,CM,NSE,STK,2859,INE301A01014,RAYMOND,EQ,,,,,RAYMOND LTD,624.15,625.65,611.00,614.00,614.00,621.05,,614.01,,,342690,211037004.85,9996,F1,1,,,,,
2026-08-27,2026-08-27,CM,NSE,STK,758551,INE1SY401010,RAYMONDREL,EQ,,,,,RAYMOND REALTY LIMITED,575.00,578.35,560.20,565.40,565.90,575.20,,565.40,,,130850,74501318.80,3467,F1,1,,,,,
2026-08-27,2026-08-27,CM,NSE,STK,18391,INE976G01028,RBLBANK,EQ,,,,,RBL BANK LIMITED,382.55,387.00,381.60,385.40,385.40,382.50,,385.39,,,1606356,617498942.70,29935,F1,1,,,,,
2026-08-27,2026-08-27,CM,NSE,STK,13570,INE0NA301016,RBMINFRA,SM,,,,,RBM INFRACON LIMITED,244.00,244.40,237.05,241.90,241.00,245.35,,241.90,,,9800,2360390.00,47,F1,200,,,,,
2026-08-27,2026-08-27,CM,NSE,STK,20874,INE0PEQ01016,RBZJEWEL,EQ,,,,,RBZ JEWELLERS LIMITED,148.25,150.79,145.68,146.46,146.00,149.33,,146.46,,,90071,13308102.10,1868,F1,1,,,,,
2026-08-27,2026-08-27,CM,NSE,STK,764850,INE0AK901016,RRECL,EQ,,,,,RDB REAL ESTATE CONS L,136.50,145.00,136.50,145.00,145.00,151.66,,133.90,,,12,1663.50,4,F1,1,,,,,
2026-08-27,2026-08-27,CM,NSE,STK,29561,INE10QL01011,READYMIX,SM,,,,,READYMIX CONSTRU MACHI L,89.85,89.85,86.00,88.35,88.50,88.35,,88.35,,,33000,2887100.00,31,F1,1000,,,,,
2026-08-27,2026-08-27,CM,NSE,STK,15355,INE020B01018,RECLTD,EQ,,,,,REC LIMITED,323.15,324.55,317.30,320.90,320.90,322.20,,320.90,,,6223407,1997351771.50,56406,F1,1,,,,,
2026-08-27,2026-08-27,CM,NSE,STK,14255,INE891D01026,REDINGTON,EQ,,,,,REDINGTON LIMITED,355.00,365.20,354.20,358.40,357.30,354.20,,358.40,,,3395377,1223100386.60,54217,F1,1,,,,,
2026-08-27,2026-08-27,CM,NSE,STK,17859,INE0LXT01019,REDTAPE,EQ,,,,,REDTAPE LIMITED,122.25,125.70,121.84,124.26,123.15,122.56,,124.26,,,503927,62590559.02,8459,F1,1,,,,,
2026-08-27,2026-08-27,CM,NSE,STK,17764,INE056I01025,REFEX,EQ,,,,,REFEX INDUSTRIES LIMITED,296.00,296.15,286.50,289.40,291.00,296.85,,289.41,,,347748,100682877.90,7895,F1,1,,,,,
2026-08-27,2026-08-27,CM,NSE,STK,23718,INE0TNX01015,REFRACTORY,SM,,,,,REFRACTORY SHAPES LIMITED,28.75,28.75,27.40,27.45,27.40,28.75,,27.45,,,3000,83700.00,3,F1,1000,,,,,
2026-08-27,2026-08-27,CM,NSE,STK,758680,INE0MHO01029,REGAAL,EQ,,,,,REGAAL RESOURCES LIMITED,95.10,95.69,92.25,93.04,92.90,94.57,,93.04,,,227821,21427436.96,1897,F1,1,,,,,
2026-08-27,2026-08-27,CM,NSE,STK,4130,INE277C01012,REGENCERAM,EQ,,,,,REGENCY CERAMICS LTD.,35.00,35.00,32.82,33.00,33.00,33.00,,33.00,,,3706,122493.80,28,F1,1,,,,,
2026-08-27,2026-08-27,CM,NSE,STK,24225,INE131B01039,RELAXO,EQ,,,,,RELAXO FOOT LTD.,367.95,369.60,353.80,356.10,355.75,367.40,,356.07,,,221407,79459574.00,11239,F1,1,,,,,
2026-08-27,2026-08-27,CM,NSE,STK,3172,INF204KC1030,GILT5YBEES,EQ,,,,,RELCAPAMC - NETFGILT5Y,66.56,66.56,66.16,66.21,66.16,66.35,,66.21,,,243005,16088703.58,414,F1,1,,,,,
2026-08-27,2026-08-27,CM,NSE,STK,24378,INE375Y01018,RELIABLE,EQ,,,,,RELIABLE DATA SERVICE LTD,142.13,142.13,137.00,138.94,138.60,140.45,,138.92,,,62620,8761891.00,623,F1,1,,,,,
2026-08-27,2026-08-27,CM,NSE,STK,9652,INE750D01016,RELCHEMQ,EQ,,,,,RELIANCE CHEMOTEX IND LTD,116.47,119.00,112.72,113.36,113.27,114.19,,113.38,,,821,94375.98,46,F1,1,,,,,
2026-08-27,2026-08-27,CM,NSE,STK,13188,INE330H01018,RCOM,BE,,,,,RELIANCE COMMUNICATIONS L,0.82,0.82,0.80,0.81,0.82,0.80,,0.81,,,1784609,1451603.34,1444,F1,1,,,,,
2026-08-27,2026-08-27,CM,NSE,STK,759204,INE217K01011,RHFL,BZ,,,,,RELIANCE HOME FINANCE LTD,1.95,1.98,1.88,1.88,1.89,1.95,,1.88,,,510054,975878.20,782,F1,1,,,,,
2026-08-27,2026-08-27,CM,NSE,STK,2912,INE046A01015,RIIL,EQ,,,,,RELIANCE INDUSTRIAL INFRA,769.90,769.90,755.10,758.90,757.00,762.50,,758.86,,,31756,24153595.00,1721,F1,1,,,,,
2026-08-27,2026-08-27,CM,NSE,STK,2885,INE002A01018,RELIANCE,EQ,,,,,RELIANCE INDUSTRIES LTD,1305.00,1308.40,1282.20,1282.20,1282.20,1298.00,,1283.43,,,11271497,14564825828.90,218067,F1,1,,,,,
2026-08-27,2026-08-27,CM,NSE,STK,4791,INE036A01016,RELINFRA,BE,,,,,RELIANCE INFRASTRUCTU LTD,61.94,61.97,60.11,61.65,61.97,60.76,,61.60,,,208396,12735783.34,1864,F1,1,,,,,
2026-08-27,2026-08-27,CM,NSE,STK,15259,INE614G01033,RPOWER,EQ,,,,,RELIANCE POWER LTD.,22.70,22.93,22.60,22.71,22.79,22.70,,22.71,,,11093761,251915263.45,22455,F1,1,,,,,
2026-08-27,2026-08-27,CM,NSE,STK,765330,INF205KA1CB9,IVZBANKNF,EQ,,,,,RELIGARAMC - IVZBANKNF,57.72,57.72,57.66,57.66,57.66,57.72,,57.66,,,178,10273.86,3,F1,1,,,,,
2026-08-27,2026-08-27,CM,NSE,STK,765327,INF205KA1CA1,IVZSENSEX,EQ,,,,,RELIGARAMC - IVZSENSEX,77.82,77.82,77.16,77.37,77.37,77.55,,77.37,,,106,8195.34,11,F1,1,,,,,
2026-08-27,2026-08-27,CM,NSE,STK,15068,INE621H01010,RELIGARE,EQ,,,,,RELIGARE ENTER. LTD.,226.65,236.00,226.65,234.20,234.45,227.85,,234.24,,,582315,135695444.70,12357,F1,1,,,,,
2026-08-27,2026-08-27,CM,NSE,STK,3965,INE474C01023,REMSONSIND,EQ,,,,,REMSONS INDUSTRIES LTD,81.09,82.98,80.10,80.46,80.10,81.09,,80.46,,,46303,3742101.09,1500,F1,1,,,,,
2026-08-27,2026-08-27,CM,NSE,STK,16154,INE0O5T01011,REMUS,SM,,,,,REMUS PHARMACEUTICALS L,900.00,922.00,900.00,910.15,919.80,890.50,,910.15,,,5200,4744840.00,43,F1,100,,,,,
2026-08-27,2026-08-27,CM,NSE,STK,15129,INE722H01024,RGL,EQ,,,,,RENAISSANCE GLOBAL LTD,149.79,149.79,130.77,133.81,132.68,152.58,,133.85,,,10152479,1419991917.88,63083,F1,1,,,,,
2026-08-27,2026-08-27,CM,NSE,STK,758157,INE0VZX01015,RNPL,SM,,,,,RENOL POLYCHEM LIMITED,77.00,78.55,75.15,75.95,75.95,79.10,,75.95,,,10800,828900.00,9,F1,1200,,,,,
2026-08-27,2026-08-27,CM,NSE,STK,29598,INE612J01015,REPCOHOME,EQ,,,,,REPCO HOME FINANCE LTD,362.50,372.00,359.05,365.70,365.10,362.30,,365.70,,,160112,58774130.95,4656,F1,1,,,,,
2026-08-27,2026-08-27,CM,NSE,STK,13126,INE461B01014,REPRO,EQ,,,,,REPRO INDIA LIMITED,309.25,312.90,305.00,309.10,310.00,307.65,,309.09,,,15925,4905232.50,406,F1,1,,,,,
2026-08-27,2026-08-27,CM,NSE,STK,20323,INE688D01026,RESPONIND,EQ,,,,,RESPONSIVE INDUSTRIES LTD,151.00,159.90,149.86,156.82,157.72,151.71,,156.82,,,279092,43457379.29,6743,F1,1,,,,,
2026-08-27,2026-08-27,CM,NSE,STK,1494,INE07T201019,RBA,EQ,,,,,RESTAURANT BRAND ASIA LTD,102.99,104.48,99.90,100.62,101.30,102.36,,100.62,,,4278593,432839499.36,19010,F1,1,,,,,
2026-08-27,2026-08-27,CM,NSE,STK,25157,INE0DAB01012,RVTH,EQ,,,,,REVATHI EQUIPMENT INDIA L,730.00,746.00,725.10,736.30,738.00,730.15,,736.30,,,108,78877.85,11,F1,1,,,,,
2026-08-27,2026-08-27,CM,NSE,STK,759062,INE0KKN01029,RHETAN,EQ,,,,,RHETAN TMT LIMITED,22.24,22.24,21.20,21.23,21.22,21.94,,21.23,,,13706911,298081985.45,7634,F1,1,,,,,
2026-08-27,2026-08-27,CM,NSE,STK,31163,INE743M01012,RHIM,EQ,,,,,RHI MAGNESITA INDIA LTD,372.45,373.50,364.85,370.30,370.20,370.60,,370.28,,,282303,104338329.10,8415,F1,1,,,,,
2026-08-27,2026-08-27,CM,NSE,STK,8212,INE0J1P01015,RICHA,ST,,,,,RICHA INFO SYSTEMS LTD,77.00,77.00,77.00,77.00,77.00,80.50,,77.00,,,1000,77000.00,1,F1,1000,,,,,
2026-08-27,2026-08-27,CM,NSE,STK,2909,INE209B01025,RICOAUTO,EQ,,,,,RICO AUTO INDUSTRIES LTD,131.00,133.07,129.45,130.02,129.50,130.76,,130.02,,,868806,114235738.52,8300,F1,1,,,,,
2026-08-27,2026-08-27,CM,NSE,STK,764121,INE302D01024,RIR,EQ,,,,,RIR POWER ELECTRONICS L,165.44,166.90,161.00,162.21,162.58,164.46,,162.28,,,92180,15057775.15,1912,F1,1,,,,,
2026-08-27,2026-08-27,CM,NSE,STK,18417,INE0N2P01017,RISHABH,EQ,,,,,RISHABH INSTRUMENTS LTD,687.70,704.95,686.05,690.50,689.60,687.70,,690.58,,,139748,97179788.65,7183,F1,1,,,,,
2026-08-27,2026-08-27,CM,NSE,STK,8944,INE01EG01016,RITCO,EQ,,,,,RITCO LOGISTICS LIMITED,312.50,318.40,307.80,310.10,311.95,311.20,,310.09,,,47535,14826428.90,1604,F1,1,,,,,
2026-08-27,2026-08-27,CM,NSE,STK,3761,INE320J01015,RITES,EQ,,,,,RITES LIMITED,218.00,218.92,216.51,217.19,217.20,218.01,,217.18,,,157885,34316940.01,5980,F1,1,,,,,
2026-08-27,2026-08-27,CM,NSE,STK,1547,INE786W01010,RKEC,EQ,,,,,RKEC PROJECTS LIMITED,23.97,23.97,22.00,22.32,22.20,23.24,,22.32,,,32945,737695.80,204,F1,1,,,,,
2026-08-27,2026-08-27,CM,NSE,STK,762346,INE655V01019,RMC,EQ,,,,,RMC SWITCHGEARS LIMITED,257.00,258.20,248.60,249.45,249.80,256.75,,249.60,,,39639,10028334.90,1017,F1,1,,,,,
2026-08-27,2026-08-27,CM,NSE,STK,24589,INE0SA001017,RNFI,SM,,,,,RNFI SERVICES LIMITED,295.00,308.90,295.00,304.75,305.00,292.65,,304.75,,,81000,24673800.00,123,F1,600,,,,,
2026-08-27,2026-08-27,CM,NSE,STK,15157,INE508K01013,RHL,EQ,,,,,ROBUST HOTELS LIMITED,169.00,170.00,165.00,166.54,165.60,169.75,,166.54,,,1991,330076.87,21,F1,1,,,,,
2026-08-27,2026-08-27,CM,NSE,STK,760033,IN90PTR01010,ROCKPP,E1,,,,,ROCKINGDCE RS.5 PPD UP,69.00,71.00,69.00,71.00,71.00,65.20,,71.00,,,5000,352000.00,4,F1,1000,,,,,
2026-08-27,2026-08-27,CM,NSE,STK,20289,INE0PTR01012,ROCKINGDCE,SM,,,,,ROCKINGDEALS CIRCU ECO L,241.00,243.85,224.30,240.95,239.00,240.50,,240.95,,,11250,2679687.50,44,F1,250,,,,,
2026-08-27,2026-08-27,CM,NSE,STK,5279,INE645S01024,ROLEXRINGS,EQ,,,,,ROLEX RINGS LIMITED,185.44,186.70,179.70,180.43,180.70,184.45,,180.43,,,1114798,203544174.32,18957,F1,1,,,,,
2026-08-27,2026-08-27,CM,NSE,STK,19108,INE927A01040,ROLLT,BE,,,,,ROLLATAINERS LIMITED,3.89,4.29,3.89,4.16,4.10,4.09,,4.13,,,1013313,4067039.58,619,F1,1,,,,,
2026-08-27,2026-08-27,CM,NSE,STK,19410,INE02A801020,ROSSARI,EQ,,,,,ROSSARI BIOTECH LIMITED,500.05,502.45,495.05,497.05,499.00,500.05,,497.08,,,21341,10616592.05,1217,F1,1,,,,,
2026-08-27,2026-08-27,CM,NSE,STK,28913,INE847C01020,ROSSELLIND,EQ,,,,,ROSSELL INDIA LIMITED,66.00,73.00,55.82,56.99,56.75,61.77,,57.02,,,2432924,161120169.45,16194,F1,1,,,,,
2026-08-27,2026-08-27,CM,NSE,STK,27353,INE0OJW01016,ROSSTECH,EQ,,,,,ROSSELL TECHSYS LIMITED,1098.20,1149.00,1096.50,1103.40,1106.00,1099.95,,1103.35,,,250599,281222408.50,14808,F1,1,,,,,
2026-08-27,2026-08-27,CM,NSE,STK,9049,INE535D01037,ROTO,EQ,,,,,ROTO PUMPS LIMITED,65.90,66.08,64.61,65.02,64.61,65.51,,65.02,,,139044,9055916.86,1366,F1,1,,,,,
2026-08-27,2026-08-27,CM,NSE,STK,128,INE450U01017,ROUTE,EQ,,,,,ROUTE MOBILE LIMITED,524.00,531.00,508.05,509.00,508.05,523.45,,509.00,,,220945,114400753.40,7700,F1,1,,,,,
2026-08-27,2026-08-27,CM,NSE,STK,20167,INE0PDJ01013,ROXHITECH,SM,,,,,ROX HI TECH LIMITED,52.00,52.00,50.90,50.90,50.95,51.00,,50.90,,,16000,819760.00,5,F1,1600,,,,,
2026-08-27,2026-08-27,CM,NSE,STK,29727,INE0EO401019,ROYALARC,SM,,,,,ROYAL ARC ELECTRODES LTD,175.00,175.00,170.00,170.00,170.00,175.00,,170.00,,,3600,624000.00,3,F1,1200,,,,,
2026-08-27,2026-08-27,CM,NSE,STK,13182,INE283H01019,ROHLTD,EQ,,,,,ROYAL ORCHID HOTELS LTD,306.00,308.40,302.20,303.15,303.40,306.20,,303.15,,,9004,2738794.85,433,F1,1,,,,,
2026-08-27,2026-08-27,CM,NSE,STK,16725,INE105J01010,RPGLIFE,EQ,,,,,RPG LIFE SCIENCES LTD,2592.70,2617.00,2560.00,2567.60,2560.20,2592.70,,2567.85,,,5515,14256861.00,1196,F1,1,,,,,
2026-08-27,2026-08-27,CM,NSE,STK,8119,INE425Y01011,RPSGVENT,EQ,,,,,RPSG VENTURES LIMITED,865.40,869.15,857.00,861.35,860.00,868.50,,861.35,,,9070,7811361.30,578,F1,1,,,,,
2026-08-27,2026-08-27,CM,NSE,STK,7292,INE611A01016,RSWM,BE,,,,,RSWM LIMITED,196.00,200.00,196.00,197.69,197.03,197.96,,197.69,,,53218,10581292.22,170,F1,1,,,,,
2026-08-27,2026-08-27,CM,NSE,STK,24730,INE642C01025,RUBFILA,EQ,,,,,RUBFILA INTERNATIONAL LTD,65.65,66.90,65.60,66.54,66.90,65.90,,66.54,,,18575,1232889.35,342,F1,1,,,,,
2026-08-27,2026-08-27,CM,NSE,STK,759316,INE506V01022,RUBICON,EQ,,,,,RUBICON RESEARCH LIMITED,1809.00,1872.00,1790.00,1841.00,1845.00,1818.80,,1841.05,,,379324,698419509.90,29850,F1,1,,,,,
2026-08-27,2026-08-27,CM,NSE,STK,4566,INE413B01023,RUCHINFRA,EQ,,,,,RUCHI INFRASTRUCTURE LTD,5.80,5.89,5.78,5.83,5.85,5.76,,5.83,,,27190,158670.25,144,F1,1,,,,,
2026-08-27,2026-08-27,CM,NSE,STK,13821,INE803H01014,RUCHIRA,EQ,,,,,RUCHIRA PAPERS LIMITED,102.00,104.73,102.00,102.70,102.99,103.42,,102.70,,,17057,1762299.09,318,F1,1,,,,,
2026-08-27,2026-08-27,CM,NSE,STK,760392,INE027T01023,RUDRA,EQ,,,,,RUDRA GLOBAL INFRA PROD L,21.19,21.74,20.00,20.29,20.60,21.15,,20.30,,,721765,14681446.54,416,F1,1,,,,,
2026-08-27,2026-08-27,CM,NSE,STK,1486,INE364Z01019,REPL,BE,,,,,RUDRABHISHEK ENTERP LTD,63.93,63.93,60.51,62.44,62.90,63.30,,62.44,,,435,27175.89,16,F1,1,,,,,
2026-08-27,2026-08-27,CM,NSE,STK,23830,INE0R7301013,RULKA,SM,,,,,RULKA ELECTRICALS LIMITED,111.00,113.25,105.20,111.35,111.50,108.00,,111.35,,,34500,3847140.00,30,F1,300,,,,,
2026-08-27,2026-08-27,CM,NSE,STK,25724,INE895B01021,RUPA,EQ,,,,,RUPA & COMPANY LTD,149.26,151.05,147.09,147.55,147.43,149.25,,147.54,,,64113,9490535.85,2229,F1,1,,,,,
2026-08-27,2026-08-27,CM,NSE,STK,24595,INE573K01025,RUSHIL,EQ,,,,,RUSHIL DECOR LIMITED,16.82,16.94,16.41,16.49,16.54,16.80,,16.49,,,205707,3419512.79,764,F1,1,,,,,
2026-08-27,2026-08-27,CM,NSE,STK,764860,INE137M01017,SAB,EQ,,,,,S A B INDUSTRIES LTD.,170.00,170.00,170.00,170.00,170.00,173.00,,170.00,,,101,17170.00,6,F1,1,,,,,
2026-08-27,2026-08-27,CM,NSE,STK,24674,INE0BSN01013,SATECH,SM,,,,,S A TECH SOFTWARE INDIA L,34.90,38.00,34.90,36.20,36.20,35.85,,36.20,,,27000,990650.00,21,F1,1000,,,,,
2026-08-27,2026-08-27,CM,NSE,STK,20698,INE807K01035,SCHAND,EQ,,,,,S CHAND AND COMPANY LTD,138.46,138.46,134.50,134.72,134.52,138.46,,134.72,,,22971,3113496.62,642,F1,1,,,,,
2026-08-27,2026-08-27,CM,NSE,STK,25528,INE0X6F01017,SDREAMS,SM,,,,,S D RETAIL LIMITED,91.85,93.00,90.05,90.10,90.10,91.95,,90.10,,,9000,825950.00,8,F1,1000,,,,,
2026-08-27,2026-08-27,CM,NSE,STK,11212,INE500L01026,SHK,EQ,,,,,S H KELKAR AND CO. LTD.,156.48,157.00,150.00,151.41,150.50,155.62,,151.41,,,315780,48024774.43,5477,F1,1,,,,,
2026-08-27,2026-08-27,CM,NSE,STK,20542,INE0F3301020,SJLOGISTIC,SM,,,,,S J LOGISTICS (INDIA) LTD,338.05,340.45,330.00,331.75,332.00,338.05,,331.75,,,24750,8277812.50,83,F1,250,,,,,
2026-08-27,2026-08-27,CM,NSE,STK,764940,INE159L01013,SVGLOBAL,EQ,,,,,S V GLOBAL MILL LTD.,134.11,144.80,118.21,129.50,129.50,132.79,,121.00,,,1849,234606.60,65,F1,1,,,,,
2026-08-27,2026-08-27,CM,NSE,STK,2951,INE902B01017,S&SPOWER,EQ,,,,,S&S POWER SWITCHGEARS LTD,354.90,354.90,333.20,334.05,334.90,350.70,,333.92,,,3117,1050010.50,165,F1,1,,,,,
2026-08-27,2026-08-27,CM,NSE,STK,18252,INE212I01016,SPAL,EQ,,,,,S. P. APPARELS LIMITED,950.70,964.00,936.00,952.95,961.00,949.70,,952.92,,,37022,35064945.80,2972,F1,1,,,,,
2026-08-27,2026-08-27,CM,NSE,STK,11634,INE658G01014,SALSTEEL,EQ,,,,,S.A.L. STEEL LTD.,70.05,75.22,70.05,71.59,71.95,71.64,,71.59,,,617914,45076692.87,4357,F1,1,,,,,
2026-08-27,2026-08-27,CM,NSE,STK,19112,INE0PSK01027,SAAKSHI,ST,,,,,SAAKSHI MEDTEC N PANELS L,282.05,282.05,282.00,282.00,282.00,284.20,,282.00,,,1200,338430.00,2,F1,600,,,,,
2026-08-27,2026-08-27,CM,NSE,STK,759057,INE13B501022,SAATVIKGL,EQ,,,,,SAATVIK GREEN ENERGY LTD,423.85,430.00,420.00,428.40,428.60,423.85,,428.34,,,46407,19709027.00,1770,F1,1,,,,,
2026-08-27,2026-08-27,CM,NSE,STK,10982,INE0DZ101013,SABAR,SM,,,,,SABAR FLEX INDIA LIMITED,7.60,7.90,7.20,7.20,7.20,7.55,,7.20,,,30000,225000.00,6,F1,5000,,,,,
2026-08-27,2026-08-27,CM,NSE,STK,757409,INE1ARD01016,SACHEEROME,SM,,,,,SACHEEROME LIMITED,490.00,490.00,470.05,483.35,483.35,484.80,,483.35,,,6600,3176550.00,22,F1,300,,,,,
2026-08-27,2026-08-27,CM,NSE,STK,13236,INE226H01026,SADBHAV,EQ,,,,,SADBHAV ENGINEERING LTD,8.14,8.47,7.80,8.47,8.47,8.07,,8.47,,,287558,2361505.76,451,F1,1,,,,,
2026-08-27,2026-08-27,CM,NSE,STK,10622,INE764L01010,SADBHIN,BE,,,,,SADBHAV INFRA PROJ LTD.,2.60,2.66,2.55,2.66,2.66,2.54,,2.67,,,201095,527837.07,144,F1,1,,,,,
2026-08-27,2026-08-27,CM,NSE,STK,15349,INE888C01040,SADHNANIQ,BE,,,,,SADHANA NITROCHEM LIMITED,2.90,2.90,2.90,2.90,2.90,2.95,,2.88,,,504196,1462168.40,324,F1,1,,,,,
2026-08-27,2026-08-27,CM,NSE,STK,22897,INE0K5H01010,SADHAV,SM,,,,,SADHAV SHIPPING LIMITED,117.00,117.45,112.75,113.15,112.75,114.15,,113.15,,,13200,1514310.00,22,F1,600,,,,,
2026-08-27,2026-08-27,CM,NSE,STK,13035,INE429E01023,SAFARI,EQ,,,,,SAFARI IND (INDIA) LTD,1496.10,1541.00,1496.10,1522.20,1522.20,1496.10,,1522.10,,,48118,73461057.60,5039,F1,1,,,,,
2026-08-27,2026-08-27,CM,NSE,STK,757583,INE17D601016,SAFEENTP,SM,,,,,SAFE ENTER RETAIL FIX LTD,249.00,250.00,246.00,250.00,250.00,248.50,,250.00,,,37000,9213425.00,47,F1,500,,,,,
2026-08-27,2026-08-27,CM,NSE,STK,14068,INE229C01021,SAGCEM,EQ,,,,,SAGAR CEMENTS LIMITED,167.67,168.28,163.21,164.09,164.01,167.67,,164.11,,,14441,2386620.28,555,F1,1,,,,,
2026-08-27,2026-08-27,CM,NSE,STK,8175,INE976T01013,SAGARDEEP,EQ,,,,,SAGARDEEP ALLOYS LIMITED,24.20,26.99,23.51,23.79,23.80,23.64,,23.79,,,33589,817304.94,209,F1,1,,,,,
2026-08-27,2026-08-27,CM,NSE,STK,27052,INE0W2G01015,SAGILITY,EQ,,,,,SAGILITY LIMITED,44.13,45.23,43.90,44.27,44.27,44.00,,44.16,,,38898220,1733822307.00,59963,F1,1,,,,,
2026-08-27,2026-08-27,CM,NSE,STK,24478,INE0P4701011,SAHAJSOLAR,SM,,,,,SAHAJ SOLAR LIMITED,101.20,102.15,100.50,100.80,101.00,102.25,,100.80,,,10400,1050760.00,23,F1,400,,,,,
2026-08-27,2026-08-27,CM,NSE,STK,16711,INE0LEX01011,SAHANA,SM,,,,,SAHANA SYSTEM LIMITED,941.45,946.90,918.20,924.50,920.00,941.45,,924.50,,,21000,19600927.50,105,F1,150,,,,,
2026-08-27,2026-08-27,CM,NSE,STK,25671,INE0RBQ01018,SAHASRA,ST,,,,,SAHASRA ELECTRONIC SOLU L,309.20,319.95,309.00,316.15,315.00,315.30,,316.15,,,85200,26678180.00,51,F1,400,,,,,
2026-08-27,2026-08-27,CM,NSE,STK,14900,INE280H01015,SAHYADRI,EQ,,,,,SAHYADRI INDUSTRIES LTD,345.40,352.25,342.00,348.15,352.25,339.35,,348.20,,,7367,2546419.50,739,F1,1,,,,,
2026-08-27,2026-08-27,CM,NSE,STK,764865,INE531X01018,SAICAPI,EQ,,,,,SAI CAPITAL LTD.,153.00,153.00,140.50,140.51,140.51,145.10,,140.73,,,232,33434.22,18,F1,1,,,,,
2026-08-27,2026-08-27,CM,NSE,STK,27839,INE570L01029,SAILIFE,EQ,,,,,SAI LIFE SCIENCES LIMITED,1467.10,1498.10,1458.10,1488.20,1482.10,1461.00,,1488.22,,,431944,638947076.50,29900,F1,1,,,,,
2026-08-27,2026-08-27,CM,NSE,STK,761675,INE0H9F01037,SAIPARENT,EQ,,,,,SAI PARENTERALS LIMITED,471.25,534.85,471.25,520.70,520.50,530.90,,520.71,,,234900,121511723.90,9686,F1,1,,,,,
2026-08-27,2026-08-27,CM,NSE,STK,18755,INE438K01021,KALAMANDIR,EQ,,,,,SAI SILKS (KALAMANDIR) L,88.29,88.29,86.10,86.48,86.50,87.80,,86.48,,,257232,22411160.11,2278,F1,1,,,,,
2026-08-27,2026-08-27,CM,NSE,STK,764880,INE068B01017,SEKURITIND,EQ,,,,,SAINT GOBAIN SEKUR IND L,117.62,117.62,116.10,116.78,117.00,117.04,,116.68,,,23587,2753450.85,222,F1,1,,,,,
2026-08-27,2026-08-27,CM,NSE,STK,25715,INE00MT01022,SAJHOTELS,ST,,,,,SAJ HOTELS LIMITED,38.50,38.50,38.00,38.00,38.00,39.90,,38.00,,,6000,230000.00,3,F1,2000,,,,,
2026-08-27,2026-08-27,CM,NSE,STK,9539,INE732S01012,SAKAR,EQ,,,,,SAKAR HEALTHCARE LIMITED,904.00,904.00,871.35,892.60,897.75,901.40,,892.60,,,79776,71197659.30,5460,F1,1,,,,,
2026-08-27,2026-08-27,CM,NSE,STK,11794,INE667G01023,SAKSOFT,EQ,,,,,SAKSOFT LIMITED,160.40,161.65,156.50,157.78,157.70,161.36,,157.79,,,127771,20297285.88,2754,F1,1,,,,,
2026-08-27,2026-08-27,CM,NSE,STK,2969,INE623A01011,SAKHTISUG,EQ,,,,,SAKTHI SUGARS LTD,20.90,21.05,19.53,19.74,19.60,20.77,,19.74,,,345589,6954318.62,1695,F1,1,,,,,
2026-08-27,2026-08-27,CM,NSE,STK,13251,INE190H01024,SAKUMA,EQ,,,,,SAKUMA EXPORTS LIMITED,1.88,1.90,1.68,1.71,1.71,1.79,,1.71,,,2753012,4811273.98,2540,F1,1,,,,,
2026-08-27,2026-08-27,CM,NSE,STK,21362,INE170V01027,SALASAR,EQ,,,,,SALASAR TECHNO ENGG. LTD.,5.95,5.97,5.87,5.88,5.90,5.95,,5.88,,,1996275,11780122.33,1976,F1,1,,,,,
2026-08-27,2026-08-27,CM,NSE,STK,17351,INE498E01010,SALONA,EQ,,,,,SALONA COTSPIN LTD.,278.00,287.00,265.25,268.09,268.05,262.01,,268.10,,,7827,2149095.05,172,F1,1,,,,,
2026-08-27,2026-08-27,CM,NSE,STK,11399,INE457F01013,SALZERELEC,EQ,,,,,SALZER ELECTRONICS LTD,556.50,560.15,543.00,547.25,546.10,556.50,,547.28,,,68041,37404858.15,2414,F1,1,,,,,
2026-08-27,2026-08-27,CM,NSE,STK,764870,INE304D01012,SAMBANDAM,EQ,,,,,SAMBANDAM SPINNING MILL L,126.00,130.00,113.10,118.51,116.70,125.47,,118.86,,,2163,268867.32,77,F1,1,,,,,
2026-08-27,2026-08-27,CM,NSE,STK,4127,INE699B01027,SAMBHAAV,EQ,,,,,SAMBHAAV MEDIA LTD,6.20,6.29,6.05,6.09,6.06,6.24,,6.09,,,64358,395038.69,108,F1,1,,,,,
2026-08-27,2026-08-27,CM,NSE,STK,757767,INE12NJ01018,SAMBHV,EQ,,,,,SAMBHV STEEL TUBES LTD,128.90,128.90,123.00,124.14,123.20,128.46,,124.14,,,831851,104274286.60,7531,F1,1,,,,,
2026-08-27,2026-08-27,CM,NSE,STK,21096,INE0PZA01015,SAIFL,SM,,,,,SAMEERA AGRO AND INFRA L,5.05,5.10,5.00,5.00,5.00,5.05,,5.00,,,200000,1007000.00,38,F1,4000,,,,,
2026-08-27,2026-08-27,CM,NSE,STK,18614,INE08U801020,SAMHI,EQ,,,,,SAMHI HOTELS LIMITED,159.11,160.48,157.10,157.55,157.99,159.10,,157.55,,,1226286,194234801.39,20975,F1,1,,,,,
2026-08-27,2026-08-27,CM,NSE,STK,30125,INE148I01020,SAMMAANCAP,EQ,,,,,SAMMAAN CAPITAL LIMITED,149.45,150.67,146.80,147.34,147.13,149.45,,147.31,,,5696106,842889886.43,27685,F1,1,,,,,
2026-08-27,2026-08-27,CM,NSE,STK,27303,INE735M01018,SAMPANN,EQ,,,,,SAMPANN UTPADAN INDIA LTD,26.60,26.60,25.51,25.61,25.61,26.10,,25.62,,,12017,311455.48,128,F1,1,,,,,
2026-08-27,2026-08-27,CM,NSE,STK,4204,INE775A01035,MOTHERSON,EQ,,,,,SAMVRDHNA MTHRSN INTL LTD,166.00,167.94,164.77,166.00,166.00,165.00,,166.00,,,12301325,2036925926.42,53711,F1,1,,,,,
2026-08-27,2026-08-27,CM,NSE,STK,28805,INE0JPD01013,SANATHAN,EQ,,,,,SANATHAN TEXTILES LIMITED,462.00,470.00,453.00,461.45,470.00,462.10,,461.21,,,9780,4486760.90,938,F1,1,,,,,
2026-08-27,2026-08-27,CM,NSE,STK,2988,INE583B01015,SANDESH,EQ,,,,,SANDESH LTD,1037.90,1038.35,1013.40,1017.60,1020.00,1032.20,,1017.60,,,351,358757.50,86,F1,1,,,,,
2026-08-27,2026-08-27,CM,NSE,STK,2397,INE278H01035,SANDHAR,EQ,,,,,SANDHAR TECHNOLOGIES LTD,659.80,663.20,644.80,651.75,649.90,661.05,,651.75,,,130633,85199600.85,6426,F1,1,,,,,
2026-08-27,2026-08-27,CM,NSE,STK,18359,INE149K01016,SANDUMA,EQ,,,,,SANDUR MANG & IRON ORES L,209.90,213.45,206.00,206.95,207.10,209.67,,206.94,,,726534,152336319.00,12684,F1,1,,,,,
2026-08-27,2026-08-27,CM,NSE,STK,4184,INE495C01010,SANGAMIND,EQ,,,,,SANGAM (INDIA) LTD,570.30,585.25,567.05,579.80,576.50,570.95,,579.80,,,36440,20993224.35,2397,F1,1,,,,,
2026-08-27,2026-08-27,CM,NSE,STK,18035,INE0OVI01010,SANGANI,SM,,,,,SANGANI HOSPITALS LIMITED,51.25,51.35,51.25,51.35,51.35,53.80,,51.35,,,6000,307650.00,3,F1,1500,,,,,
2026-08-27,2026-08-27,CM,NSE,STK,14058,INE989A01032,SANGHVIMOV,EQ,,,,,SANGHVI MOVERS LTD,457.00,458.45,442.10,444.65,449.50,458.50,,445.18,,,387376,173276705.40,12313,F1,1,,,,,
2026-08-27,2026-08-27,CM,NSE,STK,11033,INE753W01010,SANGINITA,BE,,,,,SANGINITA CHEMICALS LTD,45.97,50.79,45.97,50.78,50.79,48.38,,50.78,,,998868,48438642.71,917,F1,1,,,,,
2026-08-27,2026-08-27,CM,NSE,STK,25222,INE0UOS01011,SANOFICONR,EQ,,,,,SANOFI CONS HEALTHC IND L,4169.20,4184.90,4132.00,4150.00,4135.60,4158.50,,4150.03,,,1480,6137021.00,587,F1,1,,,,,
2026-08-27,2026-08-27,CM,NSE,STK,1442,INE058A01010,SANOFI,EQ,,,,,SANOFI INDIA LIMITED,3185.60,3200.00,3165.20,3181.00,3180.00,3191.20,,3181.00,,,15305,48738223.90,2900,F1,1,,,,,
2026-08-27,2026-08-27,CM,NSE,STK,5751,INE953O01021,SANSERA,EQ,,,,,SANSERA ENGINEERING LTD,3836.60,3897.90,3805.00,3842.80,3849.90,3836.60,,3842.83,,,81562,314386233.40,17825,F1,1,,,,,
2026-08-27,2026-08-27,CM,NSE,STK,24582,INE08NE01025,SANSTAR,EQ,,,,,SANSTAR LIMITED,109.20,110.95,108.17,109.25,108.50,110.15,,109.26,,,129899,14202036.41,1321,F1,1,,,,,
2026-08-27,2026-08-27,CM,NSE,STK,46,INE890C01046,SANWARIA,BZ,,,,,SANWARIA CONSUMER LIMITED,0.21,0.21,0.19,0.20,0.20,0.20,,0.20,,,1707656,351164.90,194,F1,1,,,,,
2026-08-27,2026-08-27,CM,NSE,STK,6718,INE806T01020,SAPPHIRE,EQ,,,,,SAPPHIRE FOODS INDIA LTD,249.00,257.19,238.15,239.74,240.17,249.68,,239.73,,,2247967,551084496.07,44207,F1,1,,,,,
2026-08-27,2026-08-27,CM,NSE,STK,19863,INE0PUC01020,SARTELE,SM,,,,,SAR TELEVENTURE LIMITED,100.00,100.00,95.20,96.70,96.60,99.85,,96.70,,,113500,11051900.00,114,F1,500,,,,,
2026-08-27,2026-08-27,CM,NSE,STK,762985,INE967G01019,ZSARACOM,EQ,,,,,SARASWATI COMM (INDIA) L,11270.00,11270.00,10960.00,11046.00,10960.00,11261.00,,11046.00,,,44,491268.00,25,F1,1,,,,,
2026-08-27,2026-08-27,CM,NSE,STK,24856,INE0PQ101010,SSDL,EQ,,,,,SARASWATI SAREE DEPOT LTD,56.65,58.20,56.00,56.33,56.47,57.25,,56.33,,,35212,1991792.02,550,F1,1,,,,,
2026-08-27,2026-08-27,CM,NSE,STK,17758,INE385C01021,SARDAEN,EQ,,,,,SARDA ENERGY & MIN LTD,514.40,514.40,507.60,509.60,509.00,514.40,,509.60,,,161484,82409115.00,7638,F1,1,,,,,
2026-08-27,2026-08-27,CM,NSE,STK,4892,INE979A01025,SAREGAMA,EQ,,,,,SAREGAMA INDIA LIMITED,498.35,502.75,484.30,487.50,485.00,497.55,,487.52,,,469479,229914444.45,15742,F1,1,,,,,
2026-08-27,2026-08-27,CM,NSE,STK,14043,INE453D01025,SARLAPOLY,EQ,,,,,SARLA PERF. FIBERS LTD,101.00,101.49,99.90,100.41,100.48,100.50,,100.41,,,20491,2060051.69,588,F1,1,,,,,
2026-08-27,2026-08-27,CM,NSE,STK,18506,INE0PCL01011,SAROJA,SM,,,,,SAROJA PHARMA INDUS IND L,41.65,41.70,41.50,41.55,41.70,39.75,,41.55,,,11200,466160.00,7,F1,1600,,,,,
2026-08-27,2026-08-27,CM,NSE,STK,6843,INE017W01010,SMLT,EQ,,,,,SARTHAK METALS LIMITED,67.00,69.09,67.00,67.60,68.00,68.45,,67.60,,,5180,353198.21,95,F1,1,,,,,
2026-08-27,2026-08-27,CM,NSE,STK,12913,INE324X01026,SARVESHWAR,EQ,,,,,SARVESHWAR FOODS LIMITED,3.48,3.49,3.42,3.42,3.43,3.48,,3.42,,,782302,2693422.00,1161,F1,1,,,,,
2026-08-27,2026-08-27,CM,NSE,STK,11983,INE231F01020,SASKEN,EQ,,,,,SASKEN TECHNOLOGIES LTD,1832.00,1900.00,1832.00,1861.40,1865.90,1863.00,,1861.24,,,9015,16887848.30,1347,F1,1,,,,,
2026-08-27,2026-08-27,CM,NSE,STK,29151,INE0NB801022,SATKARTAR,SM,,,,,SAT KARTAR LIFE LIMITED,139.00,148.40,133.60,136.65,137.00,135.70,,136.65,,,31200,4365480.00,33,F1,800,,,,,
2026-08-27,2026-08-27,CM,NSE,STK,24697,INE0RFP01011,SSEGL,SM,,,,,SATHLOKHAR SYN E&C GLOB L,433.55,433.55,405.00,407.75,410.00,433.55,,407.75,,,51200,21148470.00,190,F1,200,,,,,
2026-08-27,2026-08-27,CM,NSE,STK,24507,INE0RPM01017,SATIPOLY,ST,,,,,SATI POLY PLAST LIMITED,42.00,42.00,40.40,40.40,40.40,42.50,,40.40,,,3000,122050.00,6,F1,500,,,,,
2026-08-27,2026-08-27,CM,NSE,STK,11045,INE170E01023,SATIA,EQ,,,,,SATIA INDUSTRIES LIMITED,58.00,60.69,57.60,58.01,58.00,58.69,,58.01,,,160572,9406328.09,1567,F1,1,,,,,
2026-08-27,2026-08-27,CM,NSE,STK,10453,INE836B01017,SATIN,EQ,,,,,SATIN CREDIT NET LTD,223.00,233.00,223.00,226.01,224.24,227.06,,226.01,,,246686,56320296.87,5509,F1,1,,,,,
2026-08-27,2026-08-27,CM,NSE,STK,758960,INE14DW01018,SATTVAENGG,SM,,,,,SATTVA ENGINEERING CSTN L,73.00,73.00,72.00,72.00,72.00,74.00,,72.00,,,22400,1625200.00,14,F1,1600,,,,,
2026-08-27,2026-08-27,CM,NSE,STK,3018,INE626A01014,SAURASHCEM,EQ,,,,,SAURASHTRA CEMENT LIMITED,58.61,59.25,56.81,57.13,57.00,59.01,,57.12,,,164766,9476504.05,3289,F1,1,,,,,
2026-08-27,2026-08-27,CM,NSE,STK,3021,INE035D01020,SOTL,EQ,,,,,SAVITA OIL TECHNOLO. LTD,702.40,708.35,676.35,679.45,681.70,694.95,,679.44,,,200141,138177865.05,8783,F1,1,,,,,
2026-08-27,2026-08-27,CM,NSE,STK,757704,INE0UCN01017,SAVY,SM,,,,,SAVY INFRA AND LOGI LTD,138.50,139.50,135.00,135.00,135.00,135.50,,135.00,,,15600,2145360.00,13,F1,1200,,,,,
2026-08-27,2026-08-27,CM,NSE,STK,758444,INE10VS01016,SAWALIYA,SM,,,,,SAWALIYA FOOD PRODUCTS L,269.50,269.50,212.40,212.40,212.40,265.50,,212.40,,,173400,40968720.00,175,F1,600,,,,,
2026-08-27,2026-08-27,CM,NSE,STK,762879,INE318C01014,SAYAJIHOTL,EQ,,,,,SAYAJI HOTELS LTD.,333.00,333.00,318.00,332.00,332.00,320.10,,333.30,,,8,2603.60,6,F1,1,,,,,
2026-08-27,2026-08-27,CM,NSE,STK,764875,INE327G01032,SAYAJIIND,EQ,,,,,SAYAJI INDUSTRIES LTD.,117.49,117.49,117.49,117.49,117.49,117.46,,117.42,,,102,11983.98,3,F1,1,,,,,
2026-08-27,2026-08-27,CM,NSE,STK,6792,INE04AK01028,SBC,EQ,,,,,SBC EXPORTS LIMITED,40.40,41.98,39.85,41.45,41.38,40.13,,41.45,,,8469794,343733782.68,9970,F1,1,,,,,
2026-08-27,2026-08-27,CM,NSE,STK,18026,INE423Y01016,SBFC,EQ,,,,,SBFC FINANCE LIMITED,101.71,103.37,97.70,98.61,98.60,101.14,,98.62,,,6843021,691239638.54,37521,F1,1,,,,,
2026-08-27,2026-08-27,CM,NSE,STK,17971,INE018E01016,SBICARD,EQ,,,,,SBI CARDS & PAY SER LTD,664.20,665.50,644.45,645.00,645.00,660.10,,644.99,,,1739414,1132837391.95,43044,F1,1,,,,,
2026-08-27,2026-08-27,CM,NSE,STK,764173,INE640G01020,SBIFUNDS,EQ,,,,,SBI FUNDS MANAGEMENT LTD,562.95,567.40,555.05,562.55,565.00,563.45,,562.52,,,1745658,977515330.80,41807,F1,1,,,,,
2026-08-27,2026-08-27,CM,NSE,STK,21808,INE123W01016,SBILIFE,EQ,,,,,SBI LIFE INSURANCE CO LTD,1769.00,1798.90,1766.50,1773.20,1773.20,1768.20,,1773.23,,,941103,1677824069.80,50827,F1,1,,,,,
2026-08-27,2026-08-27,CM,NSE,STK,17272,INF200KA16D8,SETFGOLD,EQ,,,,,SBI-ETF GOLD,139.87,139.87,132.11,134.35,134.30,136.46,,134.35,,,6934038,930858697.58,14807,F1,1,,,,,
2026-08-27,2026-08-27,CM,NSE,STK,10176,INF200KA1FS1,SETFNIF50,EQ,,,,,SBI-ETF NIFTY 50,260.83,263.00,260.02,260.51,260.32,261.70,,260.51,,,1214237,316285829.62,8828,F1,1,,,,,
2026-08-27,2026-08-27,CM,NSE,STK,7361,INF200KA1580,SETFNIFBK,EQ,,,,,SBI-ETF NIFTY BANK,594.83,595.28,590.55,592.65,590.55,594.60,,592.59,,,14216,8429539.43,555,F1,1,,,,,
2026-08-27,2026-08-27,CM,NSE,STK,7353,INF200KA1598,SETFNN50,EQ,,,,,SBI-ETF NIFTY NEXT 50,802.00,802.99,792.84,795.26,796.87,802.00,,795.26,,,32228,25714251.25,3275,F1,1,,,,,
2026-08-27,2026-08-27,CM,NSE,STK,19705,INF200KA13Z8,LIQUIDSBI,EQ,,,,,SBIAMC - LIQUIDSBI,1000.01,1000.01,999.99,1000.01,1000.01,1000.00,,1000.01,,,5665,5665034.35,17,F1,1,,,,,
2026-08-27,2026-08-27,CM,NSE,STK,30290,INF200KB1712,SBIBPB,EQ,,,,,SBIAMC - SBIBPB,50.60,50.90,49.41,49.89,49.82,50.35,,49.89,,,32106,1605308.39,318,F1,1,,,,,
2026-08-27,2026-08-27,CM,NSE,STK,5168,INF200KA1X17,SBIETFCON,EQ,,,,,SBIAMC - SBIETFCON,128.11,128.11,123.12,123.24,123.12,124.38,,123.24,,,2199,271575.02,101,F1,1,,,,,
2026-08-27,2026-08-27,CM,NSE,STK,740,INF200KA1S14,SBIETFIT,EQ,,,,,SBIAMC - SBIETFIT,337.92,338.41,334.00,336.44,337.63,337.92,,336.44,,,7232,2429135.39,209,F1,1,,,,,
2026-08-27,2026-08-27,CM,NSE,STK,722,INF200KA1S22,SBIETFPB,EQ,,,,,SBIAMC - SBIETFPB,281.06,286.85,281.06,284.57,283.00,283.90,,284.57,,,5598,1590740.21,111,F1,1,,,,,
2026-08-27,2026-08-27,CM,NSE,STK,7218,INF200KA1WX6,SBIETFQLTY,EQ,,,,,SBIAMC - SBIETFQLTY,224.05,225.00,223.22,224.04,224.68,225.39,,224.04,,,412,92327.95,48,F1,1,,,,,
2026-08-27,2026-08-27,CM,NSE,STK,758496,INF200KB1969,SBILIQETF,EQ,,,,,SBIAMC - SBILIQETF,1053.50,1053.50,1053.48,1053.49,1053.49,1053.34,,1053.49,,,99598,104925501.17,46,F1,1,,,,,
2026-08-27,2026-08-27,CM,NSE,STK,761095,INF200KB1AJ0,SBIMIDMOM,EQ,,,,,SBIAMC - SBIMIDMOM,65.97,65.97,64.71,64.73,64.91,64.98,,64.73,,,43378,2811109.59,128,F1,1,,,,,
2026-08-27,2026-08-27,CM,NSE,STK,24524,INF200KB1282,SBINEQWETF,EQ,,,,,SBIAMC - SBINEQWETF,33.95,33.95,33.52,33.69,33.70,33.79,,33.69,,,20165,678312.51,176,F1,1,,,,,
2026-08-27,2026-08-27,CM,NSE,STK,761741,INF200KB1AK8,SBINMID150,EQ,,,,,SBIAMC - SBINMID150,23.80,23.80,23.43,23.56,23.67,23.69,,23.56,,,25193,595147.84,121,F1,1,,,,,
2026-08-27,2026-08-27,CM,NSE,STK,24366,INF200KB1217,SBISILVER,EQ,,,,,SBIAMC - SBISILVER,241.76,241.76,229.30,231.97,232.17,235.87,,231.97,,,1233872,286170306.95,6255,F1,1,,,,,
2026-08-27,2026-08-27,CM,NSE,STK,763543,INF200KB1AY9,SBISMLETF,EQ,,,,,SBIAMC - SBISMLETF,18.59,18.59,18.42,18.46,18.45,18.49,,18.46,,,86035,1591992.54,178,F1,1,,,,,
2026-08-27,2026-08-27,CM,NSE,STK,763546,INF200KB1AX1,SBIVALETF,EQ,,,,,SBIAMC - SBIVALETF,14.87,14.87,14.72,14.73,14.80,14.85,,14.72,,,10723,158261.94,79,F1,1,,,,,
2026-08-27,2026-08-27,CM,NSE,STK,17395,INF200KA1JT1,SETF10GILT,EQ,,,,,SBIAMC - SETF10GILT,264.39,266.64,264.20,265.06,265.00,264.39,,265.06,,,1582,419262.78,35,F1,1,,,,,
2026-08-27,2026-08-27,CM,NSE,STK,762887,INE099G01011,SCANSTL,BE,,,,,SCAN STEELS LTD.,63.44,63.44,60.70,61.23,61.06,62.92,,61.57,,,16313,1008869.57,101,F1,1,,,,,
2026-08-27,2026-08-27,CM,NSE,STK,1011,INE513A01022,SCHAEFFLER,EQ,,,,,SCHAEFFLER INDIA LIMITED,4001.00,4084.00,4001.00,4051.10,4068.20,4010.20,,4051.08,,,75168,303891277.20,9301,F1,1,,,,,
2026-08-27,2026-08-27,CM,NSE,STK,31234,INE839M01018,SCHNEIDER,EQ,,,,,SCHNEIDER ELECTRIC INFRA,1175.80,1214.90,1172.10,1207.00,1212.00,1174.40,,1206.93,,,302871,361132260.50,23112,F1,1,,,,,
2026-08-27,2026-08-27,CM,NSE,STK,757460,INE148I07XG8,865SCL27,N4,,,,,SCL 8.65% 2027 SR II,993.25,993.25,993.25,993.25,993.25,996.00,,993.25,,,20,19865.00,1,F1,1,,,,,
2026-08-27,2026-08-27,CM,NSE,STK,757608,INE148I07WZ0,975SCL35,N0,,,,,SCL 9.75% 2035 SR II,101000.00,101000.00,101000.00,101000.00,101000.00,101000.00,,101000.00,,,24,2424000.00,1,F1,1,,,,,
2026-08-27,2026-08-27,CM,NSE,STK,757497,INE148I07XY1,995SCL2035,NM,,,,,SCL 9.95% 2035 SR XII,1022.00,1022.00,1022.00,1022.00,1022.00,1022.17,,1022.00,,,19,19418.00,1,F1,1,,,,,
2026-08-27,2026-08-27,CM,NSE,STK,30226,INE148I07WL0,SCL190325A,N1,,,,,SCL SR VI,1069.00,1069.00,1069.00,1069.00,1069.00,891.10,,1069.00,,,10,10690.00,1,F1,1,,,,,
2026-08-27,2026-08-27,CM,NSE,STK,757478,INE090501011,SCODATUBES,EQ,,,,,SCODA TUBES LIMITED,129.57,133.46,128.12,130.93,130.40,128.86,,130.93,,,226996,29777191.42,2568,F1,1,,,,,
2026-08-27,2026-08-27,CM,NSE,STK,22700,IN1020230802,745AP38,SG,,,,,SDL AP 7.45% 2038,96.42,96.42,96.42,96.42,96.42,99.17,,96.42,,,500,48210.00,1,F1,100,,,,,
2026-08-27,2026-08-27,CM,NSE,STK,761646,IN1020260015,796AP38,SG,,,,,SDL AP 7.96% 2038,96.48,100.80,96.48,100.80,100.80,96.00,,100.80,,,300,29728.00,3,F1,100,,,,,
2026-08-27,2026-08-27,CM,NSE,STK,762420,IN1320260012,792BR51,SG,,,,,SDL BR 7.92% 2051,100.30,100.30,100.30,100.30,100.30,100.26,,100.30,,,100,10030.00,1,F1,100,,,,,
2026-08-27,2026-08-27,CM,NSE,STK,25351,IN3520240018,70CG29,SG,,,,,SDL CG 7.0% 2029,96.70,96.70,96.70,96.70,96.70,96.70,,96.70,,,100,9670.00,1,F1,100,,,,,
2026-08-27,2026-08-27,CM,NSE,STK,21152,IN1520230179,747GJ28,SG,,,,,SDL GJ 7.47% 2028,100.00,100.00,100.00,100.00,100.00,100.00,,100.00,,,200,20000.00,2,F1,100,,,,,
2026-08-27,2026-08-27,CM,NSE,STK,20724,IN1520230138,755GJ31,SG,,,,,SDL GJ 7.55% 2031,98.30,98.30,98.30,98.30,98.30,98.40,,98.30,,,200,19660.00,1,F1,100,,,,,
2026-08-27,2026-08-27,CM,NSE,STK,21264,IN1520230195,766GJ32,SG,,,,,SDL GJ 7.66% 2032,95.92,95.92,95.92,95.92,95.92,100.50,,95.92,,,1000,95920.00,1,F1,100,,,,,
2026-08-27,2026-08-27,CM,NSE,STK,19907,IN4920230138,758JK50,SG,,,,,SDL JK 7.58% 2050,94.67,94.67,94.67,94.67,94.67,94.67,,94.67,,,100,9467.00,1,F1,100,,,,,
2026-08-27,2026-08-27,CM,NSE,STK,759700,IN1920250280,748KA37A,SG,,,,,SDL KA 7.48% 2037,93.88,93.88,93.88,93.88,93.88,95.00,,93.88,,,100,9388.00,1,F1,100,,,,,
2026-08-27,2026-08-27,CM,NSE,STK,763197,IN2020260047,783KL49,SG,,,,,SDL KL 7.83% 2049,100.00,100.00,100.00,100.00,100.00,100.00,,100.00,,,200,20000.00,1,F1,100,,,,,
2026-08-27,2026-08-27,CM,NSE,STK,758845,IN2220250293,718MH33,SG,,,,,SDL MH 7.18% 2033,100.00,100.00,100.00,100.00,100.00,100.00,,100.00,,,4900,490000.00,1,F1,100,,,,,
2026-08-27,2026-08-27,CM,NSE,STK,9724,IN2220220072,772MH34,SG,,,,,SDL MH 7.72% 2034,100.00,100.00,100.00,100.00,100.00,100.00,,100.00,,,200,20000.00,1,F1,100,,,,,
2026-08-27,2026-08-27,CM,NSE,STK,11515,IN2820220118,785PN42,SG,,,,,SDL PN 7.85% 2042,95.36,95.36,95.36,95.36,95.36,100.00,,95.36,,,1100,104896.00,2,F1,100,,,,,
2026-08-27,2026-08-27,CM,NSE,STK,763523,IN2820260049,792PN44,SG,,,,,SDL PN 7.92% 2044,101.00,101.00,101.00,101.00,101.00,101.00,,101.00,,,100,10100.00,1,F1,100,,,,,
2026-08-27,2026-08-27,CM,NSE,STK,24053,IN3820240015,74PY30,SG,,,,,SDL PY 7.4% 2030,96.92,96.92,96.92,96.92,96.92,100.00,,96.92,,,100,9692.00,1,F1,100,,,,,
2026-08-27,2026-08-27,CM,NSE,STK,21156,IN2920230371,774RJ34,SG,,,,,SDL RJ 7.74% 2034,95.12,95.12,95.12,95.12,95.12,99.72,,95.12,,,100,9512.00,1,F1,100,,,,,
2026-08-27,2026-08-27,CM,NSE,STK,763068,IN2920260048,781RJ49,SG,,,,,SDL RJ 7.81% 2049,97.02,97.02,97.02,97.02,97.02,99.00,,97.02,,,100,9702.00,1,F1,100,,,,,
2026-08-27,2026-08-27,CM,NSE,STK,761660,IN2920260022,806RJ57,SG,,,,,SDL RJ 8.06% 2057,100.00,100.00,95.92,95.92,95.92,100.00,,95.92,,,1000,96736.00,3,F1,100,,,,,
2026-08-27,2026-08-27,CM,NSE,STK,23423,IN3120240012,742TN34A,SG,,,,,SDL TN 7.42% 2034,95.04,95.04,95.04,95.04,95.04,99.00,,95.04,,,100,9504.00,1,F1,100,,,,,
2026-08-27,2026-08-27,CM,NSE,STK,759337,IN3120250318,744TN55A,SG,,,,,SDL TN 7.44% 2055,94.50,94.50,94.50,94.50,94.50,94.50,,94.50,,,100,9450.00,1,F1,100,,,,,
2026-08-27,2026-08-27,CM,NSE,STK,20470,IN3120230336,767TN30,SG,,,,,SDL TN 7.67% 2030,100.75,100.75,100.75,100.75,100.75,99.00,,100.75,,,300,30225.00,2,F1,100,,,,,
2026-08-27,2026-08-27,CM,NSE,STK,763774,IN4520260063,753TS39,SG,,,,,SDL TS 7.53% 2039,90.92,90.92,90.92,90.92,90.92,95.00,,90.92,,,200,18184.00,1,F1,100,,,,,
2026-08-27,2026-08-27,CM,NSE,STK,20643,INE027E07972,935LTF29,N5,,,,,SE RE NCD 9.35% SR.V OP2,1130.00,1130.00,1130.00,1130.00,1130.00,1129.90,,1130.00,,,4,4520.00,1,F1,1,,,,,
2026-08-27,2026-08-27,CM,NSE,STK,2616,INE497B01018,SEAMECLTD,EQ,,,,,SEAMEC LIMITED,1660.00,1670.10,1600.00,1624.40,1619.00,1658.10,,1624.20,,,76118,125032299.80,5081,F1,1,,,,,
2026-08-27,2026-08-27,CM,NSE,STK,12465,INE741K07496,10CAGL27,N5,,,,,SEC RE NCD 10% SR. V,1007.55,1018.00,1007.51,1018.00,1018.00,1020.00,,1018.00,,,303,305339.27,8,F1,1,,,,,
2026-08-27,2026-08-27,CM,NSE,STK,20779,INE413U07269,1003ISFL28,N4,,,,,SEC RE NCD 10.03% SR 5,1010.00,1010.00,1010.00,1010.00,1010.00,1010.00,,1010.00,,,60,60600.00,1,F1,1,,,,,
2026-08-27,2026-08-27,CM,NSE,STK,24141,INE413U07301,1003IIFL29,NC,,,,,SEC RE NCD 10.03% SR V,1005.00,1015.00,1000.00,1005.00,1005.00,1020.00,,1005.00,,,1712,1713130.00,10,F1,1,,,,,
2026-08-27,2026-08-27,CM,NSE,STK,15253,INE244L07523,890SFIL23A,NZ,,,,,SEC RE NCD 10.03% SR.VIII,380.10,405.00,351.00,405.00,405.00,421.00,,450.00,,,458,178790.50,7,F1,1,,,,,
2026-08-27,2026-08-27,CM,NSE,STK,18859,INE148I07PL4,925SCL28C,BS,,,,,SEC RE NCD 10.15% SR VII,750.00,750.00,750.00,750.00,750.00,652.15,,750.00,,,40,30000.00,2,F1,1,,,,,
2026-08-27,2026-08-27,CM,NSE,STK,23974,INE148I07TN2,1025SCL34A,ZT,,,,,SEC RE NCD 10.25% SR XII,1000.01,1000.01,1000.01,1000.01,1000.01,1010.00,,1000.01,,,224,224002.24,3,F1,1,,,,,
2026-08-27,2026-08-27,CM,NSE,STK,14034,INE244L07283,1030SFIL28,NM,,,,,SEC RE NCD 10.30% SR.VII,445.00,520.00,415.60,520.00,520.00,435.80,,507.50,,,204,88140.00,20,F1,1,,,,,
2026-08-27,2026-08-27,CM,NSE,STK,23964,INE148I07TK8,1050SCL31,ZP,,,,,SEC RE NCD 10.5% SR IX,1044.15,1044.15,1044.15,1044.15,1044.15,1024.70,,1044.15,,,20,20883.00,1,F1,1,,,,,
2026-08-27,2026-08-27,CM,NSE,STK,20784,INE413U07251,1050ISFL28,N5,,,,,SEC RE NCD 10.50% SR 6,1055.30,1055.30,1055.30,1055.30,1055.30,1055.30,,1058.65,,,10,10553.00,1,F1,1,,,,,
2026-08-27,2026-08-27,CM,NSE,STK,15249,INE244L07556,1003SFIL28,NX,,,,,SEC RE NCD 10.50% SR.VII,415.20,499.00,415.20,458.23,417.00,519.00,,458.23,,,39,17657.80,7,F1,1,,,,,
2026-08-27,2026-08-27,CM,NSE,STK,23123,INE342T07460,1065NFL27,NC,,,,,SEC RE NCD 10.65% SR.IV,1024.00,1035.00,1010.60,1034.00,1034.00,1024.00,,1032.00,,,885,909676.90,18,F1,1,,,,,
2026-08-27,2026-08-27,CM,NSE,STK,23125,INE342T07445,1119NFL27,ND,,,,,SEC RE NCD 11.19% SR.V,1053.50,1053.50,1053.10,1053.10,1053.20,1052.80,,1053.10,,,93,97955.80,3,F1,1,,,,,
2026-08-27,2026-08-27,CM,NSE,STK,3433,INE219X07223,79IGT28,NF,,,,,SEC RE NCD 7.90% SR.III,1020.00,1020.00,1020.00,1020.00,1020.00,1020.00,,1020.00,,,28,28560.00,1,F1,1,,,,,
2026-08-27,2026-08-27,CM,NSE,STK,11658,INE0H7R07017,79NHIT35,N1,,,,,SEC RE NCD 7.90% STRPP A,312.49,312.50,312.49,312.50,312.50,310.50,,312.50,,,2,624.99,2,F1,1,,,,,
2026-08-27,2026-08-27,CM,NSE,STK,11665,INE0H7R07025,79NHIT40,N2,,,,,SEC RE NCD 7.90% STRPP B,312.50,312.50,312.50,312.50,312.50,314.90,,312.50,,,18,5625.00,2,F1,1,,,,,
2026-08-27,2026-08-27,CM,NSE,STK,11669,INE0H7R07033,79NHIT47,N3,,,,,SEC RE NCD 7.90% STRPP C,418.49,418.50,418.48,418.50,418.50,415.20,,418.50,,,550,230173.60,7,F1,1,,,,,
2026-08-27,2026-08-27,CM,NSE,STK,7648,INE477L07AN9,820IIFL27,N9,,,,,SEC RE NCD 8.20% SR.III,995.00,995.00,995.00,995.00,995.00,995.00,,995.00,,,50,49750.00,1,F1,1,,,,,
2026-08-27,2026-08-27,CM,NSE,STK,6197,INE530B07161,842IIFL26,NL,,,,,SEC RE NCD 8.42% SR.V,995.01,995.01,995.01,995.01,995.01,995.01,,995.01,,,150,149251.50,3,F1,1,,,,,
2026-08-27,2026-08-27,CM,NSE,STK,20443,INE121A07RM2,860CIFCL28,NG,,,,,SEC RE NCD 8.60% SR 5,1020.00,1020.00,1020.00,1020.00,1020.00,1020.00,,1020.00,,,100,102000.00,1,F1,1,,,,,
2026-08-27,2026-08-27,CM,NSE,STK,28856,INE477L07BB2,865IHFL27,N1,,,,,SEC RE NCD 8.65% SR III,989.00,989.00,989.00,989.00,989.00,989.00,,989.00,,,16,15824.00,1,F1,1,,,,,
2026-08-27,2026-08-27,CM,NSE,STK,13852,INE530B07310,865IIFL28,NS,,,,,SEC RE NCD 8.65% SR.V,992.89,992.89,992.89,992.89,992.89,992.90,,992.89,,,105,104253.45,1,F1,1,,,,,
2026-08-27,2026-08-27,CM,NSE,STK,11365,INE148I07MK3,865SCL24B,Z8,,,,,SEC RE NCD 8.70% SR.VIII,1180.00,1240.00,980.00,985.00,985.00,1180.00,,985.00,,,80,87700.00,5,F1,1,,,,,
2026-08-27,2026-08-27,CM,NSE,STK,23706,INE338I07164,897MOFSL29,N4,,,,,SEC RE NCD 8.97% SR V,1032.90,1033.00,1032.90,1032.97,1033.00,1033.00,,1032.97,,,241,248948.00,6,F1,1,,,,,
2026-08-27,2026-08-27,CM,NSE,STK,13854,INE530B07260,9IIFL28A,NT,,,,,SEC RE NCD 9% SR.VI,1037.20,1037.20,1036.50,1037.00,1037.00,1047.20,,1043.50,,,300,311002.00,4,F1,1,,,,,
2026-08-27,2026-08-27,CM,NSE,STK,25537,INE148I07UI0,925SCL26F,N1,,,,,SEC RE NCD 9.25% SR II,995.04,995.04,995.04,995.04,995.04,995.04,,995.04,,,25,24876.00,2,F1,1,,,,,
2026-08-27,2026-08-27,CM,NSE,STK,23955,INE148I07TQ5,925SCL29A,ZM,,,,,SEC RE NCD 9.25% SR VIII,950.00,950.00,950.00,950.00,950.00,987.24,,950.00,,,56,53200.00,1,F1,1,,,,,
2026-08-27,2026-08-27,CM,NSE,STK,23710,INE338I07115,93MOFSL34,N6,,,,,SEC RE NCD 9.30% SR VII,1086.99,1086.99,1065.00,1065.00,1065.00,1086.99,,1074.99,,,22,23473.98,2,F1,1,,,,,
2026-08-27,2026-08-27,CM,NSE,STK,25552,INE148I07UC3,948SCL27D,N1,,,,,SEC RE NCD 9.48% SR V,990.00,1060.00,990.00,1060.00,1060.00,1060.00,,1060.00,,,5,5020.00,2,F1,1,,,,,
2026-08-27,2026-08-27,CM,NSE,STK,11361,INE148I07ME6,915SCL27,Z7,,,,,SEC RE NCD 9.55% SR.VII,1076.00,1076.00,1076.00,1076.00,1076.00,1076.66,,1076.00,,,50,53800.00,1,F1,1,,,,,
2026-08-27,2026-08-27,CM,NSE,STK,20769,INE413U07236,957ISFL26,N2,,,,,SEC RE NCD 9.57% SR 3,990.00,990.00,990.00,990.00,990.00,990.00,,992.00,,,10,9900.00,4,F1,1,,,,,
2026-08-27,2026-08-27,CM,NSE,STK,25287,INE423A07328,965AEL27,N4,,,,,SEC RE NCD 9.65% SR IV,1099.00,1104.99,1099.00,1104.99,1104.99,1100.01,,1104.90,,,310,341528.60,8,F1,1,,,,,
2026-08-27,2026-08-27,CM,NSE,STK,18487,INE741K07579,970CAGL28,ND,,,,,SEC RE NCD 9.70% SR VII,1022.00,1022.00,1017.00,1017.00,1017.00,1017.00,,1017.00,,,27,27534.00,5,F1,1,,,,,
2026-08-27,2026-08-27,CM,NSE,STK,23712,INE338I07123,97MOFSL34,N7,,,,,SEC RE NCD 9.70% SR VIII,1097.00,1097.00,1097.00,1097.00,1097.00,1139.00,,1097.00,,,50,54850.00,2,F1,1,,,,,
2026-08-27,2026-08-27,CM,NSE,STK,13487,INE148I07NG9,894SCL27,ZY,,,,,SEC RE NCD 9.80% SR.VII,630.00,630.00,630.00,630.00,630.00,660.00,,630.00,,,165,103950.00,3,F1,1,,,,,
2026-08-27,2026-08-27,CM,NSE,STK,14038,INE244L07416,985SFIL28,NO,,,,,SEC RE NCD 9.85% SR.VIII,400.30,415.00,400.30,410.00,405.00,415.00,,410.00,,,22,8828.00,4,F1,1,,,,,
2026-08-27,2026-08-27,CM,NSE,STK,19772,INE148I07QB3,SCLZC26C,NB,,,,,SEC RE NCD SR VI,1314.18,1314.18,1314.18,1314.18,1314.18,1313.71,,1314.18,,,1,1314.18,1,F1,1,,,,,
2026-08-27,2026-08-27,CM,NSE,STK,14224,INE00QS24027,IMC1,N2,,,,,SEC RE NCGB 8.25% STRPP C,254.00,254.40,250.40,250.40,250.40,250.09,,250.40,,,203,50839.80,5,F1,1,,,,,
2026-08-27,2026-08-27,CM,NSE,STK,14228,INE00QS24035,IMC1,N3,,,,,SEC RE NCGB 8.25% STRPP D,256.45,256.50,256.45,256.50,256.50,250.89,,256.50,,,2,512.95,2,F1,1,,,,,
2026-08-27,2026-08-27,CM,NSE,STK,7975,INE804IA7014,1015ECL29,NR,,,,,SEC RED NCD 10.15% SR. VI,1017.00,1020.99,1017.00,1020.00,1020.00,1018.01,,1020.50,,,12,12210.99,3,F1,1,,,,,
2026-08-27,2026-08-27,CM,NSE,STK,7986,INE804IA7022,1060ECL29,NS,,,,,SEC RED NCD 10.6% SR. VII,1064.00,1080.00,1064.00,1079.90,1079.90,1079.85,,1079.90,,,205,220598.00,4,F1,1,,,,,
2026-08-27,2026-08-27,CM,NSE,STK,16870,INE033L07GS6,81TCHF28,N8,,,,,SEC RED NCD 8.10% SR.IV,1020.00,1020.00,1020.00,1020.00,1020.00,1020.00,,1020.00,,,157,160140.00,5,F1,1,,,,,
2026-08-27,2026-08-27,CM,NSE,STK,16874,INE033L07GU2,84TCHF28,NA,,,,,SEC RED NCD 8.40% SR.V,1058.00,1058.00,1058.00,1058.00,1058.00,1055.00,,1056.60,,,5,5290.00,1,F1,1,,,,,
2026-08-27,2026-08-27,CM,NSE,STK,17159,INE721A07PK7,875SFL27,ZF,,,,,SEC RED NCD 8.75% SR.III,1000.20,1000.20,1000.20,1000.20,1000.20,1009.15,,1000.20,,,9,9001.80,1,F1,1,,,,,
2026-08-27,2026-08-27,CM,NSE,STK,18628,INE148I07GL3,9SCL26BA,NA,,,,,SEC RED NCD 9.0% SR. VI,1080.00,1080.00,1080.00,1080.00,1080.00,1080.98,,1080.00,,,173,186840.00,2,F1,1,,,,,
2026-08-27,2026-08-27,CM,NSE,STK,8625,INE721A07ON4,957ICCL25,YW,,,,,SEC RED NCD 9.30% SR. II,1050.00,1050.00,1050.00,1050.00,1050.00,1037.50,,1050.00,,,3,3150.00,1,F1,1,,,,,
2026-08-27,2026-08-27,CM,NSE,STK,4288,INE804I078Y8,943ECL28,NJ,,,,,SEC RED NCD 9.43% SR. VI,1009.90,1009.90,1009.90,1009.90,1009.90,1003.00,,1009.90,,,20,20198.00,2,F1,1,,,,,
2026-08-27,2026-08-27,CM,NSE,STK,8642,INE721A07OQ7,97SFL29,YZ,,,,,SEC RED NCD 9.70% SR. V,1091.00,1091.00,1091.00,1091.00,1091.00,1091.00,,1091.00,,,101,110191.00,2,F1,1,,,,,
2026-08-27,2026-08-27,CM,NSE,STK,4292,INE804I079Y6,985ECL28,NK,,,,,SEC RED NCD 9.85% SR. VII,1004.00,1005.00,1003.00,1004.99,1004.98,1004.39,,1004.99,,,753,756512.04,14,F1,1,,,,,
2026-08-27,2026-08-27,CM,NSE,STK,19496,INE0BTM01013,SECMARK,EQ,,,,,SECMARK CONSULTANCY LTD,128.00,129.40,126.95,126.95,126.95,128.00,,125.98,,,14,1786.05,3,F1,1,,,,,
2026-08-27,2026-08-27,CM,NSE,STK,11058,INE650K01021,SECURKLOUD,EQ,,,,,SECUREKLOUD TECH LIMITED,18.00,18.00,17.45,17.80,17.76,17.77,,17.80,,,6298,111329.38,113,F1,1,,,,,
2026-08-27,2026-08-27,CM,NSE,STK,761153,INE00XB01019,SEDEMAC,EQ,,,,,SEDEMAC MECHATRONICS LTD,3071.90,3150.50,3011.00,3026.50,3011.00,3065.00,,3026.50,,,77550,238414664.90,14915,F1,1,,,,,
2026-08-27,2026-08-27,CM,NSE,STK,7091,INE955I01044,SEJALLTD,EQ,,,,,SEJAL GLASS LIMITED,673.55,686.90,664.00,676.50,678.00,666.95,,676.50,,,3143,2118430.45,333,F1,1,,,,,
2026-08-27,2026-08-27,CM,NSE,STK,6262,INE105I01020,SELMC,EQ,,,,,SEL MANUFACTURING CO LTD,28.78,30.50,27.24,27.45,27.51,27.90,,27.83,,,12252,349284.23,178,F1,1,,,,,
2026-08-27,2026-08-27,CM,NSE,STK,11961,INE617A01013,SEMAC,EQ,,,,,SEMAC CONSTRUCTION LTD,286.00,294.95,284.05,285.30,284.05,285.15,,285.20,,,243,69722.25,26,F1,1,,,,,
2026-08-27,2026-08-27,CM,NSE,STK,17271,INE602W01027,SENCO,EQ,,,,,SENCO GOLD LIMITED,369.00,369.60,361.05,362.75,361.70,367.15,,362.76,,,378231,137805222.15,9529,F1,1,,,,,
2026-08-27,2026-08-27,CM,NSE,STK,28888,INE0RB801010,SENORES,EQ,,,,,SENORES PHARMACEUTICALS L,1501.40,1513.70,1461.10,1474.60,1467.00,1494.70,,1474.51,,,172487,255578799.10,11867,F1,1,,,,,
2026-08-27,2026-08-27,CM,NSE,STK,15308,INE964H01014,SEPC,EQ,,,,,SEPC LIMITED,5.85,5.94,5.65,5.71,5.72,5.78,,5.71,,,50238318,289000988.77,27799,F1,1,,,,,
2026-08-27,2026-08-27,CM,NSE,STK,20687,INE027E07AL1,905LTF27,NF,,,,,SERENCD 9.05% SR.VI OPII,1032.00,1032.55,1032.00,1032.55,1032.55,1032.00,,1032.55,,,54,55732.95,6,F1,1,,,,,
2026-08-27,2026-08-27,CM,NSE,STK,21197,INE306N07LM5,865TCAPS27,N8,,,,,SERENCD8.65%SR.IIICIII&IV,986.70,1012.20,986.70,1010.93,1010.95,1012.00,,1010.94,,,663,670112.70,30,F1,1,,,,,
2026-08-27,2026-08-27,CM,NSE,STK,17399,INE0P1Q01015,SERVICE,SM,,,,,SERVICE CARE LIMITED,68.00,70.00,68.00,70.00,70.00,67.35,,70.00,,,12000,823800.00,5,F1,2000,,,,,
2026-08-27,2026-08-27,CM,NSE,STK,5507,INE782X01033,SERVOTECH,EQ,,,,,SERVOTECH REN POW SYS LTD,81.65,82.50,80.81,81.12,81.25,81.44,,81.12,,,238961,19472786.47,2711,F1,1,,,,,
2026-08-27,2026-08-27,CM,NSE,STK,759934,INE04VU01023,STYL,EQ,,,,,SESHAASAI TECHNOLOGIES L,396.70,410.95,396.70,399.95,399.00,396.85,,399.91,,,103912,42051002.30,4612,F1,1,,,,,
2026-08-27,2026-08-27,CM,NSE,STK,3066,INE630A01024,SESHAPAPER,EQ,,,,,SESHASAYEE PAPER & BOARDS,229.54,234.60,225.10,230.11,230.00,227.27,,230.20,,,26016,5954949.33,629,F1,1,,,,,
2026-08-27,2026-08-27,CM,NSE,STK,17518,INE878E01021,SETCO,BE,,,,,SETCO AUTOMOTIVE LTD,17.49,17.95,16.85,17.86,17.87,17.54,,17.86,,,44670,793076.04,170,F1,1,,,,,
2026-08-27,2026-08-27,CM,NSE,STK,18024,INE023M01027,SETUINFRA,BZ,,,,,SETUBANDHAN INFRA LTD,0.47,0.47,0.46,0.46,0.46,0.46,,0.49,,,7142,3296.14,18,F1,1,,,,,
2026-08-27,2026-08-27,CM,NSE,STK,10836,INE573R01012,SEYAIND,BE,,,,,SEYA INDUSTRIES LIMITED,12.50,12.50,12.24,12.24,12.24,12.48,,12.24,,,1284,15829.38,15,F1,1,,,,,
2026-08-27,2026-08-27,CM,NSE,STK,758853,INE618R01015,SGFIN,EQ,,,,,SG FINSERVE LIMITED,695.95,703.45,685.55,687.45,686.25,692.20,,687.39,,,177629,122773327.40,5164,F1,1,,,,,
2026-08-27,2026-08-27,CM,NSE,STK,758889,INE385F01024,SGMART,EQ,,,,,SG MART LIMITED,848.00,858.20,802.15,810.25,804.00,842.30,,810.31,,,542016,447915948.20,15331,F1,1,,,,,
2026-08-27,2026-08-27,CM,NSE,STK,765247,INE967B01028,SGLRES,EQ,,,,,SGL RESOURCES LIMITED,2.40,2.44,2.28,2.32,2.37,2.38,,2.32,,,24319,56291.43,88,F1,1,,,,,
2026-08-27,2026-08-27,CM,NSE,STK,761469,INE12UN01015,SHADOWFAX,EQ,,,,,SHADOWFAX TECHNOLOGIES L,246.00,253.20,235.50,238.60,239.85,246.14,,238.57,,,4055797,990470395.64,35592,F1,1,,,,,
2026-08-27,2026-08-27,CM,NSE,STK,11856,INE640C01011,SHAHALLOYS,EQ,,,,,SHAH ALLOYS LIMITED,78.92,86.75,78.00,85.96,85.60,76.06,,85.95,,,213584,18016481.63,1337,F1,1,,,,,
2026-08-27,2026-08-27,CM,NSE,STK,20296,INE482J01021,SHAH,EQ,,,,,SHAH METACORP LIMITED,3.20,3.79,3.14,3.78,3.79,3.16,,3.78,,,43893037,158692139.06,9273,F1,1,,,,,
2026-08-27,2026-08-27,CM,NSE,STK,8727,INE151G01028,SHAILY,EQ,,,,,SHAILY ENG PLASTICS LTD,3235.00,3333.00,3222.90,3289.00,3290.00,3238.30,,3289.39,,,114517,376545787.90,18902,F1,1,,,,,
2026-08-27,2026-08-27,CM,NSE,STK,25574,INE908D01010,SHAKTIPUMP,EQ,,,,,SHAKTI PUMPS (I) LTD,490.40,503.00,486.85,497.40,496.00,490.35,,497.40,,,361174,178077950.75,14256,F1,1,,,,,
2026-08-27,2026-08-27,CM,NSE,STK,714,INE597J01018,SHALBY,EQ,,,,,SHALBY LIMITED,156.92,157.79,153.50,154.33,153.76,156.92,,154.33,,,50336,7795190.87,1191,F1,1,,,,,
2026-08-27,2026-08-27,CM,NSE,STK,761688,INE861D01011,SAHLIBHFI,EQ,,,,,SHALIBHADRA FINANCE LTD,74.51,76.50,73.00,75.00,75.00,74.51,,75.33,,,7785,582296.86,79,F1,1,,,,,
2026-08-27,2026-08-27,CM,NSE,STK,15346,INE849C01026,SHALPAINTS,BE,,,,,SHALIM PAINTS LTD,80.23,83.88,79.00,80.40,80.01,81.55,,80.40,,,76801,6243845.54,415,F1,1,,,,,
2026-08-27,2026-08-27,CM,NSE,STK,25737,INE01NE01012,SRD,EQ,,,,,SHANKAR LAL RAMPAL LTD,40.15,40.50,39.50,39.62,39.50,40.10,,39.63,,,19220,767204.82,121,F1,1,,,,,
2026-08-27,2026-08-27,CM,NSE,STK,20321,INE274V01019,SHANKARA,EQ,,,,,SHANKARA BLDG PRODUCT LTD,147.69,148.39,146.02,146.95,146.02,147.61,,146.95,,,55600,8179147.80,359,F1,1,,,,,
2026-08-27,2026-08-27,CM,NSE,STK,760594,INE24OJ01011,BUILDPRO,EQ,,,,,SHANKARA BUILDPRO LIMITED,1245.00,1259.00,1225.10,1242.10,1243.00,1262.90,,1242.13,,,33871,42034760.90,3159,F1,1,,,,,
2026-08-27,2026-08-27,CM,NSE,STK,765382,INE1WFC01025,SHANKESH,EQ,,,,,SHANKESH JEWELLERS LTD,93.90,93.99,89.01,89.69,89.35,93.74,,89.69,,,4656197,426767545.18,23151,F1,1,,,,,
2026-08-27,2026-08-27,CM,NSE,STK,19752,INE0Q9Q01017,SHANTHALA,SM,,,,,SHANTHALA FMCG PRODUCTS L,16.20,16.30,16.20,16.25,16.25,14.10,,16.25,,,6000,97440.00,5,F1,1200,,,,,
2026-08-27,2026-08-27,CM,NSE,STK,3078,INE631A01022,SHANTIGEAR,EQ,,,,,SHANTHI GEARS LTD,555.45,558.95,533.40,544.80,535.70,561.50,,544.68,,,273195,150330790.50,7630,F1,1,,,,,
2026-08-27,2026-08-27,CM,NSE,STK,762889,INE440T01028,SEIL,EQ,,,,,SHANTI EDU INITIATIVES L,211.66,214.30,206.22,208.11,207.99,211.66,,208.12,,,329879,69012956.52,1637,F1,1,,,,,
2026-08-27,2026-08-27,CM,NSE,STK,758002,INE06ZD01017,SHANTIGOLD,EQ,,,,,SHANTI GOLD INTERNATION L,258.90,259.99,242.50,246.05,246.25,266.07,,246.06,,,8500484,2109161409.67,62326,F1,1,,,,,
2026-08-27,2026-08-27,CM,NSE,STK,5650,INE933X01016,SHANTI,EQ,,,,,SHANTI OVERSEAS INDIA LTD,6.44,6.44,5.94,6.11,6.15,6.22,,6.11,,,14368,88191.45,84,F1,1,,,,,
2026-08-27,2026-08-27,CM,NSE,STK,762904,INE220Z01013,SHINDL,EQ,,,,,SHARAT INDUSTRIES LTD.,160.10,166.70,160.10,164.23,166.00,162.75,,164.26,,,217350,35187335.81,1118,F1,1,,,,,
2026-08-27,2026-08-27,CM,NSE,STK,4992,INE221J01015,SHARDACROP,EQ,,,,,SHARDA CROPCHEM LTD.,796.90,803.00,784.55,793.05,790.90,795.80,,793.05,,,190071,151025809.70,10318,F1,1,,,,,
2026-08-27,2026-08-27,CM,NSE,STK,10530,INE597I01028,SHARDAMOTR,EQ,,,,,SHARDA MOTOR INDS LTD,897.30,897.30,872.10,874.50,872.30,891.60,,874.58,,,29628,26172272.45,3548,F1,1,,,,,
2026-08-27,2026-08-27,CM,NSE,STK,762897,INE037B01020,SHARDUL,BE,,,,,SHARDUL SECURITIES LTD.,52.01,53.49,52.01,52.67,52.90,52.21,,52.67,,,2479,130592.28,51,F1,1,,,,,
2026-08-27,2026-08-27,CM,NSE,STK,104,INE932X01026,SHAREINDIA,EQ,,,,,SHARE IND. SECURITIES LTD,171.00,172.89,167.60,169.02,168.14,171.02,,169.02,,,116849,19799187.86,1918,F1,1,,,,,
2026-08-27,2026-08-27,CM,NSE,STK,19469,INE460Q01014,SCML,SM,,,,,SHARP CHUCKS N MACHINES L,83.05,84.90,82.10,84.90,84.90,84.00,,84.90,,,17000,1409400.00,9,F1,1000,,,,,
2026-08-27,2026-08-27,CM,NSE,STK,19184,INE916U01025,SFL,EQ,,,,,SHEELA FOAM LIMITED,650.20,655.00,633.30,636.30,637.25,648.05,,636.28,,,80080,51443305.45,7502,F1,1,,,,,
2026-08-27,2026-08-27,CM,NSE,STK,12081,INE501Y01019,SCPL,BE,,,,,SHEETAL COOL PRODUCTS LTD,654.00,665.00,645.20,658.15,664.00,657.20,,657.79,,,5196,3389264.45,198,F1,1,,,,,
2026-08-27,2026-08-27,CM,NSE,STK,20415,INE04VX01019,SHEETAL,SM,,,,,SHEETAL UNIVERSAL LIMITED,352.00,352.00,331.00,332.50,331.00,332.50,,332.50,,,8500,2845050.00,13,F1,500,,,,,
2026-08-27,2026-08-27,CM,NSE,STK,21099,INE268L01046,SHEKHAWATI,BE,,,,,SHEKHAWATI INDUSTRIES LTD,17.73,17.73,16.24,16.34,16.49,17.09,,16.34,,,25390,421898.10,132,F1,1,,,,,
2026-08-27,2026-08-27,CM,NSE,STK,5072,INE363M01019,SHEMAROO,BE,,,,,SHEMAROO ENTER. LTD.,128.95,128.95,125.25,128.63,126.15,128.96,,128.80,,,2068,263964.88,22,F1,1,,,,,
2026-08-27,2026-08-27,CM,NSE,STK,14172,INE0MM001019,SHERA,SM,,,,,SHERA ENERGY LIMITED,173.90,178.95,172.05,174.70,175.00,173.90,,174.70,,,22000,3867550.00,20,F1,1000,,,,,
2026-08-27,2026-08-27,CM,NSE,STK,764890,INE011D01013,SHERVANI,EQ,,,,,SHERVANI INDUSTRIAL SYN L,325.00,325.00,321.00,321.45,325.00,321.15,,321.45,,,54,17377.85,9,F1,1,,,,,
2026-08-27,2026-08-27,CM,NSE,STK,8394,INE03KJ01013,SHIGAN,SM,,,,,SHIGAN QUANTUM TECH LTD,71.00,71.25,71.00,71.25,71.25,71.00,,71.25,,,4500,319875.00,3,F1,1500,,,,,
2026-08-27,2026-08-27,CM,NSE,STK,759847,INE024F01011,SHILCTECH,EQ,,,,,SHILCHAR TECHNOLOGIES LTD,3920.00,4123.80,3920.00,4045.80,4030.00,3947.80,,4043.18,,,36592,148412749.10,7356,F1,1,,,,,
2026-08-27,2026-08-27,CM,NSE,STK,764895,INE960A01017,SHILGRAVQ,EQ,,,,,SHILP GRAVURES LTD.,169.39,169.40,165.05,169.00,169.00,169.39,,169.13,,,725,120835.97,30,F1,1,,,,,
2026-08-27,2026-08-27,CM,NSE,STK,17752,INE790G01031,SHILPAMED,EQ,,,,,SHILPA MEDICARE LTD,860.75,919.00,858.65,901.85,909.80,860.75,,901.81,,,2274142,2008115846.15,51129,F1,1,,,,,
2026-08-27,2026-08-27,CM,NSE,STK,23127,INE0PB301013,SCILAL,EQ,,,,,SHIPPING CORP OF ILA LTD,40.15,40.44,39.87,40.02,40.07,40.15,,40.04,,,120058,4817358.00,1115,F1,1,,,,,
2026-08-27,2026-08-27,CM,NSE,STK,3048,INE109A01011,SCI,EQ,,,,,SHIPPING CORP OF INDIA LT,289.45,300.85,289.40,292.55,293.40,288.50,,292.55,,,3800765,1123905648.90,46834,F1,1,,,,,
2026-08-27,2026-08-27,CM,NSE,STK,765282,INE0FOO01011,SHIPROCKET,EQ,,,,,SHIPROCKET LIMITED,133.20,134.40,130.30,132.09,131.60,132.50,,132.12,,,6410001,843401985.24,39223,F1,1,,,,,
2026-08-27,2026-08-27,CM,NSE,STK,759747,INE719F01016,SHIVAUM,EQ,,,,,SHIV AUM STEELS LIMITED,449.45,449.45,445.00,445.00,445.00,444.45,,445.00,,,1264,563298.15,31,F1,1,,,,,
2026-08-27,2026-08-27,CM,NSE,STK,765160,INE555C01029,SHIVACEM,EQ,,,,,SHIVA CEMENT LTD.,16.87,16.87,16.31,16.55,16.57,16.58,,16.57,,,21023,347372.35,147,F1,1,,,,,
2026-08-27,2026-08-27,CM,NSE,STK,764900,INE960E01019,SHIVAAGRO,EQ,,,,,SHIVA GLOBAL AGRO INDS. L,40.65,42.50,40.02,40.74,40.70,42.17,,40.74,,,441,18065.16,32,F1,1,,,,,
2026-08-27,2026-08-27,CM,NSE,STK,1497,INE644Y01017,SHIVAMILLS,EQ,,,,,SHIVA MILLS LIMITED,60.50,62.70,59.50,62.60,62.60,60.48,,62.35,,,115,7158.70,7,F1,1,,,,,
2026-08-27,2026-08-27,CM,NSE,STK,804,INE705C01020,SHIVATEX,EQ,,,,,SHIVA TEXYARN LIMITED,162.05,172.00,162.05,170.97,171.00,170.99,,170.97,,,6103,1038875.58,157,F1,1,,,,,
2026-08-27,2026-08-27,CM,NSE,STK,24249,INE0T7B01010,SPCL,SM,,,,,SHIVALIC POWER CONTROL L,64.00,64.00,61.60,61.85,61.90,64.15,,61.85,,,21000,1320570.00,30,F1,600,,,,,
2026-08-27,2026-08-27,CM,NSE,STK,4656,INE386D01027,SBCL,EQ,,,,,SHIVALIK BIMETAL CON. LTD,1061.90,1079.60,1032.10,1044.20,1035.30,1053.10,,1044.11,,,342146,361282216.40,22773,F1,1,,,,,
2026-08-27,2026-08-27,CM,NSE,STK,7026,INE788J01021,SHIVALIK,BE,,,,,SHIVALIK RASAYAN LIMITED,295.75,296.75,283.45,292.24,293.20,294.36,,292.24,,,19890,5794834.50,284,F1,1,,,,,
2026-08-27,2026-08-27,CM,NSE,STK,13757,INE637H01024,SHIVAMAUTO,BE,,,,,SHIVAM AUTO.LTD,16.65,17.19,15.60,16.68,16.85,16.39,,16.68,,,58176,958682.67,157,F1,1,,,,,
2026-08-27,2026-08-27,CM,NSE,STK,758744,INE1DLF01018,SHIVASHRIT,SM,,,,,SHIVASHRIT FOODS LIMITED,126.00,126.00,123.00,124.95,125.00,126.90,,124.95,,,53000,6610100.00,41,F1,1000,,,,,
2026-08-27,2026-08-27,CM,NSE,STK,11813,INE498B01024,SHOPERSTOP,EQ,,,,,SHOPPERS STOP LIMITED,386.35,388.70,371.45,374.85,372.05,386.00,,374.84,,,29552,11198500.05,2255,F1,1,,,,,
2026-08-27,2026-08-27,CM,NSE,STK,764905,INE311M01018,SHRADDHA,EQ,,,,,SHRADDHA PRIME PROJECTS L,145.00,153.95,145.00,151.27,148.25,146.36,,150.78,,,7787,1151760.97,137,F1,1,,,,,
2026-08-27,2026-08-27,CM,NSE,STK,708,INE715Y01031,SHRADHA,EQ,,,,,SHRADHA REALTY LIMITED,32.25,33.44,31.51,32.39,32.40,32.44,,32.39,,,17461,562563.45,142,F1,1,,,,,
2026-08-27,2026-08-27,CM,NSE,STK,10588,INE712K01011,SHREEPUSHK,EQ,,,,,SHRE PUSH CHEM & FERT LTD,457.10,481.50,449.35,452.25,450.00,452.15,,452.28,,,309322,144257512.35,13374,F1,1,,,,,
2026-08-27,2026-08-27,CM,NSE,STK,762874,INE185C01017,SAPPL,EQ,,,,,SHREE AJIT PULP & PAPER L,288.95,288.95,281.05,288.00,288.00,289.00,,288.00,,,274,78079.80,8,F1,1,,,,,
2026-08-27,2026-08-27,CM,NSE,STK,3103,INE070A01015,SHREECEM,EQ,,,,,SHREE CEMENT LIMITED,24825.00,24945.00,24425.00,24480.00,24480.00,24865.00,,24479.60,,,11780,289572195.00,6823,F1,1,,,,,
2026-08-27,2026-08-27,CM,NSE,STK,3099,INE232A01011,SHREDIGCEM,EQ,,,,,SHREE DIGVIJAY CEM CO LTD,75.00,79.70,74.00,77.91,78.14,75.28,,77.91,,,228970,17786121.36,2148,F1,1,,,,,
2026-08-27,2026-08-27,CM,NSE,STK,764885,INE414Y01015,SGRL,EQ,,,,,SHREE GANESH REMEDIES LTD,519.70,524.90,510.00,516.70,514.55,513.05,,517.37,,,3407,1759352.55,222,F1,1,,,,,
2026-08-27,2026-08-27,CM,NSE,STK,23074,INE0S4Y01010,SHREEKARNI,SM,,,,,SHREE KARNI FABCOM LTD,356.00,380.00,354.00,377.90,380.00,360.10,,377.90,,,13050,4821135.00,68,F1,150,,,,,
2026-08-27,2026-08-27,CM,NSE,STK,20603,INE02S501018,SHREEOSFM,SM,,,,,SHREE OSFM E-MOBILITY LTD,58.00,58.00,58.00,58.00,58.00,56.45,,58.00,,,1000,58000.00,1,F1,1000,,,,,
2026-08-27,2026-08-27,CM,NSE,STK,760188,INE19GK01015,SRTL,EQ,,,,,SHREE RAM TWISTEX LIMITED,40.02,40.50,38.10,38.98,39.00,40.02,,39.09,,,51668,2024748.27,525,F1,1,,,,,
2026-08-27,2026-08-27,CM,NSE,STK,7627,INE879A01019,SHREERAMA,EQ,,,,,SHREE RAMA MULTI TECH LTD,43.87,44.20,42.72,43.10,43.15,43.44,,43.10,,,60326,2618473.39,792,F1,1,,,,,
2026-08-27,2026-08-27,CM,NSE,STK,13565,INE278B01020,RAMANEWS,EQ,,,,,SHREE RAMA NEWSPRINT LTD,32.00,33.49,31.75,32.77,32.50,31.81,,32.77,,,32254,1061369.93,280,F1,1,,,,,
2026-08-27,2026-08-27,CM,NSE,STK,12026,INE087H01022,RENUKA,EQ,,,,,SHREE RENUKA SUGARS LTD,24.04,24.29,23.32,23.43,23.44,23.94,,23.43,,,17586067,417460143.45,23569,F1,1,,,,,
2026-08-27,2026-08-27,CM,NSE,STK,25203,INE0S2G01011,BALAJEE,EQ,,,,,SHREE TIRUPATI BALAJEE L,26.12,26.79,26.11,26.46,26.78,26.21,,26.46,,,18201,479731.41,236,F1,1,,,,,
2026-08-27,2026-08-27,CM,NSE,STK,15126,INE00CE01017,SVLL,BE,,,,,SHREE VASU LOGISTICS LTD,780.00,785.00,780.00,785.00,785.00,780.05,,785.00,,,2057,1610102.25,14,F1,1,,,,,
2026-08-27,2026-08-27,CM,NSE,STK,759805,INE1FL101016,SHETHJI,ST,,,,,SHREEJI GLOBAL FMCG LTD,172.00,173.95,170.60,170.70,171.05,170.40,,170.70,,,11000,1886750.00,7,F1,1000,,,,,
2026-08-27,2026-08-27,CM,NSE,STK,759448,INE1B6101010,SHREEJISPG,EQ,,,,,SHREEJI SHIPPING GLOBAL L,635.10,649.55,630.95,640.35,637.70,639.00,,640.34,,,692051,442388586.60,8659,F1,1,,,,,
2026-08-27,2026-08-27,CM,NSE,STK,14305,INE00IK01029,OSWALSEEDS,EQ,,,,,SHREEOSWAL S AND CHE LTD,12.30,12.50,11.97,12.17,12.23,12.37,,12.17,,,50780,617658.38,271,F1,1,,,,,
2026-08-27,2026-08-27,CM,NSE,STK,5718,INE0GTI23014,SHREMINVIT,IV,,,,,SHREM INVIT,101.00,101.00,101.00,101.00,101.00,100.25,,101.00,,,25000,2525000.00,1,F1,25000,,,,,
2026-08-27,2026-08-27,CM,NSE,STK,760252,INE632X01030,SHRENIK,BZ,,,,,SHRENIK LIMITED,0.30,0.30,0.29,0.30,0.30,0.29,,0.30,,,347980,103978.93,180,F1,1,,,,,
2026-08-27,2026-08-27,CM,NSE,STK,3126,INE231C01019,SHREYANIND,EQ,,,,,SHREYANS INDUSTRIES LTD,123.01,126.80,123.01,124.61,124.52,124.99,,124.61,,,5612,699315.22,96,F1,1,,,,,
2026-08-27,2026-08-27,CM,NSE,STK,756409,INE0DM401012,SHRIAHIMSA,ST,,,,,SHRI AHIMSA NATURALS LTD,461.95,480.90,452.50,480.90,480.90,458.00,,480.90,,,51000,24184590.00,72,F1,600,,,,,
2026-08-27,2026-08-27,CM,NSE,STK,762899,INE402H01015,SHBAJRG,EQ,,,,,SHRI BAJRANG ALLIANCE L,162.10,173.49,162.01,171.19,171.01,162.13,,171.19,,,4323,730243.26,106,F1,1,,,,,
2026-08-27,2026-08-27,CM,NSE,STK,758568,INE0NON01025,SHKSIL,SM,,,,,SHRI HARE-KRI SPO IRON L,34.60,35.00,33.00,34.05,35.00,34.30,,34.05,,,22000,752000.00,8,F1,2000,,,,,
2026-08-27,2026-08-27,CM,NSE,STK,764910,INE564J01026,SHRJAGP,EQ,,,,,SHRI JAGDAMBA POLYMERS L,680.00,694.95,668.05,682.85,685.40,680.70,,682.44,,,578,388893.25,37,F1,1,,,,,
2026-08-27,2026-08-27,CM,NSE,STK,760202,INE1V4601019,SHRIKANHA,SM,,,,,SHRI KANHA STAINLESS LTD,20.80,22.00,20.65,22.00,22.00,21.70,,22.00,,,11200,233680.00,7,F1,1600,,,,,
2026-08-27,2026-08-27,CM,NSE,STK,762909,INE997I01012,SHRIKRISH,EQ,,,,,SHRI KRISHNA DEVCON LTD.,38.20,38.20,36.00,36.55,37.10,38.20,,36.55,,,962,36712.40,6,F1,1,,,,,
2026-08-27,2026-08-27,CM,NSE,STK,759093,INE1B3L01017,SHRINGARMS,EQ,,,,,SHRINGAR HOU OF MANGALS L,220.50,222.98,217.75,219.37,218.90,220.78,,219.37,,,349065,76612556.76,2493,F1,1,,,,,
2026-08-27,2026-08-27,CM,NSE,STK,24374,INF680P01422,LIQUIDSHRI,EQ,,,,,SHRIRAM - LIQUIDSHRI,1119.02,1119.02,1119.00,1119.00,1119.00,1118.86,,1119.00,,,1662,1859794.77,20,F1,1,,,,,
2026-08-27,2026-08-27,CM,NSE,STK,4306,INE721A01047,SHRIRAMFIN,EQ,,,,,SHRIRAM FINANCE LIMITED,1112.00,1127.50,1091.50,1101.00,1101.00,1117.50,,1101.00,,,4358707,4802948898.20,97229,F1,1,,,,,
2026-08-27,2026-08-27,CM,NSE,STK,7200,INE217L01019,SHRIRAMPPS,EQ,,,,,SHRIRAM PROPERTIES LTD,77.93,78.04,76.55,76.74,76.70,77.54,,76.74,,,158600,12199725.69,1864,F1,1,,,,,
2026-08-27,2026-08-27,CM,NSE,STK,764537,INE551C01044,SHUKRAPHAR,EQ,,,,,SHUKRA PHARMACEUTICALS L,44.90,45.34,44.20,44.22,44.23,44.18,,44.22,,,1003469,44640623.14,2249,F1,1,,,,,
2026-08-27,2026-08-27,CM,NSE,STK,10192,INE979R01011,SHYAMCENT,BE,,,,,SHYAM CENTURY FERROUS LTD,4.82,4.99,4.82,4.94,4.94,4.89,,4.94,,,16294,80198.79,85,F1,1,,,,,
2026-08-27,2026-08-27,CM,NSE,STK,761213,INE1CRP01016,SHYAMDHANI,ST,,,,,SHYAM DHANI INDUSTRIES L,56.95,56.95,54.65,54.65,54.65,55.05,,54.65,,,4000,223200.00,2,F1,2000,,,,,
2026-08-27,2026-08-27,CM,NSE,STK,4693,INE810G01011,SHYAMMETL,EQ,,,,,SHYAM METALICS AND ENGY L,1040.50,1083.90,1031.00,1042.40,1040.00,1040.50,,1042.38,,,2075025,2181429401.50,54959,F1,1,,,,,
2026-08-27,2026-08-27,CM,NSE,STK,13740,INE635A01023,SHYAMTEL,EQ,,,,,SHYAM TELECOM LIMITED,13.15,13.15,13.00,13.10,13.10,13.15,,13.13,,,8266,108320.40,36,F1,1,,,,,
2026-08-27,2026-08-27,CM,NSE,STK,16875,INE176J01011,SICAGEN,EQ,,,,,SICAGEN INDIA LIMITED,56.00,56.00,53.86,54.97,54.52,54.96,,54.97,,,29181,1595738.53,441,F1,1,,,,,
2026-08-27,2026-08-27,CM,NSE,STK,19440,INE075B01020,SICALLOG,BE,,,,,SICAL LOGISTICS LIMITED,103.90,103.90,99.58,99.73,100.58,104.81,,99.77,,,23901,2406839.84,197,F1,1,,,,,
2026-08-27,2026-08-27,CM,NSE,STK,759053,INE0SVO01019,SIDDHICOTS,SM,,,,,SIDDHI COTSPIN LIMITED,27.90,27.90,27.90,27.90,27.90,27.60,,27.90,,,1200,33480.00,1,F1,1200,,,,,
2026-08-27,2026-08-27,CM,NSE,STK,3148,INE0A1E01018,SIDDHIKA,SM,,,,,SIDDHIKA COATINGS LIMITED,220.35,220.35,220.35,220.35,220.35,216.00,,220.35,,,500,110175.00,1,F1,500,,,,,
2026-08-27,2026-08-27,CM,NSE,STK,756871,INE1NPP01017,ENRIN,EQ,,,,,SIEMENS ENERGY INDIA LTD,3330.00,3341.00,3236.00,3256.40,3257.00,3325.90,,3256.38,,,1041630,3412935005.50,54239,F1,1,,,,,
2026-08-27,2026-08-27,CM,NSE,STK,3150,INE003A01024,SIEMENS,EQ,,,,,SIEMENS LTD,4050.00,4128.80,4050.00,4095.00,4095.00,4043.00,,4094.95,,,455385,1862843686.50,48737,F1,1,,,,,
2026-08-27,2026-08-27,CM,NSE,STK,6663,INE0D0K01022,SIGACHI,EQ,,,,,SIGACHI INDUSTRIES LTD,33.85,33.86,32.06,32.51,32.42,33.64,,32.51,,,2562407,83868986.16,8828,F1,1,,,,,
2026-08-27,2026-08-27,CM,NSE,STK,14793,INE933B01012,SIGMAADV,EQ,,,,,SIGMA ADVANCED SYSTEM LTD,730.95,763.65,730.95,763.65,763.65,727.30,,763.81,,,942674,715619962.50,9491,F1,1,,,,,
2026-08-27,2026-08-27,CM,NSE,STK,16658,INE0A0S01028,SIGMA,EQ,,,,,SIGMA SOLVE LIMITED,48.85,49.70,46.77,47.54,47.80,48.57,,47.54,,,302696,14672618.20,2711,F1,1,,,,,
2026-08-27,2026-08-27,CM,NSE,STK,18743,INE903U01023,SIGNATURE,EQ,,,,,SIGNATUREGLOBAL INDIA LTD,773.65,788.35,771.10,783.50,784.00,773.65,,783.52,,,199200,155987678.15,5857,F1,1,,,,,
2026-08-27,2026-08-27,CM,NSE,STK,4517,INE529F01035,SIGIND,BE,,,,,SIGNET INDUSTRIES LIMITED,72.50,72.50,69.00,71.66,71.80,71.02,,71.62,,,13462,954038.59,138,F1,1,,,,,
2026-08-27,2026-08-27,CM,NSE,STK,23150,INE0RDE01010,SIGNORIA,ST,,,,,SIGNORIA CREATION LIMITED,162.00,162.00,160.00,162.00,162.00,163.00,,162.00,,,21000,3400000.00,9,F1,1000,,,,,
2026-08-27,2026-08-27,CM,NSE,STK,22656,INE0KGZ01021,SIGNPOST,EQ,,,,,SIGNPOST INDIA LIMITED,261.75,265.65,257.00,261.30,260.30,261.20,,261.25,,,23105,6000347.00,1178,F1,1,,,,,
2026-08-27,2026-08-27,CM,NSE,STK,762914,INE438E01032,SIKA,EQ,,,,,SIKA INTERPLANT SYSTEMS L,1010.00,1024.90,993.50,1006.90,1009.90,1020.40,,1006.76,,,18378,18501355.40,2041,F1,1,,,,,
2026-08-27,2026-08-27,CM,NSE,STK,6226,INE112X01025,SIKKO,BE,,,,,SIKKO INDUSTRIES LIMITED,5.18,5.25,5.01,5.13,5.20,5.08,,5.13,,,268148,1368548.08,408,F1,1,,,,,
2026-08-27,2026-08-27,CM,NSE,STK,4105,INE923A01015,SILINV,EQ,,,,,SIL INVESTMENTS LIMITED,475.10,493.00,465.30,478.10,478.00,483.75,,478.10,,,1406,672767.65,133,F1,1,,,,,
2026-08-27,2026-08-27,CM,NSE,STK,2492,INE01II01013,SILGO,EQ,,,,,SILGO RETAIL LIMITED,73.28,75.07,72.55,74.03,73.10,72.85,,74.03,,,136582,10065387.36,1092,F1,1,,,,,
2026-08-27,2026-08-27,CM,NSE,STK,23736,INE0STN01015,SILKFLEX,SM,,,,,SILKFLEX POLYMERS INDIA L,255.20,255.20,233.25,241.80,239.90,243.05,,241.80,,,216000,53891000.00,170,F1,1000,,,,,
2026-08-27,2026-08-27,CM,NSE,STK,757679,INE0SN801015,SILKY,SM,,,,,SILKY OVERSEAS LIMITED,62.00,75.35,62.00,69.00,69.00,65.00,,69.00,,,5600,377880.00,7,F1,800,,,,,
2026-08-27,2026-08-27,CM,NSE,STK,19097,INE203Y01012,SILLYMONKS,EQ,,,,,SILLY MONKS ENTERTAIN LTD,16.64,16.64,15.35,15.50,15.51,16.58,,15.50,,,45633,712644.37,207,F1,1,,,,,
2026-08-27,2026-08-27,CM,NSE,STK,9422,INE625X01026,SILVERTUC,EQ,,,,,SILVER TOUCH TECHNO LTD,178.60,182.35,176.00,178.58,179.49,178.96,,178.61,,,349824,62852887.75,5730,F1,1,,,,,
2026-08-27,2026-08-27,CM,NSE,STK,758836,INE748T01016,SIMBHALS,BZ,,,,,SIMBHAOLI SUGARS LTD.,8.77,8.77,8.77,8.77,8.77,8.94,,8.77,,,27188,238438.76,26,F1,1,,,,,
2026-08-27,2026-08-27,CM,NSE,STK,763378,INE1K4J01018,SIMCA,ST,,,,,SIMCA ADVERTISING LIMITED,264.00,264.00,259.00,260.25,260.25,265.55,,260.25,,,4800,1249650.00,7,F1,600,,,,,
2026-08-27,2026-08-27,CM,NSE,STK,3162,INE059B01024,SIMPLEXINF,EQ,,,,,SIMPLEX INFRASTRUCTURES L,255.00,262.50,253.04,258.67,262.00,251.41,,258.69,,,100700,25956535.60,2027,F1,1,,,,,
2026-08-27,2026-08-27,CM,NSE,STK,764915,INE167H01014,SIMPLXREA,EQ,,,,,SIMPLEX REALTY LTD.,125.40,130.40,125.40,130.40,130.40,125.40,,132.40,,,3,386.20,3,F1,1,,,,,
2026-08-27,2026-08-27,CM,NSE,STK,23480,INE985A01022,SINCLAIR,EQ,,,,,SINCLAIRS HOTELS LIMITED,75.10,80.30,74.00,79.92,80.22,74.86,,79.90,,,143654,11314863.82,530,F1,1,,,,,
2026-08-27,2026-08-27,CM,NSE,STK,16859,INE325D01025,SINDHUTRAD,EQ,,,,,SINDHU TRADE LINKS LTD,24.98,25.34,24.50,24.99,24.99,25.30,,24.99,,,3096938,77339813.44,13253,F1,1,,,,,
2026-08-27,2026-08-27,CM,NSE,STK,761420,INE638A01035,SINGERIND,EQ,,,,,SINGER INDIA LIMITED,77.84,78.50,75.63,76.96,77.00,77.15,,76.98,,,126431,9717387.05,1055,F1,1,,,,,
2026-08-27,2026-08-27,CM,NSE,STK,381,INE129Z01016,SINTERCOM,EQ,,,,,SINTERCOM INDIA LIMITED,80.99,80.99,79.29,79.82,79.90,79.06,,79.82,,,1034,82300.43,19,F1,1,,,,,
2026-08-27,2026-08-27,CM,NSE,STK,11050,INE792Z01011,SIRCA,EQ,,,,,SIRCA PAINT INDIA LIMITED,437.00,441.00,432.10,435.10,435.00,436.05,,435.11,,,455904,198934400.70,6538,F1,1,,,,,
2026-08-27,2026-08-27,CM,NSE,STK,21501,INE285J01028,SIS,EQ,,,,,SIS LIMITED,420.00,428.95,418.20,421.70,422.60,421.10,,421.75,,,313306,132603428.95,9482,F1,1,,,,,
2026-08-27,2026-08-27,CM,NSE,STK,29210,INE965H01011,SITINET,BZ,,,,,SITI NETWORKS LIMITED,0.28,0.28,0.27,0.27,0.28,0.27,,0.27,,,969062,270266.21,220,F1,1,,,,,
2026-08-27,2026-08-27,CM,NSE,STK,14096,INE076B01028,SIYSIL,EQ,,,,,SIYARAM SILK MILLS LTD,572.05,574.15,561.55,564.80,565.00,570.90,,564.81,,,26972,15283113.75,1696,F1,1,,,,,
2026-08-27,2026-08-27,CM,NSE,STK,6643,INE284S01014,SJS,EQ,,,,,SJS ENTERPRISES LIMITED,2488.00,2529.00,2485.00,2502.50,2489.00,2485.90,,2502.42,,,99001,248342927.20,16671,F1,1,,,,,
2026-08-27,2026-08-27,CM,NSE,STK,18883,INE002L01015,SJVN,EQ,,,,,SJVN LTD,65.86,66.00,65.00,65.26,65.20,65.85,,65.26,,,1317235,85905662.15,14741,F1,1,,,,,
2026-08-27,2026-08-27,CM,NSE,STK,760101,INE2J8701016,SKFINDUS,EQ,,,,,SKF IND (INDUSTRIAL) LTD,2870.00,2930.00,2835.10,2891.60,2892.10,2864.80,,2891.50,,,33057,95239969.20,7045,F1,1,,,,,
2026-08-27,2026-08-27,CM,NSE,STK,3186,INE640A01023,SKFINDIA,EQ,,,,,SKF INDIA LTD,1594.40,1596.40,1562.20,1566.00,1567.90,1587.10,,1565.99,,,18762,29583359.20,3336,F1,1,,,,,
2026-08-27,2026-08-27,CM,NSE,STK,9428,INE439E01022,SKIPPER,EQ,,,,,SKIPPER LIMITED,546.90,566.75,545.30,558.10,556.70,547.25,,558.08,,,1662168,930147562.05,42456,F1,1,,,,,
2026-08-27,2026-08-27,CM,NSE,STK,4732,INE411D01023,SKMEGGPROD,EQ,,,,,SKM EGG PROD EXPORT(I) LT,275.00,277.30,265.10,266.86,265.10,268.41,,266.87,,,468960,126730740.22,9537,F1,1,,,,,
2026-08-27,2026-08-27,CM,NSE,STK,10325,INE0KZA01016,SKP,SM,,,,,SKP BEARING INDUSTRI. LTD,152.50,154.10,150.95,153.00,153.00,152.50,,153.00,,,2500,382325.00,4,F1,500,,,,,
2026-08-27,2026-08-27,CM,NSE,STK,13631,INE01IU01018,SKYGOLD,EQ,,,,,SKY GOLD AND DIAMONDS LTD,848.50,855.00,832.05,843.05,844.50,848.10,,843.06,,,445982,375463763.60,15983,F1,1,,,,,
2026-08-27,2026-08-27,CM,NSE,STK,765336,INE0VFE01017,SKYTECH,ST,,,,,SKYTECH INFINITE PLATFM L,57.35,57.35,57.35,57.35,57.35,60.35,,57.35,,,35200,2018720.00,9,F1,1600,,,,,
2026-08-27,2026-08-27,CM,NSE,STK,23692,INE0SMA01017,SLONE,ST,,,,,SLONE INFOSYSTEMS LIMITED,168.00,168.00,162.10,166.90,167.00,162.10,,166.90,,,4400,726660.00,11,F1,400,,,,,
2026-08-27,2026-08-27,CM,NSE,STK,757622,INE14GK01016,SMARTEN,ST,,,,,SMARTEN POWER SYSTEMS LTD,56.50,59.35,56.20,59.35,59.35,56.55,,59.35,,,24000,1401660.00,18,F1,1200,,,,,
2026-08-27,2026-08-27,CM,NSE,STK,9893,INE178C01020,SMARTLINK,BE,,,,,SMARTLINK HOLDINGS LTD,221.60,227.30,218.15,220.27,220.00,224.21,,220.76,,,2438,540237.15,57,F1,1,,,,,
2026-08-27,2026-08-27,CM,NSE,STK,757965,INE0NAZ01010,SMARTWORKS,EQ,,,,,SMARTWORKS COWORKING SP L,544.00,546.00,534.00,540.60,541.00,541.85,,540.60,,,53458,28799934.20,3903,F1,1,,,,,
2026-08-27,2026-08-27,CM,NSE,STK,760218,INE05NX24023,8SMC29,N1,,,,,SMC 8% 2029 STRPP A,510.00,512.00,506.00,510.00,510.00,510.00,,511.00,,,438,224108.00,13,F1,1,,,,,
2026-08-27,2026-08-27,CM,NSE,STK,760219,INE05NX24031,8SMC30,N2,,,,,SMC 8% 2030 STRPP B,506.00,512.00,506.00,506.88,506.88,512.00,,509.45,,,65,33000.80,7,F1,1,,,,,
2026-08-27,2026-08-27,CM,NSE,STK,2320,INE103C01036,SMCGLOBAL,EQ,,,,,SMC GLOBAL SECURITIES LTD,79.70,80.00,78.12,78.61,79.00,79.26,,78.61,,,283462,22343786.95,1393,F1,1,,,,,
2026-08-27,2026-08-27,CM,NSE,STK,3387,INE294B01019,SMLMAH,EQ,,,,,SML MAHINDRA LIMITED,5237.00,5250.00,5155.00,5194.00,5200.00,5190.50,,5193.99,,,38450,199794076.00,5675,F1,1,,,,,
2026-08-27,2026-08-27,CM,NSE,STK,14329,INE812G01025,SMSPHARMA,EQ,,,,,SMS PHARMACEUTICALS LTD.,359.20,363.85,354.10,362.45,361.00,357.70,,362.46,,,153865,55368883.80,3576,F1,1,,,,,
2026-08-27,2026-08-27,CM,NSE,STK,758946,INE1OIC01018,SNEHAA,SM,,,,,SNEHAA ORGANICS LIMITED,43.90,43.90,43.90,43.90,43.90,43.90,,43.90,,,1000,43900.00,1,F1,1000,,,,,
2026-08-27,2026-08-27,CM,NSE,STK,4843,INE734N01019,SNOWMAN,EQ,,,,,SNOWMAN LOGISTICS LTD.,37.27,37.46,36.75,36.85,36.90,37.13,,36.85,,,110411,4088309.79,890,F1,1,,,,,
2026-08-27,2026-08-27,CM,NSE,STK,13826,INE671H01015,SOBHA,EQ,,,,,SOBHA LIMITED,1305.00,1305.00,1267.30,1273.90,1273.80,1292.20,,1273.88,,,50171,64184788.80,6798,F1,1,,,,,
2026-08-27,2026-08-27,CM,NSE,STK,8266,INE728Z01015,SOFTTECH,EQ,,,,,SOFTTECH ENGINEERS LTD,424.25,427.00,415.75,419.40,419.95,422.15,,419.41,,,6592,2770800.85,91,F1,1,,,,,
2026-08-27,2026-08-27,CM,NSE,STK,13332,INE343H01029,SOLARINDS,EQ,,,,,SOLAR INDUSTRIES (I) LTD,20097.00,20649.00,20082.00,20580.00,20580.00,20097.00,,20579.63,,,192655,3939934818.00,41254,F1,1,,,,,
2026-08-27,2026-08-27,CM,NSE,STK,3672,INE624Z01016,SOLARA,EQ,,,,,SOLARA ACTIVE PHA SCI LTD,619.05,620.45,601.20,611.85,613.50,617.30,,611.81,,,235721,143771522.35,13054,F1,1,,,,,
2026-08-27,2026-08-27,CM,NSE,STK,759929,INE0TY101024,SOLARWORLD,EQ,,,,,SOLARWORLD ENERGY SOL LTD,149.27,151.06,146.50,147.96,148.00,149.27,,147.97,,,185553,27478929.38,3141,F1,1,,,,,
2026-08-27,2026-08-27,CM,NSE,STK,759397,INE880Y01017,SOLEX,EQ,,,,,SOLEX ENERGY LIMITED,785.75,788.00,753.05,762.00,761.25,781.45,,762.09,,,41650,31849348.70,3157,F1,1,,,,,
2026-08-27,2026-08-27,CM,NSE,STK,1338,INE480C01038,SDBL,EQ,,,,,SOM DIST & BREW LTD,72.99,73.24,71.50,71.82,71.56,72.62,,71.83,,,337962,24308544.44,3287,F1,1,,,,,
2026-08-27,2026-08-27,CM,NSE,STK,4201,INE314C01013,SOMATEX,EQ,,,,,SOMA TEXTILES & INDUST LT,83.75,86.89,80.55,80.80,80.55,84.78,,80.82,,,30964,2524489.65,383,F1,1,,,,,
2026-08-27,2026-08-27,CM,NSE,STK,3880,INE355A01028,SOMANYCERA,EQ,,,,,SOMANY CERAMICS LIMITED,565.00,565.00,552.15,556.60,555.00,558.45,,556.60,,,219363,122522158.75,7331,F1,1,,,,,
2026-08-27,2026-08-27,CM,NSE,STK,17794,INE323J01019,SOMICONVEY,EQ,,,,,SOMI CONVEYOR BELT. LTD.,91.50,93.70,90.05,91.28,90.70,91.85,,91.29,,,44147,4030684.29,1027,F1,1,,,,,
2026-08-27,2026-08-27,CM,NSE,STK,4684,INE073K01018,SONACOMS,EQ,,,,,SONA BLW PRECISION FRGS L,795.00,819.00,795.00,819.00,819.00,795.00,,818.69,,,1914972,1552225031.80,52706,F1,1,,,,,
2026-08-27,2026-08-27,CM,NSE,STK,23052,INE0Q6H01012,SONAMAC,SM,,,,,SONA MACHINERY LIMITED,31.15,32.50,31.15,32.00,32.00,32.65,,32.00,,,3000,95650.00,3,F1,1000,,,,,
2026-08-27,2026-08-27,CM,NSE,STK,8806,INE00LM01029,SONAMLTD,EQ,,,,,SONAM LIMITED,65.70,65.70,62.44,63.24,63.50,64.44,,63.24,,,53732,3439026.48,639,F1,1,,,,,
2026-08-27,2026-08-27,CM,NSE,STK,6596,INE269A01021,SONATSOFTW,EQ,,,,,SONATA SOFTWARE LTD,300.35,301.55,288.05,289.50,289.00,299.45,,289.51,,,893667,260968553.35,21371,F1,1,,,,,
2026-08-27,2026-08-27,CM,NSE,STK,9678,INE980Y01015,SOUTHWEST,EQ,,,,,SOUTH WEST PINNACLE LTD,211.35,211.35,205.00,206.89,206.50,211.66,,206.92,,,183911,38074921.90,3629,F1,1,,,,,
2026-08-27,2026-08-27,CM,NSE,STK,19372,INE970N01027,SPCENET,EQ,,,,,SPACENET ENTERS IND LTD,3.31,3.38,3.31,3.34,3.34,3.34,,3.34,,,635708,2122398.50,468,F1,1,,,,,
2026-08-27,2026-08-27,CM,NSE,STK,11435,INE572J01011,SPANDANA,EQ,,,,,SPANDANA SPHOORTY FIN LTD,246.90,248.00,241.15,242.85,243.90,247.10,,242.93,,,77018,18791227.90,2946,F1,1,,,,,
2026-08-27,2026-08-27,CM,NSE,STK,760138,INE1CW901027,SPEB,ST,,,,,SPEB ADHESIVES LIMITED,90.00,91.50,90.00,91.50,91.50,90.00,,91.50,,,6000,546000.00,3,F1,2000,,,,,
2026-08-27,2026-08-27,CM,NSE,STK,27111,INE247M01014,SPECIALITY,BE,,,,,SPECIALITY REST LTD,149.00,149.00,143.00,144.96,145.00,149.04,,144.96,,,39820,5786641.93,270,F1,1,,,,,
2026-08-27,2026-08-27,CM,NSE,STK,30457,INE01EO01010,SPECTRUM,BE,,,,,SPECTRUM ELECTRIC IND LTD,2150.00,2154.50,2090.00,2106.60,2120.00,2166.20,,2106.65,,,4068,8652112.10,253,F1,1,,,,,
2026-08-27,2026-08-27,CM,NSE,STK,764920,INE252A01019,SPELS,EQ,,,,,SPEL SEMICONDUCTOR LTD,143.62,157.00,143.62,152.01,152.90,143.61,,152.06,,,204147,31084630.71,3738,F1,1,,,,,
2026-08-27,2026-08-27,CM,NSE,STK,8163,INE020801028,SPENCERS,EQ,,,,,SPENCER S RETAIL LIMITED,30.40,30.42,29.22,29.71,29.75,30.10,,29.71,,,35225,1049616.49,423,F1,1,,,,,
2026-08-27,2026-08-27,CM,NSE,STK,3252,INE147A01011,SPIC,EQ,,,,,SPIC LTD,70.02,70.60,69.06,69.46,69.40,70.28,,69.46,,,314076,21842980.50,2866,F1,1,,,,,
2026-08-27,2026-08-27,CM,NSE,STK,11935,INE978G01016,SPLIL,EQ,,,,,SPL INDUSTRIES LIMITED,35.30,35.30,32.30,34.08,34.90,34.14,,34.08,,,39293,1324424.70,254,F1,1,,,,,
2026-08-27,2026-08-27,CM,NSE,STK,3321,INE937A01023,SPMLINFRA,EQ,,,,,SPML INFRA LIMITED,186.71,187.74,178.49,180.00,180.00,186.71,,179.93,,,203111,37068851.87,2589,F1,1,,,,,
2026-08-27,2026-08-27,CM,NSE,STK,10733,INE885H01029,SPORTKING,EQ,,,,,SPORTKING INDIA LIMITED,223.78,228.50,217.81,227.26,227.00,224.23,,227.26,,,271124,60719778.61,5778,F1,1,,,,,
2026-08-27,2026-08-27,CM,NSE,STK,25306,INE0QR801013,SPPPOLY,SM,,,,,SPP POLYMER LIMITED,12.05,12.05,12.05,12.05,12.05,11.50,,12.05,,,2000,24100.00,1,F1,2000,,,,,
2026-08-27,2026-08-27,CM,NSE,STK,17186,INE526E01018,SHRIPISTON,EQ,,,,,SPR AUTO TECHNOLOGIES LTD,4601.00,4627.90,4434.20,4498.40,4493.00,4610.00,,4497.73,,,73996,333652911.70,17788,F1,1,,,,,
2026-08-27,2026-08-27,CM,NSE,STK,757865,INE19QH01010,SPUNWEB,SM,,,,,SPUNWEB NONWOVEN LIMITED,102.00,103.95,101.00,101.25,101.00,101.50,,101.25,,,10800,1101540.00,8,F1,1200,,,,,
2026-08-27,2026-08-27,CM,NSE,STK,14582,INE917H01012,SRHHYPOLTD,EQ,,,,,SREE RAYALSEEMA HHP LTD.,474.40,482.85,466.00,468.75,467.30,470.95,,468.75,,,17832,8401393.85,957,F1,1,,,,,
2026-08-27,2026-08-27,CM,NSE,STK,31837,INE099F01013,SREEL,EQ,,,,,SREELEATHERS LIMITED,262.00,266.40,259.27,263.24,263.46,260.00,,263.25,,,21756,5734630.25,675,F1,1,,,,,
2026-08-27,2026-08-27,CM,NSE,STK,3273,INE647A01010,SRF,EQ,,,,,SRF LTD,2593.00,2627.00,2592.10,2605.00,2605.00,2583.00,,2604.57,,,225304,587067892.70,15949,F1,1,,,,,
2026-08-27,2026-08-27,CM,NSE,STK,18119,INE559N01010,SRGHFL,EQ,,,,,SRG HOUSING FINANCE L,255.50,260.00,255.50,260.00,260.00,260.00,,260.00,,,394,101418.75,11,F1,1,,,,,
2026-08-27,2026-08-27,CM,NSE,STK,7457,INE293B01029,HAVISHA,EQ,,,,,SRI HAVISHA HOSP & INFR L,1.45,1.45,1.30,1.35,1.39,1.39,,1.35,,,30752,42480.77,113,F1,1,,,,,
2026-08-27,2026-08-27,CM,NSE,STK,765165,INE009C01019,SRIKPRIND,EQ,,,,,SRI KPR INDUSTRIES LTD.,20.90,21.65,20.22,20.65,20.65,20.88,,20.15,,,3570,74400.72,20,F1,1,,,,,
2026-08-27,2026-08-27,CM,NSE,STK,758147,INE0V9Q01010,LOTUSDEV,BE,,,,,SRI LOTUS DEVLPRS N RTY L,181.50,188.00,180.00,186.21,183.50,184.99,,186.18,,,360313,66699077.52,2515,F1,1,,,,,
2026-08-27,2026-08-27,CM,NSE,STK,761393,INE0TPJ01019,SPCON,SM,,,,,SRINIBAS PRADHAN CONST L,145.00,153.00,145.00,153.00,153.00,151.00,,153.00,,,3600,534180.00,3,F1,1200,,,,,
2026-08-27,2026-08-27,CM,NSE,STK,18059,INE0ON201012,SSFL,ST,,,,,SRIVARI SPICES N FOODS L,250.00,253.60,231.00,252.85,253.60,241.55,,252.85,,,35500,8818825.00,62,F1,500,,,,,
2026-08-27,2026-08-27,CM,NSE,STK,14416,INE0NPI01014,SRIVASAVI,ST,,,,,SRIVASAVI ADHESIVE TAPE L,76.60,76.60,72.85,75.10,75.10,76.50,,75.10,,,16000,1192700.00,14,F1,1000,,,,,
2026-08-27,2026-08-27,CM,NSE,STK,23402,INE0R6Z01013,SRM,EQ,,,,,SRM CONTRACTORS LIMITED,462.50,465.00,443.20,446.25,444.00,462.50,,446.23,,,134211,60442667.75,3986,F1,1,,,,,
2026-08-27,2026-08-27,CM,NSE,STK,29205,INE0RYC01010,STALLION,BE,,,,,STALLION IND FLUOROCHEM L,224.50,226.90,214.50,215.65,216.70,224.00,,215.59,,,476810,104640756.55,4300,F1,1,,,,,
2026-08-27,2026-08-27,CM,NSE,STK,29075,INE0M4D01010,SETL,EQ,,,,,STANDARD ENGNG TCNLGY LTD,336.75,346.90,335.60,346.90,346.90,330.40,,346.90,,,497377,171679826.80,2724,F1,1,,,,,
2026-08-27,2026-08-27,CM,NSE,STK,11297,INE173A01025,SIL,EQ,,,,,STANDARD INDUSTRIES LTD.,19.56,20.08,19.20,19.32,19.35,19.65,,19.33,,,37009,726078.03,406,F1,1,,,,,
2026-08-27,2026-08-27,CM,NSE,STK,24226,INE01A001028,STANLEY,EQ,,,,,STANLEY LIFESTYLES LTD,136.00,140.79,136.00,137.98,137.90,137.01,,137.98,,,76157,10574186.85,2025,F1,1,,,,,
2026-08-27,2026-08-27,CM,NSE,STK,21091,INE460H01021,STARCEMENT,EQ,,,,,STAR CEMENT LIMITED,191.40,192.60,186.00,188.68,188.23,191.16,,188.70,,,434910,81974164.17,11053,F1,1,,,,,
2026-08-27,2026-08-27,CM,NSE,STK,7083,INE575P01011,STARHEALTH,EQ,,,,,STAR HEALTH & AL INS CO L,583.25,586.95,578.15,586.10,586.00,583.75,,586.09,,,181960,106292957.05,10928,F1,1,,,,,
2026-08-27,2026-08-27,CM,NSE,STK,3291,INE733A01018,STARPAPER,EQ,,,,,STAR PAPER MILLS LTD,147.77,152.80,145.00,148.97,148.52,146.87,,148.92,,,18090,2700484.80,228,F1,1,,,,,
2026-08-27,2026-08-27,CM,NSE,STK,9305,INE992I01013,STARTECK,EQ,,,,,STARTECK FINANCE LIMITED,250.00,259.90,246.15,256.65,251.30,257.00,,256.65,,,7241,1843775.35,138,F1,1,,,,,
2026-08-27,2026-08-27,CM,NSE,STK,3045,INE062A01020,SBIN,EQ,,,,,STATE BANK OF INDIA,1052.00,1054.40,1042.90,1042.90,1042.90,1052.00,,1044.30,,,4788716,5012177442.20,137557,F1,1,,,,,
2026-08-27,2026-08-27,CM,NSE,STK,2963,INE114A01011,SAIL,EQ,,,,,STEEL AUTHORITY OF INDIA,193.90,195.90,187.50,193.00,193.00,194.90,,192.99,,,41844533,8034971316.63,111662,F1,1,,,,,
2026-08-27,2026-08-27,CM,NSE,STK,10406,INE395H01011,STEELCITY,EQ,,,,,STEEL CITY SECURITIES LTD,87.90,87.90,85.00,86.20,86.20,87.87,,86.20,,,8483,729576.44,158,F1,1,,,,,
2026-08-27,2026-08-27,CM,NSE,STK,21339,INE503B01021,STEELXIND,EQ,,,,,STEEL EXCHANGE INDIA LTD,10.84,10.84,10.56,10.66,10.66,10.85,,10.66,,,811276,8667764.56,1596,F1,1,,,,,
2026-08-27,2026-08-27,CM,NSE,STK,11829,INE802C01033,SSWL,EQ,,,,,STEEL STRIPS WHEELS LTD.,290.10,294.40,287.85,292.45,292.70,290.40,,292.46,,,467198,136102627.10,8615,F1,1,,,,,
2026-08-27,2026-08-27,CM,NSE,STK,6803,INE124E01038,STEELCAS,EQ,,,,,STEELCAST LIMITED,347.15,350.00,335.55,339.85,335.55,343.65,,339.84,,,67394,23138037.10,1913,F1,1,,,,,
2026-08-27,2026-08-27,CM,NSE,STK,21484,INE577L01016,STEL,EQ,,,,,STEL HOLDINGS LIMITED,625.00,631.95,608.40,622.60,619.65,619.70,,622.55,,,4721,2932711.55,279,F1,1,,,,,
2026-08-27,2026-08-27,CM,NSE,STK,6188,INE334A01023,STERTOOLS,BE,,,,,STERLING TOOLS LIMITED,225.00,226.90,220.60,222.15,222.00,224.70,,222.15,,,10316,2297193.90,258,F1,1,,,,,
2026-08-27,2026-08-27,CM,NSE,STK,9313,INE089C01029,STLTECH,BE,,,,,STERLITE TECHNOLOGIES LTD,684.10,695.85,682.00,695.85,695.85,662.75,,695.84,,,2028680,1409384866.60,22225,F1,1,,,,,
2026-08-27,2026-08-27,CM,NSE,STK,13367,INE353H01010,SGL,EQ,,,,,STL GLOBAL LIMITED,10.08,10.48,9.88,10.04,10.17,10.03,,10.04,,,8802,89366.68,80,F1,1,,,,,
2026-08-27,2026-08-27,CM,NSE,STK,758958,INE1VXE01018,STLNETWORK,EQ,,,,,STL NETWORKS LIMITED,25.69,26.45,25.61,25.99,26.10,25.50,,26.01,,,1160371,30123027.77,3186,F1,1,,,,,
2026-08-27,2026-08-27,CM,NSE,STK,2107,INE00IN01015,STOVEKRAFT,EQ,,,,,STOVE KRAFT LIMITED,818.00,821.60,798.00,809.05,809.00,816.60,,809.01,,,78325,63195342.70,4899,F1,1,,,,,
2026-08-27,2026-08-27,CM,NSE,STK,761091,INE1XWN01017,STRIDERS,SM,,,,,STRIDERS IMPEX LIMITED,67.00,67.00,61.45,64.45,64.45,62.80,,64.45,,,16000,1023760.00,10,F1,1600,,,,,
2026-08-27,2026-08-27,CM,NSE,STK,7374,INE939A01011,STAR,EQ,,,,,STRIDES PHARMA SCI LTD,982.90,994.40,978.90,983.00,983.00,982.90,,982.96,,,94124,92727259.00,6645,F1,1,,,,,
2026-08-27,2026-08-27,CM,NSE,STK,12489,INE00M201021,SWSOLAR,EQ,,,,,STRLNG & WIL REN ENE LTD,203.00,203.38,197.15,199.15,198.10,200.12,,199.12,,,632051,126824123.01,9029,F1,1,,,,,
2026-08-27,2026-08-27,CM,NSE,STK,759587,INE00Q601028,STUDDS,EQ,,,,,STUDDS ACCESSORIES LTD,451.35,452.00,447.10,450.25,450.00,451.35,,450.27,,,36654,16489324.75,1377,F1,1,,,,,
2026-08-27,2026-08-27,CM,NSE,STK,758527,INE17VO01028,STUDIOLSD,SM,,,,,STUDIO LSD LIMITED,9.05,9.05,9.05,9.05,9.05,9.05,,9.05,,,2000,18100.00,1,F1,2000,,,,,
2026-08-27,2026-08-27,CM,NSE,STK,5186,INE239C01020,STYLAMIND,EQ,,,,,STYLAM INDUSTRIES LIMITED,3570.00,3604.90,3443.20,3471.00,3478.00,3570.40,,3471.09,,,27283,95720157.50,5657,F1,1,,,,,
2026-08-27,2026-08-27,CM,NSE,STK,19,INE189B01011,STYRENIX,EQ,,,,,STYRENIX PERFORMANCE LTD,2064.50,2077.20,2014.00,2018.20,2018.00,2064.40,,2018.25,,,50752,103574786.80,5502,F1,1,,,,,
2026-08-27,2026-08-27,CM,NSE,STK,760112,INE0RYR01018,SUBAHOTELS,SM,,,,,SUBA HOTELS LIMITED,107.00,107.00,104.50,104.55,104.60,106.75,,104.55,,,20400,2152140.00,16,F1,1200,,,,,
2026-08-27,2026-08-27,CM,NSE,STK,967,INE754A01055,SUBEXLTD,EQ,,,,,SUBEX LTD,17.63,18.60,17.22,17.95,17.97,17.62,,17.95,,,5057156,91156963.19,18676,F1,1,,,,,
2026-08-27,2026-08-27,CM,NSE,STK,3324,INE287B01021,SUBROS,EQ,,,,,SUBROS LIMITED,733.35,736.75,725.05,728.90,725.75,730.30,,728.87,,,28576,20865004.25,1861,F1,1,,,,,
2026-08-27,2026-08-27,CM,NSE,STK,3327,INE659A01023,SUDARSCHEM,EQ,,,,,SUDARSHAN CHEMICAL INDS L,1239.90,1259.40,1223.20,1252.80,1255.00,1234.30,,1252.69,,,643589,798411839.10,23749,F1,1,,,,,
2026-08-27,2026-08-27,CM,NSE,STK,715,INE492A01029,SUDARCOLOR,EQ,,,,,SUDARSHAN COLORNT IND LTD,389.35,399.00,377.00,379.65,383.00,387.45,,379.63,,,14953,5703415.75,866,F1,1,,,,,
2026-08-27,2026-08-27,CM,NSE,STK,760039,INE0QPI01025,SUDEEPPHRM,EQ,,,,,SUDEEP PHARMA LIMITED,1128.95,1149.90,1122.10,1134.10,1135.00,1129.10,,1134.09,,,139528,158552470.50,6380,F1,1,,,,,
2026-08-27,2026-08-27,CM,NSE,STK,11804,INE450E01029,SUKHJITS,EQ,,,,,SUKHJIT STARCH & CHEM LTD,161.53,165.00,161.53,162.32,162.99,161.53,,162.29,,,11394,1860529.18,185,F1,1,,,,,
2026-08-27,2026-08-27,CM,NSE,STK,13218,INE142Q01026,SULA,EQ,,,,,SULA VINEYARDS LIMITED,148.55,149.80,146.50,146.92,146.90,148.02,,146.93,,,145183,21442872.39,2893,F1,1,,,,,
2026-08-27,2026-08-27,CM,NSE,STK,765175,INE886B01012,SUMEDHA,EQ,,,,,SUMEDHA FISCAL SERVICES L,39.80,40.19,39.12,39.27,39.27,39.80,,39.97,,,1710,67269.66,15,F1,1,,,,,
2026-08-27,2026-08-27,CM,NSE,STK,20790,INE235C01036,SUMEETINDS,EQ,,,,,SUMEET IND LIMITED,13.10,13.42,12.94,12.99,12.94,13.00,,12.99,,,1630062,21455100.64,1513,F1,1,,,,,
2026-08-27,2026-08-27,CM,NSE,STK,11140,INE748Z01013,SUMIT,EQ,,,,,SUMIT WOODS LIMITED,50.90,51.89,49.71,51.53,51.66,51.21,,51.53,,,44744,2260279.52,728,F1,1,,,,,
2026-08-27,2026-08-27,CM,NSE,STK,17105,INE258G01013,SUMICHEM,EQ,,,,,SUMITOMO CHEM INDIA LTD,533.10,534.00,520.35,525.00,526.35,530.45,,524.71,,,103888,54582042.25,7195,F1,1,,,,,
2026-08-27,2026-08-27,CM,NSE,STK,21275,INE519C01017,SUMMITSEC,EQ,,,,,SUMMIT SECURITIES LTD,1425.00,1439.80,1415.00,1420.70,1423.00,1433.30,,1420.70,,,1827,2605958.40,236,F1,1,,,,,
2026-08-27,2026-08-27,CM,NSE,STK,14788,INE232I01014,SPARC,EQ,,,,,SUN PHARMA ADV.RES.CO.LTD,194.69,202.38,192.00,194.98,194.47,194.36,,194.97,,,811811,159412589.71,15210,F1,1,,,,,
2026-08-27,2026-08-27,CM,NSE,STK,3351,INE044A01036,SUNPHARMA,EQ,,,,,SUN PHARMACEUTICAL IND L,1907.10,1925.00,1898.00,1913.30,1913.30,1899.50,,1906.27,,,1107552,2116928095.40,101138,F1,1,,,,,
2026-08-27,2026-08-27,CM,NSE,STK,13404,INE424H01027,SUNTV,EQ,,,,,SUN TV NETWORK LIMITED,467.45,467.50,461.00,463.95,463.90,465.15,,463.61,,,288220,133744711.80,10927,F1,1,,,,,
2026-08-27,2026-08-27,CM,NSE,STK,20956,INE0Q3R01026,SUNCLAY,EQ,,,,,SUNDARAM CLAYTON LIMITED,1242.00,1279.90,1242.00,1272.20,1271.00,1267.90,,1272.19,,,1101,1400240.80,180,F1,1,,,,,
2026-08-27,2026-08-27,CM,NSE,STK,3339,INE660A01013,SUNDARMFIN,EQ,,,,,SUNDARAM FINANCE LTD,4530.00,4665.70,4500.00,4636.90,4650.00,4539.60,,4636.68,,,51237,237282978.40,12030,F1,1,,,,,
2026-08-27,2026-08-27,CM,NSE,STK,18931,INE108E01023,SUNDARAM,EQ,,,,,SUNDARAM MULTI PAP LTD,1.26,1.26,1.22,1.23,1.23,1.23,,1.23,,,194576,240028.65,236,F1,1,,,,,
2026-08-27,2026-08-27,CM,NSE,STK,9848,INE073D01013,SUNDRMBRAK,BE,,,,,SUNDARAMBRAKE LININGS LTD,762.00,791.90,762.00,787.05,787.75,778.00,,786.55,,,511,400769.35,49,F1,1,,,,,
2026-08-27,2026-08-27,CM,NSE,STK,3345,INE387A01021,SUNDRMFAST,EQ,,,,,SUNDRAM FASTENERS LTD,1244.40,1245.40,1214.00,1216.20,1218.00,1237.95,,1216.22,,,85029,103770282.65,8516,F1,1,,,,,
2026-08-27,2026-08-27,CM,NSE,STK,761202,INE0CTB01014,SOCL,SM,,,,,SUNDREX OIL COMPANY LTD,29.00,29.95,29.00,29.50,29.95,29.65,,29.50,,,24000,703840.00,13,F1,1600,,,,,
2026-08-27,2026-08-27,CM,NSE,STK,1663,INE209A01019,SUNDROP,EQ,,,,,SUNDROP BRANDS LIMITED,661.80,663.25,648.00,655.45,660.80,660.75,,655.38,,,19400,12764279.10,829,F1,1,,,,,
2026-08-27,2026-08-27,CM,NSE,STK,3348,INE947A01014,SUNFLAG,EQ,,,,,SUNFLAG IRON AND STEEL CO,353.35,354.00,342.20,344.40,344.80,350.45,,344.41,,,120437,41859325.80,2612,F1,1,,,,,
2026-08-27,2026-08-27,CM,NSE,STK,18264,INE0O3O01017,SEL,SM,,,,,SUNGARNER ENERGIES LTD,309.00,313.95,300.50,305.50,300.50,299.45,,305.50,,,3400,1036560.00,15,F1,200,,,,,
2026-08-27,2026-08-27,CM,NSE,STK,24868,INE0U2N01013,SUNLITE,SM,,,,,SUNLITE RECYCLING IND LTD,535.00,543.00,513.00,517.00,517.00,521.00,,517.00,,,38400,20111010.00,103,F1,300,,,,,
2026-08-27,2026-08-27,CM,NSE,STK,764925,INE671K01027,SUNRAKSHAK,EQ,,,,,SUNRAKSHAKK INDUS IND L,374.85,374.95,365.70,371.10,370.00,369.20,,370.96,,,3426,1261959.05,88,F1,1,,,,,
2026-08-27,2026-08-27,CM,NSE,STK,765264,INE0PLZ20020,SUN-RE,ST,,,,,SUNREST LIFE LTD,1.10,1.10,1.10,1.10,1.10,1.20,,1.10,,,16000,17600.00,9,F1,1600,,,,,
2026-08-27,2026-08-27,CM,NSE,STK,20213,INE0PLZ01012,SUNREST,SM,,,,,SUNREST LIFESCIENCE LTD,38.00,38.00,38.00,38.00,38.00,40.25,,38.00,,,1600,60800.00,1,F1,1600,,,,,
2026-08-27,2026-08-27,CM,NSE,STK,764930,INE199E01014,SUNSHIEL,EQ,,,,,SUNSHIELD CHEMICALS LTD.,1189.00,1209.60,1131.30,1156.30,1169.90,1188.70,,1158.41,,,1474,1726712.50,252,F1,1,,,,,
2026-08-27,2026-08-27,CM,NSE,STK,765387,INE1B3O01011,SUNSHINE,EQ,,,,,SUNSHINE PICTURES LIMITED,368.00,378.00,366.30,368.10,367.50,367.20,,368.09,,,1816347,672872398.60,21677,F1,1,,,,,
2026-08-27,2026-08-27,CM,NSE,STK,757763,INE0SGZ01016,SUNTECH,SM,,,,,SUNTECH INFRA SOLUTIONS L,43.20,48.80,40.50,47.10,47.50,42.90,,47.10,,,158400,7127360.00,85,F1,1600,,,,,
2026-08-27,2026-08-27,CM,NSE,STK,17641,INE805D01034,SUNTECK,EQ,,,,,SUNTECK REALTY LIMITED,312.05,313.20,305.25,307.50,307.75,312.10,,307.50,,,67138,20751180.10,2575,F1,1,,,,,
2026-08-27,2026-08-27,CM,NSE,STK,8931,INE662A01027,SUPERSPIN,BE,,,,,SUPER SPINNING MILLS LTD,5.95,6.00,5.95,6.00,6.00,5.95,,6.00,,,390,2335.50,2,F1,1,,,,,
2026-08-27,2026-08-27,CM,NSE,STK,764938,INE460D01038,SUPTANERY,BE,,,,,SUPER TANNERY LTD.,13.35,13.35,13.00,13.35,13.35,12.72,,13.52,,,220259,2934466.48,434,F1,1,,,,,
2026-08-27,2026-08-27,CM,NSE,STK,20616,INE712B01010,SUPERHOUSE,EQ,,,,,SUPERHOUSE LIMITED,176.00,178.95,167.74,169.90,169.15,176.14,,170.10,,,9160,1590857.28,320,F1,1,,,,,
2026-08-27,2026-08-27,CM,NSE,STK,3147,INE843L01012,SIEL,EQ,,,,,SUPERIOR INDUSTRIAL ENT L,34.49,34.49,34.00,34.49,34.49,32.85,,34.49,,,2288,78845.50,28,F1,1,,,,,
2026-08-27,2026-08-27,CM,NSE,STK,11689,INE399C01030,SUPRAJIT,EQ,,,,,SUPRAJIT ENGINEERING LTD,502.70,510.70,500.00,504.05,501.05,502.70,,504.12,,,29850,14999695.40,2835,F1,1,,,,,
2026-08-27,2026-08-27,CM,NSE,STK,758997,INE319Z01021,SUPREMEENG,BZ,,,,,SUPREME ENGINEERING LTD,2.73,2.73,2.73,2.73,2.73,2.68,,2.73,,,160392,437870.16,61,F1,1,,,,,
2026-08-27,2026-08-27,CM,NSE,STK,28069,INE0U6N01014,SFML,SM,,,,,SUPREME FACILITY MGMT LTD,21.10,23.00,21.10,23.00,23.00,22.40,,23.00,,,3200,70560.00,2,F1,1600,,,,,
2026-08-27,2026-08-27,CM,NSE,STK,29439,INE822E01011,SUPREME,EQ,,,,,SUPREME HOLDIN N HOSP I L,39.72,39.90,38.50,39.00,38.73,39.44,,39.00,,,15330,596674.59,159,F1,1,,,,,
2026-08-27,2026-08-27,CM,NSE,STK,3363,INE195A01028,SUPREMEIND,EQ,,,,,SUPREME INDUSTRIES LTD,3540.00,3633.50,3540.00,3585.00,3585.00,3540.00,,3583.06,,,152254,548282867.70,22874,F1,1,,,,,
2026-08-27,2026-08-27,CM,NSE,STK,15002,INE550H01011,SUPREMEINF,EQ,,,,,SUPREME INFRA. LTD.,84.94,86.76,83.51,84.99,84.00,84.81,,84.99,,,133453,11322178.41,704,F1,1,,,,,
2026-08-27,2026-08-27,CM,NSE,STK,9617,INE663A01033,SPLPETRO,EQ,,,,,SUPREME PETROCHEM LIMITED,701.10,715.20,691.00,692.00,692.00,708.30,,692.02,,,82584,57555051.20,5912,F1,1,,,,,
2026-08-27,2026-08-27,CM,NSE,STK,21067,INE0QHG01026,SUPREMEPWR,SM,,,,,SUPREME POWER EQUIPMENT L,234.80,234.80,226.75,227.40,226.75,230.90,,227.40,,,14500,3326450.00,28,F1,500,,,,,
2026-08-27,2026-08-27,CM,NSE,STK,7390,INE07RO01027,SUPRIYA,EQ,,,,,SUPRIYA LIFESCIENCE LTD,782.95,792.00,774.30,776.35,777.50,781.75,,776.35,,,100955,78743162.30,6748,F1,1,,,,,
2026-08-27,2026-08-27,CM,NSE,STK,20822,INE843S01025,SURAJEST,EQ,,,,,SURAJ ESTATE DEVELOPERS L,197.17,197.25,193.10,195.77,197.00,196.01,,195.77,,,143225,27909042.34,646,F1,1,,,,,
2026-08-27,2026-08-27,CM,NSE,STK,24966,INE713C01016,SURAJLTD,EQ,,,,,SURAJ LIMITED,213.50,216.85,210.00,214.00,214.00,213.51,,214.50,,,33,7051.13,6,F1,1,,,,,
2026-08-27,2026-08-27,CM,NSE,STK,27334,INE877V01027,SURAKSHA,EQ,,,,,SURAKSHA DIAGNOSTIC LTD,340.00,340.00,332.35,335.40,335.25,338.75,,335.40,,,91126,30622943.30,3086,F1,1,,,,,
2026-08-27,2026-08-27,CM,NSE,STK,21077,INE272L01022,SURANASOL,EQ,,,,,SURANA SOLAR LIMITED,25.66,25.99,25.00,25.45,25.42,25.77,,25.46,,,30019,765551.18,350,F1,1,,,,,
2026-08-27,2026-08-27,CM,NSE,STK,10700,INE130B01031,SURANAT&P,EQ,,,,,SURANA TELECOM AND POW LT,16.45,16.45,15.50,15.91,15.90,16.20,,15.91,,,77509,1253556.15,388,F1,1,,,,,
2026-08-27,2026-08-27,CM,NSE,STK,8513,INE01ZJ01015,SURANI,SM,,,,,SURANI STEEL TUBES LTD.,95.55,97.00,95.55,97.00,97.00,100.25,,97.00,,,1600,153970.00,6,F1,200,,,,,
2026-08-27,2026-08-27,CM,NSE,STK,14139,INE05ST01028,SBGLP,EQ,,,,,SURATWWALA BUS GROUP LTD,23.16,24.79,23.16,24.00,24.37,23.64,,24.00,,,21293,507256.55,149,F1,1,,,,,
2026-08-27,2026-08-27,CM,NSE,STK,3375,INE335A01020,SURYAROSNI,EQ,,,,,SURYA ROSHNI LTD,218.50,221.37,215.84,218.41,218.95,219.62,,218.39,,,442419,96629220.46,9576,F1,1,,,,,
2026-08-27,2026-08-27,CM,NSE,STK,11852,INE713B01026,SURYALAXMI,EQ,,,,,SURYALAKSHMI COT MIL LTD,57.92,58.00,56.65,57.14,58.00,57.92,,57.70,,,1810,103338.47,64,F1,1,,,,,
2026-08-27,2026-08-27,CM,NSE,STK,762924,INE132C01027,SURYALA,EQ,,,,,SURYALATA SPINNING MILL L,382.00,389.00,382.00,382.15,382.00,380.85,,382.15,,,146,56129.30,12,F1,1,,,,,
2026-08-27,2026-08-27,CM,NSE,STK,2970,INE428Q01011,SURYODAY,EQ,,,,,SURYODAY SMALL FIN BK LTD,159.10,159.10,154.30,155.68,156.99,158.43,,155.69,,,297102,46463150.17,5146,F1,1,,,,,
2026-08-27,2026-08-27,CM,NSE,STK,21321,INE0R8O23017,SEITINVIT,IV,,,,,SUSTAINABLE ENERGY INFRA,122.00,122.00,122.00,122.00,122.00,124.00,,122.00,,,25000,3050000.00,1,F1,25000,,,,,
2026-08-27,2026-08-27,CM,NSE,STK,13804,INE645H01027,SUTLEJTEX,BE,,,,,SUTLEJ TEXT & INDUS LTD,38.80,39.45,38.50,38.70,38.70,38.77,,38.70,,,23020,890219.53,58,F1,1,,,,,
2026-08-27,2026-08-27,CM,NSE,STK,11233,INE495B01038,SUVEN,EQ,,,,,SUVEN LIFE SCIENCES LTD,372.00,374.10,363.50,368.10,368.15,372.20,,368.09,,,295156,108762845.35,9327,F1,1,,,,,
2026-08-27,2026-08-27,CM,NSE,STK,2998,INE018401013,SUVIDHAA,EQ,,,,,SUVIDHAA INFOSERVE LTD,2.40,2.40,2.26,2.28,2.30,2.30,,2.28,,,66595,153859.65,187,F1,1,,,,,
2026-08-27,2026-08-27,CM,NSE,STK,24851,INE442P01014,SUYOG,EQ,,,,,SUYOG TELEMATICS LIMITED,768.00,769.10,750.00,764.85,761.00,755.80,,764.85,,,15071,11469893.00,1089,F1,1,,,,,
2026-08-27,2026-08-27,CM,NSE,STK,12018,INE040H01021,SUZLON,EQ,,,,,SUZLON ENERGY LIMITED,47.00,47.39,46.37,46.81,46.81,46.94,,46.81,,,23836185,1114999133.54,49336,F1,1,,,,,
2026-08-27,2026-08-27,CM,NSE,STK,5020,INE308E01029,SVPGLOB,EQ,,,,,SVP GLOBAL TEXTILES LTD,3.77,3.80,3.68,3.75,3.75,3.74,,3.77,,,4717,17664.68,46,F1,1,,,,,
2026-08-27,2026-08-27,CM,NSE,STK,27095,INE665A01038,SWANCORP,EQ,,,,,SWAN CORP LIMITED,299.45,306.50,295.65,303.80,304.00,300.15,,303.76,,,1142323,342113533.90,14238,F1,1,,,,,
2026-08-27,2026-08-27,CM,NSE,STK,29164,INE542F01020,SWANDEF,BE,,,,,SWAN DEFENCE N HEVY IND L,2427.60,2458.00,2290.00,2372.10,2397.00,2407.80,,2372.21,,,17506,42006707.80,849,F1,1,,,,,
2026-08-27,2026-08-27,CM,NSE,STK,3384,INE277A01016,SWARAJENG,EQ,,,,,SWARAJ ENGINES LTD,3575.00,3576.80,3535.00,3548.30,3550.00,3549.00,,3548.40,,,4442,15769936.40,1220,F1,1,,,,,
2026-08-27,2026-08-27,CM,NSE,STK,764496,INE0GMR01016,SWARAJ,BE,,,,,SWARAJ SUITING LIMITED,375.00,384.40,366.75,368.60,369.60,373.15,,368.38,,,48966,18078570.60,197,F1,1,,,,,
2026-08-27,2026-08-27,CM,NSE,STK,765185,INE967A01012,SWARNSAR,EQ,,,,,SWARNSARITA JEWELS IND L,34.80,34.80,34.20,34.57,34.44,34.46,,34.57,,,5171,178209.95,41,F1,1,,,,,
2026-08-27,2026-08-27,CM,NSE,STK,11497,INE0DGC01025,SWASTIK,ST,,,,,SWASTIK PIPE LIMITED,20.90,20.90,20.90,20.90,20.90,19.95,,20.90,,,26400,551760.00,11,F1,1200,,,,,
2026-08-27,2026-08-27,CM,NSE,STK,11909,INE409B01013,SWELECTES,EQ,,,,,SWELECT ENERGY SYS LTD,605.20,605.50,588.00,594.20,593.30,605.55,,594.20,,,19790,11813531.55,1121,F1,1,,,,,
2026-08-27,2026-08-27,CM,NSE,STK,27066,INE00H001014,SWIGGY,EQ,,,,,SWIGGY LIMITED,288.80,289.90,282.20,284.70,284.70,286.55,,284.71,,,9150633,2609530995.35,100038,F1,1,,,,,
2026-08-27,2026-08-27,CM,NSE,STK,765190,INE010C01025,SWISSMLTRY,EQ,,,,,SWISS MILITARY CON GOOD L,17.74,18.09,16.80,17.16,17.10,17.74,,17.16,,,147702,2588155.75,440,F1,1,,,,,
2026-08-27,2026-08-27,CM,NSE,STK,24267,INE01IH01015,SYLVANPLY,SM,,,,,SYLVAN PLYBOARD (INDIA) L,56.70,56.70,56.00,56.00,56.00,54.00,,56.00,,,4000,225400.00,2,F1,2000,,,,,
2026-08-27,2026-08-27,CM,NSE,STK,24190,INE225D01027,SYMPHONY,EQ,,,,,SYMPHONY LIMITED,602.50,605.00,597.00,599.05,601.90,602.50,,599.25,,,32084,19218629.10,2267,F1,1,,,,,
2026-08-27,2026-08-27,CM,NSE,STK,11992,INE312C01025,SYNCOMF,EQ,,,,,SYNCOM FORMU (I) LTD,17.15,18.34,17.13,17.34,17.35,17.03,,17.34,,,8769056,154889412.65,33039,F1,1,,,,,
2026-08-27,2026-08-27,CM,NSE,STK,5114,INE00QT01015,SGIL,EQ,,,,,SYNERGY GREEN IND. LTD,586.35,599.00,583.15,597.85,598.95,586.50,,597.85,,,20282,11987184.70,414,F1,1,,,,,
2026-08-27,2026-08-27,CM,NSE,STK,10243,INE398R01022,SYNGENE,EQ,,,,,SYNGENE INTERNATIONAL LTD,412.90,418.50,407.60,413.80,414.20,411.15,,413.80,,,479502,198741169.20,19510,F1,1,,,,,
2026-08-27,2026-08-27,CM,NSE,STK,17206,INE0BTR01012,SYNOPTICS,ST,,,,,SYNOPTICS TECHNOLOGIES L,57.60,59.00,57.60,57.60,57.60,60.60,,57.60,,,3000,173640.00,5,F1,600,,,,,
2026-08-27,2026-08-27,CM,NSE,STK,10793,INE0DYJ01015,SYRMA,EQ,,,,,SYRMA SGS TECHNOLOGY LTD,1471.00,1499.00,1467.10,1493.50,1496.00,1474.10,,1493.48,,,957727,1422473334.80,33917,F1,1,,,,,
2026-08-27,2026-08-27,CM,NSE,STK,14506,INE0O7R01011,SYSTANGO,SM,,,,,SYSTANGO TECHNOLOGIES LTD,218.00,220.50,215.30,218.65,218.50,218.70,,218.65,,,12400,2708080.00,27,F1,400,,,,,
2026-08-27,2026-08-27,CM,NSE,STK,759358,INE356B01024,SYSTMTXC,BE,,,,,SYSTEMATIX CORP SERVICE L,57.00,57.99,56.60,57.82,57.88,58.00,,57.83,,,2040,116271.02,39,F1,1,,,,,
2026-08-27,2026-08-27,CM,NSE,STK,764955,INE284B01028,TGVSL,EQ,,,,,T G V SRAAC LTD.,106.05,106.79,104.31,104.96,104.80,105.42,,104.96,,,92534,9725918.40,809,F1,1,,,,,
2026-08-27,2026-08-27,CM,NSE,STK,14314,INE592B01024,TTL,EQ,,,,,T T LIMITED,6.70,6.90,6.31,6.53,6.58,6.59,,6.53,,,501845,3257691.87,575,F1,1,,,,,
2026-08-27,2026-08-27,CM,NSE,STK,762929,INE524T01011,TAALTECH,EQ,,,,,TAAL TECH LTD.,4488.00,4613.00,4370.00,4406.40,4425.00,4501.50,,4405.91,,,4853,21576855.00,647,F1,1,,,,,
2026-08-27,2026-08-27,CM,NSE,STK,23441,INE0SOY01013,TAC,ST,,,,,TAC INFOSEC LIMITED,417.00,419.00,411.00,416.40,418.50,414.95,,416.40,,,9600,3988650.00,45,F1,200,,,,,
2026-08-27,2026-08-27,CM,NSE,STK,3396,INE123C01018,TAINWALCHM,EQ,,,,,TAINWALA CHEMICAL AND PLA,212.06,216.83,211.02,212.68,212.10,216.70,,212.68,,,2869,612189.49,62,F1,1,,,,,
2026-08-27,2026-08-27,CM,NSE,STK,9354,INE586B01026,TAJGVK,EQ,,,,,TAJ GVK HOTELS & RESORTS,339.35,342.75,337.10,341.75,342.70,339.40,,341.75,,,48286,16427525.20,2201,F1,1,,,,,
2026-08-27,2026-08-27,CM,NSE,STK,14917,INE142I01023,TAKE,EQ,,,,,TAKE LIMITED,16.98,16.98,16.98,16.98,16.98,17.87,,17.00,,,56409,957824.82,295,F1,1,,,,,
2026-08-27,2026-08-27,CM,NSE,STK,13648,INE187D01029,TALBROAUTO,EQ,,,,,TALBROS AUTO. COMP. LTD,407.10,415.00,400.10,408.65,405.25,407.10,,408.63,,,177405,72213113.50,7206,F1,1,,,,,
2026-08-27,2026-08-27,CM,NSE,STK,762937,INE864J01012,TAMBOLIIN,BE,,,,,TAMBOLI INDUSTRIES LTD.,254.80,257.25,245.00,250.95,254.00,245.00,,250.98,,,27766,7036379.60,96,F1,1,,,,,
2026-08-27,2026-08-27,CM,NSE,STK,10945,INE668A01016,TMB,EQ,,,,,TAMILNAD MERCA BANK LTD,897.60,903.60,882.15,893.85,897.95,897.60,,893.84,,,118544,106046668.00,10292,F1,1,,,,,
2026-08-27,2026-08-27,CM,NSE,STK,3980,INE107A01015,TNPL,EQ,,,,,TAMILNADU NEWSPRT & PAPER,141.00,143.20,139.11,139.91,140.00,140.67,,139.91,,,253935,35642553.19,2305,F1,1,,,,,
2026-08-27,2026-08-27,CM,NSE,STK,3509,INE148A01019,TNPETRO,EQ,,,,,TAMILNADU PETROPRODUCTS L,113.50,114.00,108.30,109.12,109.00,113.27,,109.12,,,494399,54559430.07,4946,F1,1,,,,,
2026-08-27,2026-08-27,CM,NSE,STK,3512,INE141D01018,TNTELE,EQ,,,,,TAMILNADU TELECOMMUNICATI,9.01,9.40,8.87,8.91,8.87,9.08,,8.91,,,13530,121254.32,59,F1,1,,,,,
2026-08-27,2026-08-27,CM,NSE,STK,764945,INE692C01020,TANAA,EQ,,,,,TANEJA AEROSPACE & AVIA L,300.00,300.85,291.60,292.70,292.00,298.45,,294.48,,,11677,3424896.35,521,F1,1,,,,,
2026-08-27,2026-08-27,CM,NSE,STK,756338,INE0Z7N01017,TANKUP,ST,,,,,TANKUP ENGINEERS LIMITED,1300.00,1300.00,1300.00,1300.00,1300.00,1280.00,,1300.00,,,250,325000.00,1,F1,250,,,,,
2026-08-27,2026-08-27,CM,NSE,STK,13976,INE483C01032,TANLA,EQ,,,,,TANLA PLATFORMS LIMITED,527.95,547.85,527.95,531.50,533.00,526.05,,531.51,,,619699,332824865.85,20573,F1,1,,,,,
2026-08-27,2026-08-27,CM,NSE,STK,23512,INE555Z01020,TARACHAND,EQ,,,,,TARA CHAND INFRA SOLN LTD,47.72,49.99,47.72,48.59,49.50,47.72,,48.59,,,50433,2454694.33,692,F1,1,,,,,
2026-08-27,2026-08-27,CM,NSE,STK,18827,INE747K01017,TARAPUR,EQ,,,,,TARAPUR TRANSFORMERS LTD,14.74,15.34,14.31,14.96,14.89,14.65,,14.99,,,9977,148361.80,150,F1,1,,,,,
2026-08-27,2026-08-27,CM,NSE,STK,1581,INE0EK901012,TARC,EQ,,,,,TARC LIMITED,120.33,120.96,117.10,117.53,117.20,119.45,,117.53,,,306535,36376760.12,3339,F1,1,,,,,
2026-08-27,2026-08-27,CM,NSE,STK,14771,INE924H01018,TARMAT,EQ,,,,,TARMAT LIMITED,61.92,61.95,58.21,59.93,58.90,62.54,,59.93,,,92840,5543362.84,1017,F1,1,,,,,
2026-08-27,2026-08-27,CM,NSE,STK,6943,INE144Z01023,TARSONS,EQ,,,,,TARSONS PRODUCTS LIMITED,344.55,347.35,325.60,329.40,329.20,342.65,,329.43,,,244355,82314276.95,8619,F1,1,,,,,
2026-08-27,2026-08-27,CM,NSE,STK,20092,INE488B01017,TASTYBITE,EQ,,,,,TASTY BITE EATABLES LTD,9966.50,10172.50,9755.00,9816.50,9888.50,9911.50,,9817.24,,,2577,25590468.50,1017,F1,1,,,,,
2026-08-27,2026-08-27,CM,NSE,STK,759265,INE976I01016,TATACAP,EQ,,,,,TATA CAPITAL LIMITED,372.65,378.00,372.00,376.00,376.00,370.65,,376.00,,,1550014,581342715.30,32381,F1,1,,,,,
2026-08-27,2026-08-27,CM,NSE,STK,3405,INE092A01019,TATACHEM,EQ,,,,,TATA CHEMICALS LTD,638.45,647.35,635.00,644.15,644.40,637.65,,644.15,,,620346,396784575.75,17625,F1,1,,,,,
2026-08-27,2026-08-27,CM,NSE,STK,3721,INE151A01013,TATACOMM,EQ,,,,,TATA COMMUNICATIONS LTD,1649.30,1705.70,1641.50,1689.60,1685.00,1649.30,,1689.58,,,290206,486508579.80,24663,F1,1,,,,,
2026-08-27,2026-08-27,CM,NSE,STK,11536,INE467B01029,TCS,EQ,,,,,TATA CONSULTANCY SERV LT,2270.00,2283.60,2243.90,2248.40,2248.40,2270.00,,2250.14,,,1709113,3854863391.00,131520,F1,1,,,,,
2026-08-27,2026-08-27,CM,NSE,STK,3432,INE192A01025,TATACONSUM,EQ,,,,,TATA CONSUMER PRODUCT LTD,1041.00,1048.40,1035.60,1042.00,1042.00,1047.10,,1042.00,,,996048,1035626253.80,46591,F1,1,,,,,
2026-08-27,2026-08-27,CM,NSE,STK,3411,INE670A01012,TATAELXSI,EQ,,,,,TATA ELXSI LIMITED,3650.00,3664.60,3622.60,3633.20,3633.20,3650.00,,3633.19,,,92977,337944013.00,12031,F1,1,,,,,
2026-08-27,2026-08-27,CM,NSE,STK,1621,INE672A01026,TATAINVEST,EQ,,,,,TATA INVESTMENT CORP LTD,644.45,648.70,637.00,642.10,645.00,644.45,,641.97,,,156007,99904019.10,10028,F1,1,,,,,
2026-08-27,2026-08-27,CM,NSE,STK,759782,INE1TAE01010,TMCV,EQ,,,,,TATA MOTORS LIMITED,483.75,483.75,468.30,473.10,474.00,483.75,,473.09,,,10010513,4729673193.75,106059,F1,1,,,,,
2026-08-27,2026-08-27,CM,NSE,STK,3456,INE155A01022,TMPV,EQ,,,,,TATA MOTORS PASS VEH LTD,315.00,319.60,314.15,316.00,316.00,313.10,,316.01,,,8028070,2540812574.60,60288,F1,1,,,,,
2026-08-27,2026-08-27,CM,NSE,STK,3426,INE245A01021,TATAPOWER,EQ,,,,,TATA POWER CO LTD,359.20,359.20,348.10,352.00,352.00,364.00,,352.00,,,16236355,5700089343.90,196563,F1,1,,,,,
2026-08-27,2026-08-27,CM,NSE,STK,3499,INE081A01020,TATASTEEL,EQ,,,,,TATA STEEL LIMITED,188.05,190.25,186.50,186.80,186.80,188.01,,186.59,,,40921836,7704289211.01,202221,F1,1,,,,,
2026-08-27,2026-08-27,CM,NSE,STK,20293,INE142M01025,TATATECH,EQ,,,,,TATA TECHNOLOGIES LIMITED,795.55,807.90,786.60,799.35,799.00,793.50,,799.38,,,593573,471788468.65,19104,F1,1,,,,,
2026-08-27,2026-08-27,CM,NSE,STK,8954,INE517B01013,TTML,EQ,,,,,TATA TELESERV(MAHARASTRA),37.50,37.68,36.30,36.46,36.55,37.41,,36.46,,,1480267,54501019.70,9617,F1,1,,,,,
2026-08-27,2026-08-27,CM,NSE,STK,7838,INF277K015R5,NETF,EQ,,,,,TATAAML - NETF,264.95,264.95,260.12,261.99,260.12,264.68,,261.99,,,1311,345062.04,136,F1,1,,,,,
2026-08-27,2026-08-27,CM,NSE,STK,12978,INF277K010X4,NPBET,EQ,,,,,TATAAML - NPBET,283.64,289.30,283.63,288.00,288.00,286.50,,288.00,,,600,172984.27,24,F1,1,,,,,
2026-08-27,2026-08-27,CM,NSE,STK,8882,INF277KA1364,TNIDETF,EQ,,,,,TATAAML - TNIDETF,90.70,91.80,90.50,90.97,90.50,90.66,,90.97,,,79177,7203798.81,367,F1,1,,,,,
2026-08-27,2026-08-27,CM,NSE,STK,21401,INF277KA1976,TATAGOLD,EQ,,,,,TATAAML-TATAGOLD,15.54,15.54,15.06,15.29,15.31,15.55,,15.29,,,78652833,1202481171.21,74385,F1,1,,,,,
2026-08-27,2026-08-27,CM,NSE,STK,21428,INF277KA1984,TATSILV,EQ,,,,,TATAAML-TATSILV,23.94,23.94,22.71,22.97,22.95,23.36,,22.97,,,63551214,1460018741.71,48617,F1,1,,,,,
2026-08-27,2026-08-27,CM,NSE,STK,5162,INE0GK401011,TATVA,EQ,,,,,TATVA CHIN PHARM CHEM LTD,1620.00,1695.00,1581.50,1599.20,1585.30,1606.40,,1599.17,,,120039,197272247.80,12118,F1,1,,,,,
2026-08-27,2026-08-27,CM,NSE,STK,759756,INE0XWS01018,TAURIAN,SM,,,,,TAURIAN MPS LIMITED,511.00,511.00,500.00,500.95,500.00,520.00,,500.95,,,20000,10066640.00,19,F1,800,,,,,
2026-08-27,2026-08-27,CM,NSE,STK,11754,INE053F07835,753IRFC30,NJ,,,,,TAX FREE  7.53% SR. 103 A,1134.00,1134.00,1133.00,1133.00,1133.00,1133.00,,1133.00,,,158,179075.00,5,F1,1,,,,,
2026-08-27,2026-08-27,CM,NSE,STK,15168,INE053F07900,764IRFC31,NO,,,,,TAX FREE  7.64% SR. 108A,1147.00,1147.00,1143.05,1143.05,1143.05,1145.00,,1143.01,,,865,991503.25,4,F1,1,,,,,
2026-08-27,2026-08-27,CM,NSE,STK,14529,INE906B07EP5,769NHAI31,NE,,,,,TAX FREE 7.69% SR. IIB,1149.10,1149.95,1147.51,1149.95,1149.95,1147.85,,1149.95,,,750,861610.40,13,F1,1,,,,,
2026-08-27,2026-08-27,CM,NSE,STK,12003,INE906B07EJ8,76NHAI31,NA,,,,,TAX FREE7.60% SR.IIB,1117.00,1117.00,1113.15,1113.37,1113.30,1116.10,,1113.43,,,1389,1548977.60,20,F1,1,,,,,
2026-08-27,2026-08-27,CM,NSE,STK,29111,INE020B07GX4,738REC27TF,N2,,,,,TAXFREE SEC NCD TR1 S2,1070.05,1070.10,1070.03,1070.03,1070.03,1072.50,,1070.03,,,1000,1070041.77,6,F1,1,,,,,
2026-08-27,2026-08-27,CM,NSE,STK,24019,INE0N2D01013,TBI,SM,,,,,TBI CORN LIMITED,67.60,74.50,67.55,71.50,72.10,67.70,,71.50,,,146400,10545810.00,168,F1,600,,,,,
2026-08-27,2026-08-27,CM,NSE,STK,23740,INE673O01025,TBOTEK,EQ,,,,,TBO TEK LIMITED,1699.70,1725.90,1690.00,1696.60,1691.10,1706.50,,1696.45,,,103405,176297021.90,14257,F1,1,,,,,
2026-08-27,2026-08-27,CM,NSE,STK,761814,INE887D01016,TCC,EQ,,,,,TCC CONCEPT LIMITED,233.00,243.65,230.00,231.75,230.00,235.15,,231.73,,,617665,145800207.30,14984,F1,1,,,,,
2026-08-27,2026-08-27,CM,NSE,STK,19223,INE586V01016,TCIEXP,EQ,,,,,TCI EXPRESS LIMITED,552.15,560.00,540.10,558.35,560.00,549.85,,558.37,,,53331,29256409.25,2658,F1,1,,,,,
2026-08-27,2026-08-27,CM,NSE,STK,8722,INE911B01018,TCIFINANCE,BE,,,,,TCIFINANCELTD-ROLL SETT,15.95,15.95,15.30,15.40,15.40,15.57,,15.21,,,8032,123363.42,55,F1,1,,,,,
2026-08-27,2026-08-27,CM,NSE,STK,184,INE822C01015,TCPLPACK,EQ,,,,,TCPL PACKAGING LIMITED,3880.00,3921.10,3828.10,3846.40,3842.70,3877.10,,3845.23,,,5515,21412355.80,1113,F1,1,,,,,
2026-08-27,2026-08-27,CM,NSE,STK,25178,INE419M01035,TDPOWERSYS,EQ,,,,,TD POWER SYSTEMS LTD.,730.20,765.50,730.20,740.60,738.60,727.80,,740.62,,,2552484,1915390739.50,76596,F1,1,,,,,
2026-08-27,2026-08-27,CM,NSE,STK,10717,INE289C01025,TEAMGTY,EQ,,,,,TEAM INDIA GUARANTY LTD,230.00,248.00,230.00,240.02,240.00,240.00,,240.02,,,658,158712.75,36,F1,1,,,,,
2026-08-27,2026-08-27,CM,NSE,STK,12716,INE985S01024,TEAMLEASE,EQ,,,,,TEAMLEASE SERVICES LTD.,1256.20,1263.90,1229.70,1252.70,1241.20,1248.80,,1252.62,,,28997,36042691.80,4786,F1,1,,,,,
2026-08-27,2026-08-27,CM,NSE,STK,17000,INE065J01024,TPHQ,BE,,,,,TEAMO PRODUCTIONS HQ LTD,0.53,0.56,0.53,0.54,0.55,0.55,,0.54,,,2511793,1359990.47,726,F1,1,,,,,
2026-08-27,2026-08-27,CM,NSE,STK,763571,INE2OL601013,TEAMTECH,ST,,,,,TEAMTECH FORMWORK SOL LTD,136.00,136.00,132.00,133.35,134.00,136.00,,133.35,,,16000,2160000.00,8,F1,2000,,,,,
2026-08-27,2026-08-27,CM,NSE,STK,13538,INE669C01036,TECHM,EQ,,,,,TECH MAHINDRA LIMITED,1571.60,1600.00,1571.60,1585.00,1585.00,1571.00,,1585.21,,,1979336,3144864224.20,78804,F1,1,,,,,
2026-08-27,2026-08-27,CM,NSE,STK,759141,INE0Y5H01014,TECHD,ST,,,,,TECHD CYBERSECURITY LTD,558.00,558.00,550.00,550.05,550.05,557.50,,550.05,,,12900,7118535.00,38,F1,300,,,,,
2026-08-27,2026-08-27,CM,NSE,STK,25652,INE0JQS01019,TECHERA,SM,,,,,TECHERA ENGINEER (IND) L,173.40,173.55,168.70,169.20,169.00,173.90,,169.20,,,20000,3408200.00,24,F1,800,,,,,
2026-08-27,2026-08-27,CM,NSE,STK,6445,INE285K01026,TECHNOE,EQ,,,,,TECHNO ELEC & ENG CO. LTD,1004.00,1007.45,993.60,997.45,996.00,1004.25,,997.42,,,66454,66355376.65,7752,F1,1,,,,,
2026-08-27,2026-08-27,CM,NSE,STK,14223,INE545H01011,TIIL,EQ,,,,,TECHNOCRAFT IND LTD,3385.00,3435.00,3310.50,3328.10,3311.20,3386.60,,3328.12,,,24929,84011821.00,4467,F1,1,,,,,
2026-08-27,2026-08-27,CM,NSE,STK,764532,INE1D0W01018,TECHNOCRAF,EQ,,,,,TECHNOCRAFT VENTURES LTD,346.50,373.65,345.42,358.24,359.70,343.69,,358.26,,,4686252,1694627353.76,70663,F1,1,,,,,
2026-08-27,2026-08-27,CM,NSE,STK,762939,INE314H01012,TECHNVISN,EQ,,,,,TECHNVISION VENTURES LTD.,5145.60,5291.60,4911.00,5117.90,5165.00,5129.20,,5107.73,,,238,1218900.80,112,F1,1,,,,,
2026-08-27,2026-08-27,CM,NSE,STK,3453,INE014B01011,TECILCHEM,EQ,,,,,TECIL CHEMICALS,9.66,9.66,8.82,9.09,9.00,9.49,,9.09,,,10472,96618.32,99,F1,1,,,,,
2026-08-27,2026-08-27,CM,NSE,STK,23530,INE0K6601012,TGL,ST,,,,,TEERTH GOPICON LIMITED,15.50,15.50,15.50,15.50,15.50,14.80,,15.50,,,5800,89900.00,16,F1,200,,,,,
2026-08-27,2026-08-27,CM,NSE,STK,7105,INE011K01018,TEGA,EQ,,,,,TEGA INDUSTRIES LIMITED,1662.00,1668.30,1615.90,1621.40,1616.90,1652.10,,1621.44,,,83977,137545034.60,5681,F1,1,,,,,
2026-08-27,2026-08-27,CM,NSE,STK,763825,INE0R1301019,TEJA,SM,,,,,TEJA ENGINEERING IND L,272.60,272.60,272.60,272.60,272.60,286.90,,272.60,,,600,163560.00,1,F1,600,,,,,
2026-08-27,2026-08-27,CM,NSE,STK,29723,INE17WC01013,TEJASCARGO,SM,,,,,TEJAS CARGO INDIA LIMITED,394.00,400.00,394.00,399.00,398.00,398.00,,399.00,,,1600,636000.00,4,F1,400,,,,,
2026-08-27,2026-08-27,CM,NSE,STK,21131,INE010J01012,TEJASNET,EQ,,,,,TEJAS NETWORKS LIMITED,506.50,517.95,504.90,511.15,510.65,505.05,,511.14,,,948871,484634403.85,26170,F1,1,,,,,
2026-08-27,2026-08-27,CM,NSE,STK,3275,INE869Y01028,TEMBO,EQ,,,,,TEMBO GLOBAL IND LTD,59.20,59.30,57.00,57.70,58.00,58.40,,57.70,,,759490,43979519.75,2615,F1,1,,,,,
2026-08-27,2026-08-27,CM,NSE,STK,759880,INE19RI01016,TENNIND,EQ,,,,,TENNECO CLEAN AIR INDIA L,538.00,544.70,536.40,541.40,540.50,539.60,,541.39,,,533231,288358518.20,24421,F1,1,,,,,
2026-08-27,2026-08-27,CM,NSE,STK,19292,INE482B01010,TERASOFT,EQ,,,,,TERA SOFTWARE LIMITED,311.65,323.90,295.00,301.35,298.50,306.30,,301.35,,,42482,13170130.10,2219,F1,1,,,,,
2026-08-27,2026-08-27,CM,NSE,STK,764950,INE390D01011,TERAI,EQ,,,,,TERAI TEA CO. LTD.,125.90,125.90,125.90,125.90,125.90,123.28,,118.15,,,1,125.90,1,F1,1,,,,,
2026-08-27,2026-08-27,CM,NSE,STK,11549,INE435C01024,TEXINFRA,EQ,,,,,TEXMACO INFRA & HOLDG LTD,112.16,112.16,110.00,110.55,110.00,110.13,,110.55,,,29042,3213009.23,384,F1,1,,,,,
2026-08-27,2026-08-27,CM,NSE,STK,21828,INE621L01012,TEXRAIL,EQ,,,,,TEXMACO RAIL & ENG. LTD.,109.84,110.86,108.10,108.43,108.50,109.04,,108.43,,,851548,93104793.08,7425,F1,1,,,,,
2026-08-27,2026-08-27,CM,NSE,STK,18214,INE141K01013,TEXMOPIPES,EQ,,,,,TEXMO PIPE & PRODUCTS LTD,47.89,48.00,46.55,46.95,46.75,47.34,,46.92,,,30818,1461413.47,368,F1,1,,,,,
2026-08-27,2026-08-27,CM,NSE,STK,10744,INE733E07JT8,737NTPC35C,NA,,,,,TFB 7.37% 2035 SR. 3A,1208.00,1228.00,1208.00,1228.00,1228.00,1378.00,,1228.00,,,39,47872.00,2,F1,1,,,,,
2026-08-27,2026-08-27,CM,NSE,STK,10751,INE733E07JW2,762NTPC35F,ND,,,,,TFB 7.62% 2035 SR. 3B,1220.00,1220.25,1220.00,1220.15,1220.15,1220.00,,1220.13,,,167,203741.80,3,F1,1,,,,,
2026-08-27,2026-08-27,CM,NSE,STK,14607,INE797H01018,TGBHOTELS,EQ,,,,,TGB BANQUETS&HOTELS LTD,9.28,9.63,8.55,9.15,9.26,9.27,,9.15,,,44990,403750.11,152,F1,1,,,,,
2026-08-27,2026-08-27,CM,NSE,STK,22777,INE0QJL01014,TCL,SM,,,,,THAAI CASTING LIMITED,138.00,138.35,130.00,137.65,137.00,139.95,,137.65,,,87200,11649240.00,105,F1,800,,,,,
2026-08-27,2026-08-27,CM,NSE,STK,762947,INE077P01034,THACKER,BE,,,,,THACKER & CO. LTD.,1000.10,1050.00,1000.00,1050.00,1050.00,1050.00,,1050.00,,,31,31050.10,6,F1,1,,,,,
2026-08-27,2026-08-27,CM,NSE,STK,762949,INE403F01017,THAKDEV,EQ,,,,,THAKKERS DEVELOPERS LTD.,141.00,141.00,140.60,140.65,140.65,140.94,,140.58,,,273,38414.80,3,F1,1,,,,,
2026-08-27,2026-08-27,CM,NSE,STK,18118,INE085J01014,THANGAMAYL,EQ,,,,,THANGAMAYIL JEWELLERY LTD,5499.00,5589.00,5474.50,5502.00,5489.00,5495.50,,5501.98,,,64030,354169165.00,8629,F1,1,,,,,
2026-08-27,2026-08-27,CM,NSE,STK,9014,INE294Z01018,ANUP,EQ,,,,,THE ANUP ENGINEERING LTD,1782.00,1819.70,1775.60,1801.30,1792.50,1786.20,,1801.31,,,31913,57489291.30,3852,F1,1,,,,,
2026-08-27,2026-08-27,CM,NSE,STK,7930,INE319B01014,BYKE,BE,,,,,THE BYKE HOSPITALITY LTD,31.84,31.84,30.85,30.98,31.45,31.48,,30.98,,,34151,1064330.58,149,F1,1,,,,,
2026-08-27,2026-08-27,CM,NSE,STK,13776,INE017A01032,GESHIP,EQ,,,,,THE GE SHPG.LTD,1334.00,1341.80,1311.50,1317.20,1317.00,1332.20,,1317.16,,,650976,862302599.30,35444,F1,1,,,,,
2026-08-27,2026-08-27,CM,NSE,STK,17770,INE646C01018,GROBTEA,EQ,,,,,THE GROB TEA COMPANY LTD,992.00,1012.15,985.00,995.90,1003.00,1017.15,,995.90,,,320,318636.05,70,F1,1,,,,,
2026-08-27,2026-08-27,CM,NSE,STK,8568,INE127B01011,HITECHGEAR,BE,,,,,THE HI-TECH GEARS LIMITED,542.00,560.00,540.85,551.10,542.00,541.00,,551.79,,,2209,1212210.25,64,F1,1,,,,,
2026-08-27,2026-08-27,CM,NSE,STK,1515,INE383A01012,INDIACEM,EQ,,,,,THE INDIA CEMENTS LIMITED,373.75,374.40,368.15,369.05,369.35,371.85,,369.03,,,34132,12644564.00,3685,F1,1,,,,,
2026-08-27,2026-08-27,CM,NSE,STK,1512,INE053A01029,INDHOTEL,EQ,,,,,THE INDIAN HOTELS CO. LTD,722.00,726.35,713.00,718.50,718.50,721.00,,718.57,,,863865,618813785.75,20108,F1,1,,,,,
2026-08-27,2026-08-27,CM,NSE,STK,21427,INE924D01017,THEINVEST,EQ,,,,,THE INVEST TRUST OF IND L,99.80,99.80,94.01,94.96,94.52,96.34,,94.97,,,4092,388934.22,161,F1,1,,,,,
2026-08-27,2026-08-27,CM,NSE,STK,399,INE470Y01017,NIACL,EQ,,,,,THE NEW INDIA ASSU CO LTD,188.00,188.00,184.34,185.20,185.40,187.09,,185.21,,,615307,114234680.78,9853,F1,1,,,,,
2026-08-27,2026-08-27,CM,NSE,STK,10321,INE431F01018,PKTEA,EQ,,,,,THE P K TEA PROD CO LTD,785.00,785.00,737.00,751.85,750.00,785.00,,751.85,,,80,60039.50,24,F1,1,,,,,
2026-08-27,2026-08-27,CM,NSE,STK,14552,INE211B01039,PHOENIXLTD,EQ,,,,,THE PHOENIX MILLS LTD,1926.00,1944.80,1897.20,1901.70,1901.70,1924.10,,1901.70,,,469493,898343557.90,24747,F1,1,,,,,
2026-08-27,2026-08-27,CM,NSE,STK,2043,INE331A01037,RAMCOCEM,EQ,,,,,THE RAMCO CEMENTS LIMITED,943.00,943.00,890.35,892.55,891.25,940.65,,892.55,,,706106,636779721.55,30816,F1,1,,,,,
2026-08-27,2026-08-27,CM,NSE,STK,10123,INE301D01026,RUBYMILLS,BE,,,,,THE RUBY MILLS LTD,381.10,398.00,376.55,390.40,396.95,393.50,,390.39,,,6544,2540761.20,130,F1,1,,,,,
2026-08-27,2026-08-27,CM,NSE,STK,5948,INE683A01023,SOUTHBANK,EQ,,,,,THE SOUTH INDIAN BANK LTD,46.30,47.04,45.65,45.73,45.90,46.32,,45.73,,,8299347,384175922.22,22764,F1,1,,,,,
2026-08-27,2026-08-27,CM,NSE,STK,10948,INE655A01013,STCINDIA,EQ,,,,,THE STATE TRADING CORPN,118.51,119.88,117.12,117.48,117.12,118.29,,117.47,,,23181,2747281.65,486,F1,1,,,,,
2026-08-27,2026-08-27,CM,NSE,STK,19578,INE071E01023,UGARSUGAR,EQ,,,,,THE UGAR SUGAR WORKS LTD,54.76,55.90,50.15,50.70,50.40,54.97,,50.70,,,759395,39714552.71,5868,F1,1,,,,,
2026-08-27,2026-08-27,CM,NSE,STK,20481,INE215F01023,WIPL,EQ,,,,,THE WESTERN INDIA PLY LTD,168.00,169.00,162.10,163.54,167.89,167.98,,163.54,,,4191,690562.59,44,F1,1,,,,,
2026-08-27,2026-08-27,CM,NSE,STK,19279,INE121N01019,THEJO,EQ,,,,,THEJO ENGINEERING LIMITED,2045.60,2100.10,2039.00,2093.60,2096.80,2043.90,,2093.60,,,4315,8976638.30,508,F1,1,,,,,
2026-08-27,2026-08-27,CM,NSE,STK,14485,INE083B01024,THEMISMED,EQ,,,,,THEMIS MEDICARE LTD.,126.26,128.15,123.12,126.15,128.00,126.26,,126.09,,,135765,17002118.99,2452,F1,1,,,,,
2026-08-27,2026-08-27,CM,NSE,STK,3475,INE152A01029,THERMAX,EQ,,,,,THERMAX LTD,3970.00,4029.90,3954.00,3962.70,3954.00,3968.50,,3962.65,,,52092,207450640.10,13682,F1,1,,,,,
2026-08-27,2026-08-27,CM,NSE,STK,25651,INE0SHE01019,THESL,ST,,,,,THINKING HATS ENTER SOL L,18.75,18.75,17.85,17.85,17.85,18.75,,17.85,,,12000,217200.00,4,F1,3000,,,,,
2026-08-27,2026-08-27,CM,NSE,STK,3496,INE338A01024,TIRUMALCHM,EQ,,,,,THIRUMALAI CHEMICALS LTD,160.05,163.03,157.61,159.58,159.70,160.97,,159.59,,,565736,90426013.59,6059,F1,1,,,,,
2026-08-27,2026-08-27,CM,NSE,STK,3481,INE332A01027,THOMASCOOK,EQ,,,,,THOMAS COOK (INDIA) LTD,111.30,111.59,109.55,110.06,110.00,110.71,,110.06,,,953613,105352086.65,9152,F1,1,,,,,
2026-08-27,2026-08-27,CM,NSE,STK,31017,INE480M01011,THOMASCOTT,EQ,,,,,THOMAS SCOTT (INDIA) LTD,283.80,284.75,278.00,279.60,278.35,281.10,,279.68,,,14941,4187418.25,766,F1,1,,,,,
2026-08-27,2026-08-27,CM,NSE,STK,17032,INE594H01019,THYROCARE,EQ,,,,,THYROCARE TECH LTD,605.20,605.20,577.75,581.45,583.60,605.20,,581.47,,,396389,231740023.40,21548,F1,1,,,,,
2026-08-27,2026-08-27,CM,NSE,STK,759176,INE906O01029,TIGERLOGS,EQ,,,,,TIGER LOGISTICS (INDIA) L,29.54,30.48,29.48,30.09,30.40,29.54,,30.06,,,242067,7321346.02,503,F1,1,,,,,
2026-08-27,2026-08-27,CM,NSE,STK,25482,INE440L01017,TIJARIA,EQ,,,,,TIJARIA POLYPIPES LTD,5.98,6.09,5.71,5.92,5.99,5.92,,5.91,,,53557,314783.12,181,F1,1,,,,,
2026-08-27,2026-08-27,CM,NSE,STK,9802,INE806C01018,TIL,BE,,,,,TIL LTD,244.50,246.50,238.50,240.55,239.00,242.80,,240.54,,,64065,15499624.85,386,F1,1,,,,,
2026-08-27,2026-08-27,CM,NSE,STK,19196,INE133E01013,TI,EQ,,,,,TILAKNAGAR INDUSTRIES LTD,562.35,565.90,546.25,557.80,555.90,560.90,,557.75,,,691828,384109966.85,16635,F1,1,,,,,
2026-08-27,2026-08-27,CM,NSE,STK,14707,INE508G01029,TIMETECHNO,EQ,,,,,TIME TECHNOPLAST LTD.,186.30,187.99,184.25,185.67,186.00,185.30,,185.67,,,3679157,683346350.52,16771,F1,1,,,,,
2026-08-27,2026-08-27,CM,NSE,STK,7800,INE0IJY01014,TIMESCAN,SM,,,,,TIMESCAN LOGISTICS IND L,38.55,39.50,38.55,39.50,39.50,40.00,,39.50,,,6000,233200.00,2,F1,2000,,,,,
2026-08-27,2026-08-27,CM,NSE,STK,762954,INE064A01026,TIMEX,EQ,,,,,TIMEX GROUP INDIA LTD.,631.75,641.00,620.10,624.05,624.50,629.00,,624.21,,,247568,156108737.85,13379,F1,1,,,,,
2026-08-27,2026-08-27,CM,NSE,STK,14198,INE325A01013,TIMKEN,EQ,,,,,TIMKEN INDIA LTD.,3090.00,3197.00,3090.00,3183.40,3197.00,3098.70,,3183.38,,,31733,100265533.80,8046,F1,1,,,,,
2026-08-27,2026-08-27,CM,NSE,STK,756020,INE015C01016,TINNARUBR,EQ,,,,,TINNA RUBBER AND INFR LTD,1016.40,1027.80,984.10,998.40,995.00,1016.40,,998.07,,,62609,62562867.60,5009,F1,1,,,,,
2026-08-27,2026-08-27,CM,NSE,STK,11374,INE0LQS01015,TIPSFILMS,EQ,,,,,TIPS FILMS LIMITED,342.00,346.70,340.00,342.15,342.25,342.10,,342.23,,,2195,753938.40,209,F1,1,,,,,
2026-08-27,2026-08-27,CM,NSE,STK,9117,INE716B01029,TIPSMUSIC,EQ,,,,,TIPS MUSIC LIMITED,650.10,663.35,643.35,660.00,659.00,650.25,,660.00,,,245442,160483443.45,15880,F1,1,,,,,
2026-08-27,2026-08-27,CM,NSE,STK,22284,INE319Y01024,TIRUPATIFL,BE,,,,,TIRUPATI FORGE LIMITED,69.65,70.70,67.05,68.12,68.40,69.65,,68.12,,,150927,10338428.68,695,F1,1,,,,,
2026-08-27,2026-08-27,CM,NSE,STK,15414,INE615H01020,TITAGARH,EQ,,,,,TITAGARH RAIL SYSTEMS LTD,834.00,845.00,827.00,831.15,830.40,825.40,,831.13,,,449561,375264067.95,20037,F1,1,,,,,
2026-08-27,2026-08-27,CM,NSE,STK,3506,INE280A01028,TITAN,EQ,,,,,TITAN COMPANY LIMITED,5100.00,5186.70,5069.50,5139.30,5139.30,5100.00,,5125.35,,,1101845,5651335974.10,62034,F1,1,,,,,
2026-08-27,2026-08-27,CM,NSE,STK,3837,INE932C01012,TOKYOPLAST,EQ,,,,,TOKYO PLAST INTL LTD,76.00,77.50,74.80,77.25,77.50,75.15,,77.25,,,1365,104239.06,44,F1,1,,,,,
2026-08-27,2026-08-27,CM,NSE,STK,25262,INE0RWQ01014,TOLINS,EQ,,,,,TOLINS TYRES LIMITED,96.01,97.64,94.99,95.29,95.99,96.58,,95.29,,,48675,4672859.66,1024,F1,1,,,,,
2026-08-27,2026-08-27,CM,NSE,STK,3518,INE685A01028,TORNTPHARM,EQ,,,,,TORRENT PHARMACEUTICALS L,4885.00,4999.00,4877.50,4999.00,4999.00,4890.00,,4999.17,,,317547,1563162734.00,24077,F1,1,,,,,
2026-08-27,2026-08-27,CM,NSE,STK,13786,INE813H01021,TORNTPOWER,EQ,,,,,TORRENT POWER LTD,1262.50,1262.90,1227.00,1230.10,1229.90,1258.40,,1230.10,,,282272,348176179.80,27952,F1,1,,,,,
2026-08-27,2026-08-27,CM,NSE,STK,22423,INE336X01012,TOTAL,EQ,,,,,TOTAL TRANSPORT SYS LTD,73.05,73.05,68.20,69.57,69.11,71.57,,69.57,,,10783,759424.71,198,F1,1,,,,,
2026-08-27,2026-08-27,CM,NSE,STK,16908,INE486Y01013,TOUCHWOOD,EQ,,,,,TOUCHWOOD ENTERTAIN LTD.,63.50,63.50,60.50,61.00,61.00,62.65,,61.00,,,2552,156648.19,83,F1,1,,,,,
2026-08-27,2026-08-27,CM,NSE,STK,3466,INE305A01023,TFCILTD,EQ,,,,,TOURISM FINANCE CORP. OF,141.80,146.00,140.43,141.84,141.55,140.99,,141.84,,,10501249,1504904475.60,37906,F1,1,,,,,
2026-08-27,2026-08-27,CM,NSE,STK,765195,INE457P01020,TOYAMSL,EQ,,,,,TOYAM SPORTS LTD.,0.65,0.65,0.62,0.62,0.63,0.64,,0.62,,,322140,203809.79,183,F1,1,,,,,
2026-08-27,2026-08-27,CM,NSE,STK,9219,INE413G01022,TPLPLASTEH,EQ,,,,,TPL PLASTECH LIMITED,79.03,79.03,77.00,77.44,77.48,77.60,,77.43,,,119271,9302104.33,908,F1,1,,,,,
2026-08-27,2026-08-27,CM,NSE,STK,11582,INE0HMF01019,TRACXN,EQ,,,,,TRACXN TECHNOLOGIES LTD,29.60,30.25,29.60,30.06,30.10,29.98,,30.06,,,92527,2776359.00,467,F1,1,,,,,
2026-08-27,2026-08-27,CM,NSE,STK,15174,INE763I01026,TARIL,EQ,,,,,TRANS & RECTI. LTD,304.00,313.35,302.00,304.15,303.00,304.00,,304.17,,,1666044,512597943.25,26691,F1,1,,,,,
2026-08-27,2026-08-27,CM,NSE,STK,765200,INE330E01023,TRANSCOR,EQ,,,,,TRANSCORP INTERNATIONAL L,25.49,26.25,24.10,25.95,26.15,24.58,,25.86,,,10945,284482.77,91,F1,1,,,,,
2026-08-27,2026-08-27,CM,NSE,STK,17795,INE0O3901029,TREL,EQ,,,,,TRANSINDIA REAL ESTATE L,26.39,27.03,25.82,26.49,26.56,26.39,,26.49,,,77679,2047010.94,824,F1,1,,,,,
2026-08-27,2026-08-27,CM,NSE,STK,7669,INE687A01016,TRANSPEK,BE,,,,,TRANSPEK INDUSTRIES LTD,1378.00,1378.00,1336.20,1336.20,1336.20,1379.60,,1341.39,,,2688,3653511.70,110,F1,1,,,,,
2026-08-27,2026-08-27,CM,NSE,STK,10580,INE688A01022,TCI,EQ,,,,,TRANSPORT CORPN OF INDIA,899.50,907.60,895.00,897.30,897.00,903.15,,897.30,,,13098,11801780.45,2374,F1,1,,,,,
2026-08-27,2026-08-27,CM,NSE,STK,28714,INE454P01035,TRANSRAILL,EQ,,,,,TRANSRAIL LIGHTING LTD,462.75,465.25,457.10,458.50,457.50,462.25,,458.49,,,192951,88810993.00,8383,F1,1,,,,,
2026-08-27,2026-08-27,CM,NSE,STK,19801,INE0NVI01020,TRANSTEEL,SM,,,,,TRANSTEEL SEATING TECH L,85.50,89.90,85.50,89.15,89.50,85.60,,89.15,,,55000,4816250.00,29,F1,1000,,,,,
2026-08-27,2026-08-27,CM,NSE,STK,14319,INE804H01012,TFL,EQ,,,,,TRANSWARRANTY FIN. LTD.,12.48,12.79,11.51,12.07,12.25,11.71,,12.07,,,33191,399336.60,93,F1,1,,,,,
2026-08-27,2026-08-27,CM,NSE,STK,21260,INE792X01016,TRANSWIND,SM,,,,,TRANSWIND INFRA LIMITED,11.30,11.30,11.30,11.30,11.30,10.80,,11.30,,,8000,90400.00,2,F1,4000,,,,,
2026-08-27,2026-08-27,CM,NSE,STK,8619,INE757B01015,TRANSWORLD,BE,,,,,TRANSWORLD SHIP LINES LTD,180.33,180.33,180.33,180.33,180.33,184.01,,180.65,,,2903,523497.99,51,F1,1,,,,,
2026-08-27,2026-08-27,CM,NSE,STK,757545,INE103V01028,TRAVELFOOD,EQ,,,,,TRAVEL FOOD SERVICES LTD,1287.80,1416.50,1287.80,1333.90,1332.00,1287.80,,1333.88,,,538246,736395164.70,29660,F1,1,,,,,
2026-08-27,2026-08-27,CM,NSE,STK,25082,INE040M01013,TREEHOUSE,EQ,,,,,TREE HOUSE EDU LTD,6.33,6.33,6.04,6.28,6.30,6.29,,6.28,,,19335,121177.11,75,F1,1,,,,,
2026-08-27,2026-08-27,CM,NSE,STK,7518,INE00CA01015,TREJHARA,EQ,,,,,TREJHARA SOLUTIONS LTD,148.54,152.87,147.27,149.89,149.95,148.54,,149.90,,,11319,1697427.73,371,F1,1,,,,,
2026-08-27,2026-08-27,CM,NSE,STK,1964,INE849A01020,TRENT,EQ,,,,,TRENT LTD,2908.20,2923.50,2868.20,2878.50,2878.50,2908.20,,2876.50,,,591208,1706836138.70,56363,F1,1,,,,,
2026-08-27,2026-08-27,CM,NSE,STK,17987,INE391D01019,TRF,EQ,,,,,TRF LIMITED,231.66,231.99,229.00,229.22,230.21,229.94,,229.22,,,4991,1145347.59,151,F1,1,,,,,
2026-08-27,2026-08-27,CM,NSE,STK,27037,INE760L01018,TBZ,EQ,,,,,TRIB BHIMJI ZAVERI LTD,308.05,312.70,300.40,306.10,303.00,305.80,,306.13,,,1842044,565180556.45,28886,F1,1,,,,,
2026-08-27,2026-08-27,CM,NSE,STK,9685,INE064C01022,TRIDENT,EQ,,,,,TRIDENT LIMITED,24.45,24.55,24.35,24.38,24.40,24.44,,24.38,,,2020489,49343051.46,9171,F1,1,,,,,
2026-08-27,2026-08-27,CM,NSE,STK,21078,INE0QD201012,TECHLABS,SM,,,,,TRIDENT TECHLABS LIMITED,128.40,129.45,121.00,122.75,123.95,125.35,,122.75,,,8875,1105975.00,55,F1,125,,,,,
2026-08-27,2026-08-27,CM,NSE,STK,5428,INE948A01012,TRIGYN,EQ,,,,,TRIGYN TECHNOLOGIES LTD,61.00,61.45,59.04,60.09,59.51,60.66,,60.08,,,34212,2062214.87,559,F1,1,,,,,
2026-08-27,2026-08-27,CM,NSE,STK,764960,INE440G01017,TRITONV,EQ,,,,,TRITON VALVES LTD.,1139.30,1175.00,1121.00,1144.90,1143.00,1123.70,,1144.78,,,4057,4658363.40,566,F1,1,,,,,
2026-08-27,2026-08-27,CM,NSE,STK,13081,INE256C01024,TRIVENI,EQ,,,,,TRIVENI ENGG. & INDS. LTD,286.00,289.90,281.28,282.21,282.69,285.76,,282.21,,,752847,214394323.79,13435,F1,1,,,,,
2026-08-27,2026-08-27,CM,NSE,STK,25584,INE152M01016,TRITURBINE,EQ,,,,,TRIVENI TURBINE LIMITED,575.05,604.05,575.05,583.45,583.05,574.40,,583.49,,,1852490,1092927949.80,93677,F1,1,,,,,
2026-08-27,2026-08-27,CM,NSE,STK,24642,INE0SYV01018,TROM,SM,,,,,TROM INDUSTRIES LIMITED,55.00,56.90,52.55,54.00,54.00,55.35,,54.00,,,19200,1046370.00,31,F1,600,,,,,
2026-08-27,2026-08-27,CM,NSE,STK,759210,INE0MWH01014,TRUALT,EQ,,,,,TRUALT BIOENERGY LIMITED,444.50,444.60,432.30,433.85,433.60,442.20,,433.83,,,73493,32143453.95,2742,F1,1,,,,,
2026-08-27,2026-08-27,CM,NSE,STK,9378,INE615R01029,TRU,EQ,,,,,TRUCAP FINANCE LIMITED,4.04,4.22,3.95,4.04,4.05,4.13,,4.04,,,210414,848349.71,476,F1,1,,,,,
2026-08-27,2026-08-27,CM,NSE,STK,23417,INE0SWN01019,TRUST,SM,,,,,TRUST FINTECH LIMITED,29.00,32.00,27.20,30.95,31.00,27.90,,30.95,,,55800,1680150.00,74,F1,600,,,,,
2026-08-27,2026-08-27,CM,NSE,STK,757861,INE16VK01010,TSC,ST,,,,,TSC INDIA LIMITED,44.00,46.50,44.00,46.50,46.50,45.00,,46.50,,,6000,269000.00,3,F1,2000,,,,,
2026-08-27,2026-08-27,CM,NSE,STK,2183,INE202Z01029,TSFINV,EQ,,,,,TSF INVESTMENTS LIMITED,410.95,412.50,399.15,404.20,406.90,410.65,,404.20,,,46649,18874466.20,2328,F1,1,,,,,
2026-08-27,2026-08-27,CM,NSE,STK,11369,INE910C01018,TTKHLTCARE,EQ,,,,,TTK HEALTHCARE LIMITED,1099.00,1101.20,1075.50,1080.20,1075.50,1090.60,,1080.22,,,11390,12412003.70,1352,F1,1,,,,,
2026-08-27,2026-08-27,CM,NSE,STK,3546,INE690A01028,TTKPRESTIG,EQ,,,,,TTK PRESTIGE LTD,614.40,614.40,603.85,606.90,605.00,610.15,,606.89,,,42507,25823585.80,4015,F1,1,,,,,
2026-08-27,2026-08-27,CM,NSE,STK,312,INE974X01010,TIINDIA,EQ,,,,,TUBE INVEST OF INDIA LTD,2853.30,2879.40,2835.60,2870.00,2870.00,2860.00,,2869.75,,,139913,400601576.20,18252,F1,1,,,,,
2026-08-27,2026-08-27,CM,NSE,STK,24520,INE0OXV01027,TUNWAL,SM,,,,,TUNWAL E-MOTORS LIMITED,26.00,26.00,25.45,25.55,25.65,26.30,,25.55,,,116000,2975000.00,56,F1,2000,,,,,
2026-08-27,2026-08-27,CM,NSE,STK,756090,INE0OC301013,TURTLEMINT,EQ,,,,,TURTLEMINT FINTECH SOLS L,146.81,155.00,146.36,153.64,152.82,146.86,,153.64,,,2249566,342152144.96,22474,F1,1,,,,,
2026-08-27,2026-08-27,CM,NSE,STK,765205,INE400A01014,TUTIALKA,EQ,,,,,TUTICORIN ALKAL CH & FE L,58.89,62.70,56.90,59.04,58.76,58.88,,59.07,,,31516,1906506.40,396,F1,1,,,,,
2026-08-27,2026-08-27,CM,NSE,STK,11275,INE038F01029,TVTODAY,EQ,,,,,TV TODAY NETWORK LTD,115.16,115.16,113.00,113.13,113.05,115.16,,113.14,,,17247,1964077.23,884,F1,1,,,,,
2026-08-27,2026-08-27,CM,NSE,STK,18508,INE871L01013,TVVISION,BE,,,,,TV VISION LIMITED,3.47,3.64,3.47,3.63,3.63,3.47,,3.63,,,26200,94835.78,38,F1,1,,,,,
2026-08-27,2026-08-27,CM,NSE,STK,11265,INE236G01019,TVSELECT,EQ,,,,,TVS ELECTRONICS LTD,444.00,448.00,438.20,443.05,444.85,443.15,,443.05,,,18350,8116559.95,772,F1,1,,,,,
2026-08-27,2026-08-27,CM,NSE,STK,29008,INE105A01035,TVSHLTD,EQ,,,,,TVS HOLDINGS LIMITED,13546.00,13619.00,13276.00,13434.00,13470.00,13542.00,,13433.97,,,7150,95672098.00,2731,F1,1,,,,,
2026-08-27,2026-08-27,CM,NSE,STK,8479,INE494B01023,TVSMOTOR,EQ,,,,,TVS MOTOR COMPANY  LTD,4469.00,4469.00,4366.60,4409.80,4409.80,4464.00,,4409.51,,,579869,2548970958.30,33292,F1,1,,,,,
2026-08-27,2026-08-27,CM,NSE,STK,14245,INE421C01016,TVSSRICHAK,EQ,,,,,TVS SRICHAKRA LIMITED,5310.90,5310.90,5155.00,5244.50,5260.90,5311.80,,5244.54,,,27296,143121088.20,5251,F1,1,,,,,
2026-08-27,2026-08-27,CM,NSE,STK,18151,INE395N01027,TVSSCS,EQ,,,,,TVS SUPPLY CHAIN SOL L,132.78,132.82,129.50,130.79,130.20,132.16,,130.78,,,721741,94571454.38,9441,F1,1,,,,,
2026-08-27,2026-08-27,CM,NSE,STK,19503,INE388G01026,TICL,BE,,,,,TWAMEV CONS AND INFRA LTD,9.89,9.89,9.46,9.50,9.63,9.73,,9.50,,,56711,540148.73,94,F1,1,,,,,
2026-08-27,2026-08-27,CM,NSE,STK,764970,INE726E01014,UPHOT,EQ,,,,,U P HOTELS LTD.,1350.00,1397.00,1350.00,1397.00,1397.00,1331.00,,1391.50,,,37,50749.00,9,F1,1,,,,,
2026-08-27,2026-08-27,CM,NSE,STK,25629,INE152C01025,UYFINCORP,BE,,,,,U. Y. FINCORP LIMITED,20.74,20.74,19.60,20.10,20.20,20.12,,20.10,,,59260,1176982.82,179,F1,1,,,,,
2026-08-27,2026-08-27,CM,NSE,STK,7739,INE139B01016,UCAL,BE,,,,,UCAL LIMITED,154.40,156.15,151.00,156.15,156.15,148.72,,156.21,,,65044,10110603.58,475,F1,1,,,,,
2026-08-27,2026-08-27,CM,NSE,STK,755996,INE583D07562,10UCL26,ND,,,,,UCL 10.00% SR I,999.05,999.05,999.05,999.05,999.05,999.00,,999.05,,,100,99905.00,1,F1,1,,,,,
2026-08-27,2026-08-27,CM,NSE,STK,11223,INE691A01018,UCOBANK,EQ,,,,,UCO BANK,26.12,26.23,25.45,25.49,25.50,26.19,,25.49,,,4071522,104806093.13,13410,F1,1,,,,,
2026-08-27,2026-08-27,CM,NSE,STK,764965,INE551B01012,UDAYJEW,EQ,,,,,UDAY JEWELLERY INDS. LTD.,130.00,147.20,129.10,143.28,143.28,141.80,,142.25,,,705,99380.02,23,F1,1,,,,,
2026-08-27,2026-08-27,CM,NSE,STK,14871,INE0N0Y01013,USK,EQ,,,,,UDAYSHIVAKUMAR INFRA LTD,21.46,21.86,21.01,21.31,21.68,21.56,,21.45,,,9962,213331.14,123,F1,1,,,,,
2026-08-27,2026-08-27,CM,NSE,STK,1053,INE516A01017,UFLEX,EQ,,,,,UFLEX LIMITED,655.00,660.50,627.00,631.00,632.90,650.45,,630.99,,,269326,172428457.70,7258,F1,1,,,,,
2026-08-27,2026-08-27,CM,NSE,STK,9039,INE527H01019,UFO,EQ,,,,,UFO MOVIEZ INDIA LTD.,66.01,66.59,65.15,65.54,65.70,66.51,,65.54,,,19386,1279055.87,335,F1,1,,,,,
2026-08-27,2026-08-27,CM,NSE,STK,5313,INE583D01011,UGROCAP,EQ,,,,,UGRO CAPITAL LIMITED,87.44,88.80,86.68,87.22,87.43,87.05,,87.20,,,78155,6807761.23,1119,F1,1,,,,,
2026-08-27,2026-08-27,CM,NSE,STK,23507,INE899L01030,UEL,EQ,,,,,UJAAS ENERGY LIMITED,180.32,180.32,180.32,180.32,180.32,171.74,,183.60,,,5389,971744.48,48,F1,1,,,,,
2026-08-27,2026-08-27,CM,NSE,STK,15228,INE551W01018,UJJIVANSFB,EQ,,,,,UJJIVAN SMALL FINANC BANK,69.20,69.82,67.81,68.57,68.48,68.99,,68.57,,,14648450,1004680562.84,67233,F1,1,,,,,
2026-08-27,2026-08-27,CM,NSE,STK,762961,INE405A01021,ULTRAMAR,EQ,,,,,ULTRAMARINE & PIGMENTS L,434.90,435.00,421.05,423.30,424.10,432.75,,423.29,,,45873,19631093.65,2477,F1,1,,,,,
2026-08-27,2026-08-27,CM,NSE,STK,11532,INE481G01011,ULTRACEMCO,EQ,,,,,ULTRATECH CEMENT LIMITED,11674.00,11815.00,11674.00,11717.00,11717.00,11717.00,,11717.40,,,319993,3757619734.00,38322,F1,1,,,,,
2026-08-27,2026-08-27,CM,NSE,STK,13349,INE067901012,UMA,SM,,,,,UMA CONVERTER LIMITED,17.40,17.50,17.00,17.00,17.00,16.75,,17.00,,,20000,347000.00,5,F1,4000,,,,,
2026-08-27,2026-08-27,CM,NSE,STK,8845,INE0GIU01018,UMAEXPORTS,BE,,,,,UMA EXPORTS LIMITED,26.00,27.25,25.80,26.06,26.11,26.75,,26.06,,,56744,1492500.78,173,F1,1,,,,,
2026-08-27,2026-08-27,CM,NSE,STK,8998,INE398B01018,UMIYA-MRO,EQ,,,,,UMIYA BUILDCON LIMITED,88.22,90.80,88.22,88.68,88.63,89.24,,88.68,,,7142,633285.89,50,F1,1,,,,,
2026-08-27,2026-08-27,CM,NSE,STK,3579,INE351A01035,UNICHEMLAB,EQ,,,,,UNICHEM LABORATORIES LTD,530.30,545.00,521.20,539.75,541.40,530.30,,539.51,,,102231,54912951.25,4242,F1,1,,,,,
2026-08-27,2026-08-27,CM,NSE,STK,24809,INE00U401027,UNIECOM,EQ,,,,,UNICOMMERCE ESOLUTIONS L,85.45,85.80,83.80,84.00,84.48,85.40,,84.01,,,147802,12485513.09,1550,F1,1,,,,,
2026-08-27,2026-08-27,CM,NSE,STK,18582,INE0PRF01011,UNIHEALTH,SM,,,,,UNIHEALTH HOSPITALS LTD,717.95,718.00,695.00,707.15,710.50,707.50,,707.15,,,19500,13719450.00,37,F1,500,,,,,
2026-08-27,2026-08-27,CM,NSE,STK,7791,INE481Z01011,UNIINFO,EQ,,,,,UNIINFO TELECOM SERVI LTD,10.93,11.00,10.39,10.97,10.97,10.93,,10.97,,,4881,51983.67,59,F1,1,,,,,
2026-08-27,2026-08-27,CM,NSE,STK,28960,INE0U3I01011,UNIMECH,EQ,,,,,UNIMECH AEROSPACE N MFG L,1507.70,1527.70,1471.00,1485.40,1476.80,1500.20,,1485.31,,,123211,185046910.50,9276,F1,1,,,,,
2026-08-27,2026-08-27,CM,NSE,STK,10753,INE692A01016,UNIONBANK,EQ,,,,,UNION BANK OF INDIA,189.00,189.64,184.08,184.50,184.50,187.52,,183.39,,,6999263,1300657289.88,33889,F1,1,,,,,
2026-08-27,2026-08-27,CM,NSE,STK,29687,INF582M01KS4,UNIONGOLD,EQ,,,,,UNIONAMC - UNIONGOLD,158.25,158.25,152.00,153.10,152.85,156.65,,153.10,,,4039,622743.70,160,F1,1,,,,,
2026-08-27,2026-08-27,CM,NSE,STK,13057,INE244O01017,UNIPARTS,EQ,,,,,UNIPARTS INDIA LIMITED,806.20,824.00,801.00,808.30,809.55,806.20,,808.49,,,120396,97786743.35,9565,F1,1,,,,,
2026-08-27,2026-08-27,CM,NSE,STK,11293,INE037A01022,UNIENTER,EQ,,,,,UNIPHOS ENTERPRISES LTD,97.98,97.98,93.80,96.04,95.40,95.08,,96.04,,,6228,589018.08,109,F1,1,,,,,
2026-08-27,2026-08-27,CM,NSE,STK,3594,INE694A01020,UNITECH,EQ,,,,,UNITECH LTD,4.00,4.02,3.90,3.92,3.93,3.96,,3.92,,,4084051,16070220.29,2006,F1,1,,,,,
2026-08-27,2026-08-27,CM,NSE,STK,16713,INE686F01025,UBL,EQ,,,,,UNITED BREWERIES LTD,1345.10,1351.30,1339.10,1346.60,1345.90,1353.70,,1346.61,,,29122,39140747.20,4758,F1,1,,,,,
2026-08-27,2026-08-27,CM,NSE,STK,204,INE961D01019,UNIDT,BE,,,,,UNITED DRILLING TOOLS LTD,224.44,224.44,211.20,212.63,212.00,221.99,,212.63,,,5595,1203331.70,122,F1,1,,,,,
2026-08-27,2026-08-27,CM,NSE,STK,3133,INE382M01027,UFBL,BE,,,,,UNITED FOODBRANDS LIMITED,749.95,769.90,720.00,740.25,750.00,756.30,,740.26,,,146536,108144254.15,4988,F1,1,,,,,
2026-08-27,2026-08-27,CM,NSE,STK,25938,INE0SMR01011,UHTL,ST,,,,,UNITED HEAT TRANSFER LTD,140.80,140.80,140.80,140.80,140.80,138.05,,140.80,,,84000,11827200.00,17,F1,2000,,,,,
2026-08-27,2026-08-27,CM,NSE,STK,17999,INE458F01011,UNITEDTEA,EQ,,,,,UNITED NILGIRI TEA LTD,462.00,463.00,451.70,454.90,454.90,460.15,,454.90,,,2733,1245303.30,91,F1,1,,,,,
2026-08-27,2026-08-27,CM,NSE,STK,7560,INE368U01029,UNITEDPOLY,EQ,,,,,UNITED POLYFAB GUJ. LTD.,37.30,37.99,36.40,37.44,37.99,36.85,,37.44,,,137274,5067981.39,284,F1,1,,,,,
2026-08-27,2026-08-27,CM,NSE,STK,10447,INE854D01024,UNITDSPR,EQ,,,,,UNITED SPIRITS LIMITED,1531.00,1531.90,1507.70,1522.00,1522.00,1538.50,,1522.00,,,717436,1091290466.90,32130,F1,1,,,,,
2026-08-27,2026-08-27,CM,NSE,STK,18979,INE562X01013,UNIVASTU,BE,,,,,UNIVASTU INDIA LIMITED,157.00,162.50,153.62,156.88,157.90,157.89,,156.88,,,48279,7587638.87,482,F1,1,,,,,
2026-08-27,2026-08-27,CM,NSE,STK,3607,INE279A01012,UNIVCABLES,EQ,,,,,UNIVERSAL CABLES LTD,1576.00,1624.60,1564.80,1607.30,1611.00,1578.70,,1607.26,,,91786,146405878.40,10750,F1,1,,,,,
2026-08-27,2026-08-27,CM,NSE,STK,17661,INE03V001013,UNIVPHOTO,BE,,,,,UNIVERSUS IMAGINGS LTD,450.00,471.00,446.40,460.65,455.00,450.00,,459.80,,,1171,542546.70,32,F1,1,,,,,
2026-08-27,2026-08-27,CM,NSE,STK,14154,INE405E01023,UNOMINDA,EQ,,,,,UNO MINDA LIMITED,1266.30,1285.00,1252.10,1280.00,1280.00,1260.00,,1279.72,,,778534,993019168.50,23255,F1,1,,,,,
2026-08-27,2026-08-27,CM,NSE,STK,2871,INE530B08094,10IIFL28A,NE,,,,,UNSE RE NCD 10% SR.I,1034.40,1040.00,1034.40,1040.00,1040.00,1043.98,,1040.00,,,102,105794.40,2,F1,1,,,,,
2026-08-27,2026-08-27,CM,NSE,STK,2877,INE530B08102,96IIFL28A,NF,,,,,UNSE RE NCD 9.6% SR.II,1001.50,1002.99,1000.01,1002.49,1002.50,1002.00,,1002.49,,,2186,2190741.07,21,F1,1,,,,,
2026-08-27,2026-08-27,CM,NSE,STK,5212,INE477L08147,10IIFL28,N4,,,,,UNSEC RE NCD 10% SR.I,1009.45,1009.45,1009.45,1009.45,1009.45,1002.50,,1002.98,,,5,5047.25,2,F1,1,,,,,
2026-08-27,2026-08-27,CM,NSE,STK,5214,INE477L08154,96IIFL28,N5,,,,,UNSEC RE NCD 9.60% SR.II,1002.00,1002.98,1001.00,1001.00,1001.00,1001.76,,1002.50,,,312,312510.60,5,F1,1,,,,,
2026-08-27,2026-08-27,CM,NSE,STK,19045,INE866I08279,10IIFL29,N6,,,,,UNSEC RED NCD 10.0% SR. V,1025.00,1025.00,1025.00,1025.00,1025.00,1025.00,,1025.00,,,50,51250.00,1,F1,1,,,,,
2026-08-27,2026-08-27,CM,NSE,STK,19047,INE866I08295,105IIFL29,N7,,,,,UNSEC RED NCD 10.5% SR.VI,1069.80,1069.80,1065.00,1065.00,1065.00,1071.00,,1065.00,,,154,164125.20,5,F1,1,,,,,
2026-08-27,2026-08-27,CM,NSE,STK,21229,INE306N08342,885TCAPS29,NC,,,,,UNSERENCD8.85%SRIVCIII&IV,1050.00,1059.00,1050.00,1059.00,1059.00,1044.99,,1050.49,,,4,4218.00,2,F1,1,,,,,
2026-08-27,2026-08-27,CM,NSE,STK,19113,INE851I01011,UDS,EQ,,,,,UPDATER SERVICES LIMITED,222.15,223.44,218.11,221.82,222.00,222.07,,221.71,,,412890,91599545.23,5879,F1,1,,,,,
2026-08-27,2026-08-27,CM,NSE,STK,11287,INE628A01036,UPL,EQ,,,,,UPL LIMITED,587.80,591.00,578.10,578.10,578.10,589.30,,578.11,,,1266550,737690396.45,27117,F1,1,,,,,
2026-08-27,2026-08-27,CM,NSE,STK,10610,INE0CBM01019,USASEEDS,SM,,,,,UPSURGE SEEDS OF AGRI LTD,91.70,93.40,91.70,93.40,93.40,96.50,,93.40,,,856,79222.80,2,F1,428,,,,,
2026-08-27,2026-08-27,CM,NSE,STK,17081,INE568Z01015,URAVIDEF,BE,,,,,URAVI DEFENCE &TECH LTD,106.00,109.00,104.00,106.60,107.00,106.78,,106.61,,,7961,848517.45,109,F1,1,,,,,
2026-08-27,2026-08-27,CM,NSE,STK,759084,INE0CAZ01013,URBANCO,EQ,,,,,URBAN COMPANY LIMITED,166.00,170.68,165.30,167.36,168.52,167.53,,167.37,,,7134291,1198238782.01,76761,F1,1,,,,,
2026-08-27,2026-08-27,CM,NSE,STK,16888,INE0O0201019,URBAN,SM,,,,,URBAN ENVIRO WASTE MGMT L,140.30,141.95,140.30,140.55,140.55,145.00,,140.55,,,8000,1126200.00,10,F1,800,,,,,
2026-08-27,2026-08-27,CM,NSE,STK,20203,INE550C01020,URJA,EQ,,,,,URJA GLOBAL LIMITED,9.20,9.38,9.20,9.25,9.29,9.22,,9.25,,,416027,3848783.68,1613,F1,1,,,,,
2026-08-27,2026-08-27,CM,NSE,STK,25952,INE0LS001014,USHAFIN,SM,,,,,USHA FINANCIAL SERVICES L,45.45,45.45,45.45,45.45,45.45,43.95,,45.45,,,1600,72720.00,1,F1,1600,,,,,
2026-08-27,2026-08-27,CM,NSE,STK,19142,INE240C01028,UMESLTD,EQ,,,,,USHA MARTIN EDU & SOL LTD,5.72,5.72,5.05,5.14,5.05,5.61,,5.15,,,126042,656083.76,238,F1,1,,,,,
2026-08-27,2026-08-27,CM,NSE,STK,8840,INE228A01035,USHAMART,EQ,,,,,USHA MARTIN LTD.,495.90,495.90,479.95,489.15,490.00,496.15,,489.15,,,514767,250718822.65,24954,F1,1,,,,,
2026-08-27,2026-08-27,CM,NSE,STK,527,INE094J01016,UTIAMC,EQ,,,,,UTI ASSET MNGMT CO LTD,897.20,899.00,889.00,890.70,892.00,897.20,,890.61,,,122786,109336976.40,3529,F1,1,,,,,
2026-08-27,2026-08-27,CM,NSE,STK,764180,INF789F1AG68,LIQUIDBETA,EQ,,,,,UTIAMC - LIQUIDBETA,1005.80,1005.80,1005.78,1005.78,1005.78,1005.71,,1005.78,,,2,2011.58,2,F1,1,,,,,
2026-08-27,2026-08-27,CM,NSE,STK,22440,INF789F1AUV1,BANKBETA,EQ,,,,,UTIAMC-BANKBETA,61.36,61.36,58.67,59.58,59.48,59.87,,59.58,,,23319,1392240.23,299,F1,1,,,,,
2026-08-27,2026-08-27,CM,NSE,STK,22524,INF789F1AZF3,GILT10BETA,EQ,,,,,UTIAMC-GILT10BETA,26.92,26.92,26.39,26.92,26.92,26.99,,26.92,,,436,11602.27,13,F1,1,,,,,
2026-08-27,2026-08-27,CM,NSE,STK,22521,INF789F1AZE6,GILT5BETA,EQ,,,,,UTIAMC-GILT5BETA,65.85,65.85,65.85,65.85,65.85,65.52,,65.85,,,88,5794.80,2,F1,1,,,,,
2026-08-27,2026-08-27,CM,NSE,STK,22488,INF789F1AZD8,ITBETA,EQ,,,,,UTIAMC-ITBETA,319.89,319.89,317.33,319.00,319.00,321.38,,319.54,,,543,172762.65,18,F1,1,,,,,
2026-08-27,2026-08-27,CM,NSE,STK,18347,INF789F1AYX9,MIDCAPBETA,EQ,,,,,UTIAMC-MIDCAPBETA,238.00,240.00,235.55,238.01,240.00,238.89,,237.97,,,266,63337.57,22,F1,1,,,,,
2026-08-27,2026-08-27,CM,NSE,STK,21478,INF789F1AUW9,NEXT50BETA,EQ,,,,,UTIAMC-NEXT50BETA,80.98,80.98,80.01,80.29,80.15,80.53,,80.27,,,224988,18043478.10,554,F1,1,,,,,
2026-08-27,2026-08-27,CM,NSE,STK,10511,INF789F1AZC0,NIFTYBETA,EQ,,,,,UTIAMC-NIFTYBETA,269.92,270.94,267.69,268.27,268.25,269.92,,268.27,,,62830,16872230.52,393,F1,1,,,,,
2026-08-27,2026-08-27,CM,NSE,STK,10515,INF789FB1X58,SENSEXBETA,EQ,,,,,UTIAMC-SENSEXBETA,860.62,860.99,856.50,857.94,857.94,860.62,,858.17,,,2688,2303591.74,103,F1,1,,,,,
2026-08-27,2026-08-27,CM,NSE,STK,15085,INF789F1AYK6,SILVERBETA,EQ,,,,,UTIAMC-SILVERBETA,231.33,231.33,225.90,228.62,228.20,232.36,,228.61,,,800031,182610134.02,4467,F1,1,,,,,
2026-08-27,2026-08-27,CM,NSE,STK,9168,INF789F1AUU3,SNXT50BETA,EQ,,,,,UTIAMC-SNXT50BETA,96.08,97.23,96.01,96.85,96.88,96.36,,96.85,,,1519,146377.29,73,F1,1,,,,,
2026-08-27,2026-08-27,CM,NSE,STK,14535,INF789F1AUX7,GOLDBETA,EQ,,,,,UTIAMC-UTIGOLDBETA,134.95,134.95,130.60,132.60,132.75,134.85,,132.60,,,1082748,143474280.90,4175,F1,1,,,,,
2026-08-27,2026-08-27,CM,NSE,STK,751580,INE1V1R01014,UTKAL,SM,,,,,UTKAL SPEC INDUS INDIA L,49.40,49.40,49.40,49.40,49.40,47.50,,49.40,,,4000,197600.00,2,F1,2000,,,,,
2026-08-27,2026-08-27,CM,NSE,STK,17358,INE735W01017,UTKARSHBNK,EQ,,,,,UTKARSH SMALL FIN BANK L,15.00,15.10,14.87,14.92,14.90,14.94,,14.92,,,4463747,66801902.09,4708,F1,1,,,,,
2026-08-27,2026-08-27,CM,NSE,STK,24729,INE06IJ01010,UTSSAV,ST,,,,,UTSSAV CZ GOLD JEWELS LTD,448.00,455.00,445.00,448.60,445.10,448.15,,448.60,,,27600,12421260.00,26,F1,600,,,,,
2026-08-27,2026-08-27,CM,NSE,STK,13376,INE786F01031,UTTAMSUGAR,EQ,,,,,UTTAM SUGAR MILLS LTD.,314.25,321.86,296.20,298.34,297.98,312.82,,298.25,,,352684,107720184.72,7463,F1,1,,,,,
2026-08-27,2026-08-27,CM,NSE,STK,3188,INE0GXK01018,VMARCIND,SM,,,,,V MARC INDIA LIMITED,387.80,387.80,372.15,382.30,382.60,381.20,,382.30,,,147000,55646250.00,95,F1,1500,,,,,
2026-08-27,2026-08-27,CM,NSE,STK,23018,INE0QQM01017,VR,SM,,,,,V R INFRASPACE LIMITED,117.35,117.35,117.35,117.35,117.35,123.50,,117.35,,,800,93880.00,2,F1,400,,,,,
2026-08-27,2026-08-27,CM,NSE,STK,765220,INE222F01029,VTMLTD,EQ,,,,,V T M LTD.,54.47,57.80,53.30,56.47,57.00,53.71,,56.38,,,86749,4788322.39,560,F1,1,,,,,
2026-08-27,2026-08-27,CM,NSE,STK,15362,INE951I01027,VGUARD,EQ,,,,,V-GUARD IND LTD.,328.50,335.40,328.50,331.50,332.00,329.65,,331.44,,,284767,94430037.95,10982,F1,1,,,,,
2026-08-27,2026-08-27,CM,NSE,STK,24606,INE0QXL01015,VLINFRA,SM,,,,,V.L.INFRAPROJECTS LIMITED,27.05,27.70,27.05,27.70,27.70,26.40,,27.70,,,9000,247050.00,6,F1,1500,,,,,
2026-08-27,2026-08-27,CM,NSE,STK,14766,INE945H01021,V2RETAIL,EQ,,,,,V2 RETAIL LIMITED,220.00,223.00,219.11,222.40,222.50,219.79,,222.40,,,929035,205835984.68,13166,F1,1,,,,,
2026-08-27,2026-08-27,CM,NSE,STK,20188,INE956G01038,WABAG,EQ,,,,,VA TECH WABAG LTD,2161.00,2215.00,2120.00,2133.90,2125.90,2155.30,,2134.00,,,1166272,2526694700.20,61364,F1,1,,,,,
2026-08-27,2026-08-27,CM,NSE,STK,24196,INE694D01016,VADILALIND,EQ,,,,,VADILAL INDUSTRIES LTD,7401.00,7480.00,7401.00,7444.50,7457.00,7423.00,,7444.50,,,6764,50361680.50,1514,F1,1,,,,,
2026-08-27,2026-08-27,CM,NSE,STK,20973,INE551Q01028,VSCL,SM,,,,,VADIVARHE SPCLTY CHEM LTD,23.10,23.10,23.10,23.10,23.10,22.00,,23.10,,,6000,138600.00,2,F1,3000,,,,,
2026-08-27,2026-08-27,CM,NSE,STK,11364,INE884A01027,VAIBHAVGBL,EQ,,,,,VAIBHAV GLOBAL LIMITED,224.65,225.40,221.50,222.20,222.35,223.60,,222.20,,,130477,29072459.70,8505,F1,1,,,,,
2026-08-27,2026-08-27,CM,NSE,STK,8262,INE0JR301013,MADHAVBAUG,ST,,,,,VAIDYA SANE AYUR LAB LTD,177.00,178.00,177.00,178.00,178.00,184.75,,178.00,,,2000,354800.00,5,F1,400,,,,,
2026-08-27,2026-08-27,CM,NSE,STK,16589,INE972X01022,VAISHALI,EQ,,,,,VAISHALI PHARMA LIMITED,8.00,8.35,7.82,8.33,8.25,8.17,,8.33,,,125534,1027918.89,228,F1,1,,,,,
2026-08-27,2026-08-27,CM,NSE,STK,13342,INE051B01021,VAKRANGEE,EQ,,,,,VAKRANGEE LIMITED,6.02,6.05,5.90,5.92,5.91,6.05,,5.92,,,930460,5534344.47,1736,F1,1,,,,,
2026-08-27,2026-08-27,CM,NSE,STK,19218,INE0JWS01017,VALIANTLAB,EQ,,,,,VALIANT LABORATORIES LTD,107.87,109.20,103.00,104.89,104.00,107.87,,104.92,,,363930,38713665.08,4698,F1,1,,,,,
2026-08-27,2026-08-27,CM,NSE,STK,334,INE565V01010,VALIANTORG,BE,,,,,VALIANT ORGANICS LIMITED,299.95,307.40,298.05,300.60,300.00,297.00,,300.61,,,50608,15358588.40,460,F1,1,,,,,
2026-08-27,2026-08-27,CM,NSE,STK,18124,INE879I01012,DBREALTY,EQ,,,,,VALOR ESTATE LIMITED,107.00,109.65,106.07,106.85,106.70,106.34,,106.84,,,1335069,143934107.03,10745,F1,1,,,,,
2026-08-27,2026-08-27,CM,NSE,STK,763304,INE1E7Y01018,VALUE360,SM,,,,,VALUE 360 COMMUNICATION L,75.00,75.00,72.05,72.60,72.60,75.00,,72.60,,,6000,439500.00,5,F1,1200,,,,,
2026-08-27,2026-08-27,CM,NSE,STK,13403,INE116G01013,VARDHACRLC,BE,,,,,VARDHAMAN ACRYLICS LTD,45.50,45.60,45.00,45.32,45.33,44.73,,45.32,,,74694,3381413.79,395,F1,1,,,,,
2026-08-27,2026-08-27,CM,NSE,STK,11892,INE701A01023,VHL,EQ,,,,,VARDHMAN HOLDINGS LIMITED,3431.00,3474.30,3380.00,3392.30,3385.00,3428.90,,3392.35,,,644,2198206.30,167,F1,1,,,,,
2026-08-27,2026-08-27,CM,NSE,STK,3646,INE835A01029,VARDMNPOLY,EQ,,,,,VARDHMAN POLYTEX LTD.,6.18,6.18,5.96,6.01,6.04,6.03,,6.02,,,140266,843783.28,310,F1,1,,,,,
2026-08-27,2026-08-27,CM,NSE,STK,27067,INE050M01012,VSSL,EQ,,,,,VARDHMAN SPC STEEL LTD,370.40,370.45,354.10,358.05,357.60,367.75,,358.04,,,127105,45733967.20,4215,F1,1,,,,,
2026-08-27,2026-08-27,CM,NSE,STK,2073,INE825A01020,VTL,EQ,,,,,VARDHMAN TEXTILES LIMITED,603.00,607.50,592.65,594.60,599.50,602.90,,594.60,,,155966,93669120.75,8349,F1,1,,,,,
2026-08-27,2026-08-27,CM,NSE,STK,3857,INE665L01035,VARROC,EQ,,,,,VARROC ENGINEERING LTD.,812.55,840.80,806.30,813.15,809.00,812.15,,813.16,,,406477,335300937.50,18389,F1,1,,,,,
2026-08-27,2026-08-27,CM,NSE,STK,18921,INE200M01039,VBL,EQ,,,,,VARUN BEVERAGES LIMITED,423.55,425.05,415.75,418.75,418.75,421.25,,418.77,,,11988613,5045869953.15,91066,F1,1,,,,,
2026-08-27,2026-08-27,CM,NSE,STK,13771,INE273D01027,VGL,EQ,,,,,VARVEE GLOBAL LIMITED,58.45,58.45,56.31,56.85,56.51,57.56,,56.85,,,9107,519661.47,136,F1,1,,,,,
2026-08-27,2026-08-27,CM,NSE,STK,16454,INE0N5801013,DENTALKART,SM,,,,,VASA DENTICITY LIMITED,410.10,415.35,404.05,409.70,412.00,423.45,,409.70,,,10750,4400600.00,34,F1,250,,,,,
2026-08-27,2026-08-27,CM,NSE,STK,18110,INE893I01013,VASCONEQ,EQ,,,,,VASCON ENGINEERS LTD,31.11,31.50,30.66,30.78,31.10,31.11,,30.78,,,200761,6234787.16,1064,F1,1,,,,,
2026-08-27,2026-08-27,CM,NSE,STK,25340,INE590L01019,VASWANI,EQ,,,,,VASWANI IND LTD,49.59,49.99,47.53,48.42,49.00,48.30,,48.42,,,32341,1560013.00,225,F1,1,,,,,
2026-08-27,2026-08-27,CM,NSE,STK,9027,INE098201036,VCL,BE,,,,,VAXTEX COTFAB LIMITED,2.12,2.12,2.12,2.12,2.12,2.23,,2.12,,,82126,174107.12,212,F1,1,,,,,
2026-08-27,2026-08-27,CM,NSE,STK,759394,INE04HY07336,118VCCL27B,N0,,,,,VCCL 11.8% 2027 SR B,98000.00,98000.00,98000.00,98000.00,98000.00,97000.00,,98000.00,,,2,196000.00,1,F1,1,,,,,
2026-08-27,2026-08-27,CM,NSE,STK,25464,INE04HY07161,12VCCL27,N0,,,,,VCCL 12% 2027 SR A,99500.00,99500.00,99500.00,99500.00,99500.00,100000.00,,99500.00,,,1,99500.00,1,F1,1,,,,,
2026-08-27,2026-08-27,CM,NSE,STK,758338,INE04HY07252,12VCCL27D,N0,,,,,VCCL 12% 2027 SR C,100000.00,100000.00,100000.00,100000.00,100000.00,100000.00,,100000.00,,,1,100000.00,1,F1,1,,,,,
2026-08-27,2026-08-27,CM,NSE,STK,760558,INE04HY08011,125VCCL31,N0,,,,,VCCL 12.5% 2031,96500.00,96500.00,96500.00,96500.00,96500.00,96400.00,,96500.00,,,1,96500.00,1,F1,1,,,,,
2026-08-27,2026-08-27,CM,NSE,STK,8167,INE825V01034,MANYAVAR,EQ,,,,,VEDANT FASHIONS LIMITED,550.65,550.65,540.15,544.55,546.50,546.60,,544.54,,,374606,203952365.10,15116,F1,1,,,,,
2026-08-27,2026-08-27,CM,NSE,STK,750174,INE1CDF01017,VAML,EQ,,,,,VEDANTA ALUMINIUM METAL L,464.90,467.60,452.10,454.45,452.30,462.60,,454.53,,,8948764,4093265105.00,102034,F1,1,,,,,
2026-08-27,2026-08-27,CM,NSE,STK,750290,INE1CLE01013,VISL,EQ,,,,,VEDANTA IRON AND STEEL L,38.90,40.38,38.22,38.85,38.86,38.78,,38.85,,,57698620,2251606982.93,59656,F1,1,,,,,
2026-08-27,2026-08-27,CM,NSE,STK,3063,INE205A01025,VEDL,EQ,,,,,VEDANTA LIMITED,289.00,291.00,279.20,281.00,281.00,286.50,,281.00,,,13441814,3805137601.20,143043,F1,1,,,,,
2026-08-27,2026-08-27,CM,NSE,STK,750368,INE704J01044,VOGL,EQ,,,,,VEDANTA OIL AND GAS LTD,41.89,43.30,41.27,41.98,41.79,41.21,,41.98,,,100784349,4261199111.28,148082,F1,1,,,,,
2026-08-27,2026-08-27,CM,NSE,STK,750518,INE694L01019,VEDPOWER,EQ,,,,,VEDANTA POWER LIMITED,37.60,38.35,37.25,37.50,37.38,37.49,,37.50,,,19385875,731112926.63,42993,F1,1,,,,,
2026-08-27,2026-08-27,CM,NSE,STK,764980,INE359B01010,VEDAVAAG,EQ,,,,,VEDAVAAG SYSTEMS LTD.,18.87,18.90,18.21,18.36,18.35,18.50,,18.32,,,13071,240929.63,109,F1,1,,,,,
2026-08-27,2026-08-27,CM,NSE,STK,14019,INE484C01030,VEEDOL,EQ,,,,,VEEDOL CORPORATION LTD,1519.90,1519.90,1488.00,1491.50,1488.00,1510.10,,1491.79,,,5623,8420501.10,969,F1,1,,,,,
2026-08-27,2026-08-27,CM,NSE,STK,10710,INE0KTW01013,VEEKAYEM,SM,,,,,VEEKAYEM FASH & APP LTD,99.00,99.30,95.05,98.40,99.30,94.60,,98.40,,,10000,981850.00,20,F1,500,,,,,
2026-08-27,2026-08-27,CM,NSE,STK,762969,INE232E01013,VELJAN,BE,,,,,VELJAN DENISON LTD.,1785.10,1873.90,1775.00,1811.00,1801.10,1785.10,,1803.14,,,3113,5749459.50,62,F1,1,,,,,
2026-08-27,2026-08-27,CM,NSE,STK,3757,INE398A01010,VENKEYS,EQ,,,,,VENKY S (INDIA) LIMITED,1598.00,1621.30,1565.10,1575.60,1565.10,1597.00,,1575.60,,,51334,82010288.60,4818,F1,1,,,,,
2026-08-27,2026-08-27,CM,NSE,STK,28847,INE781S01027,VENTIVE,EQ,,,,,VENTIVE HOSPITALITY LTD,605.45,605.45,581.00,583.50,582.00,594.60,,583.49,,,19764,11616626.30,1091,F1,1,,,,,
2026-08-27,2026-08-27,CM,NSE,STK,9592,INE0JA001018,VENUSPIPES,EQ,,,,,VENUS PIPES & TUBES LTD,1647.00,1672.00,1608.00,1653.80,1648.70,1636.60,,1653.84,,,139211,229076430.90,10214,F1,1,,,,,
2026-08-27,2026-08-27,CM,NSE,STK,13856,INE411B01019,VENUSREM,BE,,,,,VENUS REMEDIES LIMITED,1606.90,1655.00,1581.60,1598.10,1600.00,1606.90,,1598.02,,,22416,36208044.90,1241,F1,1,,,,,
2026-08-27,2026-08-27,CM,NSE,STK,8890,INE0IQ001011,VERANDA,EQ,,,,,VERANDA LEARNING SOL LTD,246.05,248.00,240.50,243.55,246.00,243.30,,243.80,,,231508,56610446.95,3659,F1,1,,,,,
2026-08-27,2026-08-27,CM,NSE,STK,14491,INE0NLB01018,VERTEXPLUS,SM,,,,,VERTEXPLUS TECHNOLOGIES L,49.00,49.00,49.00,49.00,49.00,49.00,,49.00,,,1800,88200.00,1,F1,600,,,,,
2026-08-27,2026-08-27,CM,NSE,STK,10757,INE0KXY23015,VERTIS,IV,,,,,VERTIS INFRASTRUCTURE TST,116.00,116.00,116.00,116.00,116.00,116.00,,116.00,,,25000,2900000.00,1,F1,25000,,,,,
2026-08-27,2026-08-27,CM,NSE,STK,18865,INE188Y01031,VERTOZ,BE,,,,,VERTOZ LIMITED,40.62,41.65,39.25,39.99,39.25,40.62,,39.99,,,49428,2001927.13,280,F1,1,,,,,
2026-08-27,2026-08-27,CM,NSE,STK,3676,INE386A01023,VESUVIUS,EQ,,,,,VESUVIUS INDIA LTD,424.00,428.60,420.60,422.40,420.60,422.90,,422.40,,,59366,25162851.90,2341,F1,1,,,,,
2026-08-27,2026-08-27,CM,NSE,STK,8660,INE918N01018,VETO,BE,,,,,VETO SWITCHGEAR CABLE LTD,128.99,128.99,126.00,128.00,128.00,128.50,,128.00,,,31090,3963698.58,164,F1,1,,,,,
2026-08-27,2026-08-27,CM,NSE,STK,14316,INE0MO401019,VIAZ,SM,,,,,VIAZ TYRES LIMITED,68.00,68.00,68.00,68.00,68.00,71.30,,68.00,,,2000,136000.00,1,F1,2000,,,,,
2026-08-27,2026-08-27,CM,NSE,STK,22730,INE0QTF01015,VSTL,EQ,,,,,VIBHOR STEEL TUBES LTD,112.10,113.50,111.15,112.63,113.49,112.10,,112.63,,,7077,795340.13,135,F1,1,,,,,
2026-08-27,2026-08-27,CM,NSE,STK,765252,INE761Q01015,VGCL,EQ,,,,,VIBRANT GLOBAL CAPITAL L,56.85,59.90,55.09,59.38,59.90,57.05,,59.38,,,10993,650804.21,99,F1,1,,,,,
2026-08-27,2026-08-27,CM,NSE,STK,23386,INE048C01025,VHLTD,BE,,,,,VICEROY HOTELS LIMITED,116.00,118.95,114.55,117.99,117.00,115.59,,117.99,,,51109,5944761.65,175,F1,1,,,,,
2026-08-27,2026-08-27,CM,NSE,STK,760694,INE0F8901022,VICTORYEV,ST,,,,,VICTORY ELEC VEHICL INT L,16.20,16.20,15.80,16.00,16.00,16.25,,16.00,,,15000,240300.00,5,F1,3000,,,,,
2026-08-27,2026-08-27,CM,NSE,STK,13536,INE632C01026,VIDHIING,EQ,,,,,VIDHI SPCLTY F INGRDNTS L,341.15,356.95,338.40,350.10,355.90,341.00,,350.13,,,135580,47409194.55,2637,F1,1,,,,,
2026-08-27,2026-08-27,CM,NSE,STK,760224,INE14UN01029,VIDYAWIRES,EQ,,,,,VIDYA WIRES LIMITED,86.92,87.75,85.63,85.80,85.70,86.92,,85.80,,,529772,45792168.51,6091,F1,1,,,,,
2026-08-27,2026-08-27,CM,NSE,STK,758908,INE1DM601016,VIGOR,ST,,,,,VIGOR PLAST INDIA LIMITED,98.80,103.55,98.80,103.00,103.00,100.00,,103.00,,,12800,1306880.00,8,F1,1600,,,,,
2026-08-27,2026-08-27,CM,NSE,STK,764985,INE362D01010,VIJSOLX,EQ,,,,,VIJAY SOLVEX LTD.,690.05,698.50,690.05,696.00,698.50,698.45,,703.67,,,356,245738.10,29,F1,1,,,,,
2026-08-27,2026-08-27,CM,NSE,STK,5585,INE043W01024,VIJAYA,EQ,,,,,VIJAYA DIAGNOSTIC CEN LTD,1487.00,1489.00,1464.10,1472.40,1476.00,1472.80,,1472.42,,,53540,78990618.40,8543,F1,1,,,,,
2026-08-27,2026-08-27,CM,NSE,STK,760121,INE0WL901019,VIJAYPD,SM,,,,,VIJAYPD CEUTICAL LIMITED,67.50,72.00,66.00,69.95,68.80,63.90,,69.95,,,58000,3932800.00,24,F1,2000,,,,,
2026-08-27,2026-08-27,CM,NSE,STK,17695,INE159N01027,VIJIFIN,BE,,,,,VIJI FINANCE LIMITED,14.75,14.75,14.75,14.75,14.75,14.47,,14.86,,,91845,1354713.75,50,F1,1,,,,,
2026-08-27,2026-08-27,CM,NSE,STK,25756,INE806A01020,VIKASECO,EQ,,,,,VIKAS ECOTECH LIMITED,1.09,1.16,1.08,1.14,1.15,1.08,,1.14,,,4929662,5582731.59,1889,F1,1,,,,,
2026-08-27,2026-08-27,CM,NSE,STK,9931,INE161L01027,VIKASLIFE,EQ,,,,,VIKAS LIFECARE LIMITED,1.33,1.38,1.33,1.36,1.37,1.32,,1.36,,,4227799,5747005.14,9285,F1,1,,,,,
2026-08-27,2026-08-27,CM,NSE,STK,759453,INE078V01014,VIKRAMSOLR,EQ,,,,,VIKRAM SOLAR LIMITED,172.14,176.30,171.03,172.01,172.15,171.85,,172.01,,,2177845,378269862.66,17412,F1,1,,,,,
2026-08-27,2026-08-27,CM,NSE,STK,758973,INE01R501028,VIKRAN,EQ,,,,,VIKRAN ENGINEERING LTD,59.50,61.60,59.20,59.47,59.63,59.21,,59.47,,,2955039,178975314.66,11892,F1,1,,,,,
2026-08-27,2026-08-27,CM,NSE,STK,23909,INE0AZY01017,VILAS,SM,,,,,VILAS TRANSCORE LIMITED,364.00,366.65,353.90,354.65,353.90,361.10,,354.65,,,10500,3759337.50,38,F1,250,,,,,
2026-08-27,2026-08-27,CM,NSE,STK,13101,INE579C01029,VIMTALABS,EQ,,,,,VIMTA LABS LIMITED,632.10,636.00,611.25,615.00,612.10,627.70,,615.03,,,126269,78396708.15,5656,F1,1,,,,,
2026-08-27,2026-08-27,CM,NSE,STK,17364,INE410B01037,VINATIORGA,EQ,,,,,VINATI ORGANICS LTD,1324.00,1334.10,1315.00,1318.40,1324.70,1321.50,,1318.17,,,18669,24692799.30,1754,F1,1,,,,,
2026-08-27,2026-08-27,CM,NSE,STK,3694,INE707A01012,VINDHYATEL,EQ,,,,,VINDHYA TELELINKS LTD,2400.00,2590.00,2390.10,2530.50,2520.00,2396.70,,2530.42,,,150595,379948053.90,14993,F1,1,,,,,
2026-08-27,2026-08-27,CM,NSE,STK,3807,INE505Y01010,VINEETLAB,EQ,,,,,VINEET LABORATORIES LTD,39.02,39.48,38.01,39.01,39.24,38.79,,38.98,,,70176,2725019.26,634,F1,1,,,,,
2026-08-27,2026-08-27,CM,NSE,STK,763821,INE27V201011,VMOBILE,SM,,,,,VINIT MOBILE LIMITED,64.25,64.25,62.25,62.25,62.25,64.20,,62.25,,,6400,405720.00,8,F1,800,,,,,
2026-08-27,2026-08-27,CM,NSE,STK,12490,INE01KI01027,VINNY,EQ,,,,,VINNY OVERSEAS LIMITED,1.06,1.07,1.04,1.04,1.05,1.06,,1.04,,,336724,352423.01,148,F1,1,,,,,
2026-08-27,2026-08-27,CM,NSE,STK,17905,INE0OSJ01014,VINSYS,ST,,,,,VINSYS IT SERVICES IND LT,610.00,610.90,600.00,607.00,607.00,599.90,,607.00,,,11750,7126712.50,37,F1,250,,,,,
2026-08-27,2026-08-27,CM,NSE,STK,25835,INE498Q01014,VINCOFE,EQ,,,,,VINTAGE COFFEE N BVRGS L,164.11,179.00,164.11,174.65,174.36,164.09,,174.65,,,9713496,1675843747.81,80282,F1,1,,,,,
2026-08-27,2026-08-27,CM,NSE,STK,19206,INE0OLS01010,VINYAS,SM,,,,,VINYAS INNOVATIVE TECH L,1525.00,1564.30,1525.00,1556.80,1551.00,1564.30,,1556.80,,,4400,6836550.00,40,F1,100,,,,,
2026-08-27,2026-08-27,CM,NSE,STK,16821,INE250B01029,VINYLINDIA,EQ,,,,,VINYL CHEMICALS (I) LTD.,236.00,237.98,234.00,234.75,237.00,234.53,,235.19,,,4908,1155622.20,236,F1,1,,,,,
2026-08-27,2026-08-27,CM,NSE,STK,14843,INE450G01024,VIPCLOTHNG,EQ,,,,,VIP CLOTHING LIMITED,20.23,20.79,20.23,20.38,20.52,20.53,,20.38,,,24546,501067.59,134,F1,1,,,,,
2026-08-27,2026-08-27,CM,NSE,STK,3703,INE054A01027,VIPIND,EQ,,,,,VIP INDUSTRIES LTD,309.85,311.00,301.15,304.30,303.65,310.90,,304.29,,,232543,70812077.75,6090,F1,1,,,,,
2026-08-27,2026-08-27,CM,NSE,STK,8437,INE946H01037,VIPULLTD,BE,,,,,VIPUL LIMITED,15.75,15.75,15.75,15.75,15.75,16.07,,15.76,,,22606,356044.50,19,F1,1,,,,,
2026-08-27,2026-08-27,CM,NSE,STK,764990,INE467D01017,VIRAT,EQ,,,,,VIRAT INDUSTRIES LTD.,435.00,445.00,429.95,442.05,444.00,442.00,,442.21,,,10945,4786168.40,282,F1,1,,,,,
2026-08-27,2026-08-27,CM,NSE,STK,15295,INE539B01017,VIRINCHI,EQ,,,,,VIRINCHI LIMITED,15.12,15.48,14.60,15.10,15.02,15.28,,15.09,,,90020,1346290.22,324,F1,1,,,,,
2026-08-27,2026-08-27,CM,NSE,STK,757060,INE0VRH01015,VGINFOTECH,SM,,,,,VIRTUAL GALAXY INFOTECH L,149.00,150.00,146.00,147.70,148.30,147.00,,147.70,,,25000,3679300.00,23,F1,1000,,,,,
2026-08-27,2026-08-27,CM,NSE,STK,765215,INE247C01023,VIRTUALG,EQ,,,,,VIRTUAL GLOBAL EDU LTD,0.53,0.53,0.51,0.51,0.52,0.52,,0.51,,,122565,63281.91,181,F1,1,,,,,
2026-08-27,2026-08-27,CM,NSE,STK,761916,INE0I0T01010,VOEPL,EQ,,,,,VIRTUOSO OPTOELECTRONIC L,566.80,578.00,556.00,572.70,572.00,579.55,,572.73,,,291096,164917962.55,10189,F1,1,,,,,
2026-08-27,2026-08-27,CM,NSE,STK,13295,INE286H01012,VISACHROME,EQ,,,,,VISA CHROME LIMITED,37.00,37.99,36.00,37.21,37.85,37.30,,37.33,,,4085526,151160362.62,4097,F1,1,,,,,
2026-08-27,2026-08-27,CM,NSE,STK,29877,INE370E01029,VIVIDHA,EQ,,,,,VISAGAR POLYTEX LTD,0.52,0.52,0.51,0.52,0.52,0.51,,0.52,,,83499,43319.66,119,F1,1,,,,,
2026-08-27,2026-08-27,CM,NSE,STK,4221,INE392A01021,VISAKAIND,EQ,,,,,VISAKA INDUSTRIES LIMITED,91.90,93.55,90.50,91.02,90.50,91.53,,91.01,,,172187,15819507.39,2479,F1,1,,,,,
2026-08-27,2026-08-27,CM,NSE,STK,24274,INE0BHK01012,VISAMAN,SM,,,,,VISAMAN GLOBAL SALES LTD,83.35,83.35,83.35,83.35,83.35,87.70,,83.35,,,1000,83350.00,1,F1,1000,,,,,
2026-08-27,2026-08-27,CM,NSE,STK,18708,INE0OWX01025,VISDEM,SM,,,,,VISDEM TECHNOSYS LIMITED,83.00,83.00,82.00,82.00,82.00,81.50,,82.00,,,2400,198000.00,2,F1,1200,,,,,
2026-08-27,2026-08-27,CM,NSE,STK,11773,INE755Q01025,VISHAL,EQ,,,,,VISHAL FABRICS LTD.,18.28,19.30,18.28,18.70,19.10,18.67,,18.71,,,58414,1094076.22,332,F1,1,,,,,
2026-08-27,2026-08-27,CM,NSE,STK,27969,INE01EA01019,VMM,EQ,,,,,VISHAL MEGA MART LIMITED,110.00,110.35,107.50,108.00,108.00,109.62,,107.99,,,7577445,821990357.41,26163,F1,1,,,,,
2026-08-27,2026-08-27,CM,NSE,STK,6908,INE270I01022,VISHNU,EQ,,,,,VISHNU CHEMICALS LIMITED,640.45,657.95,635.00,647.85,647.35,639.80,,647.84,,,111588,72239815.80,3853,F1,1,,,,,
2026-08-27,2026-08-27,CM,NSE,STK,18341,INE0AE001013,VPRPL,EQ,,,,,VISHNU PRAKASH R PUNGLI L,33.17,33.45,31.82,32.99,33.45,32.98,,32.99,,,291162,9562969.49,1689,F1,1,,,,,
2026-08-27,2026-08-27,CM,NSE,STK,19300,INE0PQ001012,VISHNUINFR,SM,,,,,VISHNUSURYA PROJ N INFR L,155.00,162.70,155.00,161.35,162.70,154.00,,161.35,,,3000,474700.00,6,F1,500,,,,,
2026-08-27,2026-08-27,CM,NSE,STK,13702,INE430N01022,VISHWARAJ,EQ,,,,,VISHWARAJ SUGAR IND LTD,6.23,6.39,5.90,5.92,5.93,6.15,,5.92,,,783099,4767244.40,993,F1,1,,,,,
2026-08-27,2026-08-27,CM,NSE,STK,25231,INE0TR001017,VIESL,SM,,,,,VISION INFRA EQUIP SOL L,340.00,355.50,326.00,330.75,334.95,345.35,,330.75,,,63200,21807720.00,79,F1,800,,,,,
2026-08-27,2026-08-27,CM,NSE,STK,761150,INE0L4K01016,VITAL,BE,,,,,VITAL CHEMTECH LIMITED,51.99,54.99,51.52,54.95,54.95,53.99,,54.95,,,12102,644485.54,46,F1,1,,,,,
2026-08-27,2026-08-27,CM,NSE,STK,763637,INE0MEG01014,VIVIANA,BE,,,,,VIVIANA POWER TECH LTD,734.55,750.00,715.00,729.30,738.00,734.55,,729.30,,,10608,7722699.70,234,F1,1,,,,,
2026-08-27,2026-08-27,CM,NSE,STK,761768,INE24H301028,VIVIDEL,SM,,,,,VIVID ELECTROMECH LIMITED,1625.00,1660.00,1510.05,1533.20,1530.00,1611.85,,1533.20,,,31680,49538844.00,96,F1,240,,,,,
2026-08-27,2026-08-27,CM,NSE,STK,11968,INE526G01021,VIVIMEDLAB,BE,,,,,VIVIMED LABS LIMITED,6.94,6.94,6.94,6.94,6.94,6.81,,6.94,,,48115,333918.10,59,F1,1,,,,,
2026-08-27,2026-08-27,CM,NSE,STK,764995,INE380K01017,VIVOBIOT,EQ,,,,,VIVO BIO TECH LTD.,18.50,18.98,17.51,18.80,18.98,18.50,,18.67,,,27829,513635.61,110,F1,1,,,,,
2026-08-27,2026-08-27,CM,NSE,STK,14296,INE807F01027,VIYASH,EQ,,,,,VIYASH SCIENTIFIC LIMITED,264.00,265.00,258.00,259.50,258.90,263.40,,259.64,,,8009140,2098302538.90,60924,F1,1,,,,,
2026-08-27,2026-08-27,CM,NSE,STK,18021,INE03HW01020,VLEGOV,BE,,,,,VL E GOV AND IT SOL LTD,11.65,11.80,10.78,11.31,11.37,11.24,,11.33,,,213234,2462292.19,506,F1,1,,,,,
2026-08-27,2026-08-27,CM,NSE,STK,3715,INE709A01018,VLSFINANCE,EQ,,,,,VLS FINANCE LTD,245.75,251.00,244.35,246.25,244.50,245.35,,246.22,,,12216,3006118.45,375,F1,1,,,,,
2026-08-27,2026-08-27,CM,NSE,STK,29284,INE665J01013,VMART,EQ,,,,,VMART RETAIL LTD,845.00,854.75,834.55,836.05,837.00,852.35,,836.08,,,76410,64152202.90,5734,F1,1,,,,,
2026-08-27,2026-08-27,CM,NSE,STK,759152,INE0SJA01013,VMSTMT,EQ,,,,,VMS TMT LIMITED,47.44,47.44,46.25,46.26,46.69,46.70,,46.26,,,11380,530207.10,195,F1,1,,,,,
2026-08-27,2026-08-27,CM,NSE,STK,14366,INE669E01016,IDEA,EQ,,,,,VODAFONE IDEA LIMITED,15.12,15.26,14.91,14.97,14.97,15.06,,14.97,,,430678395,6470787299.71,450734,F1,1,,,,,
2026-08-27,2026-08-27,CM,NSE,STK,765000,INE285C01015,VOITHPAPR,EQ,,,,,VOITH PAPER FABRICS IND L,1474.90,1500.00,1450.00,1459.80,1466.90,1460.00,,1465.18,,,849,1237473.40,64,F1,1,,,,,
2026-08-27,2026-08-27,CM,NSE,STK,13577,INE540H01012,VOLTAMP,EQ,,,,,VOLTAMP TRANSFORMERS LTD,10700.00,11378.50,10700.00,11228.50,11111.00,10978.50,,11229.00,,,56167,630995452.00,17566,F1,1,,,,,
2026-08-27,2026-08-27,CM,NSE,STK,3718,INE226A01021,VOLTAS,EQ,,,,,VOLTAS LTD,1225.00,1235.60,1211.60,1217.50,1217.50,1217.00,,1217.51,,,760364,927217177.90,33552,F1,1,,,,,
2026-08-27,2026-08-27,CM,NSE,STK,24321,INE0S2V01010,VRAJ,EQ,,,,,VRAJ IRON AND STEEL LTD,122.66,128.00,122.59,127.19,125.70,122.66,,127.19,,,28735,3581919.75,539,F1,1,,,,,
2026-08-27,2026-08-27,CM,NSE,STK,8696,INE366I01010,VRLLOG,EQ,,,,,VRL LOGISTICS LIMITED,286.00,295.50,285.05,293.90,292.15,286.25,,293.94,,,175551,51270172.00,5951,F1,1,,,,,
2026-08-27,2026-08-27,CM,NSE,STK,3724,INE710A01016,VSTIND,EQ,,,,,VST INDUSTRIES LTD,211.95,211.95,210.00,211.23,211.69,210.95,,211.36,,,101422,21382440.25,2485,F1,1,,,,,
2026-08-27,2026-08-27,CM,NSE,STK,24292,INE764D01017,VSTTILLERS,EQ,,,,,VST TILLERS TRACTORS LTD,4438.20,4438.50,4365.50,4375.00,4371.00,4418.50,,4375.14,,,3441,15109070.50,816,F1,1,,,,,
2026-08-27,2026-08-27,CM,NSE,STK,765005,INE855A01019,WHBRADY,EQ,,,,,W H BRADY & CO. LTD.,499.80,524.90,481.05,492.20,490.00,497.80,,492.20,,,236,119320.65,40,F1,1,,,,,
2026-08-27,2026-08-27,CM,NSE,STK,762978,INE765D01022,WPIL,EQ,,,,,W P I L LTD.,440.55,458.00,439.60,448.65,448.30,438.35,,448.63,,,187664,84874452.10,5956,F1,1,,,,,
2026-08-27,2026-08-27,CM,NSE,STK,14828,INE100D01014,WSI,EQ,,,,,W.S.INDUSTRIES (I) LTD.,61.20,61.20,59.90,60.20,60.80,60.74,,60.10,,,18658,1129540.03,1081,F1,1,,,,,
2026-08-27,2026-08-27,CM,NSE,STK,25907,INE377N01017,WAAREEENER,EQ,,,,,WAAREE ENERGIES LIMITED,2637.60,2649.90,2611.00,2624.00,2624.00,2635.00,,2623.29,,,332552,873154888.70,22369,F1,1,,,,,
2026-08-27,2026-08-27,CM,NSE,STK,756038,INE299N01021,WAAREERTL,EQ,,,,,WAAREE RENEWABLE TECH LTD,889.95,894.70,870.65,874.95,875.00,885.75,,874.93,,,102752,90219625.05,6495,F1,1,,,,,
2026-08-27,2026-08-27,CM,NSE,STK,760259,INE0E7301029,WAKEFIT,EQ,,,,,WAKEFIT INNOVATIONS LTD,144.83,148.84,143.08,147.72,146.50,145.72,,147.71,,,1090896,160659896.07,12090,F1,1,,,,,
2026-08-27,2026-08-27,CM,NSE,STK,3736,INE711A01022,WALCHANNAG,EQ,,,,,WALCHANDNAGAR INDUSTRIES,220.20,230.99,220.20,222.26,222.50,220.94,,222.26,,,902632,204164718.31,11601,F1,1,,,,,
2026-08-27,2026-08-27,CM,NSE,STK,5013,INE0G2G01015,WALPAR,SM,,,,,WALPAR NUTRITIONS LIMITED,29.90,29.90,28.45,28.45,28.45,29.90,,28.45,,,4000,116700.00,2,F1,2000,,,,,
2026-08-27,2026-08-27,CM,NSE,STK,14063,INE107F01022,WANBURY,EQ,,,,,WANBURY LIMITED,260.55,264.15,253.50,254.65,255.70,261.15,,254.66,,,179235,46085023.80,4193,F1,1,,,,,
2026-08-27,2026-08-27,CM,NSE,STK,765225,INE945P01024,WARDINMOBI,EQ,,,,,WARDWIZARD INNO & MOB L,6.08,6.08,5.70,5.89,5.93,6.03,,5.90,,,598577,3532839.13,1177,F1,1,,,,,
2026-08-27,2026-08-27,CM,NSE,STK,3745,INE054C01015,WATERBASE,EQ,,,,,WATERBASE LTD.,48.32,49.50,48.01,48.76,48.81,49.31,,48.76,,,27659,1350584.57,290,F1,1,,,,,
2026-08-27,2026-08-27,CM,NSE,STK,762163,INE0LZF01039,CORDELIA,EQ,,,,,WATERWAYS LEISURE TOUR L,107.05,107.05,104.05,105.00,105.05,109.50,,105.00,,,2571955,269734925.40,10201,F1,1,,,,,
2026-08-27,2026-08-27,CM,NSE,STK,759215,INE0A3007065,1075WCA28,N0,,,,,WCAPL 10.75% 2028,9481.52,9481.52,9481.52,9481.52,9481.52,9481.52,,9481.52,,,16,151704.32,1,F1,1,,,,,
2026-08-27,2026-08-27,CM,NSE,STK,9862,INE082W01014,WEWIN,EQ,,,,,WE WIN LIMITED,46.99,46.99,46.00,46.21,46.40,45.40,,46.21,,,111,5157.73,11,F1,1,,,,,
2026-08-27,2026-08-27,CM,NSE,STK,760482,INF2F0001370,TWCGOLDETF,EQ,,,,,WEALTH - TWCGOLDETF,158.14,158.14,154.92,156.60,156.47,159.14,,156.60,,,50590,7942924.64,148,F1,1,,,,,
2026-08-27,2026-08-27,CM,NSE,STK,1923,INE658T01017,WEALTH,EQ,,,,,WEALTH FRST PORT. MG. LTD,856.40,864.85,856.05,864.15,864.00,856.05,,864.15,,,271,233247.00,69,F1,1,,,,,
2026-08-27,2026-08-27,CM,NSE,STK,14602,INE855C01023,WEBELSOLAR,EQ,,,,,WEBSOL ENERGY SYSTEM LTD,78.55,80.70,76.80,77.29,77.90,78.27,,77.28,,,2179657,170772578.06,15524,F1,1,,,,,
2026-08-27,2026-08-27,CM,NSE,STK,3748,INE080A01014,WEIZMANIND,EQ,,,,,WEIZMANN LTD,75.30,76.99,75.00,75.60,75.99,75.63,,75.60,,,401,30157.46,25,F1,1,,,,,
2026-08-27,2026-08-27,CM,NSE,STK,11821,INE191B01025,WELCORP,EQ,,,,,WELSPUN CORP LIMITED,2315.00,2437.30,2313.70,2405.80,2406.00,2306.70,,2405.84,,,4076090,9791663800.20,189282,F1,1,,,,,
2026-08-27,2026-08-27,CM,NSE,STK,11626,INE625G01013,WELENT,EQ,,,,,WELSPUN ENTERPRISES LTD.,689.90,696.40,675.00,676.60,678.80,692.85,,676.64,,,258277,177041680.90,10739,F1,1,,,,,
2026-08-27,2026-08-27,CM,NSE,STK,19804,INE389K01018,WELINV,BE,,,,,WELSPUN INV & COMM LTD,2293.80,2295.00,2293.80,2293.80,2293.80,2340.60,,1982.40,,,699,1603396.20,51,F1,1,,,,,
2026-08-27,2026-08-27,CM,NSE,STK,11253,INE192B01031,WELSPUNLIV,EQ,,,,,WELSPUN LIVING LIMITED,190.11,192.80,187.60,192.29,192.45,190.63,,192.29,,,2534490,482798034.04,23761,F1,1,,,,,
2026-08-27,2026-08-27,CM,NSE,STK,762971,INE731F01037,WELSPLSOL,EQ,,,,,WELSPUN SPECIALTY SOL L,55.00,57.60,53.40,54.03,53.51,54.71,,54.03,,,1948887,108403526.45,12214,F1,1,,,,,
2026-08-27,2026-08-27,CM,NSE,STK,4235,INE274C01019,WENDT,EQ,,,,,WENDT (INDIA) LIMITED,8209.00,8516.50,8126.00,8376.00,8395.00,8148.50,,8375.93,,,14765,123356292.00,3390,F1,1,,,,,
2026-08-27,2026-08-27,CM,NSE,STK,3799,INE976A01021,WSTCSTPAPR,EQ,,,,,WEST COAST PAPER MILLS LT,614.00,638.95,604.40,606.85,609.60,607.80,,606.86,,,439692,272922612.80,10928,F1,1,,,,,
2026-08-27,2026-08-27,CM,NSE,STK,25403,INE0CJF01024,WCIL,EQ,,,,,WESTERN CARRIERS (IND) L,86.65,87.84,86.29,87.12,87.10,86.21,,87.12,,,71591,6209896.71,594,F1,1,,,,,
2026-08-27,2026-08-27,CM,NSE,STK,11580,INE274F01020,WESTLIFE,EQ,,,,,WESTLIFE FOODWORLD LTD,570.00,570.25,553.45,563.25,564.55,566.20,,563.24,,,59250,33274736.85,5297,F1,1,,,,,
2026-08-27,2026-08-27,CM,NSE,STK,759434,INE085001019,WEWORK,EQ,,,,,WEWORK INDIA MANAGEMENT L,678.00,694.85,672.65,675.35,674.00,678.30,,675.34,,,316546,215763204.20,20324,F1,1,,,,,
2026-08-27,2026-08-27,CM,NSE,STK,3766,INE715A01015,WHEELS,EQ,,,,,WHEELS INDIA LTD,1486.00,1520.00,1483.00,1516.30,1519.00,1487.10,,1516.12,,,31125,46859419.20,3593,F1,1,,,,,
2026-08-27,2026-08-27,CM,NSE,STK,18011,INE716A01013,WHIRLPOOL,EQ,,,,,WHIRLPOOL OF INDIA LTD,777.85,858.70,772.00,841.15,844.00,771.70,,841.28,,,5452955,4483184624.05,123899,F1,1,,,,,
2026-08-27,2026-08-27,CM,NSE,STK,3772,INE210A01017,WILLAMAGOR,EQ,,,,,WILLIAMSON MAGOR,24.00,24.35,24.00,24.10,24.10,24.05,,24.48,,,90,2161.25,7,F1,1,,,,,
2026-08-27,2026-08-27,CM,NSE,STK,5366,INE0H5O01029,WINDLAS,EQ,,,,,WINDLAS BIOTECH LIMITED,988.30,1010.00,972.00,987.15,982.30,978.40,,987.10,,,29843,29349190.75,2738,F1,1,,,,,
2026-08-27,2026-08-27,CM,NSE,STK,24969,INE052A01021,WINDMACHIN,EQ,,,,,WINDSOR MACHINES LIMITED,309.90,310.00,301.10,303.95,302.35,309.15,,303.90,,,35449,10781820.50,1562,F1,1,,,,,
2026-08-27,2026-08-27,CM,NSE,STK,23714,INE0S3D01016,WINSOL,SM,,,,,WINSOL ENGINEERS LIMITED,113.00,114.50,110.50,114.50,114.50,113.00,,114.50,,,4400,492820.00,7,F1,400,,,,,
2026-08-27,2026-08-27,CM,NSE,STK,3787,INE075A01022,WIPRO,EQ,,,,,WIPRO LTD,177.35,178.70,176.40,176.40,176.40,177.35,,176.42,,,4695019,832639252.33,54303,F1,1,,,,,
2026-08-27,2026-08-27,CM,NSE,STK,22725,INE623Y01011,WTICAB,SM,,,,,WISE TRAVEL INDIA LIMITED,109.00,109.00,102.00,102.80,102.65,109.00,,102.80,,,13000,1345450.00,16,F1,500,,,,,
2026-08-27,2026-08-27,CM,NSE,STK,7506,INE049B01025,WOCKPHARMA,EQ,,,,,WOCKHARDT LIMITED,1883.10,1987.00,1874.00,1962.00,1971.00,1882.10,,1961.93,,,1210241,2360513572.80,59334,F1,1,,,,,
2026-08-27,2026-08-27,CM,NSE,STK,25605,INE0OO201011,WOL3D,ST,,,,,WOL 3D INDIA LIMITED,138.55,143.95,138.55,143.95,143.95,144.80,,143.95,,,4000,562500.00,4,F1,1000,,,,,
2026-08-27,2026-08-27,CM,NSE,STK,19627,INE0Q9601016,WOMANCART,SM,,,,,WOMANCART LIMITED,124.95,124.95,118.00,119.25,120.00,123.45,,119.25,,,14400,1747520.00,36,F1,400,,,,,
2026-08-27,2026-08-27,CM,NSE,STK,7835,INE02WG01024,WEL,EQ,,,,,WONDER ELECTRICALS LTD,157.50,179.20,124.74,124.74,124.74,155.92,,124.74,,,129566541,19443883496.52,566211,F1,1,,,,,
2026-08-27,2026-08-27,CM,NSE,STK,3002,INE066O01014,WONDERLA,EQ,,,,,WONDERLA HOLIDAYS LTD.,515.20,547.00,515.00,542.25,541.00,516.05,,542.26,,,318827,170403250.80,11876,F1,1,,,,,
2026-08-27,2026-08-27,CM,NSE,STK,22277,INE196Y01018,WORTHPERI,EQ,,,,,WORTH PERIPHERALS LIMITED,157.49,158.15,152.01,153.38,153.00,157.44,,153.38,,,6829,1061994.35,410,F1,1,,,,,
2026-08-27,2026-08-27,CM,NSE,STK,11705,INE692G01013,XCHANGING,EQ,,,,,XCHANGING SOLUTIONS LTD,61.82,62.11,61.00,61.29,61.67,61.51,,61.29,,,27470,1688414.99,599,F1,1,,,,,
2026-08-27,2026-08-27,CM,NSE,STK,8477,INE01P501012,XELPMOC,EQ,,,,,XELPMOC DESIGN & TECH LTD,81.01,83.60,79.01,81.09,81.80,81.81,,81.09,,,9504,769372.74,200,F1,1,,,,,
2026-08-27,2026-08-27,CM,NSE,STK,11407,INE445C01015,XPROINDIA,EQ,,,,,XPRO INDIA LIMITED,1173.00,1180.00,1134.00,1137.10,1140.00,1176.30,,1137.12,,,35135,40438547.10,2911,F1,1,,,,,
2026-08-27,2026-08-27,CM,NSE,STK,25235,INE547B01028,XTGLOBAL,EQ,,,,,XTGLOBAL INFOTECH LIMITED,29.00,29.99,28.61,29.88,29.90,29.29,,29.88,,,69117,2010375.27,327,F1,1,,,,,
2026-08-27,2026-08-27,CM,NSE,STK,764312,INE0NG701011,XTRANET,EQ,,,,,XTRANET TECHNOLOGIES LTD,162.80,169.89,154.26,164.26,163.81,159.83,,164.37,,,5164628,823730309.04,34482,F1,1,,,,,
2026-08-27,2026-08-27,CM,NSE,STK,760870,INE0U0J01015,YAAP,SM,,,,,YAAP DIGITAL LIMITED,130.00,130.00,127.85,129.95,129.95,132.50,,129.95,,,7000,900900.00,7,F1,1000,,,,,
2026-08-27,2026-08-27,CM,NSE,STK,23451,INE0TO601017,YASHOPTICS,SM,,,,,YASH OPTICS & LENS LTD,121.50,121.50,118.00,118.00,118.00,117.00,,118.00,,,4000,477200.00,4,F1,800,,,,,
2026-08-27,2026-08-27,CM,NSE,STK,18131,INE616Z01012,YASHO,EQ,,,,,YASHO INDUSTRIES LIMITED,4400.00,4400.00,4240.00,4341.70,4350.00,4369.60,,4341.81,,,24392,105209453.40,6872,F1,1,,,,,
2026-08-27,2026-08-27,CM,NSE,STK,17738,INE0JO301016,YATHARTH,EQ,,,,,YATHARTH HOSP & TRA C S L,968.00,982.00,942.75,973.05,980.80,965.30,,972.91,,,684457,657392719.40,25557,F1,1,,,,,
2026-08-27,2026-08-27,CM,NSE,STK,18760,INE0JR601024,YATRA,EQ,,,,,YATRA ONLINE LIMITED,113.52,113.52,107.23,107.81,108.00,112.89,,107.81,,,779798,85536703.79,6351,F1,1,,,,,
2026-08-27,2026-08-27,CM,NSE,STK,11915,INE528G01035,YESBANK,EQ,,,,,YES BANK LIMITED,22.40,22.55,22.25,22.26,22.26,22.38,,21.96,,,40844488,914550395.85,57671,F1,1,,,,,
2026-08-27,2026-08-27,CM,NSE,STK,765010,INE290E01011,YOGI,EQ,,,,,YOGI LTD.,163.90,166.00,163.89,165.38,165.40,163.09,,165.38,,,965,158401.28,25,F1,1,,,,,
2026-08-27,2026-08-27,CM,NSE,STK,18040,INE09FA01019,YUDIZ,SM,,,,,YUDIZ SOLUTIONS LIMITED,24.80,24.80,24.80,24.80,24.80,24.00,,24.80,,,1600,39680.00,1,F1,800,,,,,
2026-08-27,2026-08-27,CM,NSE,STK,5501,INE384C01016,YUKEN,EQ,,,,,YUKEN INDIA LIMITED,939.00,951.00,923.00,928.70,923.00,938.85,,928.70,,,8665,8094309.30,582,F1,1,,,,,
2026-08-27,2026-08-27,CM,NSE,STK,4229,INE116C01012,ZFSTEERING,EQ,,,,,Z F STEERING GEAR (I) LTD,678.00,678.00,670.00,671.25,674.10,669.60,,671.25,,,1786,1199359.95,83,F1,1,,,,,
2026-08-27,2026-08-27,CM,NSE,STK,23976,INE0ISZ01012,ZTECH,SM,,,,,Z-TECH (INDIA) LIMITED,490.10,490.10,470.00,477.60,470.00,490.45,,477.60,,,32400,15685125.00,69,F1,300,,,,,
2026-08-27,2026-08-27,CM,NSE,STK,18608,INE07K301024,ZAGGLE,EQ,,,,,ZAGGLE PREPA OCEAN SER L,190.07,196.39,187.57,189.43,189.15,190.76,,189.44,,,1804121,345033398.33,18273,F1,1,,,,,
2026-08-27,2026-08-27,CM,NSE,STK,17766,INE0PPS01018,ZEAL,SM,,,,,ZEAL GLOBAL SERVICES LTD,63.05,63.05,62.00,62.50,62.00,63.00,,62.50,,,1800,112830.00,3,F1,600,,,,,
2026-08-27,2026-08-27,CM,NSE,STK,3812,INE256A01028,ZEEL,EQ,,,,,ZEE ENTERTAINMENT ENT LTD,105.01,107.33,103.45,103.98,103.70,104.42,,103.98,,,24740990,2603626992.89,68930,F1,1,,,,,
2026-08-27,2026-08-27,CM,NSE,STK,20856,INE565L01011,ZEELEARN,BE,,,,,ZEE LEARN LIMITED,7.83,8.00,7.81,7.82,7.87,7.89,,7.82,,,166946,1318324.76,243,F1,1,,,,,
2026-08-27,2026-08-27,CM,NSE,STK,14003,INE966H01019,ZEEMEDIA,EQ,,,,,ZEE MEDIA CORPORATION LTD,8.93,9.09,8.55,8.61,8.65,8.92,,8.61,,,2989191,26014864.91,3301,F1,1,,,,,
2026-08-27,2026-08-27,CM,NSE,STK,7508,INE251B01027,ZENTEC,EQ,,,,,ZEN TECHNOLOGIES LIMITED,1873.40,1873.60,1816.30,1825.60,1823.00,1873.40,,1825.65,,,281461,518017164.50,21053,F1,1,,,,,
2026-08-27,2026-08-27,CM,NSE,STK,22803,INE0QWN01013,ZENITHDRUG,SM,,,,,ZENITH DRUGS LIMITED,41.90,41.90,41.20,41.20,41.20,41.90,,41.20,,,4000,166520.00,5,F1,800,,,,,
2026-08-27,2026-08-27,CM,NSE,STK,14562,INE318D01020,ZENITHSTL,EQ,,,,,ZENITH STEEL PIP IND LTD,5.53,5.53,5.35,5.40,5.37,5.38,,5.40,,,60821,329414.88,183,F1,1,,,,,
2026-08-27,2026-08-27,CM,NSE,STK,1076,INE520A01027,ZENSARTECH,EQ,,,,,ZENSAR TECHNOLOGIES  LTD,473.40,474.75,461.50,463.75,463.00,471.85,,463.80,,,526320,245419480.70,23704,F1,1,,,,,
2026-08-27,2026-08-27,CM,NSE,STK,22901,INF0R8F01042,GOLDCASE,EQ,,,,,ZERODHAAMC - GOLDCASE,25.83,25.83,24.42,24.74,24.78,25.20,,24.74,,,17372151,430651111.94,13542,F1,1,,,,,
2026-08-27,2026-08-27,CM,NSE,STK,21750,INF0R8F01034,LIQUIDCASE,EQ,,,,,ZERODHAAMC - LIQUIDCASE,115.65,115.67,115.64,115.65,115.66,115.63,,115.65,,,15951837,1844858626.19,11041,F1,1,,,,,
2026-08-27,2026-08-27,CM,NSE,STK,758705,INF0R8F01133,LTGILTCASE,EQ,,,,,ZERODHAAMC - LTGILTCASE,30.69,30.69,30.51,30.55,30.56,30.64,,30.55,,,182606,5582223.73,194,F1,1,,,,,
2026-08-27,2026-08-27,CM,NSE,STK,24077,INF0R8F01059,MID150CASE,EQ,,,,,ZERODHAAMC - MID150CASE,12.17,12.17,11.72,11.85,11.86,11.88,,11.85,,,1043872,12384279.24,3046,F1,1,,,,,
2026-08-27,2026-08-27,CM,NSE,STK,759302,INF0R8F01166,NIFTYCASE,EQ,,,,,ZERODHAAMC - NIFTYCASE,10.01,10.01,9.69,9.71,9.71,9.77,,9.71,,,861269,8373728.54,1598,F1,1,,,,,
2026-08-27,2026-08-27,CM,NSE,STK,30274,INF0R8F01091,SILVERCASE,EQ,,,,,ZERODHAAMC - SILVERCASE,25.02,25.03,23.77,23.96,23.96,24.41,,23.96,,,12293512,295376483.19,7869,F1,1,,,,,
2026-08-27,2026-08-27,CM,NSE,STK,758955,INF0R8F01141,SML100CASE,EQ,,,,,ZERODHAAMC - SML100CASE,11.71,11.71,11.37,11.41,11.44,11.43,,11.41,,,2162153,24679232.76,1388,F1,1,,,,,
2026-08-27,2026-08-27,CM,NSE,STK,24081,INF0R8F01067,TOP100CASE,EQ,,,,,ZERODHAAMC - TOP100CASE,10.92,10.92,10.60,10.65,10.66,10.71,,10.65,,,651028,6943320.37,1157,F1,1,,,,,
2026-08-27,2026-08-27,CM,NSE,STK,16915,INE342J01019,ZFCVINDIA,EQ,,,,,ZF COM VE CTR SYS IND LTD,2575.60,2601.80,2545.10,2570.50,2573.00,2588.40,,2570.44,,,65894,169600470.60,12594,F1,1,,,,,
2026-08-27,2026-08-27,CM,NSE,STK,12384,INE518E01015,ZIMLAB,EQ,,,,,ZIM LABORATORIES LIMITED,126.41,130.40,125.00,125.21,125.70,126.40,,125.19,,,40646,5161206.83,541,F1,1,,,,,
2026-08-27,2026-08-27,CM,NSE,STK,3821,INE206B01013,ZODIACLOTH,EQ,,,,,ZODIAC CLOTHING CO. LTD.,74.29,74.29,72.12,72.63,73.37,73.56,,72.63,,,3734,270910.42,74,F1,1,,,,,
2026-08-27,2026-08-27,CM,NSE,STK,7129,INE761Y01019,ZODIAC,EQ,,,,,ZODIAC ENERGY LIMITED,253.35,256.10,242.10,245.80,247.20,250.85,,245.54,,,10402,2564887.85,652,F1,1,,,,,
2026-08-27,2026-08-27,CM,NSE,STK,11394,INE358U01012,ZOTA,EQ,,,,,ZOTA HEALTH CARE LIMITED,1080.60,1111.00,1080.00,1081.30,1084.00,1077.10,,1081.30,,,34014,37002811.50,2204,F1,1,,,,,
2026-08-27,2026-08-27,CM,NSE,STK,29050,INE840M01016,ZUARI,EQ,,,,,ZUARI AGRO CHEMICALS LTD,236.75,237.82,230.02,230.83,230.30,234.30,,230.84,,,57189,13283616.70,1470,F1,1,,,,,
2026-08-27,2026-08-27,CM,NSE,STK,3827,INE217A01012,ZUARIIND,EQ,,,,,ZUARI INDUSTRIES LIMITED,275.90,284.00,269.25,270.85,271.75,275.90,,270.86,,,49782,13618192.95,1508,F1,1,,,,,
2026-08-27,2026-08-27,CM,NSE,STK,7929,INE010B01027,ZYDUSLIFE,EQ,,,,,ZYDUS LIFESCIENCES LTD,1160.00,1195.40,1142.10,1189.20,1189.20,1150.00,,1189.20,,,3168135,3712031365.40,57357,F1,1,,,,,
2026-08-27,2026-08-27,CM,NSE,STK,17635,INE768C01028,ZYDUSWELL,EQ,,,,,ZYDUS WELLNESS LIMITED,529.20,537.70,528.95,535.20,533.00,529.20,,535.16,,,208254,111219061.70,12975,F1,1,,,,,
