TradDt,BizDt,Sgmt,Src,FinInstrmTp,FinInstrmId,ISIN,TckrSymb,SctySrs,XpryDt,FininstrmActlXpryDt,StrkPric,OptnTp,FinInstrmNm,OpnPric,HghPric,LwPric,ClsPric,LastPric,PrvsClsgPric,UndrlygPric,SttlmPric,OpnIntrst,ChngInOpnIntrst,TtlTradgVol,TtlTrfVal,TtlNbOfTxsExctd,SsnId,NewBrdLotQty,Rmks,Rsvd1,Rsvd2,Rsvd3,Rsvd4
2026-08-28,2026-08-28,CM,NSE,STK,19078,IN0020200104,SGBJUN28,GB,,,,,2.5%GOLDBONDS2028SR-III,15459.19,15644.98,15459.19,15636.18,15644.96,15638.46,,15645.88,,,108,1675993.26,43,F1,1,,,,,
2026-08-28,2026-08-28,CM,NSE,STK,1342,IN0020200286,SGBN28VIII,GB,,,,,2.5%GOLDBONDS2028SR-VIII,15700.00,15700.00,15531.00,15630.00,15630.00,15656.74,,15632.22,,,202,3150699.89,37,F1,1,,,,,
2026-08-28,2026-08-28,CM,NSE,STK,3742,IN0020210053,SGBMAY29I,GB,,,,,2.5%GOLDBONDS2029SR-I,15604.99,15651.00,15505.00,15618.04,15612.00,15608.80,,15614.18,,,1057,16464631.11,117,F1,1,,,,,
2026-08-28,2026-08-28,CM,NSE,STK,3743,IN0020210061,SGBJUN29II,GB,,,,,2.5%GOLDBONDS2029SR-II,15500.00,15670.00,15500.00,15567.27,15560.00,15623.55,,15564.25,,,84,1304138.32,21,F1,1,,,,,
2026-08-28,2026-08-28,CM,NSE,STK,3800,IN0020210087,SGBJU29III,GB,,,,,2.5%GOLDBONDS2029SR-III,15500.00,15640.00,15500.00,15639.99,15639.99,15611.60,,15639.99,,,38,591291.36,15,F1,1,,,,,
2026-08-28,2026-08-28,CM,NSE,STK,5575,IN0020210145,SGBSEP29VI,GB,,,,,2.5%GOLDBONDS2029SR-VI,15802.27,16100.00,15566.01,15899.84,15900.00,15802.27,,15875.89,,,98,1548443.06,56,F1,1,,,,,
2026-08-28,2026-08-28,CM,NSE,STK,6518,IN0020210178,SGBNV29VII,GB,,,,,2.5%GOLDBONDS2029SR-VII,15610.00,15650.00,15537.65,15631.00,15631.00,15675.16,,15623.60,,,149,2325902.86,20,F1,1,,,,,
2026-08-28,2026-08-28,CM,NSE,STK,5960,IN0020180249,SGBOCT26,GB,,,,,2.50%GOLDBONDS2026SR-II,15510.00,15621.50,15510.00,15621.50,15621.50,15700.00,,15621.50,,,9,140259.82,5,F1,1,,,,,
2026-08-28,2026-08-28,CM,NSE,STK,6355,IN0020180314,SGBNOV26,GB,,,,,2.50%GOLDBONDS2026SR-III,15639.95,15640.00,15639.95,15640.00,15640.00,15750.00,,15640.00,,,10,156399.58,3,F1,1,,,,,
2026-08-28,2026-08-28,CM,NSE,STK,10261,IN0020190073,SGBJUN27,GB,,,,,2.50%GOLDBONDS2027SR-I,15586.26,15586.26,15586.26,15586.26,15586.26,15589.95,,15586.26,,,6,93517.56,5,F1,1,,,,,
2026-08-28,2026-08-28,CM,NSE,STK,11154,IN0020190081,SGBJUL27,GB,,,,,2.50%GOLDBONDS2027SR-II,15450.01,15599.90,15450.01,15599.90,15599.90,15999.98,,15599.90,,,8,124199.64,2,F1,1,,,,,
2026-08-28,2026-08-28,CM,NSE,STK,12904,IN0020190107,SGBAUG27,GB,,,,,2.50%GOLDBONDS2027SR-III,15500.00,15596.47,15499.97,15550.00,15550.00,15588.16,,15576.31,,,60,931002.60,29,F1,1,,,,,
2026-08-28,2026-08-28,CM,NSE,STK,13209,IN0020190115,SGBSEP27,GB,,,,,2.50%GOLDBONDS2027SR-IV,15750.00,15801.03,15750.00,15800.21,15800.00,15750.00,,15800.21,,,124,1958971.06,6,F1,1,,,,,
2026-08-28,2026-08-28,CM,NSE,STK,13981,IN0020190370,SGBOCT27,GB,,,,,2.50%GOLDBONDS2027SR-V,15750.00,15750.00,15750.00,15750.00,15750.00,15750.00,,15750.00,,,12,189000.00,2,F1,1,,,,,
2026-08-28,2026-08-28,CM,NSE,STK,8766,IN0020180561,SGBFEB27,GB,,,,,2.50%GOLDBONDS2027SR-VI,15726.00,15726.00,15463.30,15594.65,15726.00,15726.00,,15543.98,,,32,502335.67,7,F1,1,,,,,
2026-08-28,2026-08-28,CM,NSE,STK,14252,IN0020190388,SGBOCT27VI,GB,,,,,2.50%GOLDBONDS2027SR-VI,15765.00,15765.00,15765.00,15765.00,15765.00,15765.00,,15765.00,,,7,110355.00,1,F1,1,,,,,
2026-08-28,2026-08-28,CM,NSE,STK,15432,IN0020190461,SGBDC27VII,GB,,,,,2.50%GOLDBONDS2027SR-VII,15500.00,15505.00,15500.00,15505.00,15505.00,15747.50,,15505.00,,,5,77515.00,2,F1,1,,,,,
2026-08-28,2026-08-28,CM,NSE,STK,18862,IN0020200062,SGBAPR28I,GB,,,,,2.50%GOLDBONDS2028SR-I,15575.02,15710.00,15550.00,15700.28,15710.00,15657.80,,15700.26,,,320,5011671.32,42,F1,1,,,,,
2026-08-28,2026-08-28,CM,NSE,STK,18972,IN0020200088,SGBMAY28,GB,,,,,2.50%GOLDBONDS2028SR-II,15470.00,15649.00,15470.00,15623.18,15602.00,15590.36,,15623.18,,,77,1200468.59,24,F1,1,,,,,
2026-08-28,2026-08-28,CM,NSE,STK,22242,IN0020200146,SGBJUL28IV,GB,,,,,2.50%GOLDBONDS2028SR-IV,15572.31,15629.98,15405.01,15600.48,15600.00,15572.31,,15602.91,,,351,5462976.23,81,F1,1,,,,,
2026-08-28,2026-08-28,CM,NSE,STK,17664,IN0020190545,SGBFEB28IX,GB,,,,,2.50%GOLDBONDS2028SR-IX,15410.00,15410.00,15410.00,15410.00,15410.00,15800.00,,15410.00,,,1,15410.00,1,F1,1,,,,,
2026-08-28,2026-08-28,CM,NSE,STK,22385,IN0020200161,SGBAUG28V,GB,,,,,2.50%GOLDBONDS2028SR-V,15610.00,15676.00,15500.00,15584.20,15599.99,15605.81,,15578.99,,,813,12642293.29,148,F1,1,,,,,
2026-08-28,2026-08-28,CM,NSE,STK,149,IN0020200195,SGBSEP28VI,GB,,,,,2.50%GOLDBONDS2028SR-VI,15910.00,15910.00,15713.05,15751.37,15779.00,15880.28,,15735.30,,,128,2015859.03,39,F1,1,,,,,
2026-08-28,2026-08-28,CM,NSE,STK,834,IN0020200203,SGBOC28VII,GB,,,,,2.50%GOLDBONDS2028SR-VII,15630.51,15700.00,15525.00,15700.00,15700.00,15630.51,,15700.00,,,385,5992787.88,44,F1,1,,,,,
2026-08-28,2026-08-28,CM,NSE,STK,17110,IN0020190537,SGBJ28VIII,GB,,,,,2.50%GOLDBONDS2028SR-VIII,15355.00,15619.00,15315.01,15549.51,15619.00,15979.99,,15549.51,,,85,1314406.16,10,F1,1,,,,,
2026-08-28,2026-08-28,CM,NSE,STK,18451,IN0020190552,SGBMAR28X,GB,,,,,2.50%GOLDBONDS2028SR-X,15800.00,15915.00,15800.00,15915.00,15915.00,15949.00,,15915.00,,,16,253770.55,5,F1,1,,,,,
2026-08-28,2026-08-28,CM,NSE,STK,5113,IN0020210111,SGBJUL29IV,GB,,,,,2.50%GOLDBONDS2029SR-IV,15500.00,15616.08,15425.02,15560.18,15561.00,15579.39,,15571.56,,,115,1782909.08,44,F1,1,,,,,
2026-08-28,2026-08-28,CM,NSE,STK,1920,IN0020200377,SGBJAN29IX,GB,,,,,2.50%GOLDBONDS2029SR-IX,15667.86,15667.86,15411.00,15580.43,15624.00,15621.00,,15580.43,,,716,11128149.61,99,F1,1,,,,,
2026-08-28,2026-08-28,CM,NSE,STK,5455,IN0020210129,SGBAUG29V,GB,,,,,2.50%GOLDBONDS2029SR-V,15520.50,15749.99,15513.02,15749.00,15749.00,15667.82,,15754.00,,,55,856346.88,30,F1,1,,,,,
2026-08-28,2026-08-28,CM,NSE,STK,7098,IN0020210228,SGBD29VIII,GB,,,,,2.50%GOLDBONDS2029SR-VIII,15632.70,15696.99,15505.01,15612.71,15601.01,15632.70,,15609.96,,,407,6341669.66,60,F1,1,,,,,
2026-08-28,2026-08-28,CM,NSE,STK,2003,IN0020200385,SGBJAN29X,GB,,,,,2.50%GOLDBONDS2029SR-X,15412.00,15584.35,15412.00,15574.51,15565.02,15593.40,,15574.51,,,87,1351482.98,40,F1,1,,,,,
2026-08-28,2026-08-28,CM,NSE,STK,2200,IN0020200393,SGBFEB29XI,GB,,,,,2.50%GOLDBONDS2029SR-XI,15670.00,15670.00,15500.01,15530.00,15530.00,15561.17,,15530.00,,,46,716446.27,22,F1,1,,,,,
2026-08-28,2026-08-28,CM,NSE,STK,2810,IN0020200427,SGBMR29XII,GB,,,,,2.50%GOLDBONDS2029SR-XII,15750.00,15826.00,15660.01,15823.84,15826.00,15757.09,,15823.84,,,145,2290464.16,22,F1,1,,,,,
2026-08-28,2026-08-28,CM,NSE,STK,10232,IN0020220045,SGBJUN30,GB,,,,,2.50%GOLDBONDS2030SR-I,15455.01,15800.00,15455.01,15710.00,15800.00,15730.00,,15719.29,,,51,798204.46,23,F1,1,,,,,
2026-08-28,2026-08-28,CM,NSE,STK,11192,IN0020220078,SGBAUG30,GB,,,,,2.50%GOLDBONDS2030SR-II,15785.45,15785.45,15618.60,15731.81,15735.00,15785.45,,15732.61,,,58,911129.13,28,F1,1,,,,,
2026-08-28,2026-08-28,CM,NSE,STK,13642,IN0020220110,SGBDE30III,GB,,,,,2.50%GOLDBONDS2030SR-III,15327.09,15799.98,15327.09,15707.87,15699.99,15720.10,,15708.23,,,313,4905150.64,71,F1,1,,,,,
2026-08-28,2026-08-28,CM,NSE,STK,7879,IN0020210236,SGBJAN30IX,GB,,,,,2.50%GOLDBONDS2030SR-IX,15550.00,15665.01,15550.00,15620.15,15620.15,15658.69,,15620.15,,,28,436990.46,15,F1,1,,,,,
2026-08-28,2026-08-28,CM,NSE,STK,8401,IN0020210319,SGBMAR30X,GB,,,,,2.50%GOLDBONDS2030SR-X,15649.00,15701.00,15535.79,15700.00,15700.00,15693.13,,15700.00,,,36,563664.70,15,F1,1,,,,,
2026-08-28,2026-08-28,CM,NSE,STK,17202,IN0020230069,SGBJUN31I,GB,,,,,2.50%GOLDBONDS2031SR-I,15890.00,15890.00,15650.00,15793.97,15770.00,15895.84,,15779.56,,,509,7997213.64,172,F1,1,,,,,
2026-08-28,2026-08-28,CM,NSE,STK,19456,IN0020230093,SGBSEP31II,GB,,,,,2.50%GOLDBONDS2031SR-II,15751.11,15949.99,15751.11,15901.10,15872.00,16003.20,,15898.80,,,1571,24906547.44,263,F1,1,,,,,
2026-08-28,2026-08-28,CM,NSE,STK,22476,IN0020230168,SGBDE31III,GB,,,,,2.50%GOLDBONDS2031SR-III,15992.77,15992.77,15751.01,15965.96,15935.00,15992.77,,15965.03,,,1729,27432096.87,289,F1,1,,,,,
2026-08-28,2026-08-28,CM,NSE,STK,14598,IN0020220169,SGBMAR31IV,GB,,,,,2.50%GOLDBONDS2031SR-IV,15675.00,15832.00,15661.01,15832.00,15832.00,15859.44,,15806.00,,,59,929532.61,19,F1,1,,,,,
2026-08-28,2026-08-28,CM,NSE,STK,22886,IN0020230184,SGBFEB32IV,GB,,,,,2.50%GOLDBONDS2032SR-IV,15961.01,16145.00,15856.02,16082.66,16080.00,16060.04,,16086.72,,,2210,35278548.18,377,F1,1,,,,,
2026-08-28,2026-08-28,CM,NSE,STK,16921,INE144J01027,20MICRONS,EQ,,,,,20 MICRONS LTD,217.34,224.87,217.00,222.00,220.30,216.37,,221.99,,,241206,53281611.76,5911,F1,1,,,,,
2026-08-28,2026-08-28,CM,NSE,STK,4,INE253B01015,21STCENMGM,EQ,,,,,21ST CENTURY MGMT SERVICE,41.74,41.74,41.16,41.16,41.16,42.00,,41.17,,,3530,145822.12,33,F1,1,,,,,
2026-08-28,2026-08-28,CM,NSE,STK,13061,INE466L01038,360ONE,EQ,,,,,360 ONE WAM LIMITED,1204.00,1208.00,1193.90,1200.00,1200.00,1204.00,,1200.00,,,422710,508479692.60,29706,F1,1,,,,,
2026-08-28,2026-08-28,CM,NSE,STK,30105,INF579M01BB5,GOLD360,EQ,,,,,360ONEAMC - GOLD360,154.30,155.00,152.55,154.70,154.40,153.85,,154.71,,,16074,2470678.15,323,F1,1,,,,,
2026-08-28,2026-08-28,CM,NSE,STK,763602,INF579M01BP5,MSCI360,EQ,,,,,360ONEAMC - MSCI360,10.12,10.47,10.05,10.22,10.22,10.22,,10.22,,,32814,333160.01,42,F1,1,,,,,
2026-08-28,2026-08-28,CM,NSE,STK,756150,INF579M01BC3,SILVER360,EQ,,,,,360ONEAMC - SILVER360,232.74,237.50,232.74,236.33,236.05,233.10,,236.33,,,11929,2802263.86,315,F1,1,,,,,
2026-08-28,2026-08-28,CM,NSE,STK,762518,INE994E01018,3BBLACKBIO,EQ,,,,,3B BLACKBIO DX LTD.,1362.00,1463.00,1362.00,1441.20,1440.10,1350.30,,1440.81,,,45446,64328466.00,3114,F1,1,,,,,
2026-08-28,2026-08-28,CM,NSE,STK,6240,INE748C01038,3IINFOLTD,BE,,,,,3I INFOTECH LIMITED,23.50,24.57,23.40,23.85,23.85,23.40,,23.82,,,185320,4462630.79,824,F1,1,,,,,
2026-08-28,2026-08-28,CM,NSE,STK,474,INE470A01017,3MINDIA,EQ,,,,,3M INDIA LIMITED,34245.00,34840.00,34130.00,34415.00,34500.00,34245.00,,34420.01,,,2422,83667700.00,1347,F1,1,,,,,
2026-08-28,2026-08-28,CM,NSE,STK,2595,INE105C01023,3PLAND,EQ,,,,,3P LAND HOLDINGS LIMITED,31.90,32.34,31.55,31.74,32.25,31.87,,31.74,,,2074,66284.72,33,F1,1,,,,,
2026-08-28,2026-08-28,CM,NSE,STK,445,INE618L01018,5PAISA,EQ,,,,,5PAISA CAPITAL LIMITED,371.00,372.50,365.00,368.35,366.00,371.15,,368.24,,,16145,5965880.00,1159,F1,1,,,,,
2026-08-28,2026-08-28,CM,NSE,STK,11868,INE111B01023,63MOONS,EQ,,,,,63 MOONS TECHNOLOGIES LTD,745.00,789.00,744.95,776.40,776.95,745.45,,776.39,,,242493,187533990.65,10165,F1,1,,,,,
2026-08-28,2026-08-28,CM,NSE,STK,19926,INE020B07JU4,743REC35,NH,,,,,7.43% TAX FREE TRI SR3B,1199.90,1199.90,1196.00,1196.50,1196.00,1191.00,,1196.50,,,115,137598.50,2,F1,1,,,,,
2026-08-28,2026-08-28,CM,NSE,STK,20034,INE261F07032,764NABAR31,N2,,,,,7.64% TAX FREE TRI SRIIB,1115.00,1115.00,1113.80,1114.00,1114.00,1115.00,,1114.00,,,477,531454.00,5,F1,1,,,,,
2026-08-28,2026-08-28,CM,NSE,STK,19930,INE031A07AT4,769HUDCO31,N9,,,,,7.69% TAX FREETRII SR2B,1135.20,1136.15,1135.15,1136.10,1136.10,1133.11,,1136.10,,,758,860670.35,5,F1,1,,,,,
2026-08-28,2026-08-28,CM,NSE,STK,20030,INE202E07229,774IREDA31,N7,,,,,7.74% TAX FREE NCD,1127.00,1129.00,1123.05,1123.05,1123.05,1130.00,,1123.05,,,607,684773.95,8,F1,1,,,,,
2026-08-28,2026-08-28,CM,NSE,STK,19924,INE020B07GH7,812REC27,NI,,,,,8.12/8.32% TAX FREE NCD,1025.50,1025.50,1024.00,1024.00,1024.00,1027.26,,1024.00,,,1020,1044497.50,5,F1,1,,,,,
2026-08-28,2026-08-28,CM,NSE,STK,31240,INE031A07840,82HUDCO27,N2,,,,,8.20 NCD05MAR27 FV 1000,1053.00,1057.85,1048.01,1049.91,1049.25,1054.99,,1049.91,,,2869,3021270.60,49,F1,1,,,,,
2026-08-28,2026-08-28,CM,NSE,STK,20022,INE134E07208,830PFCL27,N5,,,,,8.30% TAX FREE NCD,1081.00,1081.00,1081.00,1081.00,1081.00,1081.00,,1081.00,,,1120,1210720.00,10,F1,1,,,,,
2026-08-28,2026-08-28,CM,NSE,STK,192,INE906B07DF8,875NHAI29,N6,,,,,8.75% TAX FREE TR I S IIB,1114.00,1114.49,1111.00,1114.49,1114.49,1112.90,,1113.10,,,227,252372.23,6,F1,1,,,,,
2026-08-28,2026-08-28,CM,NSE,STK,19968,INE031A07949,876HUDCO28,ND,,,,,8.76% TAX FREETRI SR2B,1135.20,1138.78,1135.01,1135.04,1138.78,1134.08,,1135.04,,,202,229294.98,4,F1,1,,,,,
2026-08-28,2026-08-28,CM,NSE,STK,31487,INE848E07567,892NHPC33,N6,,,,,8.92% SEC RED BOND S3B,1254.00,1256.00,1253.00,1256.00,1256.00,1253.85,,1256.00,,,750,940420.25,11,F1,1,,,,,
2026-08-28,2026-08-28,CM,NSE,STK,20028,INE134E07463,892PFCL33,N8,,,,,8.92% TAX FREE NCD,1285.00,1285.00,1285.00,1285.00,1285.00,1280.02,,1281.00,,,70,89950.00,2,F1,1,,,,,
2026-08-28,2026-08-28,CM,NSE,STK,19970,INE031A07AB2,901HUDCO34,NE,,,,,9.01% TAX FREETRII SR3B,1281.00,1288.00,1280.00,1288.00,1288.00,1289.25,,1289.00,,,365,468384.90,19,F1,1,,,,,
2026-08-28,2026-08-28,CM,NSE,STK,759130,INE08PH01015,ABCOTS,EQ,,,,,A B COTSPIN INDIA LIMITED,203.48,209.00,200.20,203.70,203.80,204.50,,203.69,,,6512,1327647.10,201,F1,1,,,,,
2026-08-28,2026-08-28,CM,NSE,STK,27016,INE00YB01025,ABINFRA,BE,,,,,A B INFRABUILD LIMITED,11.08,11.92,11.00,11.82,11.90,11.36,,11.82,,,603652,6851867.46,612,F1,1,,,,,
2026-08-28,2026-08-28,CM,NSE,STK,762528,INE850B01026,ABMKNO,EQ,,,,,A B M KNOWLEDGEWARE LTD.,188.00,194.00,185.00,193.39,193.35,187.21,,193.39,,,164,31030.26,15,F1,1,,,,,
2026-08-28,2026-08-28,CM,NSE,STK,762536,INE366C01021,ACSTECH,BE,,,,,A C S TECHNOLOGIES LTD.,50.20,52.00,48.51,51.58,51.75,49.95,,51.60,,,231778,11715665.09,318,F1,1,,,,,
2026-08-28,2026-08-28,CM,NSE,STK,15147,INE0O6N01012,AGUL,SM,,,,,A G UNIVERSAL LIMITED,46.05,46.05,46.05,46.05,46.05,48.45,,46.05,,,2000,92100.00,1,F1,2000,,,,,
2026-08-28,2026-08-28,CM,NSE,STK,762538,INE701G01012,AKCAPIT,EQ,,,,,A K CAPITAL SERVICES LTD.,1687.70,1774.70,1644.20,1708.10,1719.90,1686.20,,1708.10,,,3268,5567686.80,453,F1,1,,,,,
2026-08-28,2026-08-28,CM,NSE,STK,20906,INE619I01012,A2ZINFRA,EQ,,,,,A2Z INFRA ENGINEERING LTD,16.79,17.12,16.18,16.63,16.52,16.41,,16.63,,,482090,7986742.96,723,F1,1,,,,,
2026-08-28,2026-08-28,CM,NSE,STK,12533,INE0D0U01013,AAATECH,EQ,,,,,AAA TECHNOLOGIES LIMITED,91.96,98.40,91.50,95.03,94.24,92.01,,95.03,,,31461,3012690.14,714,F1,1,,,,,
2026-08-28,2026-08-28,CM,NSE,STK,23729,INE883F01010,AADHARHFC,EQ,,,,,AADHAR HOUSING FINANCE L,463.20,472.45,463.20,471.10,470.35,465.80,,471.10,,,121779,57041656.15,15383,F1,1,,,,,
2026-08-28,2026-08-28,CM,NSE,STK,757579,INE1GYP01013,AAKAAR,SM,,,,,AAKAAR MEDICAL TECHNO LTD,65.00,65.00,64.60,64.60,64.60,67.95,,64.60,,,6400,414720.00,4,F1,1600,,,,,
2026-08-28,2026-08-28,CM,NSE,STK,235,INE087Z01024,AAKASH,EQ,,,,,AAKASH EXPLORATION SER L,8.61,8.90,8.59,8.73,8.79,8.75,,8.73,,,63832,556873.33,275,F1,1,,,,,
2026-08-28,2026-08-28,CM,NSE,STK,5245,INE198H01019,AAREYDRUGS,EQ,,,,,AAREY DRUGS & PHARM LTD,87.00,89.01,86.10,89.01,89.01,84.78,,89.01,,,379960,33651400.48,913,F1,1,,,,,
2026-08-28,2026-08-28,CM,NSE,STK,761824,INE750R01016,AARNAV,BE,,,,,AARNAV FASHIONS LIMITED,33.36,33.67,31.86,33.66,33.67,33.36,,33.10,,,4573,148004.44,33,F1,1,,,,,
2026-08-28,2026-08-28,CM,NSE,STK,1030,INE721Z01010,AARON,EQ,,,,,AARON INDUSTRIES LIMITED,137.20,139.80,134.00,134.94,137.60,135.71,,134.94,,,6654,906371.47,342,F1,1,,,,,
2026-08-28,2026-08-28,CM,NSE,STK,17164,INE01C001026,AARTECH,BE,,,,,AARTECH SOLONICS LIMITED,49.50,50.79,48.52,49.16,48.70,49.62,,49.16,,,32990,1633931.59,120,F1,1,,,,,
2026-08-28,2026-08-28,CM,NSE,STK,4481,INE767A01016,AARTIDRUGS,EQ,,,,,AARTI DRUGS LTD.,417.90,422.00,417.00,418.55,419.95,417.90,,418.56,,,59919,25109894.70,3418,F1,1,,,,,
2026-08-28,2026-08-28,CM,NSE,STK,7,INE769A01020,AARTIIND,EQ,,,,,AARTI INDUSTRIES LTD,540.00,543.00,528.00,540.35,542.50,538.90,,540.35,,,644631,345388679.10,19146,F1,1,,,,,
2026-08-28,2026-08-28,CM,NSE,STK,13868,INE0LRU01027,AARTIPHARM,EQ,,,,,AARTI PHARMALABS LIMITED,818.00,848.90,815.75,840.70,843.00,813.50,,840.67,,,278187,231746490.00,15849,F1,1,,,,,
2026-08-28,2026-08-28,CM,NSE,STK,19263,INE09EO01013,AARTISURF,BE,,,,,AARTI SURFACTANTS LIMITED,537.00,545.00,522.00,541.50,545.00,539.90,,541.49,,,9952,5310699.75,351,F1,1,,,,,
2026-08-28,2026-08-28,CM,NSE,STK,19073,INE754X01016,AARVI,EQ,,,,,AARVI ENCON LIMITED,144.35,148.15,141.00,142.25,141.10,145.07,,142.26,,,25356,3646197.64,694,F1,1,,,,,
2026-08-28,2026-08-28,CM,NSE,STK,763800,INE2FMX01012,AASTHA,EQ,,,,,AASTHA SPINTEX LIMITED,85.00,85.00,79.53,79.61,79.75,88.36,,79.61,,,2379114,194185627.22,9067,F1,1,,,,,
2026-08-28,2026-08-28,CM,NSE,STK,5385,INE216P01012,AAVAS,EQ,,,,,AAVAS FINANCIERS LIMITED,1273.40,1333.80,1264.10,1275.50,1289.40,1269.40,,1275.53,,,348832,452333685.70,48510,F1,1,,,,,
2026-08-28,2026-08-28,CM,NSE,STK,7759,INE421A01028,ABAN,BE,,,,,ABAN OFFSHORE LTD.,15.13,15.13,15.13,15.13,15.13,15.43,,15.11,,,7423,112309.99,48,F1,1,,,,,
2026-08-28,2026-08-28,CM,NSE,STK,762523,INE365O01028,ABANSENT,EQ,,,,,ABANS ENTERPRISES LTD.,28.80,28.80,27.00,27.99,27.99,27.51,,27.64,,,2791,76631.39,87,F1,1,,,,,
2026-08-28,2026-08-28,CM,NSE,STK,13288,INE00ZE01026,AFSL,EQ,,,,,ABANS FINANCIAL SRVCS LTD,201.01,215.00,201.01,211.92,212.16,202.04,,212.00,,,19645,4104029.49,432,F1,1,,,,,
2026-08-28,2026-08-28,CM,NSE,STK,13,INE117A01022,ABB,EQ,,,,,ABB INDIA LIMITED,7501.00,7529.00,7440.00,7509.00,7509.00,7490.00,,7508.91,,,98513,737290612.00,17075,F1,1,,,,,
2026-08-28,2026-08-28,CM,NSE,STK,17903,INE358A01014,ABBOTINDIA,EQ,,,,,ABBOTT INDIA LIMITED,26420.00,26745.00,26120.00,26175.00,26200.00,26350.00,,26185.71,,,6550,172464970.00,4655,F1,1,,,,,
2026-08-28,2026-08-28,CM,NSE,STK,27284,INE0UYG01015,ABHAPOWER,SM,,,,,ABHA POWER N STEEL LTD,24.00,24.50,24.00,24.50,24.50,24.00,,24.50,,,4800,116160.00,3,F1,1600,,,,,
2026-08-28,2026-08-28,CM,NSE,STK,4626,INE0CAJ01017,AILIMITED,SM,,,,,ABHISHEK INTEGRATIONS LTD,18.90,18.90,18.90,18.90,18.90,18.00,,18.90,,,3000,56700.00,1,F1,3000,,,,,
2026-08-28,2026-08-28,CM,NSE,STK,5551,INE251C01025,ABMINTLLTD,BE,,,,,ABM INTERNATIONAL LTD,56.30,56.30,56.30,56.30,56.30,57.44,,56.30,,,271,15257.30,10,F1,1,,,,,
2026-08-28,2026-08-28,CM,NSE,STK,23786,INE0QRV01016,ABSMARINE,ST,,,,,ABS MARINE SERVICES LTD,293.00,293.00,278.80,283.00,283.50,293.45,,283.00,,,84500,23719400.00,112,F1,500,,,,,
2026-08-28,2026-08-28,CM,NSE,STK,22,INE012A01025,ACC,EQ,,,,,ACC LIMITED,1314.00,1314.00,1303.00,1306.40,1309.00,1310.60,,1306.41,,,65574,85758604.20,8824,F1,1,,,,,
2026-08-28,2026-08-28,CM,NSE,STK,7053,INE793A01012,ACCELYA,EQ,,,,,ACCELYA SOLN INDIA LTD,1135.00,1144.00,1119.80,1134.10,1131.70,1134.90,,1134.18,,,7211,8173774.40,784,F1,1,,,,,
2026-08-28,2026-08-28,CM,NSE,STK,20488,INE0Q5D01013,ACCENTMIC,SM,,,,,ACCENT MICROCELL LIMITED,595.00,606.85,594.60,605.85,606.85,592.10,,605.85,,,30500,18412700.00,56,F1,500,,,,,
2026-08-28,2026-08-28,CM,NSE,STK,1472,INE648Z01023,ACCURACY,BE,,,,,ACCURACY SHIPPING LIMITED,4.56,4.62,4.46,4.60,4.61,4.57,,4.60,,,54136,247877.52,154,F1,1,,,,,
2026-08-28,2026-08-28,CM,NSE,STK,11779,INE543V01017,ACEINTEG,EQ,,,,,ACE INTEGRATED SOLU. LTD.,17.96,17.96,17.40,17.44,17.40,17.38,,17.44,,,404,7082.50,11,F1,1,,,,,
2026-08-28,2026-08-28,CM,NSE,STK,761112,INE1J6M01010,ACETEC,SM,,,,,ACETECH E-COMMERCE LTD,125.00,138.00,125.00,138.00,138.00,129.00,,138.00,,,46800,6128400.00,9,F1,1200,,,,,
2026-08-28,2026-08-28,CM,NSE,STK,27061,INE622W01025,ACMESOLAR,EQ,,,,,ACME SOLAR HOLDINGS LTD,392.00,398.00,388.05,393.70,392.05,386.30,,393.69,,,1185544,466882266.85,37800,F1,1,,,,,
2026-08-28,2026-08-28,CM,NSE,STK,13587,INE731H01025,ACE,EQ,,,,,ACTION CONST EQUIP LTD,1141.20,1154.10,1132.00,1140.60,1144.00,1136.00,,1140.60,,,146229,167251524.40,12198,F1,1,,,,,
2026-08-28,2026-08-28,CM,NSE,STK,5578,INE00FF01025,ACUTAAS,EQ,,,,,ACUTAAS CHEMICALS LIMITED,3359.80,3384.00,3235.00,3281.60,3262.50,3329.20,,3281.62,,,240776,790508726.30,39978,F1,1,,,,,
2026-08-28,2026-08-28,CM,NSE,STK,10217,INE931S01010,ADANIENSOL,EQ,,,,,ADANI ENERGY SOLUTION LTD,1610.00,1611.90,1566.90,1581.40,1581.40,1617.00,,1581.31,,,1647674,2604056467.40,59276,F1,1,,,,,
2026-08-28,2026-08-28,CM,NSE,STK,25,INE423A01024,ADANIENT,EQ,,,,,ADANI ENTERPRISES LIMITED,3170.00,3173.70,3133.30,3168.50,3168.50,3169.00,,3168.41,,,530795,1673147172.10,39519,F1,1,,,,,
2026-08-28,2026-08-28,CM,NSE,STK,3563,INE364U01010,ADANIGREEN,EQ,,,,,ADANI GREEN ENERGY LTD,1319.80,1321.00,1303.20,1311.00,1311.00,1328.50,,1310.90,,,776595,1016788185.80,20162,F1,1,,,,,
2026-08-28,2026-08-28,CM,NSE,STK,15083,INE742F01042,ADANIPORTS,EQ,,,,,ADANI PORT & SEZ LTD,1712.00,1723.90,1699.20,1707.50,1707.50,1714.00,,1707.49,,,3268356,5591867655.50,89746,F1,1,,,,,
2026-08-28,2026-08-28,CM,NSE,STK,17388,INE814H01029,ADANIPOWER,EQ,,,,,ADANI POWER LTD,215.92,216.50,210.91,212.63,212.63,215.00,,212.63,,,14256352,3029384925.50,75985,F1,1,,,,,
2026-08-28,2026-08-28,CM,NSE,STK,6066,INE399L01023,ATGL,EQ,,,,,ADANI TOTAL GAS LIMITED,644.00,645.15,635.00,636.50,639.50,645.35,,636.58,,,302887,193630452.10,11650,F1,1,,,,,
2026-08-28,2026-08-28,CM,NSE,STK,764563,INE757C01021,ADDIND,EQ,,,,,ADDI INDUSTRIES LTD.,84.53,84.53,79.92,84.00,84.00,86.70,,84.85,,,88,7114.37,17,F1,1,,,,,
2026-08-28,2026-08-28,CM,NSE,STK,22468,INE0RDH01021,ADDICTIVE,SM,,,,,ADDICTIVE LEARNING TECH L,46.00,47.80,46.00,47.65,47.80,45.55,,47.65,,,8500,402175.00,15,F1,500,,,,,
2026-08-28,2026-08-28,CM,NSE,STK,19761,INE982B01027,ADFFOODS,EQ,,,,,ADF FOODS LIMITED,273.80,276.05,270.60,274.45,271.35,273.80,,274.45,,,85375,23350699.65,3519,F1,1,,,,,
2026-08-28,2026-08-28,CM,NSE,STK,763156,INE20PL01012,ADISOFT,SM,,,,,ADISOFT TECHNOLOGIES LTD,206.95,206.95,196.00,198.00,197.10,204.85,,198.00,,,18400,3702200.00,22,F1,800,,,,,
2026-08-28,2026-08-28,CM,NSE,STK,6018,INE404A01024,ABSLAMC,EQ,,,,,ADIT BIRL SUN LIF AMC LTD,1050.00,1053.50,1038.10,1047.90,1050.30,1046.50,,1047.88,,,74281,77833642.00,8950,F1,1,,,,,
2026-08-28,2026-08-28,CM,NSE,STK,21614,INE674K01013,ABCAPITAL,EQ,,,,,ADITYA BIRLA CAPITAL LTD.,409.85,410.35,404.80,405.55,405.55,410.00,,405.55,,,1217070,495534681.70,25871,F1,1,,,,,
2026-08-28,2026-08-28,CM,NSE,STK,30108,INE647O01011,ABFRL,EQ,,,,,ADITYA BIRLA FASHION & RT,54.00,54.00,52.21,52.49,52.59,53.64,,52.49,,,4611357,244508084.86,18625,F1,1,,,,,
2026-08-28,2026-08-28,CM,NSE,STK,756843,INE14LE01019,ABLBL,EQ,,,,,ADITYA BIRLA LIFES BRAN L,85.15,85.64,84.40,84.60,84.50,85.22,,84.60,,,252167,21416563.37,4409,F1,1,,,,,
2026-08-28,2026-08-28,CM,NSE,STK,15239,INE865C01022,BIRLAMONEY,EQ,,,,,ADITYA BIRLA MONEY LTD,131.77,131.77,128.45,129.94,130.75,129.89,,129.92,,,24071,3126106.41,544,F1,1,,,,,
2026-08-28,2026-08-28,CM,NSE,STK,625,INE055A01016,ABREL,EQ,,,,,ADITYA BIRLA REAL EST LTD,1382.00,1406.20,1380.00,1387.00,1387.40,1393.40,,1387.04,,,81323,113050768.40,7073,F1,1,,,,,
2026-08-28,2026-08-28,CM,NSE,STK,758858,INE819V01029,CPPLUS,EQ,,,,,ADITYA INFOTECH LIMITED,3630.00,3662.00,3552.00,3576.60,3570.90,3629.70,,3576.61,,,138494,498098405.80,15638,F1,1,,,,,
2026-08-28,2026-08-28,CM,NSE,STK,25984,INE679V01027,AVL,EQ,,,,,ADITYA VISION LIMITED,590.00,595.85,582.25,590.80,591.00,592.30,,590.80,,,220999,130310357.20,18716,F1,1,,,,,
2026-08-28,2026-08-28,CM,NSE,STK,23804,INF209KB18D3,BSLGOLDETF,EQ,,,,,ADITYBIRLA SL GOLD ETF-GR,138.75,140.01,137.57,139.62,139.58,138.75,,139.62,,,222269,30891626.86,1978,F1,1,,,,,
2026-08-28,2026-08-28,CM,NSE,STK,24781,INF209KB19D1,BSLNIFTY,EQ,,,,,ADITYBIRLA SL NIF ETF-GR,28.79,28.79,28.10,28.38,28.43,28.40,,28.38,,,832664,23625510.57,3166,F1,1,,,,,
2026-08-28,2026-08-28,CM,NSE,STK,34,INE045A01017,ADOR,EQ,,,,,ADOR WELDING LTD,1546.90,1652.00,1546.60,1635.60,1638.00,1541.90,,1635.62,,,130736,211004656.30,12883,F1,1,,,,,
2026-08-28,2026-08-28,CM,NSE,STK,4953,INE737B01033,ADROITINFO,EQ,,,,,ADROIT INFOTECH LIMITED,10.64,10.77,10.12,10.44,10.25,10.40,,10.44,,,14489,151539.06,148,F1,1,,,,,
2026-08-28,2026-08-28,CM,NSE,STK,760657,INE0ALI01010,ADVAIT,EQ,,,,,ADVAIT ENRGY TRANSITION L,2122.00,2230.10,2119.00,2200.50,2208.60,2114.70,,2200.76,,,98198,215605113.70,10126,F1,1,,,,,
2026-08-28,2026-08-28,CM,NSE,STK,759402,INE1B0W01010,ADVANCE,EQ,,,,,ADVANCE AGROLIFE LIMITED,120.92,123.90,115.93,116.95,117.85,120.32,,116.95,,,282536,33368295.21,2566,F1,1,,,,,
2026-08-28,2026-08-28,CM,NSE,STK,18039,INE837H01020,ADVENZYMES,EQ,,,,,ADVANCED ENZYME TECH LTD,297.95,301.95,296.25,299.80,300.00,297.60,,299.80,,,192573,57480505.15,2941,F1,1,,,,,
2026-08-28,2026-08-28,CM,NSE,STK,14745,INE199C01026,ADVANIHOTR,EQ,,,,,ADVANI HOT.& RES.(I) LTD,50.70,53.14,49.50,50.01,50.00,49.92,,49.90,,,55736,2824589.47,537,F1,1,,,,,
2026-08-28,2026-08-28,CM,NSE,STK,759769,INE28GN01010,ADVENTHTL,EQ,,,,,ADVENT HOTELS INTERNATI L,140.90,144.79,139.11,142.80,142.31,140.52,,142.80,,,333397,47584917.09,5125,F1,1,,,,,
2026-08-28,2026-08-28,CM,NSE,STK,765015,INE178T01024,ADVIKCA,EQ,,,,,ADVIK CAPITAL LTD.,1.21,1.23,1.18,1.19,1.19,1.19,,1.19,,,284503,341149.01,227,F1,1,,,,,
2026-08-28,2026-08-28,CM,NSE,STK,762227,INE1SJO01012,RAMBHAJO,EQ,,,,,ADVIT JEWELS LIMITED,259.80,264.87,245.31,250.51,248.89,263.57,,250.49,,,2950380,751521439.57,33910,F1,1,,,,,
2026-08-28,2026-08-28,CM,NSE,STK,40,INE208C01025,AEGISLOG,EQ,,,,,AEGIS LOGISTICS LIMITED,1304.00,1304.70,1283.60,1289.40,1290.00,1298.00,,1289.41,,,263570,341070492.00,13415,F1,1,,,,,
2026-08-28,2026-08-28,CM,NSE,STK,757336,INE0INX01018,AEGISVOPAK,EQ,,,,,AEGIS VOPAK TERMINALS LTD,267.00,272.45,262.00,269.90,269.15,263.50,,269.90,,,588121,158161021.55,11497,F1,1,,,,,
2026-08-28,2026-08-28,CM,NSE,STK,757870,INE423A07401,AEL17725,NA,,,,,AEL 0% 2027 SR II,1098.99,1098.99,1098.99,1098.99,1098.99,1096.80,,1098.99,,,12,13187.88,2,F1,1,,,,,
2026-08-28,2026-08-28,CM,NSE,STK,757876,INE423A07468,AEL170725A,NG,,,,,AEL 0% 2030 SR VIII,1098.00,1098.00,1098.00,1098.00,1098.00,1051.10,,1098.00,,,11,12078.00,2,F1,1,,,,,
2026-08-28,2026-08-28,CM,NSE,STK,761345,INE423A07518,862AEL31,NM,,,,,AEL 8.62% 2031 SR VI,1011.50,1015.00,1011.50,1015.00,1015.00,1015.00,,1015.00,,,156,157934.00,18,F1,1,,,,,
2026-08-28,2026-08-28,CM,NSE,STK,761346,INE423A07526,890AEL31,NN,,,,,AEL 8.90% 2031 SR VII,1055.00,1057.99,1055.00,1056.75,1056.75,1054.27,,1053.38,,,92,97211.74,6,F1,1,,,,,
2026-08-28,2026-08-28,CM,NSE,STK,757869,INE423A07450,895AEL27,N9,,,,,AEL 8.95% 2027 SR I,1009.82,1009.82,1009.82,1009.82,1009.82,1020.00,,1009.82,,,5,5049.10,1,F1,1,,,,,
2026-08-28,2026-08-28,CM,NSE,STK,757872,INE423A07435,915AEL28,NC,,,,,AEL 9.15% 2028 SR IV,1024.00,1024.00,1024.00,1024.00,1024.00,1025.00,,1018.20,,,10,10240.00,1,F1,1,,,,,
2026-08-28,2026-08-28,CM,NSE,STK,757875,INE423A07393,930AEL30,NF,,,,,AEL 9.3% 2030 SR VII,1040.10,1040.10,1040.10,1040.10,1040.10,1045.00,,1040.10,,,57,59285.70,1,F1,1,,,,,
2026-08-28,2026-08-28,CM,NSE,STK,760234,INE947N01017,AEQUS,EQ,,,,,AEQUS LIMITED,246.66,248.00,243.29,245.99,246.00,246.66,,245.99,,,1329838,327333558.51,19541,F1,1,,,,,
2026-08-28,2026-08-28,CM,NSE,STK,12015,INE065D01027,AEROENTER,EQ,,,,,AEROFLEX ENTERPRISES LTD,144.82,147.43,143.05,146.29,146.10,142.66,,146.29,,,930558,135704731.11,9749,F1,1,,,,,
2026-08-28,2026-08-28,CM,NSE,STK,18268,INE024001021,AEROFLEX,EQ,,,,,AEROFLEX INDUSTRIES LTD,521.85,547.00,519.80,542.10,541.75,522.10,,542.12,,,2093610,1123336768.45,43794,F1,1,,,,,
2026-08-28,2026-08-28,CM,NSE,STK,13689,INE035801013,AERONEU,EQ,,,,,AEROFLEX NEU LIMITED,83.99,83.99,80.25,80.68,81.01,81.88,,80.68,,,3586,293477.27,259,F1,1,,,,,
2026-08-28,2026-08-28,CM,NSE,STK,25065,INE0WL801011,AERON,SM,,,,,AERON COMPOSITE LIMITED,71.15,72.90,71.10,71.30,71.10,71.15,,71.30,,,14000,1004900.00,11,F1,1000,,,,,
2026-08-28,2026-08-28,CM,NSE,STK,24830,INE0TSF01011,AESTHETIK,SM,,,,,AESTHETIK ENGINEERS LTD,72.00,72.50,71.50,71.85,71.85,72.00,,71.85,,,13000,934650.00,12,F1,1000,,,,,
2026-08-28,2026-08-28,CM,NSE,STK,9810,INE0BWX01014,AETHER,EQ,,,,,AETHER INDUSTRIES LIMITED,1685.50,1717.00,1664.00,1696.80,1700.00,1677.30,,1696.80,,,443550,749287351.70,39734,F1,1,,,,,
2026-08-28,2026-08-28,CM,NSE,STK,25977,INE101I01011,AFCONS,EQ,,,,,AFCONS INFRASTRUCTURE LTD,284.00,292.00,284.00,286.65,286.00,285.05,,286.65,,,728796,210185778.40,14358,F1,1,,,,,
2026-08-28,2026-08-28,CM,NSE,STK,11343,INE00WC01027,AFFLE,EQ,,,,,AFFLE 3I LIMITED,1650.30,1659.00,1615.90,1620.20,1619.00,1650.30,,1620.18,,,133536,218155714.50,15928,F1,1,,,,,
2026-08-28,2026-08-28,CM,NSE,STK,25857,INE692Z01013,AFFORDABLE,BE,,,,,AFFORD ROBO & AUTO LTD,166.00,168.95,162.15,165.31,165.40,167.47,,165.47,,,5551,918729.43,168,F1,1,,,,,
2026-08-28,2026-08-28,CM,NSE,STK,764159,INE916Y07099,115AFIL28A,N0,,,,,AFIL 11.50% 2028,9914.00,9914.00,9914.00,9914.00,9914.00,9943.00,,9914.00,,,106,1050884.00,3,F1,1,,,,,
2026-08-28,2026-08-28,CM,NSE,STK,759098,INE916Y07040,12AFIL27A,N0,,,,,AFIL 12% 2027,9987.80,9987.80,9987.80,9987.80,9987.80,9987.80,,9987.80,,,1,9987.80,1,F1,1,,,,,
2026-08-28,2026-08-28,CM,NSE,STK,14263,INE0MLA01012,AGARWALFT,SM,,,,,AGARWAL FLOAT GLASS I LTD,30.05,30.05,30.05,30.05,30.05,31.60,,30.05,,,4500,135225.00,3,F1,1500,,,,,
2026-08-28,2026-08-28,CM,NSE,STK,3389,INE204E01012,AGARIND,EQ,,,,,AGARWAL INDS CORP LTD.,466.25,470.00,463.85,465.30,464.60,465.50,,465.41,,,15795,7366144.05,1074,F1,1,,,,,
2026-08-28,2026-08-28,CM,NSE,STK,27309,INE0P8X01016,AGARWALTUF,SM,,,,,AGARWAL TOUGH GLASS IND L,141.00,141.00,139.00,139.10,139.05,140.80,,139.10,,,9600,1343400.00,8,F1,1200,,,,,
2026-08-28,2026-08-28,CM,NSE,STK,1412,INE415A01038,AGI,EQ,,,,,AGI GREENPAC LIMITED,737.70,777.15,725.70,774.80,775.00,737.70,,774.77,,,385938,294948404.75,16492,F1,1,,,,,
2026-08-28,2026-08-28,CM,NSE,STK,24445,INE976R01033,AGIIL,EQ,,,,,AGI INFRA LIMITED,297.00,297.00,287.25,289.10,290.00,288.80,,289.08,,,447958,130133101.00,6735,F1,1,,,,,
2026-08-28,2026-08-28,CM,NSE,STK,11072,INE449G01018,AGRITECH,EQ,,,,,AGRI-TECH (INDIA) LIMITED,101.11,103.63,100.06,102.90,102.90,101.11,,102.95,,,1874,191729.58,76,F1,1,,,,,
2026-08-28,2026-08-28,CM,NSE,STK,9046,INE740V01019,AGROPHOS,EQ,,,,,AGRO PHOS INDIA LIMITED,27.00,27.49,26.01,26.34,26.35,27.04,,26.34,,,15966,421412.56,164,F1,1,,,,,
2026-08-28,2026-08-28,CM,NSE,STK,759202,INE583L01014,AGSTRA,BZ,,,,,AGS TRANSACT TECH LTD,1.95,2.05,1.95,2.01,2.03,2.00,,2.01,,,108607,219730.04,255,F1,1,,,,,
2026-08-28,2026-08-28,CM,NSE,STK,2004,INE00PV01013,AHLADA,EQ,,,,,AHLADA ENGINEERS LIMITED,37.57,39.07,37.50,38.06,38.85,38.47,,38.06,,,4759,181066.75,86,F1,1,,,,,
2026-08-28,2026-08-28,CM,NSE,STK,17833,INE758C01029,AHLUCONT,EQ,,,,,AHLUWALIA CONT IND LTD,638.00,647.75,630.05,641.10,640.00,636.60,,641.07,,,80833,51792669.95,5603,F1,1,,,,,
2026-08-28,2026-08-28,CM,NSE,STK,13086,INE212H01026,AIAENG,EQ,,,,,AIA ENGINEERING LIMITED,4232.30,4260.70,4192.20,4234.20,4249.90,4232.30,,4234.22,,,33928,143297431.70,11401,F1,1,,,,,
2026-08-28,2026-08-28,CM,NSE,STK,23984,INE0RUV01018,AIMTRON,SM,,,,,AIMTRON ELECTRONICS LTD,1640.00,1655.95,1612.50,1644.45,1655.95,1647.15,,1644.45,,,26200,42964460.00,97,F1,200,,,,,
2026-08-28,2026-08-28,CM,NSE,STK,9878,INE805A01014,GOLDTECH,BE,,,,,AION-TECH SOLUTIONS LTD,50.66,51.98,50.11,50.83,51.24,50.81,,50.86,,,7072,361628.72,69,F1,1,,,,,
2026-08-28,2026-08-28,CM,NSE,STK,9897,INE645W01026,AIRAN,EQ,,,,,AIRAN LIMITED,14.98,15.47,14.84,15.09,15.05,14.81,,15.09,,,58965,891361.47,405,F1,1,,,,,
2026-08-28,2026-08-28,CM,NSE,STK,6068,INE801L01010,AIROLAM,EQ,,,,,AIRO LAM LIMITED,88.20,89.00,86.51,88.88,88.90,87.50,,88.88,,,1901,168838.10,43,F1,1,,,,,
2026-08-28,2026-08-28,CM,NSE,STK,8124,INE031B01049,AJANTPHARM,EQ,,,,,AJANTA PHARMA LIMITED,3584.90,3596.00,3541.60,3557.00,3566.00,3543.60,,3557.52,,,39913,141912880.60,12218,F1,1,,,,,
2026-08-28,2026-08-28,CM,NSE,STK,29624,INE274Y01021,AJAXENGG,EQ,,,,,AJAX ENGINEERING LIMITED,577.00,579.00,566.25,571.10,570.00,579.10,,571.11,,,35790,20427995.85,4911,F1,1,,,,,
2026-08-28,2026-08-28,CM,NSE,STK,17307,INE298G01035,AJMERA,EQ,,,,,AJMERA REALTY & INF I LTD,117.36,118.88,114.56,117.41,116.82,116.98,,117.41,,,497791,58006444.08,4308,F1,1,,,,,
2026-08-28,2026-08-28,CM,NSE,STK,3403,INE820Y01021,AJOONI,EQ,,,,,AJOONI BIOTECH LIMITED,3.80,3.84,3.75,3.82,3.83,3.79,,3.82,,,108907,412950.19,245,F1,1,,,,,
2026-08-28,2026-08-28,CM,NSE,STK,21121,INE0PCY01014,AKANKSHA,SM,,,,,AKANKSHA POWER N INFRA L,125.00,125.10,125.00,125.10,125.10,124.50,,125.10,,,3000,375100.00,2,F1,1000,,,,,
2026-08-28,2026-08-28,CM,NSE,STK,13510,INE737W01013,AKASH,EQ,,,,,AKASH INFRA-PROJECTS LTD,24.31,24.97,24.31,24.36,24.36,24.31,,24.36,,,4053,98903.48,34,F1,1,,,,,
2026-08-28,2026-08-28,CM,NSE,STK,2176,INE00Y801016,AKG,EQ,,,,,AKG EXIM LIMITED,9.24,9.50,9.10,9.16,9.16,9.24,,9.16,,,2096,19294.93,61,F1,1,,,,,
2026-08-28,2026-08-28,CM,NSE,STK,14890,INE642Z01026,AKI,EQ,,,,,AKI INDIA LIMITED,4.12,4.24,4.08,4.13,4.15,4.20,,4.13,,,85878,355785.27,295,F1,1,,,,,
2026-08-28,2026-08-28,CM,NSE,STK,24304,INE0PMR01017,AKIKO,SM,,,,,AKIKO GLOBAL SERVICES L,400.05,412.00,400.05,410.00,410.00,409.80,,410.00,,,8000,3256720.00,10,F1,800,,,,,
2026-08-28,2026-08-28,CM,NSE,STK,24159,INE916Y01027,AFIL,EQ,,,,,AKME FINTRADE (INDIA) LTD,9.52,9.61,9.35,9.40,9.43,9.42,,9.40,,,383110,3624506.01,380,F1,1,,,,,
2026-08-28,2026-08-28,CM,NSE,STK,8595,INE523B01011,AKSHOPTFBR,BE,,,,,AKSH OPTIFIBRE  LTD,7.00,7.35,6.71,7.19,7.25,7.04,,7.16,,,299799,2109525.51,550,F1,1,,,,,
2026-08-28,2026-08-28,CM,NSE,STK,9558,INE256Z01025,AKSHAR,EQ,,,,,AKSHAR SPINTEX LIMITED,0.42,0.43,0.41,0.42,0.43,0.42,,0.43,,,834403,352690.15,256,F1,1,,,,,
2026-08-28,2026-08-28,CM,NSE,STK,20194,INE542B01011,AKSHARCHEM,BE,,,,,AKSHARCHEM INDIA LIMITED,350.00,365.65,347.37,348.91,357.20,365.65,,350.97,,,15186,5351062.19,256,F1,1,,,,,
2026-08-28,2026-08-28,CM,NSE,STK,24715,INE09XN01023,AKUMS,EQ,,,,,AKUMS DRUGS AND PHARMA L,764.00,774.45,758.60,772.60,773.75,761.20,,772.60,,,408016,313570425.15,18171,F1,1,,,,,
2026-08-28,2026-08-28,CM,NSE,STK,9921,INE914E01040,ALANKIT,EQ,,,,,ALANKIT LIMITED,7.88,8.22,7.88,8.13,8.18,7.91,,8.13,,,107670,876239.85,614,F1,1,,,,,
2026-08-28,2026-08-28,CM,NSE,STK,17256,INE155C01010,ALBERTDAVD,EQ,,,,,ALBERT DAVID LIMITED,894.50,912.00,880.05,898.60,898.90,890.25,,898.61,,,20164,18135179.65,1842,F1,1,,,,,
2026-08-28,2026-08-28,CM,NSE,STK,18762,INE448V01019,ALCODIS,SM,,,,,ALCOKRAFT DISTILLERIE LTD,69.00,69.00,69.00,69.00,69.00,69.00,,69.00,,,625,43125.00,1,F1,625,,,,,
2026-08-28,2026-08-28,CM,NSE,STK,79,INE426A01027,ALEMBICLTD,EQ,,,,,ALEMBIC LIMITED,102.77,103.23,99.47,100.04,99.99,102.77,,100.05,,,645251,65188924.34,7664,F1,1,,,,,
2026-08-28,2026-08-28,CM,NSE,STK,25328,INE901L01018,APLLTD,EQ,,,,,ALEMBIC PHARMA LTD,824.00,828.45,811.10,813.45,812.70,824.00,,813.46,,,89882,73158417.90,5352,F1,1,,,,,
2026-08-28,2026-08-28,CM,NSE,STK,764573,INE782D01027,ALFREDHE,EQ,,,,,ALFRED HERBERT INDIA L,2900.00,2900.00,2828.90,2855.00,2855.00,2910.80,,2855.00,,,8,22942.80,6,F1,1,,,,,
2026-08-28,2026-08-28,CM,NSE,STK,761270,INE598D01035,ALGOQUANT,EQ,,,,,ALGOQUANT FINTECH LIMITED,65.00,66.38,64.08,64.56,65.45,64.88,,64.54,,,1028546,66236444.46,1974,F1,1,,,,,
2026-08-28,2026-08-28,CM,NSE,STK,13656,INE062D01024,ALICON,EQ,,,,,ALICON CASTALLOY LIMITED,678.35,695.90,678.15,685.05,688.25,683.65,,685.01,,,14703,10085717.55,1018,F1,1,,,,,
2026-08-28,2026-08-28,CM,NSE,STK,5265,INE03Q201024,ALIVUS,EQ,,,,,ALIVUS LIFE SCIENCES LTD,1358.20,1375.90,1338.20,1350.20,1359.00,1358.20,,1350.23,,,51812,69985301.00,6400,F1,1,,,,,
2026-08-28,2026-08-28,CM,NSE,STK,16963,INE773I01017,ALKALI,BE,,,,,ALKALI METALS LTD,65.60,67.76,65.00,66.26,65.13,65.60,,66.26,,,345,22915.11,27,F1,1,,,,,
2026-08-28,2026-08-28,CM,NSE,STK,11703,INE540L01014,ALKEM,EQ,,,,,ALKEM LABORATORIES LTD.,5352.50,5406.50,5316.00,5355.00,5355.00,5320.00,,5355.00,,,231100,1239308101.00,16890,F1,1,,,,,
2026-08-28,2026-08-28,CM,NSE,STK,4487,INE150B01039,ALKYLAMINE,EQ,,,,,ALKYL AMINES CHEM. LTD,2054.20,2086.20,2041.10,2047.90,2050.00,2045.00,,2047.73,,,43006,88688727.20,6393,F1,1,,,,,
2026-08-28,2026-08-28,CM,NSE,STK,13212,INE0M2X01012,ALLETEC,ST,,,,,ALL E TECHNOLOGIES LTD,116.95,122.75,116.95,122.75,122.75,116.95,,122.75,,,14000,1703200.00,34,F1,400,,,,,
2026-08-28,2026-08-28,CM,NSE,STK,758448,INE0GV601021,ALLTIME,EQ,,,,,ALL TIME PLASTICS LIMITED,205.20,209.17,202.31,203.79,202.70,206.36,,203.79,,,111080,22842401.31,1970,F1,1,,,,,
2026-08-28,2026-08-28,CM,NSE,STK,763784,INE1YPB01014,AGL,EQ,,,,,ALLCARGO GLOBAL LIMITED,14.33,14.60,13.95,14.03,14.11,14.34,,14.04,,,1366639,19328779.66,3057,F1,1,,,,,
2026-08-28,2026-08-28,CM,NSE,STK,13501,INE418H01029,ALLCARGO,EQ,,,,,ALLCARGO LOGISTICS LTD,12.60,12.83,12.02,12.19,12.17,12.57,,12.19,,,21895655,270984706.03,25841,F1,1,,,,,
2026-08-28,2026-08-28,CM,NSE,STK,17778,INE0NN701020,ATL,EQ,,,,,ALLCARGO TERMINALS LTD,26.60,28.00,26.35,27.04,26.91,26.25,,27.04,,,534798,14616244.05,3505,F1,1,,,,,
2026-08-28,2026-08-28,CM,NSE,STK,11798,INE835G01018,ALLDIGI,EQ,,,,,ALLDIGI TECH LIMITED,795.00,818.00,795.00,813.65,815.00,797.20,,813.57,,,3998,3229421.55,372,F1,1,,,,,
2026-08-28,2026-08-28,CM,NSE,STK,24308,INE552Z01027,ABDL,EQ,,,,,ALLIED BLEND N DISTILS L,607.50,613.40,605.65,610.00,610.40,607.50,,609.96,,,109318,66676949.50,5499,F1,1,,,,,
2026-08-28,2026-08-28,CM,NSE,STK,14813,INE102I01027,ADSL,EQ,,,,,ALLIED DIGITAL SERV. LTD,107.00,108.79,105.70,106.21,106.70,107.53,,106.21,,,87735,9389562.05,1818,F1,1,,,,,
2026-08-28,2026-08-28,CM,NSE,STK,16719,INE326B01035,ALMONDZ,EQ,,,,,ALMONDZ GLOBAL SEC LTD,16.50,17.49,16.00,16.96,16.99,16.15,,16.96,,,774739,13046938.38,1850,F1,1,,,,,
2026-08-28,2026-08-28,CM,NSE,STK,17675,INE270A01029,ALOKINDS,EQ,,,,,ALOK INDUSTRIES LIMITED,10.49,10.49,9.16,9.24,9.23,10.43,,9.24,,,85131255,810784310.71,56499,F1,1,,,,,
2026-08-28,2026-08-28,CM,NSE,STK,14848,INE385I01010,ALPA,EQ,,,,,ALPA LABORATORIES LTD,61.10,65.30,61.00,63.77,64.30,61.18,,63.77,,,21708,1387894.92,338,F1,1,,,,,
2026-08-28,2026-08-28,CM,NSE,STK,22688,INE0R4701017,ALPEXSOLAR,SM,,,,,ALPEX SOLAR LIMITED,866.00,869.90,845.00,849.05,850.00,861.20,,849.05,,,22800,19568505.00,177,F1,100,,,,,
2026-08-28,2026-08-28,CM,NSE,STK,14601,INE137C01018,ALPHAGEO,BE,,,,,ALPHAGEO (INDIA) LIMITED,314.13,315.00,304.50,306.47,305.00,311.02,,306.39,,,4818,1480218.44,163,F1,1,,,,,
2026-08-28,2026-08-28,CM,NSE,STK,764186,INE1JCQ01037,ALPINETEX,EQ,,,,,ALPINE TEXWORLD LIMITED,55.91,56.79,54.50,55.16,55.03,55.67,,55.16,,,201803,11210093.94,2329,F1,1,,,,,
2026-08-28,2026-08-28,CM,NSE,STK,764578,INE058F01019,ALUFLUOR,EQ,,,,,ALUFLUORIDE LTD.,469.90,484.00,459.50,477.90,481.00,458.50,,478.66,,,17315,8235404.80,692,F1,1,,,,,
2026-08-28,2026-08-28,CM,NSE,STK,23474,INE0STM01017,ALUWIND,SM,,,,,ALUWIND INFRA-TECH LTD,47.00,47.55,47.00,47.55,47.55,48.35,,47.55,,,6000,283575.00,4,F1,1500,,,,,
2026-08-28,2026-08-28,CM,NSE,STK,760740,INE121R01077,AMAGI,EQ,,,,,AMAGI MEDIA LABS LIMITED,573.00,578.45,566.45,570.80,571.35,578.45,,570.44,,,184757,105669806.45,8251,F1,1,,,,,
2026-08-28,2026-08-28,CM,NSE,STK,764583,INE841D01013,AMAL,EQ,,,,,AMAL LTD.,750.00,779.90,737.00,760.75,757.00,741.30,,760.52,,,10626,8080967.60,741,F1,1,,,,,
2026-08-28,2026-08-28,CM,NSE,STK,758910,INE084K01015,AMANTA,BE,,,,,AMANTA HEALTHCARE LIMITED,183.47,185.10,183.47,185.10,185.10,187.21,,183.55,,,96563,17730309.36,230,F1,1,,,,,
2026-08-28,2026-08-28,CM,NSE,STK,100,INE885A01032,ARE&M,EQ,,,,,AMARA RAJA ENERGY MOB LTD,912.40,936.50,912.40,921.35,923.50,911.90,,921.32,,,567121,525533675.05,28996,F1,1,,,,,
2026-08-28,2026-08-28,CM,NSE,STK,764588,INE484D01012,AMARJOTHI,EQ,,,,,AMARJOTHI SPINNING MILL L,160.00,163.97,156.00,162.40,162.40,160.00,,156.92,,,377,59072.25,18,F1,1,,,,,
2026-08-28,2026-08-28,CM,NSE,STK,763256,INE293601014,AMBAAUTO,SM,,,,,AMBA AUTO SALES AND SER L,112.90,113.00,112.90,112.95,113.00,115.20,,112.95,,,3000,338900.00,3,F1,1000,,,,,
2026-08-28,2026-08-28,CM,NSE,STK,762546,INE432A01017,AMBALALSA,BE,,,,,AMBALAL SARABHAI ENT L,43.99,44.05,43.00,44.01,44.01,43.13,,43.80,,,40548,1768576.56,120,F1,1,,,,,
2026-08-28,2026-08-28,CM,NSE,STK,1185,INE371P01015,AMBER,EQ,,,,,AMBER ENTERPRISES (I) LTD,7750.50,7794.00,7655.00,7675.00,7675.00,7701.00,,7675.33,,,271368,2094066026.00,27872,F1,1,,,,,
2026-08-28,2026-08-28,CM,NSE,STK,11496,INE792B01012,AMBICAAGAR,EQ,,,,,AMBICA AGAR & AROMAINDLTD,24.97,25.89,24.60,25.24,25.24,24.97,,25.24,,,697,17396.93,16,F1,1,,,,,
2026-08-28,2026-08-28,CM,NSE,STK,15234,INE540G01014,AMBIKCO,EQ,,,,,AMBIKA COTTON MILL LTD.,1633.30,1659.90,1631.50,1638.30,1636.00,1636.70,,1638.31,,,9146,15037858.20,1119,F1,1,,,,,
2026-08-28,2026-08-28,CM,NSE,STK,1270,INE079A01024,AMBUJACEM,EQ,,,,,AMBUJA CEMENTS LTD,411.55,413.50,410.00,412.05,412.05,411.05,,412.11,,,2152464,887197468.20,16160,F1,1,,,,,
2026-08-28,2026-08-28,CM,NSE,STK,14398,INE005I01014,AMDIND,EQ,,,,,AMD INDUSTRIES LIMITED,53.25,54.50,51.73,52.38,52.40,53.33,,52.39,,,5977,315124.52,102,F1,1,,,,,
2026-08-28,2026-08-28,CM,NSE,STK,10898,INE0KT901015,AMEYA,SM,,,,,AMEYA PRECISION ENG LTD,109.50,112.00,109.50,112.00,112.00,109.45,,112.00,,,9000,988000.00,3,F1,1000,,,,,
2026-08-28,2026-08-28,CM,NSE,STK,19867,INE275D01022,AMNPLST,EQ,,,,,AMINES & PLASTICIZERS LTD,183.63,189.00,180.60,184.16,185.00,186.81,,184.16,,,3545,653780.65,181,F1,1,,,,,
2026-08-28,2026-08-28,CM,NSE,STK,761670,INE05TO01019,AEROPLANE,EQ,,,,,AMIR CHAND JAG KUM (E) L,170.70,176.41,170.70,174.82,174.00,171.41,,174.93,,,179790,31245655.25,3183,F1,1,,,,,
2026-08-28,2026-08-28,CM,NSE,STK,2598,INE606A01024,AMJLAND,EQ,,,,,AMJ LAND HOLDINGS LIMITED,39.22,39.22,38.61,38.62,38.62,39.22,,38.62,,,1890,73393.39,46,F1,1,,,,,
2026-08-28,2026-08-28,CM,NSE,STK,17547,INE098F01031,AMRUTANJAN,EQ,,,,,AMRUTAJAN HEALTH LTD,517.20,522.20,511.20,514.25,513.60,517.05,,514.25,,,67238,34681069.75,4593,F1,1,,,,,
2026-08-28,2026-08-28,CM,NSE,STK,759956,INE549H01021,ARSSBL,EQ,,,,,ANAND RATHI SH N STK BR L,517.05,521.00,508.00,509.70,509.95,517.05,,509.66,,,128495,65881848.20,3294,F1,1,,,,,
2026-08-28,2026-08-28,CM,NSE,STK,7145,INE463V01026,ANANDRATHI,EQ,,,,,ANAND RATHI WEALTH LTD,2195.00,2242.00,2182.00,2213.40,2219.70,2182.90,,2213.41,,,418905,925836839.10,27226,F1,1,,,,,
2026-08-28,2026-08-28,CM,NSE,STK,13620,INE242C01024,ANANTRAJ,EQ,,,,,ANANT RAJ LIMITED,605.25,611.90,603.20,606.15,604.65,605.25,,606.11,,,616038,373802598.30,18116,F1,1,,,,,
2026-08-28,2026-08-28,CM,NSE,STK,759363,INE1UA823019,ANANTAM,IV,,,,,ANANTAM HIGHWAYS TRUST,104.99,105.79,104.81,105.46,105.78,104.99,,105.33,,,9820,1032487.68,154,F1,1,,,,,
2026-08-28,2026-08-28,CM,NSE,STK,764446,INE1J5V01013,ANAWIL,SM,,,,,ANAWIL WIRE AND ENGIN LTD,422.50,431.95,405.30,409.30,408.00,421.20,,409.30,,,191200,79157640.00,463,F1,400,,,,,
2026-08-28,2026-08-28,CM,NSE,STK,758427,INE0VG001016,AMCL,SM,,,,,ANB METAL CAST LIMITED,370.00,370.00,358.60,358.60,358.60,368.00,,358.60,,,1200,438900.00,3,F1,400,,,,,
2026-08-28,2026-08-28,CM,NSE,STK,15420,INE666E01020,ACL,EQ,,,,,ANDHRA CEMENTS LIMITED,44.95,44.95,43.72,44.14,44.00,44.06,,44.14,,,26615,1173091.08,196,F1,1,,,,,
2026-08-28,2026-08-28,CM,NSE,STK,166,INE435A01051,ANDHRAPAP,EQ,,,,,ANDHRA PAPER LIMITED,60.41,61.65,60.17,61.07,61.37,60.11,,61.06,,,136218,8273419.22,2234,F1,1,,,,,
2026-08-28,2026-08-28,CM,NSE,STK,136,INE715B01021,ANDHRSUGAR,EQ,,,,,ANDHRA SUGARS LTD,96.36,100.37,95.84,98.02,97.84,95.45,,98.01,,,610078,59842795.88,5526,F1,1,,,,,
2026-08-28,2026-08-28,CM,NSE,STK,5206,INE449C01025,ANDREWYU,EQ,,,,,ANDREW YULE & CO. LTD.,27.99,28.79,27.75,28.45,28.25,27.99,,28.45,,,101147,2858967.65,393,F1,1,,,,,
2026-08-28,2026-08-28,CM,NSE,STK,324,INE732I01021,ANGELONE,EQ,,,,,ANGEL ONE LIMITED,295.90,297.70,291.65,294.00,294.00,295.90,,293.89,,,2866743,843896985.45,26505,F1,1,,,,,
2026-08-28,2026-08-28,CM,NSE,STK,16657,INE087B01017,ANIKINDS,EQ,,,,,ANIK INDUSTRIES LTD,46.50,48.99,44.10,46.06,47.77,46.50,,46.26,,,8384,386858.45,72,F1,1,,,,,
2026-08-28,2026-08-28,CM,NSE,STK,20453,INE071F01012,APCL,EQ,,,,,ANJANI PORTLAND CEM LTD,103.00,103.00,99.80,100.27,100.00,101.16,,100.27,,,10017,1005905.32,154,F1,1,,,,,
2026-08-28,2026-08-28,CM,NSE,STK,25878,INE106I01010,ANKITMETAL,BZ,,,,,ANKIT MET & POW LTD,1.80,1.80,1.77,1.77,1.77,1.80,,1.77,,,15283,27436.54,35,F1,1,,,,,
2026-08-28,2026-08-28,CM,NSE,STK,758968,INE0Y8W01025,AHCL,EQ,,,,,ANLON HEALTHCARE LIMITED,15.60,16.87,15.26,15.91,15.89,15.60,,15.91,,,15441669,251260656.30,55557,F1,1,,,,,
2026-08-28,2026-08-28,CM,NSE,STK,13657,INE0LR101013,ANLON,SM,,,,,ANLON TECHNOLOGY SOL LTD,638.00,640.00,638.00,639.90,639.90,640.10,,639.90,,,2400,1534360.00,6,F1,400,,,,,
2026-08-28,2026-08-28,CM,NSE,STK,3727,INE02AR01019,ANMOL,EQ,,,,,ANMOL INDIA LIMITED,10.07,10.18,10.00,10.05,10.00,9.99,,10.05,,,38369,385396.43,150,F1,1,,,,,
2026-08-28,2026-08-28,CM,NSE,STK,764471,INE0MGM01017,ANNAPURNA,EQ,,,,,ANNAPURNA SWADISHT LTD,150.90,153.20,143.50,144.65,143.70,146.40,,144.65,,,51186,7548971.90,612,F1,1,,,,,
2026-08-28,2026-08-28,CM,NSE,STK,758740,INE0VTV01012,ANONDITA,SM,,,,,ANONDITA MEDICARE LIMITED,1026.00,1085.85,1007.00,1060.90,1055.00,1023.80,,1060.90,,,55400,58240520.00,244,F1,200,,,,,
2026-08-28,2026-08-28,CM,NSE,STK,765020,INE030C01015,ANSALBU,EQ,,,,,ANSAL BUILDWELL LTD.,77.45,86.49,77.45,82.42,81.33,85.69,,82.12,,,10639,887310.57,172,F1,1,,,,,
2026-08-28,2026-08-28,CM,NSE,STK,19677,INE436A01026,ANSALAPI,BZ,,,,,ANSAL PROP & INFRA LTD,3.28,3.30,3.23,3.28,3.28,3.29,,3.28,,,12696,41655.19,25,F1,1,,,,,
2026-08-28,2026-08-28,CM,NSE,STK,5194,INE414B01021,ANTGRAPHIC,EQ,,,,,ANTARCTICA LTD,0.74,0.86,0.72,0.75,0.77,0.72,,0.75,,,1307534,1017165.58,325,F1,1,,,,,
2026-08-28,2026-08-28,CM,NSE,STK,13598,INE818A01017,ANTELOPUS,EQ,,,,,ANTELOPUS SELAN ENRGY LTD,781.20,794.15,777.85,787.30,782.10,781.20,,787.25,,,43078,33812910.55,2545,F1,1,,,,,
2026-08-28,2026-08-28,CM,NSE,STK,757885,INE0CZ201020,ANTHEM,EQ,,,,,ANTHEM BIOSCIENCES LTD,928.90,932.00,896.00,900.10,900.05,924.60,,900.13,,,375323,341858159.30,23007,F1,1,,,,,
2026-08-28,2026-08-28,CM,NSE,STK,1797,INE01BK01022,AWHCL,EQ,,,,,ANTONY WASTE HDG CELL LTD,391.00,391.00,385.05,387.30,385.65,389.20,,387.28,,,44715,17350148.35,2341,F1,1,,,,,
2026-08-28,2026-08-28,CM,NSE,STK,28314,INE489G01022,ANUHPHR,EQ,,,,,ANUH PHARMA LIMITED,83.57,85.99,82.25,83.57,83.75,83.58,,83.57,,,141578,11928467.52,2520,F1,1,,,,,
2026-08-28,2026-08-28,CM,NSE,STK,2829,INE930P01018,ANURAS,EQ,,,,,ANUPAM RASAYAN INDIA LTD,1265.40,1269.00,1253.00,1260.40,1253.00,1259.80,,1260.39,,,132636,166922601.70,4731,F1,1,,,,,
2026-08-28,2026-08-28,CM,NSE,STK,28983,INE0SI601032,ANYA,SM,,,,,ANYA POLYTECH & FERTI LTD,15.20,15.20,15.00,15.00,15.00,15.20,,15.00,,,10000,151000.00,2,F1,5000,,,,,
2026-08-28,2026-08-28,CM,NSE,STK,758904,INF1J2R01114,AONEGOLD,EQ,,,,,AONEAMC - AONEGOLD,14.63,14.82,14.51,14.73,14.79,14.65,,14.73,,,288491,4238758.91,1142,F1,1,,,,,
2026-08-28,2026-08-28,CM,NSE,STK,30472,INF1J2R01056,AONELIQUID,EQ,,,,,AONEAMC - AONELIQUID,1074.77,1074.77,1074.75,1074.76,1074.75,1074.32,,1074.76,,,10046,10797012.85,65,F1,1,,,,,
2026-08-28,2026-08-28,CM,NSE,STK,757096,INF1J2R01064,AONENIFTY,EQ,,,,,AONEAMC - AONENIFTY,10.03,10.03,9.95,9.96,9.96,9.96,,9.96,,,189083,1885836.41,1092,F1,1,,,,,
2026-08-28,2026-08-28,CM,NSE,STK,760193,INF1J2R01171,AONESILVER,EQ,,,,,AONEAMC - AONESILVER,9.15,9.25,9.02,9.20,9.20,9.04,,9.20,,,321987,2949623.46,1117,F1,1,,,,,
2026-08-28,2026-08-28,CM,NSE,STK,759992,INF1J2R01148,AONETMMQ50,EQ,,,,,AONEAMC - AONETMMQ50,10.16,10.55,10.16,10.44,10.42,10.43,,10.44,,,119934,1248981.24,244,F1,1,,,,,
2026-08-28,2026-08-28,CM,NSE,STK,29975,INF1J2R01015,AONETOTAL,EQ,,,,,AONEAMC - AONETOTAL,12.08,12.08,11.96,11.98,11.98,12.02,,11.98,,,193160,2318426.92,1143,F1,1,,,,,
2026-08-28,2026-08-28,CM,NSE,STK,11491,INE372A01015,APARINDS,EQ,,,,,APAR INDUSTRIES LTD.,17858.00,17900.00,17485.00,17803.00,17735.00,17900.00,,17801.57,,,120837,2138275709.00,33923,F1,1,,,,,
2026-08-28,2026-08-28,CM,NSE,STK,154,INE116A01032,APCOTEXIND,EQ,,,,,APCOTEX INDUSTRIES LIMITE,610.00,629.00,610.00,625.25,627.00,611.65,,625.25,,,118722,73793875.70,5242,F1,1,,,,,
2026-08-28,2026-08-28,CM,NSE,STK,27291,INE0T4V01015,APEXECO,ST,,,,,APEX ECOTECH LIMITED,242.00,254.10,242.00,253.90,253.90,242.00,,253.90,,,4800,1194280.00,6,F1,800,,,,,
2026-08-28,2026-08-28,CM,NSE,STK,21623,INE346W01013,APEX,EQ,,,,,APEX FROZEN FOODS LIMITED,385.35,387.95,379.95,381.25,381.10,383.45,,381.24,,,67352,25743195.55,2616,F1,1,,,,,
2026-08-28,2026-08-28,CM,NSE,STK,25780,INE702C01027,APLAPOLLO,EQ,,,,,APL APOLLO TUBES LTD,2187.00,2278.40,2182.50,2265.60,2265.60,2188.00,,2265.56,,,1037530,2320954896.20,38752,F1,1,,,,,
2026-08-28,2026-08-28,CM,NSE,STK,757170,INE0TLC07101,930APMD32,N0,,,,,APMD 9.30% 2032 STRPP F,103500.00,103500.00,103500.00,103500.00,103500.00,103491.00,,103500.00,,,1,103500.00,1,F1,1,,,,,
2026-08-28,2026-08-28,CM,NSE,STK,157,INE437A01024,APOLLOHOSP,EQ,,,,,APOLLO HOSPITALS ENTER. L,8848.00,8905.00,8818.50,8838.50,8838.50,8800.00,,8838.98,,,311286,2763044111.00,26318,F1,1,,,,,
2026-08-28,2026-08-28,CM,NSE,STK,1134,INE713T01028,APOLLO,EQ,,,,,APOLLO MICRO SYSTEMS LTD,387.70,388.50,383.85,387.45,388.40,386.35,,387.45,,,3217421,1242295047.10,22693,F1,1,,,,,
2026-08-28,2026-08-28,CM,NSE,STK,14361,INE126J01016,APOLLOPIPE,EQ,,,,,APOLLO PIPES LIMITED,638.55,643.00,620.60,631.00,625.00,638.55,,631.14,,,204371,128516186.60,7446,F1,1,,,,,
2026-08-28,2026-08-28,CM,NSE,STK,6302,INE451F01024,APOLSINHOT,EQ,,,,,APOLLO SINDOORI HOTEL LTD,1206.00,1249.90,1206.00,1215.40,1215.00,1235.30,,1215.40,,,553,679819.80,95,F1,1,,,,,
2026-08-28,2026-08-28,CM,NSE,STK,163,INE438A01022,APOLLOTYRE,EQ,,,,,APOLLO TYRES LTD,448.10,451.00,442.10,443.50,443.50,443.25,,443.50,,,836372,374362449.60,23412,F1,1,,,,,
2026-08-28,2026-08-28,CM,NSE,STK,24638,INE0LQG01010,APRAMEYA,SM,,,,,APRAMEYA ENGINEERING LTD,126.00,126.00,124.20,124.25,124.25,126.00,,124.25,,,8000,996875.00,10,F1,500,,,,,
2026-08-28,2026-08-28,CM,NSE,STK,761435,INE1OOJ01011,APSISAERO,ST,,,,,APSIS AEROCOM LIMITED,549.00,553.80,541.00,553.80,553.80,545.40,,553.80,,,20400,11188920.00,15,F1,1200,,,,,
2026-08-28,2026-08-28,CM,NSE,STK,14074,INE266F01018,APTECHT,BE,,,,,APTECH LIMITED,90.30,92.48,90.30,91.52,92.00,90.28,,91.37,,,59251,5430649.14,355,F1,1,,,,,
2026-08-28,2026-08-28,CM,NSE,STK,5435,INE852O01025,APTUS,EQ,,,,,APTUS VALUE HSG FIN I LTD,254.80,257.20,253.55,256.15,256.15,256.45,,256.11,,,324345,82895789.90,16616,F1,1,,,,,
2026-08-28,2026-08-28,CM,NSE,STK,23365,INE416A01051,AQYLON,EQ,,,,,AQYLON NEXUS LIMITED,23.20,23.34,22.11,22.11,22.11,23.27,,22.13,,,1075974,24223772.77,1548,F1,1,,,,,
2026-08-28,2026-08-28,CM,NSE,STK,19253,INE08NJ01024,ARABIAN,SM,,,,,ARABIAN PETROLEUM LIMITED,86.90,89.75,86.90,87.60,87.60,82.00,,87.60,,,12000,1058000.00,6,F1,2000,,,,,
2026-08-28,2026-08-28,CM,NSE,STK,758670,INE0YDV01010,ARCIIL,SM,,,,,ARC INSULATION & INSU LTD,35.10,36.50,34.60,36.15,36.50,36.85,,36.15,,,31000,1115400.00,19,F1,1000,,,,,
2026-08-28,2026-08-28,CM,NSE,STK,12024,INE128X01021,ACI,EQ,,,,,ARCHEAN CHEMICAL IND LTD,480.00,489.85,479.80,484.30,484.30,483.95,,484.36,,,390477,189588596.00,14775,F1,1,,,,,
2026-08-28,2026-08-28,CM,NSE,STK,245,INE0CHO01012,ADL,EQ,,,,,ARCHIDPLY DECOR LIMITED,70.96,75.00,70.96,75.00,75.00,70.91,,72.12,,,1056,77817.62,19,F1,1,,,,,
2026-08-28,2026-08-28,CM,NSE,STK,16795,INE877I01016,ARCHIDPLY,EQ,,,,,ARCHIDPLY IND. LTD,103.06,108.40,99.01,105.23,105.44,103.04,,105.34,,,49263,5144662.84,1148,F1,1,,,,,
2026-08-28,2026-08-28,CM,NSE,STK,5688,INE731A01020,ARCHIES,EQ,,,,,ARCHIES LTD,13.50,13.70,13.38,13.40,13.45,13.40,,13.40,,,10149,136827.36,68,F1,1,,,,,
2026-08-28,2026-08-28,CM,NSE,STK,764598,INE372M01010,ARCL,EQ,,,,,ARCL ORGANICS LTD.,231.99,235.00,221.05,226.22,235.00,232.00,,227.18,,,114,26514.33,8,F1,1,,,,,
2026-08-28,2026-08-28,CM,NSE,STK,764480,INE0XNF01022,ARDEE,EQ,,,,,ARDEE INDUSTRIES LIMITED,59.96,61.96,58.78,61.16,61.50,59.28,,61.16,,,6521624,395240532.54,25408,F1,1,,,,,
2026-08-28,2026-08-28,CM,NSE,STK,758700,INE784R01023,ARFIN,EQ,,,,,ARFIN INDIA LIMITED,86.11,86.30,84.65,85.77,85.99,85.40,,85.77,,,964118,82182760.32,2417,F1,1,,,,,
2026-08-28,2026-08-28,CM,NSE,STK,13092,INE0L2Y01011,ARHAM,SM,,,,,ARHAM TECHNOLOGIES LTD,215.00,217.00,208.95,215.40,215.00,211.75,,215.40,,,53000,11363050.00,48,F1,1000,,,,,
2026-08-28,2026-08-28,CM,NSE,STK,15204,INE298I01015,ARIES,EQ,,,,,ARIES AGRO LTD.,492.80,497.60,465.30,484.30,482.20,490.65,,484.33,,,54489,26451948.45,2404,F1,1,,,,,
2026-08-28,2026-08-28,CM,NSE,STK,3813,INE420B01036,ARIHANTCAP,EQ,,,,,ARIHANT CAPITAL MKTS LTD,78.60,80.49,76.93,79.39,80.30,78.62,,79.38,,,192228,15075619.02,1401,F1,1,,,,,
2026-08-28,2026-08-28,CM,NSE,STK,13885,INE413D01011,ARIHANT,EQ,,,,,ARIHANT FOUN & HOU LTD,994.80,994.80,950.00,958.90,965.00,974.80,,958.83,,,1298,1251376.40,188,F1,1,,,,,
2026-08-28,2026-08-28,CM,NSE,STK,20159,INE643K01018,ARIHANTSUP,EQ,,,,,ARIHANT SUPERSTRUCT LTD,262.10,262.10,252.10,255.35,256.80,261.50,,255.37,,,8417,2159589.85,268,F1,1,,,,,
2026-08-28,2026-08-28,CM,NSE,STK,757614,INE0H9P01028,ARIS,EQ,,,,,ARISINFRA SOLUTIONS LTD,143.25,153.25,143.25,151.31,151.20,143.89,,151.31,,,5643850,848393325.61,30342,F1,1,,,,,
2026-08-28,2026-08-28,CM,NSE,STK,25398,INE0QRL01017,ARKADE,EQ,,,,,ARKADE DEVELOPERS LIMITED,127.20,128.00,126.50,127.38,128.00,127.25,,127.38,,,140894,17942793.30,1212,F1,1,,,,,
2026-08-28,2026-08-28,CM,NSE,STK,17263,INE109C01017,ARMANFIN,EQ,,,,,ARMAN FIN SERV LTD,1966.00,2045.00,1959.40,2034.20,2035.00,1967.10,,2034.18,,,50932,102170524.00,4724,F1,1,,,,,
2026-08-28,2026-08-28,CM,NSE,STK,760752,INE0TZX01019,ARMOUR,ST,,,,,ARMOUR SECURITY (INDIA) L,18.90,18.90,18.90,18.90,18.90,18.10,,18.90,,,2000,37800.00,1,F1,2000,,,,,
2026-08-28,2026-08-28,CM,NSE,STK,14557,INE210C01013,AROGRANITE,EQ,,,,,ARO GRANITE IND. LTD.,26.50,26.50,25.00,25.10,25.05,25.59,,25.10,,,6645,167837.49,56,F1,1,,,,,
2026-08-28,2026-08-28,CM,NSE,STK,9264,INE570D01018,ARROWGREEN,BE,,,,,ARROW GREENTECH LIMITED,696.85,708.90,689.10,692.00,689.90,689.10,,687.66,,,11838,8259594.95,352,F1,1,,,,,
2026-08-28,2026-08-28,CM,NSE,STK,29015,INE968D01022,ARSHIYA,BZ,,,,,ARSHIYA LIMITED,0.83,0.83,0.80,0.81,0.81,0.84,,0.80,,,126333,101495.57,132,F1,1,,,,,
2026-08-28,2026-08-28,CM,NSE,STK,6156,INE738V01013,ARTNIRMAN,EQ,,,,,ART NIRMAN LIMITED,42.00,42.00,39.62,39.84,39.85,39.70,,39.84,,,1005,41221.34,18,F1,1,,,,,
2026-08-28,2026-08-28,CM,NSE,STK,761330,INE757T01025,AEPL,EQ,,,,,ARTEMIS ELECTRICALS & P L,15.65,15.65,14.67,15.38,15.35,15.39,,15.36,,,15835,239380.15,157,F1,1,,,,,
2026-08-28,2026-08-28,CM,NSE,STK,16913,INE025R01021,ARTEMISMED,EQ,,,,,ARTEMIS MED SERVICE LTD,316.95,321.00,316.95,319.25,320.80,316.95,,319.25,,,123988,39562558.75,5900,F1,1,,,,,
2026-08-28,2026-08-28,CM,NSE,STK,756896,INE0TTG01017,ARUNAYA,SM,,,,,ARUNAYA ORGANICS LIMITED,14.35,14.35,14.30,14.30,14.30,14.30,,14.30,,,6000,86000.00,3,F1,2000,,,,,
2026-08-28,2026-08-28,CM,NSE,STK,2814,INE006Z01016,ARVEE,EQ,,,,,ARVEE LABORATORIES I LTD,162.15,174.50,162.15,169.00,169.00,170.59,,169.00,,,823,139865.26,48,F1,1,,,,,
2026-08-28,2026-08-28,CM,NSE,STK,9111,INE955V01021,ARVINDFASN,EQ,,,,,ARVIND FASHIONS LIMITED,450.65,454.50,442.35,450.65,450.15,449.40,,450.64,,,173596,77833083.60,16021,F1,1,,,,,
2026-08-28,2026-08-28,CM,NSE,STK,193,INE034A01011,ARVIND,EQ,,,,,ARVIND LIMITED,545.00,545.25,532.20,543.35,539.10,540.95,,543.35,,,760011,409832828.90,18102,F1,1,,,,,
2026-08-28,2026-08-28,CM,NSE,STK,19579,INE0P4T01013,ARVINDPORT,SM,,,,,ARVIND PORT AND INFRA LTD,32.00,33.95,31.00,33.95,33.95,32.45,,33.95,,,45000,1486350.00,17,F1,1500,,,,,
2026-08-28,2026-08-28,CM,NSE,STK,10457,INE034S01021,ARVSMART,EQ,,,,,ARVIND SMARTSPACES LTD,652.65,668.00,646.00,661.40,661.40,652.65,,661.37,,,88204,57777388.20,4112,F1,1,,,,,
2026-08-28,2026-08-28,CM,NSE,STK,764603,INE032E01017,ARYAMAN,EQ,,,,,ARYAMAN FINANCIAL SERV L,620.00,674.95,614.00,644.30,674.95,625.00,,642.63,,,709,451525.05,26,F1,1,,,,,
2026-08-28,2026-08-28,CM,NSE,STK,5378,INE439A01020,ASAHIINDIA,EQ,,,,,ASAHI INDIA GLASS LIMITED,954.20,968.10,944.00,952.70,949.95,951.25,,952.81,,,172883,166004638.30,15793,F1,1,,,,,
2026-08-28,2026-08-28,CM,NSE,STK,25092,INE228I01012,ASAHISONG,BE,,,,,ASAHI SONGWON COLOR LTD,355.40,375.00,352.00,366.70,372.00,365.90,,366.76,,,9722,3479852.25,159,F1,1,,,,,
2026-08-28,2026-08-28,CM,NSE,STK,203,INE348A01023,ASHAPURMIN,EQ,,,,,ASHAPURA MINECHEM LTD,579.95,587.20,576.40,582.10,582.30,578.05,,582.11,,,220503,128449370.10,11642,F1,1,,,,,
2026-08-28,2026-08-28,CM,NSE,STK,24403,INE365D01021,ASHIANA,EQ,,,,,ASHIANA HOUSING LTD,366.30,369.85,362.05,368.80,369.80,365.55,,368.80,,,23913,8755238.45,1099,F1,1,,,,,
2026-08-28,2026-08-28,CM,NSE,STK,762551,INE094B01013,ASHIKAG,BE,,,,,ASHIKA GLOBAL SEC LTD,441.35,441.35,432.40,436.55,435.00,439.20,,436.56,,,21456,9336600.50,105,F1,1,,,,,
2026-08-28,2026-08-28,CM,NSE,STK,206,INE440A01010,ASHIMASYN,EQ,,,,,ASHIMA LTD,18.87,19.60,18.50,18.83,18.92,18.87,,18.79,,,46088,866598.75,291,F1,1,,,,,
2026-08-28,2026-08-28,CM,NSE,STK,212,INE208A01029,ASHOKLEY,EQ,,,,,ASHOK LEYLAND LTD,178.00,178.18,174.81,175.77,175.77,177.40,,175.77,,,11814260,2077528384.38,39809,F1,1,,,,,
2026-08-28,2026-08-28,CM,NSE,STK,20182,INE442H01029,ASHOKA,EQ,,,,,ASHOKA BUILDCON LTD,113.01,113.40,112.32,112.65,112.92,113.05,,112.65,,,294687,33270298.31,2950,F1,1,,,,,
2026-08-28,2026-08-28,CM,NSE,STK,16943,INE760Y01011,ASHOKAMET,EQ,,,,,ASHOKA METCAST LIMITED,13.88,13.89,13.16,13.65,13.65,13.51,,13.65,,,17883,245560.87,134,F1,1,,,,,
2026-08-28,2026-08-28,CM,NSE,STK,760418,INE1A6Q01010,ASHWINI,SM,,,,,ASHWINI CONTAINER MOVER L,184.60,184.60,182.00,182.00,182.00,184.90,,182.00,,,3000,548600.00,3,F1,1000,,,,,
2026-08-28,2026-08-28,CM,NSE,STK,7030,INE276G01015,ASIANENE,EQ,,,,,ASIAN ENERGY SERVICES LTD,496.45,520.00,477.00,480.80,479.00,492.70,,480.80,,,701493,349881022.55,20552,F1,1,,,,,
2026-08-28,2026-08-28,CM,NSE,STK,14889,INE022I01019,ASIANTILES,EQ,,,,,ASIAN GRANITO IND. LTD.,47.78,48.29,47.00,47.88,48.00,47.02,,47.88,,,2511054,119606283.27,6314,F1,1,,,,,
2026-08-28,2026-08-28,CM,NSE,STK,19438,INE926K01017,AHLEAST,EQ,,,,,ASIAN HOTELS (EAST) LTD,137.05,141.40,135.00,139.32,141.40,136.73,,139.61,,,3751,520040.37,63,F1,1,,,,,
2026-08-28,2026-08-28,CM,NSE,STK,18422,INE363A01022,ASIANHOTNR,EQ,,,,,ASIAN HOTELS (NORTH) LTD,307.75,317.80,301.55,315.95,317.80,312.05,,315.95,,,98958,31047014.25,499,F1,1,,,,,
2026-08-28,2026-08-28,CM,NSE,STK,19370,INE915K01010,AHLWEST,BE,,,,,ASIAN HOTELS (WEST) LTD,524.00,533.40,509.00,524.00,533.40,508.00,,524.00,,,1174,618535.40,22,F1,1,,,,,
2026-08-28,2026-08-28,CM,NSE,STK,236,INE021A01026,ASIANPAINT,EQ,,,,,ASIAN PAINTS LIMITED,2645.00,2645.00,2583.80,2608.70,2608.70,2631.00,,2608.52,,,482544,1257683631.80,36207,F1,1,,,,,
2026-08-28,2026-08-28,CM,NSE,STK,762553,INE194D01017,ASTAR,EQ,,,,,ASIAN STAR CO. LTD.,590.00,599.95,588.00,599.90,599.85,590.00,,599.78,,,75,44673.10,13,F1,1,,,,,
2026-08-28,2026-08-28,CM,NSE,STK,765025,INE822B01017,ASIANTNE,EQ,,,,,ASIAN TEA & EXPORTS LTD.,9.90,10.99,9.72,10.89,10.98,9.65,,10.85,,,58850,622727.01,252,F1,1,,,,,
2026-08-28,2026-08-28,CM,NSE,STK,20152,INE491J01022,ASKAUTOLTD,EQ,,,,,ASK AUTOMOTIVE LIMITED,607.95,635.95,604.25,633.10,635.00,606.05,,633.09,,,416555,260609945.15,20075,F1,1,,,,,
2026-08-28,2026-08-28,CM,NSE,STK,17270,INE991I01015,ASPINWALL,EQ,,,,,ASPINWALL & CO LTD,260.21,268.00,260.10,262.52,260.30,261.26,,262.52,,,1933,512693.50,52,F1,1,,,,,
2026-08-28,2026-08-28,CM,NSE,STK,23396,INE0S7801010,ASPIRE,SM,,,,,ASPIRE & INNOVATIVE ADV L,12.50,13.50,12.50,13.50,13.50,13.15,,13.50,,,4000,52000.00,2,F1,2000,,,,,
2026-08-28,2026-08-28,CM,NSE,STK,765237,INE165G01010,ASSAMENT,EQ,,,,,ASSAM ENTRADE LIMITED,705.00,778.05,705.00,778.05,778.05,741.00,,778.05,,,172,125477.85,9,F1,1,,,,,
2026-08-28,2026-08-28,CM,NSE,STK,17598,INE073G01016,ASALCBR,EQ,,,,,ASSO ALCOHOLS & BREW LTD,719.60,721.40,710.00,714.50,715.70,716.40,,714.56,,,12716,9081184.90,1629,F1,1,,,,,
2026-08-28,2026-08-28,CM,NSE,STK,17728,INE563J01010,ASTEC,EQ,,,,,ASTEC LIFESCIENCES LTD,589.00,593.95,572.00,581.45,580.00,585.90,,581.43,,,25129,14648555.10,1545,F1,1,,,,,
2026-08-28,2026-08-28,CM,NSE,STK,1508,INE914M01019,ASTERDM,EQ,,,,,ASTER DM QUALITY CARE LTD,759.85,765.00,744.05,748.40,747.70,754.80,,746.42,,,1768713,1323780278.20,62879,F1,1,,,,,
2026-08-28,2026-08-28,CM,NSE,STK,11618,INE386C01029,ASTRAMICRO,EQ,,,,,ASTRA MICROWAVE LTD,1689.80,1722.40,1670.00,1706.60,1702.00,1687.50,,1706.55,,,242127,409643485.30,17156,F1,1,,,,,
2026-08-28,2026-08-28,CM,NSE,STK,14418,INE006I01046,ASTRAL,EQ,,,,,ASTRAL LIMITED,1535.60,1556.40,1529.50,1532.30,1532.30,1529.20,,1532.32,,,700559,1078714314.20,59978,F1,1,,,,,
2026-08-28,2026-08-28,CM,NSE,STK,5610,INE203A01020,ASTRAZEN,EQ,,,,,ASTRAZENECA PHARMA IND LT,7140.50,7170.00,7081.00,7106.50,7137.00,7136.00,,7106.49,,,2651,18906505.00,1060,F1,1,,,,,
2026-08-28,2026-08-28,CM,NSE,STK,764445,INE646X01014,ASTRON,BZ,,,,,ASTRON PAPER BORD MIL LTD,3.08,3.16,3.00,3.13,3.14,3.08,,3.10,,,16663,52167.33,53,F1,1,,,,,
2026-08-28,2026-08-28,CM,NSE,STK,15649,INE0ALR01029,ATALREAL,EQ,,,,,ATAL REALTECH LIMITED,35.35,36.00,34.71,35.51,35.50,35.13,,35.51,,,13592636,480456190.50,7126,F1,1,,,,,
2026-08-28,2026-08-28,CM,NSE,STK,15404,INE09KD01013,ATAM,EQ,,,,,ATAM VALVES LIMITED,56.51,58.50,55.25,55.85,55.55,56.51,,55.87,,,17108,972781.66,239,F1,1,,,,,
2026-08-28,2026-08-28,CM,NSE,STK,756405,INE0V0Q01019,ATCENERGY,ST,,,,,ATC ENERGIES SYSTEM LTD,22.40,22.40,22.40,22.40,22.40,22.40,,22.40,,,1200,26880.00,1,F1,1200,,,,,
2026-08-28,2026-08-28,CM,NSE,STK,757648,INE0LEZ01016,ATHERENERG,BL,,,,,ATHER ENERGY LIMITED,1480.00,1480.00,1480.00,1480.00,1480.00,710.00,,1480.00,,,11880000,17582400000.00,1,F1,999999999,,,,,
2026-08-28,2026-08-28,CM,NSE,STK,757645,INE0LEZ01016,ATHERENERG,EQ,,,,,ATHER ENERGY LIMITED,1523.70,1630.00,1523.70,1616.30,1616.30,1495.30,,1616.22,,,14538878,23141900172.50,350831,F1,1,,,,,
2026-08-28,2026-08-28,CM,NSE,STK,760953,IN90NN701011,ATLPP,E1,,,,,ATL RE.0.50 PPD UP,10.40,10.40,9.66,9.70,9.71,9.66,,9.69,,,7690,75277.37,55,F1,1,,,,,
2026-08-28,2026-08-28,CM,NSE,STK,759007,INE0Z4F01028,ATLANTAELE,EQ,,,,,ATLANTA ELECTRICALS LTD,1684.00,1750.00,1675.30,1745.10,1743.00,1674.90,,1745.38,,,128412,221091789.30,15372,F1,1,,,,,
2026-08-28,2026-08-28,CM,NSE,STK,13585,INE285H01022,ATLANTAA,EQ,,,,,ATLANTAA LIMITED,37.10,37.78,36.95,37.03,37.15,37.64,,37.03,,,37210,1382563.78,329,F1,1,,,,,
2026-08-28,2026-08-28,CM,NSE,STK,4568,INE446A01025,ATLASCYCLE,EQ,,,,,ATLAS CYCLE (HARYANA) LTD,97.00,97.43,95.50,96.11,96.49,96.28,,96.11,,,3218,309345.58,88,F1,1,,,,,
2026-08-28,2026-08-28,CM,NSE,STK,22785,INE05DH01017,ATMASTCO,SM,,,,,ATMASTCO LIMITED,140.80,145.50,140.00,144.90,144.90,139.70,,144.90,,,10800,1548720.00,20,F1,400,,,,,
2026-08-28,2026-08-28,CM,NSE,STK,30023,INE951D01028,ATULAUTO,EQ,,,,,ATUL AUTO LIMITED,482.10,485.80,479.05,483.35,483.20,481.15,,483.33,,,49107,23669690.40,1719,F1,1,,,,,
2026-08-28,2026-08-28,CM,NSE,STK,263,INE100A01010,ATUL,EQ,,,,,ATUL LTD,6598.00,6598.00,6437.50,6459.50,6469.00,6585.00,,6459.38,,,28383,184148585.00,10476,F1,1,,,,,
2026-08-28,2026-08-28,CM,NSE,STK,21238,INE949L01017,AUBANK,EQ,,,,,AU SMALL FINANCE BANK LTD,1086.30,1094.30,1073.30,1077.10,1077.10,1091.00,,1077.10,,,871951,944558490.30,41897,F1,1,,,,,
2026-08-28,2026-08-28,CM,NSE,STK,12022,INE132H01018,AURIONPRO,EQ,,,,,AURIONPRO SOLN LTD,692.80,712.45,690.00,707.60,703.30,688.00,,707.70,,,204145,143447637.60,11865,F1,1,,,,,
2026-08-28,2026-08-28,CM,NSE,STK,275,INE406A01037,AUROPHARMA,EQ,,,,,AUROBINDO PHARMA LTD,1637.00,1656.20,1620.10,1645.30,1645.30,1637.00,,1645.33,,,484381,794024853.90,21512,F1,1,,,,,
2026-08-28,2026-08-28,CM,NSE,STK,10310,INE898S01029,AURUM,EQ,,,,,AURUM PROPTECH LIMITED,229.76,235.25,228.21,232.98,232.51,228.45,,233.01,,,107260,24920737.94,2349,F1,1,,,,,
2026-08-28,2026-08-28,CM,NSE,STK,31468,INE142K01011,AURUS,EQ,,,,,AURUS GEM CORP LIMITED,4.64,4.75,4.52,4.66,4.68,4.57,,4.66,,,25000,115943.58,129,F1,1,,,,,
2026-08-28,2026-08-28,CM,NSE,STK,4037,INE218C01016,AUSOMENT,EQ,,,,,AUSOM ENTERPRISE LIMITED,147.25,148.85,144.65,148.24,148.85,147.25,,148.24,,,5076,752395.23,183,F1,1,,,,,
2026-08-28,2026-08-28,CM,NSE,STK,764608,INE759F01012,AUSTENG,EQ,,,,,AUSTIN ENGINEERING CO. L,120.01,125.00,119.99,123.28,123.00,121.01,,123.59,,,1859,227006.28,53,F1,1,,,,,
2026-08-28,2026-08-28,CM,NSE,STK,21451,INE0P0001010,APS,SM,,,,,AUSTRALIAN PREM SOLAR I L,257.00,264.00,254.05,259.10,256.00,256.95,,259.10,,,15000,3887262.50,51,F1,250,,,,,
2026-08-28,2026-08-28,CM,NSE,STK,23553,INE206F01022,AIIL,EQ,,,,,AUTHUM INVEST & INFRA LTD,550.25,558.95,544.00,545.90,544.20,553.90,,545.19,,,114584,63232269.35,9285,F1,1,,,,,
2026-08-28,2026-08-28,CM,NSE,STK,14106,INE718H01014,AUTOIND,EQ,,,,,AUTOLINE INDUSTRIES LTD,88.58,90.78,88.05,89.04,88.70,89.02,,89.00,,,70443,6283820.17,661,F1,1,,,,,
2026-08-28,2026-08-28,CM,NSE,STK,764558,INE451C01013,ACGL,EQ,,,,,AUTOMOBILE CORPN OF GOA L,1823.50,1825.00,1773.40,1792.60,1787.00,1805.30,,1790.64,,,342,612787.90,85,F1,1,,,,,
2026-08-28,2026-08-28,CM,NSE,STK,278,INE449A01011,AUTOAXLES,EQ,,,,,AUTOMOTIVE AXLES LIMITED,1735.90,1744.90,1714.20,1740.20,1739.80,1723.60,,1740.12,,,1988,3445596.10,369,F1,1,,,,,
2026-08-28,2026-08-28,CM,NSE,STK,10634,INE900C01027,ASAL,EQ,,,,,AUTOMOTIVE STAMPINGS & AS,486.00,493.30,486.00,488.20,487.50,488.45,,488.20,,,10947,5362992.45,502,F1,1,,,,,
2026-08-28,2026-08-28,CM,NSE,STK,21406,INE349W01017,AVADHSUGAR,EQ,,,,,AVADH SUG & ENERGY LTD,811.00,838.40,806.85,830.05,828.20,804.55,,830.06,,,170865,141202738.15,6229,F1,1,,,,,
2026-08-28,2026-08-28,CM,NSE,STK,15058,INE0LCL01028,AVALON,EQ,,,,,AVALON TECHNOLOGIES LTD,2250.00,2251.10,2172.00,2231.70,2239.00,2256.60,,2231.64,,,239819,531547536.60,25509,F1,1,,,,,
2026-08-28,2026-08-28,CM,NSE,STK,760736,INE1KU201016,AVANA,ST,,,,,AVANA ELECTROSYSTEMS LTD,150.00,150.00,149.80,150.00,150.00,147.50,,150.00,,,10000,1499600.00,5,F1,2000,,,,,
2026-08-28,2026-08-28,CM,NSE,STK,765030,INE758A01072,AVANCE,EQ,,,,,AVANCE TECHNOLOGIES LTD.,0.87,0.89,0.87,0.87,0.88,0.87,,0.88,,,2849676,2499963.01,1104,F1,1,,,,,
2026-08-28,2026-08-28,CM,NSE,STK,24610,INE005B01027,AVANTEL,EQ,,,,,AVANTEL LIMITED,157.00,158.40,156.48,156.79,157.63,158.05,,156.78,,,369537,58012209.79,5280,F1,1,,,,,
2026-08-28,2026-08-28,CM,NSE,STK,7936,INE871C01038,AVANTIFEED,EQ,,,,,AVANTI FEEDS LIMITED,844.90,845.60,822.00,826.75,828.00,844.45,,826.71,,,415922,344355371.70,23086,F1,1,,,,,
2026-08-28,2026-08-28,CM,NSE,STK,19913,INE192R01011,DMART,EQ,,,,,AVENUE SUPERMARTS LIMITED,3850.00,3853.90,3822.00,3830.60,3830.60,3847.40,,3830.60,,,276877,1062057685.50,19223,F1,1,,,,,
2026-08-28,2026-08-28,CM,NSE,STK,16249,INE483S01020,CCAVENUE,EQ,,,,,AVENUESAI LIMITED,15.25,15.52,15.20,15.27,15.27,15.22,,15.27,,,6373496,97581398.80,8887,F1,1,,,,,
2026-08-28,2026-08-28,CM,NSE,STK,15638,INE680Z01018,AVG,BE,,,,,AVG LOGISTICS LIMITED,179.69,180.86,175.70,179.22,179.31,179.69,,179.21,,,16257,2891314.46,113,F1,1,,,,,
2026-08-28,2026-08-28,CM,NSE,STK,25520,INE0TFB01017,AVIANSH,SM,,,,,AVI ANSH TEXTILE LIMITED,104.00,104.50,100.50,100.50,100.50,104.00,,100.50,,,8000,817250.00,8,F1,1000,,,,,
2026-08-28,2026-08-28,CM,NSE,STK,755092,INE0V9I01017,AVIENCE,SM,,,,,AVIENCE BIOMEDICALS LTD,270.70,279.00,265.30,269.50,269.00,270.65,,269.50,,,23400,6381840.00,36,F1,600,,,,,
2026-08-28,2026-08-28,CM,NSE,STK,14069,INE855F01042,ASMS,BE,,,,,AVIO SMART MRKT STACK LTD,7.00,7.18,6.75,7.01,7.05,7.07,,6.97,,,138147,962534.29,338,F1,1,,,,,
2026-08-28,2026-08-28,CM,NSE,STK,13557,INE323B01024,AVONMORE,EQ,,,,,AVONMORE CAP&MGT SERV LTD,13.72,14.15,13.72,13.90,13.90,13.68,,13.90,,,145925,2037211.38,350,F1,1,,,,,
2026-08-28,2026-08-28,CM,NSE,STK,23159,INE0R9401019,AVPINFRA,SM,,,,,AVP INFRACON LIMITED,59.80,59.80,57.50,57.55,57.50,58.90,,57.55,,,43200,2513400.00,35,F1,800,,,,,
2026-08-28,2026-08-28,CM,NSE,STK,8827,INE652Z01025,AVROIND,EQ,,,,,AVRO INDIA LIMITED,9.34,9.80,9.00,9.30,9.01,9.29,,9.23,,,547964,5155658.99,1306,F1,1,,,,,
2026-08-28,2026-08-28,CM,NSE,STK,14008,INE488D01021,AVTNPL,EQ,,,,,AVT NATURAL PRODUCTS LTD,85.25,86.60,83.57,85.19,85.50,85.64,,85.21,,,141293,11980147.93,1993,F1,1,,,,,
2026-08-28,2026-08-28,CM,NSE,STK,23864,INE108V01019,AWFIS,EQ,,,,,AWFIS SPACE SOLUTIONS LTD,260.00,262.00,251.90,253.25,252.00,257.65,,253.33,,,409033,104550261.25,22403,F1,1,,,,,
2026-08-28,2026-08-28,CM,NSE,STK,8110,INE699H01024,AWL,EQ,,,,,AWL AGRI BUSINESS LIMITED,199.74,199.74,195.30,196.27,195.81,199.74,,196.27,,,1135382,224255441.56,23429,F1,1,,,,,
2026-08-28,2026-08-28,CM,NSE,STK,5900,INE238A01034,AXISBANK,EQ,,,,,AXIS BANK LIMITED,1256.00,1265.40,1248.20,1265.00,1265.00,1256.00,,1265.00,,,3243469,4088549528.70,103208,F1,1,,,,,
2026-08-28,2026-08-28,CM,NSE,STK,1044,INF846K01X63,BNKETFAXIS,EQ,,,,,AXISAMC-BNKETFAXIS,593.94,595.24,591.20,593.78,594.57,594.58,,593.78,,,3459,2048339.89,18,F1,1,,,,,
2026-08-28,2026-08-28,CM,NSE,STK,5732,INF846K016C7,CONSUMAXIS,EQ,,,,,AXISAMC-CONSUMAXIS,122.90,123.23,122.23,122.80,122.70,122.90,,122.80,,,2122,259599.31,23,F1,1,,,,,
2026-08-28,2026-08-28,CM,NSE,STK,20532,INF846K01W80,GOLDAXIS,EQ,,,,,AXISAMC-GOLDAXIS,130.72,132.08,130.14,131.78,131.92,130.79,,131.78,,,2586465,339233465.51,4755,F1,1,,,,,
2026-08-28,2026-08-28,CM,NSE,STK,3608,INF846K01Z12,HEALTHAXIS,EQ,,,,,AXISAMC-HEALTHAXIS,165.40,171.42,165.40,170.79,170.69,169.65,,170.79,,,7441,1269490.00,76,F1,1,,,,,
2026-08-28,2026-08-28,CM,NSE,STK,3010,INF846K01Y96,ITAXIS,EQ,,,,,AXISAMC-ITAXIS,337.68,345.34,337.68,343.84,345.34,332.00,,343.85,,,10697,3669129.39,174,F1,1,,,,,
2026-08-28,2026-08-28,CM,NSE,STK,21252,INF846K01W98,NIFTYAXIS,EQ,,,,,AXISAMC-NIFTYAXIS,266.94,268.31,266.79,267.88,267.23,267.74,,267.88,,,2633,704025.52,104,F1,1,,,,,
2026-08-28,2026-08-28,CM,NSE,STK,14742,INF846K010Q0,SENSEXAXIS,EQ,,,,,AXISAMC-SENSEXAXIS,80.64,80.64,79.80,79.96,79.80,80.24,,79.96,,,697,55923.12,53,F1,1,,,,,
2026-08-28,2026-08-28,CM,NSE,STK,11193,INF846K011K1,SILVERAXIS,EQ,,,,,AXISAMC-SILVERAXIS,235.40,240.51,235.02,238.97,238.47,235.43,,238.97,,,229856,54773659.21,1710,F1,1,,,,,
2026-08-28,2026-08-28,CM,NSE,STK,30155,INF846KA1119,VALUEAXIS,EQ,,,,,AXISAMC-VALUEAXIS,32.89,32.97,32.80,32.82,32.80,32.77,,32.82,,,37478,1232558.07,236,F1,1,,,,,
2026-08-28,2026-08-28,CM,NSE,STK,9436,INE555B01013,AXISCADES,EQ,,,,,AXISCADES TECH LTD,1619.00,1645.00,1581.00,1594.70,1602.00,1612.90,,1594.68,,,101508,163665809.00,9508,F1,1,,,,,
2026-08-28,2026-08-28,CM,NSE,STK,9902,INE02EZ01022,AXITA,EQ,,,,,AXITA COTTON LIMITED,8.05,8.23,8.05,8.05,8.06,7.98,,8.05,,,1263568,10213021.32,1174,F1,1,,,,,
2026-08-28,2026-08-28,CM,NSE,STK,764613,INE767C01012,AXTEL,EQ,,,,,AXTEL INDUSTRIES LTD.,400.00,406.80,392.30,394.35,398.00,403.85,,394.68,,,3424,1363990.55,129,F1,1,,,,,
2026-08-28,2026-08-28,CM,NSE,STK,760981,INE501X01029,AYE,EQ,,,,,AYE FINANCE LIMITED,182.97,195.00,180.73,183.92,185.15,181.54,,183.93,,,8919813,1672545155.33,75404,F1,1,,,,,
2026-08-28,2026-08-28,CM,NSE,STK,10285,INE193B01039,AYMSYNTEX,EQ,,,,,AYM SYNTEX LIMITED,250.00,256.55,241.55,254.40,256.55,250.25,,254.40,,,65947,16351383.75,2284,F1,1,,,,,
2026-08-28,2026-08-28,CM,NSE,STK,20905,INE02IJ01035,AZAD,EQ,,,,,AZAD ENGINEERING LIMITED,2814.40,2882.00,2798.50,2850.50,2849.00,2802.40,,2850.52,,,401279,1142254465.30,27291,F1,1,,,,,
2026-08-28,2026-08-28,CM,NSE,STK,765035,INE566M01017,AZADIND,EQ,,,,,AZAD INDIA MOBILITY LTD.,96.80,98.99,89.13,93.50,90.00,96.80,,93.49,,,49897,4562542.23,686,F1,1,,,,,
2026-08-28,2026-08-28,CM,NSE,STK,762616,INE489D01011,BNALTD,BE,,,,,B & A LTD.,375.00,375.00,370.00,371.10,371.10,386.10,,371.10,,,7756,2899958.90,19,F1,1,,,,,
2026-08-28,2026-08-28,CM,NSE,STK,12153,INE01EE01011,BBTCL,EQ,,,,,B&B TRIPLEWALL CONT LTD,235.05,239.78,233.12,235.59,235.60,237.01,,235.59,,,4480,1060829.41,188,F1,1,,,,,
2026-08-28,2026-08-28,CM,NSE,STK,11226,INE116D01028,BAGFILMS,EQ,,,,,B.A.G FILMS AND MEDIA LTD,4.49,4.49,4.34,4.42,4.44,4.44,,4.42,,,51030,225253.60,146,F1,1,,,,,
2026-08-28,2026-08-28,CM,NSE,STK,759420,INE17CQ01015,BAGDIGITAL,SM,,,,,B.A.G.CONVERGENCE LIMITED,105.80,106.00,104.20,105.10,104.20,105.10,,105.10,,,8000,844160.00,3,F1,1600,,,,,
2026-08-28,2026-08-28,CM,NSE,STK,13290,INE350H01032,BLKASHYAP,EQ,,,,,B.L.KASHYAP & SON LTD,56.47,60.90,56.47,58.57,58.61,56.47,,58.57,,,2938216,174108476.43,15238,F1,1,,,,,
2026-08-28,2026-08-28,CM,NSE,STK,25114,INE01FR01028,STYLEBAAZA,EQ,,,,,BAAZAR STYLE RETAIL LTD,406.00,413.65,400.00,410.80,412.55,401.95,,410.79,,,2708270,1095029534.65,11413,F1,1,,,,,
2026-08-28,2026-08-28,CM,NSE,STK,20141,INE0QW501012,BABAFP,SM,,,,,BABA FOOD PROCESSING,21.10,23.00,21.10,23.00,23.00,22.40,,23.00,,,9600,211520.00,6,F1,1600,,,,,
2026-08-28,2026-08-28,CM,NSE,STK,17735,INE878I01022,BAFNAPH,BE,,,,,BAFNA PHARMACEUTICALS LTD,278.00,291.35,278.00,291.10,291.35,277.50,,291.04,,,25177,7317924.45,261,F1,1,,,,,
2026-08-28,2026-08-28,CM,NSE,STK,763363,INE2OVN25015,BAGMANE,RR,,,,,BAGMANE PRIME OFFICE REIT,106.97,107.00,106.11,106.78,106.77,106.44,,106.78,,,294711,31476394.24,6897,F1,1,,,,,
2026-08-28,2026-08-28,CM,NSE,STK,12989,INE029Q01017,BAHETI,SM,,,,,BAHETI RECYCLING IND LTD,875.00,875.00,839.00,847.00,847.00,835.40,,847.00,,,20250,17094431.25,44,F1,375,,,,,
2026-08-28,2026-08-28,CM,NSE,STK,13794,INE020D01022,BAIDFIN,EQ,,,,,BAID FINSERV LIMITED,9.86,9.86,9.53,9.74,9.75,9.76,,9.74,,,43620,423306.62,156,F1,1,,,,,
2026-08-28,2026-08-28,CM,NSE,STK,16669,INE917I01010,BAJAJ-AUTO,EQ,,,,,BAJAJ AUTO LIMITED,11810.00,11974.00,11769.00,11910.00,11910.00,11720.00,,11910.02,,,262591,3127969410.00,34876,F1,1,,,,,
2026-08-28,2026-08-28,CM,NSE,STK,19531,INE933K01021,BAJAJCON,EQ,,,,,BAJAJ CONSUMER CARE LTD,452.00,479.50,449.10,477.45,478.70,450.60,,477.46,,,1407453,663177989.30,28964,F1,1,,,,,
2026-08-28,2026-08-28,CM,NSE,STK,15034,INE193E01025,BAJAJELEC,EQ,,,,,BAJAJ ELECT.LTD,335.90,337.90,329.65,332.75,333.45,334.80,,332.76,,,131210,43758961.85,5904,F1,1,,,,,
2026-08-28,2026-08-28,CM,NSE,STK,317,INE296A01032,BAJFINANCE,EQ,,,,,BAJAJ FINANCE LIMITED,1065.70,1081.50,1065.70,1079.90,1079.90,1083.00,,1079.89,,,4554311,4893465405.20,72226,F1,1,,,,,
2026-08-28,2026-08-28,CM,NSE,STK,16675,INE918I01026,BAJAJFINSV,EQ,,,,,BAJAJ FINSERV LTD.,2011.00,2014.70,1982.30,2002.00,2002.00,2011.00,,2001.97,,,466703,930050047.70,41192,F1,1,,,,,
2026-08-28,2026-08-28,CM,NSE,STK,6863,INE411U01027,BAJAJHCARE,EQ,,,,,BAJAJ HEALTHCARE LIMITED,322.70,325.70,320.10,322.00,320.10,320.90,,322.00,,,36072,11635696.50,1533,F1,1,,,,,
2026-08-28,2026-08-28,CM,NSE,STK,308,INE306A01021,BAJAJHIND,EQ,,,,,BAJAJ HINDUSTHAN SUGAR LT,21.13,22.08,21.13,21.67,21.89,21.11,,21.67,,,51508959,1114909542.15,66394,F1,1,,,,,
2026-08-28,2026-08-28,CM,NSE,STK,305,INE118A01012,BAJAJHLDNG,EQ,,,,,BAJAJ HOLDINGS & INVS LTD,11406.00,11429.00,11250.00,11340.00,11340.00,11399.00,,11340.00,,,31945,362582209.00,6759,F1,1,,,,,
2026-08-28,2026-08-28,CM,NSE,STK,25270,INE377Y01014,BAJAJHFL,EQ,,,,,BAJAJ HOUSING FINANCE LTD,85.71,85.79,84.76,85.00,85.05,85.29,,85.00,,,1693097,143982045.68,16466,F1,1,,,,,
2026-08-28,2026-08-28,CM,NSE,STK,762563,INE704G01024,BAJAJST,EQ,,,,,BAJAJ STEEL INDS. LTD.,362.65,364.65,343.00,345.55,346.85,357.40,,345.60,,,18018,6288408.15,1028,F1,1,,,,,
2026-08-28,2026-08-28,CM,NSE,STK,20531,INE0KQN01018,BAJEL,EQ,,,,,BAJEL PROJECTS LIMITED,195.45,197.30,192.21,192.84,193.00,194.53,,192.84,,,194797,37855564.43,4393,F1,1,,,,,
2026-08-28,2026-08-28,CM,NSE,STK,13441,INE083D01012,BALPHARMA,EQ,,,,,BAL PHARMA LTD.,85.89,86.03,84.17,84.80,84.56,85.02,,84.78,,,6199,528921.81,140,F1,1,,,,,
2026-08-28,2026-08-28,CM,NSE,STK,14501,INE050E01027,BALAMINES,EQ,,,,,BALAJI AMINES LIMITED,2413.00,2431.10,2361.10,2390.50,2393.80,2425.80,,2390.27,,,124958,298368254.10,14622,F1,1,,,,,
2026-08-28,2026-08-28,CM,NSE,STK,9158,INE794B01026,BALAJITELE,EQ,,,,,BALAJI TELEFILMS LIMITED.,93.96,95.00,93.30,94.05,94.90,93.54,,94.03,,,52835,4967972.85,849,F1,1,,,,,
2026-08-28,2026-08-28,CM,NSE,STK,11309,INE618N01022,BALAXI,EQ,,,,,BALAXI PHARMA LTD,22.10,22.90,22.10,22.54,22.60,22.44,,22.54,,,13533,305422.78,96,F1,1,,,,,
2026-08-28,2026-08-28,CM,NSE,STK,335,INE787D01026,BALKRISIND,EQ,,,,,BALKRISHNA IND. LTD,2358.00,2360.90,2326.50,2340.10,2344.00,2352.10,,2340.08,,,755064,1767480004.10,93022,F1,1,,,,,
2026-08-28,2026-08-28,CM,NSE,STK,10181,INE875R01011,BALKRISHNA,EQ,,,,,BALKRISHNA PAPER MILLS L,17.11,17.48,16.60,16.89,16.67,17.13,,16.87,,,16299,276132.46,210,F1,1,,,,,
2026-08-28,2026-08-28,CM,NSE,STK,338,INE164A01016,BALMLAWRIE,EQ,,,,,BALMER LAWRIE & CO LTD,176.45,178.16,175.81,177.80,177.80,175.26,,177.79,,,116790,20709977.07,2045,F1,1,,,,,
2026-08-28,2026-08-28,CM,NSE,STK,762603,INE525F01025,BLIL,EQ,,,,,BALMER LAWRIE INVSTS. L,72.30,72.43,71.95,72.14,72.18,72.19,,72.14,,,52904,3813139.35,811,F1,1,,,,,
2026-08-28,2026-08-28,CM,NSE,STK,341,INE119A01028,BALRAMCHIN,EQ,,,,,BALRAMPUR CHINI MILLS LTD,649.60,665.80,645.65,654.85,653.90,649.95,,654.85,,,2100532,1378162576.40,41226,F1,1,,,,,
2026-08-28,2026-08-28,CM,NSE,STK,23607,INE011E01029,BALUFORGE,EQ,,,,,BALU FORGE INDUSTRIES LTD,635.00,649.50,635.00,638.80,638.70,632.90,,638.83,,,1441287,926029255.20,22011,F1,1,,,,,
2026-08-28,2026-08-28,CM,NSE,STK,347,INE655B01011,BANARBEADS,EQ,,,,,BANARAS BEADS LTD,122.40,122.80,115.26,115.53,115.43,119.51,,115.53,,,3807,446439.07,130,F1,1,,,,,
2026-08-28,2026-08-28,CM,NSE,STK,13880,INE213C01025,BANCOINDIA,EQ,,,,,BANCO PRODUCTS (I) LTD,624.30,630.50,619.00,624.40,626.30,623.65,,624.36,,,55866,34950079.80,4639,F1,1,,,,,
2026-08-28,2026-08-28,CM,NSE,STK,2263,INE545U01014,BANDHANBNK,EQ,,,,,BANDHAN BANK LIMITED,170.03,170.48,167.80,168.25,168.25,169.70,,168.25,,,3469922,585946450.85,44093,F1,1,,,,,
2026-08-28,2026-08-28,CM,NSE,STK,760325,INF194KB1KJ7,GOLDBND,EQ,,,,,BANDHANAMC - GOLDBND,157.15,158.46,156.03,157.91,157.51,157.15,,157.88,,,4053,635564.27,141,F1,1,,,,,
2026-08-28,2026-08-28,CM,NSE,STK,18783,INF194KA1U07,IDFNIFTYET,EQ,,,,,BANDHANAMC - IDFNIFTYET,267.15,267.75,262.75,264.35,265.00,267.17,,264.35,,,781,208254.70,52,F1,1,,,,,
2026-08-28,2026-08-28,CM,NSE,STK,760328,INF194KB1KI9,SILVERBND,EQ,,,,,BANDHANAMC - SILVERBND,236.93,243.32,236.79,241.36,241.26,236.84,,241.36,,,6796,1634234.22,180,F1,1,,,,,
2026-08-28,2026-08-28,CM,NSE,STK,15303,INE863I01016,BANG,EQ,,,,,BANG OVERSEAS LTD.,34.40,35.00,32.81,34.75,34.25,33.42,,34.75,,,279802,9572585.52,836,F1,1,,,,,
2026-08-28,2026-08-28,CM,NSE,STK,4668,INE028A01039,BANKBARODA,EQ,,,,,BANK OF BARODA,241.15,241.90,239.50,241.90,241.90,241.00,,241.90,,,3571651,858998990.89,30675,F1,1,,,,,
2026-08-28,2026-08-28,CM,NSE,STK,4745,INE084A01016,BANKINDIA,EQ,,,,,BANK OF INDIA,144.89,144.89,142.70,144.00,144.00,144.60,,144.00,,,4694456,673716025.90,31540,F1,1,,,,,
2026-08-28,2026-08-28,CM,NSE,STK,11377,INE457A01014,MAHABANK,EQ,,,,,BANK OF MAHARASHTRA,84.89,84.89,82.95,83.80,83.80,84.69,,83.81,,,9938458,831436405.05,45589,F1,1,,,,,
2026-08-28,2026-08-28,CM,NSE,STK,822,INE862Y01015,BANKA,EQ,,,,,BANKA BIOLOO LIMITED,79.50,80.99,78.00,79.20,79.20,79.62,,79.20,,,283,22364.29,23,F1,1,,,,,
2026-08-28,2026-08-28,CM,NSE,STK,12037,INE186H01022,BASML,BE,,,,,BANNARI AM SPIN MILL LTD.,24.94,25.76,24.75,25.50,25.50,24.94,,25.69,,,28248,717191.18,75,F1,1,,,,,
2026-08-28,2026-08-28,CM,NSE,STK,350,INE459A01010,BANARISUG,EQ,,,,,BANNARI AMMAN SUGARS LTD,3797.50,4060.00,3797.50,3930.70,3979.00,3766.40,,3930.70,,,8682,34381006.50,1591,F1,1,,,,,
2026-08-28,2026-08-28,CM,NSE,STK,24386,INE0B9K01025,BANSALWIRE,EQ,,,,,BANSAL WIRE INDUSTRIES L,319.30,320.90,317.00,318.00,318.05,316.95,,318.00,,,23351,7445879.80,1557,F1,1,,,,,
2026-08-28,2026-08-28,CM,NSE,STK,14511,INE629D01020,BANSWRAS,EQ,,,,,BANSWARA SYNTEX LIMITED,117.86,119.78,116.45,116.88,117.90,118.46,,116.87,,,26728,3131749.54,406,F1,1,,,,,
2026-08-28,2026-08-28,CM,NSE,STK,15073,INE139I01011,BVCL,EQ,,,,,BARAK VALLEY CEM. LTD.,43.50,45.48,41.90,43.90,43.95,43.57,,43.90,,,161651,7114760.97,533,F1,1,,,,,
2026-08-28,2026-08-28,CM,NSE,STK,29176,INE0QX401014,BARFLEX,SM,,,,,BARFLEX POLYFILMS LIMITED,62.00,62.00,60.00,60.00,60.00,61.40,,60.00,,,24000,1448200.00,8,F1,2000,,,,,
2026-08-28,2026-08-28,CM,NSE,STK,24117,INF251K01TL6,BBNPNBETF,EQ,,,,,BARODABNP - BBNPNBETF,59.34,59.34,57.90,57.97,57.97,57.90,,58.05,,,71,4129.89,16,F1,1,,,,,
2026-08-28,2026-08-28,CM,NSE,STK,20547,INF251K01SU9,BBNPPGOLD,EQ,,,,,BARODABNP - BBNPPGOLD,151.80,153.85,151.45,152.85,153.85,151.80,,152.64,,,2251,343291.90,86,F1,1,,,,,
2026-08-28,2026-08-28,CM,NSE,STK,368,INE373A01013,BASF,EQ,,,,,BASF INDIA LTD,3845.00,3879.90,3835.80,3848.70,3835.80,3846.10,,3848.63,,,7730,29807034.80,2178,F1,1,,,,,
2026-08-28,2026-08-28,CM,NSE,STK,18442,INE0OCC01013,BASILIC,SM,,,,,BASILIC FLY STUDIO LTD,186.00,186.60,183.35,186.45,186.50,183.30,,186.45,,,4500,836595.00,15,F1,300,,,,,
2026-08-28,2026-08-28,CM,NSE,STK,371,INE176A01028,BATAINDIA,EQ,,,,,BATA INDIA LTD,682.00,684.70,678.10,681.30,683.95,681.60,,681.33,,,80053,54521391.20,5428,F1,1,,,,,
2026-08-28,2026-08-28,CM,NSE,STK,762568,INE177C01022,BATLIBOI,EQ,,,,,BATLIBOI LTD.,85.95,90.00,84.54,88.41,88.00,85.03,,88.41,,,35076,3072696.18,744,F1,1,,,,,
2026-08-28,2026-08-28,CM,NSE,STK,22574,INE0JFJ01011,BAWEJA,ST,,,,,BAWEJA STUDIOS LIMITED,24.20,24.20,22.75,22.75,22.75,23.65,,22.75,,,16000,374360.00,11,F1,800,,,,,
2026-08-28,2026-08-28,CM,NSE,STK,17927,INE462A01022,BAYERCROP,EQ,,,,,BAYER CROPSCIENCE LTD,4077.00,4077.30,4042.00,4048.70,4049.80,4067.90,,4048.73,,,12947,52459716.60,2329,F1,1,,,,,
2026-08-28,2026-08-28,CM,NSE,STK,2513,INE412G01024,BCLIND,EQ,,,,,BCL INDUSTRIES LIMITED,37.02,37.13,36.55,36.74,36.95,37.02,,36.73,,,402479,14810938.60,2322,F1,1,,,,,
2026-08-28,2026-08-28,CM,NSE,STK,761494,INE00SW01015,BCPL,EQ,,,,,BCPL RAILWAY INFRA LTD,70.50,70.50,67.00,68.94,68.50,69.42,,68.94,,,6526,448243.11,150,F1,1,,,,,
2026-08-28,2026-08-28,CM,NSE,STK,23922,INE639X01027,BEACON,SM,,,,,BEACON TRUSTEESHIP LTD,79.40,83.00,79.40,82.65,82.30,79.40,,82.65,,,18000,1467950.00,18,F1,1000,,,,,
2026-08-28,2026-08-28,CM,NSE,STK,17933,INE520H01022,BEARDSELL,EQ,,,,,BEARDSELL LIMITED,27.68,27.68,25.65,25.96,26.26,26.52,,25.96,,,15836,415676.44,326,F1,1,,,,,
2026-08-28,2026-08-28,CM,NSE,STK,20196,INE844K01012,BEDMUTHA,EQ,,,,,BEDMUTHA INDUST LTD,105.00,107.75,105.00,106.25,106.27,106.04,,106.25,,,2412,256252.48,40,F1,1,,,,,
2026-08-28,2026-08-28,CM,NSE,STK,762573,INE213D01015,BEEKAY,EQ,,,,,BEEKAY STEEL INDS. LTD.,428.00,444.00,419.00,424.20,421.00,427.25,,422.10,,,6911,2946416.60,50,F1,1,,,,,
2026-08-28,2026-08-28,CM,NSE,STK,765291,INE1EEM01017,BLEL,EQ,,,,,BEHARI LAL ENGINEERING L,470.00,470.50,452.30,457.45,454.80,469.85,,457.46,,,1468288,675122762.25,25019,F1,1,,,,,
2026-08-28,2026-08-28,CM,NSE,STK,757938,INE344T01014,BELLACASA,EQ,,,,,BELLA CASA FASH AND RET L,245.00,254.80,243.42,247.30,251.99,246.74,,247.25,,,9120,2276369.79,319,F1,1,,,,,
2026-08-28,2026-08-28,CM,NSE,STK,757102,INE894V01022,BELRISE,EQ,,,,,BELRISE INDUSTRIES LTD,229.32,232.20,226.20,229.87,231.00,229.22,,229.88,,,3131483,718646632.05,31850,F1,1,,,,,
2026-08-28,2026-08-28,CM,NSE,STK,15067,INE0N7W01012,BLAL,EQ,,,,,BEML LAND ASSETS LIMITED,166.00,167.74,165.92,166.14,167.01,166.46,,166.14,,,28314,4706464.34,330,F1,1,,,,,
2026-08-28,2026-08-28,CM,NSE,STK,395,INE258A01024,BEML,EQ,,,,,BEML LIMITED,1926.10,1990.00,1909.00,1984.90,1981.00,1920.60,,1984.79,,,494559,974442123.40,39282,F1,1,,,,,
2026-08-28,2026-08-28,CM,NSE,STK,764618,INE664D01019,BENARAS,EQ,,,,,BENARES HOTELS LTD.,10025.00,10270.00,10000.00,10122.00,10122.00,10200.00,,10160.98,,,167,1671395.00,24,F1,1,,,,,
2026-08-28,2026-08-28,CM,NSE,STK,762578,INE083K01017,BENGALASM,EQ,,,,,BENGAL & ASSAM CO. LTD.,6250.00,6350.00,6247.50,6339.50,6339.50,6248.00,,6327.88,,,462,2905630.00,62,F1,1,,,,,
2026-08-28,2026-08-28,CM,NSE,STK,404,INE463A01038,BERGEPAINT,EQ,,,,,BERGER PAINTS (I) LTD,501.85,501.85,493.00,494.35,495.45,501.00,,494.36,,,149998,74444397.10,14789,F1,1,,,,,
2026-08-28,2026-08-28,CM,NSE,STK,2306,INE052T01021,BESTAGRO,EQ,,,,,BEST AGROLIFE LIMITED,17.48,17.78,17.42,17.61,17.55,17.47,,17.62,,,265082,4665898.85,1184,F1,1,,,,,
2026-08-28,2026-08-28,CM,NSE,STK,759842,INE351Y01019,BETA,EQ,,,,,BETA DRUGS LIMITED,2194.20,2253.00,2166.20,2201.00,2195.10,2194.20,,2201.00,,,16090,35278285.40,2550,F1,1,,,,,
2026-08-28,2026-08-28,CM,NSE,STK,5662,INE0HQI01014,BEWLTD,SM,,,,,BEW ENGINEERING LIMITED,52.55,54.00,49.80,50.00,50.00,52.50,,50.00,,,29000,1489725.00,48,F1,500,,,,,
2026-08-28,2026-08-28,CM,NSE,STK,21113,INE878K01010,BFINVEST,EQ,,,,,BF INVESTMENT LIMITED,443.00,450.00,441.00,442.80,442.95,442.95,,442.80,,,9810,4348146.75,614,F1,1,,,,,
2026-08-28,2026-08-28,CM,NSE,STK,14567,INE243D01012,BFUTILITIE,EQ,,,,,BF UTILITIES LIMITED,502.55,514.90,500.00,510.25,510.80,502.55,,510.25,,,49622,25221453.35,2960,F1,1,,,,,
2026-08-28,2026-08-28,CM,NSE,STK,764183,INF0QA701CI0,BANK10BETF,EQ,,,,,BFAM - BANK10BETF,21.15,21.15,20.70,20.77,20.77,20.95,,20.77,,,1494,30997.24,13,F1,1,,,,,
2026-08-28,2026-08-28,CM,NSE,STK,21986,INF0QA701714,BANKBETF,EQ,,,,,BFAM - BANKBETF,58.57,58.65,58.23,58.49,58.43,58.57,,58.49,,,246198,14395411.45,219,F1,1,,,,,
2026-08-28,2026-08-28,CM,NSE,STK,23915,INF0QA701854,LIQUIDBETF,EQ,,,,,BFAM - LIQUIDBETF,1096.74,1096.76,1096.74,1096.75,1096.76,1096.32,,1096.75,,,146356,160516361.11,94,F1,1,,,,,
2026-08-28,2026-08-28,CM,NSE,STK,21959,INF0QA701722,NIFTYBETF,EQ,,,,,BFAM - NIFTYBETF,248.86,249.49,248.00,248.66,248.31,248.86,,248.66,,,467,116067.00,55,F1,1,,,,,
2026-08-28,2026-08-28,CM,NSE,STK,15193,INE661I01014,BGRENERGY,BE,,,,,BGR ENERGY SYSTEMS LTD,264.00,266.95,256.30,256.30,256.30,269.75,,256.14,,,70048,18167832.95,810,F1,1,,,,,
2026-08-28,2026-08-28,CM,NSE,STK,758228,INE0ZRC01017,BHADORA,ST,,,,,BHADORA INDUSTRIES LTD,114.05,122.00,112.50,118.00,118.00,117.80,,118.00,,,21600,2506320.00,18,F1,1200,,,,,
2026-08-28,2026-08-28,CM,NSE,STK,13427,INE354C01027,BHAGERIA,BE,,,,,BHAGERIA INDUSTRIES LTD,225.00,238.75,225.00,238.75,238.75,227.39,,238.75,,,184545,43815434.97,742,F1,1,,,,,
2026-08-28,2026-08-28,CM,NSE,STK,6164,INE414D01027,BHAGCHEM,EQ,,,,,BHAGIRADHA CHEM & INDS L,282.45,283.95,272.10,277.90,279.00,282.60,,277.90,,,90077,25112666.65,1815,F1,1,,,,,
2026-08-28,2026-08-28,CM,NSE,STK,20776,INE458B01036,BHAGYANGR,EQ,,,,,BHAGYANAGAR INDIA LIMITED,380.95,398.50,380.05,391.05,391.85,382.90,,391.01,,,81903,31994695.05,2929,F1,1,,,,,
2026-08-28,2026-08-28,CM,NSE,STK,19556,INE474E01029,BHANDARI,EQ,,,,,BHANDARI HOSIERY EXP LTD,3.09,3.09,3.01,3.03,3.05,3.04,,3.03,,,90135,274966.05,212,F1,1,,,,,
2026-08-28,2026-08-28,CM,NSE,STK,419,INE922A01025,BEPL,EQ,,,,,BHANSALI ENG. POLYMERS LT,122.00,125.80,121.51,123.52,123.59,121.43,,123.50,,,979785,121307599.77,7786,F1,1,,,,,
2026-08-28,2026-08-28,CM,NSE,STK,13761,INE464A01036,BBL,EQ,,,,,BHARAT BIJLEE LTD,2384.00,2384.00,2345.00,2358.80,2359.90,2370.40,,2358.62,,,12187,28767682.10,1663,F1,1,,,,,
2026-08-28,2026-08-28,CM,NSE,STK,760726,INE05XR01022,BHARATCOAL,EQ,,,,,BHARAT COKING COAL LTD,34.34,34.48,33.92,34.02,34.10,34.17,,34.02,,,2950662,100711069.18,10241,F1,1,,,,,
2026-08-28,2026-08-28,CM,NSE,STK,2144,INE171Z01026,BDL,EQ,,,,,BHARAT DYNAMICS LIMITED,1345.80,1348.40,1301.00,1306.00,1306.00,1348.60,,1305.99,,,1589088,2089599210.70,47737,F1,1,,,,,
2026-08-28,2026-08-28,CM,NSE,STK,383,INE263A01024,BEL,EQ,,,,,BHARAT ELECTRONICS LTD,410.85,411.90,407.25,411.90,411.90,411.00,,411.84,,,8025382,3286671404.85,65127,F1,1,,,,,
2026-08-28,2026-08-28,CM,NSE,STK,422,INE465A01025,BHARATFORG,EQ,,,,,BHARAT FORGE LTD,2048.10,2048.10,2005.40,2037.70,2037.70,2050.00,,2037.65,,,362775,735218350.60,24847,F1,1,,,,,
2026-08-28,2026-08-28,CM,NSE,STK,9397,INE561C01019,BHARATGEAR,BE,,,,,BHARAT GEARS LTD,103.78,103.89,102.01,103.59,103.65,103.27,,103.57,,,9295,959388.37,120,F1,1,,,,,
2026-08-28,2026-08-28,CM,NSE,STK,764623,INE365Y01019,BPLPHARMA,EQ,,,,,BHARAT PARENTERALS LTD.,1578.20,1578.20,1510.00,1527.80,1540.00,1496.60,,1529.63,,,936,1440854.10,151,F1,1,,,,,
2026-08-28,2026-08-28,CM,NSE,STK,526,INE029A01011,BPCL,EQ,,,,,BHARAT PETROLEUM CORP  LT,318.00,319.90,316.00,319.25,319.25,318.00,,319.22,,,4733069,1504466755.00,30824,F1,1,,,,,
2026-08-28,2026-08-28,CM,NSE,STK,3834,INE838B01021,BHARATRAS,EQ,,,,,BHARAT RASAYAN LTD,1278.50,1281.70,1251.50,1255.20,1256.00,1272.60,,1255.21,,,11614,14621289.40,1829,F1,1,,,,,
2026-08-28,2026-08-28,CM,NSE,STK,21683,INE727S01012,BRNL,EQ,,,,,BHARAT ROAD NETWORK LTD,17.29,17.40,17.10,17.29,17.25,17.29,,17.29,,,9562,165402.21,110,F1,1,,,,,
2026-08-28,2026-08-28,CM,NSE,STK,30244,INE415D01024,BHARATSE,EQ,,,,,BHARAT SEATS LIMITED,221.90,227.77,220.15,226.43,225.35,221.07,,226.41,,,130053,29125166.16,2902,F1,1,,,,,
2026-08-28,2026-08-28,CM,NSE,STK,16123,INE316L01019,BHARATWIRE,EQ,,,,,BHARAT WIRE ROPES LTD.,186.64,188.94,185.64,186.99,186.50,187.64,,186.99,,,83316,15608841.51,1936,F1,1,,,,,
2026-08-28,2026-08-28,CM,NSE,STK,10604,INE397D01024,BHARTIARTL,EQ,,,,,BHARTI AIRTEL LIMITED,1875.70,1894.30,1867.60,1882.40,1882.40,1878.30,,1882.40,,,6106300,11480659564.20,133052,F1,1,,,,,
2026-08-28,2026-08-28,CM,NSE,STK,23489,INE343G01021,BHARTIHEXA,EQ,,,,,BHARTI HEXACOM LIMITED,1545.00,1576.20,1522.00,1550.10,1540.90,1551.10,,1550.12,,,104940,161588841.20,9643,F1,1,,,,,
2026-08-28,2026-08-28,CM,NSE,STK,7848,INE828A01016,BIL,EQ,,,,,BHARTIYA INTERNATIONAL,872.05,890.00,844.55,857.70,855.00,867.15,,857.70,,,21683,18811970.90,927,F1,1,,,,,
2026-08-28,2026-08-28,CM,NSE,STK,438,INE257A01026,BHEL,EQ,,,,,BHEL,434.00,436.65,427.00,430.85,430.85,433.95,,430.84,,,5837847,2515880760.60,58385,F1,1,,,,,
2026-08-28,2026-08-28,CM,NSE,STK,762621,INE274K01012,BTTL,BE,,,,,BHILWARA TECHNICAL TEXT L,43.45,43.49,43.06,43.40,43.40,43.36,,43.40,,,2796,121361.47,39,F1,1,,,,,
2026-08-28,2026-08-28,CM,NSE,STK,18431,INE412U01025,BIGBLOC,EQ,,,,,BIGBLOC CONSTRUCTION LTD,42.90,43.27,41.95,42.33,42.67,42.67,,42.26,,,50587,2137395.45,575,F1,1,,,,,
2026-08-28,2026-08-28,CM,NSE,STK,11966,INE00E101023,BIKAJI,EQ,,,,,BIKAJI FOODS INTERN LTD,614.95,624.20,612.00,618.80,616.30,611.90,,618.80,,,244238,151019471.55,20077,F1,1,,,,,
2026-08-28,2026-08-28,CM,NSE,STK,25527,INE0SQH01013,BIKEWO,ST,,,,,BIKEWO GREEN TECH LIMITED,98.90,98.90,98.90,98.90,98.90,94.20,,98.90,,,32000,3164800.00,14,F1,2000,,,,,
2026-08-28,2026-08-28,CM,NSE,STK,13622,INE071A01013,BILVYAPAR,BE,,,,,BIL VYAPAR LIMITED,4.20,4.20,3.95,4.10,4.10,4.10,,4.10,,,6231,25462.47,21,F1,1,,,,,
2026-08-28,2026-08-28,CM,NSE,STK,762586,INE986A01012,BI,BE,,,,,BILCARE LTD.,86.99,91.95,85.00,91.83,91.95,87.58,,91.79,,,31014,2771714.54,259,F1,1,,,,,
2026-08-28,2026-08-28,CM,NSE,STK,759806,INE0HOQ01053,GROWW,EQ,,,,,BILLIONBRAINS GARAGE VN L,196.50,196.75,189.70,191.46,191.58,196.84,,191.46,,,53275950,10230639015.65,319137,F1,1,,,,,
2026-08-28,2026-08-28,CM,NSE,STK,762588,INE469A01019,BIMETAL,EQ,,,,,BIMETAL BEARINGS LTD.,625.00,679.00,625.00,648.50,660.00,618.50,,647.34,,,2388,1530524.55,113,F1,1,,,,,
2026-08-28,2026-08-28,CM,NSE,STK,763598,INE1BKA01015,BMLL,SM,,,,,BIO MEDICA LABORATORIES L,149.00,149.00,146.00,146.55,146.00,151.00,,146.55,,,21000,3105600.00,14,F1,1000,,,,,
2026-08-28,2026-08-28,CM,NSE,STK,11373,INE376G01013,BIOCON,EQ,,,,,BIOCON LIMITED.,416.40,418.65,410.00,411.10,411.10,418.40,,411.10,,,2187557,903120616.95,26051,F1,1,,,,,
2026-08-28,2026-08-28,CM,NSE,STK,4136,INE829A01014,BIOFILCHEM,EQ,,,,,BIOFIL CHEM & PHARMA LTD,32.80,33.79,32.80,32.93,33.00,32.80,,32.94,,,4186,138181.41,116,F1,1,,,,,
2026-08-28,2026-08-28,CM,NSE,STK,760942,INE0XW001014,BIOPOL,SM,,,,,BIOPOL CHEMICALS LIMITED,67.15,70.00,56.90,56.90,56.90,71.10,,56.90,,,270000,16275180.00,190,F1,1200,,,,,
2026-08-28,2026-08-28,CM,NSE,STK,6815,INE800A01015,BIRLACABLE,BE,,,,,BIRLA CABLE LIMITED,295.11,295.11,295.11,295.11,295.11,281.06,,295.11,,,81045,23917189.95,564,F1,1,,,,,
2026-08-28,2026-08-28,CM,NSE,STK,480,INE340A01012,BIRLACORPN,EQ,,,,,BIRLA CORPORATION LTD,883.00,897.95,877.15,881.20,883.35,883.00,,881.69,,,32452,28605555.60,3594,F1,1,,,,,
2026-08-28,2026-08-28,CM,NSE,STK,762593,INE372E01025,BIRLAPREC,EQ,,,,,BIRLA PRECISION TECH L,48.39,49.00,46.20,47.64,47.25,47.37,,47.62,,,222244,10645685.56,1736,F1,1,,,,,
2026-08-28,2026-08-28,CM,NSE,STK,1455,INE557A01011,BIRLANU,EQ,,,,,BIRLANU LIMITED,1450.00,1467.20,1430.00,1442.30,1445.00,1450.80,,1442.31,,,6565,9516222.60,1045,F1,1,,,,,
2026-08-28,2026-08-28,CM,NSE,STK,24404,INF209KC1134,ABGSEC,EQ,,,,,BIRLASLAMC - ABGSEC,115.29,115.29,113.92,115.28,115.28,114.15,,115.28,,,14,1601.74,8,F1,1,,,,,
2026-08-28,2026-08-28,CM,NSE,STK,760247,INF209KC1670,ABSL10BANK,EQ,,,,,BIRLASLAMC - ABSL10BANK,173.47,173.47,168.75,168.96,168.75,170.07,,168.96,,,5367,910789.88,63,F1,1,,,,,
2026-08-28,2026-08-28,CM,NSE,STK,13987,INF209KB17D5,ABSLBANETF,EQ,,,,,BIRLASLAMC - ABSLBANETF,59.06,59.20,58.80,59.07,59.08,59.06,,59.07,,,21048,1240480.78,250,F1,1,,,,,
2026-08-28,2026-08-28,CM,NSE,STK,14518,INF209KB18T9,ABSLLIQUID,EQ,,,,,BIRLASLAMC - ABSLLIQUID,1000.00,1000.01,1000.00,1000.00,1000.00,1000.00,,1000.00,,,1246,1246000.18,37,F1,1,,,,,
2026-08-28,2026-08-28,CM,NSE,STK,761066,INF209KC1662,ABSLMSCIN,EQ,,,,,BIRLASLAMC - ABSLMSCIN,29.87,29.87,29.62,29.75,29.75,29.73,,29.75,,,1100,32586.33,8,F1,1,,,,,
2026-08-28,2026-08-28,CM,NSE,STK,7339,INF209KB16D7,ABSLNN50ET,EQ,,,,,BIRLASLAMC - ABSLNN50ET,78.38,78.45,77.70,77.89,78.40,77.53,,77.91,,,9554,744663.68,214,F1,1,,,,,
2026-08-28,2026-08-28,CM,NSE,STK,5957,INF209KB10E8,BSLSENETFG,EQ,,,,,BIRLASLAMC - BSLSENETFG,78.00,78.33,77.00,78.01,78.33,77.93,,78.01,,,1259,98121.46,84,F1,1,,,,,
2026-08-28,2026-08-28,CM,NSE,STK,24847,INF209KC1142,GSEC10ABSL,EQ,,,,,BIRLASLAMC - GSEC10ABSL,112.05,112.05,112.05,112.05,112.05,112.28,,112.05,,,35,3921.75,1,F1,1,,,,,
2026-08-28,2026-08-28,CM,NSE,STK,6297,INF209KB10C2,HEALTHY,EQ,,,,,BIRLASLAMC - HEALTHY,17.20,17.39,17.14,17.24,17.31,17.20,,17.24,,,511546,8822572.45,851,F1,1,,,,,
2026-08-28,2026-08-28,CM,NSE,STK,10693,INF209KB14K7,MOMENTUM,EQ,,,,,BIRLASLAMC - MOMENTUM,32.00,32.00,31.70,31.78,31.72,31.80,,31.76,,,11274,358324.41,130,F1,1,,,,,
2026-08-28,2026-08-28,CM,NSE,STK,10690,INF209KB15K4,NIFTYQLITY,EQ,,,,,BIRLASLAMC - NIFTYQLITY,21.54,21.68,21.43,21.55,21.68,21.50,,21.55,,,53666,1157069.02,154,F1,1,,,,,
2026-08-28,2026-08-28,CM,NSE,STK,8003,INF209KB19F6,SILVER,EQ,,,,,BIRLASLAMC - SILVER,233.01,241.90,230.64,240.63,240.33,236.56,,240.61,,,879171,210525279.39,8016,F1,1,,,,,
2026-08-28,2026-08-28,CM,NSE,STK,6462,INF209KB11D8,TECH,EQ,,,,,BIRLASLAMC - TECH,33.23,34.30,33.23,34.05,34.00,33.22,,34.05,,,89007,3032019.42,222,F1,1,,,,,
2026-08-28,2026-08-28,CM,NSE,STK,23806,INF209KB19Z4,ABSLPSE,EQ,,,,,BIRLASLAMC-ABSLPSE,10.19,10.19,10.07,10.12,10.19,10.11,,10.12,,,266913,2695623.95,650,F1,1,,,,,
2026-08-28,2026-08-28,CM,NSE,STK,6994,INE836A01035,BSOFT,EQ,,,,,BIRLASOFT LIMITED,289.95,303.95,289.90,300.90,300.85,287.95,,300.90,,,3235524,966770067.00,44867,F1,1,,,,,
2026-08-28,2026-08-28,CM,NSE,STK,3435,INE676A01027,BBOX,EQ,,,,,BLACK BOX LIMITED,741.05,754.95,740.00,745.90,748.90,739.00,,745.84,,,139959,104471494.90,8770,F1,1,,,,,
2026-08-28,2026-08-28,CM,NSE,STK,762601,INE761G01016,BLACKROSE,BE,,,,,BLACK ROSE INDS. LTD.,111.31,116.00,111.31,114.46,115.00,114.31,,114.46,,,10783,1232803.92,153,F1,1,,,,,
2026-08-28,2026-08-28,CM,NSE,STK,27144,INE0UIZ01018,BLACKBUCK,EQ,,,,,BLACKBUCK LIMITED,589.95,592.75,584.75,588.15,592.00,588.20,,588.15,,,164649,96955462.65,7720,F1,1,,,,,
2026-08-28,2026-08-28,CM,NSE,STK,8132,INE791A01024,BLBLIMITED,EQ,,,,,BLB LIMITED,15.82,16.18,15.80,15.98,16.00,16.04,,15.98,,,88700,1412608.19,292,F1,1,,,,,
2026-08-28,2026-08-28,CM,NSE,STK,19269,INE416D01022,BLISSGVS,BE,,,,,BLISS GVS PHARMA LTD,567.00,588.10,558.00,588.10,588.10,560.10,,588.10,,,459003,262881029.35,3426,F1,1,,,,,
2026-08-28,2026-08-28,CM,NSE,STK,22566,INE0NLT01010,BLSE,EQ,,,,,BLS E-SERVICES LIMITED,314.00,328.90,313.00,326.25,326.00,314.05,,326.25,,,641255,207767102.25,11460,F1,1,,,,,
2026-08-28,2026-08-28,CM,NSE,STK,17279,INE153T01027,BLS,EQ,,,,,BLS INTL SERVS LTD,238.10,240.45,237.20,239.03,239.15,238.07,,239.02,,,890636,212730675.60,17695,F1,1,,,,,
2026-08-28,2026-08-28,CM,NSE,STK,4681,INE657B01025,BLUECHIP,EQ,,,,,BLUE CHIP INDIA LIMITED,2.14,2.14,2.14,2.14,2.14,2.10,,2.24,,,11621,24868.94,15,F1,1,,,,,
2026-08-28,2026-08-28,CM,NSE,STK,765040,INE373T01047,BLUECLOUDS,EQ,,,,,BLUE CLOUD SOFTECH SOLU L,20.60,20.90,19.90,20.19,20.19,20.43,,20.19,,,3212056,64613896.94,4679,F1,1,,,,,
2026-08-28,2026-08-28,CM,NSE,STK,8552,INE472B01011,BLUECOAST,BE,,,,,BLUE COAST HOTELS LIMITED,22.99,23.55,22.44,23.50,23.50,22.44,,24.44,,,1237,28808.94,29,F1,1,,,,,
2026-08-28,2026-08-28,CM,NSE,STK,495,INE233B01017,BLUEDART,EQ,,,,,BLUE DART EXPRESS LTD,5001.00,5032.50,4975.00,4989.50,4980.00,5005.50,,4985.59,,,3660,18278990.50,1134,F1,1,,,,,
2026-08-28,2026-08-28,CM,NSE,STK,19686,INE0KBH01020,BLUEJET,EQ,,,,,BLUE JET HEALTHCARE LTD,585.00,590.25,575.00,577.65,580.90,585.60,,577.62,,,378817,219864589.50,13214,F1,1,,,,,
2026-08-28,2026-08-28,CM,NSE,STK,23410,INE0SAK01011,BLUEPEBBLE,SM,,,,,BLUE PEBBLE LIMITED,62.50,64.00,59.20,63.00,63.00,64.00,,63.00,,,10400,638940.00,26,F1,400,,,,,
2026-08-28,2026-08-28,CM,NSE,STK,8311,INE472A01039,BLUESTARCO,EQ,,,,,BLUE STAR LIMITED,1494.00,1494.00,1472.90,1480.00,1480.00,1497.00,,1480.04,,,292190,432531130.30,18226,F1,1,,,,,
2026-08-28,2026-08-28,CM,NSE,STK,758185,INE0X3M01010,BLUEWATER,ST,,,,,BLUE WATER LOGISTICS LTD,475.00,498.75,456.60,480.00,480.00,475.00,,480.00,,,24000,11653500.00,23,F1,1000,,,,,
2026-08-28,2026-08-28,CM,NSE,STK,759291,INE304W01038,BLUESTONE,EQ,,,,,BLUESTONE JEWEL LFSTL LTD,804.00,809.85,790.15,794.70,794.00,800.50,,794.70,,,277657,222094112.10,10978,F1,1,,,,,
2026-08-28,2026-08-28,CM,NSE,STK,757520,INE0U4101014,BLUSPRING,EQ,,,,,BLUSPRING ENTERPRISES LTD,132.00,135.00,127.00,127.43,128.00,131.56,,127.43,,,429364,55834205.25,5538,F1,1,,,,,
2026-08-28,2026-08-28,CM,NSE,STK,759256,INE965W01036,BMWVENTLTD,EQ,,,,,BMW VENTURES LIMITED,57.00,57.38,56.51,56.65,56.51,56.95,,56.65,,,39438,2247613.28,806,F1,1,,,,,
2026-08-28,2026-08-28,CM,NSE,STK,762608,INE00HZ01011,BNAGROCHEM,EQ,,,,,BN AGROCHEM LTD.,234.95,234.95,223.65,226.80,226.00,233.90,,226.80,,,22675,5272113.55,65,F1,1,,,,,
2026-08-28,2026-08-28,CM,NSE,STK,25021,INE338D01028,BODALCHEM,BE,,,,,BODAL CHEMICALS LTD,94.20,99.19,91.80,99.08,99.19,94.47,,99.08,,,1598996,157317263.56,5059,F1,1,,,,,
2026-08-28,2026-08-28,CM,NSE,STK,14150,INE0EEJ01023,BTML,EQ,,,,,BODHI TREE MULTIMEDIA LTD,8.93,8.96,8.54,8.61,8.59,8.98,,8.61,,,374591,3302205.59,472,F1,1,,,,,
2026-08-28,2026-08-28,CM,NSE,STK,11640,INE802W01023,BOHRAIND,EQ,,,,,BOHRA INDUSTRIES LIMITED,13.80,13.80,12.11,12.64,12.50,12.85,,12.64,,,31336,398400.88,158,F1,1,,,,,
2026-08-28,2026-08-28,CM,NSE,STK,380,INE050A01025,BBTC,EQ,,,,,BOMBAY BURMAH TRADING COR,1598.90,1598.90,1552.00,1563.20,1564.50,1613.60,,1563.14,,,627788,984379502.10,31290,F1,1,,,,,
2026-08-28,2026-08-28,CM,NSE,STK,513,INE032A01023,BOMDYEING,EQ,,,,,BOMBAY DYEING & MFG. CO L,116.69,119.75,115.15,118.40,118.45,116.95,,118.40,,,1343633,158299528.93,13637,F1,1,,,,,
2026-08-28,2026-08-28,CM,NSE,STK,6052,INE0I3Y01014,BMETRICS,SM,,,,,BOMBAY METRICS S C LTD,33.65,33.65,33.00,33.50,33.50,35.00,,33.50,,,3200,107000.00,4,F1,800,,,,,
2026-08-28,2026-08-28,CM,NSE,STK,809,INE032Z01020,BSHSL,EQ,,,,,BOMBAY SUPER HYBRID SEEDS,90.00,92.61,90.00,91.85,90.50,89.08,,91.31,,,8443,774328.37,129,F1,1,,,,,
2026-08-28,2026-08-28,CM,NSE,STK,31128,INE053F07538,810IRFC27,N2,,,,,BOND 8.10% PA TAX FREE S2,1090.00,1090.00,1080.49,1080.68,1080.49,1090.00,,1080.68,,,4660,5072529.70,33,F1,1,,,,,
2026-08-28,2026-08-28,CM,NSE,STK,31040,INE906B07CB9,830NHAI27,N2,,,,,BOND 8.30% PA TAX FREE S2,1083.93,1095.00,1083.25,1085.73,1085.50,1083.93,,1085.73,,,6008,6543830.17,41,F1,1,,,,,
2026-08-28,2026-08-28,CM,NSE,STK,603,INE053F07686,865IRFC29,NA,,,,,BOND 8.65% PA TF TI-SIIB,1110.00,1110.00,1107.99,1107.99,1107.99,1110.00,,1106.47,,,291,322669.00,3,F1,1,,,,,
2026-08-28,2026-08-28,CM,NSE,STK,30990,INE020B07HS2,871REC28,N9,,,,,BOND 8.71% TAX FREE S2B,1124.00,1129.00,1119.10,1125.60,1125.60,1120.00,,1124.55,,,2825,3177884.55,29,F1,1,,,,,
2026-08-28,2026-08-28,CM,NSE,STK,1999,INE053F07744,888IRFC29,NE,,,,,BOND 8.88% PA TF TII-SIIB,1128.00,1138.99,1128.00,1137.62,1138.99,1121.49,,1136.18,,,197,223031.50,5,F1,1,,,,,
2026-08-28,2026-08-28,CM,NSE,STK,31970,INE557F07132,901NHB34,N6,,,,,BOND 9.01%PA TF TR-I S 3B,6343.00,6400.00,6343.00,6400.00,6400.00,6343.00,,6400.00,,,113,722420.90,9,F1,1,,,,,
2026-08-28,2026-08-28,CM,NSE,STK,2947,INE020B07IG5,888REC29,NF,,,,,BOND8.88% PA TF TR II S2B,1140.00,1140.00,1140.00,1140.00,1140.00,1144.46,,1140.00,,,5,5700.00,1,F1,1,,,,,
2026-08-28,2026-08-28,CM,NSE,STK,761056,INE0B9A01018,BONLON,EQ,,,,,BONLON INDUSTRIES LIMITED,39.05,41.99,39.05,40.50,40.70,40.30,,40.83,,,21445,874402.71,275,F1,1,,,,,
2026-08-28,2026-08-28,CM,NSE,STK,757919,INE16SF01016,BORANA,EQ,,,,,BORANA WEAVES LIMITED,311.85,322.00,309.85,317.75,315.25,310.15,,317.75,,,12087,3794309.35,245,F1,1,,,,,
2026-08-28,2026-08-28,CM,NSE,STK,19401,INE02PY01013,BOROLTD,EQ,,,,,BOROSIL LIMITED,244.59,251.84,238.27,239.81,239.99,244.07,,239.80,,,651151,159442440.09,10258,F1,1,,,,,
2026-08-28,2026-08-28,CM,NSE,STK,3149,INE666D01022,BORORENEW,EQ,,,,,BOROSIL RENEWABLES LTD,514.50,520.00,501.00,502.25,502.00,517.55,,502.26,,,988158,501427969.30,20448,F1,1,,,,,
2026-08-28,2026-08-28,CM,NSE,STK,24014,INE02L001032,BOROSCI,EQ,,,,,BOROSIL SCIENTIFIC LTD,126.50,126.69,122.41,124.44,125.00,125.89,,124.44,,,36344,4542145.08,973,F1,1,,,,,
2026-08-28,2026-08-28,CM,NSE,STK,4491,INE782A01015,BOSCH-HCIL,EQ,,,,,BOSCH HOME COMFRT IND LTD,1675.10,1706.80,1666.80,1695.20,1685.00,1667.60,,1697.41,,,17547,29649557.10,2124,F1,1,,,,,
2026-08-28,2026-08-28,CM,NSE,STK,2181,INE323A01026,BOSCHLTD,EQ,,,,,BOSCH LIMITED,48780.00,48930.00,48020.00,48640.00,48640.00,48780.00,,48639.93,,,26114,1268249610.00,8138,F1,1,,,,,
2026-08-28,2026-08-28,CM,NSE,STK,25119,INE0QNI01012,BOSS,SM,,,,,BOSS PACKAGING SOLU LTD,48.35,51.95,48.35,51.95,51.95,50.85,,51.95,,,6000,297300.00,3,F1,2000,,,,,
2026-08-28,2026-08-28,CM,NSE,STK,530,INE110A01019,BPL,EQ,,,,,BPL LTD,52.00,52.01,49.30,50.43,50.39,51.79,,50.45,,,36901,1883118.98,577,F1,1,,,,,
2026-08-28,2026-08-28,CM,NSE,STK,24905,INE0R4Z01018,BRACEPORT,SM,,,,,BRACE PORT LOGISTICS LTD,60.20,60.20,58.20,58.20,58.20,60.20,,58.20,,,6400,381760.00,4,F1,1600,,,,,
2026-08-28,2026-08-28,CM,NSE,STK,764628,INE320I01017,BRAHMINFRA,EQ,,,,,BRAHMAPUTRA INFRA L,161.29,165.00,155.02,160.13,163.49,156.86,,160.34,,,15733,2496845.95,468,F1,1,,,,,
2026-08-28,2026-08-28,CM,NSE,STK,24814,INE02RE01045,FIRSTCRY,EQ,,,,,BRAINBEES SOLUTIONS LTD,188.53,189.50,184.97,185.48,185.34,188.26,,185.49,,,752050,139923188.77,12279,F1,1,,,,,
2026-08-28,2026-08-28,CM,NSE,STK,7780,INE977Y01011,BCONCEPTS,EQ,,,,,BRAND CONCEPTS LIMITED,159.93,167.50,158.05,163.07,163.91,160.01,,163.06,,,9226,1505898.33,555,F1,1,,,,,
2026-08-28,2026-08-28,CM,NSE,STK,760972,INE0XUD01014,BRANDMAN,SM,,,,,BRANDMAN RETAIL LIMITED,159.50,162.45,158.00,162.00,162.45,159.50,,162.00,,,10400,1666040.00,11,F1,800,,,,,
2026-08-28,2026-08-28,CM,NSE,STK,15184,INE791I01019,BRIGADE,EQ,,,,,BRIGADE ENTER. LTD,657.10,657.75,640.40,642.25,641.00,656.75,,642.39,,,249374,161353137.70,12265,F1,1,,,,,
2026-08-28,2026-08-28,CM,NSE,STK,757794,INE03NU01014,BRIGHOTEL,EQ,,,,,BRIGADE HOTEL VENTURE LTD,59.99,60.00,59.00,59.56,59.40,59.57,,59.57,,,74934,4452695.70,2058,F1,1,,,,,
2026-08-28,2026-08-28,CM,NSE,STK,764633,INE630D01010,BRIGHTBR,EQ,,,,,BRIGHT BROTHERS LTD.,253.36,267.67,240.00,260.78,255.03,263.83,,255.57,,,1113,277413.54,34,F1,1,,,,,
2026-08-28,2026-08-28,CM,NSE,STK,8833,INE425B01027,BCG,EQ,,,,,BRIGHTCOM GROUP LIMITED,9.01,9.09,9.01,9.05,9.07,9.03,,9.05,,,2448110,22136045.50,2938,F1,1,,,,,
2026-08-28,2026-08-28,CM,NSE,STK,547,INE216A01030,BRITANNIA,EQ,,,,,BRITANNIA INDUSTRIES LTD,5298.00,5355.00,5276.50,5308.50,5308.50,5298.00,,5308.50,,,246611,1308950179.50,19372,F1,1,,,,,
2026-08-28,2026-08-28,CM,NSE,STK,2203,INE0FDU25010,BIRET,RR,,,,,BROOKFIELD INDIA RET,341.50,342.15,339.95,341.93,342.00,341.39,,341.93,,,194045,66276443.45,6126,F1,1,,,,,
2026-08-28,2026-08-28,CM,NSE,STK,25140,INE650L01011,BROOKS,BE,,,,,BROOKS LAB LIMITED,68.50,69.28,65.36,69.28,69.28,65.99,,69.31,,,50162,3446095.91,232,F1,1,,,,,
2026-08-28,2026-08-28,CM,NSE,STK,19585,INE118H01025,BSE,EQ,,,,,BSE LIMITED,3313.00,3410.00,3303.00,3405.00,3405.00,3328.00,,3405.00,,,4774200,16139117711.60,140695,F1,1,,,,,
2026-08-28,2026-08-28,CM,NSE,STK,559,INE594B01012,BSL,EQ,,,,,BSL LTD,125.00,125.00,121.80,123.03,123.50,123.42,,123.03,,,1236,151676.71,48,F1,1,,,,,
2026-08-28,2026-08-28,CM,NSE,STK,2716,INE295F01017,BUTTERFLY,EQ,,,,,BTRFLY GANDHI APPL LTD,628.00,655.45,625.05,633.15,626.60,627.75,,633.09,,,26089,16658263.55,1899,F1,1,,,,,
2026-08-28,2026-08-28,CM,NSE,STK,15194,INE817H01022,BURNPUR,EQ,,,,,BURNPUR CEMENT LIMITED,16.15,16.15,15.10,16.15,16.15,14.69,,16.15,,,494712,7943476.81,1124,F1,1,,,,,
2026-08-28,2026-08-28,CM,NSE,STK,764643,INE084D01010,CGVAK,EQ,,,,,C G V A K SOFTWARE & EX L,148.00,154.00,147.13,149.70,149.70,148.15,,149.21,,,4564,681555.29,48,F1,1,,,,,
2026-08-28,2026-08-28,CM,NSE,STK,760854,INE0SMX01019,CKKRETAIL,SM,,,,,C K K RETAIL MART LIMITED,165.00,166.80,165.00,166.80,166.80,160.50,,166.80,,,1600,265440.00,2,F1,800,,,,,
2026-08-28,2026-08-28,CM,NSE,STK,18372,INE0QBU01012,CPS,SM,,,,,C P S SHAPERS LIMITED,1145.10,1150.00,1145.10,1150.00,1150.00,1145.10,,1150.00,,,300,344265.00,2,F1,150,,,,,
2026-08-28,2026-08-28,CM,NSE,STK,7227,INE0BV301023,MAPMYINDIA,EQ,,,,,C.E. INFO SYSTEMS LIMITED,981.00,1011.00,961.60,965.90,970.00,977.10,,965.90,,,250732,245637522.00,15406,F1,1,,,,,
2026-08-28,2026-08-28,CM,NSE,STK,27274,INE0U7V01015,C2C,SM,,,,,C2C ADVANCED SYSTEMS LTD,228.00,235.00,224.60,228.40,226.50,227.45,,228.40,,,42900,9784372.50,203,F1,150,,,,,
2026-08-28,2026-08-28,CM,NSE,STK,21824,INE090Y01013,CADSYS,ST,,,,,CADSYS (INDIA) LIMITED,48.30,48.30,48.30,48.30,48.30,50.80,,48.30,,,2500,120750.00,2,F1,500,,,,,
2026-08-28,2026-08-28,CM,NSE,STK,764255,INE11XY01018,CMLL,EQ,,,,,CALIBER MINING AND LOG L,517.25,517.25,507.35,509.80,510.00,511.35,,509.76,,,140467,71672196.00,3092,F1,1,,,,,
2026-08-28,2026-08-28,CM,NSE,STK,8341,INE526B01014,CALSOFT,EQ,,,,,CALIFORNIA SOFTWARE CO LT,35.50,35.50,35.50,35.50,35.50,33.81,,35.50,,,90695,3219672.50,238,F1,1,,,,,
2026-08-28,2026-08-28,CM,NSE,STK,14222,INE627H01017,CTE,BE,,,,,CAMBRIDGE TECH ENTER LTD,42.37,46.81,42.37,46.80,46.80,44.59,,46.78,,,32796,1512554.29,185,F1,1,,,,,
2026-08-28,2026-08-28,CM,NSE,STK,6216,INE052I01032,CAMLINFINE,EQ,,,,,CAMLIN FINE SCIENCES LTD,104.10,104.40,102.51,103.52,104.00,102.94,,103.52,,,655783,67758506.98,5496,F1,1,,,,,
2026-08-28,2026-08-28,CM,NSE,STK,9362,INE278Y01022,CAMPUS,EQ,,,,,CAMPUS ACTIVEWEAR LIMITED,225.00,227.80,223.10,226.14,227.00,224.99,,226.17,,,428622,96671535.80,6756,F1,1,,,,,
2026-08-28,2026-08-28,CM,NSE,STK,583,INE477A01020,CANFINHOME,EQ,,,,,CAN FIN HOMES LTD,804.70,819.25,804.40,815.50,817.40,803.80,,815.43,,,225609,183757770.75,8042,F1,1,,,,,
2026-08-28,2026-08-28,CM,NSE,STK,10794,INE476A01022,CANBK,EQ,,,,,CANARA BANK,128.15,129.06,127.25,128.35,128.35,128.14,,128.35,,,13970144,1787588307.56,47694,F1,1,,,,,
2026-08-28,2026-08-28,CM,NSE,STK,759477,INE01TY01017,CANHLIFE,EQ,,,,,CANARA HSBC LIFE INS CO L,157.50,159.00,153.10,154.19,154.50,156.89,,154.18,,,1161040,179698491.37,12849,F1,1,,,,,
2026-08-28,2026-08-28,CM,NSE,STK,759311,INE218I01013,CRAMC,EQ,,,,,CANARA ROBECO AMC LIMITED,258.00,261.15,255.70,259.90,259.50,258.90,,259.88,,,179348,46409423.70,5978,F1,1,,,,,
2026-08-28,2026-08-28,CM,NSE,STK,19368,INE0QG301017,CANARYS,SM,,,,,CANARYS AUTOMATIONS LTD,26.05,27.05,26.05,26.35,26.30,26.05,,26.35,,,120000,3175200.00,30,F1,4000,,,,,
2026-08-28,2026-08-28,CM,NSE,STK,20160,INE068L01024,CANTABIL,EQ,,,,,CANTABIL RETAIL LTD,246.60,247.01,242.50,243.59,242.50,246.52,,243.59,,,36886,9012589.33,901,F1,1,,,,,
2026-08-28,2026-08-28,CM,NSE,STK,21749,INE264T01014,CAPACITE,EQ,,,,,CAPACITE INFRAPROJECT LTD,224.00,224.05,216.50,217.33,217.00,223.16,,217.34,,,385660,84307217.65,7297,F1,1,,,,,
2026-08-28,2026-08-28,CM,NSE,STK,759867,INE0ILV01024,CAPILLARY,EQ,,,,,CAPILLARY TECHNO INDIA L,508.95,509.00,498.10,501.50,504.50,508.95,,501.45,,,81204,40870472.85,3986,F1,1,,,,,
2026-08-28,2026-08-28,CM,NSE,STK,756015,INE345H01024,CIFL,EQ,,,,,CAPITAL INDIA FINANCE LTD,20.33,20.86,20.33,20.72,20.75,20.74,,20.72,,,13146,272547.51,130,F1,1,,,,,
2026-08-28,2026-08-28,CM,NSE,STK,29157,INE0Z8Z23013,CAPINVIT,IV,,,,,CAPITAL INFRA TRUST,77.25,77.25,76.71,77.00,77.01,76.97,,77.00,,,292849,22533160.78,1650,F1,1,,,,,
2026-08-28,2026-08-28,CM,NSE,STK,22675,INE646H01017,CAPITALSFB,EQ,,,,,CAPITAL SMALL FIN BANK L,286.85,286.90,280.05,281.65,281.25,283.95,,281.76,,,13245,3747618.40,564,F1,1,,,,,
2026-08-28,2026-08-28,CM,NSE,STK,19451,INE707C01018,CAPTRUST,BE,,,,,CAPITAL TRUST LIMITED,20.28,20.45,19.94,20.02,20.32,20.28,,20.14,,,9313,187723.15,59,F1,1,,,,,
2026-08-28,2026-08-28,CM,NSE,STK,3906,INE475E01026,CAPLIPOINT,EQ,,,,,CAPLIN POINT LAB LTD.,2553.30,2597.90,2510.00,2517.20,2523.80,2540.70,,2517.07,,,47400,120639459.50,7440,F1,1,,,,,
2026-08-28,2026-08-28,CM,NSE,STK,20329,INE180C01042,CGCL,EQ,,,,,CAPRI GLOBAL CAPITAL LTD,245.00,263.56,244.10,257.98,257.55,244.80,,257.97,,,29680127,7479825121.16,118337,F1,1,,,,,
2026-08-28,2026-08-28,CM,NSE,STK,764203,INE536P01021,CPL,EQ,,,,,CAPTAIN POLYPLAST LIMITED,64.76,65.55,63.01,63.89,63.90,64.76,,63.95,,,148670,9602499.56,1890,F1,1,,,,,
2026-08-28,2026-08-28,CM,NSE,STK,595,INE120A01034,CARBORUNIV,EQ,,,,,CARBORUNDUM UNIVERSAL LTD,1100.10,1125.00,1087.00,1116.80,1115.00,1103.20,,1116.94,,,85151,94013780.80,8581,F1,1,,,,,
2026-08-28,2026-08-28,CM,NSE,STK,29113,INE752H01013,CARERATING,EQ,,,,,CARE RATINGS LIMITED,1634.00,1685.20,1634.00,1682.10,1685.20,1633.70,,1682.10,,,27594,46233324.60,4838,F1,1,,,,,
2026-08-28,2026-08-28,CM,NSE,STK,758941,INE0P6P01016,CPEDU,EQ,,,,,CAREER POINT EDUTECH LTD,191.95,194.37,185.00,186.52,185.90,192.21,,186.52,,,4888,915950.90,104,F1,1,,,,,
2026-08-28,2026-08-28,CM,NSE,STK,28879,INE0V7W01012,CARRARO,EQ,,,,,CARRARO INDIA LIMITED,546.70,561.80,542.40,557.80,560.00,544.05,,557.77,,,518886,289445147.90,9905,F1,1,,,,,
2026-08-28,2026-08-28,CM,NSE,STK,5407,INE290S01011,CARTRADE,EQ,,,,,CARTRADE TECH LIMITED,3079.00,3079.00,3001.00,3014.60,3020.00,3080.20,,3014.53,,,205402,624975393.70,21079,F1,1,,,,,
2026-08-28,2026-08-28,CM,NSE,STK,1879,INE482D01024,CARYSIL,EQ,,,,,CARYSIL LIMITED,1117.00,1130.00,1108.10,1112.80,1117.30,1116.30,,1113.11,,,36105,40281535.50,3872,F1,1,,,,,
2026-08-28,2026-08-28,CM,NSE,STK,758156,INE0WL201014,CUDML,ST,,,,,CASH UR DRIVE MARKETING L,102.25,102.25,99.05,99.05,99.05,104.00,,99.05,,,39000,3907050.00,28,F1,1000,,,,,
2026-08-28,2026-08-28,CM,NSE,STK,1250,INE172A01027,CASTROLIND,EQ,,,,,CASTROL INDIA LIMITED,185.55,186.95,185.06,185.24,185.30,185.27,,185.24,,,848396,157803083.78,18012,F1,1,,,,,
2026-08-28,2026-08-28,CM,NSE,STK,11452,INE421D01022,CCL,EQ,,,,,CCL PRODUCTS (I) LTD,1111.50,1126.90,1101.70,1123.10,1125.00,1111.50,,1123.06,,,131036,146316004.50,14019,F1,1,,,,,
2026-08-28,2026-08-28,CM,NSE,STK,15254,INE482A01020,CEATLTD,EQ,,,,,CEAT LIMITED,3514.30,3548.60,3494.50,3511.50,3509.50,3510.60,,3511.61,,,33013,116313056.40,7265,F1,1,,,,,
2026-08-28,2026-08-28,CM,NSE,STK,24742,INE0AG901020,CEIGALL,EQ,,,,,CEIGALL INDIA LIMITED,340.45,344.65,335.60,341.00,340.00,341.05,,341.05,,,624378,212832659.10,8333,F1,1,,,,,
2026-08-28,2026-08-28,CM,NSE,STK,761037,INE016Q01014,CEINSYS,EQ,,,,,CEINSYS TECH LIMITED,730.60,741.10,720.00,723.15,722.00,727.00,,723.11,,,29948,21870821.35,2399,F1,1,,,,,
2026-08-28,2026-08-28,CM,NSE,STK,13162,INE185H01016,CELEBRITY,EQ,,,,,CELEBRITY FASHIONS LTD,6.88,6.93,6.70,6.80,6.80,6.88,,6.80,,,7244,49266.94,71,F1,1,,,,,
2026-08-28,2026-08-28,CM,NSE,STK,16950,INE0O0001013,CELLPOINT,SM,,,,,CELL POINT (INDIA) LTD,16.30,16.30,16.30,16.30,16.30,16.30,,16.30,,,1200,19560.00,1,F1,1200,,,,,
2026-08-28,2026-08-28,CM,NSE,STK,18806,INE0OMO01025,CELLECOR,SM,,,,,CELLECOR GADGETS LIMITED,33.40,34.00,32.25,32.45,32.40,33.35,,32.45,,,240000,7858500.00,51,F1,3000,,,,,
2026-08-28,2026-08-28,CM,NSE,STK,19795,INE0LMW01024,CELLO,EQ,,,,,CELLO WORLD LIMITED,352.90,353.70,348.30,350.80,350.35,350.40,,350.81,,,156223,54744312.90,6468,F1,1,,,,,
2026-08-28,2026-08-28,CM,NSE,STK,5622,INE686A01026,CEMPRO,EQ,,,,,CEMINDIA PROJECTS LIMITED,1264.00,1285.00,1252.90,1268.10,1268.00,1251.20,,1268.12,,,129496,164336677.30,9650,F1,1,,,,,
2026-08-28,2026-08-28,CM,NSE,STK,14894,INE483A01010,CENTRALBK,EQ,,,,,CENTRAL BANK OF INDIA,30.67,30.77,30.37,30.54,30.59,30.65,,30.54,,,6429357,196092604.90,18644,F1,1,,,,,
2026-08-28,2026-08-28,CM,NSE,STK,21174,INE736A01011,CDSL,EQ,,,,,CENTRAL DEPO SER (I) LTD,1410.80,1417.30,1397.00,1414.70,1414.70,1410.80,,1414.70,,,1052357,1483402975.40,34284,F1,1,,,,,
2026-08-28,2026-08-28,CM,NSE,STK,761581,INE05HV01027,CMPDI,EQ,,,,,CENTRAL MINE P N D INST L,230.10,232.01,229.05,230.97,231.88,229.97,,230.95,,,468417,107899734.05,7181,F1,1,,,,,
2026-08-28,2026-08-28,CM,NSE,STK,2454,INE660C01027,CENTRUM,EQ,,,,,CENTRUM CAPITAL LIMITED,23.29,23.31,23.00,23.05,23.30,23.09,,23.05,,,139773,3232277.54,448,F1,1,,,,,
2026-08-28,2026-08-28,CM,NSE,STK,14982,INE320B01020,CENTUM,EQ,,,,,CENTUM ELECTRONICS LTD,3401.00,3456.10,3399.90,3442.80,3448.90,3401.90,,3442.87,,,25905,89002343.70,5098,F1,1,,,,,
2026-08-28,2026-08-28,CM,NSE,STK,619,INE485A01015,CENTENKA,EQ,,,,,CENTURY ENKA LTD,548.40,553.00,544.00,547.40,551.95,547.30,,547.39,,,20796,11395546.50,1885,F1,1,,,,,
2026-08-28,2026-08-28,CM,NSE,STK,11511,INE281A01026,CENTEXT,EQ,,,,,CENTURY EXTRUSIONS LTD,22.65,22.89,22.02,22.27,22.20,22.59,,22.26,,,99676,2223824.55,552,F1,1,,,,,
2026-08-28,2026-08-28,CM,NSE,STK,13305,INE348B01021,CENTURYPLY,EQ,,,,,CENTURY PLYBOARDS (I) LTD,740.00,758.25,740.00,753.80,751.00,751.75,,753.74,,,81308,61308648.40,3452,F1,1,,,,,
2026-08-28,2026-08-28,CM,NSE,STK,15039,INE739E01017,CERA,EQ,,,,,CERA SANITARYWARE LTD,5690.00,5709.50,5600.00,5654.50,5645.00,5662.00,,5655.14,,,7189,40707303.00,2907,F1,1,,,,,
2026-08-28,2026-08-28,CM,NSE,STK,29016,INE345B01019,CEREBRAINT,BZ,,,,,CEREBRA INT TECH LTD,2.70,2.70,2.52,2.61,2.65,2.65,,2.61,,,96302,248798.01,141,F1,1,,,,,
2026-08-28,2026-08-28,CM,NSE,STK,628,INE486A01021,CESC,EQ,,,,,CESC LTD,152.20,152.29,147.83,148.11,147.99,152.13,,148.09,,,1728235,258633077.10,21299,F1,1,,,,,
2026-08-28,2026-08-28,CM,NSE,STK,760,INE067A01029,CGPOWER,EQ,,,,,CG POWER AND IND SOL LTD,896.45,896.45,878.20,889.00,889.00,897.90,,889.00,,,2230616,1979673407.85,40430,F1,1,,,,,
2026-08-28,2026-08-28,CM,NSE,STK,8546,INE427F01016,CHALET,EQ,,,,,CHALET HOTELS LIMITED,906.00,925.10,894.75,901.20,905.00,910.30,,900.90,,,204227,186234910.85,18281,F1,1,,,,,
2026-08-28,2026-08-28,CM,NSE,STK,3482,INE419D01026,CLSEL,EQ,,,,,CHAMAN LAL SETIA EXP LTD,294.05,299.00,291.25,293.05,293.40,295.20,,293.06,,,80641,23675083.80,2662,F1,1,,,,,
2026-08-28,2026-08-28,CM,NSE,STK,13731,INE06PV01010,CMNL,SM,,,,,CHAMAN METALLICS LIMITED,122.00,122.00,112.50,120.00,120.00,121.25,,120.00,,,25500,3067462.50,20,F1,750,,,,,
2026-08-28,2026-08-28,CM,NSE,STK,637,INE085A01013,CHAMBLFERT,EQ,,,,,CHAMBAL FERTILIZERS LTD,425.70,426.95,421.10,421.55,422.00,424.75,,421.56,,,336671,142219298.05,12666,F1,1,,,,,
2026-08-28,2026-08-28,CM,NSE,STK,29541,INE11HG01018,CHAMUNDA,SM,,,,,CHAMUNDA ELECTRICAL LTD,43.95,43.95,43.95,43.95,43.95,43.95,,43.95,,,9000,395550.00,1,F1,3000,,,,,
2026-08-28,2026-08-28,CM,NSE,STK,29633,INE0B2N01016,CHANDAN,SM,,,,,CHANDAN HEALTHCARE LTD,222.30,222.30,214.00,217.90,217.05,222.25,,217.90,,,45600,9915520.00,50,F1,800,,,,,
2026-08-28,2026-08-28,CM,NSE,STK,18654,INE0PT101017,CHAVDA,SM,,,,,CHAVDA INFRA LIMITED,138.20,139.05,137.80,138.65,138.00,138.05,,138.65,,,131000,18123450.00,49,F1,1000,,,,,
2026-08-28,2026-08-28,CM,NSE,STK,757991,INE0TGX01019,CHEMBONDCH,BE,,,,,CHEMBOND CHEMICAL LIMITED,274.80,274.80,266.00,267.49,266.10,269.84,,270.19,,,4106,1103379.09,96,F1,1,,,,,
2026-08-28,2026-08-28,CM,NSE,STK,14618,INE995D01025,CHEMBOND,EQ,,,,,CHEMBOND MATERIALTECH LTD,174.88,176.99,168.00,174.48,175.12,173.59,,174.48,,,7183,1235740.68,112,F1,1,,,,,
2026-08-28,2026-08-28,CM,NSE,STK,276,INE03YM01018,CHEMCON,BE,,,,,CHEMCON SPECIAL CHEM LTD,196.00,201.99,196.00,199.54,199.98,200.68,,199.52,,,14296,2842035.35,234,F1,1,,,,,
2026-08-28,2026-08-28,CM,NSE,STK,765045,INE298W01016,CHEMCRUX,EQ,,,,,CHEMCRUX ENTERPRISES LTD.,85.95,85.95,82.30,84.46,84.90,83.98,,84.71,,,2359,198483.30,88,F1,1,,,,,
2026-08-28,2026-08-28,CM,NSE,STK,2799,INE783X01023,CHEMFAB,EQ,,,,,CHEMFAB ALKALIS LIMITED,354.00,372.50,354.00,369.75,369.00,358.90,,369.75,,,3184,1171275.85,150,F1,1,,,,,
2026-08-28,2026-08-28,CM,NSE,STK,5449,INE488A01050,CHEMPLASTS,EQ,,,,,CHEMPLAST SANMAR LIMITED,178.50,188.50,178.50,182.68,181.55,178.65,,182.70,,,993182,183578054.94,19903,F1,1,,,,,
2026-08-28,2026-08-28,CM,NSE,STK,2049,INE178A01016,CHENNPETRO,EQ,,,,,CHENNAI PETROLEUM CORP LT,1359.10,1376.00,1333.20,1341.10,1346.00,1352.40,,1340.84,,,690557,933620531.70,32317,F1,1,,,,,
2026-08-28,2026-08-28,CM,NSE,STK,24625,INE0U1T01012,CHETANA,SM,,,,,CHETANA EDUCATION LIMITED,43.00,43.00,43.00,43.00,43.00,43.35,,43.00,,,3200,137600.00,1,F1,1600,,,,,
2026-08-28,2026-08-28,CM,NSE,STK,9879,INE974B01016,CHEVIOT,EQ,,,,,CHEVIOT COMPANY LIMITED,1142.50,1146.00,1135.00,1141.60,1135.10,1135.80,,1141.89,,,725,827206.00,117,F1,1,,,,,
2026-08-28,2026-08-28,CM,NSE,STK,8866,INE102B01014,CHOICEIN,EQ,,,,,CHOICE INTERNATIONAL LTD,775.00,792.90,774.30,786.40,785.00,775.05,,786.40,,,378490,297601929.70,9069,F1,1,,,,,
2026-08-28,2026-08-28,CM,NSE,STK,759610,INF2KCX01012,CHOICEGOLD,EQ,,,,,CHOICEAMC - CHOICEGOLD,159.00,159.00,155.09,156.63,156.63,156.51,,156.63,,,4970,778502.72,157,F1,1,,,,,
2026-08-28,2026-08-28,CM,NSE,STK,21740,INE149A01033,CHOLAHLDNG,EQ,,,,,CHOLAMANDALAM FIN HOL LTD,1517.20,1527.60,1491.70,1498.80,1494.00,1517.20,,1498.59,,,191026,286836402.10,18473,F1,1,,,,,
2026-08-28,2026-08-28,CM,NSE,STK,685,INE121A01024,CHOLAFIN,EQ,,,,,CHOLAMANDALAM IN & FIN CO,1878.00,1878.00,1845.00,1862.90,1862.90,1875.40,,1862.41,,,803008,1494237014.80,27822,F1,1,,,,,
2026-08-28,2026-08-28,CM,NSE,STK,14937,INE536H01010,CIEINDIA,EQ,,,,,CIE AUTOMOTIVE INDIA LTD,394.50,397.45,389.00,389.95,391.00,394.50,,389.95,,,258053,100957935.05,14701,F1,1,,,,,
2026-08-28,2026-08-28,CM,NSE,STK,27161,INE704H01022,CINELINE,EQ,,,,,CINELINE INDIA LIMITED,89.10,89.10,87.90,87.98,88.00,89.37,,87.98,,,29265,2578869.58,152,F1,1,,,,,
2026-08-28,2026-08-28,CM,NSE,STK,8024,INE039B01026,CINEVISTA,EQ,,,,,CINEVISTA LIMITED,14.11,14.90,14.10,14.41,14.49,14.18,,14.48,,,9025,131273.21,108,F1,1,,,,,
2026-08-28,2026-08-28,CM,NSE,STK,694,INE059A01026,CIPLA,EQ,,,,,CIPLA LTD,1420.00,1423.90,1409.10,1423.50,1423.50,1420.00,,1423.46,,,377976,535696163.10,20704,F1,1,,,,,
2026-08-28,2026-08-28,CM,NSE,STK,763149,INE2Q7823014,CITIUSINVT,IV,,,,,CITIUS TRANSNET INV TRUST,114.44,116.50,113.87,114.46,114.32,114.00,,114.46,,,161816,18665016.24,510,F1,1,,,,,
2026-08-28,2026-08-28,CM,NSE,STK,5701,INE491A01021,CUB,EQ,,,,,CITY UNION BANK LTD,229.05,230.92,221.77,222.24,222.65,229.23,,222.24,,,1085352,244312521.72,21072,F1,1,,,,,
2026-08-28,2026-08-28,CM,NSE,STK,20233,INE201M01029,CLEDUCATE,BE,,,,,CL EDUCATE LIMITED,63.62,65.86,63.60,65.34,65.49,64.72,,65.28,,,25034,1605089.06,72,F1,1,,,,,
2026-08-28,2026-08-28,CM,NSE,STK,758736,INE0UQ601012,CLASSICEIL,SM,,,,,CLASSIC ELECTRODE (IND) L,61.50,62.50,56.95,56.95,56.95,59.90,,56.95,,,43200,2528000.00,27,F1,1600,,,,,
2026-08-28,2026-08-28,CM,NSE,STK,754695,INE1QGM01024,CLAYCRAFT,SM,,,,,CLAY CRAFT INDIA LIMITED,157.50,159.00,157.00,159.00,159.00,156.00,,159.00,,,13200,2083860.00,21,F1,600,,,,,
2026-08-28,2026-08-28,CM,NSE,STK,760183,INE647U01026,CLEANMAX,EQ,,,,,CLEAN MAX ENVIRO EN SOL L,1272.00,1273.90,1240.50,1250.90,1254.00,1274.60,,1250.86,,,224246,281085920.90,15602,F1,1,,,,,
2026-08-28,2026-08-28,CM,NSE,STK,5049,INE227W01023,CLEAN,EQ,,,,,CLEAN SCIENCE & TECH LTD,832.00,844.40,822.60,836.45,836.50,830.05,,836.38,,,253666,212142713.00,13484,F1,1,,,,,
2026-08-28,2026-08-28,CM,NSE,STK,760143,INE1EF801010,CSSL,SM,,,,,CLEAR SECURED SERVICES L,94.00,95.95,93.50,93.50,93.50,92.00,,93.50,,,5000,470700.00,5,F1,1000,,,,,
2026-08-28,2026-08-28,CM,NSE,STK,30893,INE00WV01027,CMRGREEN,EQ,,,,,CMR GREEN TECHNOLOGIES L,221.79,226.80,218.69,225.11,225.02,221.07,,225.11,,,627825,141076388.05,10329,F1,1,,,,,
2026-08-28,2026-08-28,CM,NSE,STK,7603,INE925R01014,CMSINFO,EQ,,,,,CMS INFO SYSTEMS LIMITED,241.00,244.65,239.50,242.55,243.45,239.95,,242.55,,,1254724,302688434.00,30073,F1,1,,,,,
2026-08-28,2026-08-28,CM,NSE,STK,20374,INE522F01014,COALINDIA,EQ,,,,,COAL INDIA LTD,401.00,406.35,397.50,401.00,401.00,400.00,,401.00,,,38504284,15368913982.35,132542,F1,1,,,,,
2026-08-28,2026-08-28,CM,NSE,STK,6006,INE377E01024,COASTCORP,EQ,,,,,COASTAL CORPORATION LTD,40.93,40.93,40.30,40.62,40.80,40.62,,40.62,,,38682,1570748.97,537,F1,1,,,,,
2026-08-28,2026-08-28,CM,NSE,STK,21508,INE704P01025,COCHINSHIP,EQ,,,,,COCHIN SHIPYARD LIMITED,1543.00,1543.90,1528.00,1535.00,1535.00,1543.00,,1534.99,,,412702,633557472.70,17338,F1,1,,,,,
2026-08-28,2026-08-28,CM,NSE,STK,11169,INE335K01011,COFFEEDAY,BE,,,,,COFFEE DAY ENTERPRISE LTD,29.93,30.95,29.20,29.49,30.00,29.93,,29.50,,,408924,12183427.14,1044,F1,1,,,,,
2026-08-28,2026-08-28,CM,NSE,STK,11543,INE591G01025,COFORGE,EQ,,,,,COFORGE LIMITED,1915.00,2016.50,1911.00,2014.60,2014.60,1901.80,,2014.58,,,5516587,10933987674.30,172421,F1,1,,,,,
2026-08-28,2026-08-28,CM,NSE,STK,17945,INE03QK01018,COHANCE,EQ,,,,,COHANCE LIFESCIENCES LTD,453.70,454.75,447.25,449.90,450.45,454.00,,449.99,,,272982,123022868.70,9027,F1,1,,,,,
2026-08-28,2026-08-28,CM,NSE,STK,15141,INE259A01022,COLPAL,EQ,,,,,COLGATE PALMOLIVE LTD.,1851.90,1851.90,1825.00,1826.90,1826.90,1845.00,,1826.90,,,283459,519086119.40,39248,F1,1,,,,,
2026-08-28,2026-08-28,CM,NSE,STK,762628,INE819A01049,COMFINTE,EQ,,,,,COMFORT INTECH LTD.,5.95,6.20,5.85,5.94,5.99,5.93,,5.94,,,97517,578405.03,302,F1,1,,,,,
2026-08-28,2026-08-28,CM,NSE,STK,21578,INE073V01015,COMSYN,EQ,,,,,COMMERCIAL SYN BAGS LTD,283.75,286.76,266.04,282.00,280.70,283.75,,282.01,,,1058298,290987238.14,5807,F1,1,,,,,
2026-08-28,2026-08-28,CM,NSE,STK,19513,INE597Z01014,COMMITTED,SM,,,,,COMMITTED CARGO CARE LTD,333.90,357.00,333.90,352.20,357.00,330.45,,352.20,,,24000,8319760.00,21,F1,800,,,,,
2026-08-28,2026-08-28,CM,NSE,STK,764648,INE823B01015,COMPEAU,EQ,,,,,COMPETENT AUTOMOB CO. L,348.05,355.00,340.00,353.95,355.00,348.05,,354.62,,,1520,527151.85,39,F1,1,,,,,
2026-08-28,2026-08-28,CM,NSE,STK,19670,INE070C01037,COMPINFO,BZ,,,,,COMPUAGE INFOCOM LTD,1.04,1.12,1.04,1.08,1.08,1.07,,1.10,,,38102,41095.27,39,F1,1,,,,,
2026-08-28,2026-08-28,CM,NSE,STK,31138,INE453B01029,COMPUSOFT,EQ,,,,,COMPUCOM SOFTWARE LTD,13.54,13.99,12.67,13.26,13.20,13.47,,13.26,,,34546,463707.25,282,F1,1,,,,,
2026-08-28,2026-08-28,CM,NSE,STK,342,INE596I01020,CAMS,EQ,,,,,COMPUTER AGE MNGT SER LTD,743.40,762.00,739.00,762.00,762.00,740.90,,761.80,,,3420858,2574553738.90,54804,F1,1,,,,,
2026-08-28,2026-08-28,CM,NSE,STK,18060,INE338H01029,CONCORDBIO,EQ,,,,,CONCORD BIOTECH LIMITED,1507.80,1519.70,1475.40,1481.10,1486.00,1481.90,,1481.18,,,88034,131418138.10,11622,F1,1,,,,,
2026-08-28,2026-08-28,CM,NSE,STK,28764,INE037Z01029,CEWATER,EQ,,,,,CONCORD ENVIRO SYSTEMS L,263.70,272.15,263.30,267.50,267.05,266.25,,267.52,,,94109,25213229.55,2669,F1,1,,,,,
2026-08-28,2026-08-28,CM,NSE,STK,764638,INE700F01024,CFEL,EQ,,,,,CONFIDENCE FUTURIST ENE L,32.00,32.00,31.00,31.00,31.00,31.63,,31.00,,,17757,556215.56,64,F1,1,,,,,
2026-08-28,2026-08-28,CM,NSE,STK,10238,INE552D01024,CONFIPET,EQ,,,,,CONFIDENCE PETRO IND LTD.,78.90,80.60,78.16,79.87,79.21,79.01,,79.87,,,1407583,112137421.74,8590,F1,1,,,,,
2026-08-28,2026-08-28,CM,NSE,STK,758453,INE0EAS01014,CONNPLEX,SM,,,,,CONNPLEX CINEMAS LIMITED,225.00,230.00,220.00,225.10,225.10,225.00,,225.10,,,20000,4519440.00,25,F1,800,,,,,
2026-08-28,2026-08-28,CM,NSE,STK,14992,INE429I01024,CCCL,EQ,,,,,CONS. CONST. CONSORT LTD,15.18,15.18,14.66,14.76,14.75,14.98,,14.76,,,268918,3994963.18,420,F1,1,,,,,
2026-08-28,2026-08-28,CM,NSE,STK,11732,INE025A01027,CONSOFINVT,BE,,,,,CONSO. FIN. & HOLD. LTD.,272.00,282.75,260.05,269.00,271.80,272.00,,269.00,,,5588,1497846.40,37,F1,1,,,,,
2026-08-28,2026-08-28,CM,NSE,STK,4749,INE111A01025,CONCOR,EQ,,,,,CONTAINER CORP OF IND LTD,502.35,520.00,502.35,516.00,516.00,493.05,,516.00,,,4311023,2214786125.45,76983,F1,1,,,,,
2026-08-28,2026-08-28,CM,NSE,STK,2531,INE340Z01019,CONTI,SM,,,,,CONTINENTAL SEED CHEM LTD,10.50,10.95,10.15,10.95,10.95,10.45,,10.95,,,273306,2869379.70,5,F1,3333,,,,,
2026-08-28,2026-08-28,CM,NSE,STK,17477,INE663B01015,CONTROLPR,EQ,,,,,CONTROL PRINT LIMITED,594.00,612.70,594.00,598.20,604.00,596.70,,598.31,,,31181,18746622.00,2354,F1,1,,,,,
2026-08-28,2026-08-28,CM,NSE,STK,8567,INE0HS001028,COOLCAPS,ST,,,,,COOL CAPS INDUSTRIES LTD,19.85,20.00,19.35,19.85,19.85,19.90,,19.85,,,58750,1152812.50,29,F1,1250,,,,,
2026-08-28,2026-08-28,CM,NSE,STK,4007,INE558D01021,CORALFINAC,EQ,,,,,CORAL INDIA FIN & HOUS LT,34.16,34.16,33.16,33.26,33.86,33.80,,33.29,,,19686,663128.58,403,F1,1,,,,,
2026-08-28,2026-08-28,CM,NSE,STK,15275,INE792I01017,CORDSCABLE,BE,,,,,CORDS CABLE INDUS LTD.,245.00,251.99,245.00,251.23,251.60,244.20,,251.01,,,19459,4857700.27,326,F1,1,,,,,
2026-08-28,2026-08-28,CM,NSE,STK,739,INE169A01031,COROMANDEL,EQ,,,,,COROMANDEL INTERNTL. LTD,1931.00,1943.00,1895.20,1913.70,1917.00,1928.40,,1913.63,,,115794,221588490.00,18480,F1,1,,,,,
2026-08-28,2026-08-28,CM,NSE,STK,760254,INE02ZQ01018,CORONA,EQ,,,,,CORONA REMEDIES LIMITED,2093.00,2093.10,2054.10,2079.50,2085.00,2083.20,,2080.30,,,10524,21825764.90,2297,F1,1,,,,,
2026-08-28,2026-08-28,CM,NSE,STK,742,INE757A01017,COSMOFIRST,EQ,,,,,COSMO FIRST LIMITED,942.05,949.00,931.45,938.35,940.00,942.05,,938.32,,,48392,45503017.30,3010,F1,1,,,,,
2026-08-28,2026-08-28,CM,NSE,STK,6385,INE652F01027,CCHHL,EQ,,,,,COUNTRY CLUB HOSP HOL LTD,12.93,13.09,12.78,12.89,12.90,12.86,,12.89,,,7905,101588.34,38,F1,1,,,,,
2026-08-28,2026-08-28,CM,NSE,STK,16989,INE695B01025,COUNCODOS,BE,,,,,COUNTRY CONDO S LIMITED,6.98,6.98,6.82,6.93,6.97,6.92,,6.93,,,57913,402068.24,270,F1,1,,,,,
2026-08-28,2026-08-28,CM,NSE,STK,20086,INE521J01018,CPCAP,EQ,,,,,CP CAPITAL LIMITED,112.73,116.19,111.00,114.16,113.05,112.73,,114.18,,,14367,1631276.17,409,F1,1,,,,,
2026-08-28,2026-08-28,CM,NSE,STK,2328,INF457M01133,CPSEETF,EQ,,,,,CPSE ETF,94.90,94.90,92.51,92.76,92.84,92.59,,92.76,,,981251,90928900.26,5515,F1,1,,,,,
2026-08-28,2026-08-28,CM,NSE,STK,2854,INE00LO01017,CRAFTSMAN,EQ,,,,,CRAFTSMAN AUTOMATION LTD,10949.00,11199.50,10858.00,11118.00,11097.00,10898.00,,11118.06,,,70823,783889856.00,20516,F1,1,,,,,
2026-08-28,2026-08-28,CM,NSE,STK,764653,INE145E01017,CRAVATEX,EQ,,,,,CRAVATEX LTD.,332.60,332.60,328.30,328.30,328.30,332.60,,328.30,,,25,8230.50,6,F1,1,,,,,
2026-08-28,2026-08-28,CM,NSE,STK,16419,INE0OFK01019,CRAYONS,SM,,,,,CRAYONS ADVERTISING LTD,26.55,26.55,26.55,26.55,26.55,25.30,,26.55,,,3000,79650.00,3,F1,1000,,,,,
2026-08-28,2026-08-28,CM,NSE,STK,9384,INE230B01021,CREATIVEYE,EQ,,,,,CREATIVE EYE LIMITED,6.36,6.36,6.06,6.18,6.29,6.06,,6.18,,,8732,53962.48,35,F1,1,,,,,
2026-08-28,2026-08-28,CM,NSE,STK,23468,INE0R7401011,CGRAPHICS,SM,,,,,CREATIVE GRAPHICS S IND L,148.05,148.10,143.55,145.90,145.90,151.75,,145.90,,,23200,3385200.00,27,F1,800,,,,,
2026-08-28,2026-08-28,CM,NSE,STK,11155,INE985W01018,CNL,EQ,,,,,CREATIVE NEWTECH LIMITED,1203.70,1268.95,1194.00,1242.15,1242.65,1207.95,,1242.16,,,68622,84246869.90,5583,F1,1,,,,,
2026-08-28,2026-08-28,CM,NSE,STK,765306,INE1KPX01025,CREDENT,ST,,,,,CREDENT CONNECT N CARE L,357.00,357.00,345.00,349.10,349.00,357.15,,349.10,,,86400,30083130.00,98,F1,600,,,,,
2026-08-28,2026-08-28,CM,NSE,STK,4421,INE741K01010,CREDITACC,EQ,,,,,CREDITACCESS GRAMEEN LTD,1417.00,1422.80,1367.40,1391.70,1394.00,1425.90,,1391.67,,,488002,676265148.80,43765,F1,1,,,,,
2026-08-28,2026-08-28,CM,NSE,STK,20878,INE220Q01020,MUFTI,EQ,,,,,CREDO BRANDS MARKETING L,76.93,76.93,75.28,75.92,75.82,77.91,,75.92,,,78216,5925598.48,987,F1,1,,,,,
2026-08-28,2026-08-28,CM,NSE,STK,765053,INE716D01033,CRSL,BE,,,,,CRESSANDA RAILWAY SOLUT L,2.39,2.62,2.38,2.62,2.62,2.50,,2.62,,,656843,1696618.50,554,F1,1,,,,,
2026-08-28,2026-08-28,CM,NSE,STK,13900,INE559D01011,CREST,EQ,,,,,CREST VENTURES LIMITED,363.40,378.00,363.05,371.95,372.00,371.85,,371.94,,,938,348084.75,99,F1,1,,,,,
2026-08-28,2026-08-28,CM,NSE,STK,757,INE007A01025,CRISIL,EQ,,,,,CRISIL LTD,4707.00,4795.50,4690.70,4732.70,4740.00,4703.20,,4732.57,,,105229,500678707.00,21347,F1,1,,,,,
2026-08-28,2026-08-28,CM,NSE,STK,757850,INE0S4R01014,CRIZAC,EQ,,,,,CRIZAC LIMITED,175.95,178.08,171.80,172.90,173.50,175.78,,172.92,,,149889,25995867.58,3924,F1,1,,,,,
2026-08-28,2026-08-28,CM,NSE,STK,17094,INE299U01018,CROMPTON,EQ,,,,,CROMPT GREA CON ELEC LTD,240.00,240.00,230.70,233.00,233.00,237.90,,233.00,,,5656422,1317238819.80,50707,F1,1,,,,,
2026-08-28,2026-08-28,CM,NSE,STK,18263,INE00NH01017,CLSL,ST,,,,,CROP LIFE SCIENCE LIMITED,90.00,91.50,86.45,91.50,91.50,91.00,,91.50,,,22000,1951400.00,11,F1,2000,,,,,
2026-08-28,2026-08-28,CM,NSE,STK,8083,INE491V01019,CROWN,EQ,,,,,CROWN LIFTERS LIMITED,104.06,105.49,101.44,102.70,103.80,105.10,,102.70,,,4747,491821.96,204,F1,1,,,,,
2026-08-28,2026-08-28,CM,NSE,STK,14966,INE679A01013,CSBBANK,EQ,,,,,CSB BANK LIMITED,349.00,350.25,334.90,336.30,338.00,348.80,,336.32,,,585124,200294220.05,16994,F1,1,,,,,
2026-08-28,2026-08-28,CM,NSE,STK,10350,INE718F01018,CSLFINANCE,EQ,,,,,CSL FINANCE LIMITED,230.00,236.00,228.00,230.92,229.99,226.87,,230.42,,,43515,10029030.18,403,F1,1,,,,,
2026-08-28,2026-08-28,CM,NSE,STK,763753,INE0ZK601013,CSM,EQ,,,,,CSM TECHNOLOGIES LIMITED,97.20,98.00,96.61,97.40,97.50,97.14,,97.41,,,40209,3915177.64,808,F1,1,,,,,
2026-08-28,2026-08-28,CM,NSE,STK,15078,INE0NR623014,CUBEINVIT,IV,,,,,CUBE HIGHWAYS TRUST,156.57,157.20,155.87,156.60,156.00,156.57,,156.60,,,832226,130637639.58,3191,F1,1,,,,,
2026-08-28,2026-08-28,CM,NSE,STK,4064,INE144D01012,CUBEXTUB,EQ,,,,,CUBEX TUBINGS LTD,78.29,78.46,76.50,77.41,77.00,76.43,,77.40,,,40364,3120707.51,1850,F1,1,,,,,
2026-08-28,2026-08-28,CM,NSE,STK,1901,INE298A01020,CUMMINSIND,EQ,,,,,CUMMINS INDIA LTD,5215.00,5215.00,5126.00,5193.00,5193.00,5190.00,,5192.70,,,387326,1995502187.00,28413,F1,1,,,,,
2026-08-28,2026-08-28,CM,NSE,STK,18520,INE509F01029,CUPID,EQ,,,,,CUPID LIMITED,278.20,287.94,274.25,282.33,282.28,276.65,,282.34,,,15411651,4354016664.00,139501,F1,1,,,,,
2026-08-28,2026-08-28,CM,NSE,STK,30189,INE117B01020,CURAA,EQ,,,,,CURA TECHNOLOGIES LIMITED,69.00,70.05,69.00,70.05,70.05,69.27,,70.05,,,5,347.10,3,F1,1,,,,,
2026-08-28,2026-08-28,CM,NSE,STK,759825,INE1BZN01016,CURIS,SM,,,,,CURIS LIFESCIENCES LTD,124.80,128.00,124.80,128.00,128.00,124.95,,128.00,,,8000,1018650.00,8,F1,1000,,,,,
2026-08-28,2026-08-28,CM,NSE,STK,758964,INE1CRQ01014,CURRENT,SM,,,,,CURRENT INFRAPROJECTS LTD,96.00,96.00,96.00,96.00,96.00,100.00,,96.00,,,1600,153600.00,1,F1,1600,,,,,
2026-08-28,2026-08-28,CM,NSE,STK,11842,INE278G01037,CYBERMEDIA,EQ,,,,,CYBER MEDIA (INDIA) LTD.,18.42,18.96,17.85,18.78,18.88,18.41,,18.78,,,11469,213148.23,167,F1,1,,,,,
2026-08-28,2026-08-28,CM,NSE,STK,11447,INE075Z01011,CMRSL,SM,,,,,CYBER MEDIA RES & SER LTD,68.00,68.40,68.00,68.40,68.40,68.40,,68.40,,,3200,218560.00,4,F1,800,,,,,
2026-08-28,2026-08-28,CM,NSE,STK,6054,INE214A01019,CYBERTECH,BE,,,,,CYBERTECH SYSTEMS & SOFTW,133.90,135.30,133.01,134.04,134.00,134.57,,134.04,,,9216,1236091.62,134,F1,1,,,,,
2026-08-28,2026-08-28,CM,NSE,STK,17187,INE055S01018,CYIENTDLM,EQ,,,,,CYIENT DLM LIMITED,815.00,836.30,800.00,819.10,820.00,810.40,,819.11,,,817892,669563714.35,42558,F1,1,,,,,
2026-08-28,2026-08-28,CM,NSE,STK,5748,INE136B01020,CYIENT,EQ,,,,,CYIENT LIMITED,1042.05,1114.50,1039.20,1107.45,1111.40,1052.70,,1107.51,,,2503595,2731176052.05,81258,F1,1,,,,,
2026-08-28,2026-08-28,CM,NSE,STK,16902,INE864X01013,DPWIRES,BE,,,,,D P WIRES LIMITED,158.30,159.00,152.05,153.01,156.90,155.20,,153.16,,,4954,764240.56,127,F1,1,,,,,
2026-08-28,2026-08-28,CM,NSE,STK,17851,INE250K01012,DLINKINDIA,EQ,,,,,D-LINK INDIA LTD,439.30,448.90,438.00,443.25,443.20,438.00,,443.25,,,54705,24236350.35,2234,F1,1,,,,,
2026-08-28,2026-08-28,CM,NSE,STK,936,INE266Y01019,DPABHUSHAN,EQ,,,,,D. P. ABHUSHAN LIMITED,1529.90,1548.90,1475.40,1483.00,1486.00,1521.20,,1483.02,,,28136,42322616.80,2895,F1,1,,,,,
2026-08-28,2026-08-28,CM,NSE,STK,17881,INE950I01011,DBCORP,EQ,,,,,D.B.CORP LTD,206.00,206.00,201.92,202.57,202.51,205.17,,202.57,,,41206,8361735.17,1341,F1,1,,,,,
2026-08-28,2026-08-28,CM,NSE,STK,772,INE016A01026,DABUR,EQ,,,,,DABUR INDIA LTD,387.70,387.70,383.10,386.00,386.00,386.20,,385.98,,,1925866,740276249.40,33459,F1,1,,,,,
2026-08-28,2026-08-28,CM,NSE,STK,762633,INE928C01010,DAICHI,EQ,,,,,DAI-ICHI KARKARIA LTD.,325.40,348.00,325.40,344.05,345.00,331.90,,343.99,,,6004,2017552.25,130,F1,1,,,,,
2026-08-28,2026-08-28,CM,NSE,STK,8075,INE00R701025,DALBHARAT,EQ,,,,,DALMIA BHARAT LIMITED,1876.20,1876.20,1832.30,1845.30,1842.40,1876.20,,1845.31,,,72320,133572349.10,13172,F1,1,,,,,
2026-08-28,2026-08-28,CM,NSE,STK,781,INE495A01022,DALMIASUG,EQ,,,,,DALMIA BHARAT SUG IN LTD,478.80,489.75,472.60,477.95,482.55,474.55,,477.92,,,229150,110107966.95,7601,F1,1,,,,,
2026-08-28,2026-08-28,CM,NSE,STK,28662,INE284H01025,DAMCAPITAL,EQ,,,,,DAM CAPITAL ADVISORS LTD,148.97,149.12,146.00,146.27,146.95,149.12,,146.29,,,126736,18629138.69,2141,F1,1,,,,,
2026-08-28,2026-08-28,CM,NSE,STK,17569,INE497D01022,DAMODARIND,BE,,,,,DAMODAR INDUSTRIES LTD,27.26,27.90,27.00,27.25,27.25,27.75,,27.25,,,6645,182039.52,28,F1,1,,,,,
2026-08-28,2026-08-28,CM,NSE,STK,1110,INE688Y01022,DANGEE,EQ,,,,,DANGEE DUMS LIMITED,2.92,2.92,2.79,2.86,2.84,2.87,,2.86,,,56001,159846.15,131,F1,1,,,,,
2026-08-28,2026-08-28,CM,NSE,STK,25927,INE0YU901016,DANISH,SM,,,,,DANISH POWER LIMITED,821.60,855.20,806.65,850.35,855.20,815.90,,850.35,,,29850,24960382.50,162,F1,150,,,,,
2026-08-28,2026-08-28,CM,NSE,STK,757107,INE04Q901010,DCCL,SM,,,,,DAR CREDIT & CAPITAL LTD,44.00,44.50,44.00,44.50,44.50,45.00,,44.50,,,4000,177000.00,2,F1,2000,,,,,
2026-08-28,2026-08-28,CM,NSE,STK,7358,INE0IX101010,DATAPATTNS,EQ,,,,,DATA PATTERNS INDIA LTD,4676.00,4688.90,4608.50,4624.80,4627.00,4666.70,,4624.66,,,302955,1403833192.80,26632,F1,1,,,,,
2026-08-28,2026-08-28,CM,NSE,STK,11423,INE365B01017,DATAMATICS,EQ,,,,,DATAMATICS GLOBAL SER LTD,790.80,809.15,787.65,791.90,788.65,790.80,,791.90,,,54584,43522282.65,3358,F1,1,,,,,
2026-08-28,2026-08-28,CM,NSE,STK,21794,INE179G01029,DAVANGERE,EQ,,,,,DAVANGERE SUGAR COMPANY L,1.95,2.17,1.95,2.09,2.10,2.12,,2.09,,,50635098,104542506.41,11200,F1,1,,,,,
2026-08-28,2026-08-28,CM,NSE,STK,31111,INE921B01025,DBSTOCKBRO,BE,,,,,DB (INT) STOCK BROKERS,28.00,29.97,28.00,29.48,29.97,28.72,,29.41,,,2741,80008.39,43,F1,1,,,,,
2026-08-28,2026-08-28,CM,NSE,STK,11566,INE0A1101019,DCI,EQ,,,,,DC INFOTECH AND COMUN LTD,418.00,464.00,402.00,410.05,411.00,413.85,,410.08,,,1492745,645232896.05,39920,F1,1,,,,,
2026-08-28,2026-08-28,CM,NSE,STK,13725,INE503A01015,DCBBANK,EQ,,,,,DCB BANK LIMITED,217.85,217.85,212.50,212.97,213.00,217.51,,212.97,,,1702351,364504662.72,20293,F1,1,,,,,
2026-08-28,2026-08-28,CM,NSE,STK,23520,INE0S8401018,DCG,SM,,,,,DCG CABLES & WIRES LTD,53.25,54.00,53.00,54.00,54.00,53.25,,54.00,,,4800,255900.00,4,F1,1200,,,,,
2026-08-28,2026-08-28,CM,NSE,STK,4775,INE891B01012,DCMFINSERV,EQ,,,,,DCM FINANCIAL SERVICES LT,5.43,5.62,5.05,5.38,5.30,5.43,,5.39,,,10587,55933.10,63,F1,1,,,,,
2026-08-28,2026-08-28,CM,NSE,STK,7323,INE498A01018,DCM,BE,,,,,DCM LIMITED,80.50,81.40,78.60,78.96,78.60,81.50,,78.97,,,20246,1612198.35,52,F1,1,,,,,
2026-08-28,2026-08-28,CM,NSE,STK,11039,INE08KP01019,DCMNVL,EQ,,,,,DCM NOUVELLE LIMITED,193.99,196.99,188.41,192.85,193.81,190.98,,192.82,,,22211,4279157.61,472,F1,1,,,,,
2026-08-28,2026-08-28,CM,NSE,STK,760893,INE0OFM01015,DSFCL,BE,,,,,DCM SHRIRAM FINE CHEM LTD,26.97,27.24,26.97,27.16,27.16,26.97,,27.28,,,43539,1179728.97,51,F1,1,,,,,
2026-08-28,2026-08-28,CM,NSE,STK,7325,INE843D01027,DCMSRIND,EQ,,,,,DCM SHRIRAM IND LTD,47.11,49.26,46.50,46.98,47.23,46.77,,47.02,,,126969,6042068.49,796,F1,1,,,,,
2026-08-28,2026-08-28,CM,NSE,STK,760896,INE0OU201013,DCMSIL,EQ,,,,,DCM SHRIRAM INTERNATNL L,73.35,75.67,72.81,73.49,74.68,73.26,,73.49,,,50800,3789059.34,304,F1,1,,,,,
2026-08-28,2026-08-28,CM,NSE,STK,811,INE499A01024,DCMSHRIRAM,EQ,,,,,DCM SHRIRAM LIMITED,1025.60,1038.00,1015.10,1022.30,1025.00,1028.40,,1022.27,,,70239,71997870.70,7917,F1,1,,,,,
2026-08-28,2026-08-28,CM,NSE,STK,817,INE500A01029,DCW,EQ,,,,,DCW LTD,45.95,46.90,45.81,46.40,46.39,45.95,,46.40,,,981591,45550849.69,4482,F1,1,,,,,
2026-08-28,2026-08-28,CM,NSE,STK,11895,INE0KL801015,DCXINDIA,EQ,,,,,DCX SYSTEMS LIMITED,173.88,178.89,173.88,177.81,178.02,173.99,,177.81,,,591125,104906587.14,5993,F1,1,,,,,
2026-08-28,2026-08-28,CM,NSE,STK,29098,INE0HR601026,DDEVPLSTIK,EQ,,,,,DDEV PLASTIKS IND LTD,278.70,281.85,277.00,279.05,278.60,278.70,,279.04,,,44046,12247276.95,1299,F1,1,,,,,
2026-08-28,2026-08-28,CM,NSE,STK,15449,INE0JWV01011,DENEERS,SM,,,,,DE NEERS TOOLS LIMITED,173.40,187.85,172.00,174.90,174.95,176.05,,174.90,,,20400,3588240.00,24,F1,600,,,,,
2026-08-28,2026-08-28,CM,NSE,STK,4279,INE244A01016,DENORA,EQ,,,,,DE NORA INDIA LIMITED,831.70,843.25,812.00,830.20,822.45,832.35,,827.78,,,1639,1355622.75,341,F1,1,,,,,
2026-08-28,2026-08-28,CM,NSE,STK,14838,INE583C01021,DECCANCE,EQ,,,,,DECCAN CEMENTS LIMITED,575.00,576.95,567.00,568.75,568.10,575.15,,568.75,,,23021,13177772.05,357,F1,1,,,,,
2026-08-28,2026-08-28,CM,NSE,STK,762638,INE945F01025,DECNGOLD,EQ,,,,,DECCAN GOLD MINES LTD.,230.39,234.49,226.40,227.64,227.87,229.37,,227.66,,,1156406,265739749.23,15166,F1,1,,,,,
2026-08-28,2026-08-28,CM,NSE,STK,25421,INE0S7C01019,DECCANTRAN,SM,,,,,DECCAN TRANSCON LEASING L,20.25,21.70,20.20,21.60,21.60,21.70,,21.60,,,10800,222180.00,9,F1,1200,,,,,
2026-08-28,2026-08-28,CM,NSE,STK,24154,INE841L01016,DEEDEV,EQ,,,,,DEE DEVELOPMENT ENG LTD,643.95,645.00,604.05,606.15,610.95,635.80,,606.22,,,454298,277115070.85,8997,F1,1,,,,,
2026-08-28,2026-08-28,CM,NSE,STK,3292,INE0FHS01024,DEEPINDS,EQ,,,,,DEEP INDUSTRIES LIMITED,666.00,685.25,666.00,674.45,672.00,667.35,,674.47,,,184232,124947112.30,7376,F1,1,,,,,
2026-08-28,2026-08-28,CM,NSE,STK,765055,INE00IY01012,DEEP,EQ,,,,,DEEP POLYMERS LTD.,37.24,37.25,36.06,36.95,36.95,37.44,,36.66,,,3406,124292.34,44,F1,1,,,,,
2026-08-28,2026-08-28,CM,NSE,STK,25894,INE0OPA01027,DBEIL,BE,,,,,DEEPAK BUILDERS & ENG I L,6.67,6.67,6.22,6.39,6.40,6.54,,6.39,,,134357,863668.79,354,F1,1,,,,,
2026-08-28,2026-08-28,CM,NSE,STK,827,INE501A01019,DEEPAKFERT,EQ,,,,,DEEPAK FERTILIZERS & PETR,1464.90,1464.90,1430.00,1436.30,1438.00,1455.30,,1436.28,,,117367,169244912.20,13152,F1,1,,,,,
2026-08-28,2026-08-28,CM,NSE,STK,19943,INE288B01029,DEEPAKNTR,EQ,,,,,DEEPAK NITRITE LTD,1752.80,1787.90,1752.80,1762.90,1766.90,1752.80,,1762.90,,,186904,331373475.80,16787,F1,1,,,,,
2026-08-28,2026-08-28,CM,NSE,STK,22527,INE0SK801018,DELAPLEX,SM,,,,,DELAPLEX LIMITED,105.10,113.80,105.10,111.00,112.00,101.40,,111.00,,,49200,5409120.00,70,F1,600,,,,,
2026-08-28,2026-08-28,CM,NSE,STK,9599,INE148O01028,DELHIVERY,EQ,,,,,DELHIVERY LIMITED,466.70,471.05,460.00,470.20,470.20,466.00,,470.20,,,1426037,664668883.15,51166,F1,1,,,,,
2026-08-28,2026-08-28,CM,NSE,STK,24395,INE726L01027,DELPHIFX,BE,,,,,DELPHI WORLD MONEY LTD,6.64,6.64,6.20,6.42,6.47,6.48,,6.42,,,95789,604561.01,177,F1,1,,,,,
2026-08-28,2026-08-28,CM,NSE,STK,29092,INE0XRN01019,DELTIC,SM,,,,,DELTA AUTOCORP LIMITED,33.50,34.50,33.50,34.50,34.50,34.35,,34.50,,,3000,101800.00,3,F1,1000,,,,,
2026-08-28,2026-08-28,CM,NSE,STK,15044,INE124G01033,DELTACORP,EQ,,,,,DELTA CORP LIMITED,60.14,60.22,59.30,59.43,59.45,59.84,,59.43,,,358522,21371163.43,2505,F1,1,,,,,
2026-08-28,2026-08-28,CM,NSE,STK,1214,INE393A01011,DELTAMAGNT,EQ,,,,,DELTA MANUFACTURING LTD,60.35,60.35,56.10,57.55,57.55,57.22,,57.55,,,587,33619.63,38,F1,1,,,,,
2026-08-28,2026-08-28,CM,NSE,STK,17722,INE947J01015,DEN,EQ,,,,,DEN NETWORKS LTD,28.00,28.65,27.98,28.31,28.25,28.12,,28.31,,,193788,5499474.98,1205,F1,1,,,,,
2026-08-28,2026-08-28,CM,NSE,STK,29256,INE0R4L01018,DENTA,EQ,,,,,DENTA WATER N INFRA SOL L,285.10,287.10,282.20,283.75,284.10,284.50,,283.75,,,54630,15535328.80,1843,F1,1,,,,,
2026-08-28,2026-08-28,CM,NSE,STK,759079,INE0VOV01021,DEVX,EQ,,,,,DEV ACCELERATOR LIMITED,34.67,36.14,34.51,35.92,36.14,34.98,,35.92,,,262973,9285352.28,1310,F1,1,,,,,
2026-08-28,2026-08-28,CM,NSE,STK,8146,INE060X01034,DEVIT,EQ,,,,,DEV INFO TECHNOLOGY LTD,24.99,25.40,24.75,24.91,24.80,24.86,,24.91,,,25314,635709.50,179,F1,1,,,,,
2026-08-28,2026-08-28,CM,NSE,STK,5373,INE872J01023,DEVYANI,EQ,,,,,DEVYANI INTERNATIONAL LTD,146.50,146.79,139.16,139.94,140.45,146.11,,139.91,,,2546557,360631579.08,22984,F1,1,,,,,
2026-08-28,2026-08-28,CM,NSE,STK,764661,INE260R01016,DHABRIYA,BE,,,,,DHABRIYA POLYWOOD LTD.,536.90,555.55,520.00,552.20,550.05,536.90,,552.66,,,11244,6100380.05,284,F1,1,,,,,
2026-08-28,2026-08-28,CM,NSE,STK,10893,INE0I3401014,DBOL,EQ,,,,,DHAMPUR BIO ORGANICS LTD,126.50,130.90,123.78,125.42,126.35,123.34,,125.52,,,362310,46064851.84,5619,F1,1,,,,,
2026-08-28,2026-08-28,CM,NSE,STK,857,INE041A01016,DHAMPURSUG,EQ,,,,,DHAMPUR SUGAR MILLS LTD.,173.00,178.46,171.96,175.23,175.84,170.92,,175.25,,,890434,155740132.07,11082,F1,1,,,,,
2026-08-28,2026-08-28,CM,NSE,STK,11359,INE680A01011,DHANBANK,EQ,,,,,DHANLAXMI BANK LIMITED,32.72,33.00,32.06,32.27,32.30,32.72,,32.27,,,500508,16221922.12,2017,F1,1,,,,,
2026-08-28,2026-08-28,CM,NSE,STK,27723,INE0V9V01010,DHANLAXMI,SM,,,,,DHANLAXMI CROP SCIENCE L,25.05,25.05,25.00,25.00,25.00,25.00,,25.00,,,4000,100100.00,2,F1,2000,,,,,
2026-08-28,2026-08-28,CM,NSE,STK,24415,INE0M3I01029,DHANSA,SM,,,,,DHANSA LABS LIMITED,26.00,26.00,25.95,26.00,26.00,24.80,,26.00,,,28000,727800.00,11,F1,2000,,,,,
2026-08-28,2026-08-28,CM,NSE,STK,24409,INE435G01025,DHANUKA,EQ,,,,,DHANUKA AGRITECH LTD,985.80,999.00,972.20,976.10,979.00,985.80,,976.09,,,27694,27173878.20,4803,F1,1,,,,,
2026-08-28,2026-08-28,CM,NSE,STK,760492,INE2HJL01019,DHARARAIL,ST,,,,,DHARA RAIL PROJECTS LTD,149.95,149.95,149.95,149.95,149.95,149.95,,149.95,,,1000,149950.00,1,F1,1000,,,,,
2026-08-28,2026-08-28,CM,NSE,STK,759203,INE278R01034,DHARAN,BZ,,,,,DHARAN INFRA-EPC LIMITED,0.16,0.17,0.15,0.15,0.16,0.16,,0.18,,,9404338,1499463.51,1132,F1,1,,,,,
2026-08-28,2026-08-28,CM,NSE,STK,24747,INE0YRN01025,DHARIWAL,SM,,,,,DHARIWALCORP LIMITED,19.40,19.70,18.60,19.70,19.70,18.80,,19.70,,,111000,2172300.00,30,F1,3000,,,,,
2026-08-28,2026-08-28,CM,NSE,STK,13001,INE00OQ01016,DHARMAJ,EQ,,,,,DHARMAJ CROP GUARD LTD,270.25,272.35,269.80,270.45,271.85,270.80,,270.38,,,20846,5636854.80,539,F1,1,,,,,
2026-08-28,2026-08-28,CM,NSE,STK,765060,INE715T01031,DHATRE,EQ,,,,,DHATRE UDYOG LTD.,4.42,4.42,4.15,4.24,4.24,4.32,,4.23,,,19182,81310.29,117,F1,1,,,,,
2026-08-28,2026-08-28,CM,NSE,STK,764553,INE01NH01023,DHOOTTRANS,EQ,,,,,DHOOT TRANSMISSION LTD,1509.00,1510.90,1431.25,1454.90,1446.00,1499.85,,1455.23,,,2198048,3224887601.95,83558,F1,1,,,,,
2026-08-28,2026-08-28,CM,NSE,STK,6858,INE506Z01015,DHRUV,EQ,,,,,DHRUV CONSULTANCY SER LTD,24.20,24.47,23.10,23.22,23.21,24.20,,23.22,,,7212,169371.19,121,F1,1,,,,,
2026-08-28,2026-08-28,CM,NSE,STK,22233,INE320L01011,DHUNINV,EQ,,,,,DHUNSERI INVESTMENTS LTD,1050.20,1073.00,1011.85,1026.45,1028.00,1046.50,,1026.45,,,2491,2598317.70,187,F1,1,,,,,
2026-08-28,2026-08-28,CM,NSE,STK,6227,INE341R01014,DTIL,EQ,,,,,DHUNSERI TEA & IND. LTD.,170.99,171.30,165.32,167.09,167.80,173.94,,167.07,,,32402,5443264.81,821,F1,1,,,,,
2026-08-28,2026-08-28,CM,NSE,STK,15214,INE477B01010,DVL,EQ,,,,,DHUNSERI VENTURES LIMITED,291.55,293.14,278.00,279.37,280.25,293.97,,279.43,,,18238,5168791.16,728,F1,1,,,,,
2026-08-28,2026-08-28,CM,NSE,STK,18644,INE591D01014,DIAMINESQ,EQ,,,,,DIAMINES & CHEMICALS LTD,240.80,245.99,240.10,243.27,245.90,244.38,,243.27,,,14898,3622666.41,231,F1,1,,,,,
2026-08-28,2026-08-28,CM,NSE,STK,18545,INE989C01038,DIACABS,BE,,,,,DIAMOND POWER INFRA LTD,342.00,353.00,335.00,349.40,349.95,338.60,,349.44,,,905525,311275329.05,10645,F1,1,,,,,
2026-08-28,2026-08-28,CM,NSE,STK,703,INE303A01010,DICIND,EQ,,,,,DIC INDIA LIMITED,601.10,611.95,598.60,605.60,605.00,601.30,,605.60,,,2697,1632824.70,155,F1,1,,,,,
2026-08-28,2026-08-28,CM,NSE,STK,24313,INE0JRD01019,DTL,SM,,,,,DIENSTEN TECH LIMITED,120.00,120.00,120.00,120.00,120.00,125.00,,120.00,,,1200,144000.00,1,F1,1200,,,,,
2026-08-28,2026-08-28,CM,NSE,STK,25672,INE184O01015,DIFFNKG,EQ,,,,,DIFFUSION ENGINEERS LTD,406.50,419.70,400.25,411.00,412.20,402.55,,410.97,,,75646,30873895.55,1989,F1,1,,,,,
2026-08-28,2026-08-28,CM,NSE,STK,10346,INE03JI01017,DGCONTENT,EQ,,,,,DIGICONTENT LIMITED,24.44,24.97,23.84,23.85,23.84,24.00,,23.84,,,9947,241393.53,52,F1,1,,,,,
2026-08-28,2026-08-28,CM,NSE,STK,21247,INE0PSC01024,DIGIDRIVE,EQ,,,,,DIGIDRIVE DISTRIBUTORS L,17.32,18.00,17.32,17.71,17.60,17.77,,17.71,,,5144,91368.48,99,F1,1,,,,,
2026-08-28,2026-08-28,CM,NSE,STK,19138,INE0QJ901011,DIGIKORE,SM,,,,,DIGIKORE STUDIOS LIMITED,35.70,39.80,30.25,37.55,39.40,35.70,,37.55,,,443600,15194320.00,663,F1,400,,,,,
2026-08-28,2026-08-28,CM,NSE,STK,16683,INE927C01020,DIGISPICE,EQ,,,,,DIGISPICE TECHNOLOGIES LT,16.99,17.72,16.91,17.07,17.00,16.99,,17.07,,,51653,889530.04,248,F1,1,,,,,
2026-08-28,2026-08-28,CM,NSE,STK,757515,INE0U4701011,DIGITIDE,EQ,,,,,DIGITIDE SOLUTIONS LTD,101.85,103.95,98.50,99.46,98.60,102.44,,99.46,,,357370,35928658.75,3466,F1,1,,,,,
2026-08-28,2026-08-28,CM,NSE,STK,6127,INE731U01028,DIGJAMLMTD,EQ,,,,,DIGJAM LTD,53.00,53.48,50.22,51.31,50.70,52.00,,51.29,,,3184,165515.05,64,F1,1,,,,,
2026-08-28,2026-08-28,CM,NSE,STK,641,INE016M01021,DNAMEDIA,EQ,,,,,DILIGENT MEDIA CORP LTD.,2.55,2.75,2.50,2.57,2.55,2.60,,2.56,,,35825,92741.65,153,F1,1,,,,,
2026-08-28,2026-08-28,CM,NSE,STK,18086,INE917M01012,DBL,EQ,,,,,DILIP BUILDCON LIMITED,408.00,411.00,404.45,406.95,410.00,407.55,,406.93,,,71934,29334384.95,2372,F1,1,,,,,
2026-08-28,2026-08-28,CM,NSE,STK,762643,INE131C01011,DISAQ,EQ,,,,,DISA INDIA LTD.,11754.00,12400.00,11734.00,12208.00,12252.00,11590.00,,12207.47,,,819,9836087.00,563,F1,1,,,,,
2026-08-28,2026-08-28,CM,NSE,STK,14537,INE836F01026,DISHTV,EQ,,,,,DISH TV INDIA LTD.,2.72,2.86,2.69,2.82,2.79,2.73,,2.82,,,1605915,4447788.02,1304,F1,1,,,,,
2026-08-28,2026-08-28,CM,NSE,STK,21704,INE385W01011,DCAL,EQ,,,,,DISHMAN CARBO AMCIS LTD,177.22,178.18,173.10,174.77,175.00,177.22,,174.77,,,253662,44479520.84,2440,F1,1,,,,,
2026-08-28,2026-08-28,CM,NSE,STK,14479,INE753U01022,DIVGIITTS,EQ,,,,,DIVGI TORQTRANSFER SYST L,1200.00,1204.05,1156.55,1175.15,1172.40,1195.50,,1175.20,,,114049,133227388.95,8804,F1,1,,,,,
2026-08-28,2026-08-28,CM,NSE,STK,10940,INE361B01024,DIVISLAB,EQ,,,,,DIVI S LABORATORIES LTD,9099.50,9270.00,9080.50,9239.00,9239.00,9060.00,,9240.56,,,773225,7106742836.00,56456,F1,1,,,,,
2026-08-28,2026-08-28,CM,NSE,STK,30262,INE0NA501011,DIVINEHIRA,ST,,,,,DIVINE HIRA JEWELLERS LTD,114.10,118.50,114.10,116.95,117.90,117.75,,116.95,,,13200,1549020.00,11,F1,1200,,,,,
2026-08-28,2026-08-28,CM,NSE,STK,24286,INE0SCO01019,DPEL,SM,,,,,DIVINE POWER ENERGY LTD,572.00,580.00,570.00,572.50,572.00,566.05,,572.50,,,18500,10633850.00,31,F1,500,,,,,
2026-08-28,2026-08-28,CM,NSE,STK,25680,INE0QYI01019,DIVYADHAN,ST,,,,,DIVYADHAN RECYCLING IND L,41.90,41.90,41.90,41.90,41.90,44.10,,41.90,,,2000,83800.00,1,F1,2000,,,,,
2026-08-28,2026-08-28,CM,NSE,STK,21690,INE935N01020,DIXON,EQ,,,,,DIXON TECHNO (INDIA) LTD,14811.00,14920.00,14650.00,14650.00,14650.00,14711.00,,14650.85,,,223996,3317864524.00,32959,F1,1,,,,,
2026-08-28,2026-08-28,CM,NSE,STK,12749,INE0B1K01014,DJML,EQ,,,,,DJ MEDIAPRINT & LOG LTD,72.90,76.08,67.57,72.19,71.11,73.08,,72.27,,,212993,15331028.65,2029,F1,1,,,,,
2026-08-28,2026-08-28,CM,NSE,STK,14732,INE271C01023,DLF,EQ,,,,,DLF LIMITED,680.00,682.95,672.50,679.80,679.80,676.15,,679.79,,,1060004,717998915.60,30945,F1,1,,,,,
2026-08-28,2026-08-28,CM,NSE,STK,6973,INE505A01010,DMCC,EQ,,,,,DMCC SPECIALITY CHEMICALS,277.75,311.95,277.75,301.00,302.00,279.10,,301.00,,,527305,159549987.95,16514,F1,1,,,,,
2026-08-28,2026-08-28,CM,NSE,STK,22533,INE0OGG01015,DHTL,SM,,,,,DOCMODE HEALTH TECH LTD,32.40,32.45,32.40,32.45,32.45,31.35,,32.45,,,1600,51880.00,2,F1,800,,,,,
2026-08-28,2026-08-28,CM,NSE,STK,4822,INE021O01019,DODLA,EQ,,,,,DODLA DAIRY LIMITED,1090.40,1110.90,1075.20,1093.40,1105.10,1090.50,,1093.35,,,53044,57363461.50,3763,F1,1,,,,,
2026-08-28,2026-08-28,CM,NSE,STK,12124,INE966A01022,DOLATALGO,EQ,,,,,DOLAT ALGOTECH LIMITED,74.31,74.31,72.51,72.82,73.45,73.76,,72.86,,,82639,6031117.79,1040,F1,1,,,,,
2026-08-28,2026-08-28,CM,NSE,STK,20560,INE325C01035,DOLLAR,EQ,,,,,DOLLAR INDUSTRIES LIMITED,265.10,271.00,265.00,268.70,270.00,265.25,,268.57,,,73785,19813225.45,1558,F1,1,,,,,
2026-08-28,2026-08-28,CM,NSE,STK,13323,INE0JHH01011,DOLLEX,SM,,,,,DOLLEX AGROTECH LIMITED,34.30,35.80,33.40,35.35,35.80,33.45,,35.35,,,32000,1089600.00,8,F1,4000,,,,,
2026-08-28,2026-08-28,CM,NSE,STK,18139,INE920A01037,DOLPHIN,EQ,,,,,DOLPHIN OFF ENT (IND) L,628.20,640.00,605.35,612.55,611.10,628.20,,612.81,,,47390,29538371.00,1875,F1,1,,,,,
2026-08-28,2026-08-28,CM,NSE,STK,20551,INE321T01012,DOMS,EQ,,,,,DOMS INDUSTRIES LIMITED,2193.00,2214.40,2186.10,2198.90,2205.00,2214.90,,2198.86,,,25988,57263150.80,4637,F1,1,,,,,
2026-08-28,2026-08-28,CM,NSE,STK,13839,INE668D01028,DONEAR,EQ,,,,,DONEAR IND. LIMITED,84.98,85.40,83.95,84.75,84.26,84.46,,84.75,,,10670,900846.87,109,F1,1,,,,,
2026-08-28,2026-08-28,CM,NSE,STK,15423,INE360C01024,DPSCLTD,BE,,,,,DPSC LIMITED,7.26,7.45,7.15,7.19,7.20,7.36,,7.19,,,69930,508041.06,319,F1,1,,,,,
2026-08-28,2026-08-28,CM,NSE,STK,29452,INE943P01029,AGARWALEYE,EQ,,,,,DR AGARWALS HEALTH CARE L,493.15,512.70,489.50,507.80,504.85,496.65,,507.80,,,663188,333293960.05,20205,F1,1,,,,,
2026-08-28,2026-08-28,CM,NSE,STK,762648,INE934C01018,DRAGARWQ,EQ,,,,,DR. AGARWAL'S EYE HOSP L,5229.50,5275.00,5175.50,5245.50,5250.00,5176.50,,5243.29,,,780,4080052.50,294,F1,1,,,,,
2026-08-28,2026-08-28,CM,NSE,STK,11654,INE600L01024,LALPATHLAB,EQ,,,,,DR. LAL PATH LABS LTD.,1938.50,1946.80,1916.10,1931.10,1926.40,1936.40,,1931.09,,,90724,174984951.00,26056,F1,1,,,,,
2026-08-28,2026-08-28,CM,NSE,STK,881,INE089A01031,DRREDDY,EQ,,,,,DR. REDDY S LABORATORIES,1175.00,1186.60,1172.50,1178.00,1178.00,1177.00,,1178.00,,,682712,804686092.30,25106,F1,1,,,,,
2026-08-28,2026-08-28,CM,NSE,STK,2645,INE03RS01027,DRCSYSTEMS,EQ,,,,,DRC SYSTEMS INDIA LIMITED,12.63,12.95,12.63,12.71,12.75,12.79,,12.70,,,37580,479212.34,193,F1,1,,,,,
2026-08-28,2026-08-28,CM,NSE,STK,10859,INE0JS101016,DREAMFOLKS,EQ,,,,,DREAMFOLKS SERVICES LTD,67.99,68.49,66.86,67.06,66.95,67.31,,67.07,,,21252,1431136.44,650,F1,1,,,,,
2026-08-28,2026-08-28,CM,NSE,STK,11271,INE506A01018,DREDGECORP,EQ,,,,,DREDGING CORP OF INDIA,1111.10,1131.80,1108.10,1120.40,1121.50,1115.80,,1120.66,,,131251,147388575.30,6149,F1,1,,,,,
2026-08-28,2026-08-28,CM,NSE,STK,17372,INE0P7201019,DRONE,SM,,,,,DRONE DESTINATION LIMITED,35.50,39.00,34.85,37.95,37.85,35.30,,37.95,,,48000,1782250.00,66,F1,500,,,,,
2026-08-28,2026-08-28,CM,NSE,STK,8772,INE891A01022,DSKULKARNI,BE,,,,,DS KULKARNI DEVELOPERS L,18.31,18.31,18.31,18.31,18.31,17.96,,18.31,,,39,714.09,2,F1,1,,,,,
2026-08-28,2026-08-28,CM,NSE,STK,778,INE055C01020,KEEPLEARN,EQ,,,,,DSJ KEEP LEARNING LTD,1.98,1.98,1.91,1.94,1.98,1.98,,1.94,,,16395,32021.28,76,F1,1,,,,,
2026-08-28,2026-08-28,CM,NSE,STK,1927,INF740KA1EU7,LIQUIDETF,EQ,,,,,DSP LIQUID ETF,1000.00,1000.01,999.99,999.99,1000.00,1000.00,,999.99,,,127637,127636967.10,218,F1,1,,,,,
2026-08-28,2026-08-28,CM,NSE,STK,761364,INF740KA1YH2,BANK10ADD,EQ,,,,,DSPAMC - BANK10ADD,16.95,17.00,16.87,16.95,17.00,17.01,,16.95,,,23809,402447.95,86,F1,1,,,,,
2026-08-28,2026-08-28,CM,NSE,STK,13644,INF740KA1RX3,BANKADD,EQ,,,,,DSPAMC - DSPBANK,59.19,59.19,58.80,58.84,58.91,59.04,,58.84,,,5670,333914.69,61,F1,1,,,,,
2026-08-28,2026-08-28,CM,NSE,STK,15356,INF740KA1ZP2,GOLDADD,EQ,,,,,DSPAMC - DSPGOLD,15.48,15.49,15.09,15.36,15.40,152.98,,15.36,,,2211829,33824738.08,9667,F1,1,,,,,
2026-08-28,2026-08-28,CM,NSE,STK,17207,INF740KA1SX1,ITADD,EQ,,,,,DSPAMC - DSPIT,32.68,33.21,32.65,33.01,33.01,32.19,,33.01,,,69661,2298686.89,1881,F1,1,,,,,
2026-08-28,2026-08-28,CM,NSE,STK,6606,INF740KA1QK2,EQUAL50ADD,EQ,,,,,DSPAMC - DSPNEWETF,345.30,347.12,344.75,345.92,347.12,345.36,,345.92,,,5565,1922520.28,184,F1,1,,,,,
2026-08-28,2026-08-28,CM,NSE,STK,7451,INF740KA1CL0,NIFTYADD,EQ,,,,,DSPAMC - DSPNIFTY,257.25,257.25,253.91,254.81,255.20,254.70,,254.81,,,6550,1668545.87,126,F1,1,,,,,
2026-08-28,2026-08-28,CM,NSE,STK,17616,INF740KA1SY9,PSUBANKADD,EQ,,,,,DSPAMC - DSPPSBKETF,86.90,87.15,86.50,86.88,86.50,87.02,,86.88,,,13408,1164668.93,446,F1,1,,,,,
2026-08-28,2026-08-28,CM,NSE,STK,17576,INF740KA1TA7,PVTBANKADD,EQ,,,,,DSPAMC - DSPPVBKETF,28.19,28.29,28.06,28.15,28.06,28.28,,28.15,,,42848,1205986.65,109,F1,1,,,,,
2026-08-28,2026-08-28,CM,NSE,STK,7456,INF740KA1ZF3,MIDQ50ADD,EQ,,,,,DSPAMC - DSPQ50ETF,25.60,25.66,25.54,25.60,25.62,25.49,,25.60,,,14180,363050.19,86,F1,1,,,,,
2026-08-28,2026-08-28,CM,NSE,STK,17613,INF740KA1SZ6,SENSEXADD,EQ,,,,,DSPAMC - DSPSENXETF,79.46,80.00,79.42,79.45,79.84,80.06,,79.74,,,795,63248.70,24,F1,1,,,,,
2026-08-28,2026-08-28,CM,NSE,STK,10761,INF740KA1ZQ0,SILVERADD,EQ,,,,,DSPAMC - DSPSILVETF,23.97,23.97,22.40,23.21,23.33,228.41,,23.19,,,2029774,46863699.44,7166,F1,1,,,,,
2026-08-28,2026-08-28,CM,NSE,STK,759368,INF740KA1WU9,FLEXIADD,EQ,,,,,DSPAMC - FLEXIADD,10.18,10.27,10.18,10.24,10.25,10.20,,10.24,,,88380,905375.83,182,F1,1,,,,,
2026-08-28,2026-08-28,CM,NSE,STK,763530,INF740KA1ZA4,FMCGADD,EQ,,,,,DSPAMC - FMCGADD,47.47,47.90,46.84,47.33,47.16,47.47,,47.33,,,37492,1762493.44,214,F1,1,,,,,
2026-08-28,2026-08-28,CM,NSE,STK,765310,INF740KA1ZI7,GSEC10ADD,EQ,,,,,DSPAMC - GSEC10ADD,26.66,26.89,26.66,26.89,26.89,26.82,,26.89,,,11,294.64,3,F1,1,,,,,
2026-08-28,2026-08-28,CM,NSE,STK,22592,INF740KA1ZG1,HEALTHADD,EQ,,,,,DSPAMC - HEALTHADD,16.95,16.98,16.85,16.91,16.90,16.87,,16.91,,,38715,654203.04,80,F1,1,,,,,
2026-08-28,2026-08-28,CM,NSE,STK,23407,INF740KA1UM0,LIQUIDADD,EQ,,,,,DSPAMC - LIQUIDADD,1142.55,1142.78,1142.55,1142.56,1142.57,1142.11,,1142.56,,,433741,495576331.16,389,F1,1,,,,,
2026-08-28,2026-08-28,CM,NSE,STK,764428,INF740KA1ZH9,MIDBANKADD,EQ,,,,,DSPAMC - MIDBANKADD,17.29,17.36,17.21,17.22,17.29,17.37,,17.22,,,9277,160104.05,71,F1,1,,,,,
2026-08-28,2026-08-28,CM,NSE,STK,760356,INF740KA1WW5,MIDCAPADD,EQ,,,,,DSPAMC - MIDCAPADD,23.67,23.67,23.52,23.60,23.60,23.56,,23.60,,,1269,29976.07,25,F1,1,,,,,
2026-08-28,2026-08-28,CM,NSE,STK,759978,INF740KA1WV7,MSCIADD,EQ,,,,,DSPAMC - MSCIADD,29.80,29.89,29.73,29.78,29.80,29.90,,29.78,,,1937,57666.23,20,F1,1,,,,,
2026-08-28,2026-08-28,CM,NSE,STK,29464,INF740KA1VE5,NEXT30ADD,EQ,,,,,DSPAMC - NEXT30ADD,43.42,43.42,43.14,43.25,43.39,43.42,,43.25,,,6032,261037.17,57,F1,1,,,,,
2026-08-28,2026-08-28,CM,NSE,STK,760599,INF740KA1XU7,NEXT50ADD,EQ,,,,,DSPAMC - NEXT50ADD,74.84,74.84,74.20,74.47,74.79,75.06,,74.47,,,4376,326165.66,34,F1,1,,,,,
2026-08-28,2026-08-28,CM,NSE,STK,760359,INF740KA1WX3,SMALLADD,EQ,,,,,DSPAMC - SMALLADD,18.54,18.65,18.54,18.63,18.63,18.56,,18.63,,,7883,146721.27,72,F1,1,,,,,
2026-08-28,2026-08-28,CM,NSE,STK,25171,INF740KA1UR9,TOP10ADD,EQ,,,,,DSPAMC - TOP10ADD,88.32,88.35,87.91,88.08,87.91,87.89,,88.08,,,29570,2606225.58,255,F1,1,,,,,
2026-08-28,2026-08-28,CM,NSE,STK,13766,INE0LZO01015,DUCOL,SM,,,,,DUCOL ORGS AND COLOURS LT,110.00,112.00,110.00,111.95,111.95,107.45,,111.95,,,4800,531960.00,6,F1,800,,,,,
2026-08-28,2026-08-28,CM,NSE,STK,28952,INE741L01018,DUCON,EQ,,,,,DUCON INFRATECHNOLOGIES L,2.17,2.17,2.06,2.07,2.07,2.17,,2.07,,,1573568,3301985.40,937,F1,1,,,,,
2026-08-28,2026-08-28,CM,NSE,STK,5457,INE0HPK01020,DUGLOBAL,SM,,,,,DUDIGITAL GLOBAL LIMITED,26.50,28.50,25.95,27.20,28.50,26.80,,27.20,,,7500,202375.00,3,F1,2500,,,,,
2026-08-28,2026-08-28,CM,NSE,STK,24164,INE0OUW01013,DURLAX,SM,,,,,DURLAX TOP SURFACE LTD,68.80,69.00,65.30,66.00,66.00,67.60,,66.00,,,322000,21354000.00,59,F1,2000,,,,,
2026-08-28,2026-08-28,CM,NSE,STK,11667,INE366A01041,DWARKESH,EQ,,,,,DWARIKESH SUGAR IND LTD,51.87,53.89,50.97,51.89,52.41,51.18,,51.89,,,4452694,232915072.69,18049,F1,1,,,,,
2026-08-28,2026-08-28,CM,NSE,STK,25690,INE417B01040,DSSL,EQ,,,,,DYNACONS SYS & SOLN LTD,1081.50,1084.10,1067.00,1069.90,1072.00,1078.00,,1069.85,,,11157,11979588.70,1366,F1,1,,,,,
2026-08-28,2026-08-28,CM,NSE,STK,4525,INE221B01012,DYNAMATECH,EQ,,,,,DYNAMATIC TECHNOLOGIES,11497.00,11615.00,11390.00,11436.00,11485.00,11497.00,,11435.47,,,4340,49796203.00,1838,F1,1,,,,,
2026-08-28,2026-08-28,CM,NSE,STK,10417,INE600Y01019,DYCL,EQ,,,,,DYNAMIC CABLES LIMITED,449.00,491.00,447.20,487.60,489.00,448.25,,487.60,,,2566700,1234275079.55,54805,F1,1,,,,,
2026-08-28,2026-08-28,CM,NSE,STK,6082,INE0DZ701010,DYNAMIC,ST,,,,,DYNAMIC SRVCS & SEC LTD,137.55,138.00,137.55,138.00,138.00,141.00,,138.00,,,1500,206625.00,3,F1,500,,,,,
2026-08-28,2026-08-28,CM,NSE,STK,21314,INE256H01015,DYNPRO,EQ,,,,,DYNEMIC PRODUCTS LIMITED,236.50,236.50,223.10,228.55,228.30,232.40,,228.80,,,18143,4175200.20,803,F1,1,,,,,
2026-08-28,2026-08-28,CM,NSE,STK,19267,INE0KFF01017,EFACTOR,SM,,,,,E FACTOR EXPERIENCES LTD,199.00,200.00,185.05,196.00,196.00,192.00,,196.00,,,5200,1006040.00,13,F1,400,,,,,
2026-08-28,2026-08-28,CM,NSE,STK,760531,INE1CEJ01017,E2ERAIL,SM,,,,,E TO E TRANS INFRA LTD,270.00,285.80,270.00,275.80,278.90,276.40,,275.80,,,33600,9282440.00,41,F1,800,,,,,
2026-08-28,2026-08-28,CM,NSE,STK,8940,INE255Z01027,E2E,BE,,,,,E2E NETWORKS LIMITED,632.00,634.90,599.00,616.40,618.00,618.10,,616.49,,,304250,187438891.75,10158,F1,1,,,,,
2026-08-28,2026-08-28,CM,NSE,STK,765065,INE595R01023,EASTWEST,EQ,,,,,EAST WEST FREIGHT CARRI L,2.46,2.57,2.44,2.49,2.54,2.49,,2.49,,,17311,42911.08,93,F1,1,,,,,
2026-08-28,2026-08-28,CM,NSE,STK,9769,INE962C01035,EASTSILK,BE,,,,,EASTERN SILK INDUSTRIES L,59.58,65.40,59.58,64.99,64.99,62.71,,65.05,,,270,17578.75,11,F1,1,,,,,
2026-08-28,2026-08-28,CM,NSE,STK,2792,INE07O001026,EASEMYTRIP,EQ,,,,,EASY TRIP PLANNERS LTD,6.11,6.18,6.06,6.12,6.13,6.10,,6.12,,,8588475,52656331.31,4785,F1,1,,,,,
2026-08-28,2026-08-28,CM,NSE,STK,765070,INE432F01032,EBIX,EQ,,,,,EBIX LIMITED,22.39,22.39,20.98,21.69,21.51,21.50,,21.71,,,108719,2359643.74,302,F1,1,,,,,
2026-08-28,2026-08-28,CM,NSE,STK,759975,INE528S07128,925ECL28,N2,,,,,ECL 9.25% 2028 SR VI,1013.10,1013.10,1013.10,1013.10,1013.10,1003.00,,1013.10,,,5,5065.50,1,F1,1,,,,,
2026-08-28,2026-08-28,CM,NSE,STK,15179,INE738I01010,ECLERX,EQ,,,,,ECLERX SERVICES LTD,1938.90,1998.00,1930.00,1955.50,1945.00,1940.90,,1955.13,,,188636,370310579.20,20551,F1,1,,,,,
2026-08-28,2026-08-28,CM,NSE,STK,764663,INE316A01038,ECORECO,EQ,,,,,ECO RECYCLING LTD.,457.70,470.00,451.50,467.65,470.00,459.95,,467.76,,,9337,4290009.85,607,F1,1,,,,,
2026-08-28,2026-08-28,CM,NSE,STK,759964,INE0VBS01016,ECOLINE,ST,,,,,ECOLINE EXIM LIMITED,176.45,181.00,176.45,180.65,181.00,182.00,,180.65,,,7000,1260350.00,5,F1,1000,,,,,
2026-08-28,2026-08-28,CM,NSE,STK,25062,INE06HJ01020,ECOSMOBLTY,BE,,,,,ECOS (INDIA) MOB & HOSP L,112.80,114.90,112.80,113.39,113.20,114.09,,113.39,,,28130,3205918.11,317,F1,1,,,,,
2026-08-28,2026-08-28,CM,NSE,STK,7196,INF754K01OB1,BBETF0432,EQ,,,,,EDELAMC - BBETF0432,1356.02,1356.02,1341.66,1342.48,1342.01,1343.23,,1342.48,,,2622,3521490.55,54,F1,1,,,,,
2026-08-28,2026-08-28,CM,NSE,STK,764378,INF754K01XH9,EBANK10,EQ,,,,,EDELAMC - EBANK10,16.70,17.00,16.70,16.75,16.98,16.94,,16.75,,,126,2111.50,4,F1,1,,,,,
2026-08-28,2026-08-28,CM,NSE,STK,25258,INF754K01TE4,EBANKNIFTY,EQ,,,,,EDELAMC - EBANKNIFTY,58.56,58.56,57.76,58.13,58.14,58.27,,58.13,,,2684,155621.87,21,F1,1,,,,,
2026-08-28,2026-08-28,CM,NSE,STK,16253,INF754K01KO2,EBBETF0430,EQ,,,,,EDELAMC - EBBETF0430,1610.90,1610.90,1600.17,1605.93,1604.50,1606.16,,1605.93,,,30958,49710674.06,289,F1,1,,,,,
2026-08-28,2026-08-28,CM,NSE,STK,22239,INF754K01LE1,EBBETF0431,EQ,,,,,EDELAMC - EBBETF0431,1430.02,1437.28,1430.01,1432.21,1432.02,1432.87,,1432.21,,,8631,12352857.29,62,F1,1,,,,,
2026-08-28,2026-08-28,CM,NSE,STK,13139,INF754K01QX0,EBBETF0433,EQ,,,,,EDELAMC - EBBETF0433,1310.98,1313.00,1310.98,1311.60,1311.60,1310.98,,1311.67,,,1034,1356349.94,66,F1,1,,,,,
2026-08-28,2026-08-28,CM,NSE,STK,29019,INF754K01TX4,ECAPINSURE,EQ,,,,,EDELAMC - ECAPINSURE,24.38,24.64,24.06,24.24,24.31,24.45,,24.24,,,30336,734908.66,288,F1,1,,,,,
2026-08-28,2026-08-28,CM,NSE,STK,19933,INF754K01SE6,EGOLD,EQ,,,,,EDELAMC - EGOLD,157.15,158.15,156.20,158.10,158.00,157.15,,158.10,,,46623,7348387.75,503,F1,1,,,,,
2026-08-28,2026-08-28,CM,NSE,STK,759466,INF754K01VW2,ELIQUID,EQ,,,,,EDELAMC - ELIQUID,1045.73,1045.75,1045.73,1045.75,1045.75,1045.32,,1045.75,,,2494,2608072.78,9,F1,1,,,,,
2026-08-28,2026-08-28,CM,NSE,STK,758952,INF754K01VV4,ELM250,EQ,,,,,EDELAMC - ELM250,16.82,16.90,16.75,16.88,16.76,16.83,,16.88,,,97601,1646694.44,171,F1,1,,,,,
2026-08-28,2026-08-28,CM,NSE,STK,764367,INF754K01XI7,ELMDIV,EQ,,,,,EDELAMC - ELMDIV,37.34,37.34,36.65,36.65,36.65,36.95,,36.65,,,563,20729.00,15,F1,1,,,,,
2026-08-28,2026-08-28,CM,NSE,STK,764288,INF754K01XG1,EMETAL,EQ,,,,,EDELAMC - EMETAL,13.63,13.63,13.42,13.53,13.54,13.30,,13.53,,,15808,213132.68,42,F1,1,,,,,
2026-08-28,2026-08-28,CM,NSE,STK,25996,INF754K01TF1,EMULTIMQ,EQ,,,,,EDELAMC - EMULTIMQ,42.60,42.60,42.05,42.20,42.58,42.39,,42.20,,,27075,1149934.42,126,F1,1,,,,,
2026-08-28,2026-08-28,CM,NSE,STK,763540,INF754K01XF3,ENEXT50,EQ,,,,,EDELAMC - ENEXT50,75.15,75.80,73.99,74.00,74.00,74.78,,74.00,,,1292,95622.95,25,F1,1,,,,,
2026-08-28,2026-08-28,CM,NSE,STK,759998,INF754K01VX0,ENIFTY,EQ,,,,,EDELAMC - ENIFTY,24.37,24.43,24.29,24.35,24.36,24.37,,24.35,,,1045,25448.85,49,F1,1,,,,,
2026-08-28,2026-08-28,CM,NSE,STK,759995,INF754K01VY8,ESENSEX,EQ,,,,,EDELAMC - ESENSEX,77.97,78.09,77.67,77.96,77.96,78.13,,77.96,,,163,12696.11,12,F1,1,,,,,
2026-08-28,2026-08-28,CM,NSE,STK,20257,INF754K01SF3,ESILVER,EQ,,,,,EDELAMC - ESILVER,237.00,241.88,236.02,240.20,240.10,236.99,,240.20,,,192609,46238282.24,3207,F1,1,,,,,
2026-08-28,2026-08-28,CM,NSE,STK,15119,INE532F01054,EDELWEISS,EQ,,,,,EDELWEISS FIN SERV LTD,125.01,127.70,124.07,125.42,125.36,124.61,,125.42,,,3373693,424497747.09,25777,F1,1,,,,,
2026-08-28,2026-08-28,CM,NSE,STK,758675,INE886D01026,EFCIL,EQ,,,,,EFC (I) LIMITED,200.31,202.90,196.81,202.26,202.00,198.72,,202.26,,,162859,32634463.52,4647,F1,1,,,,,
2026-08-28,2026-08-28,CM,NSE,STK,24438,INE0U9101019,EFFWA,ST,,,,,EFFWA INFRA & RESEARCH L,310.10,323.30,304.00,305.35,307.00,315.80,,305.35,,,28400,8835980.00,45,F1,400,,,,,
2026-08-28,2026-08-28,CM,NSE,STK,910,INE066A01021,EICHERMOT,EQ,,,,,EICHER MOTORS LTD,8140.00,8140.00,8003.00,8059.00,8059.00,8100.00,,8059.00,,,337007,2715967306.50,35904,F1,1,,,,,
2026-08-28,2026-08-28,CM,NSE,STK,916,INE126A01031,EIDPARRY,EQ,,,,,EID PARRY INDIA LTD,801.95,818.20,800.00,805.30,806.00,795.30,,805.30,,,567851,459197191.40,24645,F1,1,,,,,
2026-08-28,2026-08-28,CM,NSE,STK,15399,INE276C01014,EIHAHOTELS,EQ,,,,,EIH ASSOCIATED HOTELS LTD,302.55,302.55,299.00,301.80,302.00,302.55,,301.80,,,6180,1860514.55,247,F1,1,,,,,
2026-08-28,2026-08-28,CM,NSE,STK,919,INE230A01023,EIHOTEL,EQ,,,,,EIH LIMITED,302.15,302.15,296.35,297.80,297.95,300.05,,297.82,,,52017,15549895.05,3114,F1,1,,,,,
2026-08-28,2026-08-28,CM,NSE,STK,4040,INE158B01016,EIMCOELECO,EQ,,,,,EIMCO ELECON (INDIA) LTD,2225.50,2232.50,2182.10,2196.10,2197.00,2211.20,,2196.90,,,14369,31693117.20,2454,F1,1,,,,,
2026-08-28,2026-08-28,CM,NSE,STK,764668,INE0CPR01018,EKI,EQ,,,,,EKI ENERGY SERVICES LTD,74.75,77.98,73.00,74.21,75.10,77.24,,74.30,,,23089,1730904.85,460,F1,1,,,,,
2026-08-28,2026-08-28,CM,NSE,STK,762653,INE280B01018,ELANTAS,EQ,,,,,ELANTAS BECK INDIA LTD.,11690.00,11700.00,11404.00,11475.00,11500.00,11583.50,,11477.97,,,927,10671699.50,287,F1,1,,,,,
2026-08-28,2026-08-28,CM,NSE,STK,762658,INE927X01018,ELCIDIN,EQ,,,,,ELCID INVESTMENTS LTD.,109900.00,109900.00,106000.00,109000.00,109000.00,109130.00,,108101.50,,,5,541685.00,5,F1,1,,,,,
2026-08-28,2026-08-28,CM,NSE,STK,8953,INE668G01021,ELDEHSG,EQ,,,,,ELDECO HSG & IND LTD.,809.75,823.65,787.50,799.20,792.35,781.80,,799.20,,,1453,1175257.85,115,F1,1,,,,,
2026-08-28,2026-08-28,CM,NSE,STK,13643,INE205B01031,ELECON,EQ,,,,,ELECON ENG. CO. LTD,423.25,428.65,420.05,425.25,426.30,423.25,,425.22,,,259116,110183113.75,11941,F1,1,,,,,
2026-08-28,2026-08-28,CM,NSE,STK,20899,INE0Q1W01012,EFORCE,SM,,,,,ELECTRO FORCE (INDIA) LTD,21.30,21.30,20.85,20.85,20.85,21.45,,20.85,,,2400,50580.00,2,F1,1200,,,,,
2026-08-28,2026-08-28,CM,NSE,STK,11530,INE02YR01019,EMIL,EQ,,,,,ELECTRONICS MART IND LTD,178.00,181.00,176.20,177.35,176.50,178.99,,177.35,,,724327,129169013.12,9310,F1,1,,,,,
2026-08-28,2026-08-28,CM,NSE,STK,928,INE086A01029,ELECTCAST,EQ,,,,,ELECTROSTEEL CASTINGS LTD,79.00,82.40,78.84,81.50,81.30,78.99,,81.50,,,3779745,305857760.69,18271,F1,1,,,,,
2026-08-28,2026-08-28,CM,NSE,STK,4469,INE822G01016,ELECTHERM,EQ,,,,,ELECTROTHERM (I) LTD.,1031.80,1034.80,1012.90,1016.10,1019.90,1032.90,,1016.10,,,9988,10241435.10,383,F1,1,,,,,
2026-08-28,2026-08-28,CM,NSE,STK,29595,INE0R9101015,ELGNZ,SM,,,,,ELEGANZ INTERIORS LIMITED,93.05,97.60,93.05,94.70,94.25,95.15,,94.70,,,11000,1046800.00,9,F1,1000,,,,,
2026-08-28,2026-08-28,CM,NSE,STK,937,INE285A01027,ELGIEQUIP,EQ,,,,,ELGI EQUIPMENTS LTD,599.90,631.00,596.00,628.85,627.50,599.25,,628.84,,,1169585,722521682.35,29262,F1,1,,,,,
2026-08-28,2026-08-28,CM,NSE,STK,24924,INE819L01012,ELGIRUBCO,EQ,,,,,ELGI RUBBER CO. LTD,59.50,63.60,57.50,60.94,60.55,58.16,,60.94,,,134200,8171937.46,2225,F1,1,,,,,
2026-08-28,2026-08-28,CM,NSE,STK,13423,INE050401020,ELIN,EQ,,,,,ELIN ELECTRONICS LIMITED,101.39,106.75,100.55,104.88,103.72,100.64,,104.89,,,965462,100382611.91,8830,F1,1,,,,,
2026-08-28,2026-08-28,CM,NSE,STK,762663,INE669R01026,ELITECON,EQ,,,,,ELITECON INTERNATIONAL L,11.20,11.20,11.20,11.20,11.20,11.78,,11.20,,,1116613,12506065.60,3079,F1,1,,,,,
2026-08-28,2026-08-28,CM,NSE,STK,758563,INE236E01022,ELLEN,EQ,,,,,ELLENBARRIE INDUS GASES L,330.80,332.60,319.00,319.80,319.60,325.80,,319.80,,,277761,89716302.85,5538,F1,1,,,,,
2026-08-28,2026-08-28,CM,NSE,STK,4471,INE579B01039,ELPROINTL,EQ,,,,,ELPRO INTERNATIONAL LTD,175.01,175.87,174.29,174.71,175.00,173.21,,174.67,,,7211,1260371.80,132,F1,1,,,,,
2026-08-28,2026-08-28,CM,NSE,STK,29229,INE0ZOL01023,EMAPARTNER,SM,,,,,EMA PARTNERS INDIA LTD,92.90,92.90,87.05,88.00,87.05,85.40,,88.00,,,6000,532050.00,6,F1,1000,,,,,
2026-08-28,2026-08-28,CM,NSE,STK,13517,INE548C01032,EMAMILTD,EQ,,,,,EMAMI LIMITED,388.00,388.55,378.30,379.40,381.00,387.70,,379.40,,,1065144,407642364.30,29906,F1,1,,,,,
2026-08-28,2026-08-28,CM,NSE,STK,10084,INE830C01026,EMAMIPAP,BE,,,,,EMAMI PAPER MILLS LIMITED,118.00,118.00,112.45,114.24,115.05,120.38,,114.55,,,35350,4059964.83,299,F1,1,,,,,
2026-08-28,2026-08-28,CM,NSE,STK,19277,INE778K01012,EMAMIREAL,EQ,,,,,EMAMI REALTY LIMITED,68.99,70.90,67.10,70.16,70.48,67.57,,70.07,,,10252,719495.62,337,F1,1,,,,,
2026-08-28,2026-08-28,CM,NSE,STK,14450,INE069I01010,EMBDL,EQ,,,,,EMBASSY DEVELOPMENTS LTD,62.39,64.34,62.39,62.78,62.77,62.16,,62.78,,,2970745,188469699.50,13459,F1,1,,,,,
2026-08-28,2026-08-28,CM,NSE,STK,9383,INE041025011,EMBASSY,RR,,,,,EMBASSY OFFICE PARKS REIT,437.99,439.50,435.86,437.22,436.95,437.19,,437.22,,,438338,192016984.26,17959,F1,1,,,,,
2026-08-28,2026-08-28,CM,NSE,STK,24398,INE168P01015,EMCURE,EQ,,,,,EMCURE PHARMACEUTICALS L,1878.90,1893.00,1850.00,1869.40,1866.00,1878.40,,1869.51,,,133174,248693449.40,21731,F1,1,,,,,
2026-08-28,2026-08-28,CM,NSE,STK,27629,INE0RHD01013,ETML,SM,,,,,EMERALD TYRE MANUF LTD,80.05,82.00,79.40,81.70,81.70,82.85,,81.70,,,9600,778740.00,7,F1,1200,,,,,
2026-08-28,2026-08-28,CM,NSE,STK,13421,INE296H01011,EMKAY,EQ,,,,,EMKAY GLOBAL FIN SERV LTD,239.00,259.90,239.00,251.59,251.00,239.73,,251.57,,,77078,19352727.69,2777,F1,1,,,,,
2026-08-28,2026-08-28,CM,NSE,STK,10253,INE332S01011,EMKAYTOOLS,SM,,,,,EMKAY TAP & CUT. TOOL LTD,95.75,99.00,94.20,94.20,94.20,96.80,,94.20,,,1500,145732.50,6,F1,150,,,,,
2026-08-28,2026-08-28,CM,NSE,STK,758591,INE0PXC01024,ETL,SM,,,,,EMKAY TOOLS LIMITED,1060.00,1120.00,1012.10,1104.00,1120.00,1063.80,,1104.00,,,2700,2911440.00,15,F1,150,,,,,
2026-08-28,2026-08-28,CM,NSE,STK,18146,INE753K01015,EMMBI,BE,,,,,EMMBI INDUSTRIES LIMITED,82.47,86.50,81.24,86.00,86.00,82.40,,86.00,,,11633,980852.14,97,F1,1,,,,,
2026-08-28,2026-08-28,CM,NSE,STK,759728,INE1C6T01020,EMMVEE,EQ,,,,,EMMVEE PHOTOVOLTAIC PWR L,327.30,331.00,322.75,324.10,324.65,327.30,,324.08,,,737469,239107476.50,17520,F1,1,,,,,
2026-08-28,2026-08-28,CM,NSE,STK,764673,INE515H01014,EMPIND,EQ,,,,,EMPIRE INDUSTRIES LTD.,1248.00,1248.00,1209.00,1214.20,1215.00,1212.70,,1214.32,,,3295,4006454.10,266,F1,1,,,,,
2026-08-28,2026-08-28,CM,NSE,STK,762670,INE507F01023,EMPOWER,EQ,,,,,EMPOWER INDIA LTD.,2.12,2.12,2.12,2.12,2.12,2.23,,2.12,,,1655980,3510677.60,1077,F1,1,,,,,
2026-08-28,2026-08-28,CM,NSE,STK,18593,INE0OV601013,EMSLIMITED,EQ,,,,,EMS LIMITED,383.00,383.70,376.55,377.85,378.40,381.10,,377.81,,,86423,32715825.15,2783,F1,1,,,,,
2026-08-28,2026-08-28,CM,NSE,STK,9756,INE01QM01018,EMUDHRA,EQ,,,,,EMUDHRA LIMITED,559.25,564.00,550.40,559.65,555.15,559.25,,559.65,,,121659,67885390.35,4329,F1,1,,,,,
2026-08-28,2026-08-28,CM,NSE,STK,760321,INE433T01015,ENCOMPAS,SM,,,,,ENCOMPASS DESIGN INDIA L,251.15,251.15,250.00,251.00,251.00,248.05,,251.00,,,14800,3714520.00,5,F1,400,,,,,
2026-08-28,2026-08-28,CM,NSE,STK,18822,INE913H01037,ENDURANCE,EQ,,,,,ENDURANCE TECHNO. LTD.,2945.80,2985.00,2913.60,2929.20,2943.90,2944.80,,2929.19,,,119626,351145776.40,14858,F1,1,,,,,
2026-08-28,2026-08-28,CM,NSE,STK,15049,INE306C01019,ENERGYDEV,EQ,,,,,ENERGY DEVE. CO.LTD,16.13,16.39,16.00,16.06,16.00,16.13,,16.08,,,19571,316501.78,250,F1,1,,,,,
2026-08-28,2026-08-28,CM,NSE,STK,23745,INE0S1L01013,EMMIL,SM,,,,,ENERGY MISSION MACH IND L,124.00,130.00,123.00,130.00,130.00,124.00,,130.00,,,4500,569125.00,13,F1,250,,,,,
2026-08-28,2026-08-28,CM,NSE,STK,23224,INE0S3X01014,ENFUSE,SM,,,,,ENFUSE SOLUTIONS LIMITED,160.00,160.00,160.00,160.00,160.00,161.00,,160.00,,,600,96000.00,1,F1,600,,,,,
2026-08-28,2026-08-28,CM,NSE,STK,4907,INE510A01028,ENGINERSIN,EQ,,,,,ENGINEERS INDIA LTD,247.50,254.59,246.76,253.72,254.00,246.96,,253.73,,,4342151,1096502818.65,63553,F1,1,,,,,
2026-08-28,2026-08-28,CM,NSE,STK,764678,INE130L01014,ENKEIWHEL,EQ,,,,,ENKEI WHEELS (INDIA) LTD.,396.00,400.00,385.00,400.00,400.00,396.95,,403.90,,,8474,3356169.85,45,F1,1,,,,,
2026-08-28,2026-08-28,CM,NSE,STK,23230,INE0R9I01021,ENSER,SM,,,,,ENSER COMMUNICATIONS LTD,15.30,15.30,14.50,14.90,15.30,15.20,,14.90,,,80000,1203750.00,16,F1,5000,,,,,
2026-08-28,2026-08-28,CM,NSE,STK,22717,INE010601016,ENTERO,EQ,,,,,ENTERO HEALTHCARE SOLU L,1749.60,1838.00,1745.20,1808.60,1807.00,1753.50,,1808.64,,,815739,1475730749.50,51329,F1,1,,,,,
2026-08-28,2026-08-28,CM,NSE,STK,13192,INE265F01028,ENIL,EQ,,,,,ENTERTAIN NET. IND. LTD.,104.98,108.23,103.00,104.89,104.02,104.41,,104.89,,,20428,2166399.81,704,F1,1,,,,,
2026-08-28,2026-08-28,CM,NSE,STK,27213,INE0LLY01014,EIEL,EQ,,,,,ENVIRO INFRA ENGINEERS L,201.80,201.80,197.80,199.23,199.20,201.04,,199.23,,,296099,58898260.45,5702,F1,1,,,,,
2026-08-28,2026-08-28,CM,NSE,STK,25412,INE0SUH01015,ENVIRO,SM,,,,,ENVIROTECH SYSTEMS LTD,69.00,71.80,68.10,70.95,71.00,69.95,,70.95,,,10000,705600.00,9,F1,1000,,,,,
2026-08-28,2026-08-28,CM,NSE,STK,22463,INE0G5901015,EPACK,EQ,,,,,EPACK DURABLE LIMITED,196.75,197.50,190.98,191.95,192.95,196.86,,191.96,,,829652,160011447.22,11692,F1,1,,,,,
2026-08-28,2026-08-28,CM,NSE,STK,759251,INE0MLS01022,EPACKPEB,EQ,,,,,EPACK PREFAB TECHN LTD,233.95,233.95,218.80,225.65,226.55,233.95,,225.64,,,394792,90167590.10,5160,F1,1,,,,,
2026-08-28,2026-08-28,CM,NSE,STK,5382,INE071N01016,EPIGRAL,EQ,,,,,EPIGRAL LIMITED,1206.40,1241.00,1204.00,1232.80,1235.00,1206.40,,1232.76,,,51366,62905190.70,5833,F1,1,,,,,
2026-08-28,2026-08-28,CM,NSE,STK,981,INE255A01020,EPL,EQ,,,,,EPL LIMITED,252.80,259.20,247.45,251.94,252.00,252.80,,251.94,,,1428390,361337902.27,21441,F1,1,,,,,
2026-08-28,2026-08-28,CM,NSE,STK,758346,INE11HF01010,EEPL,SM,,,,,EPPELTONE ENGINEERS LTD,152.50,156.50,150.00,154.10,152.50,152.80,,154.10,,,43000,6598600.00,43,F1,1000,,,,,
2026-08-28,2026-08-28,CM,NSE,STK,761217,INE1KEC01023,EPWINDIA,ST,,,,,EPW INDIA LIMITED,256.00,256.00,255.00,255.00,255.00,265.00,,255.00,,,3600,919200.00,3,F1,1200,,,,,
2026-08-28,2026-08-28,CM,NSE,STK,3553,INE217G01035,EQUIPPP,BE,,,,,EQUIPPP SOC IMP TECH LTD,23.07,23.68,22.21,23.40,23.40,23.18,,23.40,,,5303,123782.30,16,F1,1,,,,,
2026-08-28,2026-08-28,CM,NSE,STK,913,INE063P01018,EQUITASBNK,EQ,,,,,EQUITAS SMALL FIN BNK LTD,74.17,74.50,73.49,73.90,74.10,74.17,,74.07,,,898730,66449823.07,10111,F1,1,,,,,
2026-08-28,2026-08-28,CM,NSE,STK,21154,INE406M01024,ERIS,EQ,,,,,ERIS LIFESCIENCES LIMITED,1310.00,1325.10,1295.00,1314.80,1325.00,1312.20,,1314.84,,,86138,112734035.70,11490,F1,1,,,,,
2026-08-28,2026-08-28,CM,NSE,STK,955,INE284A01012,ESABINDIA,EQ,,,,,ESAB INDIA LTD,6112.00,6216.00,6039.00,6162.00,6151.00,6095.50,,6162.65,,,5270,32279522.00,2214,F1,1,,,,,
2026-08-28,2026-08-28,CM,NSE,STK,19884,INE818W01011,ESAFSFB,BE,,,,,ESAF SMALL FINANCE BANK L,44.38,44.99,43.80,44.71,44.76,43.97,,44.71,,,493495,22057800.89,2017,F1,1,,,,,
2026-08-28,2026-08-28,CM,NSE,STK,22764,INE0RQZ01017,ESCONET,SM,,,,,ESCONET TECHNOLOGIES LTD,182.10,199.00,180.00,198.20,198.80,186.05,,198.20,,,29600,5643380.00,60,F1,400,,,,,
2026-08-28,2026-08-28,CM,NSE,STK,958,INE042A01014,ESCORTS,EQ,,,,,ESCORTS KUBOTA LIMITED,2974.10,3056.20,2974.00,3015.50,3008.80,2974.10,,3015.49,,,65907,199225510.50,13016,F1,1,,,,,
2026-08-28,2026-08-28,CM,NSE,STK,24678,INE0SBP01018,ESPRIT,SM,,,,,ESPRIT STONES LIMITED,67.95,67.95,64.75,64.75,64.75,66.25,,64.75,,,6400,423920.00,4,F1,1600,,,,,
2026-08-28,2026-08-28,CM,NSE,STK,25634,INE122M01019,ESSARSHPNG,EQ,,,,,ESSAR SHIPPING LTD,16.79,17.29,16.62,16.77,16.80,16.79,,16.77,,,153219,2594236.19,511,F1,1,,,,,
2026-08-28,2026-08-28,CM,NSE,STK,17084,INE0ITO01014,ESFL,SM,,,,,ESSEN SPECIALITY FILMS L,119.25,124.45,119.25,123.40,122.25,120.95,,123.40,,,18720,2267244.00,38,F1,360,,,,,
2026-08-28,2026-08-28,CM,NSE,STK,24265,INE778B01029,ESTER,EQ,,,,,ESTER INDUSTRIES LTD,93.14,94.47,93.01,93.73,93.90,93.00,,93.73,,,41734,3909713.20,795,F1,1,,,,,
2026-08-28,2026-08-28,CM,NSE,STK,5097,INE758T01015,ETERNAL,EQ,,,,,ETERNAL LIMITED,329.10,330.00,324.30,328.00,328.00,328.50,,328.00,,,31385139,10277203991.10,156665,F1,1,,,,,
2026-08-28,2026-08-28,CM,NSE,STK,9750,INE04TZ01018,ETHOSLTD,EQ,,,,,ETHOS LIMITED,2883.20,2910.00,2850.20,2875.10,2895.00,2891.00,,2875.22,,,18140,52348744.60,3573,F1,1,,,,,
2026-08-28,2026-08-28,CM,NSE,STK,25162,INE0KCE01017,EUREKAFORB,EQ,,,,,EUREKA FORBES LIMITED,433.50,440.30,426.00,427.75,428.00,433.15,,427.81,,,101179,44005755.00,5591,F1,1,,,,,
2026-08-28,2026-08-28,CM,NSE,STK,6042,INE546V01010,EIFFL,BE,,,,,EURO (I) FRESH FOODS LTD,300.00,305.10,293.55,301.95,301.95,295.20,,301.95,,,2548,761779.90,76,F1,1,,,,,
2026-08-28,2026-08-28,CM,NSE,STK,757953,INE505V01016,EUROBOND,EQ,,,,,EURO PANEL PRODUCTS LTD,155.00,155.00,148.00,150.32,150.55,151.24,,150.32,,,21463,3229880.39,193,F1,1,,,,,
2026-08-28,2026-08-28,CM,NSE,STK,759797,INE198501012,EUROPRATIK,EQ,,,,,EURO PRATIK SALES LIMITED,255.00,258.60,253.15,257.45,257.20,254.05,,257.46,,,191858,49375973.45,1670,F1,1,,,,,
2026-08-28,2026-08-28,CM,NSE,STK,11782,INE128A01029,EVEREADY,EQ,,,,,EVEREADY INDS. IND.  LTD.,342.70,345.10,335.60,337.10,337.00,342.70,,337.09,,,61683,20864796.40,1765,F1,1,,,,,
2026-08-28,2026-08-28,CM,NSE,STK,6017,INE295A01018,EVERESTIND,BE,,,,,EVEREST INDUSTRIES LTD,428.55,439.00,425.00,434.75,438.00,435.10,,434.75,,,3547,1531729.75,99,F1,1,,,,,
2026-08-28,2026-08-28,CM,NSE,STK,13091,INE184H01027,EKC,EQ,,,,,EVEREST KANTO CYLINDERLTD,109.00,109.92,108.50,108.87,109.50,109.16,,108.89,,,66898,7292485.11,1164,F1,1,,,,,
2026-08-28,2026-08-28,CM,NSE,STK,11471,INE369A01029,EXCELINDUS,EQ,,,,,EXCEL INDUSTRIES LTD,1046.00,1048.50,1025.20,1030.85,1025.20,1041.60,,1030.84,,,7207,7463655.75,674,F1,1,,,,,
2026-08-28,2026-08-28,CM,NSE,STK,25327,INE0Y4801011,EXCELLENT,ST,,,,,EXCELLENT WIRES N PACK L,210.00,216.00,204.00,210.00,210.00,214.00,,210.00,,,8000,1680000.00,5,F1,1600,,,,,
2026-08-28,2026-08-28,CM,NSE,STK,760007,INE606N01019,EXCELSOFT,EQ,,,,,EXCELSOFT TECHNOLOGIES L,72.00,72.00,70.90,71.03,71.22,71.53,,71.03,,,139173,9924790.23,1246,F1,1,,,,,
2026-08-28,2026-08-28,CM,NSE,STK,22947,INE777F01014,EXICOM,EQ,,,,,EXICOM TELE SYSTEMS LTD,156.15,171.39,156.15,167.93,169.00,156.14,,167.93,,,5278089,885110913.42,47574,F1,1,,,,,
2026-08-28,2026-08-28,CM,NSE,STK,676,INE302A01020,EXIDEIND,EQ,,,,,EXIDE INDUSTRIES LTD,438.05,457.90,437.75,444.60,443.50,437.75,,444.61,,,6027670,2711319063.00,80903,F1,1,,,,,
2026-08-28,2026-08-28,CM,NSE,STK,17486,INE201K01015,EXPLEOSOL,EQ,,,,,EXPLEO SOLUTIONS LIMITED,873.70,897.00,872.00,875.75,877.05,873.70,,875.75,,,21427,18901151.50,1508,F1,1,,,,,
2026-08-28,2026-08-28,CM,NSE,STK,5352,INE0GFE01026,EXXARO,EQ,,,,,EXXARO TILES LIMITED,6.20,7.42,6.20,7.41,7.42,6.19,,7.41,,,12072793,89078952.96,6423,F1,1,,,,,
2026-08-28,2026-08-28,CM,NSE,STK,760125,INE0HF201011,FABTECH,EQ,,,,,FABTECH TECHNOLOGIES LTD,146.24,148.99,146.00,147.56,148.04,146.97,,147.55,,,51330,7566290.19,673,F1,1,,,,,
2026-08-28,2026-08-28,CM,NSE,STK,1008,INE188A01015,FACT,EQ,,,,,FACT LTD,839.00,850.00,829.60,832.50,833.60,842.55,,832.52,,,165741,138777799.65,8005,F1,1,,,,,
2026-08-28,2026-08-28,CM,NSE,STK,1619,INE0DNW01011,FAIRCHEMOR,BE,,,,,FAIRCHEM ORGANICS LIMITED,672.00,680.00,663.25,680.00,680.00,676.00,,686.45,,,1871,1254998.95,66,F1,1,,,,,
2026-08-28,2026-08-28,CM,NSE,STK,24150,INE0PQK01013,FALCONTECH,SM,,,,,FALCON TECHNOPROJ IND LTD,12.90,12.90,12.90,12.90,12.90,12.90,,12.90,,,1200,15480.00,1,F1,1200,,,,,
2026-08-28,2026-08-28,CM,NSE,STK,765371,INE1Q2D01019,FASCINATE,ST,,,,,FASCINATE TEXTILES LTD,94.00,94.00,93.60,93.60,93.60,98.50,,93.60,,,209600,19619200.00,39,F1,800,,,,,
2026-08-28,2026-08-28,CM,NSE,STK,12000,INE963C01033,FAZE3Q,EQ,,,,,FAZE THREE LIMITED,488.60,501.50,484.00,491.05,490.00,485.75,,491.53,,,22544,11075755.70,746,F1,1,,,,,
2026-08-28,2026-08-28,CM,NSE,STK,11999,INE512B01022,FCSSOFT,EQ,,,,,FCS SOFTWARE SOLN. LTD.,1.47,1.52,1.44,1.50,1.51,1.45,,1.50,,,3112760,4569120.05,1160,F1,1,,,,,
2026-08-28,2026-08-28,CM,NSE,STK,4898,INE258B01022,FDC,EQ,,,,,FDC LIMITED,345.05,349.85,341.20,342.50,344.90,343.85,,342.49,,,130650,45062476.45,6050,F1,1,,,,,
2026-08-28,2026-08-28,CM,NSE,STK,20322,INE007N01010,FEDFINA,EQ,,,,,FEDBANK FINANCIAL SER L,157.00,160.77,154.85,158.94,158.10,157.94,,158.94,,,602415,95631587.08,6767,F1,1,,,,,
2026-08-28,2026-08-28,CM,NSE,STK,762675,INE417D01020,FEDDERSHOL,EQ,,,,,FEDDERS HOLDING LTD.,44.85,45.10,43.90,43.99,44.00,43.11,,44.00,,,672325,29741845.49,874,F1,1,,,,,
2026-08-28,2026-08-28,CM,NSE,STK,1023,INE171A01029,FEDERALBNK,EQ,,,,,FEDERAL BANK LTD,343.05,345.85,342.25,344.25,344.25,344.80,,344.25,,,3391019,1166246203.50,96165,F1,1,,,,,
2026-08-28,2026-08-28,CM,NSE,STK,1190,INE529A01010,FMGOETZE,EQ,,,,,FEDERAL-MOGUL GOETZE (IND,576.15,614.80,561.95,602.05,609.00,545.55,,602.01,,,18185623,10823493241.65,259520,F1,1,,,,,
2026-08-28,2026-08-28,CM,NSE,STK,573,INE901X01013,FELIX,SM,,,,,FELIX INDUSTRIES LTD.,178.25,179.30,174.60,177.15,176.25,178.70,,177.15,,,46500,8218650.00,69,F1,500,,,,,
2026-08-28,2026-08-28,CM,NSE,STK,762680,INE225B01021,FERMENTA,EQ,,,,,FERMENTA BIOTECH LTD.,492.25,519.90,486.10,509.90,509.50,486.25,,509.90,,,198787,101418473.25,10042,F1,1,,,,,
2026-08-28,2026-08-28,CM,NSE,STK,8159,INE296C01020,FIBERWEB,EQ,,,,,FIBERWEB INDIA LIMITED,26.55,26.90,26.31,26.70,26.75,26.42,,26.70,,,10118,270100.44,72,F1,1,,,,,
2026-08-28,2026-08-28,CM,NSE,STK,13710,INE737H01014,FIEMIND,EQ,,,,,FIEM INDUSTRIES LIMITED,2070.80,2102.80,2067.20,2087.70,2086.50,2067.20,,2087.75,,,45157,94119144.60,7001,F1,1,,,,,
2026-08-28,2026-08-28,CM,NSE,STK,23647,INE185E01021,FILATFASH,EQ,,,,,FILATEX FASHIONS LIMITED,0.19,0.19,0.18,0.18,0.19,0.18,,0.18,,,14509523,2657847.14,1486,F1,1,,,,,
2026-08-28,2026-08-28,CM,NSE,STK,24532,INE816B01035,FILATEX,EQ,,,,,FILATEX INDIA LTD,78.35,79.75,77.45,78.89,78.44,78.31,,78.88,,,1752425,137736141.00,7463,F1,1,,,,,
2026-08-28,2026-08-28,CM,NSE,STK,759776,INE0EDU01014,FINBUD,SM,,,,,FINBUD FINANCIAL SERV LTD,130.00,131.95,126.00,131.95,131.95,130.50,,131.95,,,16000,2066400.00,12,F1,1000,,,,,
2026-08-28,2026-08-28,CM,NSE,STK,3744,INE686Y01026,FINEORG,EQ,,,,,FINE ORGANIC IND. LTD.,5258.10,5312.00,5187.00,5282.50,5295.00,5258.20,,5282.24,,,23657,124448922.00,9659,F1,1,,,,,
2026-08-28,2026-08-28,CM,NSE,STK,6198,INE045J01034,FCL,EQ,,,,,FINEOTEX CHEMICAL LIMITED,48.65,50.49,47.81,50.03,49.95,48.49,,50.03,,,11903879,587617946.69,28478,F1,1,,,,,
2026-08-28,2026-08-28,CM,NSE,STK,759239,INE734I01027,FINKURVE,EQ,,,,,FINKURVE FINANCIAL SERV L,78.00,79.60,74.00,75.56,75.50,78.18,,75.58,,,109029,8403159.11,1315,F1,1,,,,,
2026-08-28,2026-08-28,CM,NSE,STK,6579,INE02NC01014,FINOPB,EQ,,,,,FINO PAYMENTS BANK LTD,141.05,144.19,141.00,141.57,142.15,143.06,,141.58,,,109487,15579715.16,1986,F1,1,,,,,
2026-08-28,2026-08-28,CM,NSE,STK,1038,INE235A01022,FINCABLES,EQ,,,,,FINOLEX CABLES LTD,1298.00,1308.15,1283.10,1297.90,1300.00,1291.15,,1297.91,,,443359,574220672.65,21204,F1,1,,,,,
2026-08-28,2026-08-28,CM,NSE,STK,1041,INE183A01024,FINPIPE,EQ,,,,,FINOLEX INDUSTRIES LTD,160.54,162.00,160.10,160.56,161.20,160.54,,160.56,,,300382,48299815.33,12861,F1,1,,,,,
2026-08-28,2026-08-28,CM,NSE,STK,14304,INE684F01012,FSL,EQ,,,,,FIRSTSOURCE SOLU. LTD.,268.50,272.85,268.00,269.30,269.40,268.50,,269.30,,,683316,184662802.60,13694,F1,1,,,,,
2026-08-28,2026-08-28,CM,NSE,STK,757658,INE771F01041,FISCHER,EQ,,,,,FISCHER MEDICAL VENTURE L,35.53,36.50,34.89,35.44,36.30,35.27,,35.51,,,1086361,38512964.30,3644,F1,1,,,,,
2026-08-28,2026-08-28,CM,NSE,STK,12032,INE128S01021,FIVESTAR,EQ,,,,,FIVE-STAR BUS FIN LTD,533.15,539.70,530.85,537.85,539.00,533.75,,537.81,,,347854,186229882.10,21238,F1,1,,,,,
2026-08-28,2026-08-28,CM,NSE,STK,20372,INE00Y201027,FLAIR,EQ,,,,,FLAIR WRITING INDUST LTD,247.50,251.60,246.65,249.30,249.20,247.95,,249.33,,,31596,7843254.80,1064,F1,1,,,,,
2026-08-28,2026-08-28,CM,NSE,STK,25516,INE060J01017,FLEXITUFF,BE,,,,,FLEXITUFF VENTURES INT L,2.60,2.65,2.57,2.58,2.60,2.61,,2.58,,,48352,125645.48,84,F1,1,,,,,
2026-08-28,2026-08-28,CM,NSE,STK,758208,INE0VCK01011,FLYSBS,SM,,,,,FLYSBS AVIATION LIMITED,605.00,634.00,598.00,617.55,624.00,596.45,,617.55,,,205800,128130540.00,553,F1,200,,,,,
2026-08-28,2026-08-28,CM,NSE,STK,6839,INE593W01028,FOCUS,BE,,,,,FOCUS LIGHTG & FIXTRS LTD,68.49,68.49,67.10,67.49,67.50,66.72,,67.49,,,17113,1156319.89,80,F1,1,,,,,
2026-08-28,2026-08-28,CM,NSE,STK,22517,INE0Q4701019,FONEBOX,SM,,,,,FONEBOX RETAIL LIMITED,95.55,95.55,90.65,95.50,95.55,91.00,,95.50,,,37000,3380050.00,37,F1,1000,,,,,
2026-08-28,2026-08-28,CM,NSE,STK,6673,INE976E01023,FOODSIN,EQ,,,,,FOODS & INNS LIMITED,54.32,54.45,52.30,52.87,52.50,53.15,,52.88,,,37977,2023915.33,858,F1,1,,,,,
2026-08-28,2026-08-28,CM,NSE,STK,24917,INE0U2501017,FORCAS,ST,,,,,FORCAS STUDIO LIMITED,216.95,216.95,201.05,214.00,214.00,210.00,,214.00,,,17600,3691360.00,9,F1,1600,,,,,
2026-08-28,2026-08-28,CM,NSE,STK,11573,INE451A01017,FORCEMOT,EQ,,,,,FORCE MOTORS LIMITED,17355.00,17469.00,17280.00,17370.00,17370.00,17375.00,,17369.61,,,39573,686597950.00,11434,F1,1,,,,,
2026-08-28,2026-08-28,CM,NSE,STK,25664,INE0YKW01013,FORGEAUTO,SM,,,,,FORGE AUTO INTERNATION L,97.20,97.20,91.25,94.20,91.25,96.00,,94.20,,,7200,678180.00,6,F1,1200,,,,,
2026-08-28,2026-08-28,CM,NSE,STK,14592,INE061F01013,FORTIS,EQ,,,,,FORTIS HEALTHCARE LTD,918.75,941.90,916.05,926.75,926.75,915.65,,926.80,,,1462799,1362375628.85,41575,F1,1,,,,,
2026-08-28,2026-08-28,CM,NSE,STK,1073,INE519A01011,FOSECOIND,EQ,,,,,FOSECO INDIA LTD,6162.50,6580.00,6066.00,6362.00,6300.00,6110.50,,6361.73,,,86007,548839428.00,16161,F1,1,,,,,
2026-08-28,2026-08-28,CM,NSE,STK,760961,INE212S01015,FRACTAL,EQ,,,,,FRACTAL ANALYTICS LIMITED,842.80,857.00,835.00,844.30,845.00,840.25,,844.16,,,479939,406627199.65,20207,F1,1,,,,,
2026-08-28,2026-08-28,CM,NSE,STK,764683,INE194R01017,FREDUN,EQ,,,,,FREDUN PHARMACEUTICALS L,1500.10,1509.80,1465.70,1476.60,1470.20,1492.70,,1476.63,,,10875,16186453.20,1108,F1,1,,,,,
2026-08-28,2026-08-28,CM,NSE,STK,25871,INE0SFW01015,FRESHARA,ST,,,,,FRESHARA AGRO EXPORTS LTD,437.00,447.70,416.05,438.90,437.00,426.40,,438.90,,,71400,30736230.00,93,F1,600,,,,,
2026-08-28,2026-08-28,CM,NSE,STK,11504,INE385O01018,FROG,ST,,,,,FROG INNOVATIONS LIMITED,238.10,238.10,238.00,238.00,238.00,233.45,,238.00,,,46800,11139480.00,40,F1,400,,,,,
2026-08-28,2026-08-28,CM,NSE,STK,762685,INE572D01014,FRONTSP,EQ,,,,,FRONTIER SPRINGS LTD.,1294.70,1298.60,1265.00,1273.40,1279.70,1285.40,,1273.12,,,8714,11110339.50,1583,F1,1,,,,,
2026-08-28,2026-08-28,CM,NSE,STK,6545,INE388Y01029,NYKAA,EQ,,,,,FSN E COMMERCE VENTURES,338.15,339.95,334.50,335.65,335.65,338.00,,335.61,,,1538325,517261152.45,29670,F1,1,,,,,
2026-08-28,2026-08-28,CM,NSE,STK,759876,INE12UR01024,UTLSOLAR,EQ,,,,,FUJIYAMA POWER SYSTEMS L,451.80,464.45,445.00,449.55,445.05,443.35,,449.55,,,498009,225399550.20,12930,F1,1,,,,,
2026-08-28,2026-08-28,CM,NSE,STK,11932,INE139R01012,FUSION,EQ,,,,,FUSION FINANCE LIMITED,196.79,200.50,194.30,199.24,198.58,196.05,,199.24,,,333505,65950688.95,6533,F1,1,,,,,
2026-08-28,2026-08-28,CM,NSE,STK,14868,INE452O01016,FLFL,BZ,,,,,FUT LIFESTYLE FASH LTD,1.17,1.20,1.11,1.15,1.15,1.15,,1.19,,,26848,31859.31,56,F1,1,,,,,
2026-08-28,2026-08-28,CM,NSE,STK,13812,INE623B01027,FEL,BZ,,,,,FUTURE ENTERPRISES LTD,0.40,0.40,0.39,0.39,0.40,0.39,,0.39,,,99311,39262.62,98,F1,1,,,,,
2026-08-28,2026-08-28,CM,NSE,STK,30491,IN9623B01058,FELDVR,BZ,,,,,FUTURE ENTERPRISES LTD,2.35,2.35,2.21,2.34,2.34,2.30,,2.34,,,2431,5591.80,12,F1,1,,,,,
2026-08-28,2026-08-28,CM,NSE,STK,21017,INE360L01017,FMNL,EQ,,,,,FUTURE MKT NETWORKS LTD,10.75,11.15,10.31,11.00,11.00,10.62,,11.00,,,65746,715507.28,148,F1,1,,,,,
2026-08-28,2026-08-28,CM,NSE,STK,1168,INE075D01018,GMBREW,EQ,,,,,G M BREWERIES LTD,890.10,895.95,886.55,890.40,889.00,891.70,,890.40,,,8173,7282101.30,902,F1,1,,,,,
2026-08-28,2026-08-28,CM,NSE,STK,5054,INE201P01022,GRINFRA,EQ,,,,,G R INFRAPROJECTS LIMITED,893.30,896.75,884.55,890.75,886.00,890.40,,890.67,,,10647,9477249.95,1235,F1,1,,,,,
2026-08-28,2026-08-28,CM,NSE,STK,1135,INE586X01012,GTECJAINX,BE,,,,,G-TEC JAINX EDUCATION LTD,28.01,29.52,27.71,28.80,29.10,28.99,,28.80,,,9806,280066.48,36,F1,1,,,,,
2026-08-28,2026-08-28,CM,NSE,STK,1085,INE524A01029,GABRIEL,EQ,,,,,GABRIEL INDIA LTD,1361.80,1375.00,1316.10,1367.60,1373.00,1357.20,,1367.59,,,501459,673899401.10,33567,F1,1,,,,,
2026-08-28,2026-08-28,CM,NSE,STK,18018,INE224E01028,GATECH,BE,,,,,GACM TECHNOLOGIES LIMITED,1.07,1.07,1.06,1.06,1.07,1.02,,1.06,,,89538442,95787092.83,14829,F1,1,,,,,
2026-08-28,2026-08-28,CM,NSE,STK,27,INE224E01036,GATECHDVR,BE,,,,,GACM TECHNOLOGIES LIMITED,0.54,0.54,0.54,0.54,0.54,0.52,,0.55,,,582290,314436.60,124,F1,1,,,,,
2026-08-28,2026-08-28,CM,NSE,STK,4717,INE129A01019,GAIL,EQ,,,,,GAIL (INDIA) LTD,171.70,172.44,170.11,171.10,171.10,172.44,,171.10,,,8706458,1487707265.51,64883,F1,1,,,,,
2026-08-28,2026-08-28,CM,NSE,STK,765396,INE18UN01038,GAJA,EQ,,,,,GAJA ALT ASSET MGT LTD,165.13,170.40,156.91,158.66,158.80,165.13,,158.64,,,5358385,878682405.05,46651,F1,1,,,,,
2026-08-28,2026-08-28,CM,NSE,STK,25244,INE0QTE01018,GAJANAND,SM,,,,,GAJANAND INTERNATIONAL L,8.00,9.45,8.00,9.45,9.45,8.90,,9.45,,,6000,52350.00,2,F1,3000,,,,,
2026-08-28,2026-08-28,CM,NSE,STK,25134,INE0RE001014,GALAPREC,EQ,,,,,GALA PRECISION ENG LTD,1048.00,1049.90,1019.10,1034.20,1032.00,1039.80,,1034.24,,,36705,37804320.20,2711,F1,1,,,,,
2026-08-28,2026-08-28,CM,NSE,STK,759089,INE09A801015,GML,SM,,,,,GALAXY MEDICARE LIMITED,16.40,17.00,16.40,17.00,17.00,17.10,,17.00,,,8000,133600.00,4,F1,2000,,,,,
2026-08-28,2026-08-28,CM,NSE,STK,1315,INE600K01018,GALAXYSURF,EQ,,,,,GALAXY SURFACTANTS LTD,2305.00,2327.90,2268.30,2285.00,2294.90,2305.00,,2285.10,,,20322,46793734.50,3748,F1,1,,,,,
2026-08-28,2026-08-28,CM,NSE,STK,13337,INE297H01019,GALLANTT,EQ,,,,,GALLANTT ISPAT LIMITED,579.45,585.85,574.75,577.85,578.55,576.85,,577.79,,,17144,9937252.85,2197,F1,1,,,,,
2026-08-28,2026-08-28,CM,NSE,STK,20303,INE717W01049,GANDHAR,EQ,,,,,GANDHAR OIL REFINE IND L,255.00,259.00,253.55,256.47,256.46,254.85,,256.49,,,553101,142055762.16,10095,F1,1,,,,,
2026-08-28,2026-08-28,CM,NSE,STK,14116,INE524B01027,GANDHITUBE,EQ,,,,,GANDHI SPL. TUBES LTD,895.00,900.00,893.40,898.25,900.00,903.10,,898.17,,,2356,2113148.05,285,F1,1,,,,,
2026-08-28,2026-08-28,CM,NSE,STK,5617,INE388A01029,GANESHBE,BE,,,,,GANESH BENZOPLAST LIMITED,125.70,127.00,119.00,119.93,120.00,125.09,,119.94,,,197420,24276401.43,815,F1,1,,,,,
2026-08-28,2026-08-28,CM,NSE,STK,759012,INE652V01016,GANESHCP,EQ,,,,,GANESH CONSUMER PRODUCT L,165.49,180.00,165.09,174.15,176.57,163.49,,174.16,,,542827,95309124.84,8850,F1,1,,,,,
2026-08-28,2026-08-28,CM,NSE,STK,24439,INE0R8C01018,GGBL,SM,,,,,GANESH GREEN BHARAT LTD,218.15,225.55,217.05,224.90,225.00,218.15,,224.90,,,20100,4474500.00,63,F1,300,,,,,
2026-08-28,2026-08-28,CM,NSE,STK,14339,INE460C01014,GANESHHOU,EQ,,,,,GANESH HOUSING LIMITED,798.00,812.15,791.05,803.60,804.00,798.30,,803.58,,,19735,15804767.35,1710,F1,1,,,,,
2026-08-28,2026-08-28,CM,NSE,STK,27351,INE0TVT01024,GANESHIN,ST,,,,,GANESH INFRAWORLD LIMITED,111.90,112.00,109.05,110.50,109.05,111.15,,110.50,,,13600,1506120.00,15,F1,800,,,,,
2026-08-28,2026-08-28,CM,NSE,STK,6944,INE845D01014,GANECOS,EQ,,,,,GANESHA ECOSPHERE LIMITED,1030.00,1035.40,1015.10,1019.30,1018.70,1029.20,,1019.24,,,54854,56346830.00,4731,F1,1,,,,,
2026-08-28,2026-08-28,CM,NSE,STK,757525,INE0ZI101018,GANGABATH,SM,,,,,GANGA BATH FITTINGS LTD,22.30,22.30,21.00,21.45,21.65,22.25,,21.45,,,60000,1298700.00,19,F1,3000,,,,,
2026-08-28,2026-08-28,CM,NSE,STK,4957,INE691Z01023,GANGAFORGE,EQ,,,,,GANGA FORGING LIMITED,1.61,1.66,1.61,1.61,1.61,1.69,,1.61,,,11863316,19111646.96,2644,F1,1,,,,,
2026-08-28,2026-08-28,CM,NSE,STK,21399,INE335W01016,GANGESSECU,EQ,,,,,GANGES SECURITIES LIMITED,117.71,120.79,116.67,116.81,116.67,117.71,,116.81,,,194,22741.80,5,F1,1,,,,,
2026-08-28,2026-08-28,CM,NSE,STK,5475,INE382Z01011,GRSE,EQ,,,,,GARDEN REACH SHIP&ENG LTD,2642.00,2650.00,2607.10,2612.90,2615.00,2643.00,,2612.91,,,199226,521867272.50,13800,F1,1,,,,,
2026-08-28,2026-08-28,CM,NSE,STK,25800,INE0JVO01026,GARUDA,EQ,,,,,GARUDA CONSTRUCT N ENG L,175.71,178.00,174.00,175.20,175.10,175.52,,175.20,,,207234,36444432.46,3476,F1,1,,,,,
2026-08-28,2026-08-28,CM,NSE,STK,7982,INE291A01017,GRWRHITECH,EQ,,,,,GARWARE HI-TECH FILMS LTD,7084.50,7309.50,7065.50,7224.50,7240.00,7060.50,,7224.70,,,88184,634144281.00,8210,F1,1,,,,,
2026-08-28,2026-08-28,CM,NSE,STK,1100,INE276A01018,GARFIBRES,EQ,,,,,GARWARE TECH FIBRES LTD,785.00,805.90,785.00,799.00,799.90,792.55,,798.99,,,29877,23812737.75,3364,F1,1,,,,,
2026-08-28,2026-08-28,CM,NSE,STK,8510,INE079J01017,GATEWAY,EQ,,,,,GATEWAY DISTRIPARKS LTD,53.98,53.98,53.01,53.61,53.39,53.74,,53.60,,,1075095,57350627.48,5843,F1,1,,,,,
2026-08-28,2026-08-28,CM,NSE,STK,760179,INE0P8B01020,GAUDIUMIVF,BE,,,,,GAUDIUM IVF N WOMEN H L,121.72,121.72,121.72,121.72,121.72,119.34,,120.60,,,43502,5295063.44,203,F1,1,,,,,
2026-08-28,2026-08-28,CM,NSE,STK,3693,INE287Z01012,GAYAHWS,EQ,,,,,GAYATRI HIGHWAYS LIMITED,1.87,1.91,1.85,1.88,1.89,1.87,,1.88,,,176841,331386.01,295,F1,1,,,,,
2026-08-28,2026-08-28,CM,NSE,STK,25027,INE336H01023,GAYAPROJ,BE,,,,,GAYATRI PROJECTS LTD,22.28,22.56,21.59,22.15,22.25,22.02,,22.15,,,403022,8945795.68,1000,F1,1,,,,,
2026-08-28,2026-08-28,CM,NSE,STK,14052,INE0LVM01018,GRCL,SM,,,,,GAYATRI RUBB AND CHEM LTD,550.00,568.00,550.00,568.00,568.00,559.90,,568.00,,,500,279500.00,2,F1,250,,,,,
2026-08-28,2026-08-28,CM,NSE,STK,7862,INE878A01011,GVPIL,EQ,,,,,GE POWER INDIA LIMITED,660.50,663.45,650.60,652.70,654.00,661.75,,652.69,,,116813,76559570.90,5006,F1,1,,,,,
2026-08-28,2026-08-28,CM,NSE,STK,16783,INE200A01026,GVT&D,EQ,,,,,GE VERNOVA T&D INDIA LTD,4404.00,4416.40,4331.00,4339.20,4339.20,4407.80,,4339.21,,,520191,2266617849.60,49358,F1,1,,,,,
2026-08-28,2026-08-28,CM,NSE,STK,13662,INE916G01016,GEECEE,BE,,,,,GEECEE VENTURES LIMITED,362.00,371.00,362.00,370.00,370.00,365.35,,370.00,,,3965,1465513.85,29,F1,1,,,,,
2026-08-28,2026-08-28,CM,NSE,STK,17922,INE669X01032,GEEKAYWIRE,EQ,,,,,GEEKAY WIRES LIMITED,23.02,25.24,22.91,24.69,24.52,23.02,,24.69,,,595471,14494420.89,3009,F1,1,,,,,
2026-08-28,2026-08-28,CM,NSE,STK,759461,INE06XZ01023,GEMAROMA,EQ,,,,,GEM AROMATICS LIMITED,170.83,174.49,168.00,168.75,169.27,170.83,,168.75,,,50771,8592287.63,922,F1,1,,,,,
2026-08-28,2026-08-28,CM,NSE,STK,277,INE481Y01014,GICRE,EQ,,,,,GENERAL INS CORP OF INDIA,354.00,355.90,351.90,353.30,354.00,351.85,,353.26,,,672586,238120715.05,12568,F1,1,,,,,
2026-08-28,2026-08-28,CM,NSE,STK,2188,INE854S01022,GENCON,EQ,,,,,GENERIC ENG CONS PROJ LTD,45.91,46.13,43.16,44.12,43.57,45.83,,44.12,,,547085,24464186.32,1312,F1,1,,,,,
2026-08-28,2026-08-28,CM,NSE,STK,10905,INE727B01026,GENESYS,EQ,,,,,GENESYS INTL CORPN LTD,234.50,234.50,222.00,227.80,226.30,234.50,,227.81,,,984498,223442148.45,13849,F1,1,,,,,
2026-08-28,2026-08-28,CM,NSE,STK,758842,INE06H201014,GENSOL,BZ,,,,,GENSOL ENGINEERING LTD,17.94,17.94,16.95,17.32,17.23,17.27,,17.39,,,28105,486764.70,338,F1,1,,,,,
2026-08-28,2026-08-28,CM,NSE,STK,6600,INE949P01018,GENUSPAPER,EQ,,,,,GENUS P&B LIMITED,12.14,12.50,12.00,12.16,12.15,12.37,,12.16,,,34987,425601.77,305,F1,1,,,,,
2026-08-28,2026-08-28,CM,NSE,STK,12383,INE955D01029,GENUSPOWER,BL,,,,,GENUS POWER INFRASTRU LTD,324.50,324.50,324.50,324.50,324.50,290.00,,324.50,,,3578450,1161207025.00,2,F1,999999999,,,,,
2026-08-28,2026-08-28,CM,NSE,STK,11905,INE955D01029,GENUSPOWER,EQ,,,,,GENUS POWER INFRASTRU LTD,332.70,353.50,328.30,349.70,352.00,332.20,,349.71,,,8939930,3090093198.60,88291,F1,1,,,,,
2026-08-28,2026-08-28,CM,NSE,STK,31942,INE1W0N01014,GENXAI,SM,,,,,GENXAI ANALYTICS LIMITED,85.80,88.00,83.50,85.60,85.10,84.10,,85.60,,,68400,5906520.00,53,F1,1200,,,,,
2026-08-28,2026-08-28,CM,NSE,STK,11896,INE007B01023,GEOJITFSL,EQ,,,,,GEOJIT FINANCIAL SER L,82.64,85.25,81.40,83.70,83.75,82.64,,83.69,,,785239,65625322.78,6136,F1,1,,,,,
2026-08-28,2026-08-28,CM,NSE,STK,1289,INE538A01037,GFLLIMITED,EQ,,,,,GFL LIMITED,55.80,55.80,53.83,54.28,54.40,54.92,,54.22,,,39595,2160221.56,812,F1,1,,,,,
2026-08-28,2026-08-28,CM,NSE,STK,1127,INE539A01019,GHCL,EQ,,,,,GHCL LIMITED,440.15,446.00,440.15,441.45,444.00,440.15,,441.45,,,62705,27792663.80,2459,F1,1,,,,,
2026-08-28,2026-08-28,CM,NSE,STK,16696,INE0PA801013,GHCLTEXTIL,EQ,,,,,GHCL TEXTILES LIMITED,126.37,132.04,125.00,130.79,131.90,125.36,,130.79,,,1355885,175156937.90,10105,F1,1,,,,,
2026-08-28,2026-08-28,CM,NSE,STK,1139,INE289B01019,GICHSGFIN,EQ,,,,,GIC HOUSING FINANCE LTD,142.00,142.09,140.52,141.03,140.80,142.10,,141.03,,,24679,3481707.84,509,F1,1,,,,,
2026-08-28,2026-08-28,CM,NSE,STK,17839,INE047B01011,GILLANDERS,EQ,,,,,GILLANDERS ARBUTHNOT LTD,105.00,108.45,105.00,106.38,107.80,104.99,,106.38,,,12239,1297436.29,93,F1,1,,,,,
2026-08-28,2026-08-28,CM,NSE,STK,1576,INE322A01010,GILLETTE,EQ,,,,,GILLETTE INDIA LTD,7431.50,7442.50,7300.00,7316.00,7308.00,7409.00,,7318.74,,,14848,109194395.00,5430,F1,1,,,,,
2026-08-28,2026-08-28,CM,NSE,STK,9294,INE424C01010,GINNIFILA,BE,,,,,GINNIFILAMENTS LTD.,44.98,45.24,44.26,44.48,44.50,45.24,,44.48,,,46850,2084953.18,117,F1,1,,,,,
2026-08-28,2026-08-28,CM,NSE,STK,2365,INE614Z01017,GIRIRAJ,SM,,,,,GIRIRAJ CIVIL DEVP LTD,88.00,89.00,87.25,87.25,87.25,91.80,,87.25,,,31250,2733837.50,70,F1,250,,,,,
2026-08-28,2026-08-28,CM,NSE,STK,759048,INE1AG301022,GKENERGY,EQ,,,,,GK ENERGY LIMITED,140.95,140.95,136.32,138.46,138.31,139.65,,138.44,,,670822,93031964.61,8306,F1,1,,,,,
2026-08-28,2026-08-28,CM,NSE,STK,764688,INE265D01015,GKB,EQ,,,,,GKB OPHTHALMICS LTD.,65.00,65.00,62.00,62.50,62.50,65.00,,62.50,,,476,29752.00,11,F1,1,,,,,
2026-08-28,2026-08-28,CM,NSE,STK,17357,INE528A01020,GKWLIMITED,EQ,,,,,GKW LIMITED,1606.90,1606.90,1580.10,1597.90,1597.80,1599.80,,1597.90,,,160,255840.70,17,F1,1,,,,,
2026-08-28,2026-08-28,CM,NSE,STK,1186,INE068V01023,GLAND,EQ,,,,,GLAND PHARMA LIMITED,2873.50,2900.00,2852.10,2888.00,2885.00,2873.50,,2887.85,,,165191,476285982.50,23505,F1,1,,,,,
2026-08-28,2026-08-28,CM,NSE,STK,1153,INE159A01016,GLAXO,EQ,,,,,GLAXOSMITHKLINE PHARMA LT,3069.00,3120.70,3052.70,3106.40,3105.00,3069.10,,3106.39,,,135782,421062211.10,12393,F1,1,,,,,
2026-08-28,2026-08-28,CM,NSE,STK,7406,INE935A01035,GLENMARK,EQ,,,,,GLENMARK PHARMACEUTICALS,2460.00,2537.60,2431.70,2515.00,2515.00,2460.00,,2515.01,,,807816,2010340569.10,53159,F1,1,,,,,
2026-08-28,2026-08-28,CM,NSE,STK,1415,INE291W01037,GLOBAL,EQ,,,,,GLOBAL EDUCATION LIMITED,110.99,110.99,108.30,108.99,108.30,110.98,,108.99,,,50333,5499727.05,632,F1,1,,,,,
2026-08-28,2026-08-28,CM,NSE,STK,11956,INE474Q01031,MEDANTA,EQ,,,,,GLOBAL HEALTH LIMITED,1520.50,1531.40,1462.10,1472.20,1469.50,1508.90,,1472.14,,,404295,606777110.70,30380,F1,1,,,,,
2026-08-28,2026-08-28,CM,NSE,STK,14599,INE0JSX01015,GSLSU,EQ,,,,,GLOBAL SURFACES LIMITED,27.89,28.24,26.62,27.08,27.00,27.26,,27.08,,,188689,5101108.87,813,F1,1,,,,,
2026-08-28,2026-08-28,CM,NSE,STK,13735,INE792H01019,GLOBALVECT,EQ,,,,,GLOBAL VEC HELICORP LTD,145.00,148.70,144.25,145.92,147.33,146.47,,145.56,,,5273,775140.17,232,F1,1,,,,,
2026-08-28,2026-08-28,CM,NSE,STK,24932,INE0URU01010,GLOBALE,EQ,,,,,GLOBALE TESSILE LIMITED,11.25,11.70,11.24,11.58,11.24,11.24,,11.58,,,296,3339.75,12,F1,1,,,,,
2026-08-28,2026-08-28,CM,NSE,STK,758572,INE0V3U01015,GLOBECIVIL,EQ,,,,,GLOBE CIVIL PROJECTS LTD,46.08,46.48,45.50,45.58,45.98,45.73,,45.59,,,54328,2488817.37,819,F1,1,,,,,
2026-08-28,2026-08-28,CM,NSE,STK,393,INE581X01021,GLOBE,EQ,,,,,GLOBE ENTERPRISE (I) LTD,2.07,2.07,1.99,2.00,2.00,2.05,,2.00,,,368659,742285.82,266,F1,1,,,,,
2026-08-28,2026-08-28,CM,NSE,STK,761025,INE947T01022,GICL,EQ,,,,,GLOBE INTL CARRIERS LTD,23.34,23.89,23.11,23.73,23.85,23.34,,23.73,,,97474,2290850.85,291,F1,1,,,,,
2026-08-28,2026-08-28,CM,NSE,STK,9764,INE00WS01056,GSTL,SM,,,,,GLOBESECURE TECHNO LTD,13.00,13.00,12.75,12.75,12.75,13.40,,12.75,,,7000,89550.00,6,F1,1000,,,,,
2026-08-28,2026-08-28,CM,NSE,STK,17424,INE615I01010,GLOBUSSPR,EQ,,,,,GLOBUS SPIRITS LTD,916.20,924.00,910.50,916.10,915.00,912.30,,916.04,,,61880,56731343.30,3415,F1,1,,,,,
2026-08-28,2026-08-28,CM,NSE,STK,23590,INE350Z01018,GLOSTERLTD,EQ,,,,,GLOSTER LIMITED,595.00,610.00,595.00,607.15,600.10,604.40,,605.57,,,794,480364.55,62,F1,1,,,,,
2026-08-28,2026-08-28,CM,NSE,STK,760116,INE0TQE01026,GLOTTIS,EQ,,,,,GLOTTIS LIMITED,64.34,65.03,64.25,64.27,64.26,64.66,,64.27,,,49445,3181516.35,506,F1,1,,,,,
2026-08-28,2026-08-28,CM,NSE,STK,1570,INE541A01023,GMMPFAUDLR,EQ,,,,,GMM PFAUDLER LIMITED,1030.00,1043.00,1015.00,1026.70,1022.95,1025.15,,1026.70,,,60107,61894892.30,5454,F1,1,,,,,
2026-08-28,2026-08-28,CM,NSE,STK,13528,INE776C01039,GMRAIRPORT,EQ,,,,,GMR AIRPORTS LIMITED,99.30,99.35,98.11,98.31,98.31,98.68,,98.31,,,23296240,2299219463.78,30637,F1,1,,,,,
2026-08-28,2026-08-28,CM,NSE,STK,8529,INE0CU601026,GMRP&UI,EQ,,,,,GMR POW AND URBAN INFRA L,95.30,98.28,92.21,93.35,93.56,94.54,,93.35,,,3307470,313462983.35,34509,F1,1,,,,,
2026-08-28,2026-08-28,CM,NSE,STK,18571,INE934S01014,GNA,EQ,,,,,GNA AXLES LIMITED,547.00,553.00,531.25,542.65,542.65,546.80,,542.66,,,300414,162510654.70,9340,F1,1,,,,,
2026-08-28,2026-08-28,CM,NSE,STK,757862,INE18JU01028,EBGNG,EQ,,,,,GNG ELECTRONICS LIMITED,584.90,638.25,578.00,635.10,630.10,580.25,,635.48,,,1346148,837420688.50,31132,F1,1,,,,,
2026-08-28,2026-08-28,CM,NSE,STK,23799,INE03JT01014,GODIGIT,EQ,,,,,GO DIGIT GENERAL INS LTD,258.05,265.10,256.20,262.35,261.00,257.75,,262.36,,,368020,95801317.95,13921,F1,1,,,,,
2026-08-28,2026-08-28,CM,NSE,STK,6964,INE0BJS01011,GOCOLORS,EQ,,,,,GO FASHION INDIA LTD,334.50,341.55,334.00,335.65,335.00,334.50,,335.64,,,47026,15865899.10,1570,F1,1,,,,,
2026-08-28,2026-08-28,CM,NSE,STK,14687,INE426D01013,GOACARBON,EQ,,,,,GOA CARBON LIMITED,356.00,363.00,351.15,361.85,363.00,352.15,,361.74,,,13443,4816053.55,864,F1,1,,,,,
2026-08-28,2026-08-28,CM,NSE,STK,3963,INE077F01035,GOCLCORP,EQ,,,,,GOCL CORPORATION LIMITED,398.65,399.00,385.05,388.25,389.00,397.35,,388.27,,,108569,42303691.70,3082,F1,1,,,,,
2026-08-28,2026-08-28,CM,NSE,STK,25941,INE497S01012,GODAVARIB,EQ,,,,,GODAVARI BIOREFINERIES L,239.20,242.35,237.55,239.05,238.60,239.15,,239.20,,,58540,14036711.75,2290,F1,1,,,,,
2026-08-28,2026-08-28,CM,NSE,STK,13409,INE177H01039,GPIL,EQ,,,,,GODAWARI POW & ISP LTD,240.60,247.00,239.00,239.85,240.00,240.33,,239.85,,,837487,202434177.25,13764,F1,1,,,,,
2026-08-28,2026-08-28,CM,NSE,STK,1181,INE260B01028,GODFRYPHLP,EQ,,,,,GODFREY PHILLIPS INDIA LT,2117.50,2140.00,2105.90,2123.70,2123.70,2115.00,,2123.73,,,125235,266203195.10,12967,F1,1,,,,,
2026-08-28,2026-08-28,CM,NSE,STK,144,INE850D01014,GODREJAGRO,EQ,,,,,GODREJ AGROVET LIMITED,613.65,616.65,604.00,609.30,607.00,614.75,,609.25,,,102348,62308069.25,5218,F1,1,,,,,
2026-08-28,2026-08-28,CM,NSE,STK,10099,INE102D01028,GODREJCP,EQ,,,,,GODREJ CONSUMER PRODUCTS,927.80,927.80,911.60,915.00,915.00,923.00,,914.98,,,930774,851553725.60,23601,F1,1,,,,,
2026-08-28,2026-08-28,CM,NSE,STK,10925,INE233A01035,GODREJIND,EQ,,,,,GODREJ INDUSTRIES LTD,1163.60,1175.70,1146.10,1167.50,1162.00,1150.50,,1167.59,,,71294,82941927.70,8671,F1,1,,,,,
2026-08-28,2026-08-28,CM,NSE,STK,17875,INE484J01027,GODREJPROP,EQ,,,,,GODREJ PROPERTIES LTD,2075.40,2083.30,2024.50,2029.10,2029.10,2069.40,,2029.12,,,329143,675348271.50,20174,F1,1,,,,,
2026-08-28,2026-08-28,CM,NSE,STK,765280,IN0020260058,620GS2029,GS,,,,,GOI LOAN   6.20% 2029,97.11,99.89,97.11,99.86,99.89,99.09,,99.86,,,24240,2418531.15,13,F1,1,,,,,
2026-08-28,2026-08-28,CM,NSE,STK,765281,IN0020260066,657GS2033A,GS,,,,,GOI LOAN   6.57% 2033,99.00,99.00,98.41,98.41,98.41,98.41,,98.41,,,2000,197115.00,2,F1,1,,,,,
2026-08-28,2026-08-28,CM,NSE,STK,28530,IN0020240183,675GS2029,GS,,,,,GOI LOAN   6.75% 2029,102.65,102.65,102.65,102.65,102.65,100.96,,102.65,,,3100,318215.00,1,F1,1,,,,,
2026-08-28,2026-08-28,CM,NSE,STK,28894,IN0020240191,679GS2031,GS,,,,,GOI LOAN   6.79% 2031,102.50,102.50,102.50,102.50,102.50,100.62,,102.50,,,100,10250.00,1,F1,1,,,,,
2026-08-28,2026-08-28,CM,NSE,STK,27819,IN0020240175,698GR2054,GS,,,,,GOI LOAN   6.98% 2054,93.80,95.00,93.80,95.00,95.00,95.80,,95.00,,,2,188.80,2,F1,1,,,,,
2026-08-28,2026-08-28,CM,NSE,STK,27170,IN0020240142,709GS2074,GS,,,,,GOI LOAN   7.09% 2074,96.30,96.30,95.50,95.53,95.50,96.23,,95.53,,,12819,1227014.84,31,F1,1,,,,,
2026-08-28,2026-08-28,CM,NSE,STK,6695,IN0020210186,574GS2026,GS,,,,,GOI LOAN  5.74% 2026,101.51,101.90,101.51,101.90,101.90,101.89,,101.90,,,91,9237.80,2,F1,1,,,,,
2026-08-28,2026-08-28,CM,NSE,STK,760622,IN0020250125,603GS2029,GS,,,,,GOI LOAN  6.03% 2029,99.22,99.22,99.22,99.22,99.22,99.35,,99.22,,,400,39688.00,1,F1,1,,,,,
2026-08-28,2026-08-28,CM,NSE,STK,5012,IN0020210095,610GS2031,GS,,,,,GOI LOAN  6.10% 2031,99.99,99.99,99.99,99.99,99.99,99.50,,99.99,,,1,99.99,1,F1,1,,,,,
2026-08-28,2026-08-28,CM,NSE,STK,761020,IN0020250141,636GS2031,GS,,,,,GOI LOAN  6.36% 2031,100.00,100.00,99.75,99.75,99.75,99.80,,99.75,,,44000,4389250.00,5,F1,1,,,,,
2026-08-28,2026-08-28,CM,NSE,STK,7843,IN0020210244,654GS2032,GS,,,,,GOI LOAN  6.54% 2032,99.45,99.45,99.45,99.45,99.45,100.55,,99.45,,,868,86322.60,1,F1,1,,,,,
2026-08-28,2026-08-28,CM,NSE,STK,956,IN0020200252,667GS2050,GS,,,,,GOI LOAN  6.67% 2050,92.70,92.70,92.52,92.52,92.52,92.50,,92.52,,,5,462.96,5,F1,1,,,,,
2026-08-28,2026-08-28,CM,NSE,STK,760623,IN0020250133,668GS2033,GS,,,,,GOI LOAN  6.68% 2033,100.00,100.00,100.00,100.00,100.00,100.00,,100.00,,,200,20000.00,1,F1,1,,,,,
2026-08-28,2026-08-28,CM,NSE,STK,757847,IN0020250042,668GS2040,GS,,,,,GOI LOAN  6.68% 2040,99.00,99.00,98.00,98.00,98.00,98.45,,98.00,,,1913,188683.10,3,F1,1,,,,,
2026-08-28,2026-08-28,CM,NSE,STK,2317,IN0020200401,676GS2061,GS,,,,,GOI LOAN  6.76% 2061,91.70,91.70,90.79,90.79,91.00,91.50,,90.79,,,229769,20887728.25,273,F1,1,,,,,
2026-08-28,2026-08-28,CM,NSE,STK,25736,IN0020240126,679GS2034,GS,,,,,GOI LOAN  6.79% 2034,101.50,101.50,101.50,101.50,101.50,101.00,,101.50,,,50,5075.00,1,F1,1,,,,,
2026-08-28,2026-08-28,CM,NSE,STK,756014,IN0020250018,690GS2065,GS,,,,,GOI LOAN  6.90% 2065,94.70,94.70,94.07,94.37,94.37,94.45,,94.38,,,17822,1684078.81,14,F1,1,,,,,
2026-08-28,2026-08-28,CM,NSE,STK,763340,IN0020260025,694GS2036,GS,,,,,GOI LOAN  6.94% 2036,102.75,103.00,102.51,102.51,102.51,102.71,,102.51,,,1102,113015.50,4,F1,1,,,,,
2026-08-28,2026-08-28,CM,NSE,STK,6817,IN0020210202,695GS2061,GS,,,,,GOI LOAN  6.95% 2061,93.50,93.50,93.50,93.50,93.50,94.00,,93.35,,,35,3272.50,1,F1,1,,,,,
2026-08-28,2026-08-28,CM,NSE,STK,23854,IN0020240043,702GS2027,GS,,,,,GOI LOAN  7.02% 2027,102.55,102.55,102.15,102.15,102.15,101.85,,102.15,,,152,15527.20,2,F1,1,,,,,
2026-08-28,2026-08-28,CM,NSE,STK,14970,IN0020230010,706GS2028,GS,,,,,GOI LOAN  7.06% 2028,103.80,103.80,103.80,103.80,103.80,103.51,,103.80,,,17000,1764600.00,7,F1,1,,,,,
2026-08-28,2026-08-28,CM,NSE,STK,764295,IN0020260041,706GS2041,GS,,,,,GOI LOAN  7.06% 2041,100.50,100.80,100.50,100.50,100.50,100.50,,100.50,,,5110,513645.00,4,F1,1,,,,,
2026-08-28,2026-08-28,CM,NSE,STK,24949,IN0020240118,709GS2054,GS,,,,,GOI LOAN  7.09% 2054,96.49,96.49,95.10,95.38,95.30,96.34,,95.46,,,34619,3308748.55,49,F1,1,,,,,
2026-08-28,2026-08-28,CM,NSE,STK,23463,IN0020240019,71GS2034,GS,,,,,GOI LOAN  7.1% 2034,105.08,105.08,103.50,105.07,105.07,104.48,,105.07,,,102,10560.15,3,F1,1,,,,,
2026-08-28,2026-08-28,CM,NSE,STK,17398,IN0020230077,718GS2037,GS,,,,,GOI LOAN  7.18% 2037,103.10,104.48,102.47,103.96,102.93,104.80,,103.96,,,44624,4593134.77,17,F1,1,,,,,
2026-08-28,2026-08-28,CM,NSE,STK,23518,IN0020240027,723GS2039,GS,,,,,GOI LOAN  7.23% 2039,105.00,105.00,105.00,105.00,105.00,104.40,,105.00,,,50,5250.00,1,F1,1,,,,,
2026-08-28,2026-08-28,CM,NSE,STK,758674,IN0020250075,724GS2055,GS,,,,,GOI LOAN  7.24% 2055,98.00,98.38,97.71,97.80,97.80,98.22,,97.80,,,43552,4267772.57,58,F1,1,,,,,
2026-08-28,2026-08-28,CM,NSE,STK,16733,IN0020230044,725GS2063,GS,,,,,GOI LOAN  7.25% 2063,98.50,98.50,95.00,97.58,97.58,97.86,,97.58,,,892960,87190259.68,1139,F1,1,,,,,
2026-08-28,2026-08-28,CM,NSE,STK,10722,IN0020220060,726GS2032,GS,,,,,GOI LOAN  7.26% 2032,103.75,103.75,103.50,103.50,103.50,103.75,,103.50,,,15470,1604895.00,5,F1,1,,,,,
2026-08-28,2026-08-28,CM,NSE,STK,16865,IN0020230051,73GS2053,GS,,,,,GOI LOAN  7.3% 2053,99.68,99.72,99.40,99.60,99.72,99.68,,99.60,,,25813,2572645.36,14,F1,1,,,,,
2026-08-28,2026-08-28,CM,NSE,STK,20136,IN0020230135,732GS2030,GS,,,,,GOI LOAN  7.32% 2030,103.95,103.95,103.95,103.95,103.95,103.80,,103.95,,,100,10395.00,1,F1,1,,,,,
2026-08-28,2026-08-28,CM,NSE,STK,19685,IN0020230119,733GS2026,GS,,,,,GOI LOAN  7.33% 2026,102.48,102.49,102.48,102.49,102.49,102.51,,102.49,,,2747,281515.36,2,F1,1,,,,,
2026-08-28,2026-08-28,CM,NSE,STK,23558,IN0020240035,734GS2064,GS,,,,,GOI LOAN  7.34% 2064,99.90,99.90,99.70,99.79,99.84,99.93,,99.79,,,59157,5908593.67,49,F1,1,,,,,
2026-08-28,2026-08-28,CM,NSE,STK,10931,IN0020220086,736GS2052,GS,,,,,GOI LOAN  7.36% 2052,101.01,102.25,101.01,102.25,102.25,102.50,,102.25,,,1083,109445.91,4,F1,1,,,,,
2026-08-28,2026-08-28,CM,NSE,STK,10981,IN0020220094,74GS2062,GS,,,,,GOI LOAN  7.4% 2062,102.20,103.84,101.90,101.90,101.90,104.00,,101.90,,,1019,104157.44,3,F1,1,,,,,
2026-08-28,2026-08-28,CM,NSE,STK,13194,IN0020220102,741GS2036,GS,,,,,GOI LOAN  7.41% 2036,105.70,105.80,105.70,105.80,105.80,105.50,,105.80,,,2030,214664.00,6,F1,1,,,,,
2026-08-28,2026-08-28,CM,NSE,STK,760649,IN0020250117,743GS2076,GS,,,,,GOI LOAN  7.43% 2076,100.94,100.94,99.50,99.74,99.71,100.20,,99.74,,,372532,37231444.18,478,F1,1,,,,,
2026-08-28,2026-08-28,CM,NSE,STK,19808,IN0020230127,746GS2073,GS,,,,,GOI LOAN  7.46% 2073,107.00,107.00,101.50,101.50,101.50,101.94,,101.50,,,1701,176226.50,5,F1,1,,,,,
2026-08-28,2026-08-28,CM,NSE,STK,763146,IN0020260017,750GS2056,GS,,,,,GOI LOAN  7.50% 2056,101.50,101.50,101.20,101.20,101.20,101.20,,101.20,,,198,20052.60,3,F1,1,,,,,
2026-08-28,2026-08-28,CM,NSE,STK,9585,IN0020220029,754GS2036,GS,,,,,GOI LOAN  7.54% 2036,106.94,107.09,106.80,106.85,106.85,107.06,,106.85,,,357450,38218211.78,182,F1,1,,,,,
2026-08-28,2026-08-28,CM,NSE,STK,763489,IN0020260033,771GS2066,GS,,,,,GOI LOAN  7.71% 2066,104.76,105.75,104.51,104.60,104.60,104.76,,105.50,,,3484,364637.12,16,F1,1,,,,,
2026-08-28,2026-08-28,CM,NSE,STK,6833,IN0020010081,1018GS2026,GS,,,,,GOI LOAN 10.18% 2026,104.20,105.00,103.91,105.00,105.00,104.45,,105.00,,,4913,511923.50,7,F1,1,,,,,
2026-08-28,2026-08-28,CM,NSE,STK,7184,IN0020160068,706GS2046,GS,,,,,GOI LOAN 7.06% 2046,100.00,103.00,100.00,103.00,103.00,103.00,,103.00,,,2,203.00,2,F1,1,,,,,
2026-08-28,2026-08-28,CM,NSE,STK,9047,IN0020220011,710GS2029,GS,,,,,GOI LOAN 7.10% 2029,104.00,104.50,104.00,104.23,104.30,103.76,,104.23,,,8348,869726.64,8,F1,1,,,,,
2026-08-28,2026-08-28,CM,NSE,STK,9913,IN0020220037,738GS2027,GS,,,,,GOI LOAN 7.38% 2027,102.60,102.62,102.15,102.51,102.50,102.54,,102.51,,,30029,3075775.97,26,F1,1,,,,,
2026-08-28,2026-08-28,CM,NSE,STK,6835,IN0020020106,795GS2032,GS,,,,,GOI LOAN 7.95% 2032,104.86,104.86,104.86,104.86,104.86,109.00,,104.86,,,10,1048.60,1,F1,1,,,,,
2026-08-28,2026-08-28,CM,NSE,STK,7011,IN0020110055,897GS2030,GS,,,,,GOI LOAN 8.97% 2030,114.00,114.00,114.00,114.00,114.00,112.00,,114.00,,,50,5700.00,1,F1,1,,,,,
2026-08-28,2026-08-28,CM,NSE,STK,7039,IN0020130053,92GS2030,GS,,,,,GOI LOAN 9.20% 2030,113.51,114.93,113.50,114.83,114.83,113.20,,114.07,,,13881,1583308.41,10,F1,1,,,,,
2026-08-28,2026-08-28,CM,NSE,STK,759504,IN002025Z310,364D291026,TB,,,,,GOI TBILL 364D-29/10/26,98.39,98.39,98.39,98.39,98.39,98.11,,98.39,,,500,49195.00,1,F1,100,,,,,
2026-08-28,2026-08-28,CM,NSE,STK,764047,IN002026X149,91D081026,TB,,,,,GOI TBILL 91D-08/10/26,99.20,99.20,99.20,99.20,99.20,99.18,,99.20,,,200,19840.00,2,F1,100,,,,,
2026-08-28,2026-08-28,CM,NSE,STK,764510,IN002026X198,91D121126,TB,,,,,GOI TBILL 91D-12/11/26,98.41,99.00,98.41,98.96,99.00,98.91,,98.96,,,2900,286404.00,9,F1,100,,,,,
2026-08-28,2026-08-28,CM,NSE,STK,11778,INE887G01027,GOKEX,EQ,,,,,GOKALDAS EXPORTS LTD.,777.40,777.40,765.00,767.80,770.95,774.90,,767.65,,,216062,166368537.70,16176,F1,1,,,,,
2026-08-28,2026-08-28,CM,NSE,STK,14480,INE314T01033,GOKULAGRO,EQ,,,,,GOKUL AGRO RESOURCES LTD,244.25,248.07,243.39,244.34,245.89,244.48,,244.34,,,480942,117848256.01,8826,F1,1,,,,,
2026-08-28,2026-08-28,CM,NSE,STK,16705,INE020J01029,GOKUL,EQ,,,,,GOKUL REFOILS & SOLV LTD,43.09,44.26,42.05,42.46,42.95,43.09,,42.44,,,162046,6983626.35,1284,F1,1,,,,,
2026-08-28,2026-08-28,CM,NSE,STK,11619,INE973A01010,GOLDENTOBC,BZ,,,,,GOLDEN TOBACCO LIMITED,24.00,25.20,24.00,24.90,24.90,24.00,,24.15,,,2772,67371.02,22,F1,1,,,,,
2026-08-28,2026-08-28,CM,NSE,STK,11971,INE025B01025,GOLDIAM,EQ,,,,,GOLDIAM INTERNATIONAL LTD,355.00,355.85,346.10,348.55,348.65,352.75,,348.48,,,332253,116250494.85,6460,F1,1,,,,,
2026-08-28,2026-08-28,CM,NSE,STK,1,INE405Y01021,GOLDSTAR,SM,,,,,GOLDSTAR POWER LIMITED,7.50,7.50,7.25,7.50,7.50,7.15,,7.50,,,56250,419062.50,5,F1,11250,,,,,
2026-08-28,2026-08-28,CM,NSE,STK,6125,INE127I01024,GOODLUCK,EQ,,,,,GOODLUCK INDIA LIMITED,434.40,453.00,430.10,449.90,450.80,432.80,,449.91,,,539784,239981233.10,14949,F1,1,,,,,
2026-08-28,2026-08-28,CM,NSE,STK,1205,INE533A01012,GOODYEAR,EQ,,,,,GOODYEAR INDIA LIMITED,774.35,774.35,736.30,749.90,750.00,765.05,,749.91,,,7639,5754610.25,526,F1,1,,,,,
2026-08-28,2026-08-28,CM,NSE,STK,23066,INE0L9R01028,GOPAL,EQ,,,,,GOPAL SNACKS LIMITED,279.15,284.00,275.10,276.25,276.95,279.15,,276.25,,,167988,46809383.85,8878,F1,1,,,,,
2026-08-28,2026-08-28,CM,NSE,STK,11787,INE705X01026,GOYALALUM,EQ,,,,,GOYAL ALUMINIUMS LIMITED,6.32,6.55,6.25,6.27,6.33,6.33,,6.27,,,53164,334669.91,269,F1,1,,,,,
2026-08-28,2026-08-28,CM,NSE,STK,24113,INE0S7E01015,GPECO,ST,,,,,GP ECO SOLUTIONS INDIA L,400.05,415.60,398.00,411.35,411.90,401.00,,411.35,,,12400,5060210.00,51,F1,200,,,,,
2026-08-28,2026-08-28,CM,NSE,STK,11584,INE586G01017,GULFPETRO,BE,,,,,GP PETROLEUMS LIMITED,66.18,68.50,63.21,67.76,67.80,66.18,,67.75,,,148231,9763500.61,482,F1,1,,,,,
2026-08-28,2026-08-28,CM,NSE,STK,22846,INE486R01017,GPTHEALTH,EQ,,,,,GPT HEALTHCARE LIMITED,151.40,153.70,150.49,151.72,150.50,151.39,,151.72,,,55986,8492810.64,1395,F1,1,,,,,
2026-08-28,2026-08-28,CM,NSE,STK,17685,INE390G01014,GPTINFRA,EQ,,,,,GPT INFRAPROJECTS LTD,113.58,114.05,111.60,111.91,111.60,113.58,,111.92,,,82362,9258724.40,1024,F1,1,,,,,
2026-08-28,2026-08-28,CM,NSE,STK,763299,INE361K01017,GRADIENTE,EQ,,,,,GRADIENTE INFOTAINMENT L,2.79,2.79,2.65,2.72,2.75,2.71,,2.72,,,2679318,7373930.56,362,F1,1,,,,,
2026-08-28,2026-08-28,CM,NSE,STK,30289,INE12E301017,GCHOTELS,ST,,,,,GRAND CONTINENT HOTELS L,95.50,97.50,93.10,96.60,96.95,96.90,,96.60,,,42600,4043970.00,65,F1,600,,,,,
2026-08-28,2026-08-28,CM,NSE,STK,762695,INE926B01016,GRANDOAK,EQ,,,,,GRAND OAK CANYONS DIST L,37.82,38.95,35.58,36.69,36.70,37.45,,36.69,,,16138,587282.75,228,F1,1,,,,,
2026-08-28,2026-08-28,CM,NSE,STK,11872,INE101D01020,GRANULES,EQ,,,,,GRANULES INDIA LIMITED,833.50,844.75,833.50,836.65,837.85,832.30,,836.67,,,328237,275246239.20,14831,F1,1,,,,,
2026-08-28,2026-08-28,CM,NSE,STK,20454,INE0POU01017,GRAPHISAD,SM,,,,,GRAPHISADS LIMITED,26.05,26.70,25.15,26.70,26.70,26.35,,26.70,,,16800,435240.00,11,F1,1200,,,,,
2026-08-28,2026-08-28,CM,NSE,STK,592,INE371A01025,GRAPHITE,EQ,,,,,GRAPHITE INDIA LTD,683.90,705.60,683.00,696.00,695.50,683.00,,696.03,,,930045,649096674.45,36210,F1,1,,,,,
2026-08-28,2026-08-28,CM,NSE,STK,1232,INE047A01021,GRASIM,EQ,,,,,GRASIM INDUSTRIES LTD,3261.00,3292.50,3229.00,3290.00,3290.00,3258.00,,3289.99,,,676185,2199548744.50,26435,F1,1,,,,,
2026-08-28,2026-08-28,CM,NSE,STK,5200,INE266D01021,GRAUWEIL,EQ,,,,,GRAUER & WEIL IND LTD,67.95,72.00,67.75,71.32,71.19,67.75,,71.31,,,715607,50369499.14,9449,F1,1,,,,,
2026-08-28,2026-08-28,CM,NSE,STK,762700,INE214F01026,GRAVISSHO,EQ,,,,,GRAVISS HOSPITALITY LTD.,28.67,30.00,28.67,30.00,30.00,30.85,,30.00,,,82,2404.70,8,F1,1,,,,,
2026-08-28,2026-08-28,CM,NSE,STK,20534,INE024L01027,GRAVITA,EQ,,,,,GRAVITA INDIA LIMITED,1821.90,1835.00,1809.00,1825.80,1825.00,1824.50,,1825.89,,,85446,155789262.10,9732,F1,1,,,,,
2026-08-28,2026-08-28,CM,NSE,STK,1235,INE224A01026,GREAVESCOT,EQ,,,,,GREAVES COTTON LTD.,192.02,196.53,192.02,194.41,194.11,191.17,,194.41,,,884651,172066783.07,9284,F1,1,,,,,
2026-08-28,2026-08-28,CM,NSE,STK,17092,INE0O7P01015,GREENCHEF,SM,,,,,GREENCHEF APPLIANCES LTD,62.65,64.75,59.00,59.45,59.00,62.65,,59.45,,,11200,677800.00,13,F1,800,,,,,
2026-08-28,2026-08-28,CM,NSE,STK,6848,INE544R01021,GREENLAM,EQ,,,,,GREENLAM INDUSTRIES LTD.,244.60,248.80,242.50,246.35,246.75,243.25,,246.44,,,84116,20666361.65,2705,F1,1,,,,,
2026-08-28,2026-08-28,CM,NSE,STK,759427,INE0PLX01017,GREENLEAF,ST,,,,,GREENLEAF ENVIROTECH LTD,116.00,116.00,112.10,114.20,114.20,118.00,,114.20,,,10000,1132250.00,10,F1,1000,,,,,
2026-08-28,2026-08-28,CM,NSE,STK,13810,INE08ZM01014,GREENPANEL,EQ,,,,,GREENPANEL INDUSTRIES LTD,159.85,164.13,158.41,161.06,160.89,159.90,,161.06,,,218249,35209012.83,4146,F1,1,,,,,
2026-08-28,2026-08-28,CM,NSE,STK,3987,INE461C01038,GREENPLY,EQ,,,,,GREENPLY INDUSTRIES LTD,293.00,293.40,283.10,286.25,285.00,291.25,,286.25,,,68923,19749417.30,2323,F1,1,,,,,
2026-08-28,2026-08-28,CM,NSE,STK,758986,INE199P01028,GCSL,EQ,,,,,GRETEX CORPORATE SERVICES,545.75,545.75,537.10,541.30,543.80,540.55,,541.30,,,433052,235058708.20,4031,F1,1,,,,,
2026-08-28,2026-08-28,CM,NSE,STK,13560,INE536A01023,GRINDWELL,EQ,,,,,GRINDWELL NORTON LIMITED,2034.20,2063.70,2024.40,2057.70,2059.00,2024.10,,2057.67,,,15697,32155052.80,5057,F1,1,,,,,
2026-08-28,2026-08-28,CM,NSE,STK,10871,INE192H01020,GRMOVER,EQ,,,,,GRM OVERSEAS LIMITED,87.07,88.65,86.00,86.38,86.00,87.76,,86.38,,,956059,83270209.46,3993,F1,1,,,,,
2026-08-28,2026-08-28,CM,NSE,STK,760971,INE1TY801010,GJL,ST,,,,,GROVER JEWELLS LIMITED,247.00,247.00,247.00,247.00,247.00,249.50,,247.00,,,800,197600.00,1,F1,800,,,,,
2026-08-28,2026-08-28,CM,NSE,STK,764285,INF666M01PH7,CEMNTGROWW,EQ,,,,,GROWWAMC - CEMNTGROWW,15.04,15.13,14.72,14.87,14.88,14.97,,14.87,,,56947,845167.15,562,F1,1,,,,,
2026-08-28,2026-08-28,CM,NSE,STK,760051,INF666M01MM4,GROWWCAPM,EQ,,,,,GROWWAMC - GROWWCAPM,11.58,11.63,11.42,11.58,11.63,11.48,,11.58,,,332571,3849865.18,604,F1,1,,,,,
2026-08-28,2026-08-28,CM,NSE,STK,760673,INF666M01NP5,GROWWCHEM,EQ,,,,,GROWWAMC - GROWWCHEM,30.56,30.78,30.14,30.35,30.42,30.40,,30.35,,,38114,1155480.35,282,F1,1,,,,,
2026-08-28,2026-08-28,CM,NSE,STK,25758,INF666M01IO8,GROWWDEFNC,EQ,,,,,GROWWAMC - GROWWDEFNC,97.98,98.73,97.05,97.44,97.69,97.95,,97.44,,,170175,16586588.74,2363,F1,1,,,,,
2026-08-28,2026-08-28,CM,NSE,STK,24798,INF666M01IH2,GROWWEV,EQ,,,,,GROWWAMC - GROWWEV,33.26,33.55,33.11,33.38,33.11,33.25,,33.38,,,217473,7260781.75,1611,F1,1,,,,,
2026-08-28,2026-08-28,CM,NSE,STK,25872,INF666M01OE7,GROWWGOLD,EQ,,,,,GROWWAMC - GROWWGOLD,15.65,15.65,15.25,15.43,15.48,15.33,,15.43,,,1858335,28532841.20,3875,F1,1,,,,,
2026-08-28,2026-08-28,CM,NSE,STK,760874,INF666M01OD9,GROWWHOSPI,EQ,,,,,GROWWAMC - GROWWHOSPI,52.20,52.80,52.20,52.64,52.52,52.43,,52.64,,,709887,37381335.74,1041,F1,1,,,,,
2026-08-28,2026-08-28,CM,NSE,STK,25447,INF666M01IP5,GROWWLIQID,EQ,,,,,GROWWAMC - GROWWLIQID,110.55,110.56,110.55,110.55,110.56,110.51,,110.55,,,493871,54597932.61,176,F1,1,,,,,
2026-08-28,2026-08-28,CM,NSE,STK,758300,INF666M01LB9,GROWWLOVOL,EQ,,,,,GROWWAMC - GROWWLOVOL,10.38,10.58,10.38,10.47,10.48,10.38,,10.47,,,9671,101129.05,85,F1,1,,,,,
2026-08-28,2026-08-28,CM,NSE,STK,759719,INF666M01MV5,GROWWMC150,EQ,,,,,GROWWAMC - GROWWMC150,240.98,240.98,234.39,237.13,236.98,237.00,,237.13,,,625,148041.07,38,F1,1,,,,,
2026-08-28,2026-08-28,CM,NSE,STK,760438,INF666M01NI0,GROWWMETAL,EQ,,,,,GROWWAMC - GROWWMETAL,12.97,12.98,12.77,12.87,12.83,12.84,,12.87,,,416956,5360067.61,1547,F1,1,,,,,
2026-08-28,2026-08-28,CM,NSE,STK,756086,INF666M01KJ4,GROWWMOM50,EQ,,,,,GROWWAMC - GROWWMOM50,10.91,11.55,10.91,11.35,11.23,11.19,,11.35,,,438378,4944467.72,556,F1,1,,,,,
2026-08-28,2026-08-28,CM,NSE,STK,29872,INF666M01JV1,GROWWN200,EQ,,,,,GROWWAMC - GROWWN200,11.75,11.75,11.39,11.39,11.39,11.47,,11.39,,,34342,392105.79,247,F1,1,,,,,
2026-08-28,2026-08-28,CM,NSE,STK,757814,INF666M01LI4,GROWWNET,EQ,,,,,GROWWAMC - GROWWNET,11.09,11.09,10.81,10.88,10.91,11.00,,10.88,,,480119,5246106.72,803,F1,1,,,,,
2026-08-28,2026-08-28,CM,NSE,STK,758697,INF666M01LL8,GROWWNIFTY,EQ,,,,,GROWWAMC - GROWWNIFTY,9.90,9.90,9.71,9.74,9.81,9.77,,9.74,,,679296,6632108.38,3269,F1,1,,,,,
2026-08-28,2026-08-28,CM,NSE,STK,759458,INF666M01LZ8,GROWWNXT50,EQ,,,,,GROWWAMC - GROWWNXT50,75.48,75.48,74.17,74.51,74.70,74.99,,74.51,,,16692,1243594.15,116,F1,1,,,,,
2026-08-28,2026-08-28,CM,NSE,STK,758165,INF666M01LM6,GROWWPOWER,EQ,,,,,GROWWAMC - GROWWPOWER,11.39,11.42,11.30,11.33,11.36,11.32,,11.33,,,2374411,26911959.90,1926,F1,1,,,,,
2026-08-28,2026-08-28,CM,NSE,STK,760976,INF666M01NQ3,GROWWPSE,EQ,,,,,GROWWAMC - GROWWPSE,96.10,99.60,95.96,97.13,97.80,97.92,,97.13,,,3578,348125.28,64,F1,1,,,,,
2026-08-28,2026-08-28,CM,NSE,STK,761514,INF666M01OG2,GROWWPSUBK,EQ,,,,,GROWWAMC - GROWWPSUBK,86.51,86.51,85.73,85.83,86.00,85.78,,85.83,,,1740,149397.31,35,F1,1,,,,,
2026-08-28,2026-08-28,CM,NSE,STK,29527,INF666M01JJ6,GROWWRAIL,EQ,,,,,GROWWAMC - GROWWRAIL,28.64,28.70,28.37,28.52,28.56,28.51,,28.55,,,464130,13217091.52,2466,F1,1,,,,,
2026-08-28,2026-08-28,CM,NSE,STK,759428,INF666M01MN2,GROWWRLTY,EQ,,,,,GROWWAMC - GROWWRLTY,10.25,10.32,10.11,10.14,10.11,10.20,,10.14,,,238175,2418721.67,433,F1,1,,,,,
2026-08-28,2026-08-28,CM,NSE,STK,759522,INF666M01MO0,GROWWSC250,EQ,,,,,GROWWAMC - GROWWSC250,10.60,10.69,10.58,10.67,10.68,10.61,,10.67,,,162225,1728970.12,502,F1,1,,,,,
2026-08-28,2026-08-28,CM,NSE,STK,756827,INF666M01OF4,GROWWSLVR,EQ,,,,,GROWWAMC - GROWWSLVR,23.78,23.78,23.10,23.59,23.60,23.20,,23.59,,,1375964,32261386.90,2233,F1,1,,,,,
2026-08-28,2026-08-28,CM,NSE,STK,763572,INF666M01OT5,PVTBKGROWW,EQ,,,,,GROWWAMC - PVTBKGROWW,28.19,28.39,27.64,27.86,27.68,27.89,,27.86,,,22199,618547.33,815,F1,1,,,,,
2026-08-28,2026-08-28,CM,NSE,STK,751745,INF666M01PG9,SMALLGROWW,EQ,,,,,GROWWAMC - SMALLGROWW,50.17,50.17,49.04,49.43,49.45,50.52,,49.43,,,30398,1502622.97,201,F1,1,,,,,
2026-08-28,2026-08-28,CM,NSE,STK,6543,INE137I01015,GRPLTD,EQ,,,,,GRP LIMITED,1969.40,2025.30,1961.20,2010.90,2025.30,1982.90,,2011.27,,,495,984653.90,107,F1,1,,,,,
2026-08-28,2026-08-28,CM,NSE,STK,23888,INE0SQY01018,GSMFOILS,SM,,,,,GSM FOILS LIMITED,117.60,117.60,117.60,117.60,117.60,112.00,,117.60,,,107500,12642000.00,67,F1,500,,,,,
2026-08-28,2026-08-28,CM,NSE,STK,762239,INE713R01022,GSPCROP,EQ,,,,,GSP CROP SCIENCE LIMITED,627.00,637.10,622.50,626.60,627.80,627.75,,626.61,,,140331,88210971.00,4752,F1,1,,,,,
2026-08-28,2026-08-28,CM,NSE,STK,15347,INE871H01011,GSS,EQ,,,,,GSS INFOTECH LIMITED,12.47,12.47,12.08,12.38,12.41,12.13,,12.38,,,7380,90883.57,103,F1,1,,,,,
2026-08-28,2026-08-28,CM,NSE,STK,13745,INE221H01019,GTLINFRA,EQ,,,,,GTL INFRA.LTD,1.21,1.23,1.20,1.20,1.21,1.20,,1.20,,,24825816,30043226.20,5260,F1,1,,,,,
2026-08-28,2026-08-28,CM,NSE,STK,1162,INE043A01012,GTL,EQ,,,,,GTL LTD,7.42,7.50,7.26,7.37,7.40,7.32,,7.37,,,231354,1704875.62,504,F1,1,,,,,
2026-08-28,2026-08-28,CM,NSE,STK,21195,INE869I01013,GTPL,EQ,,,,,GTPL HATHWAY LIMITED,53.55,55.10,53.25,53.54,53.52,53.95,,53.54,,,383813,20718855.21,514,F1,1,,,,,
2026-08-28,2026-08-28,CM,NSE,STK,11606,INE742B01025,GUFICBIO,EQ,,,,,GUFIC BIOSCIENCES LTD.,412.20,414.05,400.50,406.30,409.40,412.20,,406.35,,,69317,28378859.00,2792,F1,1,,,,,
2026-08-28,2026-08-28,CM,NSE,STK,1145,INE162A01010,GIPCL,EQ,,,,,GUJ IND POW CO. LTD,200.99,206.80,200.56,205.91,205.61,200.48,,205.90,,,1384606,282836780.77,14397,F1,1,,,,,
2026-08-28,2026-08-28,CM,NSE,STK,1174,INE113A01013,GNFC,EQ,,,,,GUJ NAR VAL FER & CHEM L,577.00,591.95,572.95,580.05,581.90,577.00,,580.08,,,363373,210756751.60,12961,F1,1,,,,,
2026-08-28,2026-08-28,CM,NSE,STK,1247,INE026A01025,GSFC,EQ,,,,,GUJ STATE FERT & CHEM LTD,159.40,161.00,157.60,157.97,157.96,159.16,,157.97,,,729308,115512262.93,7150,F1,1,,,,,
2026-08-28,2026-08-28,CM,NSE,STK,14677,INE826C01016,GUJAPOLLO,EQ,,,,,GUJ. APOLLO IND. LTD.,360.00,360.00,342.80,345.25,344.40,351.50,,345.25,,,7280,2529727.85,445,F1,1,,,,,
2026-08-28,2026-08-28,CM,NSE,STK,1267,INE186A01019,GUJALKALI,EQ,,,,,GUJARAT ALKALIES & CHEM,715.00,716.60,705.00,706.85,705.30,710.75,,706.89,,,34553,24522394.05,3298,F1,1,,,,,
2026-08-28,2026-08-28,CM,NSE,STK,8828,INE036B01030,GAEL,EQ,,,,,GUJARAT AMBUJA EXPORTS LT,169.00,170.57,165.56,166.98,167.40,168.50,,167.02,,,913733,153123299.43,16281,F1,1,,,,,
2026-08-28,2026-08-28,CM,NSE,STK,10599,INE844O01030,GUJENERGY,EQ,,,,,GUJARAT ENERGY LIMITED,251.90,255.65,250.00,254.80,254.70,250.35,,254.80,,,848622,214785337.80,18522,F1,1,,,,,
2026-08-28,2026-08-28,CM,NSE,STK,13750,INE09N301011,FLUOROCHEM,EQ,,,,,GUJARAT FLUOROCHEM LTD,4672.10,4789.00,4642.30,4771.20,4770.00,4672.10,,4771.27,,,111013,524121279.40,11729,F1,1,,,,,
2026-08-28,2026-08-28,CM,NSE,STK,761197,INE0V0W01025,GKSL,EQ,,,,,GUJARAT KIDNEY N SUP SP L,155.20,163.44,153.02,160.64,160.51,154.29,,160.65,,,1261120,200325704.69,12477,F1,1,,,,,
2026-08-28,2026-08-28,CM,NSE,STK,1156,INE540A01017,GLFL,EQ,,,,,GUJARAT LEASE FINANCING L,5.45,5.72,5.20,5.72,5.72,5.45,,5.72,,,9421,53089.70,37,F1,1,,,,,
2026-08-28,2026-08-28,CM,NSE,STK,5204,INE131A01031,GMDCLTD,EQ,,,,,GUJARAT MINERAL DEV CORP,567.00,574.35,565.60,567.65,567.50,567.25,,567.65,,,736396,419079084.95,16469,F1,1,,,,,
2026-08-28,2026-08-28,CM,NSE,STK,762690,INE207H01018,GNRL,EQ,,,,,GUJARAT NATURAL RES L,97.90,97.90,96.31,96.82,96.90,97.65,,96.83,,,34747,3369607.98,550,F1,1,,,,,
2026-08-28,2026-08-28,CM,NSE,STK,19731,INE517F01014,GPPL,EQ,,,,,GUJARAT PIPAVAV PORT LTD,169.55,169.55,167.40,168.75,168.70,169.10,,168.75,,,1092016,184032607.69,12181,F1,1,,,,,
2026-08-28,2026-08-28,CM,NSE,STK,4548,INE610B01024,GUJRAFFIA,EQ,,,,,GUJARAT RAFFIA INDUST LTD,41.50,41.50,39.40,41.40,41.40,41.00,,41.40,,,627,25480.04,16,F1,1,,,,,
2026-08-28,2026-08-28,CM,NSE,STK,29731,INE942C01045,GUJTHEM,EQ,,,,,GUJARAT THEMIS BIOSYN LTD,410.10,417.50,406.75,411.05,410.15,412.20,,411.04,,,209713,86133738.15,6180,F1,1,,,,,
2026-08-28,2026-08-28,CM,NSE,STK,4391,INE635Q01029,GULFOILLUB,EQ,,,,,GULF OIL LUB. IND. LTD.,1154.30,1154.60,1136.60,1143.90,1143.40,1154.30,,1143.89,,,55037,63062659.70,8985,F1,1,,,,,
2026-08-28,2026-08-28,CM,NSE,STK,6286,INE255D01024,GULPOLY,EQ,,,,,GULSHAN POLYOLS LIMITED,193.09,195.48,191.00,192.73,192.53,193.09,,192.72,,,105481,20348502.58,2161,F1,1,,,,,
2026-08-28,2026-08-28,CM,NSE,STK,759261,INE1CCX01012,GURUNANAK,SM,,,,,GURUNANAK AGRICULTUR IN L,36.60,36.60,36.60,36.60,36.60,38.50,,36.60,,,3200,117120.00,2,F1,1600,,,,,
2026-08-28,2026-08-28,CM,NSE,STK,13229,INE251H01024,GVKPIL,BE,,,,,GVK POW. & INFRA LTD.,2.08,2.12,2.05,2.12,2.12,2.08,,2.12,,,2089956,4374758.26,966,F1,1,,,,,
2026-08-28,2026-08-28,CM,NSE,STK,10865,INE382T01030,GVPTECH,EQ,,,,,GVP INFOTECH LIMITED,7.88,9.03,7.87,9.03,9.03,7.53,,9.03,,,1285332,11316687.03,2146,F1,1,,,,,
2026-08-28,2026-08-28,CM,NSE,STK,764050,INE724A01017,GYFTR,EQ,,,,,GYFTR LIMITED,168.58,168.58,164.88,166.82,168.50,166.81,,166.74,,,12842,2133948.31,121,F1,1,,,,,
2026-08-28,2026-08-28,CM,NSE,STK,762712,INE640B01021,HBESD,EQ,,,,,H B ESTATE DEVELOPERS L,75.95,77.49,74.05,74.50,74.50,75.95,,74.57,,,540,40247.49,15,F1,1,,,,,
2026-08-28,2026-08-28,CM,NSE,STK,1672,INE926X01010,HGINFRA,EQ,,,,,H.G.INFRA ENGINEERING LTD,502.00,504.15,495.10,496.50,497.70,502.15,,496.48,,,52973,26387749.00,2547,F1,1,,,,,
2026-08-28,2026-08-28,CM,NSE,STK,760715,INE115S01010,HALDER,EQ,,,,,HALDER VENTURE LIMITED,297.97,298.00,287.00,294.99,295.00,297.88,,295.73,,,15606,4624426.06,143,F1,1,,,,,
2026-08-28,2026-08-28,CM,NSE,STK,762708,INE506D01020,HALDYNGL,BE,,,,,HALDYN GLASS LTD.,135.00,140.23,131.10,139.29,139.95,134.26,,139.16,,,86342,11994012.24,407,F1,1,,,,,
2026-08-28,2026-08-28,CM,NSE,STK,21551,INE320X01016,HALEOSLABS,EQ,,,,,HALEOS LABS LIMITED,1495.00,1526.80,1486.00,1495.10,1495.00,1501.80,,1495.10,,,1337,2005404.60,154,F1,1,,,,,
2026-08-28,2026-08-28,CM,NSE,STK,765075,INE299D01022,HAMPTON,EQ,,,,,HAMPTON SKY REALTY LTD.,8.83,8.83,8.00,8.03,8.14,8.30,,8.03,,,36275,294694.06,120,F1,1,,,,,
2026-08-28,2026-08-28,CM,NSE,STK,13592,INE596H01014,HGM,EQ,,,,,HANDSON GBL MNGMNT LTD,44.89,48.90,42.00,46.74,46.79,43.99,,46.84,,,20040,924622.10,329,F1,1,,,,,
2026-08-28,2026-08-28,CM,NSE,STK,48,INE419U01012,HAPPSTMNDS,EQ,,,,,HAPPIEST MINDS TECHNO LTD,421.10,427.10,404.05,408.00,410.00,420.25,,408.00,,,3267707,1351924020.30,64728,F1,1,,,,,
2026-08-28,2026-08-28,CM,NSE,STK,20854,INE330T01021,HAPPYFORGE,EQ,,,,,HAPPY FORGINGS LIMITED,2272.00,2311.00,2260.10,2307.00,2310.00,2250.80,,2306.99,,,51595,118250310.80,6987,F1,1,,,,,
2026-08-28,2026-08-28,CM,NSE,STK,757665,INE0TLP01015,WHITEFORCE,SM,,,,,HAPPY SQUARE OUTSOURC S L,48.60,48.60,45.00,45.50,45.00,40.50,,45.50,,,6400,300080.00,4,F1,1600,,,,,
2026-08-28,2026-08-28,CM,NSE,STK,764131,INE1GFG01011,HAPPY,SM,,,,,HAPPY STEELS LIMITED,84.15,92.60,84.15,92.00,92.60,84.25,,92.00,,,104000,9278800.00,46,F1,2000,,,,,
2026-08-28,2026-08-28,CM,NSE,STK,8962,INE626Z01029,HARDWYN,EQ,,,,,HARDWYN INDIA LIMITED,9.07,9.24,9.00,9.07,9.06,9.05,,9.07,,,1621337,14746175.63,1373,F1,1,,,,,
2026-08-28,2026-08-28,CM,NSE,STK,8968,INE00EV01017,HARIOMPIPE,EQ,,,,,HARIOM PIPE INDUSTRIES L,343.65,354.40,342.15,352.20,353.50,341.15,,352.22,,,96840,33731742.55,2774,F1,1,,,,,
2026-08-28,2026-08-28,CM,NSE,STK,764703,INE400G01011,HRYNSHP,EQ,,,,,HARIYANA SHIP BREAKERS L,102.85,102.85,99.90,99.90,99.90,99.86,,100.80,,,22,2214.40,5,F1,1,,,,,
2026-08-28,2026-08-28,CM,NSE,STK,1313,INE544A01019,HARRMALAYA,EQ,,,,,HARRISON MALAYALAM LTD,198.75,198.75,193.22,197.20,197.51,194.70,,197.20,,,9508,1864318.57,345,F1,1,,,,,
2026-08-28,2026-08-28,CM,NSE,STK,11162,INE0JUS01029,HARSHA,EQ,,,,,HARSHA ENGINEERS INT LTD,441.90,447.80,436.65,438.85,438.00,438.55,,438.85,,,149012,66008402.45,5288,F1,1,,,,,
2026-08-28,2026-08-28,CM,NSE,STK,18154,INE982F01036,HATHWAY,EQ,,,,,HATHWAY CABLE & DATACOM,10.55,10.65,10.51,10.57,10.58,10.55,,10.57,,,1196466,12657870.72,1785,F1,1,,,,,
2026-08-28,2026-08-28,CM,NSE,STK,3892,INE473B01035,HATSUN,EQ,,,,,HATSUN AGRO PRODUCT LTD.,1151.00,1196.55,1135.55,1176.05,1177.00,1152.50,,1175.99,,,119907,140653193.70,11389,F1,1,,,,,
2026-08-28,2026-08-28,CM,NSE,STK,9819,INE176B01034,HAVELLS,EQ,,,,,HAVELLS INDIA LIMITED,1247.00,1247.00,1190.10,1222.90,1222.90,1241.00,,1222.89,,,1778490,2162091401.40,60138,F1,1,,,,,
2026-08-28,2026-08-28,CM,NSE,STK,4444,INE979B01015,HAWKINCOOK,EQ,,,,,HAWKINS COOKERS LTD,8250.00,8301.00,8131.00,8230.00,8270.00,8239.00,,8229.68,,,373,3074360.00,223,F1,1,,,,,
2026-08-28,2026-08-28,CM,NSE,STK,764693,INE550F01049,HAZOOR,EQ,,,,,HAZOOR MULTI PROJECTS LTD,20.82,22.49,19.41,19.94,19.80,20.82,,19.95,,,480486,9785312.68,1193,F1,1,,,,,
2026-08-28,2026-08-28,CM,NSE,STK,765080,INE638B01025,HBPOR,EQ,,,,,HB PORTFOLIO LTD.,61.99,61.99,56.45,61.79,61.90,59.50,,61.79,,,479,29104.57,27,F1,1,,,,,
2026-08-28,2026-08-28,CM,NSE,STK,4116,INE550B01022,HBSL,EQ,,,,,HB STOCKHOLDINGS LIMITED,52.00,53.40,50.70,52.55,52.95,51.99,,52.55,,,4040,210201.23,139,F1,1,,,,,
2026-08-28,2026-08-28,CM,NSE,STK,13966,INE292B01021,HBLENGINE,EQ,,,,,HBL ENGINEERING LTD,665.75,677.90,665.75,674.10,674.45,665.75,,674.07,,,573296,385823712.80,19610,F1,1,,,,,
2026-08-28,2026-08-28,CM,NSE,STK,1327,INE236A01020,HCL-INSYS,EQ,,,,,HCL INFOSYSTEMS LTD,10.81,11.07,10.62,10.78,10.76,10.81,,10.78,,,206429,2234822.81,788,F1,1,,,,,
2026-08-28,2026-08-28,CM,NSE,STK,7229,INE860A01027,HCLTECH,EQ,,,,,HCL TECHNOLOGIES LTD,1290.00,1334.20,1290.00,1316.10,1316.10,1282.00,,1316.10,,,3459476,4560031668.30,91276,F1,1,,,,,
2026-08-28,2026-08-28,CM,NSE,STK,757772,INE756I01012,HDBFS,EQ,,,,,HDB FINANCIAL SERVICES L,685.15,687.00,678.00,679.35,680.00,685.15,,679.34,,,172622,117639755.70,10930,F1,1,,,,,
2026-08-28,2026-08-28,CM,NSE,STK,4244,INE127D01025,HDFCAMC,EQ,,,,,HDFC AMC LIMITED,2573.00,2589.20,2539.00,2569.00,2569.00,2575.00,,2568.85,,,587652,1503585103.00,34671,F1,1,,,,,
2026-08-28,2026-08-28,CM,NSE,STK,1333,INE040A01034,HDFCBANK,EQ,,,,,HDFC BANK LTD,710.85,720.30,707.00,720.30,720.30,711.00,,720.29,,,16494301,11796010616.70,221663,F1,1,,,,,
2026-08-28,2026-08-28,CM,NSE,STK,19543,INF179KC1981,HDFCGOLD,EQ,,,,,HDFC GOLD ETF,132.63,137.99,132.62,135.29,135.30,134.63,,135.29,,,2979111,401378593.31,8346,F1,1,,,,,
2026-08-28,2026-08-28,CM,NSE,STK,467,INE795G01014,HDFCLIFE,EQ,,,,,HDFC LIFE INS CO LTD,550.80,550.95,543.80,548.00,548.00,548.00,,547.99,,,2076182,1137041038.35,48440,F1,1,,,,,
2026-08-28,2026-08-28,CM,NSE,STK,14230,INF179KC1EZ4,HDFCBSE500,EQ,,,,,HDFCAMC - HDFCBSE500,37.46,38.17,37.46,37.87,37.99,37.86,,37.87,,,363854,13776399.90,173,F1,1,,,,,
2026-08-28,2026-08-28,CM,NSE,STK,11241,INF179KC1DJ0,HDFCGROWTH,EQ,,,,,HDFCAMC - HDFCGROWTH,121.50,121.85,120.92,121.37,121.81,120.43,,121.35,,,13860,1682458.99,98,F1,1,,,,,
2026-08-28,2026-08-28,CM,NSE,STK,18279,INF179KC1JG3,HDFCLIQUID,EQ,,,,,HDFCAMC - HDFCLIQUID,1075.85,1075.87,1075.85,1075.85,1075.87,1075.43,,1075.85,,,31517,33907742.96,44,F1,1,,,,,
2026-08-28,2026-08-28,CM,NSE,STK,11547,INF179KC1HU8,HDFCLOWVOL,EQ,,,,,HDFCAMC - HDFCLOWVOL,20.72,20.83,20.72,20.74,20.74,20.72,,20.74,,,9837,204132.87,59,F1,1,,,,,
2026-08-28,2026-08-28,CM,NSE,STK,14236,INF179KC1HT0,HDFCMID150,EQ,,,,,HDFCAMC - HDFCMID150,23.82,23.91,23.77,23.79,23.89,23.81,,23.80,,,339699,8087434.30,1208,F1,1,,,,,
2026-08-28,2026-08-28,CM,NSE,STK,11538,INF179KC1HV6,HDFCMOMENT,EQ,,,,,HDFCAMC - HDFCMOMENT,31.73,31.87,31.62,31.71,31.75,31.71,,31.70,,,132955,4217393.29,519,F1,1,,,,,
2026-08-28,2026-08-28,CM,NSE,STK,10619,INF179KC1HS2,HDFCNEXT50,EQ,,,,,HDFCAMC - HDFCNEXT50,76.28,76.28,75.52,75.73,75.97,75.91,,75.73,,,60024,4552595.40,539,F1,1,,,,,
2026-08-28,2026-08-28,CM,NSE,STK,10633,INF179KC1HR4,HDFCNIF100,EQ,,,,,HDFCAMC - HDFCNIF100,26.14,26.33,26.10,26.31,26.33,26.29,,26.31,,,119859,3149088.80,237,F1,1,,,,,
2026-08-28,2026-08-28,CM,NSE,STK,22433,INF179KC1HY0,HDFCNIFBAN,EQ,,,,,HDFCAMC - HDFCNIFBAN,59.29,59.44,59.10,59.28,59.37,59.29,,59.28,,,21219,1257592.68,319,F1,1,,,,,
2026-08-28,2026-08-28,CM,NSE,STK,12101,INF179KC1IA8,HDFCNIFIT,EQ,,,,,HDFCAMC - HDFCNIFIT,32.33,33.44,32.33,33.25,33.26,32.33,,33.25,,,273938,9102332.69,317,F1,1,,,,,
2026-08-28,2026-08-28,CM,NSE,STK,11591,INF179KC1965,HDFCNIFTY,EQ,,,,,HDFCAMC - HDFCNIFTY,272.59,273.18,271.76,272.45,273.00,272.77,,272.45,,,90081,24535733.78,819,F1,1,,,,,
2026-08-28,2026-08-28,CM,NSE,STK,764336,INF179KC1KT4,HDFCNIMEG,EQ,,,,,HDFCAMC - HDFCNIMEG,134.74,134.96,133.96,134.30,134.24,133.20,,134.30,,,23694,3182500.58,52,F1,1,,,,,
2026-08-28,2026-08-28,CM,NSE,STK,12108,INF179KC1HZ7,HDFCPVTBAN,EQ,,,,,HDFCAMC - HDFCPVTBAN,29.04,29.04,28.23,28.32,28.38,28.34,,28.32,,,135247,3830135.20,362,F1,1,,,,,
2026-08-28,2026-08-28,CM,NSE,STK,11255,INF179KC1DL6,HDFCQUAL,EQ,,,,,HDFCAMC - HDFCQUAL,57.98,59.74,57.98,59.26,59.60,59.09,,59.26,,,41122,2438656.12,81,F1,1,,,,,
2026-08-28,2026-08-28,CM,NSE,STK,11593,INF179KC1HX2,HDFCSENSEX,EQ,,,,,HDFCAMC - HDFCSENSEX,88.00,88.00,87.31,87.54,87.40,87.65,,87.54,,,13651,1196568.37,464,F1,1,,,,,
2026-08-28,2026-08-28,CM,NSE,STK,10876,INF179KC1DI2,HDFCSILVER,EQ,,,,,HDFCAMC - HDFCSILVER,231.88,231.88,225.23,230.34,230.44,226.23,,230.35,,,3146569,721728476.67,10664,F1,1,,,,,
2026-08-28,2026-08-28,CM,NSE,STK,14233,INF179KC1FB2,HDFCSML250,EQ,,,,,HDFCAMC - HDFCSML250,186.82,186.82,185.56,186.50,186.55,185.58,,186.48,,,879722,163957575.10,8440,F1,1,,,,,
2026-08-28,2026-08-28,CM,NSE,STK,11260,INF179KC1DK8,HDFCVALUE,EQ,,,,,HDFCAMC - HDFCVALUE,125.43,125.85,125.20,125.51,125.50,125.42,,125.51,,,5306,665782.29,53,F1,1,,,,,
2026-08-28,2026-08-28,CM,NSE,STK,22595,INF179KC1HW4,HDFCPSUBK,EQ,,,,,HDFCAMC HDFCPSUBK,86.51,87.28,86.50,86.70,86.50,86.77,,86.70,,,28295,2455500.05,134,F1,1,,,,,
2026-08-28,2026-08-28,CM,NSE,STK,19205,INE759V01019,HEADSUP,EQ,,,,,HEADS UP VENTURES LIMITED,6.80,7.29,6.80,6.99,7.00,6.87,,6.99,,,15550,108895.16,111,F1,1,,,,,
2026-08-28,2026-08-28,CM,NSE,STK,20063,INE019J01013,HEALTHX,EQ,,,,,HEALTH X PLATFORM LIMITED,292.10,302.25,292.10,300.05,302.25,293.55,,300.05,,,2233,665195.50,58,F1,1,,,,,
2026-08-28,2026-08-28,CM,NSE,STK,15555,INE075I01017,HCG,EQ,,,,,HEALTHCARE GLOB. ENT. LTD,703.95,704.90,693.55,696.30,694.60,699.95,,696.28,,,54966,38478791.75,8646,F1,1,,,,,
2026-08-28,2026-08-28,CM,NSE,STK,7425,INE558R01013,HECPROJECT,EQ,,,,,HEC INFRA PROJECTS LTD,116.26,119.35,116.26,118.06,118.90,117.97,,118.06,,,3081,364270.28,86,F1,1,,,,,
2026-08-28,2026-08-28,CM,NSE,STK,1336,INE545A01024,HEG,EQ,,,,,HEG LTD,713.10,743.55,712.20,737.35,737.80,710.20,,737.35,,,2665306,1957504190.90,49201,F1,1,,,,,
2026-08-28,2026-08-28,CM,NSE,STK,2316,INE578A01017,HEIDELBERG,EQ,,,,,HEIDELBERGCEMENT (I) LTD,161.70,162.75,160.65,160.99,161.00,161.70,,161.00,,,135775,21903347.83,1608,F1,1,,,,,
2026-08-28,2026-08-28,CM,NSE,STK,701,INE0AJG01018,HEMIPROP,EQ,,,,,HEMISPHERE PROP IND LTD,130.61,131.47,129.26,129.98,130.00,130.56,,129.96,,,208579,27129542.96,1715,F1,1,,,,,
2026-08-28,2026-08-28,CM,NSE,STK,2614,INE694N01015,HERANBA,EQ,,,,,HERANBA INDUSTRIES LTD,174.00,174.00,170.00,171.64,172.33,169.69,,171.44,,,18761,3214997.32,866,F1,1,,,,,
2026-08-28,2026-08-28,CM,NSE,STK,4598,INE978A01027,HERITGFOOD,EQ,,,,,HERITAGE FOODS LTD,378.00,380.65,369.00,370.55,370.80,378.15,,370.57,,,114313,42598708.40,4910,F1,1,,,,,
2026-08-28,2026-08-28,CM,NSE,STK,1348,INE158A01026,HEROMOTOCO,EQ,,,,,HERO MOTOCORP LIMITED,5549.00,5654.00,5529.00,5600.00,5600.00,5550.00,,5600.01,,,408239,2292292220.50,33549,F1,1,,,,,
2026-08-28,2026-08-28,CM,NSE,STK,7048,INE782E01017,HESTERBIO,EQ,,,,,HESTER BIOSCIENCES LTD,2294.40,2347.90,2291.20,2302.30,2292.90,2289.80,,2302.09,,,2398,5549442.10,565,F1,1,,,,,
2026-08-28,2026-08-28,CM,NSE,STK,27008,INE750M01017,HEXATRADEX,EQ,,,,,HEXA TRADEX LIMITED,159.10,161.79,158.01,160.09,158.15,159.10,,160.09,,,852,136278.98,31,F1,1,,,,,
2026-08-28,2026-08-28,CM,NSE,STK,750116,INE0JUI01012,HEXAGON,BE,,,,,HEXAGON NUTRITION LIMITED,70.00,70.00,68.20,68.37,68.99,69.16,,68.39,,,107913,7439148.44,632,F1,1,,,,,
2026-08-28,2026-08-28,CM,NSE,STK,29666,INE093A01041,HEXT,EQ,,,,,HEXAWARE TECHNOLOGIES LTD,565.50,565.85,552.20,555.70,553.20,556.60,,555.66,,,188517,105615174.90,14813,F1,1,,,,,
2026-08-28,2026-08-28,CM,NSE,STK,21951,INE548A01028,HFCL,EQ,,,,,HFCL LIMITED,246.40,255.10,245.55,251.47,252.20,245.84,,251.47,,,17035686,4270869036.68,101581,F1,1,,,,,
2026-08-28,2026-08-28,CM,NSE,STK,18794,INE0PIC01017,HIGREEN,SM,,,,,HI GREEN CARBON LIMITED,125.85,127.00,125.85,127.00,127.00,123.00,,127.00,,,6400,807760.00,7,F1,800,,,,,
2026-08-28,2026-08-28,CM,NSE,STK,2868,INE106T01025,HITECH,EQ,,,,,HI-TECH PIPES LIMITED,78.12,82.73,78.12,82.05,82.02,77.93,,82.05,,,1162242,94011602.61,8392,F1,1,,,,,
2026-08-28,2026-08-28,CM,NSE,STK,759103,INE00RL01028,HILINFRA,EQ,,,,,HIGHWAY INFRASTRUCTURE L,45.12,46.10,44.50,45.52,46.10,45.29,,45.33,,,81065,3677466.85,1388,F1,1,,,,,
2026-08-28,2026-08-28,CM,NSE,STK,9668,INE475B01022,HIKAL,EQ,,,,,HIKAL LIMITED,204.85,206.89,202.23,204.23,204.15,204.63,,204.22,,,139273,28427123.08,3213,F1,1,,,,,
2026-08-28,2026-08-28,CM,NSE,STK,14627,INE788H01017,HILTON,EQ,,,,,HILTON METAL FORGING LTD,19.98,19.98,19.02,19.37,19.35,19.51,,19.34,,,68962,1334583.51,336,F1,1,,,,,
2026-08-28,2026-08-28,CM,NSE,STK,14334,INE019C01026,HSCL,EQ,,,,,HIMADRI SPECIALITY CHEM L,677.15,683.80,667.65,672.95,675.90,674.35,,672.95,,,8440567,5692797935.60,65459,F1,1,,,,,
2026-08-28,2026-08-28,CM,NSE,STK,1360,INE049A01027,HIMATSEIDE,EQ,,,,,HIMATSINGKA SEIDE LTD,72.25,72.25,70.66,71.31,71.45,71.83,,71.31,,,284820,20287643.52,2380,F1,1,,,,,
2026-08-28,2026-08-28,CM,NSE,STK,765085,INE227B01019,HINDALUMI,EQ,,,,,HIND ALUMINIUM INDS. LTD.,97.51,100.00,97.51,99.76,100.00,97.99,,99.72,,,895,88767.57,36,F1,1,,,,,
2026-08-28,2026-08-28,CM,NSE,STK,1363,INE038A01020,HINDALCO,EQ,,,,,HINDALCO  INDUSTRIES  LTD,1030.00,1037.40,1025.95,1037.40,1037.40,1024.00,,1037.40,,,1687987,1741133045.15,44004,F1,1,,,,,
2026-08-28,2026-08-28,CM,NSE,STK,4920,INE642Y01029,HINDCON,EQ,,,,,HINDCON CHEMICALS LIMITED,23.90,23.90,22.25,22.89,22.99,22.60,,22.89,,,23694,541665.24,172,F1,1,,,,,
2026-08-28,2026-08-28,CM,NSE,STK,11796,INE05X901010,HPIL,EQ,,,,,HINDPRAKASH INDUSTRY LTD,124.90,127.39,123.25,125.08,125.20,123.81,,124.78,,,2501,312920.86,69,F1,1,,,,,
2026-08-28,2026-08-28,CM,NSE,STK,14712,INE170I01016,HGS,EQ,,,,,HINDUJA GLOBAL SOLS. LTD.,406.90,406.90,398.60,402.55,404.00,402.55,,402.53,,,11089,4459938.45,652,F1,1,,,,,
2026-08-28,2026-08-28,CM,NSE,STK,764698,INE074C01013,HINDADH,EQ,,,,,HINDUSTAN ADHESIVES LTD.,352.70,355.40,344.00,349.05,348.00,350.40,,349.22,,,1895,663563.65,127,F1,1,,,,,
2026-08-28,2026-08-28,CM,NSE,STK,2303,INE066F01020,HAL,EQ,,,,,HINDUSTAN AERONAUTICS LTD,4884.10,4890.00,4816.00,4861.10,4861.10,4899.00,,4860.81,,,484334,2348630947.90,35812,F1,1,,,,,
2026-08-28,2026-08-28,CM,NSE,STK,1372,INE310C01029,HINDCOMPOS,EQ,,,,,HINDUSTAN COMPOSITES LTD.,410.35,413.00,406.00,408.35,406.50,409.45,,408.37,,,4130,1687342.80,270,F1,1,,,,,
2026-08-28,2026-08-28,CM,NSE,STK,1375,INE549A01026,HCC,EQ,,,,,HINDUSTAN CONSTRUCTION CO,25.25,25.59,24.50,24.64,24.69,25.10,,24.64,,,41624710,1038297306.03,44159,F1,1,,,,,
2026-08-28,2026-08-28,CM,NSE,STK,17939,INE531E01026,HINDCOPPER,EQ,,,,,HINDUSTAN COPPER LTD,539.00,543.00,530.00,533.55,532.95,536.30,,533.55,,,10119066,5397779859.40,112591,F1,1,,,,,
2026-08-28,2026-08-28,CM,NSE,STK,12173,INE254N01026,HNDFDS,EQ,,,,,HINDUSTAN FOODS LIMITED,635.00,639.75,631.00,634.45,636.00,635.55,,634.46,,,26448,16815102.40,2470,F1,1,,,,,
2026-08-28,2026-08-28,CM,NSE,STK,19215,INE871K01015,HMVL,BE,,,,,HINDUSTAN MEDIA VENT LTD,87.00,89.79,85.16,88.69,88.58,87.90,,88.69,,,3282,286803.60,54,F1,1,,,,,
2026-08-28,2026-08-28,CM,NSE,STK,1403,INE345A01011,HINDOILEXP,EQ,,,,,HINDUSTAN OIL EXPLORATION,164.05,164.05,160.53,162.66,162.00,163.43,,162.65,,,262249,42586200.78,3994,F1,1,,,,,
2026-08-28,2026-08-28,CM,NSE,STK,1406,INE094A01015,HINDPETRO,EQ,,,,,HINDUSTAN PETROLEUM CORP,370.00,370.90,363.85,364.00,364.00,371.00,,364.01,,,3150636,1153457356.80,35545,F1,1,,,,,
2026-08-28,2026-08-28,CM,NSE,STK,1394,INE030A01027,HINDUNILVR,EQ,,,,,HINDUSTAN UNILEVER LTD.,2018.00,2018.00,1997.50,2010.40,2010.40,2009.00,,2010.40,,,933212,1869568230.80,43909,F1,1,,,,,
2026-08-28,2026-08-28,CM,NSE,STK,1424,INE267A01025,HINDZINC,EQ,,,,,HINDUSTAN ZINC LIMITED,615.70,624.35,607.80,622.00,622.00,610.10,,622.00,,,6227595,3839933737.70,66474,F1,1,,,,,
2026-08-28,2026-08-28,CM,NSE,STK,15883,INE05AN01011,HINDWAREAP,EQ,,,,,HINDWARE HME INOVATON LTD,191.94,195.59,191.25,191.61,192.20,190.84,,191.61,,,46887,9032253.06,1690,F1,1,,,,,
2026-08-28,2026-08-28,CM,NSE,STK,13890,INE835D01023,HIRECT,EQ,,,,,HIRECT LIMITED,1230.00,1247.00,1218.80,1237.80,1236.30,1223.00,,1237.78,,,27665,34033935.90,2772,F1,1,,,,,
2026-08-28,2026-08-28,CM,NSE,STK,19322,INE598C01011,HISARMETAL,EQ,,,,,HISAR METAL IND. LIMITED,148.00,159.90,148.00,155.96,156.00,149.23,,155.96,,,4146,642176.88,120,F1,1,,,,,
2026-08-28,2026-08-28,CM,NSE,STK,18457,INE07Y701011,POWERINDIA,EQ,,,,,HITACHI ENERGY INDIA LTD,33840.00,33840.00,33235.00,33330.00,33330.00,33880.00,,33330.85,,,32688,1093456605.00,12225,F1,1,,,,,
2026-08-28,2026-08-28,CM,NSE,STK,15165,INE120D01012,HITECHCORP,BE,,,,,HITECH CORPORATION LTD,336.00,338.95,333.00,333.00,336.45,336.30,,333.00,,,9642,3220194.15,73,F1,1,,,,,
2026-08-28,2026-08-28,CM,NSE,STK,2289,INE461D01028,HLEGLAS,EQ,,,,,HLE GLASCOAT LIMITED,316.00,316.00,312.20,313.30,314.00,314.85,,313.30,,,39351,12335399.00,1368,F1,1,,,,,
2026-08-28,2026-08-28,CM,NSE,STK,1448,INE102A01024,HLVLTD,EQ,,,,,HLV LIMITED,6.66,6.66,6.48,6.53,6.48,6.63,,6.53,,,180001,1182789.37,592,F1,1,,,,,
2026-08-28,2026-08-28,CM,NSE,STK,17053,INE0ECP01024,HMAAGRO,EQ,,,,,HMA AGRO INDUSTRIES LTD,21.07,21.22,20.72,20.97,21.00,20.90,,20.97,,,1054199,22089697.52,2237,F1,1,,,,,
2026-08-28,2026-08-28,CM,NSE,STK,19698,INE262A01018,HMT,BZ,,,,,HMT LTD -,64.38,65.39,61.40,61.82,62.95,64.53,,61.83,,,22881,1435992.05,203,F1,1,,,,,
2026-08-28,2026-08-28,CM,NSE,STK,18649,INE0LXA01019,HOLMARC,SM,,,,,HOLMARC OPTO MECHATRO L,97.00,100.00,97.00,97.20,97.20,102.00,,97.20,,,3000,294150.00,4,F1,750,,,,,
2026-08-28,2026-08-28,CM,NSE,STK,2056,INE481N01025,HOMEFIRST,EQ,,,,,HOME FIRST FIN CO IND LTD,1200.00,1205.00,1188.30,1198.30,1200.00,1200.20,,1198.27,,,89891,107771318.00,8301,F1,1,,,,,
2026-08-28,2026-08-28,CM,NSE,STK,19813,INE0J5401028,HONASA,EQ,,,,,HONASA CONSUMER LIMITED,483.80,483.80,467.20,470.65,470.00,484.85,,470.65,,,684018,323585240.45,20362,F1,1,,,,,
2026-08-28,2026-08-28,CM,NSE,STK,3138,INE634A01018,HONDAPOWER,EQ,,,,,HONDA I POWER PRODUCT LTD,2060.50,2081.70,2050.00,2058.60,2052.00,2068.30,,2058.66,,,2497,5146080.70,360,F1,1,,,,,
2026-08-28,2026-08-28,CM,NSE,STK,3417,INE671A01010,HONAUT,EQ,,,,,HONEYWELL AUTOMATION IND,36750.00,36970.00,36515.00,36635.00,36670.00,36800.00,,36633.16,,,1514,55646645.00,1133,F1,1,,,,,
2026-08-28,2026-08-28,CM,NSE,STK,765356,INE685T01010,HORIZONIND,EQ,,,,,HORIZON INDUSTRIAL PRKS L,56.78,58.70,56.60,58.05,57.50,56.78,,58.07,,,6908806,399914789.50,26446,F1,1,,,,,
2026-08-28,2026-08-28,CM,NSE,STK,17920,INE191I01012,HDIL,BZ,,,,,HOUSING DEV & INFRA LTD,1.51,1.53,1.48,1.50,1.52,1.51,,1.51,,,74332,111707.97,166,F1,1,,,,,
2026-08-28,2026-08-28,CM,NSE,STK,7376,INE0GSL01024,HPAL,EQ,,,,,HP ADHESIVES LIMITED,34.00,35.62,34.00,34.86,35.25,34.63,,34.86,,,66287,2320679.67,613,F1,1,,,,,
2026-08-28,2026-08-28,CM,NSE,STK,29875,INE0VA601019,HPTL,SM,,,,,HP TELECOM INDIA LIMITED,331.80,331.80,315.00,315.00,315.00,316.00,,315.00,,,3000,985320.00,5,F1,600,,,,,
2026-08-28,2026-08-28,CM,NSE,STK,18679,INE495S01016,HPL,EQ,,,,,HPL ELECTRIC & POWER LTD,309.05,311.95,304.80,308.80,309.50,307.65,,308.81,,,69054,21283864.20,2426,F1,1,,,,,
2026-08-28,2026-08-28,CM,NSE,STK,21107,INE0R3501012,HRHNEXT,SM,,,,,HRH NEXT SERVICES LIMITED,26.00,26.00,25.95,25.95,25.95,27.30,,25.95,,,15000,389400.00,9,F1,1500,,,,,
2026-08-28,2026-08-28,CM,NSE,STK,761506,INF336L01RX2,HSBCGOLD,EQ,,,,,HSBCAMC - HSBCGOLD,138.29,139.65,134.05,137.10,138.00,136.93,,137.10,,,11675,1597781.39,49,F1,1,,,,,
2026-08-28,2026-08-28,CM,NSE,STK,20825,INE031A01017,HUDCO,EQ,,,,,HSG & URBAN DEV CORPN LTD,182.50,184.27,181.60,183.23,183.00,182.63,,183.26,,,1015334,186031306.97,23199,F1,1,,,,,
2026-08-28,2026-08-28,CM,NSE,STK,11979,INE501G01024,HTMEDIA,EQ,,,,,HT MEDIA LIMITED,27.60,27.70,26.29,26.78,26.80,27.05,,26.78,,,108269,2918482.65,546,F1,1,,,,,
2026-08-28,2026-08-28,CM,NSE,STK,14203,INE703H01016,HUBTOWN,EQ,,,,,HUBTOWN LIMITED,184.80,188.72,183.23,186.09,186.90,184.71,,186.05,,,192831,35769482.50,3160,F1,1,,,,,
2026-08-28,2026-08-28,CM,NSE,STK,2562,INE275B01026,HUHTAMAKI,EQ,,,,,HUHTAMAKI INDIA LIMITED,260.50,264.90,259.40,262.90,262.95,260.50,,262.92,,,97579,25616281.40,3313,F1,1,,,,,
2026-08-28,2026-08-28,CM,NSE,STK,25708,INE0TO501019,HVAX,SM,,,,,HVAX TECHNOLOGIES LIMITED,642.00,660.00,642.00,660.00,660.00,675.00,,660.00,,,900,585600.00,6,F1,150,,,,,
2026-08-28,2026-08-28,CM,NSE,STK,12814,INE965B01022,HYBRIDFIN,BE,,,,,HYBRID FINANCIAL SERVICE,16.88,17.40,16.82,17.35,17.35,16.82,,17.35,,,489,8405.16,20,F1,1,,,,,
2026-08-28,2026-08-28,CM,NSE,STK,25844,INE0V6F01027,HYUNDAI,EQ,,,,,HYUNDAI MOTOR INDIA LTD,2248.70,2279.00,2240.30,2267.00,2267.00,2253.00,,2266.99,,,855357,1937849999.80,68318,F1,1,,,,,
2026-08-28,2026-08-28,CM,NSE,STK,14086,INE204A01010,IGPL,EQ,,,,,I G PETROCHEMICALS LTD,524.90,536.00,522.40,532.40,533.40,521.95,,532.38,,,98498,52322561.95,4573,F1,1,,,,,
2026-08-28,2026-08-28,CM,NSE,STK,764718,INE684B01029,ISTLTD,EQ,,,,,I S T LTD.,670.00,678.00,650.10,676.40,677.00,668.90,,676.40,,,360,241730.40,54,F1,1,,,,,
2026-08-28,2026-08-28,CM,NSE,STK,21348,INE0O7401018,IBLFL,SM,,,,,IBL FINANCE LIMITED,61.00,61.00,61.00,61.00,61.00,61.00,,61.00,,,2000,122000.00,1,F1,2000,,,,,
2026-08-28,2026-08-28,CM,NSE,STK,764064,INE0XE501015,ICELCO,SM,,,,,IC ELECTRICALS COMPANY L,132.50,132.50,125.80,128.00,128.00,127.05,,128.00,,,58800,7508100.00,37,F1,1200,,,,,
2026-08-28,2026-08-28,CM,NSE,STK,6977,INE613B01010,ICDSLTD,EQ,,,,,ICDS LTD,41.63,45.50,40.05,41.44,40.05,41.63,,41.48,,,1467,63732.72,54,F1,1,,,,,
2026-08-28,2026-08-28,CM,NSE,STK,489,INE520Y01019,ICEMAKE,EQ,,,,,ICE MAKE REFRIGERAT LTD,747.65,749.00,730.20,742.55,742.00,747.65,,742.55,,,8314,6133045.65,775,F1,1,,,,,
2026-08-28,2026-08-28,CM,NSE,STK,4963,INE090A01021,ICICIBANK,EQ,,,,,ICICI BANK LTD.,1435.00,1439.80,1418.90,1422.80,1422.80,1443.00,,1422.87,,,8625738,12314180817.70,87869,F1,1,,,,,
2026-08-28,2026-08-28,CM,NSE,STK,21770,INE765G01017,ICICIGI,EQ,,,,,ICICI LOMBARD GIC LIMITED,1588.10,1589.00,1550.10,1562.00,1562.00,1588.10,,1562.03,,,859511,1343251482.60,53811,F1,1,,,,,
2026-08-28,2026-08-28,CM,NSE,STK,21254,INF109KC19U5,LOWVOLIETF,EQ,,,,,ICICI PR NIF LW VL 30 ETF,22.57,22.57,22.09,22.26,22.21,22.32,,22.26,,,949638,21140054.45,1079,F1,1,,,,,
2026-08-28,2026-08-28,CM,NSE,STK,18652,INE726G01019,ICICIPRULI,EQ,,,,,ICICI PRU LIFE INS CO LTD,510.25,510.40,502.45,506.00,506.00,510.00,,506.00,,,1603027,812007642.30,26860,F1,1,,,,,
2026-08-28,2026-08-28,CM,NSE,STK,17702,INF109KC10W0,MIDSELIETF,EQ,,,,,ICICI PRUD MIDCAP SEL ETF,19.65,20.28,19.65,20.13,20.21,20.16,,20.13,,,110058,2218164.01,512,F1,1,,,,,
2026-08-28,2026-08-28,CM,NSE,STK,30392,INF109KC16V9,NIF100IETF,EQ,,,,,ICICI PRUD NIFTY 100 ETF,29.07,29.07,28.20,28.22,28.20,28.37,,28.22,,,45727,1291308.27,788,F1,1,,,,,
2026-08-28,2026-08-28,CM,NSE,STK,29553,INF109K012R6,NIFTYIETF,EQ,,,,,ICICI PRUD NIFTY ETF,273.65,274.84,273.41,274.23,274.35,274.23,,274.23,,,825870,226367591.57,7036,F1,1,,,,,
2026-08-28,2026-08-28,CM,NSE,STK,4378,INF346A01034,SENSEXIETF,EQ,,,,,ICICI PRUD SENSEX ETF,889.27,894.95,884.37,886.26,886.15,890.05,,886.26,,,5306,4710926.57,310,F1,1,,,,,
2026-08-28,2026-08-28,CM,NSE,STK,760407,INE346A01027,ICICIAMC,EQ,,,,,ICICI PRUDENTIAL AMC LTD,3114.80,3179.30,3088.60,3139.60,3140.00,3093.60,,3139.67,,,755036,2377557399.70,54766,F1,1,,,,,
2026-08-28,2026-08-28,CM,NSE,STK,19679,INF109KC1NT3,GOLDIETF,EQ,,,,,ICICI PRUDENTIAL GOLD ETF,138.00,138.00,133.78,135.62,135.69,134.64,,135.62,,,5602015,757001822.84,20379,F1,1,,,,,
2026-08-28,2026-08-28,CM,NSE,STK,17475,INF109KC11V0,NV20IETF,EQ,,,,,ICICI PRUDENTIAL NV20 ETF,13.59,13.64,13.50,13.62,13.64,13.58,,13.62,,,278965,3793137.24,1560,F1,1,,,,,
2026-08-28,2026-08-28,CM,NSE,STK,522,INF109KB15Y7,ICICIB22,EQ,,,,,ICICIPRAMC - BHARATIWIN,115.00,115.00,114.28,114.41,114.50,114.52,,114.41,,,211427,24194033.70,2433,F1,1,,,,,
2026-08-28,2026-08-28,CM,NSE,STK,30139,INF109K1A021,CASHIETF,EQ,,,,,ICICIPRAMC - CASHIETF,1079.75,1079.75,1077.44,1077.45,1077.46,1077.01,,1077.45,,,115599,124552802.67,95,F1,1,,,,,
2026-08-28,2026-08-28,CM,NSE,STK,755881,INF109K1A153,EVIETF,EQ,,,,,ICICIPRAMC - EVIETF,33.57,34.24,33.38,33.67,33.69,33.51,,33.67,,,137730,4623155.84,541,F1,1,,,,,
2026-08-28,2026-08-28,CM,NSE,STK,3001,INF109KC1V59,BSE500IETF,EQ,,,,,ICICIPRAMC - ICICI500,39.69,40.01,39.55,39.85,39.89,39.69,,39.85,,,53181,2119367.87,536,F1,1,,,,,
2026-08-28,2026-08-28,CM,NSE,STK,8342,INF109KC14A8,GSEC5IETF,EQ,,,,,ICICIPRAMC - ICICI5GSEC,66.70,66.70,66.15,66.20,66.15,66.80,,66.20,,,1275,84643.15,25,F1,1,,,,,
2026-08-28,2026-08-28,CM,NSE,STK,22344,INF109KC17V7,ALPL30IETF,EQ,,,,,ICICIPRAMC - ICICIALPLV,28.05,28.21,27.92,27.96,27.94,28.04,,27.96,,,337375,9438855.94,928,F1,1,,,,,
2026-08-28,2026-08-28,CM,NSE,STK,7844,INF109KC10V2,AUTOIETF,EQ,,,,,ICICIPRAMC - ICICIAUTO,30.29,30.29,29.77,29.92,29.97,29.99,,29.92,,,449966,13461931.01,1919,F1,1,,,,,
2026-08-28,2026-08-28,CM,NSE,STK,11386,INF109KC18U7,PVTBANIETF,EQ,,,,,ICICIPRAMC - ICICIBANKP,28.12,28.15,27.95,28.02,28.01,28.12,,28.02,,,1078205,30216649.82,1146,F1,1,,,,,
2026-08-28,2026-08-28,CM,NSE,STK,13198,INF109KC19O8,COMMOIETF,EQ,,,,,ICICIPRAMC - ICICICOMMO,100.36,100.36,99.36,99.82,99.67,100.20,,99.83,,,40558,4041686.27,1018,F1,1,,,,,
2026-08-28,2026-08-28,CM,NSE,STK,6446,INF109KC1V42,CONSUMIETF,EQ,,,,,ICICIPRAMC - ICICICONSU,123.61,124.00,122.97,123.20,123.00,124.16,,123.20,,,6108,752783.25,219,F1,1,,,,,
2026-08-28,2026-08-28,CM,NSE,STK,5306,INF109KC19V3,FMCGIETF,EQ,,,,,ICICIPRAMC - ICICIFMCG,50.80,50.80,50.21,50.34,50.48,50.61,,50.34,,,1623851,81841039.06,5951,F1,1,,,,,
2026-08-28,2026-08-28,CM,NSE,STK,10723,INF109KC16E5,INFRAIETF,EQ,,,,,ICICIPRAMC - ICICIINFRA,95.31,95.49,94.61,94.79,95.30,95.30,,94.79,,,1646089,156176992.46,4307,F1,1,,,,,
2026-08-28,2026-08-28,CM,NSE,STK,4838,INF109KC1KT9,LIQUIDIETF,EQ,,,,,ICICIPRAMC - ICICILIQ,1000.01,1000.01,999.99,999.99,1000.00,999.99,,999.99,,,483882,483881923.01,201,F1,1,,,,,
2026-08-28,2026-08-28,CM,NSE,STK,17152,INF109KC11W8,MIDCAPIETF,EQ,,,,,ICICIPRAMC - ICICIM150,24.48,24.48,24.27,24.34,24.33,24.31,,24.34,,,568797,13849543.96,1676,F1,1,,,,,
2026-08-28,2026-08-28,CM,NSE,STK,10585,INF109KC17C7,MOM30IETF,EQ,,,,,ICICIPRAMC - ICICIMOM30,32.09,32.09,31.89,31.96,32.00,31.94,,31.96,,,420731,13454216.52,1346,F1,1,,,,,
2026-08-28,2026-08-28,CM,NSE,STK,4529,INF109KC1NS5,NEXT50IETF,EQ,,,,,ICICIPRAMC - ICICINXT50,78.57,78.87,78.11,78.25,78.50,78.56,,78.25,,,338904,26542337.09,4245,F1,1,,,,,
2026-08-28,2026-08-28,CM,NSE,STK,3626,INF109KC1Q72,HEALTHIETF,EQ,,,,,ICICIPRAMC - ICICIPHARM,173.20,173.20,171.28,172.18,171.78,171.49,,172.20,,,97956,16843549.13,1455,F1,1,,,,,
2026-08-28,2026-08-28,CM,NSE,STK,17808,INF109KC18V5,QUAL30IETF,EQ,,,,,ICICIPRAMC - ICICIQTY30,21.79,21.79,21.27,21.34,21.27,21.26,,21.34,,,141510,3022114.12,172,F1,1,,,,,
2026-08-28,2026-08-28,CM,NSE,STK,7942,INF109KC1Y56,SILVERIETF,EQ,,,,,ICICIPRAMC - ICICISILVE,235.01,241.78,235.01,240.53,240.66,236.30,,240.53,,,3174454,758661931.73,15272,F1,1,,,,,
2026-08-28,2026-08-28,CM,NSE,STK,22365,INF109KC16I6,ITIETF,EQ,,,,,ICICIPRAMC - ICICITECH,33.81,34.80,33.81,34.65,34.61,33.72,,34.65,,,917093,31691704.91,1475,F1,1,,,,,
2026-08-28,2026-08-28,CM,NSE,STK,764364,INF109K1A567,INSUREIETF,EQ,,,,,ICICIPRAMC - INSUREIETF,15.40,16.06,15.27,15.35,15.28,15.49,,15.35,,,3357020,51591273.55,316,F1,1,,,,,
2026-08-28,2026-08-28,CM,NSE,STK,11037,INF109KC15I8,BANKIETF,EQ,,,,,ICICIPRAMC - IPRU5008,59.36,59.36,58.91,59.13,59.19,59.24,,59.13,,,862614,51057123.15,1134,F1,1,,,,,
2026-08-28,2026-08-28,CM,NSE,STK,24861,INF109KC19W1,METALIETF,EQ,,,,,ICICIPRAMC - METALIETF,13.82,13.82,13.48,13.56,13.60,13.49,,13.56,,,4020960,54485978.28,7765,F1,1,,,,,
2026-08-28,2026-08-28,CM,NSE,STK,24533,INF109KC18W3,OILIETF,EQ,,,,,ICICIPRAMC - OILIETF,11.29,11.29,11.21,11.23,11.24,11.26,,11.23,,,974836,10957557.66,2282,F1,1,,,,,
2026-08-28,2026-08-28,CM,NSE,STK,14584,INF109KC10S8,PSUBNKIETF,EQ,,,,,ICICIPRAMC - PSUBANKICI,87.14,87.35,86.71,87.17,86.71,87.09,,87.17,,,70989,6183943.24,589,F1,1,,,,,
2026-08-28,2026-08-28,CM,NSE,STK,754612,INF109K1A476,SMALLIETF,EQ,,,,,ICICIPRAMC - SMALLIETF,18.56,18.62,18.43,18.58,18.62,18.51,,18.58,,,79846,1481470.85,149,F1,1,,,,,
2026-08-28,2026-08-28,CM,NSE,STK,757781,INF109K1A344,TOP15IETF,EQ,,,,,ICICIPRAMC - TOP15IETF,9.89,9.98,9.88,9.94,9.95,9.91,,9.94,,,281362,2785674.57,215,F1,1,,,,,
2026-08-28,2026-08-28,CM,NSE,STK,25851,INF109KC16X5,VAL30IETF,EQ,,,,,ICICIPRAMC - VAL30IETF,15.23,15.23,15.13,15.16,15.19,15.21,,15.16,,,106794,1619021.92,617,F1,1,,,,,
2026-08-28,2026-08-28,CM,NSE,STK,12578,INF109KC17L8,FINIETF,EQ,,,,,ICICIPRAMC-ICICIFIN,33.45,33.45,33.19,33.26,33.39,33.44,,33.26,,,160164,5329988.44,1194,F1,1,,,,,
2026-08-28,2026-08-28,CM,NSE,STK,14523,INE725G01011,ICRA,EQ,,,,,ICRA LIMITED,4813.00,4949.90,4793.10,4912.80,4903.40,4832.50,,4912.84,,,33309,162853975.50,6286,F1,1,,,,,
2026-08-28,2026-08-28,CM,NSE,STK,1476,INE008A01015,IDBI,EQ,,,,,IDBI BANK LIMITED,92.29,93.80,91.55,92.66,92.70,92.24,,92.66,,,10401965,964178938.46,37615,F1,1,,,,,
2026-08-28,2026-08-28,CM,NSE,STK,17140,INE349Y01013,IDEAFORGE,EQ,,,,,IDEAFORGE TECHNO LTD,811.90,827.90,796.20,807.65,813.00,805.00,,807.74,,,369510,299842437.65,15431,F1,1,,,,,
2026-08-28,2026-08-28,CM,NSE,STK,28574,INE0TD101011,IDENTICAL,SM,,,,,IDENTICAL BRAINS STUDIO L,17.05,19.25,17.05,18.95,18.95,17.00,,18.95,,,10000,182200.00,5,F1,2000,,,,,
2026-08-28,2026-08-28,CM,NSE,STK,11184,INE092T01019,IDFCFIRSTB,EQ,,,,,IDFC FIRST BANK LIMITED,83.79,84.23,82.95,83.12,83.12,83.80,,83.12,,,14247602,1188291105.47,52105,F1,1,,,,,
2026-08-28,2026-08-28,CM,NSE,STK,1482,INE076C01018,IFBAGRO,EQ,,,,,IFB AGRO INDUSTRIES LTD,950.50,950.50,915.00,919.80,925.00,946.15,,919.83,,,16694,15439935.55,804,F1,1,,,,,
2026-08-28,2026-08-28,CM,NSE,STK,1485,INE559A01017,IFBIND,EQ,,,,,IFB INDUSTRIES LTD,1354.30,1358.30,1328.30,1336.80,1337.00,1351.60,,1336.80,,,21273,28482199.90,3241,F1,1,,,,,
2026-08-28,2026-08-28,CM,NSE,STK,1491,INE039A01010,IFCI,EQ,,,,,IFCI LTD,84.27,92.45,83.57,89.96,90.20,84.27,,89.96,,,139340453,12446613321.01,325702,F1,1,,,,,
2026-08-28,2026-08-28,CM,NSE,STK,436,INE133Y01011,IFGLEXPOR,EQ,,,,,IFGL REFRACTORIES LIMITED,210.98,219.00,210.91,215.47,215.90,212.96,,215.47,,,20333,4364552.18,882,F1,1,,,,,
2026-08-28,2026-08-28,CM,NSE,STK,759897,INE01XO07017,1225IFL27,N0,,,,,IFL 12.25% 2027,6259.20,6259.95,6259.20,6259.95,6259.95,6100.00,,6259.95,,,17,106417.65,9,F1,1,,,,,
2026-08-28,2026-08-28,CM,NSE,STK,634,INE188B01013,IGARASHI,EQ,,,,,IGARASHI MOTORS INDIA LTD,422.15,428.40,420.80,427.10,428.40,420.80,,427.10,,,24661,10498098.05,1028,F1,1,,,,,
2026-08-28,2026-08-28,CM,NSE,STK,756154,INE530B07492,1025IIFL30,Y3,,,,,IIFL 10.25% TR I SR IX,1016.10,1016.10,1016.10,1016.10,1016.10,1030.00,,1016.10,,,1,1016.10,1,F1,1,,,,,
2026-08-28,2026-08-28,CM,NSE,STK,761117,INE530B07591,852IIFL29,Y5,,,,,IIFL 8.52% TR I SR II,992.00,992.00,991.00,991.00,991.00,992.00,,991.00,,,397,393527.00,4,F1,1,,,,,
2026-08-28,2026-08-28,CM,NSE,STK,13072,INE489L01022,IIFLCAPS,EQ,,,,,IIFL CAPITAL SERVICES LTD,334.40,335.35,333.10,333.20,333.10,334.40,,333.20,,,132914,44344019.05,6666,F1,1,,,,,
2026-08-28,2026-08-28,CM,NSE,STK,11809,INE530B01024,IIFL,EQ,,,,,IIFL FINANCE LIMITED,633.65,667.35,615.00,659.25,658.00,635.65,,659.28,,,1785071,1163327305.20,39408,F1,1,,,,,
2026-08-28,2026-08-28,CM,NSE,STK,761124,INE530B07641,IIFL06326,YC,,,,,IIFL TR I SR IX,1000.00,1000.00,1000.00,1000.00,1000.00,1000.00,,1000.00,,,2378,2378000.00,1,F1,1,,,,,
2026-08-28,2026-08-28,CM,NSE,STK,761122,INE530B07583,IIFL060326,YA,,,,,IIFL TR I SR VII,1020.00,1020.00,1020.00,1020.00,1020.00,1010.00,,1020.00,,,35,35700.00,2,F1,1,,,,,
2026-08-28,2026-08-28,CM,NSE,STK,16822,INE0LOJ01019,IKIO,EQ,,,,,IKIO TECHNOLOGIES LIMITED,186.14,217.70,186.14,213.72,215.20,186.14,,213.75,,,6393359,1357430087.41,68918,F1,1,,,,,
2026-08-28,2026-08-28,CM,NSE,STK,9380,INE369I01014,IL&FSENGG,BZ,,,,,IL&FS ENG AND CONS CO LTD,36.00,36.00,35.01,35.41,35.99,35.55,,35.41,,,34647,1235725.13,37,F1,1,,,,,
2026-08-28,2026-08-28,CM,NSE,STK,6711,INE050B01023,IVC,EQ,,,,,IL&FS INVESTMENT MANAGERS,8.56,8.58,8.36,8.49,8.49,8.39,,8.49,,,253604,2158391.97,848,F1,1,,,,,
2026-08-28,2026-08-28,CM,NSE,STK,9381,INE975G01012,IL&FSTRANS,BZ,,,,,IL&FS TRANS NET LTD,2.28,2.33,2.11,2.20,2.20,2.22,,2.20,,,43864,99045.64,74,F1,1,,,,,
2026-08-28,2026-08-28,CM,NSE,STK,7672,INE172N01012,IMAGICAA,EQ,,,,,IMAGICAAWORLD ENT LTD,60.03,62.00,57.01,58.07,58.20,60.21,,58.07,,,14845101,884995130.54,52973,F1,1,,,,,
2026-08-28,2026-08-28,CM,NSE,STK,25881,INE691G01015,IMPEXFERRO,BZ,,,,,IMPEX FERRO TECH LIMITED,4.30,4.30,4.30,4.30,4.30,4.22,,4.30,,,12628,54300.40,14,F1,1,,,,,
2026-08-28,2026-08-28,CM,NSE,STK,17507,INE452L01012,INCREDIBLE,EQ,,,,,INCREDIBLE INDUSTRIES LTD,33.90,33.90,32.00,32.19,32.99,32.85,,32.19,,,8155,265168.43,71,F1,1,,,,,
2026-08-28,2026-08-28,CM,NSE,STK,12009,INE547E01014,IMPAL,EQ,,,,,IND MOTOR PART & ACC LTD,1107.80,1119.90,1086.50,1097.50,1097.00,1108.10,,1097.43,,,1862,2046040.20,246,F1,1,,,,,
2026-08-28,2026-08-28,CM,NSE,STK,4870,INE915B01019,INDSWFTLAB,EQ,,,,,IND SWIFT LABORATORIES LT,360.00,366.00,355.65,362.92,361.00,358.04,,362.92,,,527926,191061149.77,12528,F1,1,,,,,
2026-08-28,2026-08-28,CM,NSE,STK,21957,INE611L01021,INDTERRAIN,EQ,,,,,IND TERRAIN FASHIONS LTD,30.12,30.50,29.75,30.02,30.00,30.11,,30.08,,,17734,531915.04,78,F1,1,,,,,
2026-08-28,2026-08-28,CM,NSE,STK,16933,INE841B01017,INDBANK,EQ,,,,,INDBANK MERCH BANK,31.99,31.99,31.00,31.45,31.31,31.55,,31.45,,,23473,737283.59,224,F1,1,,,,,
2026-08-28,2026-08-28,CM,NSE,STK,29678,INE0O9T01021,BAJAJINDEF,EQ,,,,,INDEF MANUFACTURING LTD,229.50,229.50,225.33,228.49,227.30,228.85,,228.49,,,11019,2502216.04,324,F1,1,,,,,
2026-08-28,2026-08-28,CM,NSE,STK,23693,INE065X01017,INDGN,EQ,,,,,INDEGENE LIMITED,567.35,587.15,565.50,578.95,582.00,567.35,,578.95,,,1891693,1097246076.15,85500,F1,1,,,,,
2026-08-28,2026-08-28,CM,NSE,STK,1521,INE560A01023,INDIAGLYCO,EQ,,,,,INDIA GLYCOLS LTD,1195.00,1204.50,1168.00,1178.30,1174.00,1203.30,,1178.26,,,229423,271148671.60,16475,F1,1,,,,,
2026-08-28,2026-08-28,CM,NSE,STK,4747,INE092B01025,INDNIPPON,EQ,,,,,INDIA NIPPON ELECT  LTD,1056.50,1072.90,1056.10,1061.60,1058.20,1062.20,,1061.64,,,8033,8544836.90,1225,F1,1,,,,,
2026-08-28,2026-08-28,CM,NSE,STK,4934,INE0D6701023,IPL,EQ,,,,,INDIA PESTICIDES LIMITED,138.10,140.05,138.10,139.00,139.30,137.79,,139.05,,,48826,6789524.68,1388,F1,1,,,,,
2026-08-28,2026-08-28,CM,NSE,STK,20556,INE922K01024,INDIASHLTR,EQ,,,,,INDIA SHELTER FIN CORP L,653.70,653.70,646.10,649.85,650.50,650.30,,649.85,,,55916,36310675.50,7659,F1,1,,,,,
2026-08-28,2026-08-28,CM,NSE,STK,19299,INE353K01014,ITDC,EQ,,,,,INDIA TOUR. DEV. CO. LTD.,664.90,675.60,659.05,662.15,663.75,659.35,,662.22,,,63395,42067207.10,5349,F1,1,,,,,
2026-08-28,2026-08-28,CM,NSE,STK,24999,INE126M01010,IBULLSLTD,EQ,,,,,INDIABULLS LIMITED,26.45,26.50,25.82,26.31,26.30,26.11,,26.31,,,5773711,150570417.60,10603,F1,1,,,,,
2026-08-28,2026-08-28,CM,NSE,STK,10726,INE933S01016,INDIAMART,EQ,,,,,INDIAMART INTERMESH LTD,1763.90,1774.00,1752.50,1756.90,1758.00,1755.40,,1756.89,,,74123,130442340.10,15035,F1,1,,,,,
2026-08-28,2026-08-28,CM,NSE,STK,14309,INE562A01011,INDIANB,EQ,,,,,INDIAN BANK,882.20,883.95,872.45,882.40,882.40,884.40,,882.39,,,456709,400744278.45,15081,F1,1,,,,,
2026-08-28,2026-08-28,CM,NSE,STK,4422,INE061A01014,INDIANCARD,EQ,,,,,INDIAN CARD CLOTHING CO.,208.01,214.38,205.22,210.29,210.94,208.03,,213.38,,,1179,246539.40,38,F1,1,,,,,
2026-08-28,2026-08-28,CM,NSE,STK,23789,INE0RRU01016,IEML,SM,,,,,INDIAN EMULSIFIERS LTD,43.00,44.35,43.00,43.60,44.00,44.10,,43.60,,,25500,1113650.00,40,F1,500,,,,,
2026-08-28,2026-08-28,CM,NSE,STK,220,INE022Q01020,IEX,EQ,,,,,INDIAN ENERGY EXC LTD,122.00,122.24,121.07,121.80,121.80,122.00,,121.79,,,1550661,188327193.41,25591,F1,1,,,,,
2026-08-28,2026-08-28,CM,NSE,STK,1530,INE323C01030,INDIANHUME,EQ,,,,,INDIAN HUME PIPE CO. LTD.,392.00,392.10,381.55,386.55,384.00,390.85,,386.55,,,20050,7736590.15,1286,F1,1,,,,,
2026-08-28,2026-08-28,CM,NSE,STK,19235,INE919H01018,IMFA,EQ,,,,,INDIAN METALS & FERRO,1377.00,1399.30,1361.50,1370.70,1375.00,1367.90,,1370.80,,,71985,99234044.70,7710,F1,1,,,,,
2026-08-28,2026-08-28,CM,NSE,STK,1624,INE242A01010,IOC,EQ,,,,,INDIAN OIL CORP LTD,137.57,137.57,136.23,137.10,137.10,137.57,,137.09,,,4050844,553713749.55,34602,F1,1,,,,,
2026-08-28,2026-08-28,CM,NSE,STK,9348,INE565A01014,IOB,EQ,,,,,INDIAN OVERSEAS BANK,33.00,33.00,32.62,32.81,32.85,32.90,,32.81,,,1294744,42460277.05,9391,F1,1,,,,,
2026-08-28,2026-08-28,CM,NSE,STK,25033,INE0DHF01018,IPHL,SM,,,,,INDIAN PHOSPHATE LIMITED,74.40,76.90,71.60,76.90,76.90,74.35,,76.90,,,21600,1610880.00,18,F1,1200,,,,,
2026-08-28,2026-08-28,CM,NSE,STK,13611,INE335Y01020,IRCTC,EQ,,,,,INDIAN RAIL TOUR CORP LTD,487.55,489.00,484.70,485.65,486.40,487.55,,485.65,,,581576,282718358.15,32911,F1,1,,,,,
2026-08-28,2026-08-28,CM,NSE,STK,2029,INE053F01010,IRFC,EQ,,,,,INDIAN RAILWAY FIN CORP L,84.65,84.99,83.65,83.90,83.90,84.65,,83.88,,,6872970,579111218.01,47245,F1,1,,,,,
2026-08-28,2026-08-28,CM,NSE,STK,20261,INE202E01016,IREDA,EQ,,,,,INDIAN RENEWABLE ENERGY,117.00,117.90,115.77,117.02,117.02,117.40,,117.06,,,4510429,526895421.27,38298,F1,1,,,,,
2026-08-28,2026-08-28,CM,NSE,STK,762727,INE586E01020,IWP,EQ,,,,,INDIAN WOOD PRODUCTS CO L,35.20,35.65,34.00,34.03,34.00,34.95,,34.03,,,4697,162515.43,72,F1,1,,,,,
2026-08-28,2026-08-28,CM,NSE,STK,2048,INE09VQ01012,INDIGOPNTS,EQ,,,,,INDIGO PAINTS LIMITED,1175.50,1176.90,1145.00,1151.80,1151.00,1170.20,,1151.80,,,42514,49100875.30,6696,F1,1,,,,,
2026-08-28,2026-08-28,CM,NSE,STK,20988,INE219X23014,INDIGRID,IV,,,,,INDIGRID INFRASTRUCT TRST,174.83,175.00,174.05,174.19,174.17,174.83,,174.19,,,487115,84963723.50,7319,F1,1,,,,,
2026-08-28,2026-08-28,CM,NSE,STK,757845,INE06ST01018,INDIQUBE,EQ,,,,,INDIQUBE SPACES LIMITED,192.45,193.30,189.31,192.36,192.10,191.06,,192.57,,,33833,6493818.05,1502,F1,1,,,,,
2026-08-28,2026-08-28,CM,NSE,STK,9120,INE760F01028,INDOAMIN,BE,,,,,INDO AMINES LIMITED,120.80,123.00,118.26,120.59,121.10,120.20,,120.61,,,34582,4165485.36,283,F1,1,,,,,
2026-08-28,2026-08-28,CM,NSE,STK,8614,INE803D01021,INDOBORAX,EQ,,,,,INDO BORAX & CHEMICAL LTD,512.00,512.00,490.00,495.10,495.55,503.00,,495.10,,,107301,53311766.55,4776,F1,1,,,,,
2026-08-28,2026-08-28,CM,NSE,STK,11987,INE483B01026,ICIL,EQ,,,,,INDO COUNT INDUSTRIES LTD,425.00,439.35,420.20,434.95,437.00,423.40,,434.92,,,668975,289384298.15,18759,F1,1,,,,,
2026-08-28,2026-08-28,CM,NSE,STK,29025,INE622H01018,INDOFARM,EQ,,,,,INDO FARM EQUIPMENT LTD,140.10,140.79,138.00,138.85,138.41,138.24,,138.91,,,61967,8601661.17,1517,F1,1,,,,,
2026-08-28,2026-08-28,CM,NSE,STK,10993,INE156A01020,INDORAMA,EQ,,,,,INDO RAMA SYNTHETICS LTD,64.89,64.89,61.81,63.65,63.85,63.87,,63.60,,,451194,28560015.05,4218,F1,1,,,,,
2026-08-28,2026-08-28,CM,NSE,STK,13275,INE332H01014,INDOTECH,EQ,,,,,INDO TECH TRANSFORM LTD.,3728.00,3795.10,3725.00,3757.10,3751.10,3712.20,,3757.07,,,10275,38689913.10,1443,F1,1,,,,,
2026-08-28,2026-08-28,CM,NSE,STK,25608,INE337M01021,INDOTHAI,EQ,,,,,INDO THAI SEC LTD,46.18,46.18,46.18,46.18,46.18,48.61,,46.18,,,276690,12777544.20,1006,F1,1,,,,,
2026-08-28,2026-08-28,CM,NSE,STK,25503,INE250Z01010,INDOUS,EQ,,,,,INDO US BIOTECH LTD,83.22,83.75,79.00,80.91,80.99,80.79,,80.91,,,68690,5559098.01,211,F1,1,,,,,
2026-08-28,2026-08-28,CM,NSE,STK,764301,INE084101034,INDOMIM,EQ,,,,,INDO-MIM LIMITED,881.70,892.00,864.45,868.05,869.00,877.50,,868.07,,,1086896,951162977.10,35935,F1,1,,,,,
2026-08-28,2026-08-28,CM,NSE,STK,6782,INE567A01028,NIPPOBATRY,EQ,,,,,INDO-NATIONAL LIMITED,327.35,332.95,325.00,326.35,325.00,327.35,,326.23,,,1312,427349.30,57,F1,1,,,,,
2026-08-28,2026-08-28,CM,NSE,STK,11677,INE873D01024,INDOCO,EQ,,,,,INDOCO REMEDIES LTD.,242.53,253.70,239.34,248.80,248.00,242.53,,248.78,,,256307,63579059.44,6061,F1,1,,,,,
2026-08-28,2026-08-28,CM,NSE,STK,757801,INE05J901018,IGCL,EQ,,,,,INDOGULF CROPSCIENCES LTD,72.00,72.11,71.50,71.84,71.51,72.24,,71.84,,,32425,2327181.73,416,F1,1,,,,,
2026-08-28,2026-08-28,CM,NSE,STK,764708,INE716F01012,INDOKEM,EQ,,,,,INDOKEM LTD.,611.00,634.95,608.00,617.85,626.10,610.85,,617.71,,,1353,838162.70,217,F1,1,,,,,
2026-08-28,2026-08-28,CM,NSE,STK,19955,INE866K01023,WAAREEINDO,EQ,,,,,INDOSOLAR LIMITED,273.45,282.95,269.20,276.25,275.70,272.90,,276.22,,,107996,29783613.30,2283,F1,1,,,,,
2026-08-28,2026-08-28,CM,NSE,STK,3088,INE896L01010,INDOSTAR,EQ,,,,,INDOSTAR CAPITAL FIN LTD,253.35,260.00,252.60,258.85,258.00,255.05,,258.83,,,82794,21173849.70,1437,F1,1,,,,,
2026-08-28,2026-08-28,CM,NSE,STK,14952,INE227G01018,INDOWIND,EQ,,,,,INDOWIND ENERGY LTD,9.15,9.35,9.10,9.16,9.19,9.21,,9.16,,,71572,660657.82,379,F1,1,,,,,
2026-08-28,2026-08-28,CM,NSE,STK,11262,INE203G01027,IGL,EQ,,,,,INDRAPRASTHA GAS LTD,147.45,148.66,147.21,147.61,147.36,147.17,,147.61,,,2537531,374920303.86,15918,F1,1,,,,,
2026-08-28,2026-08-28,CM,NSE,STK,4751,INE681B01017,INDRAMEDCO,EQ,,,,,INDRAPRASTHA MEDICAL CORP,369.50,372.55,366.10,368.05,369.65,369.30,,367.91,,,118497,43673799.05,7837,F1,1,,,,,
2026-08-28,2026-08-28,CM,NSE,STK,23036,INE0NHL23019,INDUSINVIT,IV,,,,,INDUS INFRA TRUST,135.08,135.08,133.65,133.90,134.00,134.28,,133.91,,,70576,9461574.37,6487,F1,1,,,,,
2026-08-28,2026-08-28,CM,NSE,STK,29135,INE121J01017,INDUSTOWER,EQ,,,,,INDUS TOWERS LIMITED,379.95,385.70,378.75,380.00,380.00,379.95,,379.97,,,1536497,587624472.10,33128,F1,1,,,,,
2026-08-28,2026-08-28,CM,NSE,STK,5258,INE095A01012,INDUSINDBK,EQ,,,,,INDUSIND BANK LIMITED,997.00,1000.60,987.30,994.00,994.00,1002.90,,994.00,,,1026834,1018955659.30,55158,F1,1,,,,,
2026-08-28,2026-08-28,CM,NSE,STK,762717,INE620D01011,INDPRUD,EQ,,,,,INDUSTRIAL & PRU INV CO L,6270.00,6389.50,6225.00,6302.50,6389.50,6200.00,,6302.20,,,26,163699.50,14,F1,1,,,,,
2026-08-28,2026-08-28,CM,NSE,STK,19525,INE886A01014,IITL,EQ,,,,,INDUSTRIAL INV TRUST LTD,160.00,164.46,152.73,156.53,154.10,159.91,,156.49,,,114182,18313009.77,1884,F1,1,,,,,
2026-08-28,2026-08-28,CM,NSE,STK,15036,INE0MRE01011,INFINIUM,SM,,,,,INFINIUM PHARMACHEM LTD,260.00,272.00,260.00,271.20,271.00,264.00,,271.20,,,25500,6743550.00,29,F1,500,,,,,
2026-08-28,2026-08-28,CM,NSE,STK,757602,INE0MYZ01012,INFLUX,SM,,,,,INFLUX HEALTHTECH LIMITED,302.90,304.00,299.85,302.75,304.00,300.15,,302.75,,,22800,6864840.00,35,F1,600,,,,,
2026-08-28,2026-08-28,CM,NSE,STK,13751,INE663F01032,NAUKRI,EQ,,,,,INFO EDGE (I) LTD,1339.00,1369.40,1339.00,1354.00,1354.00,1330.00,,1354.00,,,1808851,2452715886.60,75476,F1,1,,,,,
2026-08-28,2026-08-28,CM,NSE,STK,11027,INE344S01016,INFOBEAN,EQ,,,,,INFOBEANS TECHNO. LTD.,155.01,183.00,155.01,165.67,167.00,154.65,,165.67,,,8786919,1520255560.19,72280,F1,1,,,,,
2026-08-28,2026-08-28,CM,NSE,STK,16588,INE0NNZ01013,INFOLLION,SM,,,,,INFOLLION RESEARCH SER L,159.00,159.80,156.00,156.00,156.00,159.90,,156.00,,,4000,629360.00,10,F1,400,,,,,
2026-08-28,2026-08-28,CM,NSE,STK,13693,INE669A01022,INFOMEDIA,EQ,,,,,INFOMEDIA PRESS LIMITED,5.21,5.35,5.09,5.33,5.33,5.11,,5.32,,,110,563.46,11,F1,1,,,,,
2026-08-28,2026-08-28,CM,NSE,STK,1594,INE009A01021,INFY,EQ,,,,,INFOSYS LIMITED,1123.60,1145.00,1123.30,1144.00,1144.00,1110.80,,1144.00,,,9621969,10963088036.20,147819,F1,1,,,,,
2026-08-28,2026-08-28,CM,NSE,STK,1597,INE177A01018,INGERRAND,EQ,,,,,INGERSOLL-RAND INDIA LTD,4609.00,4899.00,4609.00,4860.20,4871.10,4609.40,,4860.26,,,123159,591528358.40,22921,F1,1,,,,,
2026-08-28,2026-08-28,CM,NSE,STK,25323,INE0S1D01010,INNOMET,ST,,,,,INNOMET ADVANCED MATERI L,255.95,255.95,255.95,255.95,255.95,250.95,,255.95,,,6000,1535700.00,7,F1,600,,,,,
2026-08-28,2026-08-28,CM,NSE,STK,21062,INE0DUT01020,INNOVACAP,EQ,,,,,INNOVA CAPTAB LIMITED,1021.55,1060.00,1016.20,1055.10,1057.00,1021.55,,1055.10,,,41828,43844394.95,6125,F1,1,,,,,
2026-08-28,2026-08-28,CM,NSE,STK,27754,INE403Y01018,INNOVANA,EQ,,,,,INNOVANA THINKLABS LTD,316.50,316.50,300.00,306.75,306.20,313.60,,306.75,,,2852,870056.45,93,F1,1,,,,,
2026-08-28,2026-08-28,CM,NSE,STK,27266,INE070Y01023,ITTL,ST,,,,,INNOVATIVE TYRE & TUBE LT,64.20,64.20,64.20,64.20,64.20,64.20,,64.20,,,105,6741.00,1,F1,105,,,,,
2026-08-28,2026-08-28,CM,NSE,STK,761528,INE0ADB01012,INNOVISION,EQ,,,,,INNOVISION LIMITED,249.30,254.75,246.20,247.25,246.85,251.40,,247.15,,,16674,4154230.40,1178,F1,1,,,,,
2026-08-28,2026-08-28,CM,NSE,STK,12188,INE510W01014,INOXGREEN,EQ,,,,,INOX GREEN ENERGY SER LTD,172.18,177.40,168.00,174.26,175.70,172.18,,174.28,,,1571341,271113812.03,9526,F1,1,,,,,
2026-08-28,2026-08-28,CM,NSE,STK,20607,INE616N01034,INOXINDIA,EQ,,,,,INOX INDIA LIMITED,2175.00,2267.90,2115.20,2126.20,2118.00,2177.90,,2126.09,,,733868,1590385437.50,56284,F1,1,,,,,
2026-08-28,2026-08-28,CM,NSE,STK,7852,INE066P01011,INOXWIND,EQ,,,,,INOX WIND LIMITED,72.00,72.48,71.27,71.79,71.79,72.00,,71.78,,,7058151,505649683.00,28457,F1,1,,,,,
2026-08-28,2026-08-28,CM,NSE,STK,14657,INE070I01018,INSECTICID,EQ,,,,,INSECTICIDES (I) LTD,568.10,608.10,566.30,598.50,601.35,567.10,,598.47,,,125263,74283074.25,6790,F1,1,,,,,
2026-08-28,2026-08-28,CM,NSE,STK,761099,INE0LGX01024,INA,EQ,,,,,INSOLATION ENERGY LIMITED,90.70,92.97,90.70,92.58,92.77,90.55,,92.55,,,217012,19980507.45,2812,F1,1,,,,,
2026-08-28,2026-08-28,CM,NSE,STK,19154,INE0NDX01019,INSPIRE,SM,,,,,INSPIRE FILMS LIMITED,8.15,8.15,8.15,8.15,8.15,8.15,,8.15,,,2000,16300.00,1,F1,2000,,,,,
2026-08-28,2026-08-28,CM,NSE,STK,13734,INE020G01017,INSPIRISYS,BE,,,,,INSPIRISYS SOLUTIONS LTD,90.00,92.77,88.00,92.77,92.77,88.36,,93.96,,,3128,286018.09,31,F1,1,,,,,
2026-08-28,2026-08-28,CM,NSE,STK,30323,INE418N01035,ESSENTIA,EQ,,,,,INTEGRA ESSENTIA LIMITED,1.05,1.08,1.03,1.08,1.08,1.03,,1.08,,,1512552,1621955.58,372,F1,1,,,,,
2026-08-28,2026-08-28,CM,NSE,STK,11903,INE02EE01019,IPSL,SM,,,,,INTEGRATED PERSO SER LTD,183.55,215.60,183.50,215.60,215.60,216.00,,215.60,,,3000,604100.00,5,F1,500,,,,,
2026-08-28,2026-08-28,CM,NSE,STK,757905,INE0YSH01017,INTEGRITY,ST,,,,,INTEGRITY INFRABUILD DE L,161.00,167.70,161.00,167.70,167.70,159.75,,167.70,,,4800,792480.00,4,F1,1200,,,,,
2026-08-28,2026-08-28,CM,NSE,STK,5926,INE306R01017,INTELLECT,EQ,,,,,INTELLECT DESIGN ARENA,677.00,689.60,677.00,679.70,679.90,678.30,,679.71,,,395222,269169805.90,21044,F1,1,,,,,
2026-08-28,2026-08-28,CM,NSE,STK,20071,INE781A01025,INTENTECH,EQ,,,,,INTENSE TECHNOLOGIES LTD,82.98,84.50,82.02,83.62,83.25,82.05,,83.62,,,10882,903446.40,225,F1,1,,,,,
2026-08-28,2026-08-28,CM,NSE,STK,24909,INE00M901018,INTERARCH,EQ,,,,,INTERARCH BLDNG SOLTN LTD,1719.40,1746.00,1690.00,1701.40,1695.00,1685.60,,1701.34,,,88375,151155439.60,9040,F1,1,,,,,
2026-08-28,2026-08-28,CM,NSE,STK,11195,INE646L01027,INDIGO,EQ,,,,,INTERGLOBE AVIATION LTD,5199.00,5200.50,5137.50,5166.00,5166.00,5189.00,,5166.04,,,257496,1330254274.50,24501,F1,1,,,,,
2026-08-28,2026-08-28,CM,NSE,STK,22770,INE0OPC01015,INM,SM,,,,,INTERIORS & MORE LIMITED,156.00,156.00,156.00,156.00,156.00,158.10,,156.00,,,600,93600.00,1,F1,600,,,,,
2026-08-28,2026-08-28,CM,NSE,STK,5606,INE575C01027,INTLCONV,EQ,,,,,INTL CONVEYORS LIMITED,76.98,82.00,76.51,80.31,80.79,76.92,,80.36,,,300014,24223527.23,6510,F1,1,,,,,
2026-08-28,2026-08-28,CM,NSE,STK,28378,INE0Q9301021,IGIL,EQ,,,,,INTL GEMOLOGICAL INST LTD,341.15,346.80,337.45,338.95,339.40,343.55,,338.96,,,277869,94827963.65,11452,F1,1,,,,,
2026-08-28,2026-08-28,CM,NSE,STK,18479,INE566K01011,ISFT,EQ,,,,,INTRASOFT TECH. LTD,93.36,99.15,93.21,94.11,93.51,95.17,,94.11,,,123205,11690909.91,946,F1,1,,,,,
2026-08-28,2026-08-28,CM,NSE,STK,24870,INE878H01024,INVENTURE,EQ,,,,,INVENTURE GRO & SEC LTD,0.97,0.98,0.94,0.96,0.96,0.97,,0.96,,,936470,899727.43,432,F1,1,,,,,
2026-08-28,2026-08-28,CM,NSE,STK,28125,INE115Q01022,IKS,EQ,,,,,INVENTURUS KNOWLEDGE SO L,1743.00,1778.00,1740.50,1762.00,1756.30,1750.60,,1761.65,,,110044,194280168.20,14012,F1,1,,,,,
2026-08-28,2026-08-28,CM,NSE,STK,18292,INF205KA1BP1,IVZINGOLD,EQ,,,,,INVESCO INDIA GOLD ETF,138.10,138.45,135.80,138.10,138.00,136.75,,138.08,,,22801,3121275.15,445,F1,1,,,,,
2026-08-28,2026-08-28,CM,NSE,STK,24217,INF205KA1CC7,IVZINNIFTY,EQ,,,,,INVESCO INDIA NIFTY ETF,270.08,277.97,270.08,276.86,276.53,277.01,,276.86,,,243,67410.80,32,F1,1,,,,,
2026-08-28,2026-08-28,CM,NSE,STK,762725,INE155E01016,INVPRECQ,BE,,,,,INVESTMENT & PREC CAST L,1305.00,1305.00,1288.00,1290.00,1290.00,1285.00,,1288.00,,,977,1263546.00,28,F1,1,,,,,
2026-08-28,2026-08-28,CM,NSE,STK,20413,INE485C01029,IOLCP,EQ,,,,,IOL CHEM AND PHARMA LTD,193.89,197.00,190.10,194.95,193.90,193.07,,194.94,,,4410316,855325457.33,35484,F1,1,,,,,
2026-08-28,2026-08-28,CM,NSE,STK,1630,INE570A01022,IONEXCHANG,EQ,,,,,ION EXCHANGE (INDIA) LTD,377.00,379.15,371.00,371.45,371.15,376.00,,371.45,,,116406,43599594.90,6924,F1,1,,,,,
2026-08-28,2026-08-28,CM,NSE,STK,764713,INE558A01019,IPRINGLTD,EQ,,,,,IP RINGS LTD.,146.90,146.90,140.00,145.00,145.00,138.64,,142.05,,,1192,170244.26,44,F1,1,,,,,
2026-08-28,2026-08-28,CM,NSE,STK,1633,INE571A01038,IPCALAB,EQ,,,,,IPCA LABORATORIES LTD,1951.00,1977.30,1929.80,1950.30,1953.70,1959.80,,1950.31,,,276397,537936243.00,25707,F1,1,,,,,
2026-08-28,2026-08-28,CM,NSE,STK,15313,INE821I01022,IRB,EQ,,,,,IRB INFRA DEV LTD.,19.25,19.41,19.04,19.07,19.08,19.32,,19.07,,,5016562,96373624.12,14168,F1,1,,,,,
2026-08-28,2026-08-28,CM,NSE,STK,20817,INE183W23014,IRBINVIT,IV,,,,,IRB INVIT FUND,63.67,64.35,63.25,64.19,64.30,63.67,,64.19,,,192321,12279305.70,3306,F1,1,,,,,
2026-08-28,2026-08-28,CM,NSE,STK,4986,INE962Y01021,IRCON,EQ,,,,,IRCON INTERNATIONAL LTD,123.30,123.89,122.20,122.40,123.00,123.04,,122.41,,,834876,102711945.35,11487,F1,1,,,,,
2026-08-28,2026-08-28,CM,NSE,STK,1391,INE202E07138,880IREDA29,N5,,,,,IREDA 8.80NCDTR I SR II B,1115.00,1120.00,1112.00,1118.00,1118.00,1118.25,,1118.00,,,349,389373.25,8,F1,1,,,,,
2026-08-28,2026-08-28,CM,NSE,STK,2275,INE01GN01025,IRISDOREME,EQ,,,,,IRIS CLOTHINGS LIMITED,58.37,59.09,58.11,58.70,58.90,57.93,,58.70,,,415448,24358030.35,3442,F1,1,,,,,
2026-08-28,2026-08-28,CM,NSE,STK,6489,INE864K01010,IRIS,EQ,,,,,IRIS REGTECH SOLUTION LTD,240.00,253.00,235.68,250.72,250.00,235.68,,250.70,,,25805,6340340.46,882,F1,1,,,,,
2026-08-28,2026-08-28,CM,NSE,STK,19597,INE07U701015,IRMENERGY,EQ,,,,,IRM ENERGY LIMITED,282.50,289.00,281.10,283.35,283.30,283.10,,283.47,,,72208,20509792.95,2518,F1,1,,,,,
2026-08-28,2026-08-28,CM,NSE,STK,761208,INE413U07442,925ISF28,N0,,,,,ISF 9.25% 2028,9780.00,9824.05,9780.00,9824.05,9824.05,9800.00,,9824.05,,,98,960738.25,7,F1,1,,,,,
2026-08-28,2026-08-28,CM,NSE,STK,760991,INE413U07467,925ISF29,N0,,,,,ISF 9.25% 2029 SR B,9851.00,9851.00,9850.95,9850.95,9850.95,9901.00,,9850.95,,,11,108360.65,2,F1,1,,,,,
2026-08-28,2026-08-28,CM,NSE,STK,757708,INE413U07426,950ISF27C,N0,,,,,ISF 9.50% 2027,9918.00,9918.00,9918.00,9918.00,9918.00,9915.00,,9918.00,,,5,49590.00,1,F1,1,,,,,
2026-08-28,2026-08-28,CM,NSE,STK,759100,INE413U07434,965ISF28,N0,,,,,ISF 9.65% 2028,100000.00,100000.00,100000.00,100000.00,100000.00,100000.20,,100000.00,,,1,100000.00,1,F1,1,,,,,
2026-08-28,2026-08-28,CM,NSE,STK,3329,INE858B01029,ISGEC,EQ,,,,,ISGEC HEAVY ENG LTD,775.00,791.00,774.60,789.05,788.00,780.40,,789.00,,,41044,32188265.85,3685,F1,1,,,,,
2026-08-28,2026-08-28,CM,NSE,STK,30249,INE561M01018,ISHANCH,EQ,,,,,ISHAN DYES N CHEMICALS L,44.46,45.00,43.40,44.82,44.50,44.00,,44.87,,,23463,1036028.24,400,F1,1,,,,,
2026-08-28,2026-08-28,CM,NSE,STK,10995,INE0LCW01025,ISHAN,SM,,,,,ISHAN INTERNATIONAL LTD,0.55,0.55,0.55,0.55,0.55,0.55,,0.55,,,48000,26400.00,1,F1,48000,,,,,
2026-08-28,2026-08-28,CM,NSE,STK,22645,INE0R7R01018,ITALIANE,SM,,,,,ITALIAN EDIBLES LIMITED,36.10,36.10,34.70,34.85,35.00,34.40,,34.85,,,34000,1221800.00,15,F1,2000,,,,,
2026-08-28,2026-08-28,CM,NSE,STK,29251,INE379A01028,ITCHOTELS,EQ,,,,,ITC HOTELS LIMITED,164.16,164.95,161.95,162.73,163.35,164.16,,162.74,,,1319791,215240139.02,20369,F1,1,,,,,
2026-08-28,2026-08-28,CM,NSE,STK,1660,INE154A01025,ITC,EQ,,,,,ITC LTD,269.00,269.00,264.80,266.00,266.00,269.00,,266.00,,,15200847,4042397933.70,204924,F1,1,,,,,
2026-08-28,2026-08-28,CM,NSE,STK,1675,INE248A01017,ITI,EQ,,,,,ITI LTD,275.95,279.55,274.60,275.50,276.00,275.20,,275.50,,,176937,49019727.95,4473,F1,1,,,,,
2026-08-28,2026-08-28,CM,NSE,STK,764723,INE478D01014,ITL,EQ,,,,,ITL INDUSTRIES LTD.,360.00,377.00,360.00,368.40,368.40,367.20,,367.78,,,2845,1056317.85,70,F1,1,,,,,
2026-08-28,2026-08-28,CM,NSE,STK,759041,INE056801025,IVALUE,EQ,,,,,IVALUE INFOSOLUTIONS LTD,273.10,274.65,258.35,264.65,265.00,274.75,,264.66,,,279869,74222643.90,7126,F1,1,,,,,
2026-08-28,2026-08-28,CM,NSE,STK,8857,INE043C01018,IVP,BE,,,,,IVP LIMITED,192.10,193.00,189.80,191.37,191.07,191.77,,191.39,,,7289,1396451.82,73,F1,1,,,,,
2026-08-28,2026-08-28,CM,NSE,STK,757644,INE1AII01014,IWARE,ST,,,,,IWARE SUPPLYCHAIN SER LTD,445.00,445.00,430.00,430.55,430.00,445.00,,430.55,,,8400,3641490.00,14,F1,600,,,,,
2026-08-28,2026-08-28,CM,NSE,STK,14174,INE848A01014,IZMO,EQ,,,,,IZMO LIMITED,834.00,880.80,827.65,848.45,850.00,829.60,,848.46,,,71967,61202059.45,5524,F1,1,,,,,
2026-08-28,2026-08-28,CM,NSE,STK,5633,INE168A01041,J&KBANK,EQ,,,,,J & K BANK LTD.,151.93,152.39,149.00,150.01,150.00,152.17,,150.00,,,884757,132814902.05,14043,F1,1,,,,,
2026-08-28,2026-08-28,CM,NSE,STK,23056,INE0MB501011,JGCHEM,EQ,,,,,J.G.CHEMICALS LIMITED,589.90,675.00,586.45,651.30,658.00,585.50,,651.39,,,5912922,3878595436.95,149333,F1,1,,,,,
2026-08-28,2026-08-28,CM,NSE,STK,13211,INE199G01027,JAGRAN,EQ,,,,,JAGRAN PRAKASHAN LIMITED,61.80,62.02,61.20,61.30,61.25,61.68,,61.31,,,132770,8167905.28,2040,F1,1,,,,,
2026-08-28,2026-08-28,CM,NSE,STK,4410,INE048B01035,JAGSNPHARM,EQ,,,,,JAGSONPAL PHARMACEUTICALS,237.76,242.86,236.17,239.06,240.86,236.99,,239.07,,,92231,22111264.05,3024,F1,1,,,,,
2026-08-28,2026-08-28,CM,NSE,STK,11256,INE091G01026,JAIBALAJI,EQ,,,,,JAI BALAJI INDUSTRIES LTD,70.30,70.81,68.45,69.23,69.90,70.16,,69.23,,,986503,68582555.16,3886,F1,1,,,,,
2026-08-28,2026-08-28,CM,NSE,STK,5143,INE070D01027,JAICORPLTD,EQ,,,,,JAI CORP LIMITED,100.91,101.00,99.66,100.32,100.33,100.10,,100.32,,,200251,20084155.46,2572,F1,1,,,,,
2026-08-28,2026-08-28,CM,NSE,STK,25684,IN9175A01010,JISLDVREQS,EQ,,,,,JAIN DVR EQUITY SHARES,20.95,21.70,20.89,21.22,21.00,21.13,,21.22,,,7484,159253.51,70,F1,1,,,,,
2026-08-28,2026-08-28,CM,NSE,STK,10397,INE175A01038,JISLJALEQS,EQ,,,,,JAIN IRRIGATION SYSTEMS,29.50,29.98,28.50,28.70,28.89,29.69,,28.70,,,2217553,64536172.61,6733,F1,1,,,,,
2026-08-28,2026-08-28,CM,NSE,STK,759244,INE0YD401026,JAINREC,EQ,,,,,JAIN RESOURCE RECYCLING L,285.10,293.35,285.10,287.95,287.90,285.05,,287.95,,,811696,234544443.65,16108,F1,1,,,,,
2026-08-28,2026-08-28,CM,NSE,STK,758303,INE0XIL01012,JAINIK,SM,,,,,JAINIK POWER CABLES LTD,198.25,209.75,188.35,209.75,209.75,205.00,,209.75,,,12000,2377620.00,10,F1,1200,,,,,
2026-08-28,2026-08-28,CM,NSE,STK,11763,INE351F01018,JPPOWER,EQ,,,,,JAIPRAKASH POWER VEN. LTD,16.94,16.98,16.76,16.82,16.81,16.92,,16.82,,,19545803,329083902.19,90341,F1,1,,,,,
2026-08-28,2026-08-28,CM,NSE,STK,20778,INE039C01032,JAMNAAUTO,EQ,,,,,JAMNA AUTO IND LTD,119.88,122.72,119.88,120.80,121.16,119.88,,120.80,,,886484,107497213.07,9941,F1,1,,,,,
2026-08-28,2026-08-28,CM,NSE,STK,22663,INE953L01027,JSFB,EQ,,,,,JANA SMALL FIN BANK LTD,547.00,551.25,539.20,541.00,543.00,544.55,,540.99,,,301768,164022859.40,9207,F1,1,,,,,
2026-08-28,2026-08-28,CM,NSE,STK,759951,INE00YJ01010,JARO,EQ,,,,,JARO INS OF TEC MG N RE L,465.90,477.75,464.20,470.05,472.95,463.15,,470.09,,,93456,44063581.50,3720,F1,1,,,,,
2026-08-28,2026-08-28,CM,NSE,STK,13982,INE039O01029,JASH,EQ,,,,,JASH ENGINEERING LIMITED,488.00,488.00,477.10,478.30,478.90,484.65,,478.35,,,44964,21568575.70,3210,F1,1,,,,,
2026-08-28,2026-08-28,CM,NSE,STK,25037,INE0SMY01017,JAYBEE,SM,,,,,JAY BEE LAMINATIONS LTD,85.45,89.00,83.90,85.45,85.95,83.75,,85.45,,,27500,2372425.00,45,F1,500,,,,,
2026-08-28,2026-08-28,CM,NSE,STK,1708,INE571B01036,JAYBARMARU,EQ,,,,,JAY BHARAT MARUTI LTD,124.99,128.70,123.21,128.35,127.00,122.58,,128.37,,,283574,35896233.96,2518,F1,1,,,,,
2026-08-28,2026-08-28,CM,NSE,STK,10889,INE0J6801010,KORE,SM,,,,,JAY JALARAM TECHNO LTD,105.25,116.30,104.00,108.00,105.00,105.75,,108.00,,,47750,5357762.50,115,F1,250,,,,,
2026-08-28,2026-08-28,CM,NSE,STK,4041,INE785A01026,JAYAGROGN,EQ,,,,,JAYANT AGRO ORGANICS LTD,223.11,227.58,222.32,223.14,224.78,222.07,,223.14,,,3465,776636.06,233,F1,1,,,,,
2026-08-28,2026-08-28,CM,NSE,STK,2331,INE854B01010,JAYNECOIND,EQ,,,,,JAYASWAL NECO INDUSTR LTD,101.09,102.10,97.31,99.10,99.00,101.09,,99.10,,,4064048,403549023.52,27350,F1,1,,,,,
2026-08-28,2026-08-28,CM,NSE,STK,759159,INE1AE401014,JAYESH,SM,,,,,JAYESH LOGISTICS LIMITED,135.00,144.00,133.10,142.35,140.00,135.50,,142.35,,,258000,36267400.00,76,F1,1000,,,,,
2026-08-28,2026-08-28,CM,NSE,STK,760073,INE903A01025,JAYKAY,EQ,,,,,JAYKAY ENTERPRISES LTD,151.22,156.80,149.00,154.11,154.95,169.62,,154.12,,,781470,119748428.11,11518,F1,1,,,,,
2026-08-28,2026-08-28,CM,NSE,STK,1720,INE364A01020,JAYSREETEA,EQ,,,,,JAYSHREE TEA & INDUSTRIES,100.05,101.80,98.15,98.84,98.98,100.10,,98.85,,,56082,5609193.03,816,F1,1,,,,,
2026-08-28,2026-08-28,CM,NSE,STK,11655,INE927D01051,JBMA,EQ,,,,,JBM AUTO LIMITED,645.90,650.70,640.10,641.55,641.50,645.25,,641.54,,,132197,85099196.20,7652,F1,1,,,,,
2026-08-28,2026-08-28,CM,NSE,STK,758115,INE0J5801029,JSLL,EQ,,,,,JEENA SIKHO LIFECARE LTD,505.00,515.00,502.60,512.50,511.20,501.90,,512.48,,,361458,183913258.40,10068,F1,1,,,,,
2026-08-28,2026-08-28,CM,NSE,STK,764728,INE354A01013,JENBURPH,EQ,,,,,JENBURKT PHARMACEUTICAL L,1031.00,1055.00,1030.10,1048.00,1053.00,1032.80,,1048.08,,,501,524437.70,58,F1,1,,,,,
2026-08-28,2026-08-28,CM,NSE,STK,7211,INE982V01025,JETFREIGHT,EQ,,,,,JET FREIGHT LOGISTICS LTD,22.55,22.82,22.20,22.39,22.57,22.85,,22.39,,,102690,2313000.15,346,F1,1,,,,,
2026-08-28,2026-08-28,CM,NSE,STK,25150,INE0RXB01022,JEYYAM,ST,,,,,JEYYAM GLOBAL FOODS LTD,22.75,23.50,22.75,22.80,22.80,22.80,,22.80,,,104000,2389400.00,18,F1,2000,,,,,
2026-08-28,2026-08-28,CM,NSE,STK,13720,INE544H01014,JHS,EQ,,,,,JHS SVEND. LAB. LTD,8.95,9.30,8.24,8.29,8.30,8.95,,8.29,,,129946,1105782.36,500,F1,1,,,,,
2026-08-28,2026-08-28,CM,NSE,STK,24145,INE03DD01011,RETAIL,EQ,,,,,JHS SVENDGAARD RETAIL V L,17.01,18.50,17.00,17.64,17.20,17.11,,17.64,,,1474,26571.97,42,F1,1,,,,,
2026-08-28,2026-08-28,CM,NSE,STK,31507,INE147P01019,JPOLYINVST,EQ,,,,,JIND POL INV & FIN CO LTD,968.00,1030.00,968.00,1025.00,1027.10,966.10,,1024.99,,,21055,21235005.30,1610,F1,1,,,,,
2026-08-28,2026-08-28,CM,NSE,STK,13875,INE742C01031,JINDRILL,EQ,,,,,JINDAL DRILLING IND. LTD,630.90,635.50,625.55,628.20,630.00,630.55,,628.23,,,106924,67425315.45,4968,F1,1,,,,,
2026-08-28,2026-08-28,CM,NSE,STK,11743,INE796G01012,JINDALPHOT,EQ,,,,,JINDAL PHOTO LIMITED,1020.40,1055.80,1012.10,1026.60,1048.00,1041.00,,1026.65,,,4737,4849754.20,346,F1,1,,,,,
2026-08-28,2026-08-28,CM,NSE,STK,1756,INE197D01010,JINDALPOLY,EQ,,,,,JINDAL POLY FILMS LIMITED,637.55,642.00,632.85,635.85,635.00,637.55,,635.85,,,5335,3399166.40,410,F1,1,,,,,
2026-08-28,2026-08-28,CM,NSE,STK,3024,INE324A01032,JINDALSAW,EQ,,,,,JINDAL SAW LIMITED,310.25,311.20,305.05,308.60,309.00,310.25,,308.59,,,1154109,355555443.70,19347,F1,1,,,,,
2026-08-28,2026-08-28,CM,NSE,STK,11236,INE220G01021,JSL,EQ,,,,,JINDAL STAINLESS LIMITED,704.00,707.55,697.00,705.15,705.00,705.00,,705.14,,,307596,216497977.00,17519,F1,1,,,,,
2026-08-28,2026-08-28,CM,NSE,STK,6733,INE749A01030,JINDALSTEL,EQ,,,,,JINDAL STEEL LIMITED,1172.70,1191.90,1170.00,1179.20,1179.20,1170.00,,1179.17,,,652427,768886784.40,24138,F1,1,,,,,
2026-08-28,2026-08-28,CM,NSE,STK,20642,INE247D01039,JINDWORLD,EQ,,,,,JINDAL WORLDWIDE LTD,37.01,38.67,37.01,37.86,38.00,36.83,,37.86,,,5772657,218407185.09,13347,F1,1,,,,,
2026-08-28,2026-08-28,CM,NSE,STK,759205,INE1FF001016,JKIPL,EQ,,,,,JINKUSHAL INDUSTRIES LTD,107.55,109.80,104.26,104.92,104.26,109.12,,104.92,,,329849,34768106.08,734,F1,1,,,,,
2026-08-28,2026-08-28,CM,NSE,STK,18143,INE758E01017,JIOFIN,EQ,,,,,JIO FIN SERVICES LTD,238.60,240.00,237.60,238.40,238.40,238.10,,238.37,,,7150998,1704698420.75,61321,F1,1,,,,,
2026-08-28,2026-08-28,CM,NSE,STK,765307,INF22M001184,NIFTYJBLK,EQ,,,,,JIOBLACKROCKAMC-NIFTYJBLK,12.68,12.68,12.36,12.39,12.45,12.38,,12.39,,,164738,2040056.00,503,F1,1,,,,,
2026-08-28,2026-08-28,CM,NSE,STK,19691,INE863T01013,JITFINFRA,EQ,,,,,JITF INFRALOGISTICS LTD,321.55,325.50,317.00,318.10,317.00,321.50,,318.10,,,6571,2110789.80,295,F1,1,,,,,
2026-08-28,2026-08-28,CM,NSE,STK,13270,INE823G01014,JKCEMENT,EQ,,,,,JK CEMENT LIMITED,5233.50,5244.50,5132.00,5168.50,5139.00,5233.50,,5168.23,,,26769,138631311.50,6816,F1,1,,,,,
2026-08-28,2026-08-28,CM,NSE,STK,13491,INE786A01032,JKLAKSHMI,EQ,,,,,JK LAKSHMI CEMENT LTD,544.20,544.40,539.00,540.85,541.60,544.20,,540.84,,,66478,35996256.95,7291,F1,1,,,,,
2026-08-28,2026-08-28,CM,NSE,STK,11860,INE789E01012,JKPAPER,EQ,,,,,JK PAPER LIMITED,391.45,395.30,389.00,391.55,390.75,390.40,,391.57,,,141274,55431967.40,4961,F1,1,,,,,
2026-08-28,2026-08-28,CM,NSE,STK,14435,INE573A01042,JKTYRE,EQ,,,,,JK TYRE & INDUSTRIES LTD,381.95,382.55,377.60,380.25,379.50,378.75,,380.24,,,301864,114629524.45,8279,F1,1,,,,,
2026-08-28,2026-08-28,CM,NSE,STK,15266,INE576I01022,JKIL,EQ,,,,,JKUMAR INFR.LTD.,506.00,506.90,497.00,500.25,502.25,504.25,,500.25,,,37156,18599748.95,2307,F1,1,,,,,
2026-08-28,2026-08-28,CM,NSE,STK,13637,INE780C01023,JMFINANCIL,EQ,,,,,JM FINANCIAL LIMITED,130.87,132.50,128.60,129.29,129.10,130.45,,129.29,,,2233306,291176026.30,16847,F1,1,,,,,
2026-08-28,2026-08-28,CM,NSE,STK,23621,INE0OAF01028,JNKINDIA,EQ,,,,,JNK INDIA LIMITED,440.75,450.10,437.10,447.65,446.00,444.75,,447.65,,,106881,47396260.15,3325,F1,1,,,,,
2026-08-28,2026-08-28,CM,NSE,STK,16931,INE839G01010,JOCIL,BE,,,,,JOCIL LIMITED,154.00,154.00,146.60,152.50,152.50,151.15,,152.50,,,2296,345713.60,44,F1,1,,,,,
2026-08-28,2026-08-28,CM,NSE,STK,762623,INE515A01019,COCKERILL,EQ,,,,,JOHN COCKERILL INDIA LTD.,8101.50,8150.00,8030.00,8123.00,8145.00,8089.50,,8123.09,,,2613,21147231.00,1216,F1,1,,,,,
2026-08-28,2026-08-28,CM,NSE,STK,758460,INE718I01012,JSWCEMENT,EQ,,,,,JSW CEMENT LIMITED,127.00,127.20,124.70,125.24,125.15,126.55,,125.24,,,476253,59650696.30,10156,F1,1,,,,,
2026-08-28,2026-08-28,CM,NSE,STK,1467,INE133A01011,JSWDULUX,EQ,,,,,JSW DULUX LIMITED,3130.00,3139.00,3100.30,3110.80,3110.00,3110.40,,3110.85,,,6926,21593283.40,2078,F1,1,,,,,
2026-08-28,2026-08-28,CM,NSE,STK,17869,INE121E01018,JSWENERGY,EQ,,,,,JSW ENERGY LIMITED,539.80,542.00,535.30,535.30,535.30,542.10,,535.30,,,995262,536266666.50,32579,F1,1,,,,,
2026-08-28,2026-08-28,CM,NSE,STK,11880,INE824G01012,JSWHL,EQ,,,,,JSW HOLDINGS LIMITED,11800.00,11800.00,11524.00,11578.00,11622.00,11735.00,,11581.49,,,1170,13619131.00,533,F1,1,,,,,
2026-08-28,2026-08-28,CM,NSE,STK,19020,INE880J01026,JSWINFRA,EQ,,,,,JSW INFRASTRUCTURE LTD,339.50,344.85,337.50,342.95,342.00,337.95,,342.95,,,1428019,488970345.15,29463,F1,1,,,,,
2026-08-28,2026-08-28,CM,NSE,STK,11723,INE019A01038,JSWSTEEL,EQ,,,,,JSW STEEL LIMITED,1335.20,1344.00,1320.40,1334.90,1334.90,1337.50,,1334.82,,,1403899,1864667683.30,33207,F1,1,,,,,
2026-08-28,2026-08-28,CM,NSE,STK,3237,INE643A01035,JTEKTINDIA,EQ,,,,,JTEKT INDIA LIMITED,126.18,126.99,125.00,126.38,126.35,126.18,,126.38,,,66429,8385523.74,1422,F1,1,,,,,
2026-08-28,2026-08-28,CM,NSE,STK,7287,INE391J01032,JTLIND,EQ,,,,,JTL INDUSTRIES LIMITED,83.37,91.01,82.83,89.87,89.60,82.57,,89.87,,,18590394,1640218531.42,79438,F1,1,,,,,
2026-08-28,2026-08-28,CM,NSE,STK,29590,INE03CC01015,JUBLCPL,EQ,,,,,JUBILANT AGRI N CON PRO L,2118.70,2166.40,2102.00,2140.40,2150.00,2122.90,,2139.68,,,2075,4426466.90,396,F1,1,,,,,
2026-08-28,2026-08-28,CM,NSE,STK,18096,INE797F01020,JUBLFOOD,EQ,,,,,JUBILANT FOODWORKS LTD,502.25,502.70,490.05,490.45,490.45,504.00,,490.45,,,1153110,570814904.80,24513,F1,1,,,,,
2026-08-28,2026-08-28,CM,NSE,STK,2783,INE0BY001018,JUBLINGREA,EQ,,,,,JUBILANT INGREVIA LIMITED,691.00,698.00,681.00,683.50,684.05,691.10,,683.55,,,142239,97922453.60,8209,F1,1,,,,,
2026-08-28,2026-08-28,CM,NSE,STK,3637,INE700A01033,JUBLPHARMA,EQ,,,,,JUBILANT PHARMOVA LTD,880.00,895.00,871.10,882.65,881.95,878.70,,882.63,,,124044,109775464.95,12474,F1,1,,,,,
2026-08-28,2026-08-28,CM,NSE,STK,7109,INE412C01023,JMA,EQ,,,,,JULLUNDUR MOT AGENCY LTD,93.04,103.70,92.00,95.09,95.00,93.04,,95.09,,,198237,19500253.75,1600,F1,1,,,,,
2026-08-28,2026-08-28,CM,NSE,STK,764408,INE05C901015,JNPR,EQ,,,,,JUNIPER GREEN ENERGY LTD,254.51,259.00,246.57,258.23,258.50,254.32,,258.22,,,1228144,310629189.44,20405,F1,1,,,,,
2026-08-28,2026-08-28,CM,NSE,STK,22824,INE696F01016,JUNIPER,EQ,,,,,JUNIPER HOTELS LIMITED,216.05,217.90,213.45,214.59,215.42,216.05,,214.60,,,163439,35168560.36,3812,F1,1,,,,,
2026-08-28,2026-08-28,CM,NSE,STK,18553,INE682M01020,JLHL,EQ,,,,,JUPITER LIFE LINE HOSP L,309.00,312.95,295.00,301.40,300.00,307.45,,301.40,,,111623,33660409.00,4197,F1,1,,,,,
2026-08-28,2026-08-28,CM,NSE,STK,20224,INE209L01016,JWL,EQ,,,,,JUPITER WAGONS LIMITED,246.90,247.70,244.50,245.10,245.50,247.00,,245.11,,,606055,149049369.00,11953,F1,1,,,,,
2026-08-28,2026-08-28,CM,NSE,STK,29962,INE599M01018,JUSTDIAL,EQ,,,,,JUSTDIAL LTD.,655.00,704.55,653.35,704.55,704.55,640.50,,704.56,,,739937,517527462.00,9281,F1,1,,,,,
2026-08-28,2026-08-28,CM,NSE,STK,15146,INE668F01031,JYOTHYLAB,EQ,,,,,JYOTHY LABS LIMITED,209.52,210.05,206.10,207.40,206.10,209.52,,207.40,,,323793,67542462.62,8243,F1,1,,,,,
2026-08-28,2026-08-28,CM,NSE,STK,21334,INE980O01024,JYOTICNC,EQ,,,,,JYOTI CNC AUTOMATION LTD,1029.80,1048.00,1014.55,1039.40,1033.40,1029.80,,1039.39,,,873856,905595950.70,45284,F1,1,,,,,
2026-08-28,2026-08-28,CM,NSE,STK,758221,INE1M3T01017,JYOTIGLOBL,SM,,,,,JYOTI GLOBAL PLAST LTD,37.05,37.40,37.00,37.30,37.25,38.20,,37.30,,,12000,445900.00,6,F1,2000,,,,,
2026-08-28,2026-08-28,CM,NSE,STK,764733,INE577D01013,JYOTIRES,EQ,,,,,JYOTI RESINS & ADHESIVE L,897.15,904.55,873.00,879.65,883.00,890.55,,879.21,,,5279,4686491.70,547,F1,1,,,,,
2026-08-28,2026-08-28,CM,NSE,STK,1802,INE197A01024,JYOTISTRUC,EQ,,,,,JYOTI STRUCTURES LTD,10.23,10.36,10.06,10.14,10.21,10.19,,10.14,,,2945954,30038796.46,2952,F1,1,,,,,
2026-08-28,2026-08-28,CM,NSE,STK,764743,INE533C01018,KJMCFIN,EQ,,,,,K J M C FINANCIAL SERV L,64.60,72.46,64.60,66.97,66.37,69.11,,66.60,,,1211,82320.30,42,F1,1,,,,,
2026-08-28,2026-08-28,CM,NSE,STK,764748,INE879K01018,KMCSHIL,EQ,,,,,K M C SPECIALITY HOSP I L,138.60,139.58,136.62,138.05,139.00,138.18,,138.06,,,82093,11327964.79,1400,F1,1,,,,,
2026-08-28,2026-08-28,CM,NSE,STK,14667,INE157H01023,KMSUGAR,EQ,,,,,K M SUGAR MILLS LTD,30.84,32.99,30.66,32.64,32.55,30.61,,32.61,,,505957,16216885.32,2158,F1,1,,,,,
2026-08-28,2026-08-28,CM,NSE,STK,27079,INE127T01021,KPEL,EQ,,,,,K.P. ENERGY LIMITED,244.00,250.55,242.60,249.45,248.85,244.90,,249.46,,,194393,48170179.75,4634,F1,1,,,,,
2026-08-28,2026-08-28,CM,NSE,STK,23462,INE0DEZ01013,K2INFRA,ST,,,,,K2 INFRAGEN LIMITED,50.05,51.70,48.90,50.25,51.70,51.10,,50.25,,,31200,1549260.00,48,F1,600,,,,,
2026-08-28,2026-08-28,CM,NSE,STK,1805,INE900B01029,KABRAEXTRU,EQ,,,,,KABRA EXTRUSION TECHNIK L,590.00,612.15,578.30,603.50,601.70,589.60,,603.44,,,278180,166473252.00,10623,F1,1,,,,,
2026-08-28,2026-08-28,CM,NSE,STK,29192,INE0XOW01017,KKJEWELS,SM,,,,,KABRA JEWELS LIMITED,97.00,97.40,96.65,97.40,97.40,98.00,,97.40,,,10000,970750.00,10,F1,1000,,,,,
2026-08-28,2026-08-28,CM,NSE,STK,1808,INE217B01036,KAJARIACER,EQ,,,,,KAJARIA CERAMICS LTD,1204.00,1229.90,1202.00,1215.50,1217.00,1200.40,,1215.50,,,91389,111134447.10,6990,F1,1,,,,,
2026-08-28,2026-08-28,CM,NSE,STK,1811,INE437B01014,KAKATCEM,EQ,,,,,KAKATIYA CEM SUGAR &IND L,112.80,117.00,112.80,113.78,113.12,115.39,,113.79,,,4787,546401.40,76,F1,1,,,,,
2026-08-28,2026-08-28,CM,NSE,STK,25443,INE0T0L01014,KALANA,SM,,,,,KALANA ISPAT LIMITED,23.50,23.50,23.50,23.50,23.50,24.70,,23.50,,,2000,47000.00,1,F1,2000,,,,,
2026-08-28,2026-08-28,CM,NSE,STK,758558,INE227J01012,KALPATARU,EQ,,,,,KALPATARU LIMITED,275.00,279.80,274.00,276.45,276.00,274.15,,276.48,,,54833,15161764.65,861,F1,1,,,,,
2026-08-28,2026-08-28,CM,NSE,STK,1814,INE220B01022,KPIL,EQ,,,,,KALPATARU PROJECT INT LTD,1395.90,1404.90,1382.00,1386.30,1382.50,1391.00,,1386.20,,,96391,133947930.10,14253,F1,1,,,,,
2026-08-28,2026-08-28,CM,NSE,STK,2955,INE303R01014,KALYANKJIL,EQ,,,,,KALYAN JEWELLERS IND LTD,633.00,635.50,613.00,615.80,615.80,629.30,,615.80,,,7914847,4921500421.70,72981,F1,1,,,,,
2026-08-28,2026-08-28,CM,NSE,STK,19653,INE610E01010,KALYANI,BE,,,,,KALYANI COMMERCIALS LTD,144.99,144.99,144.99,144.99,144.99,138.09,,144.99,,,250,36247.50,12,F1,1,,,,,
2026-08-28,2026-08-28,CM,NSE,STK,15156,INE314G01014,KALYANIFRG,EQ,,,,,KALYANI FORGE LIMITED,679.30,784.50,672.05,761.95,745.00,682.45,,762.08,,,14670,10873848.10,836,F1,1,,,,,
2026-08-28,2026-08-28,CM,NSE,STK,21119,INE029L01018,KICL,EQ,,,,,KALYANI INVEST CO LTD,5223.50,5259.50,5134.00,5180.00,5157.00,5238.00,,5180.00,,,1041,5405345.50,199,F1,1,,,,,
2026-08-28,2026-08-28,CM,NSE,STK,18889,INE907A01026,KSL,EQ,,,,,KALYANI STEELS LIMITED,881.30,932.00,880.55,888.35,889.00,881.30,,888.34,,,198799,179501842.65,10757,F1,1,,,,,
2026-08-28,2026-08-28,CM,NSE,STK,762732,INE411F01010,KAMAHOLD,EQ,,,,,KAMA HOLDINGS LTD.,2398.40,2400.00,2370.00,2374.60,2383.00,2389.40,,2375.81,,,4904,11666521.30,711,F1,1,,,,,
2026-08-28,2026-08-28,CM,NSE,STK,764738,INE344D01018,KAMANWALA,EQ,,,,,KAMANWALA HOUSING CONST L,16.90,17.00,16.10,16.93,17.00,16.52,,16.91,,,3706,62289.23,25,F1,1,,,,,
2026-08-28,2026-08-28,CM,NSE,STK,1826,INE967C01018,KAMATHOTEL,EQ,,,,,KAMAT HOTELS (I) LTD,237.00,241.11,227.21,228.30,229.84,236.51,,228.29,,,78492,18382046.84,2212,F1,1,,,,,
2026-08-28,2026-08-28,CM,NSE,STK,13461,INE390H01020,KAMDHENU,BE,,,,,KAMDHENU LIMITED,35.80,36.50,35.03,36.17,36.00,35.63,,36.17,,,425421,15258662.00,726,F1,1,,,,,
2026-08-28,2026-08-28,CM,NSE,STK,13814,INE0BTI01037,KAMOPAINTS,EQ,,,,,KAMDHENU VENTURES LIMITED,4.63,4.65,4.45,4.50,4.50,4.54,,4.54,,,99545,447234.35,441,F1,1,,,,,
2026-08-28,2026-08-28,CM,NSE,STK,25786,INE879E01037,KANANIIND,EQ,,,,,KANANI INDUSTRIES LTD,1.45,1.54,1.45,1.52,1.51,1.47,,1.52,,,300568,453835.68,203,F1,1,,,,,
2026-08-28,2026-08-28,CM,NSE,STK,762737,INE081G01019,KANCHI,EQ,,,,,KANCHI KARPOORAM LTD.,415.50,435.00,404.20,422.30,424.40,420.00,,422.75,,,4421,1874106.10,140,F1,1,,,,,
2026-08-28,2026-08-28,CM,NSE,STK,765090,INE398L01017,KANCOTEA,EQ,,,,,KANCO TEA & INDS. LTD.,57.99,57.99,55.94,55.95,55.95,56.35,,53.56,,,283,15835.72,10,F1,1,,,,,
2026-08-28,2026-08-28,CM,NSE,STK,11208,INE0MOT01016,KANDARP,SM,,,,,KANDARP DG SMART BPO LTD,96.15,96.15,95.05,95.05,95.05,96.05,,95.05,,,4000,383350.00,4,F1,1000,,,,,
2026-08-28,2026-08-28,CM,NSE,STK,9805,INE138C01024,KANORICHEM,BE,,,,,KANORIACHEMICALS-,158.50,160.29,155.00,159.25,160.00,158.79,,159.25,,,9149,1439233.04,93,F1,1,,,,,
2026-08-28,2026-08-28,CM,NSE,STK,1782,INE694E01014,KANPRPLA,EQ,,,,,KANPUR PLASTIPACK LIMITED,271.39,275.00,261.36,272.32,274.85,268.49,,272.32,,,48314,13017537.30,1371,F1,1,,,,,
2026-08-28,2026-08-28,CM,NSE,STK,1196,INE531A01024,KANSAINER,EQ,,,,,KANSAI NEROLAC PAINTS LTD,198.44,200.01,194.93,195.77,195.90,198.44,,195.77,,,219737,43249891.92,7565,F1,1,,,,,
2026-08-28,2026-08-28,CM,NSE,STK,18967,INE542Z01028,KAPSTON,EQ,,,,,KAPSTON SERVICES LIMITED,504.70,566.40,504.70,559.20,561.00,501.00,,559.20,,,242617,129887058.55,6571,F1,1,,,,,
2026-08-28,2026-08-28,CM,NSE,STK,24385,INE725L01011,KARMAENG,EQ,,,,,KARMA ENERGY LIMITED,37.51,43.20,37.51,38.84,39.01,38.05,,38.84,,,8956,353206.26,251,F1,1,,,,,
2026-08-28,2026-08-28,CM,NSE,STK,8054,INE614B01018,KTKBANK,EQ,,,,,KARNATAKA BANK LIMITED,325.00,331.35,324.20,330.35,330.75,327.15,,330.35,,,1698579,557338852.00,23891,F1,1,,,,,
2026-08-28,2026-08-28,CM,NSE,STK,19465,INE0MGA01012,KARNIKA,SM,,,,,KARNIKA INDUSTRIES LTD,113.10,115.60,113.10,115.05,115.05,114.85,,115.05,,,32000,3671500.00,29,F1,1000,,,,,
2026-08-28,2026-08-28,CM,NSE,STK,1838,INE036D01028,KARURVYSYA,EQ,,,,,KARUR VYSYA BANK LTD,346.30,350.85,344.45,346.00,346.00,346.30,,346.00,,,1302287,452053200.80,34548,F1,1,,,,,
2026-08-28,2026-08-28,CM,NSE,STK,24528,INE0SVY01018,KATARIA,SM,,,,,KATARIA INDUSTRIES LTD,104.50,104.50,104.50,104.50,104.50,103.50,,104.50,,,600,62700.00,1,F1,600,,,,,
2026-08-28,2026-08-28,CM,NSE,STK,15140,INE234I01028,KAUSHALYA,BE,,,,,KAUSHALYA INFRA DEV LTD.,852.60,899.00,852.60,867.50,867.50,893.00,,867.50,,,99,86750.00,15,F1,1,,,,,
2026-08-28,2026-08-28,CM,NSE,STK,21186,INE0Q2V01012,KLL,SM,,,,,KAUSHALYA LOGISTICS LTD,22.00,22.30,21.50,21.75,21.95,21.35,,21.75,,,5600,122680.00,7,F1,800,,,,,
2026-08-28,2026-08-28,CM,NSE,STK,14972,INE455I01029,KSCL,EQ,,,,,KAVERI SEED CO. LTD.,789.90,789.90,780.00,786.80,788.00,785.00,,786.82,,,70765,55588389.30,3395,F1,1,,,,,
2026-08-28,2026-08-28,CM,NSE,STK,15244,INE641C01019,KAVDEFENCE,EQ,,,,,KAVVERI DFS & WIR TEC LTD,57.70,58.11,56.73,57.22,57.02,57.83,,57.22,,,75324,4311706.03,894,F1,1,,,,,
2026-08-28,2026-08-28,CM,NSE,STK,10282,INE587G01015,KAYA,BE,,,,,KAYA LIMITED,334.25,334.25,318.60,327.35,328.00,334.25,,327.13,,,10118,3294747.45,154,F1,1,,,,,
2026-08-28,2026-08-28,CM,NSE,STK,12092,INE918Z01012,KAYNES,EQ,,,,,KAYNES TECHNOLOGY IND LTD,4035.10,4053.50,3930.30,3943.10,3943.10,4018.80,,3941.81,,,673805,2689420615.50,44979,F1,1,,,,,
2026-08-28,2026-08-28,CM,NSE,STK,758868,INE13ZD01013,KAYTEX,SM,,,,,KAYTEX FABRICS LIMITED,58.90,58.90,56.70,57.40,57.40,56.70,,57.40,,,4800,278400.00,6,F1,800,,,,,
2026-08-28,2026-08-28,CM,NSE,STK,10296,INE0J1E01027,KCK,ST,,,,,KCK INDUSTRIES LTD,14.90,15.00,14.90,14.90,14.90,14.65,,14.90,,,95000,1423125.00,14,F1,2500,,,,,
2026-08-28,2026-08-28,CM,NSE,STK,1841,INE805C01028,KCP,EQ,,,,,KCP LTD,169.69,173.94,166.35,168.69,166.35,169.51,,168.62,,,145640,24785010.03,2520,F1,1,,,,,
2026-08-28,2026-08-28,CM,NSE,STK,8849,INE790B01024,KCPSUGIND,BE,,,,,KCPSUGARINDUS,31.98,32.95,31.01,32.12,32.05,31.98,,32.12,,,90147,2892736.70,363,F1,1,,,,,
2026-08-28,2026-08-28,CM,NSE,STK,14908,INE291D01011,KDDL,EQ,,,,,KDDL LIMITED,3949.00,3972.40,3921.90,3936.90,3940.20,3947.20,,3936.90,,,12866,50723691.70,3199,F1,1,,,,,
2026-08-28,2026-08-28,CM,NSE,STK,13260,INE389H01022,KEC,EQ,,,,,KEC INTL. LIMITED,421.00,427.00,421.00,425.80,425.80,421.40,,425.78,,,486493,206343871.10,15062,F1,1,,,,,
2026-08-28,2026-08-28,CM,NSE,STK,13310,INE878B01027,KEI,EQ,,,,,KEI INDUSTRIES LTD.,5536.00,5570.00,5487.40,5570.00,5570.00,5536.00,,5569.97,,,316313,1751677833.70,32631,F1,1,,,,,
2026-08-28,2026-08-28,CM,NSE,STK,13430,INE164B01030,KELLTONTEC,EQ,,,,,KELLTON TECH SOL LTD,14.86,15.70,14.81,15.07,14.90,14.86,,15.07,,,18231630,279820823.00,46165,F1,1,,,,,
2026-08-28,2026-08-28,CM,NSE,STK,29547,INE15DO01012,KEN,SM,,,,,KEN ENTERPRISES LIMITED,40.00,40.90,39.30,39.30,39.30,39.90,,39.30,,,9600,385560.00,8,F1,1200,,,,,
2026-08-28,2026-08-28,CM,NSE,STK,11841,INE717A01029,KENNAMET,EQ,,,,,KENNAMETAL INDIA LIMITED,4505.00,4860.00,4472.50,4580.30,4620.00,4515.10,,4580.30,,,97124,451042840.50,20429,F1,1,,,,,
2026-08-28,2026-08-28,CM,NSE,STK,13121,INE202H01019,KERNEX,EQ,,,,,KERNEX MICROSYS(I) LTD,1805.00,1828.90,1751.00,1800.00,1810.00,1801.20,,1800.28,,,227048,404961684.90,16270,F1,1,,,,,
2026-08-28,2026-08-28,CM,NSE,STK,4981,INE087A01019,KESORAMIND,BE,,,,,KESORAM INDUSTRIES LTD,11.11,11.30,11.11,11.30,11.30,11.11,,11.28,,,223544,2518039.73,224,F1,1,,,,,
2026-08-28,2026-08-28,CM,NSE,STK,13381,INE401H01017,KKCL,EQ,,,,,KEWAL KIRAN CLOTHING LTD,501.05,508.30,492.50,507.05,507.00,498.20,,507.05,,,46684,23485376.80,1594,F1,1,,,,,
2026-08-28,2026-08-28,CM,NSE,STK,4157,INE681C01015,KEYFINSERV,EQ,,,,,KEYNOTE FIN SERV LTD.,255.00,257.50,252.45,254.20,253.35,255.00,,254.20,,,185,47130.50,13,F1,1,,,,,
2026-08-28,2026-08-28,CM,NSE,STK,12219,INE263M01029,RUSTOMJEE,EQ,,,,,KEYSTONE REALTORS LIMITED,383.80,383.80,378.10,380.30,381.20,381.80,,380.32,,,15764,5989519.65,746,F1,1,,,,,
2026-08-28,2026-08-28,CM,NSE,STK,13359,INE138Y01010,KFINTECH,EQ,,,,,KFIN TECHNOLOGIES LIMITED,959.65,964.15,942.60,949.95,949.95,957.00,,949.89,,,587920,559358074.25,26064,F1,1,,,,,
2026-08-28,2026-08-28,CM,NSE,STK,433,INE834I01025,KHADIM,BE,,,,,KHADIM INDIA LIMITED,115.85,119.04,112.00,117.63,116.15,113.38,,117.74,,,157548,18478035.95,894,F1,1,,,,,
2026-08-28,2026-08-28,CM,NSE,STK,3912,INE731C01018,KHAITANLTD,EQ,,,,,KHAITAN (INDIA)LTD.,145.00,147.00,140.00,142.10,142.20,144.78,,142.17,,,2714,385974.52,78,F1,1,,,,,
2026-08-28,2026-08-28,CM,NSE,STK,896,INE745B01028,KHAICHEM,EQ,,,,,KHAITAN CHEM & FERT LTD,55.50,56.78,55.37,55.58,55.60,55.52,,55.58,,,82431,4601838.42,723,F1,1,,,,,
2026-08-28,2026-08-28,CM,NSE,STK,9641,INE060B01014,KHANDSE,EQ,,,,,KHANDWALA SECURITIES LTD,17.81,18.38,16.19,17.05,17.87,17.38,,17.07,,,1305,22279.46,66,F1,1,,,,,
2026-08-28,2026-08-28,CM,NSE,STK,762747,INE338F01015,KLBRENG-B,EQ,,,,,KILBURN ENGINEERING LTD.,395.20,427.00,394.80,421.00,420.90,390.90,,420.96,,,605979,251483591.90,11527,F1,1,,,,,
2026-08-28,2026-08-28,CM,NSE,STK,19941,INE729D01010,KILITCH,BE,,,,,KILITCH DRUGS INDIA LTD,171.00,173.90,169.10,171.77,172.45,171.33,,171.45,,,10073,1724892.32,179,F1,1,,,,,
2026-08-28,2026-08-28,CM,NSE,STK,18944,INE473D01015,KINGFA,EQ,,,,,KINGFA SCI & TEC IND LTD.,5950.00,5975.00,5910.00,5947.00,5975.00,5960.50,,5946.99,,,4643,27595684.50,1338,F1,1,,,,,
2026-08-28,2026-08-28,CM,NSE,STK,19126,INE880L01014,KIOCL,EQ,,,,,KIOCL LIMITED,384.00,389.15,382.35,386.55,388.30,382.80,,386.58,,,44120,17024209.45,1836,F1,1,,,,,
2026-08-28,2026-08-28,CM,NSE,STK,762742,INE555P01013,KIRANVYPAR,EQ,,,,,KIRAN VYAPAR LTD.,197.00,202.58,196.00,198.24,197.90,200.62,,199.34,,,1934,383957.35,47,F1,1,,,,,
2026-08-28,2026-08-28,CM,NSE,STK,16639,INE415I01015,KIRIINDUS,EQ,,,,,KIRI INDUSTRIES LIMITED,482.50,497.00,482.50,492.90,491.45,481.10,,492.91,,,698220,342738055.95,15336,F1,1,,,,,
2026-08-28,2026-08-28,CM,NSE,STK,18581,INE732A01036,KIRLOSBROS,EQ,,,,,KIRLOSKAR BROTHERS LTD,1909.60,1920.20,1890.50,1914.70,1915.00,1899.30,,1914.72,,,33445,63809533.80,3423,F1,1,,,,,
2026-08-28,2026-08-28,CM,NSE,STK,18220,INE134B01017,KECL,EQ,,,,,KIRLOSKAR ELECTRIC CO LTD,129.85,138.95,129.85,134.83,134.70,129.87,,134.81,,,263151,35543049.92,3512,F1,1,,,,,
2026-08-28,2026-08-28,CM,NSE,STK,14466,INE884B01025,KIRLFER,EQ,,,,,KIRLOSKAR FERROUS IND LTD,447.50,452.05,441.10,449.85,451.40,447.60,,449.77,,,24121,10795839.35,1793,F1,1,,,,,
2026-08-28,2026-08-28,CM,NSE,STK,19025,INE250A01039,KIRLOSIND,EQ,,,,,KIRLOSKAR INDUSTRIES LTD,3710.10,3757.60,3700.00,3715.10,3711.10,3704.20,,3715.03,,,1628,6048276.20,314,F1,1,,,,,
2026-08-28,2026-08-28,CM,NSE,STK,20936,INE146L01010,KIRLOSENG,EQ,,,,,KIRLOSKAR OIL ENG LTD,2119.40,2144.40,2090.40,2123.10,2115.20,2100.20,,2123.11,,,332403,706272771.80,22451,F1,1,,,,,
2026-08-28,2026-08-28,CM,NSE,STK,15180,INE811A01038,KIRLPNU,EQ,,,,,KIRLOSKAR PNEUMATIC COM L,733.00,737.90,717.30,723.30,724.00,731.50,,723.29,,,91054,65967014.80,7991,F1,1,,,,,
2026-08-28,2026-08-28,CM,NSE,STK,28899,INE602G01020,KITEX,EQ,,,,,KITEX GARMENTS LTD,128.76,130.60,127.05,128.40,128.23,129.86,,128.40,,,295487,37872082.51,3874,F1,1,,,,,
2026-08-28,2026-08-28,CM,NSE,STK,760923,INE0KNW01016,KNAGRI,EQ,,,,,KN AGRI RESOURCES LIMITED,214.10,220.00,214.10,219.99,220.00,214.23,,219.99,,,9223,2007426.04,192,F1,1,,,,,
2026-08-28,2026-08-28,CM,NSE,STK,763839,INE17QZ01016,KNACK,EQ,,,,,KNACK PACKAGING LIMITED,192.89,195.97,192.05,192.61,193.38,192.05,,192.60,,,341774,66215471.12,3985,F1,1,,,,,
2026-08-28,2026-08-28,CM,NSE,STK,27084,INE0CJD01029,KMEW,EQ,,,,,KNOWLEDGE MARINE & EN W L,2980.00,3080.00,2969.00,3051.90,3052.00,2969.00,,3051.64,,,155002,470534309.60,27147,F1,1,,,,,
2026-08-28,2026-08-28,CM,NSE,STK,758431,INE1JAR25012,KRT,RR,,,,,KNOWLEDGE REALTY TRUST,113.64,113.64,112.05,113.41,113.39,113.19,,113.40,,,1599222,180351130.12,5085,F1,1,,,,,
2026-08-28,2026-08-28,CM,NSE,STK,15283,INE634I01029,KNRCON,EQ,,,,,KNR CONSTRU LTD.,123.00,125.67,121.32,124.55,124.01,122.45,,124.54,,,2939674,360561730.91,22783,F1,1,,,,,
2026-08-28,2026-08-28,CM,NSE,STK,18754,INE0Q7P01013,KODYTECH,ST,,,,,KODY TECHNOLAB LIMITED,1416.15,1422.00,1385.00,1419.10,1422.00,1384.20,,1419.10,,,9100,12829215.00,41,F1,100,,,,,
2026-08-28,2026-08-28,CM,NSE,STK,3009,INE080B01012,KOHINOOR,EQ,,,,,KOHINOOR FOODS LIMITED,34.10,34.95,33.91,34.45,34.10,34.35,,34.44,,,172391,5931722.83,1666,F1,1,,,,,
2026-08-28,2026-08-28,CM,NSE,STK,16827,INE760A01029,KOKUYOCMLN,EQ,,,,,KOKUYO CAMLIN LIMITED,81.00,81.90,80.02,80.18,80.15,81.21,,80.18,,,13438,1080896.44,265,F1,1,,,,,
2026-08-28,2026-08-28,CM,NSE,STK,15124,INE094I01018,KOLTEPATIL,EQ,,,,,KOLTE PATIL DEV. LTD.,450.00,452.85,443.50,448.20,446.00,447.95,,448.23,,,46188,20703866.80,2119,F1,1,,,,,
2026-08-28,2026-08-28,CM,NSE,STK,22475,INE0QEI01011,KONSTELEC,ST,,,,,KONSTELEC ENGINEERS LTD,57.30,62.25,57.10,62.05,62.05,59.30,,62.05,,,58000,3546900.00,46,F1,1000,,,,,
2026-08-28,2026-08-28,CM,NSE,STK,19287,INE0KZ301010,KONTOR,SM,,,,,KONTOR SPACE LIMITED,60.00,60.00,56.00,56.00,56.00,57.15,,56.00,,,2400,137040.00,4,F1,600,,,,,
2026-08-28,2026-08-28,CM,NSE,STK,4951,INE082A01010,KOPRAN,BE,,,,,KOPRAN LTD,193.50,202.35,191.00,201.76,201.00,192.72,,201.69,,,252164,50702910.30,1361,F1,1,,,,,
2026-08-28,2026-08-28,CM,NSE,STK,16758,INE0O4R01018,KDL,SM,,,,,KORE DIGITAL LIMITED,99.00,104.00,98.00,100.30,100.95,97.75,,100.30,,,18000,1813380.00,71,F1,150,,,,,
2026-08-28,2026-08-28,CM,NSE,STK,14858,INF174KA1HJ8,GOLD1,EQ,,,,,KOTAK GOLD ETF,131.33,132.48,130.52,132.21,132.20,131.33,,132.21,,,1407154,184986225.45,6827,F1,1,,,,,
2026-08-28,2026-08-28,CM,NSE,STK,1922,INE237A01036,KOTAKBANK,EQ,,,,,KOTAK MAHINDRA BANK LTD,424.60,426.20,421.00,423.70,423.70,424.20,,423.70,,,18952918,8036634828.20,166948,F1,1,,,,,
2026-08-28,2026-08-28,CM,NSE,STK,18102,INF174K014P6,NIFTY1,EQ,,,,,KOTAK NIFTY ETF,268.32,268.90,267.16,268.17,268.05,268.32,,268.21,,,28107,7534670.44,1436,F1,1,,,,,
2026-08-28,2026-08-28,CM,NSE,STK,15061,INF174KA1A86,PSUBANK,EQ,,,,,KOTAK PSU BANK,87.00,87.00,85.66,86.15,86.37,86.08,,86.12,,,104999,9036356.37,440,F1,1,,,,,
2026-08-28,2026-08-28,CM,NSE,STK,759885,INF174KA1XV0,CHEMICAL,EQ,,,,,KOTAKMAMC - CHEMICAL,30.66,30.66,30.30,30.39,30.47,30.51,,30.39,,,162213,4931272.33,821,F1,1,,,,,
2026-08-28,2026-08-28,CM,NSE,STK,7412,INF174KA1IA5,ALPHA,EQ,,,,,KOTAKMAMC - KOTAKALPHA,55.35,55.52,55.00,55.39,55.50,55.08,,55.39,,,785101,43366822.41,2132,F1,1,,,,,
2026-08-28,2026-08-28,CM,NSE,STK,10512,INF174KA1ZF8,CONS,EQ,,,,,KOTAKMAMC - KOTAKCONS,12.34,12.34,12.21,12.28,12.32,12.32,,12.28,,,23314,286149.88,130,F1,1,,,,,
2026-08-28,2026-08-28,CM,NSE,STK,2627,INF174KA1GC5,IT,EQ,,,,,KOTAKMAMC - KOTAKIT,34.00,34.92,33.68,34.63,34.70,33.68,,34.63,,,503340,17386656.37,904,F1,1,,,,,
2026-08-28,2026-08-28,CM,NSE,STK,13950,INF174KA1LV5,LIQUID1,EQ,,,,,KOTAKMAMC - KOTAKLIQ,1120.45,1120.47,1120.45,1120.45,1120.46,1120.00,,1120.45,,,2787105,3122830597.14,746,F1,1,,,,,
2026-08-28,2026-08-28,CM,NSE,STK,8632,INF174KA1IY5,LOWVOL1,EQ,,,,,KOTAKMAMC - KOTAKLOVOL,21.34,21.37,21.17,21.29,21.17,21.33,,21.29,,,15820,336639.87,173,F1,1,,,,,
2026-08-28,2026-08-28,CM,NSE,STK,8077,INF174KA1ZC5,MIDCAP,EQ,,,,,KOTAKMAMC - KOTAKMID50,18.90,18.90,18.75,18.83,18.84,18.81,,18.83,,,200209,3773551.60,693,F1,1,,,,,
2026-08-28,2026-08-28,CM,NSE,STK,10676,INF174KA1JF2,MNC,EQ,,,,,KOTAKMAMC - KOTAKMNC,34.39,34.39,33.90,33.97,34.00,34.05,,33.97,,,31885,1086576.39,336,F1,1,,,,,
2026-08-28,2026-08-28,CM,NSE,STK,13082,INF174KA1ZD3,SILVER1,EQ,,,,,KOTAKMAMC - KOTAKSILVE,23.40,23.51,22.85,23.42,23.45,22.97,,23.42,,,8045756,187046010.00,5957,F1,1,,,,,
2026-08-28,2026-08-28,CM,NSE,STK,11457,INF174KA1ZE1,NV20,EQ,,,,,KOTAKMAMC - KTKNV20ETF,13.92,14.00,13.89,13.96,13.92,13.92,,13.96,,,62956,877324.86,156,F1,1,,,,,
2026-08-28,2026-08-28,CM,NSE,STK,30469,INF174KA1VW2,MID150,EQ,,,,,KOTAKMAMC - MID150,23.98,24.24,23.83,23.97,24.00,23.98,,23.97,,,25876,619380.70,175,F1,1,,,,,
2026-08-28,2026-08-28,CM,NSE,STK,759488,INF174KA1XS6,MOMENTUM30,EQ,,,,,KOTAKMAMC - MOMENTUM30,31.48,31.52,31.37,31.48,31.51,31.42,,31.48,,,7839,246320.26,53,F1,1,,,,,
2026-08-28,2026-08-28,CM,NSE,STK,29758,INF174KA1VD2,MSCIINDIA,EQ,,,,,KOTAKMAMC - MSCIINDIA,30.03,30.18,30.00,30.14,30.17,30.03,,30.14,,,7823,235401.64,71,F1,1,,,,,
2026-08-28,2026-08-28,CM,NSE,STK,760709,INF174KA1YO3,NEXT50ETF,EQ,,,,,KOTAKMAMC - NEXT50ETF,75.15,75.15,74.31,74.74,75.00,75.08,,74.74,,,9336,696693.27,104,F1,1,,,,,
2026-08-28,2026-08-28,CM,NSE,STK,29944,INF174KA1UW4,NIFTY100EW,EQ,,,,,KOTAKMAMC - NIFTY100EW,35.66,35.66,35.36,35.54,35.60,35.69,,35.54,,,18378,653139.38,202,F1,1,,,,,
2026-08-28,2026-08-28,CM,NSE,STK,764195,INF174KA1A94,PVTBANK,EQ,,,,,KOTAKMAMC - PVTBANK,27.94,27.96,27.70,27.77,27.96,27.94,,27.77,,,21964,609973.81,16,F1,1,,,,,
2026-08-28,2026-08-28,CM,NSE,STK,757946,INF174KA1WT6,QUALITY30,EQ,,,,,KOTAKMAMC - QUALITY30,21.02,21.04,20.85,20.96,20.85,20.90,,20.96,,,5936,124165.83,30,F1,1,,,,,
2026-08-28,2026-08-28,CM,NSE,STK,5851,INF174KA1ZB7,BANKNIFTY1,EQ,,,,,KOTAKMAMC-KOTAKBKETF,59.82,60.60,59.53,60.00,60.04,59.76,,60.00,,,1030739,61726923.85,840,F1,1,,,,,
2026-08-28,2026-08-28,CM,NSE,STK,762752,INE972A01020,KOTIC,EQ,,,,,KOTHARI INDUSTRIAL CORP L,149.00,153.65,149.00,150.19,150.99,149.00,,150.23,,,9899,1496689.25,276,F1,1,,,,,
2026-08-28,2026-08-28,CM,NSE,STK,4594,INE720A01015,KOTHARIPET,EQ,,,,,KOTHARI PETROCHEM LTD,132.00,133.78,130.86,131.15,130.86,131.52,,131.15,,,23331,3077665.92,845,F1,1,,,,,
2026-08-28,2026-08-28,CM,NSE,STK,5528,INE823A01017,KOTHARIPRO,EQ,,,,,KOTHARI PRODUCTS LTD,71.80,71.80,67.30,68.24,68.83,68.84,,68.24,,,4461,305153.96,69,F1,1,,,,,
2026-08-28,2026-08-28,CM,NSE,STK,11648,INE419A01022,KOTARISUG,BE,,,,,KOTHARI SUG & CHEM LTD.,31.47,32.50,30.51,31.43,31.65,32.11,,31.43,,,152443,4753301.28,580,F1,1,,,,,
2026-08-28,2026-08-28,CM,NSE,STK,761337,INE0J0B01017,KOTYARK,BE,,,,,KOTYARK INDUSTRIES LTD,35.34,35.60,33.85,34.80,34.80,35.34,,34.74,,,159433,5461385.64,415,F1,1,,,,,
2026-08-28,2026-08-28,CM,NSE,STK,5192,INE177F01017,KOVAI,EQ,,,,,KOVAI MEDICAL CENTER & HO,6021.50,6094.00,6014.00,6032.50,6050.00,6014.00,,6032.36,,,4637,28065776.00,700,F1,1,,,,,
2026-08-28,2026-08-28,CM,NSE,STK,5108,INE542W01025,KPIGREEN,EQ,,,,,KPI GREEN ENERGY LIMITED,319.00,319.40,311.55,314.25,315.75,316.65,,314.26,,,444520,139502618.20,12910,F1,1,,,,,
2026-08-28,2026-08-28,CM,NSE,STK,9683,INE04I401011,KPITTECH,EQ,,,,,KPIT TECHNOLOGIES LIMITED,590.00,613.45,589.40,609.40,609.40,588.00,,609.33,,,5637989,3420884428.35,75088,F1,1,,,,,
2026-08-28,2026-08-28,CM,NSE,STK,14912,INE930H01031,KPRMILL,EQ,,,,,KPR MILL LTD.,1129.40,1138.00,1100.60,1130.20,1130.00,1126.50,,1130.20,,,270993,303338526.20,18721,F1,1,,,,,
2026-08-28,2026-08-28,CM,NSE,STK,10577,INE001B01026,KRBL,EQ,,,,,KRBL LIMITED,431.50,443.85,424.00,437.65,435.60,433.55,,437.65,,,829333,361606884.85,14224,F1,1,,,,,
2026-08-28,2026-08-28,CM,NSE,STK,1937,INE268B01013,KREBSBIO,EQ,,,,,KREBS BIOCHEMICALS & IND,56.25,62.00,56.23,59.17,59.00,56.21,,59.11,,,10318,599564.48,139,F1,1,,,,,
2026-08-28,2026-08-28,CM,NSE,STK,11488,INE524L01026,KRIDHANINF,BE,,,,,KRIDHAN INFRA LIMITED,2.08,2.08,2.00,2.04,2.04,2.04,,2.03,,,13042,26591.20,25,F1,1,,,,,
2026-08-28,2026-08-28,CM,NSE,STK,12847,INE506W01020,KRISHANA,EQ,,,,,KRISHANA PHOSCHEM LIMITED,191.05,194.22,189.57,192.91,191.15,191.92,,192.91,,,561202,107798255.34,9603,F1,1,,,,,
2026-08-28,2026-08-28,CM,NSE,STK,16133,INE0NR701018,KRISHCA,SM,,,,,KRISHCA STRAPPING SLTN L,156.00,159.20,155.50,158.15,157.60,156.00,,158.15,,,25000,3916650.00,24,F1,500,,,,,
2026-08-28,2026-08-28,CM,NSE,STK,756782,INE0GGO01015,KRISHIVAL,EQ,,,,,KRISHIVAL FOODS LIMITED,408.95,411.95,404.35,410.25,411.80,406.50,,410.24,,,22511,9210097.75,613,F1,1,,,,,
2026-08-28,2026-08-28,CM,NSE,STK,761192,INE0J5601015,KRISHNADEF,EQ,,,,,KRISHNA DEF AND ALD IND L,1033.90,1036.00,1015.10,1019.80,1021.60,1031.00,,1019.80,,,65359,66852825.50,4409,F1,1,,,,,
2026-08-28,2026-08-28,CM,NSE,STK,4847,INE967H01025,KIMS,EQ,,,,,KRISHNA INST OF MED SCI L,772.25,785.60,763.30,771.00,766.80,768.45,,770.98,,,627500,485192725.35,41367,F1,1,,,,,
2026-08-28,2026-08-28,CM,NSE,STK,6417,INE479D01038,KRITI,EQ,,,,,KRITI INDUSTRIES IND LTD,64.99,64.99,61.99,62.71,63.80,64.08,,62.64,,,21987,1385198.82,203,F1,1,,,,,
2026-08-28,2026-08-28,CM,NSE,STK,11432,INE798K01010,KRITINUT,EQ,,,,,KRITI NUTRIENTS LIMITED,87.95,90.30,84.50,88.88,90.29,86.23,,88.83,,,6203,543499.93,167,F1,1,,,,,
2026-08-28,2026-08-28,CM,NSE,STK,9288,INE00Z501029,KRITIKA,EQ,,,,,KRITIKA WIRES LIMITED,5.55,5.55,5.36,5.46,5.50,5.44,,5.46,,,103920,566796.28,317,F1,1,,,,,
2026-08-28,2026-08-28,CM,NSE,STK,760624,INE1MTV01019,KRMAYURVED,SM,,,,,KRM AYURVEDA LIMITED,284.95,284.95,279.05,280.05,279.15,281.60,,280.05,,,33000,9246650.00,23,F1,1000,,,,,
2026-08-28,2026-08-28,CM,NSE,STK,25643,INE0Q3J01015,KRN,EQ,,,,,KRN HEAT EXCHANGE N REF L,1542.00,1612.10,1539.90,1609.70,1612.10,1535.40,,1610.32,,,314773,499751421.40,18642,F1,1,,,,,
2026-08-28,2026-08-28,CM,NSE,STK,24026,INE0ATZ01017,KRONOX,BE,,,,,KRONOX LAB SCIENCES LTD,186.10,191.00,178.85,179.59,180.00,188.26,,179.57,,,183951,33370208.96,1980,F1,1,,,,,
2026-08-28,2026-08-28,CM,NSE,STK,25252,INE0O6601022,KROSS,EQ,,,,,KROSS LIMITED,215.00,218.20,213.22,213.99,215.00,215.11,,213.99,,,287407,62016327.66,5656,F1,1,,,,,
2026-08-28,2026-08-28,CM,NSE,STK,5359,INE08LI01020,KRSNAA,EQ,,,,,KRSNAA DIAGNOSTICS LTD,558.50,569.40,555.40,564.05,566.30,557.70,,564.00,,,43292,24432605.35,9486,F1,1,,,,,
2026-08-28,2026-08-28,CM,NSE,STK,23175,INE0QN801017,KRYSTAL,EQ,,,,,KRYSTAL INTEGRATED SER L,652.00,652.00,639.00,646.05,640.15,648.35,,646.01,,,6515,4197655.10,466,F1,1,,,,,
2026-08-28,2026-08-28,CM,NSE,STK,1949,INE999A01023,KSB,EQ,,,,,KSB LIMITED,795.00,798.45,787.00,793.85,793.00,793.85,,793.81,,,138338,109698287.15,9644,F1,1,,,,,
2026-08-28,2026-08-28,CM,NSE,STK,764753,INE953E01022,KSE,EQ,,,,,KSE LTD.,177.96,180.95,175.02,177.99,177.11,177.96,,178.03,,,22498,4005815.88,374,F1,1,,,,,
2026-08-28,2026-08-28,CM,NSE,STK,760433,INE987S01020,KSHINTL,EQ,,,,,KSH INTERNATIONAL LIMITED,967.90,970.00,946.05,963.85,959.50,962.35,,963.76,,,154785,148290057.25,9291,F1,1,,,,,
2026-08-28,2026-08-28,CM,NSE,STK,10407,INE013801027,KSHITIJPOL,EQ,,,,,KSHITIJ POLYLINE LIMITED,3.01,3.08,2.96,3.05,3.07,3.01,,3.05,,,983386,2998987.45,874,F1,1,,,,,
2026-08-28,2026-08-28,CM,NSE,STK,765409,INE013820027,KSHITIJ-RE,BE,,,,,KSHITIJ POLYLINE LTD,0.03,0.03,0.03,0.03,0.03,0.02,,0.03,,,997431,29922.93,406,F1,1,,,,,
2026-08-28,2026-08-28,CM,NSE,STK,11060,INE0D6I01023,KSOLVES,EQ,,,,,KSOLVES INDIA LIMITED,274.50,274.50,265.05,269.35,269.10,267.85,,269.39,,,34553,9319656.55,1136,F1,1,,,,,
2026-08-28,2026-08-28,CM,NSE,STK,759987,INE1SPP01016,KSR,EQ,,,,,KSR FOOTWEAR LIMITED,29.50,31.43,29.50,31.42,31.43,28.58,,31.42,,,329368,10306473.88,413,F1,1,,,,,
2026-08-28,2026-08-28,CM,NSE,STK,13870,INE529I01021,KUANTUM,EQ,,,,,KUANTUM PAPERS LIMITED,72.31,73.98,72.00,72.54,73.00,72.31,,72.54,,,73864,5359516.47,854,F1,1,,,,,
2026-08-28,2026-08-28,CM,NSE,STK,764116,INE0ISX01025,KUSUMGAR,EQ,,,,,KUSUMGAR LIMITED,571.45,573.70,557.85,563.10,563.80,572.35,,563.11,,,404494,228218114.30,10498,F1,1,,,,,
2026-08-28,2026-08-28,CM,NSE,STK,762757,INE552U01010,KPL,EQ,,,,,KWALITY PHARMACEUTICALS L,3276.60,3338.40,3257.70,3314.30,3313.00,3267.10,,3314.14,,,18523,61112454.40,3004,F1,1,,,,,
2026-08-28,2026-08-28,CM,NSE,STK,760946,INE2KCE01013,KWIL,EQ,,,,,KWALITY WALL'S (INDIA) L,46.52,47.47,45.20,45.55,45.55,46.35,,45.55,,,18050967,837085035.80,34208,F1,1,,,,,
2026-08-28,2026-08-28,CM,NSE,STK,765100,INE341H01023,LKPSEC,EQ,,,,,L K P SECURITIES LTD.,15.45,15.87,15.21,15.44,15.43,15.63,,15.43,,,7798,120878.44,83,F1,1,,,,,
2026-08-28,2026-08-28,CM,NSE,STK,24948,INE498L01015,LTF,EQ,,,,,L&T FINANCE LIMITED,322.00,322.40,314.30,314.30,314.30,321.90,,314.32,,,2889242,914418828.00,38973,F1,1,,,,,
2026-08-28,2026-08-28,CM,NSE,STK,18564,INE010V01017,LTTS,EQ,,,,,L&T TECHNOLOGY SER. LTD.,3545.00,3603.00,3544.60,3568.70,3557.30,3537.90,,3568.81,,,48168,171914395.50,8774,F1,1,,,,,
2026-08-28,2026-08-28,CM,NSE,STK,14423,INE059D01020,LAOPALA,EQ,,,,,LA OPALA RG LIMITED,169.91,179.90,168.30,175.95,175.24,169.92,,175.95,,,551312,96856102.14,12067,F1,1,,,,,
2026-08-28,2026-08-28,CM,NSE,STK,764758,INE519D01015,LADDERUP,EQ,,,,,LADDERUP FINANCE LTD.,50.90,50.90,50.90,50.90,50.90,52.10,,50.90,,,10,509.00,1,F1,1,,,,,
2026-08-28,2026-08-28,CM,NSE,STK,5865,INE548Z01017,LAGNAM,EQ,,,,,LAGNAM SPINTEX LIMITED,77.48,78.31,76.21,76.56,76.50,75.47,,76.56,,,3982,310588.80,24,F1,1,,,,,
2026-08-28,2026-08-28,CM,NSE,STK,762762,INE515C01023,LAHOTIOV,EQ,,,,,LAHOTI OVERSEAS LTD.,41.10,42.00,40.50,40.71,40.71,41.72,,40.83,,,6370,262295.51,47,F1,1,,,,,
2026-08-28,2026-08-28,CM,NSE,STK,7902,INE850E01012,LFIC,EQ,,,,,LAKSHMI FIN IND CORP LTD,139.00,139.40,136.70,137.60,137.61,136.56,,137.60,,,362,50070.28,21,F1,1,,,,,
2026-08-28,2026-08-28,CM,NSE,STK,764763,INE938C01019,LAKSHMIMIL,EQ,,,,,LAKSHMI MILLS CO. LTD.,8300.00,8375.00,8288.00,8370.00,8370.00,8298.00,,8285.00,,,9,74833.00,7,F1,1,,,,,
2026-08-28,2026-08-28,CM,NSE,STK,4774,INE651C01018,LAKPRE,BZ,,,,,LAKSHMI PRE SCRE LTD,4.71,4.94,4.71,4.91,4.93,4.71,,4.91,,,714,3457.94,9,F1,1,,,,,
2026-08-28,2026-08-28,CM,NSE,STK,25860,INE0VZS01015,LAKSHYA,SM,,,,,LAKSHYA POWERTECH LIMITED,83.50,83.80,83.50,83.60,83.60,81.10,,83.60,,,9600,802800.00,9,F1,800,,,,,
2026-08-28,2026-08-28,CM,NSE,STK,765361,INE0K9O01026,LALITHAA,EQ,,,,,LALITHAA JEWELLERY MART L,247.35,267.90,245.52,265.24,267.15,246.23,,265.27,,,24374432,6328794557.94,194690,F1,1,,,,,
2026-08-28,2026-08-28,CM,NSE,STK,6407,INE112F01022,LAMBODHARA,EQ,,,,,LAMBODHARA TEXTILES LTD.,144.00,145.70,137.24,138.48,139.95,140.71,,138.58,,,31026,4349679.68,539,F1,1,,,,,
2026-08-28,2026-08-28,CM,NSE,STK,27225,INE0R0201012,LAMOSAIC,ST,,,,,LAMOSAIC INDIA LIMITED,59.90,61.55,58.15,60.85,61.55,60.20,,60.85,,,133800,7903830.00,38,F1,600,,,,,
2026-08-28,2026-08-28,CM,NSE,STK,9392,INE359U01028,LANCER,EQ,,,,,LANCER CONTAINER LINES L,11.96,11.96,11.45,11.50,11.50,11.64,,11.51,,,207955,2425623.78,479,F1,1,,,,,
2026-08-28,2026-08-28,CM,NSE,STK,23027,INE572G01025,LANCORHOL,EQ,,,,,LANCOR HOLDINGS LIMITED,33.00,34.49,32.36,33.93,33.95,30.86,,33.92,,,1647306,55120980.45,7054,F1,1,,,,,
2026-08-28,2026-08-28,CM,NSE,STK,13276,INE559R01029,LANDMARK,EQ,,,,,LANDMARK CARS LIMITED,510.20,513.95,501.00,503.35,501.80,506.15,,503.34,,,83915,42349942.40,5259,F1,1,,,,,
2026-08-28,2026-08-28,CM,NSE,STK,16863,INE197J01017,LPDC,EQ,,,,,LANDMARK PR.DEV.CO.LTD,6.76,6.99,6.58,6.93,6.86,6.70,,6.94,,,108365,740011.78,272,F1,1,,,,,
2026-08-28,2026-08-28,CM,NSE,STK,17376,INE688J01023,LANDSMILL,EQ,,,,,LANDSMILL GREEN LIMITED,0.70,0.70,0.69,0.69,0.70,0.69,,0.69,,,1303618,907125.69,832,F1,1,,,,,
2026-08-28,2026-08-28,CM,NSE,STK,11483,INE018A01030,LT,EQ,,,,,LARSEN & TOUBRO LTD.,4045.00,4060.00,4021.30,4045.80,4045.80,4027.00,,4045.58,,,893956,3609013321.20,52314,F1,1,,,,,
2026-08-28,2026-08-28,CM,NSE,STK,21713,INE670X01014,LASA,EQ,,,,,LASA SUPERGENERICS LTD,7.00,7.42,6.85,6.99,6.90,6.97,,6.99,,,69589,493353.64,247,F1,1,,,,,
2026-08-28,2026-08-28,CM,NSE,STK,764126,INE17IR01028,LASERPOWER,EQ,,,,,LASER POWER & INFRA LTD,320.05,327.90,318.45,325.65,326.45,319.60,,325.67,,,466158,150588320.00,8734,F1,1,,,,,
2026-08-28,2026-08-28,CM,NSE,STK,6818,INE0I7C01011,LATENTVIEW,EQ,,,,,LATENT VIEW ANALYTICS LTD,276.00,284.60,275.20,279.60,279.70,275.25,,279.63,,,539539,151549070.05,17016,F1,1,,,,,
2026-08-28,2026-08-28,CM,NSE,STK,15840,INE262Z01023,LATTEYS,EQ,,,,,LATTEYS INDUSTRIES LTD,22.99,23.39,22.03,22.19,22.24,22.20,,22.19,,,54079,1204741.03,229,F1,1,,,,,
2026-08-28,2026-08-28,CM,NSE,STK,19234,INE947Q01028,LAURUSLABS,EQ,,,,,LAURUS LABS LIMITED,1929.70,1938.50,1910.10,1938.50,1938.50,1929.40,,1938.48,,,2231476,4292637913.90,56959,F1,1,,,,,
2026-08-28,2026-08-28,CM,NSE,STK,6568,INE801V01019,LAXMICOT,EQ,,,,,LAXMI COTSPIN LIMITED,14.19,14.19,13.35,13.42,13.40,13.83,,13.42,,,18723,252677.64,86,F1,1,,,,,
2026-08-28,2026-08-28,CM,NSE,STK,29171,INE0WO601020,LAXMIDENTL,EQ,,,,,LAXMI DENTAL LIMITED,196.27,202.00,194.89,199.78,200.48,194.82,,199.78,,,76144,15144391.78,2434,F1,1,,,,,
2026-08-28,2026-08-28,CM,NSE,STK,19876,INE258Y01016,LGHL,EQ,,,,,LAXMI GOLDORNA HOUSE LTD,170.00,183.60,170.00,173.45,175.98,179.90,,173.45,,,14592,2597683.56,764,F1,1,,,,,
2026-08-28,2026-08-28,CM,NSE,STK,758863,INE06WU01026,LAXMIINDIA,EQ,,,,,LAXMI INDIA FINANCE LTD,123.39,127.65,122.11,126.29,127.40,122.50,,126.33,,,126472,15795502.72,1921,F1,1,,,,,
2026-08-28,2026-08-28,CM,NSE,STK,2841,INE576O01020,LXCHEM,EQ,,,,,LAXMI ORGANIC INDUS LTD,168.95,172.80,167.95,171.34,171.85,167.47,,171.35,,,563267,96210100.77,7786,F1,1,,,,,
2026-08-28,2026-08-28,CM,NSE,STK,7529,INE938A01021,LCCINFOTEC,EQ,,,,,LCC INFOTECH LTD,3.58,3.85,3.50,3.68,3.68,3.53,,3.67,,,143489,528011.58,328,F1,1,,,,,
2026-08-28,2026-08-28,CM,NSE,STK,760300,INE0G1L01025,LEMERITE,EQ,,,,,LE MERITE EXPORTS LIMITED,22.49,22.49,20.80,20.97,20.98,21.81,,20.97,,,195943,4229850.57,436,F1,1,,,,,
2026-08-28,2026-08-28,CM,NSE,STK,24067,INE0HV901016,IXIGO,EQ,,,,,LE TRAVENUES TECHNOLOGY L,164.73,167.91,163.00,163.36,163.78,162.83,,163.36,,,879086,144394835.36,15025,F1,1,,,,,
2026-08-28,2026-08-28,CM,NSE,STK,14204,INE0H4B01011,LRRPL,SM,,,,,LEAD REC AND RUB PROD LTD,86.00,86.00,86.00,86.00,86.00,86.50,,86.00,,,1500,129000.00,1,F1,1500,,,,,
2026-08-28,2026-08-28,CM,NSE,STK,764523,INE00GO01025,LEAPIND,EQ,,,,,LEAP INDIA LIMITED,162.48,169.80,161.85,168.40,169.29,161.77,,168.41,,,8859488,1478846134.70,70327,F1,1,,,,,
2026-08-28,2026-08-28,CM,NSE,STK,765095,INE791B01014,LEENEE,EQ,,,,,LEE & NEE SOFTWARES (E) L,10.06,10.47,9.51,10.25,9.99,9.82,,10.27,,,33254,334441.48,181,F1,1,,,,,
2026-08-28,2026-08-28,CM,NSE,STK,757014,INE0AQ201015,THELEELA,EQ,,,,,LEELA PALACES HOTEL LTD,551.50,560.95,547.55,555.25,552.15,553.80,,555.20,,,455524,253183868.95,24543,F1,1,,,,,
2026-08-28,2026-08-28,CM,NSE,STK,2606,INE970X01018,LEMONTREE,EQ,,,,,LEMON TREE HOTELS LTD,105.50,108.80,105.12,108.53,108.64,107.69,,108.53,,,9179975,989879758.42,30121,F1,1,,,,,
2026-08-28,2026-08-28,CM,NSE,STK,759608,INE956O01016,LENSKART,BL,,,,,LENSKART SOLUTIONS LTD,630.00,630.00,630.00,630.00,630.00,490.00,,630.00,,,29472670,18567782100.00,25,F1,999999999,,,,,
2026-08-28,2026-08-28,CM,NSE,STK,759605,INE956O01016,LENSKART,EQ,,,,,LENSKART SOLUTIONS LTD,645.00,648.00,635.75,636.15,636.10,640.60,,636.15,,,6054352,3875719542.05,154870,F1,1,,,,,
2026-08-28,2026-08-28,CM,NSE,STK,14459,INE500X01013,LEXUS,EQ,,,,,LEXUS GRANITO (INDIA) LTD,13.44,13.60,12.82,13.03,13.08,13.07,,13.03,,,25357,330707.02,111,F1,1,,,,,
2026-08-28,2026-08-28,CM,NSE,STK,18321,INE337A01034,LGBBROSLTD,EQ,,,,,LG BALAKRISHNAN & BROS,1692.00,1724.60,1675.10,1717.70,1715.10,1684.40,,1717.85,,,32810,55994488.70,4747,F1,1,,,,,
2026-08-28,2026-08-28,CM,NSE,STK,760213,INE324D01010,LGEINDIA,EQ,,,,,LG ELECTRONICS INDIA LTD,1700.00,1719.20,1682.70,1691.40,1686.00,1700.40,,1691.31,,,753223,1285626973.90,32661,F1,1,,,,,
2026-08-28,2026-08-28,CM,NSE,STK,11082,INE908V01012,LIBAS,EQ,,,,,LIBAS CONSU PRODUCTS LTD,10.48,11.00,10.15,10.46,10.53,10.47,,10.46,,,26728,283364.67,174,F1,1,,,,,
2026-08-28,2026-08-28,CM,NSE,STK,1994,INE557B01019,LIBERTSHOE,EQ,,,,,LIBERTY SHOES LTD,245.10,247.95,243.05,244.35,245.80,245.10,,244.35,,,10075,2472080.55,324,F1,1,,,,,
2026-08-28,2026-08-28,CM,NSE,STK,1997,INE115A01026,LICHSGFIN,EQ,,,,,LIC HOUSING FINANCE LTD,536.00,543.00,531.75,535.00,535.00,535.50,,535.00,,,4033348,2168386824.65,40355,F1,1,,,,,
2026-08-28,2026-08-28,CM,NSE,STK,25640,INF767K01SM1,LICMFGOLD,EQ,,,,,LIC MF - LIC GOLD ETF,141.35,142.60,140.20,142.00,142.10,141.35,,141.79,,,81378,11524084.10,955,F1,1,,,,,
2026-08-28,2026-08-28,CM,NSE,STK,11319,INF767K01OS7,LICNETFN50,EQ,,,,,LICNAMC - LICNFENGP,278.51,278.51,269.95,271.55,271.55,271.72,,271.93,,,309,83806.65,32,F1,1,,,,,
2026-08-28,2026-08-28,CM,NSE,STK,11441,INF767K01OT5,LICNETFSEN,EQ,,,,,LICNAMC - LICNFESGP,875.63,875.92,873.40,873.40,873.40,874.90,,873.40,,,5,4375.58,4,F1,1,,,,,
2026-08-28,2026-08-28,CM,NSE,STK,15229,INF767K01PC8,LICNFNHGP,EQ,,,,,LICNAMC - LICNFNHGP,278.73,282.20,276.74,277.75,278.46,278.67,,277.75,,,759,210933.53,35,F1,1,,,,,
2026-08-28,2026-08-28,CM,NSE,STK,6062,INF767K01MV5,LICNETFGSC,EQ,,,,,LICNAMC - LICNMFET,29.69,29.69,29.46,29.59,29.59,29.69,,29.59,,,7872,232637.67,57,F1,1,,,,,
2026-08-28,2026-08-28,CM,NSE,STK,22722,INF767K01RN1,LICNMID100,EQ,,,,,LICNAMC - LICNMID100,64.80,65.11,63.89,64.21,64.21,64.27,,64.21,,,14789,953763.37,103,F1,1,,,,,
2026-08-28,2026-08-28,CM,NSE,STK,9480,INE0J1Y01017,LICI,EQ,,,,,LIFE INSURA CORP OF INDIA,416.80,422.00,409.50,422.00,422.00,413.95,,422.00,,,16058167,6670327783.20,67262,F1,1,,,,,
2026-08-28,2026-08-28,CM,NSE,STK,578,INE060901027,LIKHITHA,EQ,,,,,LIKHITHA INFRASTRUC LTD,208.87,212.00,208.20,208.88,208.30,212.02,,208.88,,,29394,6159491.48,582,F1,1,,,,,
2026-08-28,2026-08-28,CM,NSE,STK,6951,INE802B01027,LINC,EQ,,,,,LINC LIMITED,95.21,97.09,94.60,95.54,96.00,95.04,,95.54,,,24522,2344250.24,373,F1,1,,,,,
2026-08-28,2026-08-28,CM,NSE,STK,11596,INE405C01035,LINCOLN,EQ,,,,,LINCOLN PHARMA LTD,616.00,617.85,603.05,614.95,616.50,614.00,,614.97,,,21598,13201052.50,1170,F1,1,,,,,
2026-08-28,2026-08-28,CM,NSE,STK,1627,INE473A01011,LINDEINDIA,EQ,,,,,LINDE INDIA LIMITED,6549.00,6549.50,6491.00,6504.00,6518.00,6549.00,,6504.06,,,9814,63979293.50,2842,F1,1,,,,,
2026-08-28,2026-08-28,CM,NSE,STK,17801,INE093R01011,LLOYDSENGG,EQ,,,,,LLOYDS ENGG WORK LIMITED,87.50,87.85,86.02,86.74,86.71,87.56,,86.73,,,3159675,274465316.84,15659,F1,1,,,,,
2026-08-28,2026-08-28,CM,NSE,STK,25807,INE080I01025,LLOYDSENT,EQ,,,,,LLOYDS ENTERPRISES LTD,72.60,74.52,71.69,73.53,73.50,72.94,,73.50,,,2941824,216150151.44,10928,F1,1,,,,,
2026-08-28,2026-08-28,CM,NSE,STK,11472,INE0DTQ01028,LLOYDS,SM,,,,,LLOYDS LUXURIES LIMITED,60.00,60.00,60.00,60.00,60.00,60.00,,60.00,,,3000,180000.00,3,F1,1000,,,,,
2026-08-28,2026-08-28,CM,NSE,STK,17313,INE281B01032,LLOYDSME,EQ,,,,,LLOYDS METALS N ENERGY L,1800.90,1850.00,1798.40,1810.20,1800.00,1798.50,,1810.26,,,428526,781360421.00,22462,F1,1,,,,,
2026-08-28,2026-08-28,CM,NSE,STK,1979,INE269B01029,LMW,EQ,,,,,LMW LIMITED,19286.00,19286.00,18795.00,18901.00,18900.00,19132.00,,18894.61,,,2505,47601112.00,1109,F1,1,,,,,
2026-08-28,2026-08-28,CM,NSE,STK,3220,INE670K01029,LODHA,EQ,,,,,LODHA DEVELOPERS LIMITED,1260.00,1274.00,1248.50,1274.00,1274.00,1246.30,,1273.97,,,995058,1256199184.50,27575,F1,1,,,,,
2026-08-28,2026-08-28,CM,NSE,STK,764296,INE0QJW01029,LCL,EQ,,,,,LOHIA CORP LIMITED,569.95,576.00,556.30,565.10,565.95,566.00,,565.09,,,339182,191519023.70,15016,F1,1,,,,,
2026-08-28,2026-08-28,CM,NSE,STK,13439,INE397H01017,LOKESHMACH,BE,,,,,LOKESH MACHINES LTD,297.70,312.45,297.70,312.45,312.45,297.60,,312.45,,,33244,10177919.85,322,F1,1,,,,,
2026-08-28,2026-08-28,CM,NSE,STK,18232,INE846D01012,LORDSCHLO,EQ,,,,,LORDS CHLORO ALKALI LTD,139.66,145.42,136.51,140.25,138.00,139.42,,140.24,,,23683,3361445.52,704,F1,1,,,,,
2026-08-28,2026-08-28,CM,NSE,STK,14924,INE740X01023,LAL,EQ,,,,,LORENZINI APPARELS LTD,8.95,10.29,8.80,9.06,9.14,8.98,,9.06,,,58396,534153.54,191,F1,1,,,,,
2026-08-28,2026-08-28,CM,NSE,STK,764768,INE026D01011,LOTUSCHO,EQ,,,,,LOTUS CHOCOLATE CO. LTD.,615.00,622.90,612.00,614.35,617.00,618.70,,614.83,,,1278,787633.55,129,F1,1,,,,,
2026-08-28,2026-08-28,CM,NSE,STK,16807,INE947I01017,LOTUSEYE,EQ,,,,,LOTUS EYE HOSP & INST L,113.02,114.20,108.80,110.52,110.00,112.63,,110.52,,,32816,3634905.97,472,F1,1,,,,,
2026-08-28,2026-08-28,CM,NSE,STK,22415,INE597L01014,LOVABLE,EQ,,,,,LOVABLE LINGERIE LTD,71.22,75.50,71.07,74.66,74.49,72.51,,74.66,,,32684,2411749.54,631,F1,1,,,,,
2026-08-28,2026-08-28,CM,NSE,STK,10590,INE970D01010,LOYALTEX,EQ,,,,,LOYAL TEXTILE MILLS LTD,257.79,257.79,221.01,226.02,223.00,218.90,,225.78,,,4243,984890.67,267,F1,1,,,,,
2026-08-28,2026-08-28,CM,NSE,STK,13816,INE818H01020,LTFOODS,EQ,,,,,LT FOODS LIMITED,437.80,444.95,436.00,439.35,439.00,437.85,,439.33,,,403175,177892347.70,18302,F1,1,,,,,
2026-08-28,2026-08-28,CM,NSE,STK,17818,INE214T01019,LTM,EQ,,,,,LTM LIMITED,4500.90,4700.00,4500.90,4675.00,4675.00,4464.00,,4675.41,,,1148000,5341658333.10,90379,F1,1,,,,,
2026-08-28,2026-08-28,CM,NSE,STK,14014,INE872H01027,LUMAXTECH,EQ,,,,,LUMAX AUTO TECH LTD,1939.20,2000.00,1928.10,1985.50,1987.70,1930.60,,1985.40,,,235382,465146039.40,24007,F1,1,,,,,
2026-08-28,2026-08-28,CM,NSE,STK,2018,INE162B01018,LUMAXIND,EQ,,,,,LUMAX INDUSTRIES LTD,6122.00,6140.00,6025.00,6071.00,6070.00,6094.50,,6070.80,,,6056,36716816.50,2427,F1,1,,,,,
2026-08-28,2026-08-28,CM,NSE,STK,10440,INE326A01037,LUPIN,EQ,,,,,LUPIN LIMITED,2164.90,2179.80,2153.00,2171.50,2171.50,2158.10,,2171.53,,,348121,754778827.00,20422,F1,1,,,,,
2026-08-28,2026-08-28,CM,NSE,STK,11301,INE150G01020,LUXIND,EQ,,,,,LUX INDUSTRIES LIMITED,1196.00,1227.70,1186.20,1199.50,1200.00,1201.00,,1199.30,,,22393,26964126.00,2724,F1,1,,,,,
2026-08-28,2026-08-28,CM,NSE,STK,7248,INE933A01014,LYKALABS,BE,,,,,LYKA LABS LTD.,74.82,74.82,73.30,74.80,74.80,73.36,,74.45,,,6824,508138.32,66,F1,1,,,,,
2026-08-28,2026-08-28,CM,NSE,STK,758150,INE08N601015,MBEL,EQ,,,,,M AND B ENGINEERING LTD,275.25,276.55,270.00,271.35,271.80,273.30,,271.37,,,60889,16603407.85,1777,F1,1,,,,,
2026-08-28,2026-08-28,CM,NSE,STK,765120,INE227F01010,MKEXIM,EQ,,,,,M K EXIM (INDIA) LTD.,64.01,64.90,60.10,62.60,62.00,64.30,,62.52,,,31078,1946237.34,218,F1,1,,,,,
2026-08-28,2026-08-28,CM,NSE,STK,16736,INE964W01021,MKPL,EQ,,,,,M K PROTEINS LIMITED,4.19,4.19,4.11,4.13,4.11,4.11,,4.13,,,79759,330808.13,260,F1,1,,,,,
2026-08-28,2026-08-28,CM,NSE,STK,22360,INE813V01022,MCL,EQ,,,,,M TEK COPPER LIMITED,57.15,59.58,57.15,59.17,59.01,57.77,,59.17,,,61746,3627657.09,1273,F1,1,,,,,
2026-08-28,2026-08-28,CM,NSE,STK,13285,INE774D01024,M&MFIN,EQ,,,,,M&M FIN. SERVICES LTD,383.35,384.35,375.20,376.60,376.15,383.35,,376.60,,,886148,334620457.55,26520,F1,1,,,,,
2026-08-28,2026-08-28,CM,NSE,STK,22976,INE0SGC01015,MVKAGRO,SM,,,,,M.V.K. AGRO FOOD PROD LTD,185.25,185.25,185.25,185.25,185.25,176.45,,185.25,,,16200,3001050.00,28,F1,300,,,,,
2026-08-28,2026-08-28,CM,NSE,STK,15017,INE215I01027,MAANALU,EQ,,,,,MAAN ALUMINIUM LIMITED,121.80,121.95,116.61,120.43,120.00,116.68,,120.53,,,34831,4183398.21,739,F1,1,,,,,
2026-08-28,2026-08-28,CM,NSE,STK,762782,INE435D01014,MCCHRLS-B,EQ,,,,,MAC CHARLES (INDIA) LTD.,697.95,697.95,680.00,687.80,694.95,680.00,,686.38,,,46,31943.25,10,F1,1,,,,,
2026-08-28,2026-08-28,CM,NSE,STK,22347,INE155Z01011,MACPOWER,EQ,,,,,MACPOWER CNC MACHINES LTD,1897.50,2050.00,1876.00,2007.10,1973.90,1868.80,,2007.10,,,103809,205844152.90,10209,F1,1,,,,,
2026-08-28,2026-08-28,CM,NSE,STK,762767,INE631R01026,MADHAVIPL,EQ,,,,,MADHAV INFRA PROJECTS L,8.12,8.45,8.12,8.21,8.30,8.12,,8.21,,,229567,1912167.98,481,F1,1,,,,,
2026-08-28,2026-08-28,CM,NSE,STK,15151,INE925C01016,MADHAV,EQ,,,,,MADHAV MARBLE & GRANITE,35.39,35.40,34.21,34.31,34.31,35.19,,34.31,,,1131,39485.63,24,F1,1,,,,,
2026-08-28,2026-08-28,CM,NSE,STK,13668,INE378D01032,MADHUCON,BE,,,,,MADHUCON PROJECTS LTD.,5.15,5.15,4.82,5.13,4.90,4.98,,5.13,,,11710,59857.72,29,F1,1,,,,,
2026-08-28,2026-08-28,CM,NSE,STK,18738,INE0P6701019,MADHUSUDAN,ST,,,,,MADHUSUDAN MASALA LIMITED,225.00,229.00,221.00,221.00,221.00,220.00,,221.00,,,13000,2906450.00,9,F1,1000,,,,,
2026-08-28,2026-08-28,CM,NSE,STK,12686,INE900L01028,MBAPL,EQ,,,,,MADHYA BHARAT AGRO P. LTD,164.25,164.66,160.66,162.94,163.90,162.78,,162.94,,,637478,103814300.39,8118,F1,1,,,,,
2026-08-28,2026-08-28,CM,NSE,STK,4911,INE414A01015,MADRASFERT,EQ,,,,,MADRAS FERTILISERS LTD,68.01,69.02,67.01,67.43,67.35,67.97,,67.44,,,60820,4119842.77,901,F1,1,,,,,
2026-08-28,2026-08-28,CM,NSE,STK,762772,INE270B01035,MAFATIND,EQ,,,,,MAFATLAL INDUSTRIES LTD.,121.51,124.00,120.61,123.40,123.70,120.73,,123.32,,,29417,3609540.86,791,F1,1,,,,,
2026-08-28,2026-08-28,CM,NSE,STK,21392,INE347W01011,MAGADSUGAR,EQ,,,,,MAGADH SUGAR & ENERGY LTD,552.95,590.35,552.95,584.15,584.00,551.00,,584.08,,,71010,40731147.45,3936,F1,1,,,,,
2026-08-28,2026-08-28,CM,NSE,STK,29482,INE613C01026,MCLOUD,EQ,,,,,MAGELLANIC CLOUD LIMITED,27.89,28.09,27.10,27.47,27.50,27.79,,27.46,,,1705240,47230286.47,5367,F1,1,,,,,
2026-08-28,2026-08-28,CM,NSE,STK,14957,INE387I01016,MAGNUM,EQ,,,,,MAGNUM VENTURES LTD.,19.57,19.57,18.91,19.04,19.25,19.25,,19.06,,,6773,130642.52,58,F1,1,,,,,
2026-08-28,2026-08-28,CM,NSE,STK,5239,INE843B01013,MAHAPEXLTD,EQ,,,,,MAHA RASHTRA APEX COPR. L,55.00,56.96,53.50,54.20,54.00,55.95,,54.20,,,9015,492082.61,248,F1,1,,,,,
2026-08-28,2026-08-28,CM,NSE,STK,24937,INE0US801024,MFML,EQ,,,,,MAHALAXMI FABRIC MILLS LT,18.62,19.30,18.50,18.55,19.29,18.53,,18.59,,,620,11497.08,25,F1,1,,,,,
2026-08-28,2026-08-28,CM,NSE,STK,7889,INE112D01035,MHLXMIRU,BE,,,,,MAHALAXMI RUBTECH LIMITED,179.05,182.90,178.10,178.30,178.30,182.46,,178.30,,,498,89416.55,30,F1,1,,,,,
2026-08-28,2026-08-28,CM,NSE,STK,17531,INE451L01014,MAHASTEEL,BE,,,,,MAHAMAYA STEEL INDS LTD,1269.90,1330.00,1230.00,1329.70,1330.00,1270.70,,1329.62,,,30787,39390894.20,471,F1,1,,,,,
2026-08-28,2026-08-28,CM,NSE,STK,17534,INE002S01010,MGL,EQ,,,,,MAHANAGAR GAS LTD.,1094.00,1107.80,1089.00,1092.60,1096.60,1092.80,,1092.57,,,270473,296502256.80,31199,F1,1,,,,,
2026-08-28,2026-08-28,CM,NSE,STK,2294,INE153A01019,MTNL,EQ,,,,,MAHANAGAR TELEPHONE NIGAM,26.55,28.26,26.46,27.25,27.30,26.56,,27.26,,,3912822,108419931.10,11787,F1,1,,,,,
2026-08-28,2026-08-28,CM,NSE,STK,2085,INE288A01013,MAHSCOOTER,EQ,,,,,MAHARASHTRA SCOOTERS LTD,13699.00,13934.00,13561.00,13696.00,13685.00,13564.00,,13691.64,,,5667,77876944.00,1873,F1,1,,,,,
2026-08-28,2026-08-28,CM,NSE,STK,2088,INE271B01025,MAHSEAMLES,EQ,,,,,MAHARASHTRA SEAMLESS LTD,643.00,667.85,642.95,661.70,663.50,642.05,,661.64,,,550119,362294399.45,25400,F1,1,,,,,
2026-08-28,2026-08-28,CM,NSE,STK,758688,INE632Q01018,MRIL,ST,,,,,MAHENDRA REALTO & INFRA L,60.15,60.15,60.15,60.15,60.15,62.80,,60.15,,,1600,96240.00,1,F1,1600,,,,,
2026-08-28,2026-08-28,CM,NSE,STK,9577,INE263W01010,MAHESHWARI,BE,,,,,MAHESHWARI LOGISTICS LTD.,70.65,72.80,70.65,72.17,72.01,72.00,,72.17,,,5030,360304.10,31,F1,1,,,,,
2026-08-28,2026-08-28,CM,NSE,STK,2839,INE961Y01015,MAHICKRA,SM,,,,,MAHICKRA CHEMICAL LIMITED,292.00,301.00,270.00,297.00,301.00,294.00,,297.00,,,11250,3275250.00,13,F1,750,,,,,
2026-08-28,2026-08-28,CM,NSE,STK,2031,INE101A01026,M&M,EQ,,,,,MAHINDRA & MAHINDRA LTD,3331.00,3351.70,3302.00,3334.00,3334.00,3330.00,,3333.97,,,1744074,5799268719.10,110918,F1,1,,,,,
2026-08-28,2026-08-28,CM,NSE,STK,17603,INE215D01010,MAHEPC,EQ,,,,,MAHINDRA EPC IRRIG LTD,106.94,107.87,104.50,105.47,105.05,106.86,,105.48,,,23453,2479540.06,455,F1,1,,,,,
2026-08-28,2026-08-28,CM,NSE,STK,17333,INE998I01010,MHRIL,EQ,,,,,MAHINDRA HOLIDAYS LTD,211.65,215.80,209.90,211.39,210.40,211.23,,211.40,,,149497,31597319.21,2988,F1,1,,,,,
2026-08-28,2026-08-28,CM,NSE,STK,8050,INE813A01018,MAHLIFE,EQ,,,,,MAHINDRA LIFESPACE DEVLTD,369.85,371.80,367.00,367.55,368.20,368.65,,367.56,,,27344,10087245.25,2822,F1,1,,,,,
2026-08-28,2026-08-28,CM,NSE,STK,385,INE766P01016,MAHLOG,EQ,,,,,MAHINDRA LOGISTIC LIMITED,392.35,395.50,388.50,392.75,393.60,391.60,,392.74,,,85642,33609641.70,4429,F1,1,,,,,
2026-08-28,2026-08-28,CM,NSE,STK,24538,INE683C01011,MAITHANALL,EQ,,,,,MAITHAN ALLOYS LTD,1000.50,1002.00,974.65,982.15,978.00,994.80,,982.15,,,33450,33042314.70,2221,F1,1,,,,,
2026-08-28,2026-08-28,CM,NSE,STK,19809,INE0PLQ01011,MAITREYA,SM,,,,,MAITREYA MEDICARE LIMITED,120.30,128.00,110.05,113.70,114.05,118.95,,113.70,,,6800,787440.00,16,F1,400,,,,,
2026-08-28,2026-08-28,CM,NSE,STK,762780,INE201B01022,MAJESAUT,BE,,,,,MAJESTIC AUTO LTD.,369.00,369.00,350.05,363.05,364.00,368.10,,363.05,,,3756,1341270.50,160,F1,1,,,,,
2026-08-28,2026-08-28,CM,NSE,STK,764773,INE987A01010,MAKERSL,EQ,,,,,MAKERS LABORATORIES LTD.,206.00,206.11,195.02,198.73,195.25,206.11,,197.64,,,6128,1220868.33,185,F1,1,,,,,
2026-08-28,2026-08-28,CM,NSE,STK,11218,INE0CDK01019,MAKS,SM,,,,,MAKS ENERGY SOL INDIA LTD,13.30,13.30,13.30,13.30,13.30,13.35,,13.30,,,3000,39900.00,2,F1,1500,,,,,
2026-08-28,2026-08-28,CM,NSE,STK,7965,INE389C01015,MALLCOM,EQ,,,,,MALLCOM (INDIA) LIMITED,974.75,1014.95,968.05,1000.05,988.00,973.40,,1000.16,,,3165,3130943.50,318,F1,1,,,,,
2026-08-28,2026-08-28,CM,NSE,STK,13352,INE383H01017,MALUPAPER,EQ,,,,,MALU PAPER MILLS LIMITED,32.00,32.59,31.61,32.04,32.39,32.25,,32.04,,,4291,137277.24,38,F1,1,,,,,
2026-08-28,2026-08-28,CM,NSE,STK,28687,INE0TO701015,MAMATA,EQ,,,,,MAMATA MACHINERY LIMITED,402.00,405.00,398.40,400.05,400.85,403.50,,400.04,,,82152,33002946.45,1313,F1,1,,,,,
2026-08-28,2026-08-28,CM,NSE,STK,7413,INE830Q01018,MANAKCOAT,EQ,,,,,MAN COAT METAL & IND LTD,121.33,125.49,121.15,122.85,121.15,121.09,,122.85,,,333746,41088342.28,4333,F1,1,,,,,
2026-08-28,2026-08-28,CM,NSE,STK,11884,INE993A01026,MANINDS,EQ,,,,,MAN INDUSTRIES (I) LTD.,777.55,778.95,748.00,768.20,767.55,767.45,,768.19,,,985437,752158287.10,34212,F1,1,,,,,
2026-08-28,2026-08-28,CM,NSE,STK,18226,INE949H01023,MANINFRA,EQ,,,,,MAN INFRA LTD,116.02,123.45,116.02,122.81,122.80,115.46,,122.81,,,7397297,895532721.19,34460,F1,1,,,,,
2026-08-28,2026-08-28,CM,NSE,STK,7420,INE859Q01017,MANAKALUCO,EQ,,,,,MANAK ALUMINIUM CO. LTD.,38.71,39.74,37.92,39.39,39.40,39.10,,39.44,,,58604,2269543.12,731,F1,1,,,,,
2026-08-28,2026-08-28,CM,NSE,STK,15199,INE015D01022,MANAKSIA,EQ,,,,,MANAKSIA LTD.,57.05,59.06,56.89,58.13,58.02,56.89,,58.14,,,61674,3603325.58,442,F1,1,,,,,
2026-08-28,2026-08-28,CM,NSE,STK,7463,INE824Q01011,MANAKSTEEL,EQ,,,,,MANAKSIA STEELS LTD,93.39,94.79,90.88,94.79,94.79,90.28,,94.79,,,244759,23034809.54,1216,F1,1,,,,,
2026-08-28,2026-08-28,CM,NSE,STK,13796,INE201A01024,MANALIPETC,EQ,,,,,MANALI PETROCHEMICALS LT,70.99,74.14,70.64,73.36,73.20,70.80,,73.36,,,688296,49988840.32,6679,F1,1,,,,,
2026-08-28,2026-08-28,CM,NSE,STK,19061,INE522D01027,MANAPPURAM,EQ,,,,,MANAPPURAM FINANCE LTD,348.15,351.15,346.15,348.90,348.90,348.00,,348.93,,,1893238,660134655.80,27546,F1,1,,,,,
2026-08-28,2026-08-28,CM,NSE,STK,759354,INE0U4H01011,MPEL,ST,,,,,MANAS POLYMER N ENERGIE L,38.70,38.70,38.70,38.70,38.70,36.90,,38.70,,,6400,247680.00,4,F1,1600,,,,,
2026-08-28,2026-08-28,CM,NSE,STK,21697,INE104Y01012,MANAV,SM,,,,,MANAV INFRA PROJECTS LTD,34.40,34.40,34.40,34.40,34.40,32.80,,34.40,,,4000,137600.00,1,F1,4000,,,,,
2026-08-28,2026-08-28,CM,NSE,STK,25597,INE939X01013,MANBA,EQ,,,,,MANBA FINANCE LIMITED,129.87,132.00,129.00,130.81,129.52,129.93,,130.67,,,60090,7811060.90,669,F1,1,,,,,
2026-08-28,2026-08-28,CM,NSE,STK,765105,INE348N01042,MANBRO,EQ,,,,,MANBRO INDUSTRIES LTD.,60.95,60.95,58.97,59.64,60.00,60.51,,59.76,,,77984,4639449.37,286,F1,1,,,,,
2026-08-28,2026-08-28,CM,NSE,STK,23779,INE0R3T01013,MANDEEP,SM,,,,,MANDEEP AUTO INDUSTRIES L,16.95,18.05,16.90,18.05,18.05,17.65,,18.05,,,44000,788700.00,8,F1,2000,,,,,
2026-08-28,2026-08-28,CM,NSE,STK,24823,INE545L01039,MANCREDIT,EQ,,,,,MANGAL CREDIT N FINCORP L,232.50,256.00,232.50,247.65,255.90,229.52,,247.60,,,437371,105254540.57,3421,F1,1,,,,,
2026-08-28,2026-08-28,CM,NSE,STK,758748,INE0PKD01011,MEIL,EQ,,,,,MANGAL ELECTRICAL IND L,307.00,308.00,296.95,299.40,298.20,304.30,,299.38,,,75243,22640931.20,1736,F1,1,,,,,
2026-08-28,2026-08-28,CM,NSE,STK,2106,INE347A01017,MANGLMCEM,EQ,,,,,MANGALAM CEMENT LTD,1084.00,1084.00,1050.40,1062.90,1069.80,1058.20,,1062.97,,,103225,109566684.35,3500,F1,1,,,,,
2026-08-28,2026-08-28,CM,NSE,STK,11817,INE584F01014,MANGALAM,EQ,,,,,MANGALAM DRUG & CHEM LTD,32.00,32.83,29.10,31.94,32.00,32.15,,31.92,,,61865,1906821.09,558,F1,1,,,,,
2026-08-28,2026-08-28,CM,NSE,STK,1598,INE0APB01032,MGEL,BE,,,,,MANGALAM GLOBAL ENT LTD,14.54,15.00,14.41,14.45,14.44,14.50,,14.45,,,112288,1640432.75,200,F1,1,,,,,
2026-08-28,2026-08-28,CM,NSE,STK,6422,INE370D01013,MANORG,EQ,,,,,MANGALAM ORGANICS LIMITED,505.10,517.50,499.80,510.60,514.90,500.00,,510.55,,,8802,4447474.95,293,F1,1,,,,,
2026-08-28,2026-08-28,CM,NSE,STK,764783,INE829S01016,MSL,EQ,,,,,MANGALAM SEEDS LTD.,147.00,147.00,147.00,147.00,147.00,147.00,,148.40,,,10,1470.00,1,F1,1,,,,,
2026-08-28,2026-08-28,CM,NSE,STK,759169,INE0JYY01029,MWL,EQ,,,,,MANGALAM WORLDWIDE LTD,40.01,40.01,39.21,39.53,39.21,40.01,,39.53,,,129680,5121227.96,549,F1,1,,,,,
2026-08-28,2026-08-28,CM,NSE,STK,764357,INE459N01021,MANIPALHOS,EQ,,,,,MANIPAL HEALTH ENTERPRI L,814.00,815.00,768.00,771.65,775.95,797.95,,771.68,,,2108677,1658811322.85,54864,F1,1,,,,,
2026-08-28,2026-08-28,CM,NSE,STK,15380,INE634S01028,MANKIND,EQ,,,,,MANKIND PHARMA LIMITED,2419.00,2422.10,2370.00,2382.90,2382.90,2417.50,,2382.90,,,190737,455420161.10,20759,F1,1,,,,,
2026-08-28,2026-08-28,CM,NSE,STK,19015,INE0KNT01012,MVGJL,EQ,,,,,MANOJ VAIBHAV GEM N JEW L,153.00,157.20,153.00,154.84,154.99,153.77,,154.99,,,40954,6339107.21,988,F1,1,,,,,
2026-08-28,2026-08-28,CM,NSE,STK,13753,INE784W01015,MANOMAY,EQ,,,,,MANOMAY TEX INDIA LTD,227.78,227.80,223.80,225.93,225.90,227.91,,225.92,,,241205,54370843.12,2954,F1,1,,,,,
2026-08-28,2026-08-28,CM,NSE,STK,10227,INE00VM01036,MANORAMA,EQ,,,,,MANORAMA INDUSTRIES LTD,1898.50,1907.50,1872.00,1889.40,1880.20,1887.20,,1889.00,,,115933,219076578.80,11458,F1,1,,,,,
2026-08-28,2026-08-28,CM,NSE,STK,13575,INE867A01022,MANUGRAPH,BE,,,,,MANUGRAPH INDIA LIMITED,15.82,15.82,14.70,15.39,15.45,15.07,,15.47,,,8783,133949.91,38,F1,1,,,,,
2026-08-28,2026-08-28,CM,NSE,STK,2112,INE882A01013,MARALOVER,EQ,,,,,MARAL OVERSEAS LTD,56.99,57.40,55.60,56.65,56.65,56.27,,56.65,,,4078,230759.86,41,F1,1,,,,,
2026-08-28,2026-08-28,CM,NSE,STK,18659,INE182D01020,MARATHON,EQ,,,,,MARATHON NXTGEN REALT LTD,430.15,430.15,418.25,421.55,425.00,428.75,,421.47,,,58874,24883477.75,2319,F1,1,,,,,
2026-08-28,2026-08-28,CM,NSE,STK,4067,INE196A01026,MARICO,EQ,,,,,MARICO LIMITED,832.10,840.70,826.45,829.65,829.65,833.50,,829.64,,,2455289,2040728961.50,75553,F1,1,,,,,
2026-08-28,2026-08-28,CM,NSE,STK,1328,INE01JE01028,MARINE,EQ,,,,,MARINE ELECTRICAL (I) LTD,376.25,412.15,376.25,406.80,407.00,374.10,,406.80,,,2596284,1033110101.85,54541,F1,1,,,,,
2026-08-28,2026-08-28,CM,NSE,STK,760204,INE0FW001016,MARKOLINES,EQ,,,,,MARKOLINES PAVEMENT TEC L,172.81,173.85,171.20,171.92,171.50,172.74,,171.90,,,163793,28189899.83,990,F1,1,,,,,
2026-08-28,2026-08-28,CM,NSE,STK,10579,INE750C01026,MARKSANS,EQ,,,,,MARKSANS PHARMA LIMITED,326.15,335.45,324.05,329.70,329.95,326.15,,329.68,,,1463661,481451231.70,27128,F1,1,,,,,
2026-08-28,2026-08-28,CM,NSE,STK,761386,INE415B01044,MARSONS,EQ,,,,,MARSONS LIMITED,126.40,136.50,125.30,133.17,136.00,125.54,,133.19,,,4963629,634029493.88,20190,F1,1,,,,,
2026-08-28,2026-08-28,CM,NSE,STK,761042,INE0X7G01013,MARUSHIKA,SM,,,,,MARUSHIKA TECHNOLOGY LTD,108.60,114.00,108.60,112.65,111.30,113.05,,112.65,,,4800,532380.00,4,F1,1200,,,,,
2026-08-28,2026-08-28,CM,NSE,STK,10999,INE585B01010,MARUTI,EQ,,,,,MARUTI SUZUKI INDIA LTD.,13500.00,13525.00,13318.00,13376.00,13376.00,13440.00,,13376.25,,,277509,3721974285.00,45941,F1,1,,,,,
2026-08-28,2026-08-28,CM,NSE,STK,2133,INE575Z01010,MDL,ST,,,,,MARVEL DECOR LIMITED,61.90,61.95,61.90,61.95,61.95,59.00,,61.95,,,10000,619350.00,5,F1,1000,,,,,
2026-08-28,2026-08-28,CM,NSE,STK,199,INE348L01012,MASFIN,EQ,,,,,MAS FINANCIAL SERV LTD,295.50,297.60,290.60,294.40,294.55,295.50,,294.40,,,550606,162051101.40,30878,F1,1,,,,,
2026-08-28,2026-08-28,CM,NSE,STK,18727,INE885F01015,MASKINVEST,EQ,,,,,MASK INVESTMENTS LIMITED,147.76,147.76,145.00,145.00,145.00,146.30,,145.00,,,7,1018.76,3,F1,1,,,,,
2026-08-28,2026-08-28,CM,NSE,STK,24278,INE0SH001010,MASON,SM,,,,,MASON INFRATECH LIMITED,118.00,121.00,118.00,118.35,118.35,122.00,,118.35,,,27000,3242850.00,31,F1,500,,,,,
2026-08-28,2026-08-28,CM,NSE,STK,2124,INE759A01021,MASTEK,EQ,,,,,MASTEK LTD,1615.00,1933.90,1615.00,1901.40,1933.90,1611.60,,1901.60,,,5449060,10028772572.90,228186,F1,1,,,,,
2026-08-28,2026-08-28,CM,NSE,STK,19011,INE0OJM01017,MASTER,SM,,,,,MASTER COMPONENTS LIMITED,436.00,449.00,428.05,449.00,449.00,449.00,,449.00,,,2000,871575.00,4,F1,500,,,,,
2026-08-28,2026-08-28,CM,NSE,STK,27047,INE677D01037,MASTERTR,EQ,,,,,MASTER TRUST LIMITED,82.85,83.61,82.48,82.68,82.95,83.34,,82.68,,,132504,10968800.56,533,F1,1,,,,,
2026-08-28,2026-08-28,CM,NSE,STK,21726,INE866R01028,MATRIMONY,EQ,,,,,MATRIMONY.COM LIMITED,512.10,519.05,511.50,515.00,515.00,515.45,,515.00,,,7035,3625745.55,341,F1,1,,,,,
2026-08-28,2026-08-28,CM,NSE,STK,759945,INE132901013,MGSL,SM,,,,,MATRIX GEO SOLUTIONS LTD,80.75,82.00,80.25,81.95,82.00,80.75,,81.95,,,6000,488280.00,5,F1,1200,,,,,
2026-08-28,2026-08-28,CM,NSE,STK,17022,INE636A01039,MAWANASUG,EQ,,,,,MAWANA SUGARS LIMITED,144.00,151.28,141.10,147.94,150.00,141.67,,147.94,,,494282,72915766.75,7697,F1,1,,,,,
2026-08-28,2026-08-28,CM,NSE,STK,19646,INE03EI01018,MAXESTATES,EQ,,,,,MAX ESTATES LIMITED,560.00,560.00,529.00,539.05,541.95,558.45,,539.05,,,154812,83948973.00,5018,F1,1,,,,,
2026-08-28,2026-08-28,CM,NSE,STK,2142,INE180A01020,MFSL,EQ,,,,,MAX FINANCIAL SERV LTD,1571.90,1588.30,1553.60,1564.40,1564.40,1568.00,,1564.39,,,305746,482236733.30,28211,F1,1,,,,,
2026-08-28,2026-08-28,CM,NSE,STK,22377,INE027H01010,MAXHEALTH,EQ,,,,,MAX HEALTHCARE INS LTD,1009.10,1017.50,1001.80,1014.10,1014.10,1009.00,,1014.09,,,1811091,1830327154.20,29462,F1,1,,,,,
2026-08-28,2026-08-28,CM,NSE,STK,22428,INE0CG601016,MAXIND,EQ,,,,,MAX INDIA LIMITED,151.60,154.79,149.20,150.40,150.00,150.48,,150.37,,,33498,5030142.83,936,F1,1,,,,,
2026-08-28,2026-08-28,CM,NSE,STK,21691,INE0ECC01022,MAXPOSURE,SM,,,,,MAXPOSURE LIMITED,30.40,31.40,30.00,31.40,31.40,30.40,,31.40,,,9000,273700.00,8,F1,1000,,,,,
2026-08-28,2026-08-28,CM,NSE,STK,29645,INE10A501018,MAXVOLT,SM,,,,,MAXVOLT ENERGY INDUS L,341.10,346.80,341.05,344.00,345.50,337.20,,344.00,,,20000,6883360.00,39,F1,400,,,,,
2026-08-28,2026-08-28,CM,NSE,STK,28906,INE040D01038,MAYURUNIQ,EQ,,,,,MAYUR UNIQUOTERS LTD,753.90,774.50,745.10,766.90,773.00,749.40,,766.87,,,86499,65916338.75,4394,F1,1,,,,,
2026-08-28,2026-08-28,CM,NSE,STK,509,INE249Z01020,MAZDOCK,EQ,,,,,MAZAGON DOCK SHIPBUIL LTD,2583.00,2596.00,2543.00,2555.00,2555.00,2588.00,,2554.84,,,388879,996143885.60,20107,F1,1,,,,,
2026-08-28,2026-08-28,CM,NSE,STK,18870,INE885E01042,MAZDA,BE,,,,,MAZDA LIMITED,245.81,249.00,240.02,247.82,247.00,244.59,,247.49,,,11659,2868454.10,182,F1,1,,,,,
2026-08-28,2026-08-28,CM,NSE,STK,18029,INE912H01013,MBLINFRA,EQ,,,,,MBL INFRASTRUCTURE LTD,22.50,23.75,22.00,23.27,23.40,22.62,,23.20,,,45515,1041947.56,182,F1,1,,,,,
2026-08-28,2026-08-28,CM,NSE,STK,11943,INE942G01012,MCLEODRUSS,EQ,,,,,MCLEOD RUSSEL INDIA LTD.,49.15,50.50,48.50,49.81,50.35,49.17,,49.82,,,199015,9864232.90,1214,F1,1,,,,,
2026-08-28,2026-08-28,CM,NSE,STK,21705,INE456Z01021,MEDIASSIST,EQ,,,,,MEDI ASSIST HEALTH SER L,337.55,340.00,331.25,333.80,333.00,337.25,,333.79,,,164861,55015943.50,10055,F1,1,,,,,
2026-08-28,2026-08-28,CM,NSE,STK,765110,INE442D01010,MEDICAPQ,EQ,,,,,MEDI CAPS LTD.,25.58,26.50,25.00,25.91,25.99,25.50,,25.91,,,1313,33968.30,38,F1,1,,,,,
2026-08-28,2026-08-28,CM,NSE,STK,762802,INE200D01020,MMWL,EQ,,,,,MEDIA MATRIX WORLDWIDE L,14.65,15.60,14.65,14.81,14.91,14.97,,14.81,,,9034,135322.23,109,F1,1,,,,,
2026-08-28,2026-08-28,CM,NSE,STK,6278,INE646B01010,MEDICAMEQ,EQ,,,,,MEDICAMEN BIOTECH LIMITED,231.13,251.00,220.00,248.88,249.00,230.74,,248.87,,,71552,17346751.76,1975,F1,1,,,,,
2026-08-28,2026-08-28,CM,NSE,STK,24239,INE0PE401018,MEDIORG,SM,,,,,MEDICAMEN ORGANICS LTD,24.45,24.50,24.45,24.50,24.50,23.50,,24.50,,,8000,195800.00,4,F1,2000,,,,,
2026-08-28,2026-08-28,CM,NSE,STK,9667,INE630Y01024,MEDICO,EQ,,,,,MEDICO REMEDIES LIMITED,43.62,43.62,42.00,42.41,42.50,43.31,,42.41,,,166991,7142736.25,1001,F1,1,,,,,
2026-08-28,2026-08-28,CM,NSE,STK,758423,INE0UOY01019,MEDISTEP,SM,,,,,MEDISTEP HEALTHCARE LTD,19.75,19.75,19.75,19.75,19.75,19.75,,19.75,,,27000,533250.00,3,F1,3000,,,,,
2026-08-28,2026-08-28,CM,NSE,STK,7254,INE804L01022,MEDPLUS,EQ,,,,,MEDPLUS HEALTH SERV LTD,688.35,695.00,674.30,676.35,676.50,688.35,,676.35,,,85619,58610042.80,6913,F1,1,,,,,
2026-08-28,2026-08-28,CM,NSE,STK,760229,INE0VDM01015,MEESHO,EQ,,,,,MEESHO LIMITED,203.85,210.00,201.82,208.63,208.00,207.64,,208.63,,,9520098,1983001163.59,92647,F1,1,,,,,
2026-08-28,2026-08-28,CM,NSE,STK,8153,INE00EM01016,MEGASTAR,EQ,,,,,MEGASTAR FOODS LIMITED,318.00,318.00,308.20,311.60,311.70,309.20,,311.57,,,2700,839537.70,179,F1,1,,,,,
2026-08-28,2026-08-28,CM,NSE,STK,22560,INE531R01010,MEGATHERM,SM,,,,,MEGATHERM INDUCTION LTD,229.90,229.90,215.00,218.90,218.90,229.15,,218.90,,,19600,4348120.00,40,F1,400,,,,,
2026-08-28,2026-08-28,CM,NSE,STK,5394,INE0CT101020,MOL,EQ,,,,,MEGHMANI ORGANICS LIMITED,60.56,61.90,60.29,60.94,60.96,60.29,,60.94,,,885447,54065201.28,4082,F1,1,,,,,
2026-08-28,2026-08-28,CM,NSE,STK,764778,INE898Q01015,MIIL,EQ,,,,,MEGHNA INFRACON INFRA L,724.50,727.00,689.05,709.95,712.95,718.75,,709.95,,,94256,67567359.55,2277,F1,1,,,,,
2026-08-28,2026-08-28,CM,NSE,STK,6971,INE071D01033,MENONBE,BE,,,,,MENON BEARINGS LIMITED,282.80,286.90,280.00,284.62,286.90,283.35,,284.64,,,77246,21748010.96,535,F1,1,,,,,
2026-08-28,2026-08-28,CM,NSE,STK,762787,INE650G01029,MENNPIS,EQ,,,,,MENON PISTONS LTD.,77.00,77.19,73.00,73.97,73.75,74.59,,73.98,,,78947,5946257.50,1168,F1,1,,,,,
2026-08-28,2026-08-28,CM,NSE,STK,25882,INE776I01010,MEP,BZ,,,,,MEP INFRA. DEVELOPERS LTD,0.72,0.72,0.72,0.72,0.72,0.71,,0.72,,,32328,23276.16,14,F1,1,,,,,
2026-08-28,2026-08-28,CM,NSE,STK,762792,INE689O01013,MERCANTILE,EQ,,,,,MERCANTILE VENTURES LTD.,24.83,25.26,23.57,24.99,25.26,24.71,,24.99,,,107,2654.07,10,F1,1,,,,,
2026-08-28,2026-08-28,CM,NSE,STK,763663,INE763M01028,MERCURYEV,EQ,,,,,MERCURY EV-TECH LIMITED,39.12,39.69,38.40,38.67,38.50,38.93,,38.67,,,59148,2307508.09,770,F1,1,,,,,
2026-08-28,2026-08-28,CM,NSE,STK,764278,INE1II801013,METALIC,ST,,,,,METALIC TECHNOFORGE LTD,128.00,134.80,126.00,131.10,132.00,130.30,,131.10,,,100800,13175680.00,51,F1,1600,,,,,
2026-08-28,2026-08-28,CM,NSE,STK,7242,INE317I01021,METROBRAND,EQ,,,,,METRO BRANDS LIMITED,915.20,940.00,915.20,936.70,935.00,921.70,,936.74,,,32396,30134874.90,5558,F1,1,,,,,
2026-08-28,2026-08-28,CM,NSE,STK,762797,INE085D01033,METROGLOBL,EQ,,,,,METROGLOBAL LTD.,135.51,140.00,134.14,139.93,139.95,135.07,,136.98,,,1100,149850.04,44,F1,1,,,,,
2026-08-28,2026-08-28,CM,NSE,STK,9581,INE112L01020,METROPOLIS,EQ,,,,,METROPOLIS HEALTHCARE LTD,583.15,602.00,581.25,588.45,588.65,576.90,,588.45,,,687298,407052242.30,35406,F1,1,,,,,
2026-08-28,2026-08-28,CM,NSE,STK,7165,INE287C01037,MICEL,BE,,,,,MIC ELECTRONICS LTD,40.90,41.54,40.37,41.54,41.54,39.57,,41.61,,,549515,22763012.73,1661,F1,1,,,,,
2026-08-28,2026-08-28,CM,NSE,STK,19887,INE0PZK01014,MICROPRO,SM,,,,,MICROPRO SOFTWARE SOL L,18.80,18.80,18.00,18.50,18.50,18.65,,18.50,,,14400,263920.00,7,F1,1600,,,,,
2026-08-28,2026-08-28,CM,NSE,STK,759517,INE0XAD01024,MIDWESTLTD,EQ,,,,,MIDWEST LIMITED,1114.40,1127.00,1101.00,1106.60,1106.20,1114.40,,1106.62,,,17134,18964233.90,957,F1,1,,,,,
2026-08-28,2026-08-28,CM,NSE,STK,765125,INE588G01021,MLKFOOD,EQ,,,,,MILKFOOD LTD.,86.01,89.98,85.65,86.71,85.70,86.87,,86.18,,,4729,411538.34,141,F1,1,,,,,
2026-08-28,2026-08-28,CM,NSE,STK,765272,INE00IT01020,MILKYMIST,EQ,,,,,MILKY MIST DAIRY FOOD L,215.00,217.26,210.10,214.31,215.90,217.31,,214.33,,,14621198,3123066464.19,97559,F1,1,,,,,
2026-08-28,2026-08-28,CM,NSE,STK,765118,INE097E01028,MINALIND,BE,,,,,MINAL INDUSTRIES LTD.,4.20,4.20,4.20,4.20,4.20,4.00,,4.20,,,116714,490198.80,135,F1,1,,,,,
2026-08-28,2026-08-28,CM,NSE,STK,25897,INE842C01021,MINDACORP,EQ,,,,,MINDA CORPORATION LTD,692.65,707.75,691.10,702.80,702.00,690.65,,702.70,,,348343,244503972.15,19417,F1,1,,,,,
2026-08-28,2026-08-28,CM,NSE,STK,8900,INE00RQ01019,MINDPOOL,SM,,,,,MINDPOOL TECHNOLOGIES LTD,71.10,71.10,71.10,71.10,71.10,71.10,,71.10,,,1000,71100.00,1,F1,1000,,,,,
2026-08-28,2026-08-28,CM,NSE,STK,22308,INE0CCU25019,MINDSPACE,RR,,,,,MINDSPACE BUSINESS P REIT,487.20,496.00,481.30,492.58,491.00,487.55,,492.60,,,367653,180829448.13,5224,F1,1,,,,,
2026-08-28,2026-08-28,CM,NSE,STK,18049,INE110B01017,MINDTECK,EQ,,,,,MINDTECK (INDIA) LIMITED,172.40,179.40,172.00,176.40,179.40,172.40,,176.28,,,41663,7287871.86,971,F1,1,,,,,
2026-08-28,2026-08-28,CM,NSE,STK,19640,INF769K01KU7,ALPHAETF,EQ,,,,,MIRAEAMC - ALPHAETF,27.36,27.41,27.22,27.31,27.35,27.40,,27.31,,,260843,7126979.24,857,F1,1,,,,,
2026-08-28,2026-08-28,CM,NSE,STK,17419,INF769K01KR3,BANKETF,EQ,,,,,MIRAEAMC - BANKETF,587.54,588.11,584.84,585.97,585.87,587.54,,585.97,,,13548,7943913.88,949,F1,1,,,,,
2026-08-28,2026-08-28,CM,NSE,STK,25725,INF769K01LZ4,BANKPSU,EQ,,,,,MIRAEAMC - BANKPSU,86.60,86.87,86.41,86.63,86.74,86.70,,86.63,,,9490,822084.44,75,F1,1,,,,,
2026-08-28,2026-08-28,CM,NSE,STK,28969,INF769K01NS5,CONSUMER,EQ,,,,,MIRAEAMC - CONSUMER,12.07,12.34,12.07,12.23,12.25,12.31,,12.23,,,116527,1427809.49,381,F1,1,,,,,
2026-08-28,2026-08-28,CM,NSE,STK,761046,INF769K01QC2,DEFENCE,EQ,,,,,MIRAEAMC - DEFENCE,82.77,82.77,81.89,82.34,82.49,82.74,,82.34,,,302122,24863426.40,887,F1,1,,,,,
2026-08-28,2026-08-28,CM,NSE,STK,760412,INF769K01PY8,DIVIDEND,EQ,,,,,MIRAEAMC - DIVIDEND,35.61,35.93,35.60,35.82,35.83,35.57,,35.82,,,33710,1207701.63,64,F1,1,,,,,
2026-08-28,2026-08-28,CM,NSE,STK,759780,INF769K01PR2,ENERGY,EQ,,,,,MIRAEAMC - ENERGY,39.06,39.06,38.15,38.23,38.26,38.29,,38.23,,,232113,8883976.86,1055,F1,1,,,,,
2026-08-28,2026-08-28,CM,NSE,STK,30121,INF769K01OA1,EQUAL200,EQ,,,,,MIRAEAMC - EQUAL200,14.04,14.05,13.96,13.99,14.01,14.02,,13.99,,,16273,227293.91,66,F1,1,,,,,
2026-08-28,2026-08-28,CM,NSE,STK,757142,INF769K01OO2,EQUAL50,EQ,,,,,MIRAEAMC - EQUAL50,334.50,334.58,333.41,334.29,334.29,334.28,,333.75,,,4997,1669508.88,26,F1,1,,,,,
2026-08-28,2026-08-28,CM,NSE,STK,24461,INF769K01LQ3,EVINDIA,EQ,,,,,MIRAEAMC - EVINDIA,34.33,34.33,33.41,33.58,33.56,33.50,,33.58,,,263880,8857107.20,1477,F1,1,,,,,
2026-08-28,2026-08-28,CM,NSE,STK,760986,INF769K01QA6,HEALTHCARE,EQ,,,,,MIRAEAMC - HEALTHCARE,22.24,22.24,21.80,21.89,21.91,21.80,,21.89,,,30792,673428.38,166,F1,1,,,,,
2026-08-28,2026-08-28,CM,NSE,STK,764333,INF769K01RJ5,HYBRIDETF,EQ,,,,,MIRAEAMC - HYBRIDETF,10.24,10.24,10.15,10.19,10.19,10.19,,10.19,,,18329,186723.48,58,F1,1,,,,,
2026-08-28,2026-08-28,CM,NSE,STK,761030,INF769K01QB4,INFRA,EQ,,,,,MIRAEAMC - INFRA,12.18,12.19,12.10,12.13,12.14,12.18,,12.13,,,26340,319904.88,182,F1,1,,,,,
2026-08-28,2026-08-28,CM,NSE,STK,758595,INF769K01PB6,INTERNET,EQ,,,,,MIRAEAMC - INTERNET,14.83,15.33,14.65,14.66,14.65,14.76,,14.66,,,700673,10410654.48,346,F1,1,,,,,
2026-08-28,2026-08-28,CM,NSE,STK,19633,INF769K01KV5,ITETF,EQ,,,,,MIRAEAMC - ITETF,32.50,33.21,32.07,33.08,33.17,32.07,,33.08,,,467295,15406966.79,959,F1,1,,,,,
2026-08-28,2026-08-28,CM,NSE,STK,765313,INF769K01RK3,LARGEMID50,EQ,,,,,MIRAEAMC - LARGEMID50,36.80,36.88,36.70,36.87,36.87,36.86,,36.79,,,3301,121500.53,17,F1,1,,,,,
2026-08-28,2026-08-28,CM,NSE,STK,17572,INF769K01KS1,LIQUID,EQ,,,,,MIRAEAMC - LIQUID,999.99,1000.00,999.99,999.99,1000.00,999.99,,999.99,,,222659,222657148.59,156,F1,1,,,,,
2026-08-28,2026-08-28,CM,NSE,STK,27075,INF769K01MY5,LIQUIDPLUS,EQ,,,,,MIRAEAMC - LIQUIDPLUS,1101.09,1101.11,1101.09,1101.10,1101.11,1100.65,,1101.10,,,160545,176776911.32,284,F1,1,,,,,
2026-08-28,2026-08-28,CM,NSE,STK,1200,INF769K01GS9,ESG,EQ,,,,,MIRAEAMC - MAESGETF,41.48,41.61,41.35,41.50,41.50,41.53,,41.50,,,7927,329090.42,51,F1,1,,,,,
2026-08-28,2026-08-28,CM,NSE,STK,3507,INF769K01HF4,MAFANG,EQ,,,,,MIRAEAMC - MAFANG,207.13,207.13,207.13,207.13,207.13,206.55,,207.13,,,59201,12262303.13,307,F1,1,,,,,
2026-08-28,2026-08-28,CM,NSE,STK,5220,INF769K01HI8,BFSI,EQ,,,,,MIRAEAMC - MAFSETF,28.09,28.09,27.22,27.31,27.37,27.41,,27.31,,,78704,2150399.01,680,F1,1,,,,,
2026-08-28,2026-08-28,CM,NSE,STK,14286,INF769K01JP9,GOLDETF,EQ,,,,,MIRAEAMC - MAGOLDETF,152.49,154.24,150.01,153.76,154.00,153.09,,153.76,,,1124814,172313381.77,11139,F1,1,,,,,
2026-08-28,2026-08-28,CM,NSE,STK,14938,INF769K01KF8,GSEC10YEAR,EQ,,,,,MIRAEAMC - MAGS813ETF,30.73,30.73,30.33,30.63,30.64,30.73,,30.63,,,571,17472.78,19,F1,1,,,,,
2026-08-28,2026-08-28,CM,NSE,STK,7074,INF769K01HS7,MAHKTECH,EQ,,,,,MIRAEAMC - MAHKTECH,22.57,22.75,22.50,22.75,22.75,22.57,,22.75,,,274749,6250538.42,1479,F1,1,,,,,
2026-08-28,2026-08-28,CM,NSE,STK,8413,INF769K01IC9,MIDCAPETF,EQ,,,,,MIRAEAMC - MAM150ETF,24.02,24.33,24.01,24.07,24.07,24.02,,24.07,,,1474597,35495962.85,4254,F1,1,,,,,
2026-08-28,2026-08-28,CM,NSE,STK,7979,INF769K01IB1,MAKEINDIA,EQ,,,,,MIRAEAMC - MAMFGETF,169.04,169.05,167.79,168.40,168.55,168.87,,168.39,,,67914,11432202.15,363,F1,1,,,,,
2026-08-28,2026-08-28,CM,NSE,STK,6353,INF769K01EG9,NIFTYETF,EQ,,,,,MIRAEAMC - MAN50ETF,260.26,263.69,260.26,262.96,263.20,262.89,,262.95,,,157363,41374341.99,744,F1,1,,,,,
2026-08-28,2026-08-28,CM,NSE,STK,14786,INF769K01JU9,LOWVOL,EQ,,,,,MIRAEAMC - MANV30F,208.04,208.17,207.60,208.13,208.13,207.87,,208.13,,,519,107964.24,11,F1,1,,,,,
2026-08-28,2026-08-28,CM,NSE,STK,17181,INF769K01FN2,NEXT50,EQ,,,,,MIRAEAMC - MANXT50,767.00,768.74,763.00,763.78,767.57,768.67,,763.65,,,21668,16582325.55,3731,F1,1,,,,,
2026-08-28,2026-08-28,CM,NSE,STK,16777,INF769K01KG6,SILVERAG,EQ,,,,,MIRAEAMC - MASILVER,230.60,235.66,229.99,234.83,235.00,230.77,,234.83,,,442736,103627866.68,2950,F1,1,,,,,
2026-08-28,2026-08-28,CM,NSE,STK,5782,INF769K01HP3,MASPTOP50,EQ,,,,,MIRAEAMC - MASPTOP50,79.78,79.78,79.78,79.78,79.78,79.96,,79.78,,,15883,1267145.74,96,F1,1,,,,,
2026-08-28,2026-08-28,CM,NSE,STK,25744,INF769K01LY7,METAL,EQ,,,,,MIRAEAMC - METAL,13.65,13.67,13.53,13.60,13.65,13.56,,13.60,,,1425857,19385847.97,4813,F1,1,,,,,
2026-08-28,2026-08-28,CM,NSE,STK,23855,INF769K01LJ8,MIDSMALL,EQ,,,,,MIRAEAMC - MIDSMALL,52.62,52.79,52.46,52.75,52.77,52.48,,52.75,,,364235,19174270.69,1912,F1,1,,,,,
2026-08-28,2026-08-28,CM,NSE,STK,764198,INF769K01RC0,MOMMIDCAP,EQ,,,,,MIRAEAMC - MOMMIDCAP,13.30,13.32,13.22,13.27,13.28,13.29,,13.27,,,1723081,22854679.32,699,F1,1,,,,,
2026-08-28,2026-08-28,CM,NSE,STK,25080,INF769K01LX9,MULTICAP,EQ,,,,,MIRAEAMC - MULTICAP,16.89,16.95,16.86,16.89,16.93,16.89,,16.89,,,73472,1242887.22,363,F1,1,,,,,
2026-08-28,2026-08-28,CM,NSE,STK,30109,INF769K01ON4,SELECTIPO,EQ,,,,,MIRAEAMC - SELECTIPO,49.31,49.32,49.01,49.14,49.01,49.31,,49.14,,,58426,2873627.33,103,F1,1,,,,,
2026-08-28,2026-08-28,CM,NSE,STK,19224,INF769K01KT9,SENSEXETF,EQ,,,,,MIRAEAMC - SENSEXETF,79.74,80.00,79.52,79.82,79.84,79.80,,79.82,,,50588,4034850.36,197,F1,1,,,,,
2026-08-28,2026-08-28,CM,NSE,STK,759814,INF769K01PQ4,SMALL250,EQ,,,,,MIRAEAMC - SMALL250,18.84,18.84,18.53,18.56,18.56,18.47,,18.56,,,334042,6200218.72,526,F1,1,,,,,
2026-08-28,2026-08-28,CM,NSE,STK,22832,INF769K01LC3,SMALLCAP,EQ,,,,,MIRAEAMC - SMALLCAP,49.12,49.34,49.09,49.15,49.16,49.11,,49.15,,,1760899,86680162.47,2862,F1,1,,,,,
2026-08-28,2026-08-28,CM,NSE,STK,760415,INF769K01PZ5,TOP20,EQ,,,,,MIRAEAMC - TOP20,8.95,9.01,8.95,8.98,9.00,8.95,,8.98,,,44084,396146.08,115,F1,1,,,,,
2026-08-28,2026-08-28,CM,NSE,STK,761511,INF769K01QV2,VALUE,EQ,,,,,MIRAEAMC - VALUE,16.19,16.19,16.11,16.17,16.17,16.13,,16.15,,,8030,129795.81,52,F1,1,,,,,
2026-08-28,2026-08-28,CM,NSE,STK,4394,INE771A01026,MIRZAINT,EQ,,,,,MIRZA INTERNATIONAL LIMIT,31.71,32.30,31.42,31.83,31.90,31.56,,31.83,,,71922,2279289.87,1265,F1,1,,,,,
2026-08-28,2026-08-28,CM,NSE,STK,2463,INE099Z01011,MIDHANI,EQ,,,,,MISHRA DHATU NIGAM LTD,419.90,420.50,416.00,417.75,418.95,418.30,,417.76,,,231448,96778499.25,7802,F1,1,,,,,
2026-08-28,2026-08-28,CM,NSE,STK,8475,INE828O01033,MITCON,BE,,,,,MITCON CON & ENG SER LTD,79.49,79.49,76.10,76.10,76.10,76.08,,76.10,,,7371,577470.08,49,F1,1,,,,,
2026-08-28,2026-08-28,CM,NSE,STK,18562,INE997Y01027,MITTAL,EQ,,,,,MITTAL LIFE STYLE LIMITED,0.86,0.86,0.75,0.83,0.84,0.85,,0.83,,,1129631,940958.68,424,F1,1,,,,,
2026-08-28,2026-08-28,CM,NSE,STK,13844,INE227C01017,MMFL,EQ,,,,,MM FORGINGS LTD,627.85,654.80,624.10,641.70,642.00,625.80,,641.73,,,173695,111420909.65,8603,F1,1,,,,,
2026-08-28,2026-08-28,CM,NSE,STK,16395,INE511Y01018,MMP,EQ,,,,,MMP INDUSTRIES LIMITED,403.45,419.80,402.75,404.40,407.00,403.45,,404.40,,,60928,24946173.75,2000,F1,1,,,,,
2026-08-28,2026-08-28,CM,NSE,STK,17957,INE123F01029,MMTC,EQ,,,,,MMTC LIMITED,63.55,63.79,63.00,63.07,63.20,63.51,,63.07,,,1025217,64888629.51,6273,F1,1,,,,,
2026-08-28,2026-08-28,CM,NSE,STK,760196,INE1YNB01019,MOBILISE,SM,,,,,MOBILISE APP LAB LIMITED,114.00,115.75,113.95,115.75,115.75,110.25,,115.75,,,20800,2392480.00,13,F1,1600,,,,,
2026-08-28,2026-08-28,CM,NSE,STK,2241,INE794W01014,MODTHREAD,EQ,,,,,MODERN THREADS INDIA LTD,53.05,55.00,51.01,53.51,53.50,55.68,,53.52,,,8784,465294.57,159,F1,1,,,,,
2026-08-28,2026-08-28,CM,NSE,STK,760280,INE537F01012,MODINATUR,BE,,,,,MODI NATURALS LIMITED,344.20,353.95,344.20,347.95,348.05,362.30,,348.11,,,13127,4564063.05,156,F1,1,,,,,
2026-08-28,2026-08-28,CM,NSE,STK,2229,INE832A01018,MODIRUBBER,EQ,,,,,MODI RUBBER LTD,132.47,137.13,132.40,132.63,132.40,132.47,,132.86,,,1637,219222.04,101,F1,1,,,,,
2026-08-28,2026-08-28,CM,NSE,STK,759752,INE0L0L01012,MODIS,EQ,,,,,MODIS NAVNIRMAN LTD,379.80,383.50,375.60,377.45,383.50,379.70,,377.46,,,50349,19037445.80,1493,F1,1,,,,,
2026-08-28,2026-08-28,CM,NSE,STK,3325,INE737D01021,MODISONLTD,BE,,,,,MODISON LIMITED,411.00,415.70,392.90,412.80,414.95,404.95,,412.66,,,73091,29665821.30,1547,F1,1,,,,,
2026-08-28,2026-08-28,CM,NSE,STK,29423,INE954E01012,MOHITIND,EQ,,,,,MOHIT INDUSTRIES LTD,25.05,25.05,24.53,24.69,24.61,25.07,,24.65,,,2376,58827.94,47,F1,1,,,,,
2026-08-28,2026-08-28,CM,NSE,STK,765130,INE154B01023,MOHITE,EQ,,,,,MOHITE INDUSTRIES LTD.,2.64,3.16,2.60,2.95,2.99,2.64,,2.95,,,843639,2555872.73,519,F1,1,,,,,
2026-08-28,2026-08-28,CM,NSE,STK,20830,INE490G01020,MOIL,EQ,,,,,MOIL LIMITED,260.95,262.55,257.10,258.25,258.00,260.95,,258.23,,,617417,160010404.90,15133,F1,1,,,,,
2026-08-28,2026-08-28,CM,NSE,STK,3586,INE514Y01020,MOKSH,EQ,,,,,MOKSH ORNAMENTS LIMITED,10.06,11.50,10.01,10.69,10.66,10.08,,10.69,,,1086495,11629792.71,1589,F1,1,,,,,
2026-08-28,2026-08-28,CM,NSE,STK,764548,INE869T01028,MOLBIO,EQ,,,,,MOLBIO DIAGNOSTICS LTD,1153.95,1156.10,1077.50,1094.75,1117.00,1144.15,,1094.89,,,980898,1094544462.55,35736,F1,1,,,,,
2026-08-28,2026-08-28,CM,NSE,STK,6713,INE893J01029,MOLDTKPAC,EQ,,,,,MOLD-TEK PACKAGING LTD,700.00,703.60,688.00,691.20,692.00,702.20,,691.22,,,75305,52285251.95,3414,F1,1,,,,,
2026-08-28,2026-08-28,CM,NSE,STK,17629,INE835B01035,MOLDTECH,BE,,,,,MOLD-TEK TECHNOLOGIES LTD,196.87,198.20,191.00,194.07,194.99,193.01,,193.97,,,47964,9392993.91,369,F1,1,,,,,
2026-08-28,2026-08-28,CM,NSE,STK,7679,INE903D01011,MONARCH,EQ,,,,,MONARCH NETWORTH CAP LTD,375.00,380.00,373.50,376.60,376.00,374.70,,376.59,,,62695,23618250.65,1583,F1,1,,,,,
2026-08-28,2026-08-28,CM,NSE,STK,759381,INE296Q01012,MONEYBOXX,EQ,,,,,MONEYBOXX FINANCE LIMITED,56.98,57.50,56.00,56.97,56.99,56.00,,56.84,,,5774,325284.69,63,F1,1,,,,,
2026-08-28,2026-08-28,CM,NSE,STK,18392,INE0OIP01012,MONOPHARMA,SM,,,,,MONO PHARMACARE LIMITED,9.00,9.00,9.00,9.00,9.00,8.95,,9.00,,,2000,18000.00,1,F1,2000,,,,,
2026-08-28,2026-08-28,CM,NSE,STK,756958,INE1DV401010,MONOLITH,SM,,,,,MONOLITHISCH INDIA LTD,1169.90,1238.50,1169.90,1226.00,1229.00,1157.00,,1226.00,,,75750,91219512.50,221,F1,250,,,,,
2026-08-28,2026-08-28,CM,NSE,STK,5938,INE950M01013,MONTECARLO,EQ,,,,,MONTE CARLO FASHIONS LTD.,532.05,543.80,528.95,539.55,543.80,528.40,,539.54,,,43022,23071207.20,1637,F1,1,,,,,
2026-08-28,2026-08-28,CM,NSE,STK,2259,INE083A01026,MOREPENLAB,EQ,,,,,MOREPEN LAB. LTD,96.74,106.37,96.06,106.19,106.37,96.70,,106.19,,,39001643,4003933223.55,107502,F1,1,,,,,
2026-08-28,2026-08-28,CM,NSE,STK,15057,INE0N7S01028,MOS,ST,,,,,MOS UTILITY LIMITED,9.90,10.20,9.45,9.60,9.65,9.90,,9.60,,,336000,3204600.00,78,F1,4000,,,,,
2026-08-28,2026-08-28,CM,NSE,STK,29459,INE935B01025,MOSCHIP,EQ,,,,,MOSCHIP TECHNOLOGIES LTD,220.00,223.54,218.50,219.77,218.55,219.36,,219.78,,,2669474,588884381.80,24867,F1,1,,,,,
2026-08-28,2026-08-28,CM,NSE,STK,8596,INE0FS801015,MSUMI,EQ,,,,,MOTHERSON SUMI WRNG IND L,37.92,37.98,37.53,37.74,37.68,37.92,,37.74,,,6037911,227995728.28,36140,F1,1,,,,,
2026-08-28,2026-08-28,CM,NSE,STK,21423,INF247L01023,MOM100,EQ,,,,,MOTILAL OS MIDCAP100 ETF,69.26,69.78,68.40,69.12,69.00,69.22,,69.12,,,270059,18694876.76,2202,F1,1,,,,,
2026-08-28,2026-08-28,CM,NSE,STK,22739,INF247L01AP3,MON100,EQ,,,,,MOTILAL OS NASDAQ100 ETF,327.10,327.10,327.10,327.10,327.10,326.94,,327.10,,,337871,110517604.10,679,F1,1,,,,,
2026-08-28,2026-08-28,CM,NSE,STK,14947,INE338I01027,MOTILALOFS,EQ,,,,,MOTILAL OSWAL FIN LTD,1034.00,1053.00,1027.15,1038.30,1038.30,1038.10,,1038.34,,,554756,578013858.40,25070,F1,1,,,,,
2026-08-28,2026-08-28,CM,NSE,STK,19289,INF247L01536,MOM50,EQ,,,,,MOTILAL OSWAL M50 ETF,256.07,256.07,252.49,253.60,252.50,256.07,,253.50,,,10009,2534170.43,187,F1,1,,,,,
2026-08-28,2026-08-28,CM,NSE,STK,1507,INF247L01AK4,MOGSEC,EQ,,,,,MOTILALAMC - G5,65.40,65.40,65.07,65.11,65.09,65.39,,65.11,,,1587,103502.18,35,F1,1,,,,,
2026-08-28,2026-08-28,CM,NSE,STK,757669,INF247L01FR8,MOALPHA50,EQ,,,,,MOTILALAMC - MOALPHA50,57.35,57.89,56.97,57.48,57.05,57.10,,57.48,,,20603,1180851.57,71,F1,1,,,,,
2026-08-28,2026-08-28,CM,NSE,STK,761693,INF247L01GV8,MOBANK10,EQ,,,,,MOTILALAMC - MOBANK10,16.95,16.99,16.83,16.85,16.93,16.95,,16.85,,,4668,79124.42,58,F1,1,,,,,
2026-08-28,2026-08-28,CM,NSE,STK,30065,INF247L01EV3,MOCAPITAL,EQ,,,,,MOTILALAMC - MOCAPITAL,56.40,56.40,54.67,55.39,55.57,55.03,,55.39,,,1768640,97754342.18,2355,F1,1,,,,,
2026-08-28,2026-08-28,CM,NSE,STK,24944,INF247L01DJ0,MODEFENCE,EQ,,,,,MOTILALAMC - MODEFENCE,108.36,108.38,106.52,106.85,106.90,107.31,,106.85,,,731681,78248153.37,6476,F1,1,,,,,
2026-08-28,2026-08-28,CM,NSE,STK,759374,INF247L01GH7,MOENERGY,EQ,,,,,MOTILALAMC - MOENERGY,38.67,38.67,38.15,38.16,38.19,38.30,,38.16,,,143411,5485919.54,679,F1,1,,,,,
2026-08-28,2026-08-28,CM,NSE,STK,757791,INF247L01FY4,MOGOLD,EQ,,,,,MOTILALAMC - MOGOLD,155.95,157.05,154.50,156.85,157.00,155.35,,157.00,,,13846,2158574.40,339,F1,1,,,,,
2026-08-28,2026-08-28,CM,NSE,STK,10508,INF247L01BB1,MOHEALTH,EQ,,,,,MOTILALAMC - MOHEALTH,51.99,52.51,51.34,52.45,52.50,51.83,,52.45,,,47802,2495157.26,488,F1,1,,,,,
2026-08-28,2026-08-28,CM,NSE,STK,757031,INF247L01FL1,MOINFRA,EQ,,,,,MOTILALAMC - MOINFRA,58.80,60.50,58.55,59.36,58.99,58.99,,59.36,,,6358,374132.31,92,F1,1,,,,,
2026-08-28,2026-08-28,CM,NSE,STK,759891,INF247L01GI5,MOIPO,EQ,,,,,MOTILALAMC - MOIPO,49.20,49.40,49.02,49.26,49.37,49.20,,49.26,,,2973,146273.14,35,F1,1,,,,,
2026-08-28,2026-08-28,CM,NSE,STK,8654,INF247L01BL0,MOLOWVOL,EQ,,,,,MOTILALAMC - MOLOWVOL,36.58,37.50,36.30,36.61,36.63,36.62,,36.68,,,51935,1889791.66,75,F1,1,,,,,
2026-08-28,2026-08-28,CM,NSE,STK,25606,INF247L01DK8,MOMENTUM50,EQ,,,,,MOTILALAMC - MOMENTUM50,55.19,55.64,55.12,55.46,55.50,55.20,,55.46,,,384299,21259197.02,1468,F1,1,,,,,
2026-08-28,2026-08-28,CM,NSE,STK,764402,INF247L01HG7,MOMETAL,EQ,,,,,MOTILALAMC - MOMETAL,13.50,13.68,13.44,13.62,13.57,13.48,,13.62,,,12835,173075.68,24,F1,1,,,,,
2026-08-28,2026-08-28,CM,NSE,STK,757099,INF247L01FK3,MOMGF,EQ,,,,,MOTILALAMC - MOMGF,165.65,166.00,165.12,165.12,165.12,165.65,,165.12,,,84,13911.55,13,F1,1,,,,,
2026-08-28,2026-08-28,CM,NSE,STK,757817,INF247L01FQ0,MOMIDMTM,EQ,,,,,MOTILALAMC - MOMIDMTM,66.97,66.97,65.41,65.49,65.70,65.68,,65.49,,,33165,2176292.03,245,F1,1,,,,,
2026-08-28,2026-08-28,CM,NSE,STK,760054,INF247L01GK1,MOMNC,EQ,,,,,MOTILALAMC - MOMNC,33.15,33.15,33.03,33.05,33.05,33.15,,33.05,,,517,17101.10,9,F1,1,,,,,
2026-08-28,2026-08-28,CM,NSE,STK,8182,INF247L01BK2,MOMOMENTUM,EQ,,,,,MOTILALAMC - MOMOMENTUM,63.78,63.80,63.32,63.50,63.42,63.58,,63.50,,,56728,3604935.37,400,F1,1,,,,,
2026-08-28,2026-08-28,CM,NSE,STK,756900,INF247L01FC0,MON50EQUAL,EQ,,,,,MOTILALAMC - MON50EQUAL,33.56,33.75,33.45,33.71,33.70,33.52,,33.71,,,2128,71445.07,45,F1,1,,,,,
2026-08-28,2026-08-28,CM,NSE,STK,757167,INF247L01FD8,MONEXT50,EQ,,,,,MOTILALAMC - MONEXT50,74.59,74.94,73.77,74.02,74.30,74.59,,74.02,,,6962,515614.65,86,F1,1,,,,,
2026-08-28,2026-08-28,CM,NSE,STK,759371,INF247L01GG9,MONIFTY100,EQ,,,,,MOTILALAMC - MONIFTY100,25.57,25.58,25.49,25.50,25.50,25.62,,25.50,,,5216,133033.19,38,F1,1,,,,,
2026-08-28,2026-08-28,CM,NSE,STK,19237,INF247L01BU1,MONIFTY500,EQ,,,,,MOTILALAMC - MONIFTY500,24.69,24.69,23.48,24.11,24.10,24.09,,24.13,,,293035,7055414.05,1163,F1,1,,,,,
2026-08-28,2026-08-28,CM,NSE,STK,7422,INF247L01AU3,MONQ50,EQ,,,,,MOTILALAMC - MONQ50,146.37,146.37,146.37,146.37,146.37,146.52,,146.37,,,21810,3192329.70,80,F1,1,,,,,
2026-08-28,2026-08-28,CM,NSE,STK,764405,INF247L01HH5,MOOILGAS,EQ,,,,,MOTILALAMC - MOOILGAS,11.32,11.32,11.05,11.11,11.12,11.10,,11.11,,,3738,41450.37,34,F1,1,,,,,
2026-08-28,2026-08-28,CM,NSE,STK,757431,INF247L01FO5,MOPSE,EQ,,,,,MOTILALAMC - MOPSE,98.50,98.88,98.50,98.57,98.50,99.02,,98.57,,,1057,104258.04,32,F1,1,,,,,
2026-08-28,2026-08-28,CM,NSE,STK,10822,INF247L01BH8,MOQUALITY,EQ,,,,,MOTILALAMC - MOQUALITY,203.36,203.60,201.56,201.57,201.56,202.40,,201.57,,,7347,1485666.38,35,F1,1,,,,,
2026-08-28,2026-08-28,CM,NSE,STK,23184,INF247L01CI4,MOREALTY,EQ,,,,,MOTILALAMC - MOREALTY,92.18,92.18,90.69,90.82,90.86,91.27,,90.82,,,332230,30256230.33,1476,F1,1,,,,,
2026-08-28,2026-08-28,CM,NSE,STK,760001,INF247L01GJ3,MOSERVICE,EQ,,,,,MOTILALAMC - MOSERVICE,31.10,31.23,30.95,31.22,31.23,31.01,,31.22,,,926,28773.38,100,F1,1,,,,,
2026-08-28,2026-08-28,CM,NSE,STK,758457,INF247L01FZ1,MOSILVER,EQ,,,,,MOTILALAMC - MOSILVER,234.19,238.95,233.67,237.69,237.65,234.19,,237.70,,,29997,7079978.56,1402,F1,1,,,,,
2026-08-28,2026-08-28,CM,NSE,STK,23181,INF247L01CH6,MOSMALL250,EQ,,,,,MOTILALAMC - MOSMALL250,18.07,18.64,18.07,18.55,18.57,18.54,,18.55,,,777493,14435309.12,1678,F1,1,,,,,
2026-08-28,2026-08-28,CM,NSE,STK,757443,INF247L01FP2,MOTOUR,EQ,,,,,MOTILALAMC - MOTOUR,79.39,79.39,78.60,78.70,78.85,79.39,,78.70,,,23997,1892330.20,258,F1,1,,,,,
2026-08-28,2026-08-28,CM,NSE,STK,10825,INF247L01BE5,MOVALUE,EQ,,,,,MOTILALAMC - MOVALUE,113.47,113.56,112.92,113.08,112.98,113.47,,113.08,,,108609,12276211.24,686,F1,1,,,,,
2026-08-28,2026-08-28,CM,NSE,STK,20788,INE0FRK01020,MOTISONS,EQ,,,,,MOTISONS JEWELLERS LTD,16.44,16.73,16.11,16.64,16.66,16.27,,16.64,,,23963671,395888290.03,29153,F1,1,,,,,
2026-08-28,2026-08-28,CM,NSE,STK,8793,INE861B01023,MOTOGENFIN,BE,,,,,MOTOR & GENERAL FINANCE L,27.25,27.84,26.96,27.00,26.96,26.81,,27.00,,,5280,144980.82,51,F1,1,,,,,
2026-08-28,2026-08-28,CM,NSE,STK,757810,INE0XM301010,MMEL,SM,,,,,MOVING MEDIA ENTER LTD,25.00,25.00,25.00,25.00,25.00,25.00,,25.00,,,2000,50000.00,1,F1,2000,,,,,
2026-08-28,2026-08-28,CM,NSE,STK,765138,INE493H01014,MPDL,BE,,,,,MPDL LTD.,34.98,34.99,32.45,32.45,32.45,34.15,,32.45,,,2655,86709.84,23,F1,1,,,,,
2026-08-28,2026-08-28,CM,NSE,STK,4503,INE356A01018,MPHASIS,EQ,,,,,MPHASIS LIMITED,2426.30,2482.00,2425.10,2455.00,2455.00,2413.60,,2455.00,,,956656,2349649771.00,25858,F1,1,,,,,
2026-08-28,2026-08-28,CM,NSE,STK,10578,INE943D01017,MPSLTD,EQ,,,,,MPS LIMITED,2660.20,2699.00,2647.00,2677.90,2676.90,2660.20,,2677.85,,,13645,36530667.70,2239,F1,1,,,,,
2026-08-28,2026-08-28,CM,NSE,STK,2277,INE883A01011,MRF,EQ,,,,,MRF LTD,133600.00,134000.00,131910.00,132080.00,132010.00,133600.00,,132083.36,,,2262,299934400.00,1814,F1,1,,,,,
2026-08-28,2026-08-28,CM,NSE,STK,2283,INE103A01014,MRPL,EQ,,,,,MRPL,171.00,172.40,168.00,168.53,168.50,170.80,,168.53,,,2978571,505064095.70,21213,F1,1,,,,,
2026-08-28,2026-08-28,CM,NSE,STK,1628,INE495P01020,BECTORFOOD,EQ,,,,,MRS BECTORS FOOD SPE LTD,240.00,241.28,230.29,232.87,233.38,238.12,,232.61,,,1011561,238375771.46,17253,F1,1,,,,,
2026-08-28,2026-08-28,CM,NSE,STK,11919,INE752G01015,MSPL,EQ,,,,,MSP STEEL & POWER LTD.,34.99,36.70,34.63,36.39,36.49,34.59,,36.39,,,1767980,63500397.46,5368,F1,1,,,,,
2026-08-28,2026-08-28,CM,NSE,STK,9356,INE255X01014,MSTCLTD,EQ,,,,,MSTC LIMITED,718.60,734.40,705.10,729.65,726.20,722.25,,729.38,,,337402,242884207.70,18205,F1,1,,,,,
2026-08-28,2026-08-28,CM,NSE,STK,31413,INE472M01018,MTEDUCARE,BE,,,,,MT EDUCARE LTD,1.67,1.74,1.61,1.72,1.72,1.67,,1.72,,,13642,22780.59,55,F1,1,,,,,
2026-08-28,2026-08-28,CM,NSE,STK,2715,INE864I01014,MTARTECH,BE,,,,,MTAR TECHNOLOGIES LIMITED,7081.00,7100.00,6950.00,6997.00,7000.00,7081.50,,6996.99,,,69305,486981651.00,12988,F1,1,,,,,
2026-08-28,2026-08-28,CM,NSE,STK,19783,INE08KJ01020,MUFIN,EQ,,,,,MUFIN GREEN FINANCE LTD,136.50,140.90,135.40,138.27,137.96,135.95,,138.26,,,1428754,198255771.42,5959,F1,1,,,,,
2026-08-28,2026-08-28,CM,NSE,STK,11325,INE304A01026,MUKANDLTD,EQ,,,,,MUKAND LTD.,136.01,138.00,135.50,137.27,137.64,136.26,,137.27,,,41044,5613791.09,706,F1,1,,,,,
2026-08-28,2026-08-28,CM,NSE,STK,764788,INE596B01017,MUKESHB,EQ,,,,,MUKESH BABU FINANC SER L,145.00,145.95,145.00,145.83,145.95,145.95,,145.62,,,828,120750.50,13,F1,1,,,,,
2026-08-28,2026-08-28,CM,NSE,STK,22980,INE0CG401037,MUKKA,EQ,,,,,MUKKA PROTEINS LIMITED,25.25,25.70,24.95,25.06,25.06,25.29,,25.06,,,268612,6765300.87,1176,F1,1,,,,,
2026-08-28,2026-08-28,CM,NSE,STK,8691,INE374B01019,MUKTAARTS,BE,,,,,MUKTA ARTS LIMITED,57.31,59.57,56.00,56.25,56.25,58.48,,56.27,,,755,43122.23,10,F1,1,,,,,
2026-08-28,2026-08-28,CM,NSE,STK,31181,INE745G01043,MCX,EQ,,,,,MULTI COMMODITY EXCHANGE,3273.10,3339.00,3245.00,3332.00,3332.00,3273.00,,3331.97,,,1360874,4495686806.90,71961,F1,1,,,,,
2026-08-28,2026-08-28,CM,NSE,STK,759416,INE1K8Y01018,MUNISH,SM,,,,,MUNISH FORGE LIMITED,78.55,88.00,78.50,87.45,88.00,81.50,,87.45,,,66000,5642280.00,39,F1,1200,,,,,
2026-08-28,2026-08-28,CM,NSE,STK,13511,INE672B01032,MUNJALAU,EQ,,,,,MUNJAL AUTO IND. LTD.,112.31,113.50,111.16,112.40,112.70,111.42,,112.40,,,480682,53912889.54,4326,F1,1,,,,,
2026-08-28,2026-08-28,CM,NSE,STK,2307,INE577A01027,MUNJALSHOW,EQ,,,,,MUNJAL SHOWA LTD,132.52,132.80,130.50,130.97,131.00,131.27,,130.97,,,21024,2762826.80,421,F1,1,,,,,
2026-08-28,2026-08-28,CM,NSE,STK,2313,INE692B01014,MURUDCERA,EQ,,,,,MURUDESHWAR CERAMICS LTD,30.60,30.90,30.15,30.69,30.80,30.65,,30.69,,,20408,623034.11,96,F1,1,,,,,
2026-08-28,2026-08-28,CM,NSE,STK,19877,INE919I01024,RADIOCITY,EQ,,,,,MUSIC BROADCAST LIMITED,6.60,6.87,6.45,6.56,6.60,6.57,,6.56,,,40611,266765.69,128,F1,1,,,,,
2026-08-28,2026-08-28,CM,NSE,STK,10415,INE296G01013,MUTHOOTCAP,EQ,,,,,MUTHOOT CAP SERV LTD,244.70,245.68,236.90,240.43,244.49,241.13,,240.38,,,12868,3115377.17,329,F1,1,,,,,
2026-08-28,2026-08-28,CM,NSE,STK,23650,INE414G01012,MUTHOOTFIN,EQ,,,,,MUTHOOT FINANCE LIMITED,3090.70,3107.00,3062.20,3091.00,3091.00,3085.00,,3092.84,,,403576,1248253783.40,33064,F1,1,,,,,
2026-08-28,2026-08-28,CM,NSE,STK,20831,INE046W01019,MUTHOOTMF,EQ,,,,,MUTHOOT MICROFIN LIMITED,206.00,210.40,204.10,208.46,210.00,204.94,,208.43,,,248099,51451405.38,5913,F1,1,,,,,
2026-08-28,2026-08-28,CM,NSE,STK,764397,INE0OWZ01020,MVELECTRO,EQ,,,,,MV ELECTROSYSTEMS LIMITED,649.90,768.00,638.50,719.55,728.00,646.80,,719.64,,,28262303,20373038929.55,493343,F1,1,,,,,
2026-08-28,2026-08-28,CM,NSE,STK,763206,INE0JYY07026,10MWL29,N0,,,,,MWL 10% 2029,99995.85,99995.85,99995.85,99995.85,99995.85,97122.50,,99995.85,,,1,99995.85,1,F1,1,,,,,
2026-08-28,2026-08-28,CM,NSE,STK,25208,INE0RVQ01016,MYMUDRA,SM,,,,,MY MUDRA FINCORP LIMITED,72.00,72.85,71.50,71.55,71.55,72.25,,71.55,,,6000,431880.00,5,F1,1200,,,,,
2026-08-28,2026-08-28,CM,NSE,STK,8220,INE741A01011,MYSORPETRO,BE,,,,,MYSORE PETRO CHEMICALS L,125.07,125.07,125.07,125.07,125.07,131.65,,125.07,,,4981,622973.67,72,F1,1,,,,,
2026-08-28,2026-08-28,CM,NSE,STK,20314,INE740D01017,NRAIL,EQ,,,,,N R AGARWAL INDS LTD,510.00,510.00,492.35,497.50,498.95,511.30,,497.52,,,4957,2484299.10,312,F1,1,,,,,
2026-08-28,2026-08-28,CM,NSE,STK,757492,INE104101014,NRVANDANA,ST,,,,,N R VANDANA TEX IND LTD,61.30,63.50,61.30,63.45,63.50,60.95,,63.45,,,9000,564750.00,3,F1,3000,,,,,
2026-08-28,2026-08-28,CM,NSE,STK,764798,INE920C01017,NTCIND,EQ,,,,,N T C INDUSTRIES LTD.,136.42,138.90,132.50,133.47,134.90,136.42,,133.48,,,1527,204890.85,73,F1,1,,,,,
2026-08-28,2026-08-28,CM,NSE,STK,19111,INE365I01020,NBIFIN,EQ,,,,,N.B.I. IND. FIN. CO. LTD,2024.00,2024.00,1945.00,1988.70,1990.00,1980.10,,1988.70,,,242,479763.70,29,F1,1,,,,,
2026-08-28,2026-08-28,CM,NSE,STK,20425,INE295D01020,NACLIND,EQ,,,,,NACL INDUSTRIES LIMITED,174.80,175.29,170.12,171.63,172.20,174.80,,171.63,,,241630,41676471.53,4343,F1,1,,,,,
2026-08-28,2026-08-28,CM,NSE,STK,18371,INE756C01015,NDGL,EQ,,,,,NAGA DHUNSERI GROUP LTD,2995.00,2995.00,2700.00,2783.00,2790.00,2826.50,,2783.00,,,322,906503.70,87,F1,1,,,,,
2026-08-28,2026-08-28,CM,NSE,STK,14942,INE245I01016,NAGREEKCAP,EQ,,,,,NAGREEKA CAP & INFR.LTD,23.25,23.49,22.00,22.77,22.72,22.50,,22.77,,,3419,76942.82,117,F1,1,,,,,
2026-08-28,2026-08-28,CM,NSE,STK,14702,INE123B01028,NAGREEKEXP,EQ,,,,,NAGREEKA EXPORTS LTD.,22.97,22.97,22.00,22.24,22.50,22.52,,22.20,,,10306,229893.74,74,F1,1,,,,,
2026-08-28,2026-08-28,CM,NSE,STK,15360,INE049I01012,NAHARCAP,EQ,,,,,NAHAR CAP & FIN.,258.80,259.20,255.00,258.44,257.50,255.75,,258.44,,,3453,893279.69,38,F1,1,,,,,
2026-08-28,2026-08-28,CM,NSE,STK,13106,INE289A01011,NAHARINDUS,EQ,,,,,NAHAR INDS ENT LTD,139.56,139.56,135.25,135.99,135.25,138.10,,136.00,,,30643,4201134.82,556,F1,1,,,,,
2026-08-28,2026-08-28,CM,NSE,STK,14445,INE308A01027,NAHARPOLY,EQ,,,,,NAHAR POLY FILMS LIMITED,246.05,248.90,245.80,247.35,246.05,246.55,,247.36,,,5711,1410682.80,122,F1,1,,,,,
2026-08-28,2026-08-28,CM,NSE,STK,14440,INE290A01027,NAHARSPING,EQ,,,,,NAHAR SPINNING MILLS LTD.,291.25,294.55,287.70,288.40,290.10,291.25,,288.40,,,13709,3956825.30,386,F1,1,,,,,
2026-08-28,2026-08-28,CM,NSE,STK,5401,INE236Y01012,NGIL,EQ,,,,,NAKODA GROUP OF IND. LTD,41.95,41.95,40.05,41.53,41.00,41.96,,41.53,,,31122,1280428.91,310,F1,1,,,,,
2026-08-28,2026-08-28,CM,NSE,STK,11239,INE023A01030,NSIL,EQ,,,,,NALWA SONS INVESTMENT LTD,5725.00,5799.50,5700.50,5715.50,5702.00,5741.00,,5715.50,,,1078,6176247.00,317,F1,1,,,,,
2026-08-28,2026-08-28,CM,NSE,STK,23379,INE0RJM01010,NAMAN,SM,,,,,NAMAN INDUSTRE PRXIMA LTD,40.00,40.00,38.00,38.00,38.00,40.00,,38.00,,,7200,275520.00,9,F1,800,,,,,
2026-08-28,2026-08-28,CM,NSE,STK,25170,INE08NZ01012,NAMOEWASTE,ST,,,,,NAMO EWASTE MANAGEMENT L,280.50,280.50,275.00,275.50,275.00,279.75,,275.50,,,12800,3547040.00,15,F1,800,,,,,
2026-08-28,2026-08-28,CM,NSE,STK,31258,INE875G01048,NDL,EQ,,,,,NANDAN DENIM LIMITED,2.97,3.06,2.97,3.02,3.02,2.96,,3.02,,,1373143,4166169.48,1357,F1,1,,,,,
2026-08-28,2026-08-28,CM,NSE,STK,5516,INE696V01013,JAIPURKURT,EQ,,,,,NANDANI CREATION LIMITED,26.34,26.88,26.33,26.78,26.43,26.33,,26.78,,,4902,131520.91,26,F1,1,,,,,
2026-08-28,2026-08-28,CM,NSE,STK,11840,INE410P01011,NH,EQ,,,,,NARAYANA HRUDAYALAYA LTD.,1908.00,1940.00,1905.90,1932.10,1934.50,1903.80,,1932.05,,,209531,404193052.60,19028,F1,1,,,,,
2026-08-28,2026-08-28,CM,NSE,STK,11627,INE117Z01029,NARMADA,EQ,,,,,NARMADA AGROBASE LIMITED,13.98,14.10,13.78,13.96,13.95,13.87,,13.96,,,400153,5576125.45,1102,F1,1,,,,,
2026-08-28,2026-08-28,CM,NSE,STK,3918,INE987B01026,NATCOPHARM,EQ,,,,,NATCO PHARMA LTD.,857.80,861.00,844.85,853.80,856.50,857.60,,853.76,,,402204,342432315.10,31653,F1,1,,,,,
2026-08-28,2026-08-28,CM,NSE,STK,11065,INE448G01010,NATHBIOGEN,EQ,,,,,NATH BIO-GENES (I) LTD,153.97,157.90,151.80,157.30,157.40,153.86,,157.30,,,26350,4098477.32,547,F1,1,,,,,
2026-08-28,2026-08-28,CM,NSE,STK,6364,INE139A01034,NATIONALUM,EQ,,,,,NATIONAL ALUMINIUM CO LTD,392.65,394.95,389.30,394.95,394.95,389.30,,394.93,,,1868958,733389367.55,26440,F1,1,,,,,
2026-08-28,2026-08-28,CM,NSE,STK,13925,INE870D01012,NFL,EQ,,,,,NATIONAL FERT. LTD,71.49,71.80,71.00,71.09,71.06,71.36,,71.08,,,337128,23995442.26,2107,F1,1,,,,,
2026-08-28,2026-08-28,CM,NSE,STK,6531,INE0H7R23014,NHIT,IV,,,,,NATIONAL HIGHW INFRA TRUS,171.00,171.00,171.00,171.00,171.00,171.00,,171.00,,,200000,34200000.00,2,F1,25000,,,,,
2026-08-28,2026-08-28,CM,NSE,STK,762807,INE166R01015,NATIONSTD,EQ,,,,,NATIONAL STAND (INDIA) L,98.27,105.00,98.27,103.07,104.00,103.44,,103.14,,,88867,8829157.87,1059,F1,1,,,,,
2026-08-28,2026-08-28,CM,NSE,STK,29583,INE936B01015,NATCAPSUQ,EQ,,,,,NATURAL CAPSULES LIMITED,215.24,219.70,203.50,204.96,209.30,214.16,,205.01,,,63397,13275106.73,2131,F1,1,,,,,
2026-08-28,2026-08-28,CM,NSE,STK,4014,INE725A01030,NAVA,EQ,,,,,NAVA LIMITED,559.00,586.40,559.00,564.85,566.50,556.50,,564.87,,,556705,317319602.20,20177,F1,1,,,,,
2026-08-28,2026-08-28,CM,NSE,STK,14672,INE048G01026,NAVINFLUOR,EQ,,,,,NAVIN FLUORINE INT. LTD,8589.00,8591.00,8470.50,8517.50,8539.00,8567.50,,8517.23,,,77045,656392767.00,15811,F1,1,,,,,
2026-08-28,2026-08-28,CM,NSE,STK,10557,INE278M01019,NAVKARCORP,EQ,,,,,NAVKAR CORPORATION LTD.,97.50,97.80,96.50,96.88,97.35,97.37,,96.88,,,140276,13615940.98,1643,F1,1,,,,,
2026-08-28,2026-08-28,CM,NSE,STK,29149,INE268H01044,NAVKARURB,BE,,,,,NAVKAR URBANSTRUCTURE LTD,0.94,0.96,0.92,0.94,0.95,0.95,,0.95,,,223714,209786.19,235,F1,1,,,,,
2026-08-28,2026-08-28,CM,NSE,STK,2385,INE060A01024,NAVNETEDUL,EQ,,,,,NAVNEET EDUCATION LTD,133.84,135.52,133.20,134.51,135.50,133.59,,134.51,,,69249,9326441.31,1312,F1,1,,,,,
2026-08-28,2026-08-28,CM,NSE,STK,2987,INE418L01047,NAZARA,EQ,,,,,NAZARA TECHNOLOGIES LTD,354.00,379.40,354.00,374.60,373.90,354.50,,374.59,,,8037749,2983049517.45,76176,F1,1,,,,,
2026-08-28,2026-08-28,CM,NSE,STK,31415,INE095N01031,NBCC,EQ,,,,,NBCC (INDIA) LIMITED,89.10,89.28,87.15,87.50,87.50,88.60,,87.50,,,6704520,590293663.86,26336,F1,1,,,,,
2026-08-28,2026-08-28,CM,NSE,STK,2319,INE868B01028,NCC,EQ,,,,,NCC LIMITED,150.79,150.79,146.53,148.40,148.60,150.29,,148.40,,,1458322,216203998.21,19010,F1,1,,,,,
2026-08-28,2026-08-28,CM,NSE,STK,14490,INE732C01016,NCLIND,EQ,,,,,NCL INDUSTRIES LIMITED,180.00,180.00,174.00,176.26,176.99,178.61,,176.26,,,28059,4940038.33,2982,F1,1,,,,,
2026-08-28,2026-08-28,CM,NSE,STK,14547,INE353A01023,NDLVENTURE,EQ,,,,,NDL VENTURES LIMITED,124.82,124.82,117.16,119.70,122.79,122.62,,119.46,,,12469,1499408.58,212,F1,1,,,,,
2026-08-28,2026-08-28,CM,NSE,STK,22255,INE07OG01012,NDRAUTO,EQ,,,,,NDR AUTO COMPONENTS LTD,736.60,738.45,704.00,714.85,718.00,733.30,,715.01,,,35308,25310091.65,3244,F1,1,,,,,
2026-08-28,2026-08-28,CM,NSE,STK,11427,INE155G01029,NDTV,EQ,,,,,NDTV LTD,74.33,74.76,73.06,73.77,73.07,74.20,,73.77,,,53358,3947860.61,879,F1,1,,,,,
2026-08-28,2026-08-28,CM,NSE,STK,11927,INE023H01027,NECLIFE,EQ,,,,,NECTAR LIFESCIENCES LTD.,13.08,13.08,12.43,12.47,12.49,13.08,,12.47,,,468735,5891475.42,1091,F1,1,,,,,
2026-08-28,2026-08-28,CM,NSE,STK,762812,INE605D01012,NEAGI,EQ,,,,,NEELAMALAI AGRO INDS. L,3471.30,3471.30,3328.20,3450.00,3450.00,3306.00,,3400.03,,,127,439296.20,37,F1,1,,,,,
2026-08-28,2026-08-28,CM,NSE,STK,14761,INE189I01024,NELCAST,EQ,,,,,NELCAST LIMITED,117.31,121.01,117.31,119.85,119.52,117.08,,119.86,,,204137,24288364.75,2560,F1,1,,,,,
2026-08-28,2026-08-28,CM,NSE,STK,2388,INE045B01015,NELCO,EQ,,,,,NELCO LTD,969.90,974.80,948.60,961.20,970.00,960.40,,960.90,,,156043,150122211.10,6876,F1,1,,,,,
2026-08-28,2026-08-28,CM,NSE,STK,760931,INE21UM01018,NEOCHEM,ST,,,,,NEOCHEM BIO SOLUTIONS LTD,98.50,98.50,96.15,98.00,98.00,98.65,,98.00,,,13200,1289820.00,8,F1,1200,,,,,
2026-08-28,2026-08-28,CM,NSE,STK,9917,INE136S01016,NEOGEN,EQ,,,,,NEOGEN CHEMICALS LIMITED,2226.90,2259.00,2173.00,2209.80,2192.50,2230.20,,2209.80,,,89932,198254356.50,18148,F1,1,,,,,
2026-08-28,2026-08-28,CM,NSE,STK,24350,INE0SUN01013,NEPHROCARE,SM,,,,,NEPHRO CARE INDIA LIMITED,101.85,103.00,98.50,102.25,102.00,101.85,,102.25,,,26400,2659020.00,54,F1,400,,,,,
2026-08-28,2026-08-28,CM,NSE,STK,760346,INE428V01029,NEPHROPLUS,EQ,,,,,NEPHROCARE HEALTH SERV L,692.75,703.00,690.00,692.35,691.00,685.45,,692.32,,,81324,56698166.10,6323,F1,1,,,,,
2026-08-28,2026-08-28,CM,NSE,STK,757493,INE156901014,NEPTUNE,SM,,,,,NEPTUNE PETROCHEMICALS L,180.00,182.00,180.00,182.00,182.00,175.20,,182.00,,,1000,181000.00,2,F1,500,,,,,
2026-08-28,2026-08-28,CM,NSE,STK,15409,INE317F01035,NESCO,EQ,,,,,NESCO LTD.,1031.00,1075.30,1025.00,1048.40,1050.00,1017.10,,1048.40,,,219548,230078643.90,15775,F1,1,,,,,
2026-08-28,2026-08-28,CM,NSE,STK,17963,INE239A01024,NESTLEIND,EQ,,,,,NESTLE INDIA LIMITED,1454.40,1456.50,1438.00,1454.60,1454.60,1450.00,,1454.60,,,445734,644533923.60,22812,F1,1,,,,,
2026-08-28,2026-08-28,CM,NSE,STK,17433,INE0NT901020,NETWEB,EQ,,,,,NETWEB TECH INDIA LTD,5344.90,5450.00,5290.00,5322.90,5327.00,5272.20,,5323.00,,,1962173,10508609797.30,159124,F1,1,,,,,
2026-08-28,2026-08-28,CM,NSE,STK,756324,INE0FFK01017,NPST,EQ,,,,,NETWORK PEOPLE SRV TECH L,1645.00,1746.90,1629.20,1701.10,1708.00,1638.80,,1701.07,,,61681,105149207.50,8206,F1,1,,,,,
2026-08-28,2026-08-28,CM,NSE,STK,14111,INE870H01013,NETWORK18,EQ,,,,,NETWORK18 MEDIA & INV LTD,29.35,29.42,28.46,28.80,28.70,29.14,,28.79,,,4626567,133835448.10,12125,F1,1,,,,,
2026-08-28,2026-08-28,CM,NSE,STK,30554,INE333I01044,NEUEON,BE,,,,,NEUEON CORPORATION LTD,12.85,13.36,12.10,13.34,13.36,12.73,,13.34,,,95216,1227030.85,183,F1,1,,,,,
2026-08-28,2026-08-28,CM,NSE,STK,2406,INE794A01010,NEULANDLAB,EQ,,,,,NEULAND LAB LTD.,23500.00,23876.00,23100.00,23205.00,23206.00,23496.00,,23205.81,,,38996,912874122.00,15250,F1,1,,,,,
2026-08-28,2026-08-28,CM,NSE,STK,1164,INE619B01017,NEWGEN,EQ,,,,,NEWGEN SOFTWARE TECH LTD,524.70,575.90,524.70,567.10,566.00,523.00,,567.12,,,10501206,5887260273.10,178725,F1,1,,,,,
2026-08-28,2026-08-28,CM,NSE,STK,19161,INE0PW501021,NEWJAISA,ST,,,,,NEWJAISA TECHNOLOGIES LTD,17.60,17.60,17.60,17.60,17.60,17.30,,17.60,,,3000,52800.00,2,F1,1500,,,,,
2026-08-28,2026-08-28,CM,NSE,STK,28801,INE0TP801012,NMSTEEL,SM,,,,,NEWMALAYALAM STEEL LTD,23.30,24.00,23.30,24.00,24.00,24.00,,24.00,,,8000,189760.00,5,F1,1600,,,,,
2026-08-28,2026-08-28,CM,NSE,STK,9867,INE747B01016,NEXTMEDIA,EQ,,,,,NEXT MEDIAWORKS LIMITED,4.59,4.62,3.85,4.62,4.62,3.85,,4.62,,,308631,1372144.94,324,F1,1,,,,,
2026-08-28,2026-08-28,CM,NSE,STK,15815,INE0NDH25011,NXST,RR,,,,,NEXUS SELECT TRUST,167.30,168.10,166.71,167.01,167.20,166.99,,167.02,,,186748,31297243.69,5764,F1,1,,,,,
2026-08-28,2026-08-28,CM,NSE,STK,763536,INE0T1501010,NFPSAMPOOR,SM,,,,,NFP SAMPOORNA FOODS LTD,22.00,22.50,21.00,22.05,22.50,22.00,,22.05,,,22000,474600.00,11,F1,2000,,,,,
2026-08-28,2026-08-28,CM,NSE,STK,10277,INE887E01022,NGLFINE,EQ,,,,,NGL FINE CHEM LIMITED,2897.40,2897.40,2800.00,2813.40,2810.00,2901.10,,2813.36,,,7479,21151655.90,1725,F1,1,,,,,
2026-08-28,2026-08-28,CM,NSE,STK,1765,INE557F07181,893NHB29,N6,,,,,NHB 8.93 NCD TR II SR 2 B,5600.00,5600.00,5600.00,5600.00,5600.00,5558.21,,5600.00,,,10,56000.00,1,F1,1,,,,,
2026-08-28,2026-08-28,CM,NSE,STK,17400,INE848E01016,NHPC,EQ,,,,,NHPC LTD,76.20,76.39,74.82,74.82,74.82,76.55,,74.83,,,9597848,721524315.57,35590,F1,1,,,,,
2026-08-28,2026-08-28,CM,NSE,STK,29487,INE149O01018,NIBE,EQ,,,,,NIBE LIMITED,1420.60,1426.30,1402.00,1408.10,1409.70,1388.60,,1408.07,,,32127,45283190.90,2677,F1,1,,,,,
2026-08-28,2026-08-28,CM,NSE,STK,764793,INE653C01022,NICCOPAR,EQ,,,,,NICCO PARKS & RESORTS LTD,98.99,98.99,85.00,87.04,85.01,90.23,,87.00,,,6005,534929.92,109,F1,1,,,,,
2026-08-28,2026-08-28,CM,NSE,STK,6592,INE0J6L01013,NIDAN,SM,,,,,NIDAN LABS AND HEALTH LTD,13.05,13.50,13.05,13.50,13.50,13.05,,13.50,,,8000,106450.00,7,F1,1000,,,,,
2026-08-28,2026-08-28,CM,NSE,STK,17747,INE342G01023,NIITMTS,EQ,,,,,NIIT LEARNING SYSTEMS LTD,227.09,234.76,227.09,233.07,233.48,229.81,,233.07,,,182210,42349549.61,8625,F1,1,,,,,
2026-08-28,2026-08-28,CM,NSE,STK,11522,INE161A01038,NIITLTD,EQ,,,,,NIIT LIMITED,102.95,106.70,102.21,105.52,106.03,102.94,,105.52,,,1104323,116235796.86,10607,F1,1,,,,,
2026-08-28,2026-08-28,CM,NSE,STK,758178,INE0FLF01015,NIKITA,SM,,,,,NIKITA GRENTEC RECYCL LTD,69.25,77.00,69.25,76.90,76.90,74.60,,76.90,,,8400,629460.00,7,F1,1200,,,,,
2026-08-28,2026-08-28,CM,NSE,STK,9253,INE937C01029,NILAINFRA,EQ,,,,,NILA INFRASTRUCTURES LTD,6.99,6.99,6.75,6.79,6.80,6.89,,6.79,,,295906,2019797.29,585,F1,1,,,,,
2026-08-28,2026-08-28,CM,NSE,STK,7411,INE00S901012,NILASPACES,EQ,,,,,NILA SPACES LIMITED,12.44,12.81,12.25,12.55,12.51,12.43,,12.55,,,468887,5922361.96,1727,F1,1,,,,,
2026-08-28,2026-08-28,CM,NSE,STK,762817,INE445D01013,NILE,EQ,,,,,NILE LTD.,1490.00,1493.90,1456.40,1487.40,1490.00,1478.80,,1487.54,,,1996,2961899.10,354,F1,1,,,,,
2026-08-28,2026-08-28,CM,NSE,STK,2421,INE310A01015,NILKAMAL,EQ,,,,,NILKAMAL LIMITED,2094.00,2105.00,2055.70,2071.90,2085.00,2081.60,,2072.04,,,21838,45371752.40,3119,F1,1,,,,,
2026-08-28,2026-08-28,CM,NSE,STK,761720,INE875B01015,NIMBSPROJ,EQ,,,,,NIMBUS PROJECTS LIMITED,174.00,174.84,169.00,169.98,169.00,169.70,,170.14,,,86546,14688134.00,70,F1,1,,,,,
2026-08-28,2026-08-28,CM,NSE,STK,14194,INE395U01014,NINSYS,EQ,,,,,NINTEC SYSTEMS LIMITED,712.85,737.00,702.65,722.80,727.00,713.95,,722.88,,,2516,1812005.00,233,F1,1,,,,,
2026-08-28,2026-08-28,CM,NSE,STK,11439,INF204KB15I9,BANKBEES,EQ,,,,,NIP IND ETF BANK BEES,597.75,598.00,594.05,596.06,596.25,596.79,,595.99,,,526937,314073672.91,5018,F1,1,,,,,
2026-08-28,2026-08-28,CM,NSE,STK,2435,INF204KA1LD7,CONSUMBEES,EQ,,,,,NIP IND ETF CONSUMPTION,133.23,133.85,132.00,132.58,132.10,133.22,,132.58,,,95453,12655391.99,967,F1,1,,,,,
2026-08-28,2026-08-28,CM,NSE,STK,2636,INF204KA1MS3,DIVOPPBEES,EQ,,,,,NIP IND ETF DIV OPP,77.84,77.87,77.32,77.44,77.32,77.32,,77.44,,,45047,3493022.59,633,F1,1,,,,,
2026-08-28,2026-08-28,CM,NSE,STK,9847,INF204KB18I3,NV20BEES,EQ,,,,,NIP IND ETF ETF NV20,139.41,139.90,138.97,139.53,139.60,139.41,,139.53,,,7735,1078574.87,182,F1,1,,,,,
2026-08-28,2026-08-28,CM,NSE,STK,14428,INF204KB17I5,GOLDBEES,EQ,,,,,NIP IND ETF GOLD BEES,129.65,131.08,129.13,130.85,130.96,130.05,,130.85,,,26501307,3450209342.62,71008,F1,1,,,,,
2026-08-28,2026-08-28,CM,NSE,STK,18284,INF204KB19I1,HNGSNGBEES,EQ,,,,,NIP IND ETF HANGSENG BEES,477.23,478.70,471.95,473.21,473.99,472.50,,473.22,,,66465,31462409.61,2936,F1,1,,,,,
2026-08-28,2026-08-28,CM,NSE,STK,20072,INF732E01268,INFRABEES,EQ,,,,,NIP IND ETF INFRA BEES,959.20,962.84,951.27,955.87,959.50,959.20,,955.88,,,14984,14302871.42,646,F1,1,,,,,
2026-08-28,2026-08-28,CM,NSE,STK,19084,INF204KB15V2,ITBEES,EQ,,,,,NIP IND ETF IT,33.71,34.82,33.62,34.70,34.70,33.71,,34.70,,,20158995,697376190.08,17645,F1,1,,,,,
2026-08-28,2026-08-28,CM,NSE,STK,10939,INF732E01045,JUNIORBEES,EQ,,,,,NIP IND ETF JUNIOR BEES,821.90,821.90,800.50,801.29,803.00,805.78,,801.30,,,194210,155873791.30,6812,F1,1,,,,,
2026-08-28,2026-08-28,CM,NSE,STK,11006,INF732E01037,LIQUIDBEES,EQ,,,,,NIP IND ETF LIQUID BEES,1000.00,1000.01,999.99,1000.00,1000.01,1000.00,,1000.00,,,4166382,4166376964.93,4412,F1,1,,,,,
2026-08-28,2026-08-28,CM,NSE,STK,17700,INF204KB1882,LTGILTBEES,EQ,,,,,NIP IND ETF LONGTERM GILT,29.97,29.98,29.88,29.95,29.96,29.94,,29.95,,,2271031,67926686.20,708,F1,1,,,,,
2026-08-28,2026-08-28,CM,NSE,STK,8506,INF204KB1V68,MID150BEES,EQ,,,,,NIP IND ETF MIDCAP 150,243.50,246.30,243.04,243.63,243.99,243.50,,243.64,,,523155,127425211.54,5064,F1,1,,,,,
2026-08-28,2026-08-28,CM,NSE,STK,29577,INF204K014N5,NIF100BEES,EQ,,,,,NIP IND ETF NIFTY 100,268.00,269.45,267.41,267.89,267.50,268.93,,267.90,,,17726,4754387.85,602,F1,1,,,,,
2026-08-28,2026-08-28,CM,NSE,STK,10576,INF204KB14I2,NIFTYBEES,EQ,,,,,NIP IND ETF NIFTY BEES,277.49,277.49,274.82,275.62,275.90,275.74,,275.62,,,3137920,864173018.74,36361,F1,1,,,,,
2026-08-28,2026-08-28,CM,NSE,STK,15032,INF204KB16I7,PSUBNKBEES,EQ,,,,,NIP IND ETF PSU BANK BEES,96.08,97.10,95.72,96.04,96.15,96.08,,96.04,,,763406,73253718.59,3391,F1,1,,,,,
2026-08-28,2026-08-28,CM,NSE,STK,17044,INF732E01128,SHARIABEES,EQ,,,,,NIP IND ETF SHARIAH BEES,458.20,461.44,458.14,459.20,459.20,458.14,,459.24,,,12554,5779522.61,388,F1,1,,,,,
2026-08-28,2026-08-28,CM,NSE,STK,357,INE298J01013,NAM-INDIA,EQ,,,,,NIPPON L I A M LTD,1196.60,1209.40,1185.00,1194.40,1194.40,1204.00,,1194.35,,,505054,603665578.60,27979,F1,1,,,,,
2026-08-28,2026-08-28,CM,NSE,STK,757725,INF204KC1FU1,LIQGRWBEES,EQ,,,,,NIPPONAMC - LIQGRWBEES,1053.64,1053.66,1053.64,1053.65,1053.66,1053.24,,1053.65,,,26347,27760578.57,137,F1,1,,,,,
2026-08-28,2026-08-28,CM,NSE,STK,758667,INF204KC1GH6,MANUFGBEES,EQ,,,,,NIPPONAMC - MANUFGBEES,165.81,167.27,165.40,166.38,167.10,166.66,,166.40,,,3760,625228.20,88,F1,1,,,,,
2026-08-28,2026-08-28,CM,NSE,STK,7880,INF204KC1337,AUTOBEES,EQ,,,,,NIPPONAMC - NETFAUTO,301.04,301.04,296.55,298.11,298.99,298.96,,298.11,,,168372,50208018.40,2762,F1,1,,,,,
2026-08-28,2026-08-28,CM,NSE,STK,4973,INF204KC1089,PHARMABEES,EQ,,,,,NIPPONAMC - NETFPHARMA,27.94,27.94,27.51,27.76,27.79,27.54,,27.76,,,4556422,126085759.33,8862,F1,1,,,,,
2026-08-28,2026-08-28,CM,NSE,STK,8080,INF204KC1402,SILVERBEES,EQ,,,,,NIPPONAMC - NETFSILVER,226.28,231.83,225.42,230.42,230.26,226.37,,230.42,,,26759523,6126878255.88,63028,F1,1,,,,,
2026-08-28,2026-08-28,CM,NSE,STK,757455,INF204KC1EZ3,SNXT30BEES,EQ,,,,,NIPPONAMC - SNXT30BEES,43.21,43.34,43.00,43.13,43.34,43.23,,43.13,,,3111,134118.78,61,F1,1,,,,,
2026-08-28,2026-08-28,CM,NSE,STK,255,INE368I01016,NIRAJ,EQ,,,,,NIRAJ CEMENT STRUC LTD,29.14,29.75,28.50,29.35,29.30,28.57,,29.36,,,51519,1516106.33,219,F1,1,,,,,
2026-08-28,2026-08-28,CM,NSE,STK,18840,INE326T01011,NIRAJISPAT,EQ,,,,,NIRAJ ISPAT IND LTD,286.00,295.90,278.99,295.90,295.90,246.59,,295.90,,,3053,894476.22,77,F1,1,,,,,
2026-08-28,2026-08-28,CM,NSE,STK,2433,INE910A01012,NIRLON,EQ,,,,,NIRLON LTD,635.90,644.85,632.35,642.65,642.90,631.20,,642.67,,,6956,4452760.60,450,F1,1,,,,,
2026-08-28,2026-08-28,CM,NSE,STK,14722,INE0OK701014,NIRMAN,SM,,,,,NIRMAN AGRI GENTICS LTD,29.00,30.30,28.70,28.80,28.80,28.95,,28.80,,,12600,367950.00,32,F1,300,,,,,
2026-08-28,2026-08-28,CM,NSE,STK,13300,INE858F01012,NITCO,EQ,,,,,NITCO LIMITED,97.29,97.48,95.21,95.59,96.00,97.56,,95.59,,,1888937,182152706.10,5099,F1,1,,,,,
2026-08-28,2026-08-28,CM,NSE,STK,13175,INE229H01012,NITINSPIN,EQ,,,,,NITIN SPINNERS LIMITED,621.70,629.90,612.60,626.40,621.10,620.45,,626.29,,,51698,32144704.40,3178,F1,1,,,,,
2026-08-28,2026-08-28,CM,NSE,STK,3247,INE439T01012,NITIRAJ,EQ,,,,,NITIRAJ ENGINEERS LTD,199.05,203.20,197.01,200.05,200.00,203.42,,200.05,,,875,174666.41,56,F1,1,,,,,
2026-08-28,2026-08-28,CM,NSE,STK,762824,INE265B01019,NITTAGELA,EQ,,,,,NITTA GELATIN INDIA LTD.,1589.50,1672.90,1580.20,1656.10,1662.00,1589.50,,1655.20,,,5804,9482784.50,1045,F1,1,,,,,
2026-08-28,2026-08-28,CM,NSE,STK,27097,INE995S01015,NIVABUPA,EQ,,,,,NIVA BUPA HEALTH INS CO L,82.50,83.00,81.50,81.80,82.13,82.50,,81.80,,,329259,26987623.79,4919,F1,1,,,,,
2026-08-28,2026-08-28,CM,NSE,STK,2439,INE542C01019,NKIND,EQ,,,,,NK INDUSTRIES LTD,63.80,63.80,56.80,59.89,56.80,59.65,,59.89,,,1182,72965.07,45,F1,1,,,,,
2026-08-28,2026-08-28,CM,NSE,STK,8585,INE589A01014,NLCINDIA,EQ,,,,,NLC INDIA LIMITED,268.90,272.05,268.40,270.60,269.50,268.80,,270.61,,,916598,247267611.80,15664,F1,1,,,,,
2026-08-28,2026-08-28,CM,NSE,STK,15332,INE584A01023,NMDC,EQ,,,,,NMDC LTD.,86.03,87.59,86.00,86.76,86.76,85.72,,86.76,,,14224538,1233606090.93,39926,F1,1,,,,,
2026-08-28,2026-08-28,CM,NSE,STK,14180,INE0NNS01018,NSLNISP,EQ,,,,,NMDC STEEL LIMITED,44.99,49.40,44.78,49.02,48.75,44.99,,49.02,,,57456853,2743402307.69,109550,F1,1,,,,,
2026-08-28,2026-08-28,CM,NSE,STK,2442,INE163A01018,NOCIL,EQ,,,,,NOCIL LIMITED,166.25,167.30,163.56,164.96,164.16,165.13,,164.96,,,527888,87046885.10,4889,F1,1,,,,,
2026-08-28,2026-08-28,CM,NSE,STK,10786,INE781B01015,NOIDATOLL,EQ,,,,,NOIDA TOLL BRIDGE CO LTD,4.16,4.28,4.07,4.20,4.22,4.13,,4.20,,,153839,649537.86,360,F1,1,,,,,
2026-08-28,2026-08-28,CM,NSE,STK,4160,INE369C01017,NORBTEAEXP,EQ,,,,,NORBEN TEA & EXPORTS LTD,69.96,69.96,66.00,69.00,69.00,67.30,,69.00,,,456,30708.05,14,F1,1,,,,,
2026-08-28,2026-08-28,CM,NSE,STK,13533,INE553C01016,NECCLTD,BE,,,,,NORTH EAST CARRY CORP LTD,16.72,17.34,16.71,16.91,17.22,17.51,,16.89,,,74290,1267010.32,179,F1,1,,,,,
2026-08-28,2026-08-28,CM,NSE,STK,25426,INE850M01015,NORTHARC,EQ,,,,,NORTHERN ARC CAPITAL LTD,287.95,292.00,283.50,285.75,287.70,286.30,,285.75,,,4983190,1428423603.05,663207,F1,1,,,,,
2026-08-28,2026-08-28,CM,NSE,STK,22478,INE02H701025,NOVAAGRI,BE,,,,,NOVA AGRITECH LIMITED,24.60,25.45,23.55,24.46,24.50,24.24,,24.46,,,71162,1726101.42,267,F1,1,,,,,
2026-08-28,2026-08-28,CM,NSE,STK,9007,INE234A01025,NOVARTIND,EQ,,,,,NOVARTIS INDIA LIMITED,1488.50,1494.00,1471.20,1486.30,1485.10,1490.20,,1486.31,,,4238,6285102.50,518,F1,1,,,,,
2026-08-28,2026-08-28,CM,NSE,STK,7553,INE349A01021,NRBBEARING,EQ,,,,,NRB BEARING LIMITED,468.10,475.00,465.85,469.65,469.40,466.60,,469.59,,,187908,88407200.00,5255,F1,1,,,,,
2026-08-28,2026-08-28,CM,NSE,STK,29733,INE047O01014,NIBL,EQ,,,,,NRB INDUS. BEARINGS LTD.,31.00,32.00,30.40,30.66,30.50,30.58,,30.67,,,11192,345717.40,102,F1,1,,,,,
2026-08-28,2026-08-28,CM,NSE,STK,27176,INE0ONG01011,NTPCGREEN,EQ,,,,,NTPC GREEN ENERGY LIMITED,91.04,91.45,90.75,90.82,90.77,90.99,,90.82,,,1033809,94125416.95,11275,F1,1,,,,,
2026-08-28,2026-08-28,CM,NSE,STK,11630,INE733E01010,NTPC,EQ,,,,,NTPC LTD,329.50,333.10,328.80,330.05,330.05,330.90,,330.05,,,7332490,2427187702.30,81709,F1,1,,,,,
2026-08-28,2026-08-28,CM,NSE,STK,10791,INE096B01018,NUCLEUS,EQ,,,,,NUCLEUS SOFTWARE EXPORTS,733.40,749.70,733.40,745.20,746.50,738.10,,745.19,,,20206,15050777.05,1179,F1,1,,,,,
2026-08-28,2026-08-28,CM,NSE,STK,13680,INE0JM501013,NRL,BE,,,,,NUPUR RECYCLERS LIMITED,125.00,125.00,124.80,125.00,125.00,125.00,,125.00,,,48524,6065445.00,135,F1,1,,,,,
2026-08-28,2026-08-28,CM,NSE,STK,2353,INE0DSF01015,NURECA,BE,,,,,NURECA LIMITED,334.75,335.85,321.10,331.05,333.00,319.90,,331.08,,,14997,4990127.75,425,F1,1,,,,,
2026-08-28,2026-08-28,CM,NSE,STK,18721,INE531F01023,NUVAMA,EQ,,,,,NUVAMA WEALTH MANAGE LTD,1784.00,1825.00,1782.00,1805.00,1800.10,1784.00,,1805.13,,,246065,443898773.80,19489,F1,1,,,,,
2026-08-28,2026-08-28,CM,NSE,STK,5426,INE118D01016,NUVOCO,EQ,,,,,NUVOCO VISTAS CORP LTD,324.30,327.55,321.00,324.85,324.65,324.15,,324.83,,,236387,76821025.00,14439,F1,1,,,,,
2026-08-28,2026-08-28,CM,NSE,STK,8797,INE426Z01016,OBCL,EQ,,,,,OBCL LIMITED,56.10,56.10,55.21,55.40,55.50,56.16,,55.40,,,774,42994.78,29,F1,1,,,,,
2026-08-28,2026-08-28,CM,NSE,STK,20242,INE093I01010,OBEROIRLTY,EQ,,,,,OBEROI REALTY LIMITED,1873.10,1880.80,1855.70,1870.00,1870.00,1872.90,,1870.00,,,263019,491884517.80,38133,F1,1,,,,,
2026-08-28,2026-08-28,CM,NSE,STK,25923,INE0YHV01011,OBSCP,SM,,,,,OBSC PERFECTION LIMITED,852.00,868.70,836.00,866.05,868.00,850.60,,866.05,,,28400,24149960.00,62,F1,400,,,,,
2026-08-28,2026-08-28,CM,NSE,STK,25920,INE0PK601023,OCCLLTD,BE,,,,,OCCL LIMITED,161.90,162.00,157.15,158.25,160.00,160.19,,158.31,,,20606,3274796.05,171,F1,1,,,,,
2026-08-28,2026-08-28,CM,NSE,STK,27571,INE054301028,ODIGMA,EQ,,,,,ODIGMA CONSULTANCY SOL L,22.30,23.11,22.30,23.00,23.00,22.73,,23.01,,,15757,360451.39,220,F1,1,,,,,
2026-08-28,2026-08-28,CM,NSE,STK,764803,INE839E01023,ODYCORP,EQ,,,,,ODYSSEY CORPORATION LTD.,7.59,8.48,6.98,7.98,7.40,7.10,,7.90,,,105386,792097.68,230,F1,1,,,,,
2026-08-28,2026-08-28,CM,NSE,STK,2475,INE213A01029,ONGC,EQ,,,,,OIL AND NATURAL GAS CORP.,233.35,233.39,231.25,232.25,232.25,232.00,,232.25,,,7638954,1773287983.14,90402,F1,1,,,,,
2026-08-28,2026-08-28,CM,NSE,STK,8109,INE591A01010,OILCOUNTUB,BE,,,,,OIL COUNTRY TUBULAR LTD.,57.61,61.30,57.61,60.99,61.30,59.79,,61.04,,,32063,1944031.16,156,F1,1,,,,,
2026-08-28,2026-08-28,CM,NSE,STK,17438,INE274J01014,OIL,EQ,,,,,OIL INDIA LTD,473.50,484.70,471.75,482.85,482.85,469.85,,482.85,,,1907538,915992363.05,27334,F1,1,,,,,
2026-08-28,2026-08-28,CM,NSE,STK,24777,INE0LXG01040,OLAELEC,EQ,,,,,OLA ELECTRIC MOBILITY LTD,38.00,39.77,37.45,38.98,38.83,37.63,,38.98,,,78463929,3052324435.07,125161,F1,1,,,,,
2026-08-28,2026-08-28,CM,NSE,STK,10637,INE260D01016,OLECTRA,EQ,,,,,OLECTRA GREENTECH LIMITED,1332.30,1335.70,1303.70,1312.30,1317.00,1326.30,,1312.43,,,237865,313025382.00,13996,F1,1,,,,,
2026-08-28,2026-08-28,CM,NSE,STK,759412,INE1BZC01019,OMFREIGHT,BE,,,,,OM FREIGHT FORWARDERS LTD,87.00,92.00,87.00,90.00,90.00,90.27,,89.13,,,4940,438293.52,60,F1,1,,,,,
2026-08-28,2026-08-28,CM,NSE,STK,24231,INE239D01028,OMINFRAL,EQ,,,,,OM INFRA LIMITED,83.00,84.80,81.60,83.01,83.48,83.30,,83.01,,,86860,7229228.82,2014,F1,1,,,,,
2026-08-28,2026-08-28,CM,NSE,STK,762432,INE25E901019,OMPOWER,EQ,,,,,OM POWER TRANSMISSION LTD,172.00,177.00,168.86,175.31,175.05,172.27,,175.29,,,232635,40426302.91,2818,F1,1,,,,,
2026-08-28,2026-08-28,CM,NSE,STK,10922,INE090B01011,OMAXAUTO,EQ,,,,,OMAX AUTOS LTD,188.93,192.40,186.00,188.72,189.00,191.23,,188.72,,,46687,8851083.28,1163,F1,1,,,,,
2026-08-28,2026-08-28,CM,NSE,STK,14853,INE800H01010,OMAXE,EQ,,,,,OMAXE LIMITED,112.16,134.30,111.81,131.74,132.00,113.38,,131.76,,,24953289,3174468629.57,145066,F1,1,,,,,
2026-08-28,2026-08-28,CM,NSE,STK,760865,INE0UH301010,OMNI,EQ,,,,,OMNITECH ENGINEERING LTD,576.00,578.95,561.15,565.55,566.00,575.70,,565.49,,,317666,180017059.15,11824,F1,1,,,,,
2026-08-28,2026-08-28,CM,NSE,STK,19692,INE00ER01015,ONDOOR,SM,,,,,ON DOOR CONCEPTS LIMITED,309.40,309.40,300.60,305.80,305.90,302.55,,305.80,,,3300,1010670.00,11,F1,300,,,,,
2026-08-28,2026-08-28,CM,NSE,STK,6705,INE982J01020,PAYTM,EQ,,,,,ONE 97 COMMUNICATIONS LTD,1685.00,1698.30,1641.70,1650.90,1650.90,1679.00,,1650.89,,,1837484,3062638146.20,42611,F1,1,,,,,
2026-08-28,2026-08-28,CM,NSE,STK,765242,INE670O01013,ONEGLOBAL,EQ,,,,,ONE GLOBAL SERVICE PROV L,564.95,564.95,546.00,546.70,546.00,541.40,,547.20,,,4526,2486074.45,334,F1,1,,,,,
2026-08-28,2026-08-28,CM,NSE,STK,28046,INE0HLU01028,MOBIKWIK,EQ,,,,,ONE MOBIKWIK SYSTEMS LTD,192.94,195.46,191.00,192.33,192.75,191.55,,192.30,,,454425,87631858.11,5693,F1,1,,,,,
2026-08-28,2026-08-28,CM,NSE,STK,9939,INE840Y01029,ONEPOINT,EQ,,,,,ONE POINT ONE SOL LTD,55.77,55.79,54.55,55.03,54.84,55.54,,55.03,,,552470,30383335.25,2529,F1,1,,,,,
2026-08-28,2026-08-28,CM,NSE,STK,19386,INE0OPS01011,OLIL,SM,,,,,ONECLICK LOGISTICS IND L,401.70,417.00,391.40,415.00,415.00,391.85,,415.00,,,41200,16899420.00,53,F1,400,,,,,
2026-08-28,2026-08-28,CM,NSE,STK,25496,INE912L01015,ONELIFECAP,BE,,,,,ONELIFE CAP ADVISORS LTD,31.79,33.00,31.10,31.30,31.30,31.79,,31.45,,,4684,150453.54,32,F1,1,,,,,
2026-08-28,2026-08-28,CM,NSE,STK,763294,INE12F801023,KISSHT,EQ,,,,,ONEMI TECHNOLOGY SOL LTD,302.90,312.00,302.40,306.30,306.45,303.10,,306.30,,,907622,279312333.25,31771,F1,1,,,,,
2026-08-28,2026-08-28,CM,NSE,STK,29224,INE013P01021,ONESOURCE,EQ,,,,,ONESOURCE SPECL PHARMA L,1525.00,1539.50,1520.00,1532.20,1530.00,1517.50,,1532.23,,,32479,49681857.10,5981,F1,1,,,,,
2026-08-28,2026-08-28,CM,NSE,STK,2202,INE831A01028,ONIDA,EQ,,,,,ONIDA ELECTRONICS LIMITED,36.24,36.50,35.15,36.19,36.20,36.24,,36.18,,,623381,22308265.21,1945,F1,1,,,,,
2026-08-28,2026-08-28,CM,NSE,STK,764808,INE173M01012,ONIXSOLAR,EQ,,,,,ONIX SOLAR ENERGY LTD.,308.80,316.05,305.35,316.05,316.05,301.00,,316.04,,,354364,111584030.00,2453,F1,1,,,,,
2026-08-28,2026-08-28,CM,NSE,STK,15282,INE809I01019,ONMOBILE,BE,,,,,ONMOBILE GLOBAL LTD.,51.54,51.54,51.54,51.54,51.54,52.59,,51.62,,,22465,1157846.10,152,F1,1,,,,,
2026-08-28,2026-08-28,CM,NSE,STK,2481,INE229A01017,ONWARDTEC,EQ,,,,,ONWARD TECHNOLOGIES LTD,286.15,291.20,285.00,287.20,286.65,285.60,,287.12,,,24765,7139814.05,771,F1,1,,,,,
2026-08-28,2026-08-28,CM,NSE,STK,27143,INE0WVU01018,ONYX,ST,,,,,ONYX BIOTEC LIMITED,42.05,42.05,42.05,42.05,42.05,42.05,,42.05,,,6000,252300.00,3,F1,2000,,,,,
2026-08-28,2026-08-28,CM,NSE,STK,21469,INE350C01017,OPTIEMUS,EQ,,,,,OPTIEMUS INFRACOM LTD,576.45,602.90,574.00,579.60,578.20,576.45,,579.61,,,233808,137677933.45,13324,F1,1,,,,,
2026-08-28,2026-08-28,CM,NSE,STK,764813,INE031G01022,OPTIFIN,EQ,,,,,OPTIMUS FINANCE LTD.,13.00,13.65,12.90,13.03,13.38,13.09,,13.04,,,13755,181925.88,101,F1,1,,,,,
2026-08-28,2026-08-28,CM,NSE,STK,764528,INE1JZB01022,OPTIMYSTIX,SM,,,,,OPTIMYSTIX ENT INDIA LTD,174.00,175.00,171.00,174.55,175.00,171.85,,174.55,,,92000,15971240.00,69,F1,800,,,,,
2026-08-28,2026-08-28,CM,NSE,STK,758903,INE15B101011,OPTIVALUE,ST,,,,,OPTIVALUE TEK CONSULT LTD,190.00,190.00,182.00,187.65,190.00,190.75,,187.65,,,30400,5692800.00,19,F1,1600,,,,,
2026-08-28,2026-08-28,CM,NSE,STK,10738,INE881D01027,OFSS,EQ,,,,,ORACLE FIN SERV SOFT LTD.,11876.00,12275.00,11876.00,12190.00,12190.00,11855.00,,12189.86,,,428317,5204053344.00,50809,F1,1,,,,,
2026-08-28,2026-08-28,CM,NSE,STK,31479,INE231G01010,ORBTEXP,BE,,,,,ORBIT EXPORTS LIMITED,237.90,245.00,237.00,243.62,240.00,239.09,,243.61,,,5663,1359843.55,56,F1,1,,,,,
2026-08-28,2026-08-28,CM,NSE,STK,29492,INE215B01022,ORCHASP,EQ,,,,,ORCHASP LIMITED,1.43,1.50,1.40,1.43,1.44,1.43,,1.43,,,256666,370114.30,200,F1,1,,,,,
2026-08-28,2026-08-28,CM,NSE,STK,926,INE191A01027,ORCHPHARMA,EQ,,,,,ORCHID PHARMA LIMITED,931.90,980.00,924.95,975.60,972.60,928.80,,975.47,,,63715,61003003.25,4929,F1,1,,,,,
2026-08-28,2026-08-28,CM,NSE,STK,17882,INE0OUT01019,ORIANA,SM,,,,,ORIANA POWER LIMITED,1323.95,1323.95,1297.90,1299.10,1297.90,1301.90,,1299.10,,,25725,33496983.75,248,F1,75,,,,,
2026-08-28,2026-08-28,CM,NSE,STK,10159,INE730A01022,ORICONENT,EQ,,,,,ORICON ENTERPRISES LTD,55.00,56.39,51.85,55.82,56.39,55.40,,55.76,,,329836,18461548.00,771,F1,1,,,,,
2026-08-28,2026-08-28,CM,NSE,STK,14278,INE607D01018,ORIENTBELL,EQ,,,,,ORIENT BELL LIMITED,367.00,404.80,367.00,379.25,377.10,377.20,,379.25,,,77661,29959677.40,3431,F1,1,,,,,
2026-08-28,2026-08-28,CM,NSE,STK,30089,INE876N01018,ORIENTCEM,EQ,,,,,ORIENT CEMENT LTD.,132.04,132.10,130.81,131.37,131.25,131.41,,131.37,,,89980,11806280.50,1377,F1,1,,,,,
2026-08-28,2026-08-28,CM,NSE,STK,13111,INE569C01020,ORIENTCER,EQ,,,,,ORIENT CERATECH LIMITED,45.05,47.00,45.05,46.60,46.98,45.29,,46.61,,,128190,5944918.08,2732,F1,1,,,,,
2026-08-28,2026-08-28,CM,NSE,STK,2972,INE142Z01019,ORIENTELEC,EQ,,,,,ORIENT ELECTRIC LIMITED,180.36,181.25,178.51,180.17,180.50,179.46,,180.15,,,109521,19723558.16,3142,F1,1,,,,,
2026-08-28,2026-08-28,CM,NSE,STK,20110,INE999K01014,GREENPOWER,EQ,,,,,ORIENT GREEN POWER CO LTD,9.41,9.54,9.36,9.39,9.42,9.41,,9.39,,,1758824,16545594.23,2574,F1,1,,,,,
2026-08-28,2026-08-28,CM,NSE,STK,2493,INE750A01020,ORIENTHOT,EQ,,,,,ORIENT HOTELS LTD,139.15,139.89,136.80,137.48,137.94,139.15,,137.55,,,831534,114483944.04,7452,F1,1,,,,,
2026-08-28,2026-08-28,CM,NSE,STK,2496,INE592A01026,ORIENTPPR,EQ,,,,,ORIENT PAPER AND INDS LTD,17.04,17.33,16.82,17.21,17.15,17.04,,17.21,,,294544,5016710.74,663,F1,1,,,,,
2026-08-28,2026-08-28,CM,NSE,STK,18211,INE609C01024,ORIENTLTD,BE,,,,,ORIENT PRESS LIMITED,83.70,85.43,80.07,80.10,80.07,83.03,,80.10,,,2378,194323.43,34,F1,1,,,,,
2026-08-28,2026-08-28,CM,NSE,STK,24961,INE0PPK01015,ORIENTTECH,EQ,,,,,ORIENT TECHNOLOGIES LTD,244.00,255.65,244.00,244.80,244.80,243.65,,244.80,,,306165,76423202.25,6204,F1,1,,,,,
2026-08-28,2026-08-28,CM,NSE,STK,10768,INE959C01023,OAL,EQ,,,,,ORIENTAL AROMATICS LTD,425.00,492.70,424.00,487.80,486.00,428.95,,487.81,,,765470,358024095.80,32190,F1,1,,,,,
2026-08-28,2026-08-28,CM,NSE,STK,764818,INE457G01029,ORIRAIL,EQ,,,,,ORIENTAL RAIL INFRA L,124.50,133.38,124.50,131.70,132.00,126.56,,131.68,,,113427,14783823.37,1883,F1,1,,,,,
2026-08-28,2026-08-28,CM,NSE,STK,14346,INE998H01012,ORIENTALTL,EQ,,,,,ORIENTAL TRIMEX LTD,5.03,5.15,4.94,5.01,5.00,5.14,,5.01,,,96232,482565.99,351,F1,1,,,,,
2026-08-28,2026-08-28,CM,NSE,STK,19931,INE725E01024,ORISSAMINE,EQ,,,,,ORISSA MIN DEV CO LTD,4552.60,4617.00,4428.00,4462.20,4448.80,4543.50,,4462.23,,,7201,32505525.40,1358,F1,1,,,,,
2026-08-28,2026-08-28,CM,NSE,STK,759569,INE16NZ01023,ORKLAINDIA,EQ,,,,,ORKLA INDIA LIMITED,611.00,616.45,590.25,595.40,601.00,606.00,,595.43,,,235478,142603680.05,15147,F1,1,,,,,
2026-08-28,2026-08-28,CM,NSE,STK,2979,INE749B01020,ORTINGLOBE,EQ,,,,,ORTIN GLOBAL LIMITED,15.10,15.38,14.86,14.93,15.20,15.10,,14.91,,,6400,97455.66,33,F1,1,,,,,
2026-08-28,2026-08-28,CM,NSE,STK,25386,INE0RMF01018,OSELDEVICE,SM,,,,,OSEL DEVICES LIMITED,390.00,398.95,383.10,393.70,393.70,391.95,,393.70,,,17000,6620750.00,72,F1,200,,,,,
2026-08-28,2026-08-28,CM,NSE,STK,12643,INE06IR01021,OSIAHYPER,BE,,,,,OSIA HYPER RETAIL LIMITED,2.66,2.66,2.48,2.50,2.56,2.61,,2.50,,,442138,1117595.33,521,F1,1,,,,,
2026-08-28,2026-08-28,CM,NSE,STK,2514,INE142A01012,OSWALAGRO,EQ,,,,,OSWAL AGRO MILLS LTD,37.48,37.80,36.66,37.65,37.78,36.86,,37.65,,,72768,2722767.25,425,F1,1,,,,,
2026-08-28,2026-08-28,CM,NSE,STK,471,INE143A01010,OSWALGREEN,EQ,,,,,OSWAL GREENTECH LIMITED,21.25,21.25,20.65,20.74,20.65,20.90,,20.74,,,153640,3187396.38,459,F1,1,,,,,
2026-08-28,2026-08-28,CM,NSE,STK,756802,INE0BYP01024,OSWALPUMPS,EQ,,,,,OSWAL PUMPS LIMITED,296.00,298.35,293.80,295.55,296.00,298.40,,295.54,,,218585,64647149.55,4790,F1,1,,,,,
2026-08-28,2026-08-28,CM,NSE,STK,22914,INE0R8M01017,OWAIS,ST,,,,,OWAIS METAL & MINERAL,77.95,77.95,77.95,77.95,77.95,74.25,,77.95,,,6800,530060.00,23,F1,100,,,,,
2026-08-28,2026-08-28,CM,NSE,STK,765145,INE501F01018,PBMPOLY,EQ,,,,,P B M POLYTEX LTD.,60.20,72.20,60.20,64.61,65.50,60.20,,64.51,,,2394,164320.95,48,F1,1,,,,,
2026-08-28,2026-08-28,CM,NSE,STK,25312,INE953R01016,PNGJL,EQ,,,,,P N GADGIL JEWELLERS LTD,595.00,601.70,583.30,598.00,596.35,594.55,,598.00,,,671442,398930343.25,21720,F1,1,,,,,
2026-08-28,2026-08-28,CM,NSE,STK,764845,INE035S01028,POEL,EQ,,,,,P O C L ENTERPRISES LTD.,152.94,156.18,149.00,149.51,151.80,150.60,,149.54,,,31498,4778125.22,506,F1,1,,,,,
2026-08-28,2026-08-28,CM,NSE,STK,29665,INE0XUS01020,PSRAJ,ST,,,,,P S RAJ STEELS LIMITED,78.55,80.65,78.55,80.65,80.65,80.00,,80.65,,,5000,398000.00,2,F1,2500,,,,,
2026-08-28,2026-08-28,CM,NSE,STK,2535,INE179A01014,PGHH,EQ,,,,,P&G HYGIENE & HEALTH CARE,8156.00,8165.00,8076.50,8092.00,8093.00,8102.50,,8092.17,,,7078,57463485.00,1812,F1,1,,,,,
2026-08-28,2026-08-28,CM,NSE,STK,8735,INE0KN801013,PROPEQUITY,SM,,,,,P. E. ANALYTICS LIMITED,210.00,210.00,199.00,210.00,210.00,210.00,,210.00,,,4800,970800.00,8,F1,600,,,,,
2026-08-28,2026-08-28,CM,NSE,STK,759342,INE0S3G01027,PACEDIGITK,EQ,,,,,PACE DIGITEK LIMITED,178.50,180.71,175.50,176.15,176.60,179.15,,176.19,,,397830,70469658.32,4904,F1,1,,,,,
2026-08-28,2026-08-28,CM,NSE,STK,764823,INE883C01025,PACIFICI,EQ,,,,,PACIFIC INDUSTRIES LTD.,134.89,145.00,133.00,136.00,136.00,137.63,,140.35,,,747,102499.26,29,F1,1,,,,,
2026-08-28,2026-08-28,CM,NSE,STK,14413,INE761H01022,PAGEIND,EQ,,,,,PAGE INDUSTRIES LTD,35800.00,35985.00,35510.00,35985.00,35985.00,35800.00,,35981.68,,,13087,467718770.00,6258,F1,1,,,,,
2026-08-28,2026-08-28,CM,NSE,STK,25468,INE420C01059,PAISALO,EQ,,,,,PAISALO DIGITAL LIMITED,67.85,68.54,66.82,67.56,67.74,67.83,,67.56,,,9932266,671853409.59,10752,F1,1,,,,,
2026-08-28,2026-08-28,CM,NSE,STK,17197,INE551D01018,PAKKA,EQ,,,,,PAKKA LIMITED,78.55,79.69,77.07,78.38,78.20,77.64,,78.39,,,85729,6736603.05,2558,F1,1,,,,,
2026-08-28,2026-08-28,CM,NSE,STK,21383,INE471W01019,PALASHSECU,EQ,,,,,PALASH SECURITIES LTD,89.90,91.90,86.40,91.39,91.39,89.78,,91.39,,,3854,352217.83,34,F1,1,,,,,
2026-08-28,2026-08-28,CM,NSE,STK,17059,INE218G01033,PALREDTEC,BE,,,,,PALRED TECHNOLOGIES LTD,55.80,55.95,55.01,55.90,55.90,56.08,,55.90,,,2255,126040.20,22,F1,1,,,,,
2026-08-28,2026-08-28,CM,NSE,STK,4055,INE922B01023,PANACEABIO,EQ,,,,,PANACEA BIOTEC LTD,396.90,409.00,393.20,395.50,395.10,393.25,,395.48,,,89332,35600410.15,2909,F1,1,,,,,
2026-08-28,2026-08-28,CM,NSE,STK,16355,INE895W01019,PANACHE,BE,,,,,PANACHE DIGILIFE LIMITED,519.00,530.20,510.00,530.20,530.20,519.85,,530.20,,,15284,7954218.75,85,F1,1,,,,,
2026-08-28,2026-08-28,CM,NSE,STK,25392,INE305C01029,PANAMAPET,EQ,,,,,PANAMA PETROCHEM LTD,473.80,474.05,464.00,465.20,465.95,470.75,,465.22,,,140701,65804547.20,3949,F1,1,,,,,
2026-08-28,2026-08-28,CM,NSE,STK,764828,INE798F01010,PANCHMAHQ,EQ,,,,,PANCHMAHAL STEEL LTD.,320.00,320.00,290.00,304.15,300.20,289.95,,304.83,,,297,90657.90,38,F1,1,,,,,
2026-08-28,2026-08-28,CM,NSE,STK,765140,INE258R01028,PANORAMA,EQ,,,,,PANORAMA STUDIOS INTL. L,48.50,48.62,45.51,46.47,46.11,48.26,,46.39,,,262808,12186350.04,1123,F1,1,,,,,
2026-08-28,2026-08-28,CM,NSE,STK,6141,INE697V01011,PANSARI,EQ,,,,,PANSARI DEVELOPERS LTD,315.00,315.05,302.00,306.55,306.50,315.00,,306.55,,,234,72982.70,21,F1,1,,,,,
2026-08-28,2026-08-28,CM,NSE,STK,5631,INE04LG01015,PAR,EQ,,,,,PAR DRUGS AND CHEM LTD,99.00,100.90,99.00,100.21,100.28,99.56,,100.21,,,3407,338534.85,73,F1,1,,,,,
2026-08-28,2026-08-28,CM,NSE,STK,9741,INE088F01024,PARADEEP,EQ,,,,,PARADEEP PHOSPHATES LTD,161.35,168.00,161.35,165.88,165.25,160.55,,165.87,,,8464938,1403851232.00,71995,F1,1,,,,,
2026-08-28,2026-08-28,CM,NSE,STK,17130,INE883N01014,PARAGMILK,EQ,,,,,PARAG MILK FOODS LTD.,242.70,242.70,237.00,237.65,238.00,241.17,,237.60,,,254261,60787666.02,4699,F1,1,,,,,
2026-08-28,2026-08-28,CM,NSE,STK,19779,INE0N4G01012,PARAGON,SM,,,,,PARAGON FINE S.C. LTD.,47.05,48.25,47.05,47.55,47.55,47.05,,47.55,,,6000,285840.00,5,F1,1200,,,,,
2026-08-28,2026-08-28,CM,NSE,STK,13951,INE074B01023,PARACABLES,EQ,,,,,PARAMOUNT COMM LTD,59.55,63.53,59.30,62.37,62.70,59.37,,62.37,,,2465156,152638317.75,12581,F1,1,,,,,
2026-08-28,2026-08-28,CM,NSE,STK,25716,INE0TG801013,PARAMOUNT,SM,,,,,PARAMOUNT DYE TEC LIMITED,29.85,30.85,29.85,30.35,30.85,31.00,,30.35,,,3600,108660.00,3,F1,1200,,,,,
2026-08-28,2026-08-28,CM,NSE,STK,25431,INE0Q6001012,PSFL,SM,,,,,PARAMOUNT SPECIALI FORG L,31.05,31.05,31.05,31.05,31.05,31.00,,31.05,,,12000,372600.00,4,F1,2000,,,,,
2026-08-28,2026-08-28,CM,NSE,STK,5911,INE045601023,PARAS,EQ,,,,,PARAS DEF AND SPCE TECH L,1459.00,1467.10,1425.00,1439.70,1441.80,1454.80,,1439.73,,,618190,891770272.50,30557,F1,1,,,,,
2026-08-28,2026-08-28,CM,NSE,STK,3972,INE162C01024,PARASPETRO,EQ,,,,,PARAS PETROFILS LTD.,2.20,2.34,2.20,2.22,2.25,2.24,,2.22,,,120184,272171.02,195,F1,1,,,,,
2026-08-28,2026-08-28,CM,NSE,STK,5460,INE00U801010,PARIN,SM,,,,,PARIN ENTERPRISES LIMITED,738.00,738.00,700.00,720.00,720.00,710.00,,720.00,,,1000,719750.00,4,F1,250,,,,,
2026-08-28,2026-08-28,CM,NSE,STK,760351,INE119201023,PARKHOSPS,EQ,,,,,PARK MEDI WORLD LIMITED,291.00,293.25,289.20,290.55,290.00,290.15,,290.52,,,253289,73746379.20,4719,F1,1,,,,,
2026-08-28,2026-08-28,CM,NSE,STK,22649,INE988S01028,PARKHOTELS,EQ,,,,,PARKHOTELS,112.89,115.00,111.51,112.33,113.50,112.11,,112.32,,,215724,24386118.10,2766,F1,1,,,,,
2026-08-28,2026-08-28,CM,NSE,STK,764833,INE383L01019,PARNAXLAB,EQ,,,,,PARNAX LAB LTD.,124.02,130.00,124.00,128.40,128.00,123.41,,128.40,,,1555,197825.54,20,F1,1,,,,,
2026-08-28,2026-08-28,CM,NSE,STK,13795,INE561H01026,PARSVNATH,BE,,,,,PARSVNATH DEVELOPER LTD,1.45,1.45,1.44,1.45,1.45,1.43,,1.45,,,2961572,4294174.46,355,F1,1,,,,,
2026-08-28,2026-08-28,CM,NSE,STK,758217,INE1H7V01011,PARTH,SM,,,,,PARTH ELEC & ENG LTD,478.00,504.00,460.00,498.95,494.00,478.00,,498.95,,,59200,29262520.00,29,F1,400,,,,,
2026-08-28,2026-08-28,CM,NSE,STK,2599,INE06ZX01015,PARTYCRUS,SM,,,,,PARTY CRUISERS LIMITED,76.10,85.00,76.10,83.50,83.50,78.55,,83.50,,,15000,1257500.00,15,F1,1000,,,,,
2026-08-28,2026-08-28,CM,NSE,STK,757955,INE124Y01028,PASHUPATI,EQ,,,,,PASHUPATI COTSPIN LIMITED,85.20,85.20,83.96,84.18,84.00,84.17,,84.18,,,9228,779982.84,469,F1,1,,,,,
2026-08-28,2026-08-28,CM,NSE,STK,6048,INE818B01023,PASUPTAC,BE,,,,,PASUPATI ACRYLON LIMITED,60.66,62.44,60.66,61.79,61.30,62.15,,61.79,,,19781,1218024.88,136,F1,1,,,,,
2026-08-28,2026-08-28,CM,NSE,STK,17029,INE619A01035,PATANJALI,EQ,,,,,PATANJALI FOODS LIMITED,349.00,349.80,345.35,348.45,348.45,348.25,,348.47,,,1099007,381855083.05,69149,F1,1,,,,,
2026-08-28,2026-08-28,CM,NSE,STK,758732,INE244B07243,1025PATE28,N0,,,,,PATE 10.25% 2028,99700.00,100000.00,99700.00,100000.00,100000.00,99500.00,,100000.00,,,6,599700.00,2,F1,1,,,,,
2026-08-28,2026-08-28,CM,NSE,STK,11699,INE244B01030,PATELENG,EQ,,,,,PATEL ENGINEERING LTD.,29.16,29.24,28.30,28.34,28.40,29.08,,28.34,,,1807723,51713141.62,5413,F1,1,,,,,
2026-08-28,2026-08-28,CM,NSE,STK,15223,INE529D01014,PATINTLOG,BE,,,,,PATEL INT. LOG. LTD,13.25,13.25,12.94,13.06,13.14,13.08,,13.06,,,24202,316706.24,122,F1,1,,,,,
2026-08-28,2026-08-28,CM,NSE,STK,759439,INE0R8B01010,PATELRMART,EQ,,,,,PATEL RETAIL LIMITED,234.38,236.90,230.00,232.68,233.13,234.25,,232.71,,,37968,8872685.79,1334,F1,1,,,,,
2026-08-28,2026-08-28,CM,NSE,STK,756963,INE17GV01016,PATILAUTOM,SM,,,,,PATIL AUTOMATION LIMITED,229.50,229.50,221.35,225.65,224.25,230.70,,225.65,,,51600,11672550.00,85,F1,600,,,,,
2026-08-28,2026-08-28,CM,NSE,STK,762834,INE291E01019,PML,EQ,,,,,PAUL MERCHANTS LTD.,491.30,491.30,482.05,485.15,482.05,498.00,,492.65,,,25,12201.85,15,F1,1,,,,,
2026-08-28,2026-08-28,CM,NSE,STK,759969,INE111F01024,PAUSHAKLTD,EQ,,,,,PAUSHAK LIMITED,732.20,789.90,732.20,776.70,781.00,738.20,,776.79,,,71076,55216985.05,5162,F1,1,,,,,
2026-08-28,2026-08-28,CM,NSE,STK,16192,INE07S101038,PAVNAIND,EQ,,,,,PAVNA INDUSTRIES LIMITED,18.21,18.90,18.21,18.47,18.26,18.51,,18.47,,,9166,170359.76,109,F1,1,,,,,
2026-08-28,2026-08-28,CM,NSE,STK,6656,INE417T01026,POLICYBZR,EQ,,,,,PB FINTECH LIMITED,1842.70,1844.80,1804.80,1811.50,1811.50,1837.90,,1811.50,,,344633,629247726.70,54124,F1,1,,,,,
2026-08-28,2026-08-28,CM,NSE,STK,29124,INE785M01021,PCJEWELLER,EQ,,,,,PC JEWELLER LTD,10.95,11.25,10.83,10.94,10.92,11.01,,10.94,,,360417197,3963334519.61,81595,F1,1,,,,,
2026-08-28,2026-08-28,CM,NSE,STK,2649,INE602A01031,PCBL,EQ,,,,,PCBL CHEMICAL LIMITED,323.00,326.80,321.15,322.10,322.60,323.00,,322.10,,,353232,114258725.35,9385,F1,1,,,,,
2026-08-28,2026-08-28,CM,NSE,STK,5264,INE111Q01021,PDSL,EQ,,,,,PDS LIMITED,367.30,371.95,364.05,369.75,366.70,366.55,,369.73,,,259144,95544766.50,9608,F1,1,,,,,
2026-08-28,2026-08-28,CM,NSE,STK,14260,INE940H01022,PGIL,EQ,,,,,PEARL GLOBAL IND LIMITED,2294.80,2333.10,2290.00,2314.30,2320.00,2294.80,,2314.30,,,24478,56626102.20,4977,F1,1,,,,,
2026-08-28,2026-08-28,CM,NSE,STK,2610,INE844A01013,PEARLPOLY,EQ,,,,,PEARL POLYMERS LTD,15.55,15.55,15.04,15.16,15.40,15.18,,15.11,,,9153,138883.01,45,F1,1,,,,,
2026-08-28,2026-08-28,CM,NSE,STK,25408,INE0VG601013,PELATRO,SM,,,,,PELATRO LIMITED,366.00,366.00,358.50,359.00,359.00,370.00,,359.00,,,4800,1736850.00,14,F1,300,,,,,
2026-08-28,2026-08-28,CM,NSE,STK,5358,INE138A01028,PENINLAND,BE,,,,,PENINSULA LAND LIMITED,17.28,17.52,16.99,16.99,16.99,17.88,,16.97,,,196026,3352890.25,301,F1,1,,,,,
2026-08-28,2026-08-28,CM,NSE,STK,20621,INE932A01024,PENIND,EQ,,,,,PENNAR INDUSTRIES LTD,160.91,163.90,159.00,162.28,162.20,160.90,,162.29,,,354594,57478217.78,4760,F1,1,,,,,
2026-08-28,2026-08-28,CM,NSE,STK,17132,INE0ORS01017,PENTAGON,SM,,,,,PENTAGON RUBBER LIMITED,51.00,51.00,51.00,51.00,51.00,50.55,,51.00,,,1000,51000.00,1,F1,1000,,,,,
2026-08-28,2026-08-28,CM,NSE,STK,758121,INE925S01012,PERFECT,SZ,,,,,PERFECT INFRAENGINEER LTD,2.00,2.00,2.00,2.00,2.00,2.10,,2.00,,,6000,12000.00,2,F1,3000,,,,,
2026-08-28,2026-08-28,CM,NSE,STK,764838,INE418E01018,PERMAGN,EQ,,,,,PERMANENT MAGNETS LTD.,875.00,907.40,870.05,893.95,889.00,869.45,,893.64,,,2754,2441417.75,387,F1,1,,,,,
2026-08-28,2026-08-28,CM,NSE,STK,18365,INE262H01021,PERSISTENT,EQ,,,,,PERSISTENT SYSTEMS LTD,5677.00,5910.00,5677.00,5875.00,5875.00,5654.00,,5874.84,,,957631,5584987716.50,69212,F1,1,,,,,
2026-08-28,2026-08-28,CM,NSE,STK,24290,INE998U01015,PCCL,SM,,,,,PETRO CARBON AND CHEMI L,370.00,393.00,361.10,391.90,392.90,381.00,,391.90,,,34000,13053700.00,73,F1,400,,,,,
2026-08-28,2026-08-28,CM,NSE,STK,11351,INE347G01014,PETRONET,EQ,,,,,PETRONET LNG LIMITED,291.00,292.85,290.05,292.00,292.00,290.95,,292.00,,,1164928,340064513.05,27110,F1,1,,,,,
2026-08-28,2026-08-28,CM,NSE,STK,760824,INE134E07DJ3,PFCL41A,NE,,,,,PFCL 0% 2041 SR V,1000.00,1000.00,1000.00,1000.00,1000.00,952.35,,1000.00,,,100,100000.00,1,F1,1,,,,,
2026-08-28,2026-08-28,CM,NSE,STK,760808,INE134E07DS4,705PFCL41,NA,,,,,PFCL 7.05% 2041 SR IV,1000.00,1000.00,1000.00,1000.00,1000.00,999.98,,1000.00,,,1,1000.00,1,F1,1,,,,,
2026-08-28,2026-08-28,CM,NSE,STK,760810,INE134E07DU0,730PFCL41,NC,,,,,PFCL 7.30% 2041 SR IV,1010.01,1010.01,1010.01,1010.01,1010.01,1010.00,,1010.01,,,26,26260.26,2,F1,1,,,,,
2026-08-28,2026-08-28,CM,NSE,STK,2643,INE182A01018,PFIZER,EQ,,,,,PFIZER LTD,4763.90,4778.40,4690.10,4703.80,4715.00,4740.40,,4703.51,,,26865,126891360.10,6799,F1,1,,,,,
2026-08-28,2026-08-28,CM,NSE,STK,759564,INE140A07773,935PFL33,N3,,,,,PFL 9.35% SR IV 20233,1095.03,1095.03,1095.03,1095.03,1095.03,1095.05,,1097.52,,,74,81032.22,1,F1,1,,,,,
2026-08-28,2026-08-28,CM,NSE,STK,25358,INE457L01029,PGEL,EQ,,,,,PG ELECTROPLAST LTD,596.00,598.70,584.15,585.85,585.85,596.00,,585.83,,,533664,314545227.10,11736,F1,1,,,,,
2026-08-28,2026-08-28,CM,NSE,STK,11612,INE0MLZ01019,PHANTOMFX,SM,,,,,PHANTOM DIGITAL EFF LTD,115.50,122.50,115.15,120.70,122.00,117.05,,120.70,,,12600,1500150.00,39,F1,300,,,,,
2026-08-28,2026-08-28,CM,NSE,STK,2658,INE245B01011,PHOENXINTL,EQ,,,,,PHOENIX INTERNATIONAL LTD,31.50,31.50,29.85,30.13,31.40,30.31,,30.13,,,2249,68406.59,39,F1,1,,,,,
2026-08-28,2026-08-28,CM,NSE,STK,25513,INE0FPO01018,PHOGLOBAL,SM,,,,,PHOENIX OVERSEAS LIMITED,15.20,15.20,15.20,15.20,15.20,16.00,,15.20,,,2000,30400.00,1,F1,2000,,,,,
2026-08-28,2026-08-28,CM,NSE,STK,759723,INE0LP301011,PWL,EQ,,,,,PHYSICSWALLAH LIMITED,124.68,124.74,118.25,119.46,119.30,124.09,,119.46,,,16232251,1947488502.57,90556,F1,1,,,,,
2026-08-28,2026-08-28,CM,NSE,STK,24184,INE603J01030,PIIND,EQ,,,,,PI INDUSTRIES LTD,2479.80,2493.70,2420.10,2420.10,2420.10,2467.00,,2420.23,,,249992,615039377.50,22311,F1,1,,,,,
2026-08-28,2026-08-28,CM,NSE,STK,757754,INE546C01010,PICCADIL,EQ,,,,,PICCADILY AGRO INDUSTRI L,654.80,658.40,649.20,651.25,651.00,653.85,,651.30,,,126218,82444915.65,6251,F1,1,,,,,
2026-08-28,2026-08-28,CM,NSE,STK,24785,INE0YAL01017,PPSL,SM,,,,,PICTUREPOST STUDIOS LTD,2.85,2.85,2.75,2.85,2.85,2.75,,2.85,,,54000,153450.00,17,F1,3000,,,,,
2026-08-28,2026-08-28,CM,NSE,STK,2664,INE318A01026,PIDILITIND,EQ,,,,,PIDILITE INDUSTRIES LTD,1656.00,1658.50,1617.00,1629.50,1629.50,1656.00,,1629.49,,,449546,732343391.50,23685,F1,1,,,,,
2026-08-28,2026-08-28,CM,NSE,STK,30835,INE600A01035,PILITA,EQ,,,,,PIL ITALICA LIFESTYLE LTD,8.27,8.30,7.75,7.93,7.99,8.11,,7.93,,,88732,711509.58,269,F1,1,,,,,
2026-08-28,2026-08-28,CM,NSE,STK,11445,INE417C01014,PILANIINVS,EQ,,,,,PILANI INV & IND COR LTD,4403.70,4419.50,4374.40,4387.90,4376.10,4363.80,,4387.90,,,520,2285204.40,156,F1,1,,,,,
2026-08-28,2026-08-28,CM,NSE,STK,759820,INE15B701018,PINELABS,EQ,,,,,PINE LABS LIMITED,170.50,170.50,164.15,165.07,165.88,169.67,,165.07,,,8248186,1378390893.67,41729,F1,1,,,,,
2026-08-28,2026-08-28,CM,NSE,STK,13463,INE156C01018,PIONEEREMB,EQ,,,,,PIONEER EMBROIDERIES LTD,22.00,22.00,21.75,21.95,21.95,21.98,,21.95,,,5645,123573.08,36,F1,1,,,,,
2026-08-28,2026-08-28,CM,NSE,STK,762832,INE746D01014,PIONRINV,BE,,,,,PIONEER INVESTCORP LTD.,76.69,83.00,76.69,82.45,82.45,80.72,,82.45,,,379,31218.81,11,F1,1,,,,,
2026-08-28,2026-08-28,CM,NSE,STK,759551,INE202B01038,PIRAMALFIN,EQ,,,,,PIRAMAL FINANCE LIMITED,2211.30,2299.90,2211.30,2278.40,2281.00,2228.70,,2278.39,,,394664,897425963.50,25565,F1,1,,,,,
2026-08-28,2026-08-28,CM,NSE,STK,11571,INE0DK501011,PPLPHARMA,EQ,,,,,PIRAMAL PHARMA LIMITED,215.40,220.00,214.61,218.68,217.90,214.95,,218.68,,,5418446,1181851387.50,47935,F1,1,,,,,
2026-08-28,2026-08-28,CM,NSE,STK,14134,INE450D01021,PITTIENG,EQ,,,,,PITTI ENGINEERING LIMITED,1140.00,1140.90,1113.35,1121.20,1118.00,1129.65,,1121.21,,,83398,93937822.55,5176,F1,1,,,,,
2026-08-28,2026-08-28,CM,NSE,STK,9087,INE751B01018,PIXTRANS,EQ,,,,,PIX TRANSMISSIONS LIMITED,1870.00,1870.00,1831.00,1843.30,1849.00,1863.60,,1843.31,,,12449,22976178.50,2113,F1,1,,,,,
2026-08-28,2026-08-28,CM,NSE,STK,13920,INE083C01022,PLASTIBLEN,EQ,,,,,PLASTIBLENDS INDIA LTD,189.95,191.69,188.08,189.56,188.40,189.24,,189.57,,,17406,3298648.51,439,F1,1,,,,,
2026-08-28,2026-08-28,CM,NSE,STK,22930,INE0PT501018,PLATIND,EQ,,,,,PLATINUM INDUSTRIES LTD,227.29,234.00,226.41,230.58,230.40,227.31,,230.59,,,79302,18289655.75,2135,F1,1,,,,,
2026-08-28,2026-08-28,CM,NSE,STK,19458,INE0INJ01017,PLAZACABLE,EQ,,,,,PLAZA WIRES LIMITED,52.60,53.86,51.31,53.86,53.86,51.30,,53.92,,,70633,3757527.65,500,F1,1,,,,,
2026-08-28,2026-08-28,CM,NSE,STK,8736,INE859A01011,PNBGILTS,EQ,,,,,PNB GILTS LIMITED,77.99,79.90,77.85,78.71,78.99,77.96,,78.71,,,258583,20404275.44,2003,F1,1,,,,,
2026-08-28,2026-08-28,CM,NSE,STK,18908,INE572E01012,PNBHOUSING,EQ,,,,,PNB HOUSING FIN LTD.,1174.60,1189.30,1158.00,1169.90,1169.90,1178.00,,1169.82,,,438325,511497920.60,18622,F1,1,,,,,
2026-08-28,2026-08-28,CM,NSE,STK,9385,INE195J01029,PNCINFRA,EQ,,,,,PNC INFRATECH LTD.,200.00,200.00,194.01,195.22,195.65,198.34,,195.23,,,361612,70781540.70,9331,F1,1,,,,,
2026-08-28,2026-08-28,CM,NSE,STK,760242,INE1RDG01013,PNGSREVA,EQ,,,,,PNGS REVA DIAMOND JEWEL L,547.65,554.45,536.10,542.25,544.35,542.90,,542.24,,,64170,34918717.45,2334,F1,1,,,,,
2026-08-28,2026-08-28,CM,NSE,STK,19036,INE371C01013,PODDARMENT,EQ,,,,,PODDAR PIGMENTS LIMITED,245.80,253.60,242.35,251.00,251.00,245.80,,251.00,,,1040,259493.90,55,F1,1,,,,,
2026-08-28,2026-08-28,CM,NSE,STK,17651,INE637C01025,POKARNA,EQ,,,,,POKARNA LIMITED,862.15,888.00,857.05,875.05,873.10,855.30,,875.05,,,62427,54436823.05,4133,F1,1,,,,,
2026-08-28,2026-08-28,CM,NSE,STK,25718,INE205C01021,POLYMED,EQ,,,,,POLY MEDICURE LIMITED,1707.20,1741.00,1681.70,1733.00,1739.50,1712.60,,1732.99,,,197416,338692355.80,16131,F1,1,,,,,
2026-08-28,2026-08-28,CM,NSE,STK,9590,INE455K01017,POLYCAB,EQ,,,,,POLYCAB INDIA LIMITED,9079.00,9103.00,9013.50,9088.00,9088.00,9079.00,,9088.04,,,252548,2288991120.00,30899,F1,1,,,,,
2026-08-28,2026-08-28,CM,NSE,STK,2687,INE633B01018,POLYPLEX,EQ,,,,,POLYPLEX CORPORATION LTD,1150.00,1190.90,1150.00,1184.40,1190.90,1149.20,,1184.38,,,71791,84594061.70,4947,F1,1,,,,,
2026-08-28,2026-08-28,CM,NSE,STK,22711,INE517M01028,POLYSIL,SM,,,,,POLYSIL IRRIGATION SYST L,54.00,55.25,54.00,55.25,55.25,52.65,,55.25,,,49000,2701325.00,54,F1,500,,,,,
2026-08-28,2026-08-28,CM,NSE,STK,765150,INE914G01029,POLYSPIN,EQ,,,,,POLYSPIN EXPORTS LTD.,31.93,31.93,28.06,29.52,30.79,31.93,,29.51,,,742,22443.62,23,F1,1,,,,,
2026-08-28,2026-08-28,CM,NSE,STK,14385,INE063E01061,POCL,EQ,,,,,PONDY OXIDES & CHEM LTD,514.55,514.55,499.75,509.20,510.00,511.30,,509.19,,,380141,192215085.85,9924,F1,1,,,,,
2026-08-28,2026-08-28,CM,NSE,STK,10661,INE838E01017,PONNIERODE,EQ,,,,,PONNIE SUGARS (ERODE) LTD,385.70,400.00,385.70,396.95,397.95,382.00,,397.00,,,38255,15066162.65,2618,F1,1,,,,,
2026-08-28,2026-08-28,CM,NSE,STK,11403,INE511C01022,POONAWALLA,EQ,,,,,POONAWALLA FINCORP LTD,482.60,486.25,475.00,479.05,477.85,482.35,,479.04,,,560278,268596376.55,17743,F1,1,,,,,
2026-08-28,2026-08-28,CM,NSE,STK,23142,INE772T01024,PVSL,EQ,,,,,POPULAR VEHICLES N SER L,106.00,109.00,100.50,102.11,101.71,106.08,,102.11,,,91563,9457811.18,1887,F1,1,,,,,
2026-08-28,2026-08-28,CM,NSE,STK,24864,INE0S3H01017,POSITRON,SM,,,,,POSITRON ENERGY LIMITED,169.95,170.50,165.25,168.30,168.50,167.45,,168.30,,,3600,605295.00,12,F1,300,,,,,
2026-08-28,2026-08-28,CM,NSE,STK,14299,INE134E01011,PFC,EQ,,,,,POWER FIN CORP LTD.,356.00,356.00,350.20,352.00,352.00,355.85,,352.00,,,6299577,2216248443.85,69166,F1,1,,,,,
2026-08-28,2026-08-28,CM,NSE,STK,14977,INE752E01010,POWERGRID,EQ,,,,,POWER GRID CORP. LTD.,266.05,267.35,265.05,266.05,266.05,264.90,,266.16,,,5112511,1362102627.40,37454,F1,1,,,,,
2026-08-28,2026-08-28,CM,NSE,STK,15716,INE557Z01018,PIGL,EQ,,,,,POWER INSTRUMENT (G) LTD,103.76,103.79,101.58,102.14,102.55,101.85,,102.14,,,14912,1524869.03,743,F1,1,,,,,
2026-08-28,2026-08-28,CM,NSE,STK,10473,INE211R01019,POWERMECH,EQ,,,,,POWER MECH PROJECTS LTD.,2547.40,2586.00,2546.20,2580.60,2579.00,2547.40,,2580.58,,,45314,116251084.90,6007,F1,1,,,,,
2026-08-28,2026-08-28,CM,NSE,STK,3494,INE0GGX23010,PGINVIT,IV,,,,,POWERGRID INFRA. INVITS,100.29,100.29,99.90,100.01,99.99,99.64,,100.01,,,711939,71207403.41,7215,F1,1,,,,,
2026-08-28,2026-08-28,CM,NSE,STK,761680,INE921L01032,POWERICA,EQ,,,,,POWERICA LIMITED,519.00,528.95,515.45,517.70,518.00,519.00,,517.77,,,65666,34039016.10,2537,F1,1,,,,,
2026-08-28,2026-08-28,CM,NSE,STK,15213,INE095I01015,PPAP,BE,,,,,PPAP AUTOMOTIVE LIMITED,263.00,266.00,256.00,259.25,262.95,260.45,,259.28,,,11623,3030399.80,240,F1,1,,,,,
2026-08-28,2026-08-28,CM,NSE,STK,30134,INE0I0M01023,PRABHA,EQ,,,,,PRABHA ENERGY LIMITED,208.52,211.30,203.49,207.77,210.95,206.86,,207.76,,,55823,11545844.15,591,F1,1,,,,,
2026-08-28,2026-08-28,CM,NSE,STK,762842,INE770A01010,PRADPME,BE,,,,,PRADEEP METALS LTD.,496.20,504.70,480.10,492.50,492.15,496.20,,497.22,,,8126,4041784.30,83,F1,1,,,,,
2026-08-28,2026-08-28,CM,NSE,STK,2705,INE074A01025,PRAJIND,EQ,,,,,PRAJ INDUSTRIES LTD,353.25,354.85,346.50,347.90,347.75,354.40,,347.90,,,438949,153559453.40,12836,F1,1,,,,,
2026-08-28,2026-08-28,CM,NSE,STK,13941,INE505C01016,PRAENG,EQ,,,,,PRAJAY ENG. SYN. LTD.,20.70,20.70,19.82,20.63,20.64,19.76,,20.63,,,33024,673156.84,127,F1,1,,,,,
2026-08-28,2026-08-28,CM,NSE,STK,2708,INE603A01013,PRAKASH,EQ,,,,,PRAKASH INDUSTRIES LTD,127.50,131.31,127.50,129.97,129.60,127.31,,129.97,,,419655,54320543.13,4550,F1,1,,,,,
2026-08-28,2026-08-28,CM,NSE,STK,10299,INE050001010,PPL,BE,,,,,PRAKASH PIPES LIMITED,263.95,265.50,259.95,263.75,263.75,259.95,,263.65,,,11224,2950350.95,227,F1,1,,,,,
2026-08-28,2026-08-28,CM,NSE,STK,19599,INE696K01024,PRAKASHSTL,EQ,,,,,PRAKASH STEELAGE LTD,3.88,4.06,3.70,3.92,3.92,3.88,,3.92,,,355098,1415989.53,359,F1,1,,,,,
2026-08-28,2026-08-28,CM,NSE,STK,18514,INE0O7A01017,PRAMARA,SM,,,,,PRAMARA PROMOTIONS LTD,114.00,115.45,109.00,112.10,113.00,110.00,,112.10,,,9000,1008925.00,15,F1,500,,,,,
2026-08-28,2026-08-28,CM,NSE,STK,765290,INE2JG601017,PRAMODINI,ST,,,,,PRAMODINI MEDICARE LTD,118.70,118.75,114.50,114.80,114.50,117.15,,114.80,,,73200,8476500.00,59,F1,1200,,,,,
2026-08-28,2026-08-28,CM,NSE,STK,25818,INE0VJG01014,PRANIK,SM,,,,,PRANIK LOGISTICS LIMITED,43.00,43.00,43.00,43.00,43.00,42.00,,43.00,,,4800,206400.00,2,F1,1600,,,,,
2026-08-28,2026-08-28,CM,NSE,STK,21840,INE393P01035,DIAMONDYD,EQ,,,,,PRATAAP SNACKS LIMITED,1170.10,1175.90,1150.00,1162.80,1169.00,1175.00,,1162.89,,,11325,13168302.40,1485,F1,1,,,,,
2026-08-28,2026-08-28,CM,NSE,STK,23113,INE0QA601016,PRATHAM,SM,,,,,PRATHAM EPC PROJECTS LTD,118.15,118.15,118.15,118.15,118.15,120.05,,118.15,,,400,47260.00,1,F1,400,,,,,
2026-08-28,2026-08-28,CM,NSE,STK,762844,INE722B01019,PRAVEG,EQ,,,,,PRAVEG LTD.,275.50,279.80,270.00,276.65,277.60,275.00,,276.60,,,24796,6801090.90,1398,F1,1,,,,,
2026-08-28,2026-08-28,CM,NSE,STK,1204,INE546Y01022,PRAXIS,EQ,,,,,PRAXIS HOME RETAIL LTD,5.18,5.18,4.95,4.96,4.95,4.98,,4.95,,,132169,662780.51,210,F1,1,,,,,
2026-08-28,2026-08-28,CM,NSE,STK,12603,INE484I01029,PRECAM,EQ,,,,,PRECISION CAMSHAFTS LTD.,125.70,128.00,124.76,126.33,125.81,125.80,,126.30,,,182688,23095160.08,3912,F1,1,,,,,
2026-08-28,2026-08-28,CM,NSE,STK,2717,INE372C01037,PRECWIRE,EQ,,,,,PRECISION WIRES INDIA LTD,422.80,507.35,421.70,507.35,507.35,422.80,,507.47,,,8561415,4160789657.35,133706,F1,1,,,,,
2026-08-28,2026-08-28,CM,NSE,STK,2711,INE283A01014,PRECOT,EQ,,,,,PRECOT LIMITED,712.00,720.10,681.50,701.50,707.05,703.75,,701.50,,,4311,3064704.80,340,F1,1,,,,,
2026-08-28,2026-08-28,CM,NSE,STK,762849,INE001E01012,PREMCO,EQ,,,,,PREMCO GLOBAL LTD.,384.35,389.30,378.00,381.20,386.95,384.35,,381.20,,,117,44828.45,19,F1,1,,,,,
2026-08-28,2026-08-28,CM,NSE,STK,25049,INE0BS701011,PREMIERENE,EQ,,,,,PREMIER ENERGIES LIMITED,994.90,1019.00,973.00,1013.90,1013.90,1000.00,,1013.90,,,2307505,2305299150.90,64112,F1,1,,,,,
2026-08-28,2026-08-28,CM,NSE,STK,17397,INE863B01029,PREMEXPLN,EQ,,,,,PREMIER EXPLOSIVES LTD,666.45,668.00,661.10,662.75,663.80,666.25,,662.75,,,72917,48345449.80,1353,F1,1,,,,,
2026-08-28,2026-08-28,CM,NSE,STK,6248,INE342A01018,PREMIER,BE,,,,,PREMIER LIMITED,2.97,2.97,2.90,2.90,2.92,2.83,,2.88,,,4568,13394.13,25,F1,1,,,,,
2026-08-28,2026-08-28,CM,NSE,STK,3908,INE309M01020,PREMIERPOL,EQ,,,,,PREMIER POLYFILM LTD,96.00,97.99,92.50,93.86,94.40,95.21,,93.90,,,522731,49933040.69,5557,F1,1,,,,,
2026-08-28,2026-08-28,CM,NSE,STK,23764,INE0CFG01012,PRLIND,SM,,,,,PREMIER ROADLINES LIMITED,42.60,43.20,42.20,42.60,42.45,42.60,,42.60,,,17000,723700.00,15,F1,1000,,,,,
2026-08-28,2026-08-28,CM,NSE,STK,25898,INE0M1F01011,PREMIUM,SM,,,,,PREMIUM PLAST LIMITED,39.85,40.00,39.85,40.00,40.00,37.75,,40.00,,,15000,599250.00,5,F1,3000,,,,,
2026-08-28,2026-08-28,CM,NSE,STK,20498,INE0R1601012,PRESSTONIC,SM,,,,,PRESSTONIC ENGINEERING L,37.20,37.20,35.15,35.15,35.15,37.70,,35.15,,,28000,1013800.00,29,F1,800,,,,,
2026-08-28,2026-08-28,CM,NSE,STK,20302,INE811K01011,PRESTIGE,EQ,,,,,PRESTIGE ESTATE LTD,1624.00,1628.50,1584.50,1588.00,1588.00,1623.00,,1588.00,,,274021,437438750.40,13229,F1,1,,,,,
2026-08-28,2026-08-28,CM,NSE,STK,19631,INE726V01018,PRICOLLTD,EQ,,,,,PRICOL LIMITED,769.00,780.75,767.05,770.65,770.00,776.70,,770.63,,,244858,189240447.40,23252,F1,1,,,,,
2026-08-28,2026-08-28,CM,NSE,STK,759075,INE0CQA01020,PRIMECAB,ST,,,,,PRIME CABLE INDUSTRIES L,201.95,205.00,201.95,204.00,204.00,205.10,,204.00,,,4800,977520.00,3,F1,1600,,,,,
2026-08-28,2026-08-28,CM,NSE,STK,13496,INE367G01038,PFOCUS,EQ,,,,,PRIME FOCUS LIMITED,296.90,299.45,292.35,294.40,294.60,295.65,,294.39,,,166516,49101931.25,4526,F1,1,,,,,
2026-08-28,2026-08-28,CM,NSE,STK,11864,INE032B01021,PRIMESECU,EQ,,,,,PRIME SECURITIES LIMITED,281.35,292.00,276.05,287.85,287.00,279.90,,287.91,,,13466,3836395.45,349,F1,1,,,,,
2026-08-28,2026-08-28,CM,NSE,STK,756925,INE607A01022,PRIMO,EQ,,,,,PRIMO CHEMICALS LIMITED,21.65,21.65,21.00,21.33,21.30,21.49,,21.33,,,100284,2139243.57,1413,F1,1,,,,,
2026-08-28,2026-08-28,CM,NSE,STK,16045,INE689W01016,PRINCEPIPE,EQ,,,,,PRINCE PIPES FITTINGS LTD,295.65,297.40,291.40,293.45,294.40,295.65,,293.45,,,114876,33763962.45,2840,F1,1,,,,,
2026-08-28,2026-08-28,CM,NSE,STK,2739,INE010A01011,PRSMJOHNSN,EQ,,,,,PRISM JOHNSON LIMITED,111.60,111.80,111.00,111.18,111.00,111.16,,111.17,,,298381,33209495.17,4232,F1,1,,,,,
2026-08-28,2026-08-28,CM,NSE,STK,765155,INE286N01028,PRISMX,EQ,,,,,PRISMX GLOBAL VENTURES L,0.53,0.55,0.53,0.55,0.55,0.53,,0.55,,,134404,72715.19,84,F1,1,,,,,
2026-08-28,2026-08-28,CM,NSE,STK,8310,INE974Z01015,PRITI,BE,,,,,PRITI INTERNATIONAL LTD,34.10,34.90,33.55,34.35,34.00,34.20,,34.35,,,6387,219348.92,68,F1,1,,,,,
2026-08-28,2026-08-28,CM,NSE,STK,5296,INE583R01029,PRITIKAUTO,BE,,,,,PRITIKA AUTO INDUS LTD,16.81,17.40,16.81,17.09,17.20,17.25,,17.09,,,46447,795216.05,293,F1,1,,,,,
2026-08-28,2026-08-28,CM,NSE,STK,12971,INE0MJQ01020,PRITIKA,SM,,,,,PRITIKA ENG COMPO LTD,58.55,62.00,58.55,61.80,61.60,61.80,,61.80,,,20000,1229500.00,5,F1,2000,,,,,
2026-08-28,2026-08-28,CM,NSE,STK,9342,INE392B01011,PNC,EQ,,,,,PRITISH NANDY COMMUNICATI,17.52,17.80,16.25,16.99,17.25,17.44,,17.01,,,9376,161001.46,210,F1,1,,,,,
2026-08-28,2026-08-28,CM,NSE,STK,8825,INE959A01019,PRIVISCL,EQ,,,,,PRIVI SPECIALITY CHE LTD,3450.10,3490.00,3402.50,3458.00,3404.00,3456.60,,3458.04,,,21368,74067016.70,6003,F1,1,,,,,
2026-08-28,2026-08-28,CM,NSE,STK,24511,INE0V9N01017,PRIZOR,ST,,,,,PRIZOR VIZTECH LIMITED,1087.40,1087.40,1087.40,1087.40,1087.40,1066.10,,1087.40,,,8400,9134160.00,11,F1,400,,,,,
2026-08-28,2026-08-28,CM,NSE,STK,757806,INE0VJT01017,PROFX,SM,,,,,PRO FX TECH LIMITED,78.10,78.10,78.10,78.10,78.10,76.80,,78.10,,,1600,124960.00,1,F1,1600,,,,,
2026-08-28,2026-08-28,CM,NSE,STK,940,INE199A01012,PGHL,EQ,,,,,PROCTER & GAMBLE HEALTH L,5750.00,5750.00,5640.00,5670.50,5690.00,5722.50,,5670.49,,,12108,68766537.50,3706,F1,1,,,,,
2026-08-28,2026-08-28,CM,NSE,STK,19352,INE994V01012,PROLIFE,SM,,,,,PROLIFE INDUSTRIES LTD,82.00,82.00,80.50,80.50,80.50,79.00,,80.50,,,1000,81250.00,2,F1,500,,,,,
2026-08-28,2026-08-28,CM,NSE,STK,764345,INE1FFX01018,PROPSHOP,SM,,,,,PROPSHOP EVENTS AND EXH L,75.00,80.00,72.50,74.65,74.00,74.70,,74.65,,,338000,25885400.00,153,F1,2000,,,,,
2026-08-28,2026-08-28,CM,NSE,STK,758173,INE0BX301013,PROSTARM,EQ,,,,,PROSTARM INFO SYSTEMS LTD,131.64,136.40,131.64,135.31,135.10,132.52,,135.32,,,167124,22481068.34,2742,F1,1,,,,,
2026-08-28,2026-08-28,CM,NSE,STK,29472,INE004A01022,PROTEAN,EQ,,,,,PROTEAN EGOV TECHNO LTD,548.00,554.00,537.65,539.75,540.00,556.90,,539.74,,,283361,153255199.95,9894,F1,1,,,,,
2026-08-28,2026-08-28,CM,NSE,STK,16483,INE0ONE01016,PROV,SM,,,,,PROVENTUS AGROCOM LIMITED,1880.00,1881.00,1880.00,1881.00,1881.00,1880.00,,1881.00,,,160,300880.00,2,F1,80,,,,,
2026-08-28,2026-08-28,CM,NSE,STK,28859,INE195N01013,PROZONER,EQ,,,,,PROZONE REALTY LIMITED,45.25,45.25,43.10,44.91,45.02,44.21,,44.91,,,198541,8787082.16,1247,F1,1,,,,,
2026-08-28,2026-08-28,CM,NSE,STK,9553,INE00F201020,PRUDENT,EQ,,,,,PRUDENT CORP ADV SER LTD,3485.00,3485.00,3361.60,3421.30,3425.00,3473.50,,3421.18,,,26505,90221251.60,4907,F1,1,,,,,
2026-08-28,2026-08-28,CM,NSE,STK,20528,INE024D01016,PRUDMOULI,BE,,,,,PRUDENTIAL SUGAR CORPORAT,16.28,16.85,15.50,16.21,16.21,16.11,,16.22,,,16659,272427.47,69,F1,1,,,,,
2026-08-28,2026-08-28,CM,NSE,STK,20877,INE488V01015,PSPPROJECT,EQ,,,,,PSP PROJECTS LIMITED,903.00,903.25,885.00,889.00,889.00,901.20,,888.99,,,29015,25959939.25,1547,F1,1,,,,,
2026-08-28,2026-08-28,CM,NSE,STK,22602,INE560K01014,PFS,EQ,,,,,PTC INDIA FIN SERV LTD,27.16,27.40,26.88,26.95,27.00,27.24,,26.95,,,438006,11835130.72,2067,F1,1,,,,,
2026-08-28,2026-08-28,CM,NSE,STK,11355,INE877F01012,PTC,EQ,,,,,PTC INDIA LIMITED,158.00,158.11,156.01,157.69,157.65,157.96,,157.69,,,1285321,201654105.75,13589,F1,1,,,,,
2026-08-28,2026-08-28,CM,NSE,STK,16682,INE596F01018,PTCIL,EQ,,,,,PTC INDUSTRIES LIMITED,20625.00,22215.00,20622.00,22110.00,22050.00,20622.00,,22110.21,,,100300,2184445054.00,29062,F1,1,,,,,
2026-08-28,2026-08-28,CM,NSE,STK,14101,INE034D01049,PTL,EQ,,,,,PTL ENTERPRISES LTD,38.64,38.64,38.20,38.53,38.50,38.41,,38.53,,,26069,1002480.10,614,F1,1,,,,,
2026-08-28,2026-08-28,CM,NSE,STK,15377,INE865T01018,PDMJEPAPER,EQ,,,,,PUDUMJEE PAPER PRO. LTD,88.10,95.90,87.70,94.98,95.90,87.52,,94.95,,,465662,43432055.93,4175,F1,1,,,,,
2026-08-28,2026-08-28,CM,NSE,STK,507,INE335X01014,PULZ,SM,,,,,PULZ ELECTRONICS LIMITED,22.50,22.50,22.35,22.35,22.35,23.00,,22.35,,,12000,268800.00,5,F1,2000,,,,,
2026-08-28,2026-08-28,CM,NSE,STK,21001,INE608A01012,PSB,EQ,,,,,PUNJAB & SIND BANK,23.30,23.34,23.10,23.14,23.18,23.32,,23.14,,,680020,15770371.71,2585,F1,1,,,,,
2026-08-28,2026-08-28,CM,NSE,STK,4344,INE277B01014,PUNJABCHEM,EQ,,,,,PUNJAB CHEM & CROP PROT L,1124.60,1164.20,1111.10,1126.90,1124.10,1112.80,,1126.90,,,9103,10382374.00,846,F1,1,,,,,
2026-08-28,2026-08-28,CM,NSE,STK,10666,INE160A01022,PNB,EQ,,,,,PUNJAB NATIONAL BANK,114.81,115.75,114.42,115.40,115.40,115.40,,115.40,,,8502644,979841598.81,29536,F1,1,,,,,
2026-08-28,2026-08-28,CM,NSE,STK,14922,INE323I01011,PURVA,EQ,,,,,PURAVANKARA LIMITED,214.20,216.85,212.93,215.78,214.80,214.22,,215.80,,,85702,18440397.01,3376,F1,1,,,,,
2026-08-28,2026-08-28,CM,NSE,STK,28044,INE0P5R01014,PURPLEUTED,ST,,,,,PURPLE UNITED SALES LTD,424.00,428.00,415.00,415.75,415.00,422.60,,415.75,,,12250,5134462.50,39,F1,250,,,,,
2026-08-28,2026-08-28,CM,NSE,STK,22938,INE0R6C01012,PURVFLEXI,SM,,,,,PURV FLEXIPACK LIMITED,49.10,49.10,49.10,49.10,49.10,46.80,,49.10,,,800,39280.00,1,F1,800,,,,,
2026-08-28,2026-08-28,CM,NSE,STK,757683,INE154801018,PUSHPA,SM,,,,,PUSHPA JEWELLERS LIMITED,113.75,113.75,110.95,113.60,113.75,113.75,,113.60,,,9000,1015200.00,6,F1,1000,,,,,
2026-08-28,2026-08-28,CM,NSE,STK,4010,INE362A01016,PVP,EQ,,,,,PVP VENTURES LIMITED,65.00,65.22,63.90,65.22,65.22,62.12,,65.22,,,1739968,113254991.88,1971,F1,1,,,,,
2026-08-28,2026-08-28,CM,NSE,STK,13147,INE191H01014,PVRINOX,EQ,,,,,PVR INOX LIMITED,1234.90,1242.80,1215.10,1220.90,1219.70,1236.30,,1220.92,,,210854,258178410.50,15691,F1,1,,,,,
2026-08-28,2026-08-28,CM,NSE,STK,18250,INE0MIS01010,PYRAMID,EQ,,,,,PYRAMID TECHNOPLAST LTD,160.00,160.01,158.50,159.89,160.00,159.99,,159.89,,,27568,4394690.84,505,F1,1,,,,,
2026-08-28,2026-08-28,CM,NSE,STK,763594,INE1G2W01011,QLINE,SM,,,,,Q-LINE BIOTECH LIMITED,532.00,552.00,525.05,548.95,551.00,528.30,,548.95,,,129600,69634480.00,278,F1,400,,,,,
2026-08-28,2026-08-28,CM,NSE,STK,751653,INE0FMW01018,QMSMEDI,BE,,,,,QMS MEDICAL ALLIED S LTD,152.00,154.70,151.00,151.89,153.95,151.88,,151.89,,,10622,1620724.21,94,F1,1,,,,,
2026-08-28,2026-08-28,CM,NSE,STK,29087,INE0LRY01011,QUADFUTURE,EQ,,,,,QUADRANT FUTURE TEK LTD,434.80,445.00,424.25,429.20,425.50,432.55,,429.21,,,767293,334891062.35,15958,F1,1,,,,,
2026-08-28,2026-08-28,CM,NSE,STK,29711,INE0SII01026,QPOWER,EQ,,,,,QUALITY POWER ELEC EQUP L,1390.00,1431.20,1359.70,1431.20,1431.20,1363.10,,1431.20,,,582162,825318479.70,19149,F1,1,,,,,
2026-08-28,2026-08-28,CM,NSE,STK,15330,INF082J01408,QGOLDHALF,EQ,,,,,QUANTUM GOLD ETF,130.00,132.00,129.60,131.17,131.35,130.48,,131.17,,,143359,18727903.22,1804,F1,1,,,,,
2026-08-28,2026-08-28,CM,NSE,STK,16819,INF082J01499,QNIFTY,EQ,,,,,QUANTUM NIFTY 50 ETF,271.51,271.51,263.01,266.31,266.20,266.19,,266.31,,,1049,278960.45,98,F1,1,,,,,
2026-08-28,2026-08-28,CM,NSE,STK,765392,INF966L01EI5,SILVER001,EQ,,,,,QUANT_AMC - SILVER001,24.00,24.89,23.20,24.40,24.40,23.91,,24.40,,,25737,625691.78,124,F1,1,,,,,
2026-08-28,2026-08-28,CM,NSE,STK,17704,INE615P01015,QUESS,EQ,,,,,QUESS CORP LIMITED,357.00,374.70,356.85,372.25,374.15,356.95,,372.25,,,722192,266686047.15,28257,F1,1,,,,,
2026-08-28,2026-08-28,CM,NSE,STK,23793,INE0TNW01017,QUESTLAB,SM,,,,,QUEST LABORATORIES LTD,88.50,89.05,87.45,88.00,88.00,87.25,,88.00,,,69600,6127440.00,11,F1,1200,,,,,
2026-08-28,2026-08-28,CM,NSE,STK,13131,INE306L01010,QUICKHEAL,BE,,,,,QUICK HEAL TECH LTD,136.77,139.41,135.50,138.73,138.79,137.10,,138.73,,,35106,4832198.19,699,F1,1,,,,,
2026-08-28,2026-08-28,CM,NSE,STK,15285,INE0K4D01020,QUICKTOUCH,SM,,,,,QUICKTOUCH TECHNOLOGIES L,16.15,16.15,16.05,16.05,16.05,16.15,,16.05,,,1500,24125.00,2,F1,500,,,,,
2026-08-28,2026-08-28,CM,NSE,STK,762854,INE641R01017,QUINT,EQ,,,,,QUINT DIGITAL LTD.,41.00,42.00,40.00,40.74,41.00,40.26,,40.80,,,5809,235928.99,71,F1,1,,,,,
2026-08-28,2026-08-28,CM,NSE,STK,24957,INE0KZF01015,QVCEL,SM,,,,,QVC EXPORTS LIMITED,26.20,27.40,26.20,27.10,27.10,26.20,,27.10,,,4800,129120.00,3,F1,1600,,,,,
2026-08-28,2026-08-28,CM,NSE,STK,23043,INE0NQ801033,RKSWAMY,EQ,,,,,R K SWAMY LIMITED,94.06,95.21,92.90,93.82,94.50,94.01,,93.83,,,42695,3988185.81,874,F1,1,,,,,
2026-08-28,2026-08-28,CM,NSE,STK,757836,INE219Y01026,RMDRIP,BE,,,,,R M DRIP & SPRINK SYS LTD,19.70,20.50,19.70,20.43,20.40,19.80,,20.43,,,411572,8328547.20,866,F1,1,,,,,
2026-08-28,2026-08-28,CM,NSE,STK,762864,INE951M01037,RRIL,EQ,,,,,R R I L LTD.,16.68,17.88,16.68,16.71,16.69,17.27,,16.80,,,13971,236269.20,84,F1,1,,,,,
2026-08-28,2026-08-28,CM,NSE,STK,18566,INE777K01022,RRKABEL,EQ,,,,,R R KABEL LIMITED,2843.30,2925.00,2840.00,2905.20,2908.00,2830.10,,2905.19,,,629274,1820567662.50,47503,F1,1,,,,,
2026-08-28,2026-08-28,CM,NSE,STK,762872,INE616F01022,RSDFIN,BE,,,,,R S D FINANCE LTD.,100.39,105.67,100.39,100.39,100.39,105.67,,100.39,,,2229,225034.13,41,F1,1,,,,,
2026-08-28,2026-08-28,CM,NSE,STK,13414,INE411H01032,RSYSTEMS,EQ,,,,,R SYS INTERNATIONAL LTD,238.25,248.70,238.20,246.75,246.50,239.10,,246.76,,,253785,62134350.35,5231,F1,1,,,,,
2026-08-28,2026-08-28,CM,NSE,STK,764855,INE005C01017,RTSPOWR,EQ,,,,,R T S POWER CORPN. LTD.,91.67,94.99,86.38,88.30,90.84,89.44,,88.83,,,2791,250693.90,123,F1,1,,,,,
2026-08-28,2026-08-28,CM,NSE,STK,758981,INE012Q01039,RNBDENIMS,EQ,,,,,R&B DENIMS LIMITED,9.68,9.83,9.68,9.83,9.83,9.37,,9.83,,,166097,1621008.65,189,F1,1,,,,,
2026-08-28,2026-08-28,CM,NSE,STK,6429,INE165B01029,RSSOFTWARE,EQ,,,,,R. S. SOFTWARE (INDIA) LI,33.94,33.94,31.29,31.29,31.29,32.93,,31.30,,,71139,2253032.06,259,F1,1,,,,,
2026-08-28,2026-08-28,CM,NSE,STK,20760,INE324L01013,RPPINFRA,EQ,,,,,R.P.P INFRA PROJECTS LTD,57.50,57.90,53.60,53.83,54.40,57.53,,53.83,,,228233,12575365.61,3462,F1,1,,,,,
2026-08-28,2026-08-28,CM,NSE,STK,762244,INE2PB023011,RIIT,IV,,,,,RAAJMARG INFRA INVEST T,123.00,123.00,121.26,121.48,121.50,121.54,,121.49,,,175206,21329555.04,1593,F1,1,,,,,
2026-08-28,2026-08-28,CM,NSE,STK,15391,INE084Q01012,RACE,EQ,,,,,RACE ECO CHAIN LIMITED,101.59,103.39,99.50,100.55,99.85,101.59,,100.71,,,5538,557658.05,68,F1,1,,,,,
2026-08-28,2026-08-28,CM,NSE,STK,9854,INE02OY01016,RILINFRA,SM,,,,,RACHANA INFRA LTD,36.50,36.50,35.55,35.90,35.95,35.60,,35.90,,,5600,200430.00,29,F1,100,,,,,
2026-08-28,2026-08-28,CM,NSE,STK,27171,INE704B01017,RACLGEAR,EQ,,,,,RACL GEARTECH LIMITED,1528.80,1562.00,1503.10,1538.60,1549.10,1528.80,,1538.50,,,49159,75640382.20,5188,F1,1,,,,,
2026-08-28,2026-08-28,CM,NSE,STK,10932,INE874F01027,RADAAN,EQ,,,,,RADAAN MEDIAWORKS (I) LTD,3.01,3.14,2.90,3.12,3.14,3.01,,3.12,,,52812,162198.65,105,F1,1,,,,,
2026-08-28,2026-08-28,CM,NSE,STK,10343,INE583V01021,RADHIKAJWE,EQ,,,,,RADHIKA JEWELTECH LIMITED,70.33,70.67,68.50,68.76,68.50,70.33,,68.76,,,243664,16957685.40,2653,F1,1,,,,,
2026-08-28,2026-08-28,CM,NSE,STK,13580,INE855R01021,RADIANTCMS,EQ,,,,,RADIANT CASH MGMT SER LTD,40.99,40.99,39.16,39.27,39.20,40.41,,39.27,,,253157,10016369.15,2309,F1,1,,,,,
2026-08-28,2026-08-28,CM,NSE,STK,10990,INE944F01028,RADICO,EQ,,,,,RADICO KHAITAN LTD,4600.80,4615.00,4574.30,4605.00,4605.00,4606.00,,4605.00,,,140966,648757080.20,15768,F1,1,,,,,
2026-08-28,2026-08-28,CM,NSE,STK,23445,INE430U01019,RADIOWALLA,ST,,,,,RADIOWALLA NETWORK LTD,27.50,27.50,27.50,27.50,27.50,27.00,,27.50,,,20800,572000.00,8,F1,1600,,,,,
2026-08-28,2026-08-28,CM,NSE,STK,24735,INE912T01018,RPEL,EQ,,,,,RAGHAV PRODUCTIVITY ENH L,1742.00,1798.00,1719.40,1748.40,1745.00,1745.40,,1748.47,,,91921,161496194.10,10758,F1,1,,,,,
2026-08-28,2026-08-28,CM,NSE,STK,9552,INE415G01027,RVNL,EQ,,,,,RAIL VIKAS NIGAM LIMITED,217.00,217.10,214.00,214.22,214.22,216.00,,214.23,,,2941255,633446901.03,31709,F1,1,,,,,
2026-08-28,2026-08-28,CM,NSE,STK,2431,INE0DD101019,RAILTEL,EQ,,,,,RAILTEL CORP OF IND LTD,279.00,282.60,278.10,278.90,279.00,279.05,,278.90,,,365408,102333912.20,8994,F1,1,,,,,
2026-08-28,2026-08-28,CM,NSE,STK,15337,INE855B01025,RAIN,EQ,,,,,RAIN INDUSTRIES LIMITED,194.50,200.40,194.50,199.31,199.30,194.38,,199.31,,,2589958,514081310.46,16239,F1,1,,,,,
2026-08-28,2026-08-28,CM,NSE,STK,9408,INE961O01016,RAINBOW,EQ,,,,,RAINBOW CHILDRENS MED LTD,1441.00,1457.80,1430.60,1442.80,1439.80,1441.00,,1442.66,,,68321,98513590.00,9066,F1,1,,,,,
2026-08-28,2026-08-28,CM,NSE,STK,359,INE294G01026,ROML,EQ,,,,,RAJ OIL MILLS LIMITED,41.11,43.00,41.01,42.58,43.00,40.61,,42.56,,,10850,458296.92,44,F1,1,,,,,
2026-08-28,2026-08-28,CM,NSE,STK,8428,INE533D01032,RAJRILTD,BE,,,,,RAJ RAYON INDUSTRIES LTD,23.18,23.18,22.61,23.03,23.00,23.07,,23.03,,,43048,989768.97,90,F1,1,,,,,
2026-08-28,2026-08-28,CM,NSE,STK,14403,INE952H01027,RAJTV,EQ,,,,,RAJ TV NETWORK LTD,10.78,10.79,10.16,10.40,10.59,10.43,,10.42,,,9950,104465.94,109,F1,1,,,,,
2026-08-28,2026-08-28,CM,NSE,STK,762859,INE296E01026,RAJPALAYAM,EQ,,,,,RAJAPALAYAM MILLS LTD.,827.00,827.00,805.10,813.85,814.00,810.00,,813.85,,,311,252242.85,37,F1,1,,,,,
2026-08-28,2026-08-28,CM,NSE,STK,181,INE610C01014,ARENTERP,EQ,,,,,RAJDARSHAN INDUSTRIES LTD,37.00,37.29,36.01,37.29,37.29,37.29,,37.29,,,634,23551.12,41,F1,1,,,,,
2026-08-28,2026-08-28,CM,NSE,STK,760461,INE343B01030,RAJESHEXPO,BZ,,,,,RAJESH EXPORTS LTD,77.00,77.90,75.00,76.81,76.90,76.46,,76.79,,,62512,4767248.96,1015,F1,1,,,,,
2026-08-28,2026-08-28,CM,NSE,STK,19681,INE0BZQ01011,RCDL,SM,,,,,RAJGOR CASTOR DERIVATI L,19.00,19.00,18.00,18.00,18.00,19.00,,18.00,,,6000,111000.00,2,F1,3000,,,,,
2026-08-28,2026-08-28,CM,NSE,STK,2168,INE00KV01022,RAJMET,EQ,,,,,RAJNANDINI METAL LIMITED,3.20,3.26,3.10,3.13,3.14,3.13,,3.13,,,310902,977470.02,728,F1,1,,,,,
2026-08-28,2026-08-28,CM,NSE,STK,757052,INE535F01024,RAJOOENG,BE,,,,,RAJOO ENGINEERS LIMITED,49.49,50.00,49.10,49.27,49.25,49.49,,49.27,,,90221,4458118.66,498,F1,1,,,,,
2026-08-28,2026-08-28,CM,NSE,STK,27269,INE0VHU01019,RAJPUTANA,SM,,,,,RAJPUTANA BIODIESEL LTD,241.95,241.95,231.00,231.35,231.00,236.10,,231.35,,,5500,1301000.00,10,F1,500,,,,,
2026-08-28,2026-08-28,CM,NSE,STK,761439,INE313L01016,RSL,EQ,,,,,RAJPUTANA STAINLESS LTD,178.00,178.00,172.02,177.49,177.10,172.47,,177.50,,,1753430,307194399.23,8540,F1,1,,,,,
2026-08-28,2026-08-28,CM,NSE,STK,18962,INE451D01029,RAJRATAN,EQ,,,,,RAJRATAN GLOBAL WIRE LTD,492.95,500.00,487.00,496.65,495.00,489.55,,496.67,,,77735,38402039.45,4274,F1,1,,,,,
2026-08-28,2026-08-28,CM,NSE,STK,6915,INE760W01023,RPPL,BE,,,,,RAJSHREE POLYPACK LTD,22.55,23.69,22.15,23.07,23.00,22.79,,23.07,,,18516,425767.68,76,F1,1,,,,,
2026-08-28,2026-08-28,CM,NSE,STK,2809,INE562B01019,RAJSREESUG,EQ,,,,,RAJSHREE SUGAR & CHEMICAL,36.20,36.92,35.76,36.49,36.40,35.25,,36.50,,,62645,2288199.68,544,F1,1,,,,,
2026-08-28,2026-08-28,CM,NSE,STK,2816,INE613A01020,RALLIS,EQ,,,,,RALLIS INDIA LTD,210.99,212.58,209.00,209.63,209.11,210.24,,209.65,,,387772,81702074.23,14835,F1,1,,,,,
2026-08-28,2026-08-28,CM,NSE,STK,10485,INE207E01023,RAMRAT,EQ,,,,,RAM RATNA WIRES LIMITED,570.50,602.45,562.10,591.90,586.20,569.60,,591.91,,,1319098,778266482.65,42547,F1,1,,,,,
2026-08-28,2026-08-28,CM,NSE,STK,10568,INE809A01032,RAMAPHO,EQ,,,,,RAMA PHOSPHATES LIMITED,124.13,128.59,124.13,125.80,125.86,126.56,,125.80,,,27862,3521318.40,535,F1,1,,,,,
2026-08-28,2026-08-28,CM,NSE,STK,10304,INE230R01035,RAMASTEEL,BE,,,,,RAMA STEEL TUBES LIMITED,4.41,4.41,4.41,4.41,4.41,4.33,,4.40,,,706510,3115709.10,614,F1,1,,,,,
2026-08-28,2026-08-28,CM,NSE,STK,4587,INE614A01028,RAMCOIND,EQ,,,,,RAMCO INDUSTRIES LIMITED,342.70,342.80,332.50,335.70,336.75,341.60,,335.71,,,124642,41836588.65,3027,F1,1,,,,,
2026-08-28,2026-08-28,CM,NSE,STK,7851,INE246B01019,RAMCOSYS,EQ,,,,,RAMCO SYSTEMS LTD.,556.25,584.00,556.25,578.40,578.95,556.20,,578.36,,,177179,101882020.90,6597,F1,1,,,,,
2026-08-28,2026-08-28,CM,NSE,STK,23565,INE0RJH01010,RBS,SM,,,,,RAMDEVBABA SOLVENT LTD,89.00,92.80,89.00,92.80,92.80,90.00,,92.80,,,10400,951040.00,8,F1,800,,,,,
2026-08-28,2026-08-28,CM,NSE,STK,11411,INE399G01023,RKFORGE,EQ,,,,,RAMKRISHNA FORGINGS LTD,720.95,753.00,720.15,751.25,752.80,716.65,,751.25,,,1361521,1009772993.60,47363,F1,1,,,,,
2026-08-28,2026-08-28,CM,NSE,STK,20134,INE874I01013,RAMKY,EQ,,,,,RAMKY INFRA LTD,362.85,364.70,357.20,358.50,360.00,362.75,,358.49,,,29709,10707341.50,1240,F1,1,,,,,
2026-08-28,2026-08-28,CM,NSE,STK,2837,INE625B01014,RANASUG,EQ,,,,,RANA SUGARS LTD.,14.45,15.45,14.45,15.31,15.39,14.75,,15.30,,,804346,12172543.01,1920,F1,1,,,,,
2026-08-28,2026-08-28,CM,NSE,STK,11975,INE050H01012,RML,EQ,,,,,RANE (MADRAS) LIMITED,1131.20,1132.40,1118.20,1126.70,1127.60,1123.30,,1126.52,,,8548,9633826.40,1158,F1,1,,,,,
2026-08-28,2026-08-28,CM,NSE,STK,2844,INE384A01010,RANEHOLDIN,EQ,,,,,RANE HOLDINGS LIMITED,1584.70,1628.00,1578.00,1598.90,1596.00,1593.90,,1598.82,,,2972,4736797.00,595,F1,1,,,,,
2026-08-28,2026-08-28,CM,NSE,STK,30460,INE0QX901013,RAPIDFLEET,SM,,,,,RAPID FLEET MGT SERVICE L,231.55,232.00,225.00,225.00,225.00,231.00,,225.00,,,17400,3978900.00,24,F1,600,,,,,
2026-08-28,2026-08-28,CM,NSE,STK,25610,INE0MVO01012,RAPPID,SM,,,,,RAPPID VALVES (INDIA) LTD,298.15,299.00,298.00,299.00,299.00,298.15,,299.00,,,6000,1789350.00,9,F1,600,,,,,
2026-08-28,2026-08-28,CM,NSE,STK,22670,INE0J1F01024,RPTECH,EQ,,,,,RASHI PERIPHERALS LIMITED,786.00,837.75,786.00,828.55,833.00,782.50,,828.62,,,544572,443352708.20,26271,F1,1,,,,,
2026-08-28,2026-08-28,CM,NSE,STK,2866,INE027A01015,RCF,EQ,,,,,RASHTRIYA CHEMICALS & FER,121.85,121.89,119.31,119.81,119.72,121.77,,119.81,,,1211992,145543279.04,16635,F1,1,,,,,
2026-08-28,2026-08-28,CM,NSE,STK,7177,INE0CLI01024,RATEGAIN,EQ,,,,,RATEGAIN TRAVEL TECHN LTD,915.00,939.00,915.00,933.95,938.95,918.25,,933.96,,,227209,211675649.30,12478,F1,1,,,,,
2026-08-28,2026-08-28,CM,NSE,STK,13451,INE703B01027,RATNAMANI,EQ,,,,,RATNAMANI MET & TUB LTD.,2650.00,2685.30,2588.00,2611.10,2608.90,2654.80,,2611.17,,,48237,127318455.00,12093,F1,1,,,,,
2026-08-28,2026-08-28,CM,NSE,STK,18423,INE05CZ01011,RATNAVEER,EQ,,,,,RATNAVEER PRECISION ENG L,297.40,305.25,291.00,294.95,294.00,294.89,,294.96,,,7080185,2106539943.22,45452,F1,1,,,,,
2026-08-28,2026-08-28,CM,NSE,STK,27297,INE834M01019,RTNINDIA,EQ,,,,,RATTANINDIA ENT LIMITED,30.16,30.45,30.00,30.24,30.32,30.10,,30.24,,,726146,21934909.16,3885,F1,1,,,,,
2026-08-28,2026-08-28,CM,NSE,STK,17520,INE399K01017,RTNPOWER,EQ,,,,,RATTANINDIA POWER LIMITED,7.89,8.00,7.79,7.95,7.97,7.83,,7.95,,,17525647,138686397.02,11865,F1,1,,,,,
2026-08-28,2026-08-28,CM,NSE,STK,20950,INE722J01012,RKDL,EQ,,,,,RAVI KUMAR DIST. LTD.,18.95,18.95,18.55,18.55,18.55,18.88,,18.55,,,8170,152515.50,56,F1,1,,,,,
2026-08-28,2026-08-28,CM,NSE,STK,1565,INE09E501017,RVHL,EQ,,,,,RAVINDER HEIGHTS LIMITED,39.78,39.78,39.00,39.39,39.40,39.78,,39.39,,,21366,844095.92,80,F1,1,,,,,
2026-08-28,2026-08-28,CM,NSE,STK,24596,INE206N01018,RELTD,EQ,,,,,RAVINDRA ENERGY LIMITED,164.00,164.00,155.00,156.76,157.00,156.40,,156.75,,,143330,22516391.22,2549,F1,1,,,,,
2026-08-28,2026-08-28,CM,NSE,STK,25073,INE02ID01020,RAYMONDLSL,EQ,,,,,RAYMOND LIFESTYLE LIMITED,694.00,704.00,688.40,691.35,691.55,692.20,,691.33,,,69558,48217840.95,3429,F1,1,,,,,
2026-08-28,2026-08-28,CM,NSE,STK,2859,INE301A01014,RAYMOND,EQ,,,,,RAYMOND LTD,614.00,630.00,612.10,626.85,626.20,614.00,,626.87,,,285076,178313893.25,11401,F1,1,,,,,
2026-08-28,2026-08-28,CM,NSE,STK,758551,INE1SY401010,RAYMONDREL,EQ,,,,,RAYMOND REALTY LIMITED,565.40,571.35,552.30,557.05,558.00,565.40,,557.05,,,163200,91710931.65,4937,F1,1,,,,,
2026-08-28,2026-08-28,CM,NSE,STK,18391,INE976G01028,RBLBANK,EQ,,,,,RBL BANK LIMITED,384.70,384.70,380.10,382.00,382.00,385.40,,381.99,,,963822,367963030.65,26109,F1,1,,,,,
2026-08-28,2026-08-28,CM,NSE,STK,13570,INE0NA301016,RBMINFRA,SM,,,,,RBM INFRACON LIMITED,238.05,240.00,234.00,235.10,234.00,241.90,,235.10,,,18200,4332440.00,36,F1,200,,,,,
2026-08-28,2026-08-28,CM,NSE,STK,20874,INE0PEQ01016,RBZJEWEL,EQ,,,,,RBZ JEWELLERS LIMITED,145.01,147.26,145.01,146.20,147.12,146.46,,146.19,,,41946,6128431.00,1125,F1,1,,,,,
2026-08-28,2026-08-28,CM,NSE,STK,764850,INE0AK901016,RRECL,EQ,,,,,RDB REAL ESTATE CONS L,145.00,145.00,130.50,134.50,134.50,145.00,,133.30,,,631,86786.00,16,F1,1,,,,,
2026-08-28,2026-08-28,CM,NSE,STK,29561,INE10QL01011,READYMIX,SM,,,,,READYMIX CONSTRU MACHI L,90.75,91.35,83.10,84.50,84.50,88.35,,84.50,,,35000,3025850.00,34,F1,1000,,,,,
2026-08-28,2026-08-28,CM,NSE,STK,15355,INE020B01018,RECLTD,EQ,,,,,REC LIMITED,320.90,321.95,316.00,316.80,316.80,320.90,,316.80,,,4333649,1380213060.10,37817,F1,1,,,,,
2026-08-28,2026-08-28,CM,NSE,STK,14255,INE891D01026,REDINGTON,EQ,,,,,REDINGTON LIMITED,360.00,378.50,360.00,366.00,366.50,358.40,,366.00,,,16023073,5957194959.15,176308,F1,1,,,,,
2026-08-28,2026-08-28,CM,NSE,STK,17859,INE0LXT01019,REDTAPE,EQ,,,,,REDTAPE LIMITED,124.00,127.25,123.13,126.01,125.95,124.26,,126.01,,,363662,45582255.75,5025,F1,1,,,,,
2026-08-28,2026-08-28,CM,NSE,STK,17764,INE056I01025,REFEX,EQ,,,,,REFEX INDUSTRIES LIMITED,290.30,292.95,286.20,287.55,287.70,289.40,,287.55,,,195240,56538108.65,4661,F1,1,,,,,
2026-08-28,2026-08-28,CM,NSE,STK,23718,INE0TNX01015,REFRACTORY,SM,,,,,REFRACTORY SHAPES LIMITED,27.35,28.60,26.30,27.00,27.00,27.45,,27.00,,,7000,191200.00,7,F1,1000,,,,,
2026-08-28,2026-08-28,CM,NSE,STK,758680,INE0MHO01029,REGAAL,EQ,,,,,REGAAL RESOURCES LIMITED,93.20,94.20,92.30,92.51,92.50,93.04,,92.52,,,101607,9447689.22,873,F1,1,,,,,
2026-08-28,2026-08-28,CM,NSE,STK,4130,INE277C01012,REGENCERAM,EQ,,,,,REGENCY CERAMICS LTD.,33.00,33.10,33.00,33.00,33.00,33.00,,33.00,,,501,16553.00,10,F1,1,,,,,
2026-08-28,2026-08-28,CM,NSE,STK,24225,INE131B01039,RELAXO,EQ,,,,,RELAXO FOOT LTD.,355.85,360.75,352.60,356.75,357.50,356.10,,356.76,,,169422,60425848.40,9377,F1,1,,,,,
2026-08-28,2026-08-28,CM,NSE,STK,3172,INF204KC1030,GILT5YBEES,EQ,,,,,RELCAPAMC - NETFGILT5Y,66.49,66.49,66.01,66.22,66.23,66.21,,66.22,,,234740,15529305.46,326,F1,1,,,,,
2026-08-28,2026-08-28,CM,NSE,STK,24378,INE375Y01018,RELIABLE,EQ,,,,,RELIABLE DATA SERVICE LTD,142.50,143.00,137.86,139.75,143.00,138.94,,139.75,,,51546,7210056.12,605,F1,1,,,,,
2026-08-28,2026-08-28,CM,NSE,STK,9652,INE750D01016,RELCHEMQ,EQ,,,,,RELIANCE CHEMOTEX IND LTD,123.98,123.98,113.05,115.33,118.00,113.36,,114.03,,,1955,225887.17,121,F1,1,,,,,
2026-08-28,2026-08-28,CM,NSE,STK,13188,INE330H01018,RCOM,BE,,,,,RELIANCE COMMUNICATIONS L,0.82,0.82,0.81,0.81,0.82,0.81,,0.81,,,1931173,1573849.94,1458,F1,1,,,,,
2026-08-28,2026-08-28,CM,NSE,STK,759204,INE217K01011,RHFL,BZ,,,,,RELIANCE HOME FINANCE LTD,1.90,1.90,1.83,1.87,1.87,1.88,,1.87,,,505447,950248.87,782,F1,1,,,,,
2026-08-28,2026-08-28,CM,NSE,STK,2912,INE046A01015,RIIL,EQ,,,,,RELIANCE INDUSTRIAL INFRA,758.90,764.90,754.60,761.45,763.00,758.90,,761.43,,,23303,17684593.60,1312,F1,1,,,,,
2026-08-28,2026-08-28,CM,NSE,STK,2885,INE002A01018,RELIANCE,EQ,,,,,RELIANCE INDUSTRIES LTD,1284.90,1291.80,1280.00,1287.00,1287.00,1282.20,,1286.96,,,6830228,8773545135.70,166675,F1,1,,,,,
2026-08-28,2026-08-28,CM,NSE,STK,4791,INE036A01016,RELINFRA,BE,,,,,RELIANCE INFRASTRUCTU LTD,61.60,61.98,60.42,60.60,60.42,61.65,,60.62,,,179434,10880214.40,1400,F1,1,,,,,
2026-08-28,2026-08-28,CM,NSE,STK,15259,INE614G01033,RPOWER,EQ,,,,,RELIANCE POWER LTD.,22.82,22.88,22.39,22.45,22.47,22.71,,22.45,,,10849559,244740848.29,22113,F1,1,,,,,
2026-08-28,2026-08-28,CM,NSE,STK,765330,INF205KA1CB9,IVZBANKNF,EQ,,,,,RELIGARAMC - IVZBANKNF,57.39,57.54,57.26,57.35,57.35,57.66,,57.35,,,936,53778.35,11,F1,1,,,,,
2026-08-28,2026-08-28,CM,NSE,STK,765327,INF205KA1CA1,IVZSENSEX,EQ,,,,,RELIGARAMC - IVZSENSEX,76.24,79.20,76.22,79.20,79.20,77.37,,79.20,,,10260,782322.47,13,F1,1,,,,,
2026-08-28,2026-08-28,CM,NSE,STK,15068,INE621H01010,RELIGARE,EQ,,,,,RELIGARE ENTER. LTD.,234.00,236.95,228.00,233.05,233.50,234.20,,233.11,,,3498183,811473911.60,14466,F1,1,,,,,
2026-08-28,2026-08-28,CM,NSE,STK,3965,INE474C01023,REMSONSIND,EQ,,,,,REMSONS INDUSTRIES LTD,84.70,90.95,81.31,86.49,85.63,80.46,,86.50,,,160067,13678852.45,3819,F1,1,,,,,
2026-08-28,2026-08-28,CM,NSE,STK,16154,INE0O5T01011,REMUS,SM,,,,,REMUS PHARMACEUTICALS L,902.10,931.00,902.10,925.00,925.00,910.15,,925.00,,,3400,3126770.00,27,F1,100,,,,,
2026-08-28,2026-08-28,CM,NSE,STK,15129,INE722H01024,RGL,EQ,,,,,RENAISSANCE GLOBAL LTD,134.49,140.90,132.50,139.39,139.00,133.81,,139.38,,,3985843,546256795.19,28758,F1,1,,,,,
2026-08-28,2026-08-28,CM,NSE,STK,758157,INE0VZX01015,RNPL,SM,,,,,RENOL POLYCHEM LIMITED,75.25,75.50,75.00,75.25,75.25,75.95,,75.25,,,4800,361200.00,4,F1,1200,,,,,
2026-08-28,2026-08-28,CM,NSE,STK,29598,INE612J01015,REPCOHOME,EQ,,,,,REPCO HOME FINANCE LTD,368.25,368.80,362.75,365.50,368.75,365.70,,365.50,,,81201,29695634.45,1920,F1,1,,,,,
2026-08-28,2026-08-28,CM,NSE,STK,13126,INE461B01014,REPRO,EQ,,,,,REPRO INDIA LIMITED,311.80,313.00,305.10,307.95,306.15,309.10,,307.96,,,9587,2967555.95,472,F1,1,,,,,
2026-08-28,2026-08-28,CM,NSE,STK,20323,INE688D01026,RESPONIND,EQ,,,,,RESPONSIVE INDUSTRIES LTD,158.06,158.06,152.40,153.55,154.00,156.82,,153.52,,,140995,21741119.13,4144,F1,1,,,,,
2026-08-28,2026-08-28,CM,NSE,STK,1494,INE07T201019,RBA,EQ,,,,,RESTAURANT BRAND ASIA LTD,101.28,102.35,100.00,100.97,100.99,100.62,,100.97,,,2859553,288654958.81,12879,F1,1,,,,,
2026-08-28,2026-08-28,CM,NSE,STK,25157,INE0DAB01012,RVTH,EQ,,,,,REVATHI EQUIPMENT INDIA L,744.00,744.00,719.70,736.45,730.05,736.30,,736.45,,,500,364324.00,43,F1,1,,,,,
2026-08-28,2026-08-28,CM,NSE,STK,29270,INE113601012,REXPRO,SM,,,,,REXPRO ENTERPRISES LTD,40.15,40.15,38.70,39.90,39.90,38.70,,39.90,,,3000,118750.00,3,F1,1000,,,,,
2026-08-28,2026-08-28,CM,NSE,STK,759062,INE0KKN01029,RHETAN,EQ,,,,,RHETAN TMT LIMITED,21.34,22.39,20.17,20.31,20.30,21.23,,20.31,,,22750054,476349542.51,32859,F1,1,,,,,
2026-08-28,2026-08-28,CM,NSE,STK,31163,INE743M01012,RHIM,EQ,,,,,RHI MAGNESITA INDIA LTD,372.00,373.00,367.85,369.35,370.00,370.30,,369.35,,,127018,47012481.15,3823,F1,1,,,,,
2026-08-28,2026-08-28,CM,NSE,STK,8212,INE0J1P01015,RICHA,ST,,,,,RICHA INFO SYSTEMS LTD,80.85,80.85,73.15,73.15,73.15,77.00,,73.15,,,3000,227150.00,3,F1,1000,,,,,
2026-08-28,2026-08-28,CM,NSE,STK,2909,INE209B01025,RICOAUTO,EQ,,,,,RICO AUTO INDUSTRIES LTD,129.50,132.05,128.44,129.41,129.80,130.02,,129.41,,,656237,85307095.68,5771,F1,1,,,,,
2026-08-28,2026-08-28,CM,NSE,STK,764121,INE302D01024,RIR,EQ,,,,,RIR POWER ELECTRONICS L,162.58,163.99,158.00,159.83,161.00,162.21,,159.79,,,180957,28952733.51,3571,F1,1,,,,,
2026-08-28,2026-08-28,CM,NSE,STK,18417,INE0N2P01017,RISHABH,EQ,,,,,RISHABH INSTRUMENTS LTD,694.95,714.00,685.25,691.60,694.00,690.50,,691.62,,,181013,126309772.45,9805,F1,1,,,,,
2026-08-28,2026-08-28,CM,NSE,STK,8944,INE01EG01016,RITCO,EQ,,,,,RITCO LOGISTICS LIMITED,312.35,314.00,307.70,311.60,310.00,310.10,,311.59,,,29324,9116263.15,878,F1,1,,,,,
2026-08-28,2026-08-28,CM,NSE,STK,3761,INE320J01015,RITES,EQ,,,,,RITES LIMITED,217.19,218.50,216.60,217.00,217.04,217.19,,217.00,,,226819,49303685.47,6894,F1,1,,,,,
2026-08-28,2026-08-28,CM,NSE,STK,1547,INE786W01010,RKEC,EQ,,,,,RKEC PROJECTS LIMITED,22.40,23.15,22.01,22.38,22.83,22.32,,22.38,,,23701,534227.93,193,F1,1,,,,,
2026-08-28,2026-08-28,CM,NSE,STK,762346,INE655V01019,RMC,EQ,,,,,RMC SWITCHGEARS LIMITED,250.40,256.95,243.65,246.45,246.00,249.45,,246.49,,,50140,12432187.10,2161,F1,1,,,,,
2026-08-28,2026-08-28,CM,NSE,STK,24589,INE0SA001017,RNFI,SM,,,,,RNFI SERVICES LIMITED,305.00,305.00,289.10,289.10,289.10,304.75,,289.10,,,142200,41426340.00,50,F1,600,,,,,
2026-08-28,2026-08-28,CM,NSE,STK,15157,INE508K01013,RHL,EQ,,,,,ROBUST HOTELS LIMITED,168.00,169.80,165.60,168.00,168.00,166.54,,168.00,,,2341,391557.13,26,F1,1,,,,,
2026-08-28,2026-08-28,CM,NSE,STK,760033,IN90PTR01010,ROCKPP,E1,,,,,ROCKINGDCE RS.5 PPD UP,77.45,78.00,74.00,74.00,74.00,71.00,,74.00,,,8000,618350.00,7,F1,1000,,,,,
2026-08-28,2026-08-28,CM,NSE,STK,20289,INE0PTR01012,ROCKINGDCE,SM,,,,,ROCKINGDEALS CIRCU ECO L,230.10,240.95,229.20,238.95,239.95,240.95,,238.95,,,4750,1115737.50,19,F1,250,,,,,
2026-08-28,2026-08-28,CM,NSE,STK,5279,INE645S01024,ROLEXRINGS,EQ,,,,,ROLEX RINGS LIMITED,180.00,182.40,175.22,180.55,181.65,180.43,,180.55,,,2628695,470604073.77,26496,F1,1,,,,,
2026-08-28,2026-08-28,CM,NSE,STK,19108,INE927A01040,ROLLT,BE,,,,,ROLLATAINERS LIMITED,4.24,4.32,4.01,4.16,4.22,4.16,,4.16,,,687278,2867589.31,576,F1,1,,,,,
2026-08-28,2026-08-28,CM,NSE,STK,19410,INE02A801020,ROSSARI,EQ,,,,,ROSSARI BIOTECH LIMITED,499.50,499.55,496.55,498.10,498.60,497.05,,498.08,,,21018,10462522.70,955,F1,1,,,,,
2026-08-28,2026-08-28,CM,NSE,STK,28913,INE847C01020,ROSSELLIND,EQ,,,,,ROSSELL INDIA LIMITED,57.19,61.38,57.00,59.62,59.10,56.99,,59.67,,,349907,20909565.85,3151,F1,1,,,,,
2026-08-28,2026-08-28,CM,NSE,STK,27353,INE0OJW01016,ROSSTECH,EQ,,,,,ROSSELL TECHSYS LIMITED,1111.85,1120.70,1092.65,1104.60,1113.00,1103.40,,1104.64,,,85448,94794277.10,5650,F1,1,,,,,
2026-08-28,2026-08-28,CM,NSE,STK,9049,INE535D01037,ROTO,EQ,,,,,ROTO PUMPS LIMITED,65.38,65.38,64.30,64.52,64.55,65.02,,64.53,,,136747,8847362.07,1408,F1,1,,,,,
2026-08-28,2026-08-28,CM,NSE,STK,128,INE450U01017,ROUTE,EQ,,,,,ROUTE MOBILE LIMITED,511.75,516.00,508.10,509.35,509.75,509.00,,509.35,,,128361,65654670.70,3792,F1,1,,,,,
2026-08-28,2026-08-28,CM,NSE,STK,20167,INE0PDJ01013,ROXHITECH,SM,,,,,ROX HI TECH LIMITED,50.95,52.00,50.90,51.25,52.00,50.90,,51.25,,,12800,653840.00,8,F1,1600,,,,,
2026-08-28,2026-08-28,CM,NSE,STK,29727,INE0EO401019,ROYALARC,SM,,,,,ROYAL ARC ELECTRODES LTD,170.00,170.00,170.00,170.00,170.00,170.00,,170.00,,,1200,204000.00,1,F1,1200,,,,,
2026-08-28,2026-08-28,CM,NSE,STK,13182,INE283H01019,ROHLTD,EQ,,,,,ROYAL ORCHID HOTELS LTD,302.50,303.70,300.00,302.35,303.00,303.15,,302.35,,,13630,4106897.85,516,F1,1,,,,,
2026-08-28,2026-08-28,CM,NSE,STK,16725,INE105J01010,RPGLIFE,EQ,,,,,RPG LIFE SCIENCES LTD,2582.30,2582.30,2490.10,2537.60,2525.00,2567.60,,2537.50,,,15329,38678860.10,2016,F1,1,,,,,
2026-08-28,2026-08-28,CM,NSE,STK,8119,INE425Y01011,RPSGVENT,EQ,,,,,RPSG VENTURES LIMITED,864.15,864.90,853.00,857.15,854.00,861.35,,857.17,,,19607,16820087.95,878,F1,1,,,,,
2026-08-28,2026-08-28,CM,NSE,STK,7292,INE611A01016,RSWM,BE,,,,,RSWM LIMITED,198.67,198.67,195.00,196.00,196.00,197.69,,196.00,,,10911,2140746.47,94,F1,1,,,,,
2026-08-28,2026-08-28,CM,NSE,STK,24730,INE642C01025,RUBFILA,EQ,,,,,RUBFILA INTERNATIONAL LTD,66.90,69.55,65.06,68.59,69.55,66.54,,68.59,,,20442,1378437.85,358,F1,1,,,,,
2026-08-28,2026-08-28,CM,NSE,STK,759316,INE506V01022,RUBICON,EQ,,,,,RUBICON RESEARCH LIMITED,1849.00,1899.00,1796.20,1804.40,1801.60,1841.00,,1804.46,,,249261,456770702.90,24539,F1,1,,,,,
2026-08-28,2026-08-28,CM,NSE,STK,4566,INE413B01023,RUCHINFRA,EQ,,,,,RUCHI INFRASTRUCTURE LTD,5.85,5.88,5.80,5.82,5.82,5.83,,5.82,,,24306,142212.06,124,F1,1,,,,,
2026-08-28,2026-08-28,CM,NSE,STK,13821,INE803H01014,RUCHIRA,EQ,,,,,RUCHIRA PAPERS LIMITED,103.98,103.98,102.09,102.64,103.50,102.70,,102.64,,,22447,2300720.79,327,F1,1,,,,,
2026-08-28,2026-08-28,CM,NSE,STK,760392,INE027T01023,RUDRA,EQ,,,,,RUDRA GLOBAL INFRA PROD L,21.10,21.10,20.50,20.76,20.99,20.29,,20.76,,,24814,513409.37,213,F1,1,,,,,
2026-08-28,2026-08-28,CM,NSE,STK,1486,INE364Z01019,REPL,BE,,,,,RUDRABHISHEK ENTERP LTD,61.09,63.45,61.05,62.87,62.94,62.44,,62.87,,,1634,100700.77,23,F1,1,,,,,
2026-08-28,2026-08-28,CM,NSE,STK,23830,INE0R7301013,RULKA,SM,,,,,RULKA ELECTRICALS LIMITED,111.00,112.60,106.30,108.15,108.15,111.35,,108.15,,,36300,4030230.00,31,F1,300,,,,,
2026-08-28,2026-08-28,CM,NSE,STK,25724,INE895B01021,RUPA,EQ,,,,,RUPA & COMPANY LTD,147.43,151.08,145.36,149.49,149.10,147.55,,149.47,,,164338,24349292.55,3874,F1,1,,,,,
2026-08-28,2026-08-28,CM,NSE,STK,24595,INE573K01025,RUSHIL,EQ,,,,,RUSHIL DECOR LIMITED,16.50,17.03,16.38,16.79,16.88,16.49,,16.78,,,355509,5924216.84,762,F1,1,,,,,
2026-08-28,2026-08-28,CM,NSE,STK,24674,INE0BSN01013,SATECH,SM,,,,,S A TECH SOFTWARE INDIA L,36.50,39.00,36.50,38.35,38.35,36.20,,38.35,,,19000,716750.00,18,F1,1000,,,,,
2026-08-28,2026-08-28,CM,NSE,STK,20698,INE807K01035,SCHAND,EQ,,,,,S CHAND AND COMPANY LTD,135.02,138.99,135.01,137.97,136.75,134.72,,137.96,,,31629,4322587.36,560,F1,1,,,,,
2026-08-28,2026-08-28,CM,NSE,STK,25528,INE0X6F01017,SDREAMS,SM,,,,,S D RETAIL LIMITED,90.10,90.10,85.85,87.30,85.85,90.10,,87.30,,,4000,351950.00,4,F1,1000,,,,,
2026-08-28,2026-08-28,CM,NSE,STK,11212,INE500L01026,SHK,EQ,,,,,S H KELKAR AND CO. LTD.,151.41,153.00,150.61,152.43,153.00,151.41,,152.44,,,224385,34122453.45,4678,F1,1,,,,,
2026-08-28,2026-08-28,CM,NSE,STK,20542,INE0F3301020,SJLOGISTIC,SM,,,,,S J LOGISTICS (INDIA) LTD,331.00,347.95,327.00,334.35,331.95,331.75,,334.35,,,51750,17321125.00,120,F1,250,,,,,
2026-08-28,2026-08-28,CM,NSE,STK,764940,INE159L01013,SVGLOBAL,EQ,,,,,S V GLOBAL MILL LTD.,129.50,137.00,121.12,129.71,135.00,129.50,,129.16,,,336,44818.11,121,F1,1,,,,,
2026-08-28,2026-08-28,CM,NSE,STK,2951,INE902B01017,S&SPOWER,EQ,,,,,S&S POWER SWITCHGEARS LTD,341.30,350.75,335.00,338.75,338.50,334.05,,338.75,,,2696,925715.20,113,F1,1,,,,,
2026-08-28,2026-08-28,CM,NSE,STK,18255,INE212I01016,SPAL,BL,,,,,S. P. APPARELS LIMITED,925.00,925.00,925.00,925.00,925.00,268.00,,925.00,,,500000,462500000.00,1,F1,999999999,,,,,
2026-08-28,2026-08-28,CM,NSE,STK,18252,INE212I01016,SPAL,EQ,,,,,S. P. APPARELS LIMITED,980.00,1049.90,980.00,1022.00,1021.00,952.95,,1022.18,,,789999,801613994.80,39007,F1,1,,,,,
2026-08-28,2026-08-28,CM,NSE,STK,11634,INE658G01014,SALSTEEL,EQ,,,,,S.A.L. STEEL LTD.,71.50,75.16,71.50,75.16,75.16,71.59,,75.16,,,289253,21470157.09,2563,F1,1,,,,,
2026-08-28,2026-08-28,CM,NSE,STK,19112,INE0PSK01027,SAAKSHI,ST,,,,,SAAKSHI MEDTEC N PANELS L,281.90,296.10,281.90,296.10,296.10,282.00,,296.10,,,21000,6171180.00,29,F1,600,,,,,
2026-08-28,2026-08-28,CM,NSE,STK,759057,INE13B501022,SAATVIKGL,EQ,,,,,SAATVIK GREEN ENERGY LTD,428.40,428.40,418.60,422.30,422.00,428.40,,422.47,,,33723,14261364.25,1560,F1,1,,,,,
2026-08-28,2026-08-28,CM,NSE,STK,10985,INE0DZ101013,SABAR,ST,,,,,SABAR FLEX INDIA LIMITED,7.35,7.55,7.10,7.55,7.55,7.20,,7.55,,,45000,328000.00,6,F1,5000,,,,,
2026-08-28,2026-08-28,CM,NSE,STK,757409,INE1ARD01016,SACHEEROME,SM,,,,,SACHEEROME LIMITED,483.00,486.95,445.00,455.65,454.90,483.35,,455.65,,,29400,13509060.00,92,F1,300,,,,,
2026-08-28,2026-08-28,CM,NSE,STK,13236,INE226H01026,SADBHAV,EQ,,,,,SADBHAV ENGINEERING LTD,8.73,8.89,8.50,8.89,8.89,8.47,,8.89,,,558589,4942753.18,377,F1,1,,,,,
2026-08-28,2026-08-28,CM,NSE,STK,10622,INE764L01010,SADBHIN,BE,,,,,SADBHAV INFRA PROJ LTD.,2.69,2.78,2.68,2.72,2.75,2.66,,2.72,,,182842,501289.63,127,F1,1,,,,,
2026-08-28,2026-08-28,CM,NSE,STK,15349,INE888C01040,SADHNANIQ,BE,,,,,SADHANA NITROCHEM LIMITED,2.88,2.88,2.85,2.85,2.85,2.90,,2.83,,,764706,2182076.43,365,F1,1,,,,,
2026-08-28,2026-08-28,CM,NSE,STK,22897,INE0K5H01010,SADHAV,SM,,,,,SADHAV SHIPPING LIMITED,115.15,115.85,113.45,113.45,113.45,113.15,,113.45,,,2400,274770.00,4,F1,600,,,,,
2026-08-28,2026-08-28,CM,NSE,STK,13035,INE429E01023,SAFARI,EQ,,,,,SAFARI IND (INDIA) LTD,1521.80,1533.80,1497.60,1509.70,1510.00,1522.20,,1509.70,,,12818,19329943.90,2368,F1,1,,,,,
2026-08-28,2026-08-28,CM,NSE,STK,757583,INE17D601016,SAFEENTP,SM,,,,,SAFE ENTER RETAIL FIX LTD,253.90,259.00,248.30,251.65,251.00,250.00,,251.65,,,36500,9274800.00,35,F1,500,,,,,
2026-08-28,2026-08-28,CM,NSE,STK,14068,INE229C01021,SAGCEM,EQ,,,,,SAGAR CEMENTS LIMITED,165.10,165.10,162.22,162.96,163.00,164.09,,162.96,,,12009,1962994.43,422,F1,1,,,,,
2026-08-28,2026-08-28,CM,NSE,STK,8175,INE976T01013,SAGARDEEP,EQ,,,,,SAGARDEEP ALLOYS LIMITED,23.79,24.59,23.51,23.62,23.62,23.79,,23.62,,,3087,73461.46,65,F1,1,,,,,
2026-08-28,2026-08-28,CM,NSE,STK,27052,INE0W2G01015,SAGILITY,EQ,,,,,SAGILITY LIMITED,44.39,46.40,44.30,46.34,46.34,44.27,,46.35,,,60764265,2784332343.18,95538,F1,1,,,,,
2026-08-28,2026-08-28,CM,NSE,STK,24478,INE0P4701011,SAHAJSOLAR,SM,,,,,SAHAJ SOLAR LIMITED,100.80,102.50,100.60,102.00,102.10,100.80,,102.00,,,6000,609740.00,15,F1,400,,,,,
2026-08-28,2026-08-28,CM,NSE,STK,16711,INE0LEX01011,SAHANA,SM,,,,,SAHANA SYSTEM LIMITED,922.00,928.00,912.00,919.95,916.00,924.50,,919.95,,,19200,17703457.50,63,F1,150,,,,,
2026-08-28,2026-08-28,CM,NSE,STK,25671,INE0RBQ01018,SAHASRA,ST,,,,,SAHASRA ELECTRONIC SOLU L,311.25,319.50,311.15,315.35,315.50,316.15,,315.35,,,20400,6442960.00,45,F1,400,,,,,
2026-08-28,2026-08-28,CM,NSE,STK,14900,INE280H01015,SAHYADRI,EQ,,,,,SAHYADRI INDUSTRIES LTD,352.20,356.85,340.00,343.60,342.00,348.15,,343.63,,,7282,2522928.25,736,F1,1,,,,,
2026-08-28,2026-08-28,CM,NSE,STK,764865,INE531X01018,SAICAPI,EQ,,,,,SAI CAPITAL LTD.,149.80,149.80,140.54,148.50,148.50,140.51,,146.98,,,247,36085.71,22,F1,1,,,,,
2026-08-28,2026-08-28,CM,NSE,STK,27839,INE570L01029,SAILIFE,EQ,,,,,SAI LIFE SCIENCES LIMITED,1489.90,1506.30,1473.80,1485.00,1485.00,1488.20,,1484.70,,,228815,340509149.80,17890,F1,1,,,,,
2026-08-28,2026-08-28,CM,NSE,STK,761675,INE0H9F01037,SAIPARENT,EQ,,,,,SAI PARENTERALS LIMITED,536.90,536.90,517.10,521.35,524.75,520.70,,521.26,,,86402,45011204.10,4113,F1,1,,,,,
2026-08-28,2026-08-28,CM,NSE,STK,18755,INE438K01021,KALAMANDIR,EQ,,,,,SAI SILKS (KALAMANDIR) L,86.48,87.50,86.45,87.09,87.33,86.48,,87.09,,,157352,13663812.67,1530,F1,1,,,,,
2026-08-28,2026-08-28,CM,NSE,STK,764880,INE068B01017,SEKURITIND,EQ,,,,,SAINT GOBAIN SEKUR IND L,116.77,117.00,115.00,115.43,115.50,116.78,,115.48,,,19600,2272316.70,240,F1,1,,,,,
2026-08-28,2026-08-28,CM,NSE,STK,25715,INE00MT01022,SAJHOTELS,ST,,,,,SAJ HOTELS LIMITED,36.20,36.20,36.10,36.10,36.10,38.00,,36.10,,,6000,217000.00,3,F1,2000,,,,,
2026-08-28,2026-08-28,CM,NSE,STK,9539,INE732S01012,SAKAR,EQ,,,,,SAKAR HEALTHCARE LIMITED,890.30,910.00,870.00,875.70,879.00,892.60,,875.70,,,84908,74818849.15,5237,F1,1,,,,,
2026-08-28,2026-08-28,CM,NSE,STK,11794,INE667G01023,SAKSOFT,EQ,,,,,SAKSOFT LIMITED,158.45,162.84,157.86,160.64,160.05,157.78,,160.64,,,539331,86785988.93,5706,F1,1,,,,,
2026-08-28,2026-08-28,CM,NSE,STK,2969,INE623A01011,SAKHTISUG,EQ,,,,,SAKTHI SUGARS LTD,19.99,21.00,19.74,20.71,20.77,19.74,,20.71,,,424178,8746251.33,1390,F1,1,,,,,
2026-08-28,2026-08-28,CM,NSE,STK,13251,INE190H01024,SAKUMA,EQ,,,,,SAKUMA EXPORTS LIMITED,1.71,1.73,1.69,1.71,1.72,1.71,,1.71,,,797283,1365585.40,767,F1,1,,,,,
2026-08-28,2026-08-28,CM,NSE,STK,21362,INE170V01027,SALASAR,EQ,,,,,SALASAR TECHNO ENGG. LTD.,5.86,6.00,5.86,5.92,5.98,5.88,,5.92,,,2269266,13448146.07,2126,F1,1,,,,,
2026-08-28,2026-08-28,CM,NSE,STK,17351,INE498E01010,SALONA,EQ,,,,,SALONA COTSPIN LTD.,287.30,287.30,264.10,272.99,276.99,268.09,,272.99,,,442,121045.98,32,F1,1,,,,,
2026-08-28,2026-08-28,CM,NSE,STK,11399,INE457F01013,SALZERELEC,EQ,,,,,SALZER ELECTRONICS LTD,546.35,555.00,541.55,552.60,553.40,547.25,,552.58,,,34995,19231247.90,2195,F1,1,,,,,
2026-08-28,2026-08-28,CM,NSE,STK,764870,INE304D01012,SAMBANDAM,EQ,,,,,SAMBANDAM SPINNING MILL L,121.89,122.99,115.75,120.98,116.20,118.51,,120.08,,,796,96454.43,29,F1,1,,,,,
2026-08-28,2026-08-28,CM,NSE,STK,4127,INE699B01027,SAMBHAAV,EQ,,,,,SAMBHAAV MEDIA LTD,6.09,6.34,5.80,6.10,6.17,6.09,,6.10,,,32142,195760.75,110,F1,1,,,,,
2026-08-28,2026-08-28,CM,NSE,STK,757767,INE12NJ01018,SAMBHV,EQ,,,,,SAMBHV STEEL TUBES LTD,124.68,128.18,123.50,127.41,127.99,124.14,,127.41,,,1060636,134109031.69,9819,F1,1,,,,,
2026-08-28,2026-08-28,CM,NSE,STK,21096,INE0PZA01015,SAIFL,SM,,,,,SAMEERA AGRO AND INFRA L,5.10,5.10,4.95,5.00,5.00,5.00,,5.00,,,112000,560400.00,23,F1,4000,,,,,
2026-08-28,2026-08-28,CM,NSE,STK,18614,INE08U801020,SAMHI,EQ,,,,,SAMHI HOTELS LIMITED,157.72,160.00,155.00,156.01,156.01,157.55,,156.02,,,679031,106279503.48,13255,F1,1,,,,,
2026-08-28,2026-08-28,CM,NSE,STK,30125,INE148I01020,SAMMAANCAP,EQ,,,,,SAMMAAN CAPITAL LIMITED,148.28,148.74,145.10,145.80,145.70,147.34,,145.80,,,4311399,633810761.79,20048,F1,1,,,,,
2026-08-28,2026-08-28,CM,NSE,STK,27303,INE735M01018,SAMPANN,EQ,,,,,SAMPANN UTPADAN INDIA LTD,26.70,26.70,25.67,26.13,26.21,25.61,,26.13,,,5068,132641.67,88,F1,1,,,,,
2026-08-28,2026-08-28,CM,NSE,STK,4204,INE775A01035,MOTHERSON,EQ,,,,,SAMVRDHNA MTHRSN INTL LTD,166.78,167.15,164.68,165.60,165.60,166.00,,165.60,,,8444402,1398633129.80,61762,F1,1,,,,,
2026-08-28,2026-08-28,CM,NSE,STK,28805,INE0JPD01013,SANATHAN,EQ,,,,,SANATHAN TEXTILES LIMITED,466.85,466.85,445.10,448.05,446.00,461.45,,448.65,,,16896,7648544.45,1047,F1,1,,,,,
2026-08-28,2026-08-28,CM,NSE,STK,2988,INE583B01015,SANDESH,EQ,,,,,SANDESH LTD,1028.55,1032.00,990.80,1009.55,1005.20,1017.60,,1009.56,,,1698,1718079.75,278,F1,1,,,,,
2026-08-28,2026-08-28,CM,NSE,STK,2397,INE278H01035,SANDHAR,EQ,,,,,SANDHAR TECHNOLOGIES LTD,654.80,658.20,645.00,649.25,652.85,651.75,,649.24,,,160374,104605931.65,14123,F1,1,,,,,
2026-08-28,2026-08-28,CM,NSE,STK,18359,INE149K01016,SANDUMA,EQ,,,,,SANDUR MANG & IRON ORES L,208.05,209.19,205.00,205.45,205.02,206.95,,205.44,,,340342,70270067.10,7107,F1,1,,,,,
2026-08-28,2026-08-28,CM,NSE,STK,4184,INE495C01010,SANGAMIND,EQ,,,,,SANGAM (INDIA) LTD,580.00,609.50,575.95,603.15,596.10,579.80,,603.27,,,79127,47551635.65,4419,F1,1,,,,,
2026-08-28,2026-08-28,CM,NSE,STK,18035,INE0OVI01010,SANGANI,SM,,,,,SANGANI HOSPITALS LIMITED,51.35,53.15,51.35,53.15,53.15,51.35,,53.15,,,3000,156750.00,2,F1,1500,,,,,
2026-08-28,2026-08-28,CM,NSE,STK,14058,INE989A01032,SANGHVIMOV,EQ,,,,,SANGHVI MOVERS LTD,445.95,455.60,437.50,444.10,443.00,444.65,,444.15,,,363002,161606441.75,15725,F1,1,,,,,
2026-08-28,2026-08-28,CM,NSE,STK,11033,INE753W01010,SANGINITA,BE,,,,,SANGINITA CHEMICALS LTD,50.97,53.31,50.78,53.31,53.31,50.78,,53.31,,,465818,24685549.09,560,F1,1,,,,,
2026-08-28,2026-08-28,CM,NSE,STK,25222,INE0UOS01011,SANOFICONR,EQ,,,,,SANOFI CONS HEALTHC IND L,4180.80,4301.60,4122.10,4213.70,4217.20,4150.00,,4213.70,,,3831,16086570.70,1307,F1,1,,,,,
2026-08-28,2026-08-28,CM,NSE,STK,1442,INE058A01010,SANOFI,EQ,,,,,SANOFI INDIA LIMITED,3171.00,3199.00,3160.10,3181.60,3183.00,3181.00,,3181.59,,,19128,60878376.30,3192,F1,1,,,,,
2026-08-28,2026-08-28,CM,NSE,STK,5751,INE953O01021,SANSERA,EQ,,,,,SANSERA ENGINEERING LTD,3858.00,3913.10,3830.10,3859.00,3858.20,3842.80,,3859.03,,,65476,253178953.10,9365,F1,1,,,,,
2026-08-28,2026-08-28,CM,NSE,STK,24582,INE08NE01025,SANSTAR,EQ,,,,,SANSTAR LIMITED,109.00,110.69,107.91,108.21,108.85,109.25,,108.21,,,109652,11970657.77,1855,F1,1,,,,,
2026-08-28,2026-08-28,CM,NSE,STK,46,INE890C01046,SANWARIA,BZ,,,,,SANWARIA CONSUMER LIMITED,0.21,0.21,0.19,0.20,0.20,0.20,,0.20,,,1153450,228119.93,140,F1,1,,,,,
2026-08-28,2026-08-28,CM,NSE,STK,6718,INE806T01020,SAPPHIRE,EQ,,,,,SAPPHIRE FOODS INDIA LTD,238.50,242.40,230.01,231.50,232.00,239.74,,231.52,,,862659,202084275.56,33518,F1,1,,,,,
2026-08-28,2026-08-28,CM,NSE,STK,19863,INE0PUC01020,SARTELE,SM,,,,,SAR TELEVENTURE LIMITED,96.60,98.00,96.15,97.05,96.60,96.70,,97.05,,,52500,5096400.00,76,F1,500,,,,,
2026-08-28,2026-08-28,CM,NSE,STK,762985,INE967G01019,ZSARACOM,EQ,,,,,SARASWATI COMM (INDIA) L,10991.00,11000.00,10991.00,10991.00,10991.00,11046.00,,10931.50,,,11,120950.00,10,F1,1,,,,,
2026-08-28,2026-08-28,CM,NSE,STK,24856,INE0PQ101010,SSDL,EQ,,,,,SARASWATI SAREE DEPOT LTD,55.65,58.67,55.65,57.18,57.84,56.33,,57.16,,,29370,1681140.55,520,F1,1,,,,,
2026-08-28,2026-08-28,CM,NSE,STK,17758,INE385C01021,SARDAEN,EQ,,,,,SARDA ENERGY & MIN LTD,505.70,514.05,505.70,508.25,509.95,509.60,,508.25,,,139241,71117523.60,7964,F1,1,,,,,
2026-08-28,2026-08-28,CM,NSE,STK,4892,INE979A01025,SAREGAMA,EQ,,,,,SAREGAMA INDIA LIMITED,490.65,498.95,486.00,492.80,494.15,487.50,,492.80,,,216953,106867289.70,17492,F1,1,,,,,
2026-08-28,2026-08-28,CM,NSE,STK,14043,INE453D01025,SARLAPOLY,EQ,,,,,SARLA PERF. FIBERS LTD,100.41,102.88,98.40,98.76,99.39,100.41,,98.82,,,24871,2473906.09,622,F1,1,,,,,
2026-08-28,2026-08-28,CM,NSE,STK,18506,INE0PCL01011,SAROJA,SM,,,,,SAROJA PHARMA INDUS IND L,39.75,39.75,39.70,39.70,39.70,41.55,,39.70,,,3200,127120.00,2,F1,1600,,,,,
2026-08-28,2026-08-28,CM,NSE,STK,6843,INE017W01010,SMLT,EQ,,,,,SARTHAK METALS LIMITED,67.27,67.50,66.00,67.10,66.95,67.60,,67.09,,,2189,146841.23,141,F1,1,,,,,
2026-08-28,2026-08-28,CM,NSE,STK,12913,INE324X01026,SARVESHWAR,EQ,,,,,SARVESHWAR FOODS LIMITED,3.43,3.48,3.39,3.40,3.41,3.42,,3.40,,,996451,3409566.45,1340,F1,1,,,,,
2026-08-28,2026-08-28,CM,NSE,STK,11983,INE231F01020,SASKEN,EQ,,,,,SASKEN TECHNOLOGIES LTD,1861.40,1932.00,1861.40,1901.00,1900.00,1861.40,,1901.07,,,16489,31420499.90,1880,F1,1,,,,,
2026-08-28,2026-08-28,CM,NSE,STK,29151,INE0NB801022,SATKARTAR,SM,,,,,SAT KARTAR LIFE LIMITED,136.70,142.00,136.65,139.00,139.00,136.65,,139.00,,,7200,1001000.00,9,F1,800,,,,,
2026-08-28,2026-08-28,CM,NSE,STK,24697,INE0RFP01011,SSEGL,SM,,,,,SATHLOKHAR SYN E&C GLOB L,405.00,425.90,405.00,415.95,419.00,407.75,,415.95,,,40600,16858400.00,114,F1,200,,,,,
2026-08-28,2026-08-28,CM,NSE,STK,24507,INE0RPM01017,SATIPOLY,ST,,,,,SATI POLY PLAST LIMITED,38.45,38.45,38.40,38.40,38.40,40.40,,38.40,,,8000,307225.00,11,F1,500,,,,,
2026-08-28,2026-08-28,CM,NSE,STK,11045,INE170E01023,SATIA,EQ,,,,,SATIA INDUSTRIES LIMITED,58.80,58.80,57.00,57.76,58.25,58.01,,57.76,,,151230,8711967.39,1769,F1,1,,,,,
2026-08-28,2026-08-28,CM,NSE,STK,10453,INE836B01017,SATIN,EQ,,,,,SATIN CREDIT NET LTD,225.00,228.56,221.40,222.37,223.01,226.01,,222.37,,,117758,26312501.76,2702,F1,1,,,,,
2026-08-28,2026-08-28,CM,NSE,STK,758960,INE14DW01018,SATTVAENGG,SM,,,,,SATTVA ENGINEERING CSTN L,72.00,72.00,64.90,65.50,65.00,72.00,,65.50,,,107200,7099760.00,67,F1,1600,,,,,
2026-08-28,2026-08-28,CM,NSE,STK,3018,INE626A01014,SAURASHCEM,EQ,,,,,SAURASHTRA CEMENT LIMITED,57.11,57.94,56.10,56.33,56.60,57.13,,56.33,,,79022,4497028.14,1179,F1,1,,,,,
2026-08-28,2026-08-28,CM,NSE,STK,3021,INE035D01020,SOTL,EQ,,,,,SAVITA OIL TECHNOLO. LTD,688.00,701.90,681.25,693.20,692.05,679.45,,693.25,,,179883,124770941.75,6687,F1,1,,,,,
2026-08-28,2026-08-28,CM,NSE,STK,757704,INE0UCN01017,SAVY,SM,,,,,SAVY INFRA AND LOGI LTD,137.00,138.00,133.40,137.05,138.00,135.00,,137.05,,,19200,2636220.00,11,F1,1200,,,,,
2026-08-28,2026-08-28,CM,NSE,STK,758444,INE10VS01016,SAWALIYA,SM,,,,,SAWALIYA FOOD PRODUCTS L,169.95,169.95,169.95,169.95,169.95,212.40,,169.95,,,19200,3263040.00,14,F1,600,,,,,
2026-08-28,2026-08-28,CM,NSE,STK,762879,INE318C01014,SAYAJIHOTL,EQ,,,,,SAYAJI HOTELS LTD.,365.20,365.20,310.00,315.70,318.15,332.00,,315.70,,,956,331639.30,75,F1,1,,,,,
2026-08-28,2026-08-28,CM,NSE,STK,764875,INE327G01032,SAYAJIIND,EQ,,,,,SAYAJI INDUSTRIES LTD.,117.00,117.45,115.00,116.97,117.00,117.49,,115.45,,,904,105764.73,10,F1,1,,,,,
2026-08-28,2026-08-28,CM,NSE,STK,6792,INE04AK01028,SBC,EQ,,,,,SBC EXPORTS LIMITED,41.65,42.24,41.42,41.93,42.14,41.45,,41.92,,,5763946,240083512.20,8529,F1,1,,,,,
2026-08-28,2026-08-28,CM,NSE,STK,18026,INE423Y01016,SBFC,EQ,,,,,SBFC FINANCE LIMITED,98.30,101.05,98.12,98.75,98.50,98.61,,98.70,,,2163907,215121215.23,13756,F1,1,,,,,
2026-08-28,2026-08-28,CM,NSE,STK,17971,INE018E01016,SBICARD,EQ,,,,,SBI CARDS & PAY SER LTD,645.00,649.40,638.00,641.05,641.05,645.00,,641.05,,,1398856,897550238.75,30861,F1,1,,,,,
2026-08-28,2026-08-28,CM,NSE,STK,764173,INE640G01020,SBIFUNDS,EQ,,,,,SBI FUNDS MANAGEMENT LTD,565.50,566.00,553.25,563.80,562.60,562.55,,563.80,,,1785037,999536752.50,30275,F1,1,,,,,
2026-08-28,2026-08-28,CM,NSE,STK,21808,INE123W01016,SBILIFE,EQ,,,,,SBI LIFE INSURANCE CO LTD,1780.40,1782.00,1747.80,1761.10,1761.10,1773.20,,1761.11,,,1039823,1827055698.00,36994,F1,1,,,,,
2026-08-28,2026-08-28,CM,NSE,STK,17272,INF200KA16D8,SETFGOLD,EQ,,,,,SBI-ETF GOLD,137.70,137.70,133.31,135.02,135.14,134.35,,135.02,,,3984560,536407439.67,8845,F1,1,,,,,
2026-08-28,2026-08-28,CM,NSE,STK,10176,INF200KA1FS1,SETFNIF50,EQ,,,,,SBI-ETF NIFTY 50,260.50,260.90,259.40,260.49,260.46,260.51,,260.49,,,897263,233527751.10,5100,F1,1,,,,,
2026-08-28,2026-08-28,CM,NSE,STK,7361,INF200KA1580,SETFNIFBK,EQ,,,,,SBI-ETF NIFTY BANK,590.55,594.00,589.33,591.60,594.00,592.65,,591.60,,,57198,33825284.26,975,F1,1,,,,,
2026-08-28,2026-08-28,CM,NSE,STK,7353,INF200KA1598,SETFNN50,EQ,,,,,SBI-ETF NIFTY NEXT 50,793.41,801.51,790.11,794.87,797.75,795.26,,794.87,,,45354,36045610.90,2724,F1,1,,,,,
2026-08-28,2026-08-28,CM,NSE,STK,19705,INF200KA13Z8,LIQUIDSBI,EQ,,,,,SBIAMC - LIQUIDSBI,1000.01,1000.01,999.99,1000.00,1000.01,1000.01,,1000.00,,,1783,1782988.26,15,F1,1,,,,,
2026-08-28,2026-08-28,CM,NSE,STK,30290,INF200KB1712,SBIBPB,EQ,,,,,SBIAMC - SBIBPB,50.47,50.47,49.67,49.80,49.70,49.89,,49.80,,,1368503,68270892.28,438,F1,1,,,,,
2026-08-28,2026-08-28,CM,NSE,STK,5168,INF200KA1X17,SBIETFCON,EQ,,,,,SBIAMC - SBIETFCON,124.98,124.98,122.53,123.36,123.54,123.24,,123.36,,,1917,236058.15,84,F1,1,,,,,
2026-08-28,2026-08-28,CM,NSE,STK,740,INF200KA1S14,SBIETFIT,EQ,,,,,SBIAMC - SBIETFIT,341.49,347.00,341.03,345.45,346.00,336.44,,345.45,,,15065,5197986.49,239,F1,1,,,,,
2026-08-28,2026-08-28,CM,NSE,STK,722,INF200KA1S22,SBIETFPB,EQ,,,,,SBIAMC - SBIETFPB,287.25,287.25,282.36,283.64,283.64,284.57,,283.64,,,496,140728.55,73,F1,1,,,,,
2026-08-28,2026-08-28,CM,NSE,STK,7218,INF200KA1WX6,SBIETFQLTY,EQ,,,,,SBIAMC - SBIETFQLTY,224.04,225.43,224.04,224.20,224.13,224.04,,224.20,,,834,187279.87,45,F1,1,,,,,
2026-08-28,2026-08-28,CM,NSE,STK,758496,INF200KB1969,SBILIQETF,EQ,,,,,SBIAMC - SBILIQETF,1053.90,1053.92,1053.90,1053.90,1053.92,1053.49,,1053.90,,,205660,216746056.40,127,F1,1,,,,,
2026-08-28,2026-08-28,CM,NSE,STK,761095,INF200KB1AJ0,SBIMIDMOM,EQ,,,,,SBIAMC - SBIMIDMOM,64.89,65.15,64.78,65.00,64.98,64.73,,65.00,,,72161,4690235.72,239,F1,1,,,,,
2026-08-28,2026-08-28,CM,NSE,STK,24524,INF200KB1282,SBINEQWETF,EQ,,,,,SBIAMC - SBINEQWETF,33.68,33.69,33.48,33.62,33.63,33.69,,33.62,,,21223,714157.52,174,F1,1,,,,,
2026-08-28,2026-08-28,CM,NSE,STK,761741,INF200KB1AK8,SBINMID150,EQ,,,,,SBIAMC - SBINMID150,23.64,23.69,23.51,23.56,23.69,23.56,,23.58,,,23667,557766.02,92,F1,1,,,,,
2026-08-28,2026-08-28,CM,NSE,STK,24366,INF200KB1217,SBISILVER,EQ,,,,,SBIAMC - SBISILVER,231.98,237.40,231.16,236.12,236.00,231.97,,236.11,,,1508122,354376943.64,7836,F1,1,,,,,
2026-08-28,2026-08-28,CM,NSE,STK,763543,INF200KB1AY9,SBISMLETF,EQ,,,,,SBIAMC - SBISMLETF,18.57,18.60,18.48,18.52,18.50,18.46,,18.52,,,20334,376900.74,164,F1,1,,,,,
2026-08-28,2026-08-28,CM,NSE,STK,763546,INF200KB1AX1,SBIVALETF,EQ,,,,,SBIAMC - SBIVALETF,14.77,14.80,14.71,14.80,14.80,14.73,,14.80,,,1969,29039.75,35,F1,1,,,,,
2026-08-28,2026-08-28,CM,NSE,STK,17395,INF200KA1JT1,SETF10GILT,EQ,,,,,SBIAMC - SETF10GILT,265.06,265.06,264.02,264.28,264.28,265.06,,264.28,,,2372,627738.65,34,F1,1,,,,,
2026-08-28,2026-08-28,CM,NSE,STK,762887,INE099G01011,SCANSTL,BE,,,,,SCAN STEELS LTD.,61.23,62.47,59.95,59.99,59.95,61.23,,60.36,,,20667,1247778.55,98,F1,1,,,,,
2026-08-28,2026-08-28,CM,NSE,STK,1011,INE513A01022,SCHAEFFLER,EQ,,,,,SCHAEFFLER INDIA LIMITED,4051.10,4081.00,4015.00,4033.40,4030.00,4051.10,,4033.08,,,48578,195990943.70,14727,F1,1,,,,,
2026-08-28,2026-08-28,CM,NSE,STK,31234,INE839M01018,SCHNEIDER,EQ,,,,,SCHNEIDER ELECTRIC INFRA,1215.00,1217.90,1184.40,1201.90,1198.50,1207.00,,1201.71,,,197078,235863035.60,13435,F1,1,,,,,
2026-08-28,2026-08-28,CM,NSE,STK,757462,INE148I07XX3,SCL01825,N6,,,,,SCL 0% 2027 SR III,1057.20,1078.00,1057.20,1078.00,1078.00,1083.72,,1078.00,,,15,15962.00,3,F1,1,,,,,
2026-08-28,2026-08-28,CM,NSE,STK,757460,INE148I07XG8,865SCL27,N4,,,,,SCL 8.65% 2027 SR II,993.25,993.75,993.25,993.75,993.75,993.25,,993.75,,,246,244340.00,2,F1,1,,,,,
2026-08-28,2026-08-28,CM,NSE,STK,30238,INE148I07WU1,902SCL28,N1,,,,,SCL 9.02% SR V,988.49,988.49,988.49,988.49,988.49,1002.76,,988.49,,,22,21746.78,1,F1,1,,,,,
2026-08-28,2026-08-28,CM,NSE,STK,757464,INE148I07XP9,925SCL2028,N8,,,,,SCL 9.25% 2028 SR IV,999.00,999.00,999.00,999.00,999.00,999.99,,999.00,,,100,99900.00,1,F1,1,,,,,
2026-08-28,2026-08-28,CM,NSE,STK,757497,INE148I07XY1,995SCL2035,NM,,,,,SCL 9.95% 2035 SR XII,1022.00,1022.00,1022.00,1022.00,1022.00,1022.00,,1022.00,,,1,1022.00,1,F1,1,,,,,
2026-08-28,2026-08-28,CM,NSE,STK,757478,INE090501011,SCODATUBES,EQ,,,,,SCODA TUBES LIMITED,130.85,135.22,130.32,132.59,132.26,130.93,,132.58,,,136534,18134653.40,1846,F1,1,,,,,
2026-08-28,2026-08-28,CM,NSE,STK,21164,IN1020230687,774AP36A,SG,,,,,SDL AP 7.74% 2036,95.00,95.00,95.00,95.00,95.00,100.00,,95.00,,,300,28500.00,3,F1,100,,,,,
2026-08-28,2026-08-28,CM,NSE,STK,11514,IN1020220555,785AP40,SG,,,,,SDL AP 7.85% 2040,100.00,100.00,100.00,100.00,100.00,100.00,,100.00,,,100,10000.00,1,F1,100,,,,,
2026-08-28,2026-08-28,CM,NSE,STK,761658,IN1020260023,807AP51,SG,,,,,SDL AP 8.07% 2051,100.00,100.00,100.00,100.00,100.00,100.00,,100.00,,,100,10000.00,1,F1,100,,,,,
2026-08-28,2026-08-28,CM,NSE,STK,21167,IN1320230155,773BR39,SG,,,,,SDL BR 7.73% 2039,95.00,95.00,95.00,95.00,95.00,100.00,,95.00,,,200,19000.00,2,F1,100,,,,,
2026-08-28,2026-08-28,CM,NSE,STK,5671,IN3520210037,653CG28,SG,,,,,SDL CG 6.53% 2028,96.80,96.80,96.80,96.80,96.80,100.00,,96.80,,,100,9680.00,1,F1,100,,,,,
2026-08-28,2026-08-28,CM,NSE,STK,21133,IN1520230161,743GJ27,SG,,,,,SDL GJ 7.43% 2027,100.86,100.86,100.86,100.86,100.86,100.86,,100.86,,,100,10086.00,1,F1,100,,,,,
2026-08-28,2026-08-28,CM,NSE,STK,23673,IN1720240028,747HP33,SG,,,,,SDL HP 7.47% 2033,95.28,95.28,95.28,95.28,95.28,93.10,,95.28,,,100,9528.00,1,F1,100,,,,,
2026-08-28,2026-08-28,CM,NSE,STK,2901,IN2020200290,672KL27,SG,,,,,SDL KL 6.72% 2027,100.70,100.70,100.70,100.70,100.70,100.00,,100.70,,,100,10070.00,1,F1,100,,,,,
2026-08-28,2026-08-28,CM,NSE,STK,763065,IN2220260045,755MH34,SG,,,,,SDL MH 7.55% 2034,95.36,95.36,95.36,95.36,95.36,95.00,,95.36,,,200,19072.00,1,F1,100,,,,,
2026-08-28,2026-08-28,CM,NSE,STK,23753,IN2820240082,747PN32,SG,,,,,SDL PN 7.47% 2032,99.50,99.50,99.50,99.50,99.50,95.35,,99.50,,,2200,218900.00,1,F1,100,,,,,
2026-08-28,2026-08-28,CM,NSE,STK,21166,IN2820230232,779PN38,SG,,,,,SDL PN 7.79% 2038,95.00,100.00,95.00,100.00,100.00,100.00,,100.00,,,400,38900.00,4,F1,100,,,,,
2026-08-28,2026-08-28,CM,NSE,STK,21156,IN2920230371,774RJ34,SG,,,,,SDL RJ 7.74% 2034,95.12,95.12,95.12,95.12,95.12,95.12,,95.12,,,100,9512.00,1,F1,100,,,,,
2026-08-28,2026-08-28,CM,NSE,STK,763068,IN2920260048,781RJ49,SG,,,,,SDL RJ 7.81% 2049,97.00,97.00,97.00,97.00,97.00,97.02,,97.00,,,1000,97000.00,1,F1,100,,,,,
2026-08-28,2026-08-28,CM,NSE,STK,23423,IN3120240012,742TN34A,SG,,,,,SDL TN 7.42% 2034,99.00,99.00,99.00,99.00,99.00,95.04,,99.00,,,700,69300.00,1,F1,100,,,,,
2026-08-28,2026-08-28,CM,NSE,STK,19908,IN3120230310,765TN30,SG,,,,,SDL TN 7.65% 2030,98.14,98.14,98.14,98.14,98.14,100.50,,98.14,,,100,9814.00,1,F1,100,,,,,
2026-08-28,2026-08-28,CM,NSE,STK,760024,IN4520250544,745TS48,SG,,,,,SDL TS 7.45% 2048,89.34,89.34,89.34,89.34,89.34,92.00,,89.34,,,100,8934.00,1,F1,100,,,,,
2026-08-28,2026-08-28,CM,NSE,STK,763778,IN4520260089,765TS49,SG,,,,,SDL TS 7.65% 2049,95.00,95.00,95.00,95.00,95.00,95.00,,95.00,,,100,9500.00,1,F1,100,,,,,
2026-08-28,2026-08-28,CM,NSE,STK,2616,INE497B01018,SEAMECLTD,EQ,,,,,SEAMEC LIMITED,1624.40,1693.50,1618.00,1676.60,1667.40,1624.40,,1676.58,,,140532,233246264.90,11908,F1,1,,,,,
2026-08-28,2026-08-28,CM,NSE,STK,6207,INE530B07187,IIFLZC26,NN,,,,,SEC RE NCD 0% SR.VII,1499.47,1499.47,1494.00,1495.00,1495.00,1499.36,,1495.00,,,250,373823.50,5,F1,1,,,,,
2026-08-28,2026-08-28,CM,NSE,STK,7674,INE477L07AS8,IIFLHF29,NE,,,,,SEC RE NCD 0% SR.VIII,1391.60,1391.60,1391.60,1391.60,1391.60,1512.00,,1391.60,,,1,1391.60,1,F1,1,,,,,
2026-08-28,2026-08-28,CM,NSE,STK,20771,INE413U07277,10ISFL26,N3,,,,,SEC RE NCD 10% SR 4,1060.00,1061.00,1060.00,1060.00,1060.00,1059.00,,1060.00,,,248,263013.00,12,F1,1,,,,,
2026-08-28,2026-08-28,CM,NSE,STK,12465,INE741K07496,10CAGL27,N5,,,,,SEC RE NCD 10% SR. V,1018.00,1020.00,1018.00,1020.00,1020.00,1018.00,,1020.00,,,20,20380.00,2,F1,1,,,,,
2026-08-28,2026-08-28,CM,NSE,STK,20779,INE413U07269,1003ISFL28,N4,,,,,SEC RE NCD 10.03% SR 5,1014.89,1014.89,1014.89,1014.89,1014.89,1010.00,,1014.89,,,55,55818.95,1,F1,1,,,,,
2026-08-28,2026-08-28,CM,NSE,STK,24141,INE413U07301,1003IIFL29,NC,,,,,SEC RE NCD 10.03% SR V,1001.50,1024.00,1000.00,1024.00,1024.00,1005.00,,1024.00,,,649,649439.57,12,F1,1,,,,,
2026-08-28,2026-08-28,CM,NSE,STK,20116,INE148I07QX7,1003SCL30A,NV,,,,,SEC RE NCD 10.03% SR X,785.00,788.00,721.00,788.00,788.00,720.50,,788.00,,,28,21123.00,6,F1,1,,,,,
2026-08-28,2026-08-28,CM,NSE,STK,20102,INE148I07QR9,1015SCL28,NR,,,,,SEC RE NCD 10.15% SR VII,921.00,921.00,900.00,900.00,900.00,900.00,,900.00,,,6,5505.00,2,F1,1,,,,,
2026-08-28,2026-08-28,CM,NSE,STK,23952,INE148I07TR3,1015SCL29,ZL,,,,,SEC RE NCD 10.15% SR VII,1024.00,1024.00,1017.00,1017.00,1017.00,1012.00,,1020.50,,,43,43760.20,4,F1,1,,,,,
2026-08-28,2026-08-28,CM,NSE,STK,18906,INE148I07PV3,888SCL25E,N4,,,,,SEC RE NCD 10.25% SR XII,804.00,930.00,804.00,930.00,930.00,948.00,,930.00,,,1286,1054860.00,9,F1,1,,,,,
2026-08-28,2026-08-28,CM,NSE,STK,20130,INE148I07RB1,965SCL25F,NZ,,,,,SEC RE NCD 10.25% SR XII,875.00,875.00,875.00,875.00,875.00,861.00,,875.00,,,50,43750.00,1,F1,1,,,,,
2026-08-28,2026-08-28,CM,NSE,STK,14034,INE244L07283,1030SFIL28,NM,,,,,SEC RE NCD 10.30% SR.VII,624.00,624.00,590.00,590.00,590.00,520.00,,592.00,,,5,3086.00,3,F1,1,,,,,
2026-08-28,2026-08-28,CM,NSE,STK,20784,INE413U07251,1050ISFL28,N5,,,,,SEC RE NCD 10.50% SR 6,1067.29,1067.29,1067.29,1067.29,1067.29,1055.30,,1067.29,,,13,13874.77,1,F1,1,,,,,
2026-08-28,2026-08-28,CM,NSE,STK,23123,INE342T07460,1065NFL27,NC,,,,,SEC RE NCD 10.65% SR.IV,1027.00,1034.00,1027.00,1034.00,1034.00,1034.00,,1033.75,,,1100,1136695.00,13,F1,1,,,,,
2026-08-28,2026-08-28,CM,NSE,STK,18902,INE148I07PT7,1075SCL33A,N2,,,,,SEC RE NCD 10.75% SR XI,880.00,880.00,880.00,880.00,880.00,866.00,,880.00,,,40,35200.00,1,F1,1,,,,,
2026-08-28,2026-08-28,CM,NSE,STK,23125,INE342T07445,1119NFL27,ND,,,,,SEC RE NCD 11.19% SR.V,1054.80,1054.80,1054.80,1054.80,1054.80,1053.10,,1053.80,,,49,51685.20,1,F1,1,,,,,
2026-08-28,2026-08-28,CM,NSE,STK,11658,INE0H7R07017,79NHIT35,N1,,,,,SEC RE NCD 7.90% STRPP A,310.00,310.18,310.00,310.18,310.18,312.50,,310.18,,,2515,779715.70,11,F1,1,,,,,
2026-08-28,2026-08-28,CM,NSE,STK,11665,INE0H7R07025,79NHIT40,N2,,,,,SEC RE NCD 7.90% STRPP B,310.25,313.00,310.25,312.07,312.00,312.50,,312.07,,,1554,484775.75,6,F1,1,,,,,
2026-08-28,2026-08-28,CM,NSE,STK,11669,INE0H7R07033,79NHIT47,N3,,,,,SEC RE NCD 7.90% STRPP C,418.90,418.90,415.10,418.80,418.80,418.50,,418.80,,,191,79602.90,3,F1,1,,,,,
2026-08-28,2026-08-28,CM,NSE,STK,6197,INE530B07161,842IIFL26,NL,,,,,SEC RE NCD 8.42% SR.V,999.00,999.90,995.00,995.04,995.00,995.01,,995.04,,,1241,1235877.00,13,F1,1,,,,,
2026-08-28,2026-08-28,CM,NSE,STK,7668,INE477L07AQ2,843IHFL29,NC,,,,,SEC RE NCD 8.43% SR.VI,984.98,991.00,984.98,990.98,990.98,980.00,,990.98,,,614,607179.92,12,F1,1,,,,,
2026-08-28,2026-08-28,CM,NSE,STK,20435,INE121A07RO8,850CIFCL26,NE,,,,,SEC RE NCD 8.50% SR 3,950.00,950.00,950.00,950.00,950.00,1148.10,,950.00,,,27,25650.00,1,F1,1,,,,,
2026-08-28,2026-08-28,CM,NSE,STK,13852,INE530B07310,865IIFL28,NS,,,,,SEC RE NCD 8.65% SR.V,992.89,994.00,992.89,994.00,994.00,992.89,,994.00,,,197,195707.00,3,F1,1,,,,,
2026-08-28,2026-08-28,CM,NSE,STK,5857,INE148I07KP6,975SCL28,NT,,,,,SEC RE NCD 8.89% SR.VIII,997.00,997.00,997.00,997.00,997.00,998.68,,997.00,,,10,9970.00,1,F1,1,,,,,
2026-08-28,2026-08-28,CM,NSE,STK,28869,INE477L07BG1,89IHFL29,N1,,,,,SEC RE NCD 8.90% SR VI,985.00,985.00,985.00,985.00,985.00,985.00,,985.00,,,95,93575.00,2,F1,1,,,,,
2026-08-28,2026-08-28,CM,NSE,STK,23706,INE338I07164,897MOFSL29,N4,,,,,SEC RE NCD 8.97% SR V,1020.00,1020.00,1020.00,1020.00,1020.00,1032.97,,1020.00,,,120,122400.00,1,F1,1,,,,,
2026-08-28,2026-08-28,CM,NSE,STK,5855,INE148I07KN1,889SCL26,NS,,,,,SEC RE NCD 9.25% SR.VII,1088.00,1088.00,1088.00,1088.00,1088.00,1074.45,,1088.00,,,25,27200.00,1,F1,1,,,,,
2026-08-28,2026-08-28,CM,NSE,STK,13497,INE148I07ND6,965SCL25C,N0,,,,,SEC RE NCD 9.39% SR.VIII,498.00,498.00,404.20,450.00,450.00,415.00,,472.50,,,10,4823.20,4,F1,1,,,,,
2026-08-28,2026-08-28,CM,NSE,STK,20075,INE148I07QK4,948SCL26A,NN,,,,,SEC RE NCD 9.48% SR V,333.90,333.90,333.90,333.90,333.90,393.00,,333.90,,,23,7679.70,4,F1,1,,,,,
2026-08-28,2026-08-28,CM,NSE,STK,23948,INE148I07TL6,948SCL27A,ZJ,,,,,SEC RE NCD 9.48% SR V,1000.00,1000.00,1000.00,1000.00,1000.00,990.00,,1000.00,,,86,86000.00,1,F1,1,,,,,
2026-08-28,2026-08-28,CM,NSE,STK,25294,INE423A07336,956AEL29,N6,,,,,SEC RE NCD 9.56% SR VI,1049.00,1049.00,1049.00,1049.00,1049.00,1054.99,,1054.50,,,50,52450.00,1,F1,1,,,,,
2026-08-28,2026-08-28,CM,NSE,STK,25287,INE423A07328,965AEL27,N4,,,,,SEC RE NCD 9.65% SR IV,1044.00,1084.00,1009.50,1011.18,1011.10,1104.99,,1011.18,,,1263,1280953.67,37,F1,1,,,,,
2026-08-28,2026-08-28,CM,NSE,STK,18487,INE741K07579,970CAGL28,ND,,,,,SEC RE NCD 9.70% SR VII,1018.88,1024.00,1018.88,1023.99,1023.99,1017.00,,1023.99,,,55,56264.66,4,F1,1,,,,,
2026-08-28,2026-08-28,CM,NSE,STK,20106,INE148I07QT5,971SCL28A,NT,,,,,SEC RE NCD 9.71% SR VIII,619.00,619.00,619.00,619.00,619.00,619.00,,619.00,,,1,619.00,1,F1,1,,,,,
2026-08-28,2026-08-28,CM,NSE,STK,14038,INE244L07416,985SFIL28,NO,,,,,SEC RE NCD 9.85% SR.VIII,375.10,375.10,375.10,375.10,375.10,410.00,,524.05,,,1,375.10,1,F1,1,,,,,
2026-08-28,2026-08-28,CM,NSE,STK,20995,INE148I07RN6,990SCL26B,Y7,,,,,SEC RE NCD 9.9% SR IV,1052.20,1052.20,1052.20,1052.20,1052.20,1063.80,,1053.00,,,20,21044.00,1,F1,1,,,,,
2026-08-28,2026-08-28,CM,NSE,STK,23293,INE148I07SG8,990SCL27,YT,,,,,SEC RE NCD 9.9% SR IV,1030.20,1030.20,1030.20,1030.20,1030.20,1030.20,,1030.20,,,2,2060.40,1,F1,1,,,,,
2026-08-28,2026-08-28,CM,NSE,STK,25296,INE423A07344,99AEL29,N7,,,,,SEC RE NCD 9.90% SR VII,1051.00,1054.10,1051.00,1053.28,1052.10,1148.90,,1053.28,,,290,305151.30,21,F1,1,,,,,
2026-08-28,2026-08-28,CM,NSE,STK,20445,INE121A07RN0,CIFCZC28,NH,,,,,SEC RE NCD SR 6,1268.00,1268.00,1268.00,1268.00,1268.00,1255.00,,1268.00,,,560,710080.00,1,F1,1,,,,,
2026-08-28,2026-08-28,CM,NSE,STK,25292,INE423A07377,AEL120924A,N5,,,,,SEC RE NCD SR V,1200.00,1200.00,1200.00,1200.00,1200.00,1199.99,,1200.00,,,38,45600.00,1,F1,1,,,,,
2026-08-28,2026-08-28,CM,NSE,STK,25298,INE423A07385,AEL120924B,N8,,,,,SEC RE NCD SR VIII,1212.00,1212.00,1212.00,1212.00,1212.00,1210.00,,1212.00,,,80,96960.00,10,F1,1,,,,,
2026-08-28,2026-08-28,CM,NSE,STK,14224,INE00QS24027,IMC1,N2,,,,,SEC RE NCGB 8.25% STRPP C,254.00,254.00,252.00,252.00,252.00,250.40,,252.00,,,410,103340.00,5,F1,1,,,,,
2026-08-28,2026-08-28,CM,NSE,STK,7975,INE804IA7014,1015ECL29,NR,,,,,SEC RED NCD 10.15% SR. VI,1020.00,1020.00,1019.00,1019.00,1019.00,1020.00,,1019.21,,,3,3059.00,2,F1,1,,,,,
2026-08-28,2026-08-28,CM,NSE,STK,9975,INE511C07706,829PFL29,N6,,,,,SEC RED NCD 10.27% SR. VI,1065.00,1065.00,1065.00,1065.00,1065.00,1000.00,,1065.00,,,25,26625.00,2,F1,1,,,,,
2026-08-28,2026-08-28,CM,NSE,STK,16870,INE033L07GS6,81TCHF28,N8,,,,,SEC RED NCD 8.10% SR.IV,1020.00,1020.00,1020.00,1020.00,1020.00,1020.00,,1020.00,,,20,20400.00,1,F1,1,,,,,
2026-08-28,2026-08-28,CM,NSE,STK,16874,INE033L07GU2,84TCHF28,NA,,,,,SEC RED NCD 8.40% SR.V,1063.80,1063.80,1063.80,1063.80,1063.80,1058.00,,1063.85,,,5,5319.00,1,F1,1,,,,,
2026-08-28,2026-08-28,CM,NSE,STK,18624,INE148I07GJ7,865SCL26,N8,,,,,SEC RED NCD 8.65% SR. V,999.62,999.62,999.62,999.62,999.62,995.00,,999.21,,,41,40984.42,2,F1,1,,,,,
2026-08-28,2026-08-28,CM,NSE,STK,18628,INE148I07GL3,9SCL26BA,NA,,,,,SEC RED NCD 9.0% SR. VI,1081.75,1081.75,1080.80,1080.80,1080.80,1080.00,,1080.80,,,885,956595.40,4,F1,1,,,,,
2026-08-28,2026-08-28,CM,NSE,STK,4292,INE804I079Y6,985ECL28,NK,,,,,SEC RED NCD 9.85% SR. VII,959.00,1004.01,959.00,1004.00,1004.00,1004.99,,1002.11,,,70,69380.19,6,F1,1,,,,,
2026-08-28,2026-08-28,CM,NSE,STK,19496,INE0BTM01013,SECMARK,EQ,,,,,SECMARK CONSULTANCY LTD,131.05,152.34,128.80,151.31,152.34,126.95,,151.22,,,73883,10856669.18,1262,F1,1,,,,,
2026-08-28,2026-08-28,CM,NSE,STK,11058,INE650K01021,SECURKLOUD,EQ,,,,,SECUREKLOUD TECH LIMITED,18.18,18.18,17.21,17.40,17.26,17.80,,17.40,,,11774,206007.93,90,F1,1,,,,,
2026-08-28,2026-08-28,CM,NSE,STK,761153,INE00XB01019,SEDEMAC,EQ,,,,,SEDEMAC MECHATRONICS LTD,3052.00,3095.00,2962.10,3011.60,3006.00,3026.50,,3010.72,,,63095,190166700.30,10755,F1,1,,,,,
2026-08-28,2026-08-28,CM,NSE,STK,7091,INE955I01044,SEJALLTD,EQ,,,,,SEJAL GLASS LIMITED,676.35,680.95,670.60,673.35,676.00,676.50,,673.35,,,2882,1949611.80,223,F1,1,,,,,
2026-08-28,2026-08-28,CM,NSE,STK,6262,INE105I01020,SELMC,EQ,,,,,SEL MANUFACTURING CO LTD,27.00,28.38,27.00,27.71,27.77,27.45,,27.73,,,3292,91774.46,69,F1,1,,,,,
2026-08-28,2026-08-28,CM,NSE,STK,11961,INE617A01013,SEMAC,EQ,,,,,SEMAC CONSTRUCTION LTD,285.30,290.00,282.50,288.00,288.00,285.30,,288.00,,,163,46755.50,10,F1,1,,,,,
2026-08-28,2026-08-28,CM,NSE,STK,17271,INE602W01027,SENCO,EQ,,,,,SENCO GOLD LIMITED,362.80,363.70,352.50,354.85,356.90,362.75,,354.84,,,639082,228105018.20,15080,F1,1,,,,,
2026-08-28,2026-08-28,CM,NSE,STK,28888,INE0RB801010,SENORES,EQ,,,,,SENORES PHARMACEUTICALS L,1474.60,1494.00,1466.20,1482.10,1494.00,1474.60,,1482.10,,,84500,125000430.40,7007,F1,1,,,,,
2026-08-28,2026-08-28,CM,NSE,STK,15308,INE964H01014,SEPC,EQ,,,,,SEPC LIMITED,5.71,5.83,5.50,5.56,5.54,5.71,,5.56,,,59773560,334627130.37,24068,F1,1,,,,,
2026-08-28,2026-08-28,CM,NSE,STK,20715,INE027E07BC8,865LTF26,NN,,,,,SERENCD 8.65% SR.VI OP12,1053.10,1053.10,1052.55,1052.55,1052.55,1052.55,,1052.55,,,122,128469.95,3,F1,1,,,,,
2026-08-28,2026-08-28,CM,NSE,STK,20691,INE027E07AN7,87LTF27,NH,,,,,SERENCD 8.70% SR.VII OPII,1025.00,1025.00,1025.00,1025.00,1025.00,1005.00,,1025.00,,,200,205000.00,17,F1,1,,,,,
2026-08-28,2026-08-28,CM,NSE,STK,21197,INE306N07LM5,865TCAPS27,N8,,,,,SERENCD8.65%SR.IIICIII&IV,1010.90,1010.90,1009.50,1009.50,1009.50,1010.93,,1009.50,,,286,288810.20,13,F1,1,,,,,
2026-08-28,2026-08-28,CM,NSE,STK,17399,INE0P1Q01015,SERVICE,SM,,,,,SERVICE CARE LIMITED,67.05,72.40,66.50,72.00,72.00,70.00,,72.00,,,82000,5701300.00,33,F1,2000,,,,,
2026-08-28,2026-08-28,CM,NSE,STK,5507,INE782X01033,SERVOTECH,EQ,,,,,SERVOTECH REN POW SYS LTD,81.15,81.69,80.48,80.97,80.80,81.12,,80.97,,,210914,17090664.80,2544,F1,1,,,,,
2026-08-28,2026-08-28,CM,NSE,STK,759934,INE04VU01023,STYL,EQ,,,,,SESHAASAI TECHNOLOGIES L,399.00,414.00,398.75,402.10,400.00,399.95,,402.10,,,130545,53113399.55,4881,F1,1,,,,,
2026-08-28,2026-08-28,CM,NSE,STK,3066,INE630A01024,SESHAPAPER,EQ,,,,,SESHASAYEE PAPER & BOARDS,231.73,234.70,228.01,229.61,228.10,230.11,,229.46,,,18457,4244661.31,619,F1,1,,,,,
2026-08-28,2026-08-28,CM,NSE,STK,17518,INE878E01021,SETCO,BE,,,,,SETCO AUTOMOTIVE LTD,18.29,18.29,17.11,17.93,18.19,17.86,,17.93,,,36537,656215.93,172,F1,1,,,,,
2026-08-28,2026-08-28,CM,NSE,STK,18024,INE023M01027,SETUINFRA,BZ,,,,,SETUBANDHAN INFRA LTD,0.47,0.48,0.45,0.48,0.48,0.46,,0.48,,,95189,43268.52,42,F1,1,,,,,
2026-08-28,2026-08-28,CM,NSE,STK,10836,INE573R01012,SEYAIND,BE,,,,,SEYA INDUSTRIES LIMITED,12.22,12.48,12.00,12.44,12.18,12.24,,12.43,,,19350,239730.97,61,F1,1,,,,,
2026-08-28,2026-08-28,CM,NSE,STK,758853,INE618R01015,SGFIN,EQ,,,,,SG FINSERVE LIMITED,690.80,690.80,682.05,684.55,685.80,687.45,,684.57,,,107777,73847709.90,3165,F1,1,,,,,
2026-08-28,2026-08-28,CM,NSE,STK,758889,INE385F01024,SGMART,EQ,,,,,SG MART LIMITED,809.00,819.45,785.30,789.30,789.00,810.25,,789.28,,,739639,591196409.70,16641,F1,1,,,,,
2026-08-28,2026-08-28,CM,NSE,STK,765247,INE967B01028,SGLRES,EQ,,,,,SGL RESOURCES LIMITED,2.30,2.43,2.30,2.42,2.43,2.32,,2.42,,,88832,213063.85,126,F1,1,,,,,
2026-08-28,2026-08-28,CM,NSE,STK,761469,INE12UN01015,SHADOWFAX,EQ,,,,,SHADOWFAX TECHNOLOGIES L,238.60,247.89,238.10,245.36,245.75,238.60,,245.38,,,5614024,1374308729.41,50979,F1,1,,,,,
2026-08-28,2026-08-28,CM,NSE,STK,11856,INE640C01011,SHAHALLOYS,EQ,,,,,SHAH ALLOYS LIMITED,89.01,103.15,87.00,103.15,103.15,85.96,,103.14,,,1390957,139206267.36,7839,F1,1,,,,,
2026-08-28,2026-08-28,CM,NSE,STK,20296,INE482J01021,SHAH,EQ,,,,,SHAH METACORP LIMITED,3.94,3.95,3.63,3.74,3.75,3.78,,3.74,,,10826338,41135716.56,3297,F1,1,,,,,
2026-08-28,2026-08-28,CM,NSE,STK,8727,INE151G01028,SHAILY,EQ,,,,,SHAILY ENG PLASTICS LTD,3302.30,3310.00,3244.00,3270.40,3260.00,3289.00,,3270.37,,,88738,290351001.30,17839,F1,1,,,,,
2026-08-28,2026-08-28,CM,NSE,STK,25574,INE908D01010,SHAKTIPUMP,EQ,,,,,SHAKTI PUMPS (I) LTD,498.90,499.00,490.30,493.55,493.00,497.40,,493.53,,,279592,137915506.40,11895,F1,1,,,,,
2026-08-28,2026-08-28,CM,NSE,STK,714,INE597J01018,SHALBY,EQ,,,,,SHALBY LIMITED,155.43,157.20,152.50,154.65,154.60,154.33,,154.65,,,45656,7069706.32,1527,F1,1,,,,,
2026-08-28,2026-08-28,CM,NSE,STK,761688,INE861D01011,SAHLIBHFI,EQ,,,,,SHALIBHADRA FINANCE LTD,72.16,79.88,72.16,76.84,75.05,75.00,,76.94,,,1739,133285.66,125,F1,1,,,,,
2026-08-28,2026-08-28,CM,NSE,STK,15346,INE849C01026,SHALPAINTS,BE,,,,,SHALIM PAINTS LTD,81.98,82.00,78.00,78.63,78.72,80.40,,78.63,,,70400,5566770.52,393,F1,1,,,,,
2026-08-28,2026-08-28,CM,NSE,STK,25737,INE01NE01012,SRD,EQ,,,,,SHANKAR LAL RAMPAL LTD,40.09,40.28,39.82,40.24,40.26,39.62,,40.24,,,6863,274698.72,66,F1,1,,,,,
2026-08-28,2026-08-28,CM,NSE,STK,20321,INE274V01019,SHANKARA,EQ,,,,,SHANKARA BLDG PRODUCT LTD,147.24,148.24,145.51,146.09,145.51,146.95,,146.09,,,151430,22208946.38,714,F1,1,,,,,
2026-08-28,2026-08-28,CM,NSE,STK,760594,INE24OJ01011,BUILDPRO,EQ,,,,,SHANKARA BUILDPRO LIMITED,1242.00,1268.20,1240.10,1243.70,1245.30,1242.10,,1243.74,,,18107,22718562.70,1757,F1,1,,,,,
2026-08-28,2026-08-28,CM,NSE,STK,765382,INE1WFC01025,SHANKESH,EQ,,,,,SHANKESH JEWELLERS LTD,89.69,92.56,87.25,91.73,92.50,89.69,,91.72,,,4645174,419288803.92,26252,F1,1,,,,,
2026-08-28,2026-08-28,CM,NSE,STK,3078,INE631A01022,SHANTIGEAR,EQ,,,,,SHANTHI GEARS LTD,542.05,542.10,510.20,517.75,514.90,544.80,,517.76,,,183487,96763024.35,5487,F1,1,,,,,
2026-08-28,2026-08-28,CM,NSE,STK,762889,INE440T01028,SEIL,EQ,,,,,SHANTI EDU INITIATIVES L,209.78,210.33,205.30,206.67,206.71,208.11,,206.73,,,76804,15938157.73,1402,F1,1,,,,,
2026-08-28,2026-08-28,CM,NSE,STK,758002,INE06ZD01017,SHANTIGOLD,EQ,,,,,SHANTI GOLD INTERNATION L,240.20,248.54,240.20,242.29,244.90,246.05,,242.28,,,1362078,333026247.68,14604,F1,1,,,,,
2026-08-28,2026-08-28,CM,NSE,STK,5650,INE933X01016,SHANTI,EQ,,,,,SHANTI OVERSEAS INDIA LTD,6.02,6.40,6.02,6.31,6.16,6.11,,6.31,,,24808,153980.69,54,F1,1,,,,,
2026-08-28,2026-08-28,CM,NSE,STK,762904,INE220Z01013,SHINDL,EQ,,,,,SHARAT INDUSTRIES LTD.,164.23,166.15,161.22,164.13,166.15,164.23,,164.22,,,217652,35349616.92,968,F1,1,,,,,
2026-08-28,2026-08-28,CM,NSE,STK,4992,INE221J01015,SHARDACROP,EQ,,,,,SHARDA CROPCHEM LTD.,794.00,800.00,780.15,783.75,784.50,793.05,,783.75,,,118584,93289128.45,8395,F1,1,,,,,
2026-08-28,2026-08-28,CM,NSE,STK,10530,INE597I01028,SHARDAMOTR,EQ,,,,,SHARDA MOTOR INDS LTD,871.95,896.60,866.45,877.20,879.20,874.50,,877.18,,,22462,19705462.90,4690,F1,1,,,,,
2026-08-28,2026-08-28,CM,NSE,STK,762897,INE037B01020,SHARDUL,BE,,,,,SHARDUL SECURITIES LTD.,52.90,52.90,52.01,52.14,52.05,52.67,,52.14,,,8852,461436.99,72,F1,1,,,,,
2026-08-28,2026-08-28,CM,NSE,STK,104,INE932X01026,SHAREINDIA,EQ,,,,,SHARE IND. SECURITIES LTD,170.00,170.00,167.65,167.93,167.65,169.02,,167.93,,,200247,33675861.37,1647,F1,1,,,,,
2026-08-28,2026-08-28,CM,NSE,STK,19469,INE460Q01014,SCML,SM,,,,,SHARP CHUCKS N MACHINES L,84.90,84.90,84.90,84.90,84.90,84.90,,84.90,,,1000,84900.00,1,F1,1000,,,,,
2026-08-28,2026-08-28,CM,NSE,STK,19184,INE916U01025,SFL,EQ,,,,,SHEELA FOAM LIMITED,635.00,641.75,627.90,637.00,640.00,636.30,,637.01,,,161161,102448373.35,11648,F1,1,,,,,
2026-08-28,2026-08-28,CM,NSE,STK,12081,INE501Y01019,SCPL,BE,,,,,SHEETAL COOL PRODUCTS LTD,658.15,666.00,635.50,645.80,664.80,658.15,,646.05,,,9276,5985360.00,185,F1,1,,,,,
2026-08-28,2026-08-28,CM,NSE,STK,20415,INE04VX01019,SHEETAL,SM,,,,,SHEETAL UNIVERSAL LIMITED,345.50,345.50,337.00,339.80,344.00,332.50,,339.80,,,4500,1532425.00,7,F1,500,,,,,
2026-08-28,2026-08-28,CM,NSE,STK,21099,INE268L01046,SHEKHAWATI,BE,,,,,SHEKHAWATI INDUSTRIES LTD,16.01,16.29,15.53,15.93,15.75,16.34,,15.78,,,21502,342361.21,96,F1,1,,,,,
2026-08-28,2026-08-28,CM,NSE,STK,5072,INE363M01019,SHEMAROO,BE,,,,,SHEMAROO ENTER. LTD.,129.97,129.98,125.00,126.06,126.05,128.63,,126.06,,,6926,873809.09,65,F1,1,,,,,
2026-08-28,2026-08-28,CM,NSE,STK,14172,INE0MM001019,SHERA,SM,,,,,SHERA ENERGY LIMITED,175.00,186.50,173.55,181.85,186.50,174.70,,181.85,,,97000,17472950.00,78,F1,1000,,,,,
2026-08-28,2026-08-28,CM,NSE,STK,764890,INE011D01013,SHERVANI,EQ,,,,,SHERVANI INDUSTRIAL SYN L,319.00,319.00,306.00,306.50,306.50,321.45,,327.85,,,219,67494.55,44,F1,1,,,,,
2026-08-28,2026-08-28,CM,NSE,STK,8394,INE03KJ01013,SHIGAN,SM,,,,,SHIGAN QUANTUM TECH LTD,71.00,71.00,71.00,71.00,71.00,71.25,,71.00,,,4500,319500.00,3,F1,1500,,,,,
2026-08-28,2026-08-28,CM,NSE,STK,759847,INE024F01011,SHILCTECH,EQ,,,,,SHILCHAR TECHNOLOGIES LTD,4101.00,4106.00,4014.20,4084.20,4071.00,4045.80,,4083.72,,,15471,63014535.00,3736,F1,1,,,,,
2026-08-28,2026-08-28,CM,NSE,STK,764895,INE960A01017,SHILGRAVQ,EQ,,,,,SHILP GRAVURES LTD.,165.00,172.20,163.00,170.07,172.20,169.00,,170.43,,,1773,299896.72,17,F1,1,,,,,
2026-08-28,2026-08-28,CM,NSE,STK,17752,INE790G01031,SHILPAMED,EQ,,,,,SHILPA MEDICARE LTD,901.00,910.00,890.70,903.80,901.00,901.85,,903.81,,,879302,792373817.60,33099,F1,1,,,,,
2026-08-28,2026-08-28,CM,NSE,STK,23127,INE0PB301013,SCILAL,EQ,,,,,SHIPPING CORP OF ILA LTD,40.02,40.69,40.00,40.38,40.47,40.02,,40.38,,,157415,6356591.60,1041,F1,1,,,,,
2026-08-28,2026-08-28,CM,NSE,STK,3048,INE109A01011,SCI,EQ,,,,,SHIPPING CORP OF INDIA LT,294.25,303.70,294.20,299.05,299.50,292.55,,299.04,,,5131992,1542683398.10,50483,F1,1,,,,,
2026-08-28,2026-08-28,CM,NSE,STK,765282,INE0FOO01011,SHIPROCKET,EQ,,,,,SHIPROCKET LIMITED,132.10,132.30,124.00,125.40,125.45,132.09,,125.40,,,12606030,1608693904.28,61741,F1,1,,,,,
2026-08-28,2026-08-28,CM,NSE,STK,759747,INE719F01016,SHIVAUM,EQ,,,,,SHIV AUM STEELS LIMITED,462.15,462.15,445.00,445.00,445.00,445.00,,445.00,,,5872,2619714.55,41,F1,1,,,,,
2026-08-28,2026-08-28,CM,NSE,STK,765160,INE555C01029,SHIVACEM,EQ,,,,,SHIVA CEMENT LTD.,16.55,16.93,16.25,16.61,16.63,16.55,,16.54,,,47261,779183.72,162,F1,1,,,,,
2026-08-28,2026-08-28,CM,NSE,STK,764900,INE960E01019,SHIVAAGRO,EQ,,,,,SHIVA GLOBAL AGRO INDS. L,40.70,41.90,39.21,41.72,41.79,40.74,,41.82,,,2027,83346.86,40,F1,1,,,,,
2026-08-28,2026-08-28,CM,NSE,STK,1497,INE644Y01017,SHIVAMILLS,EQ,,,,,SHIVA MILLS LIMITED,62.90,62.90,61.00,61.89,61.89,62.60,,62.02,,,501,30867.10,16,F1,1,,,,,
2026-08-28,2026-08-28,CM,NSE,STK,804,INE705C01020,SHIVATEX,EQ,,,,,SHIVA TEXYARN LIMITED,166.08,179.00,166.06,176.40,176.01,170.97,,176.40,,,13850,2433188.64,197,F1,1,,,,,
2026-08-28,2026-08-28,CM,NSE,STK,24249,INE0T7B01010,SPCL,SM,,,,,SHIVALIC POWER CONTROL L,61.55,63.95,61.55,62.15,62.00,61.85,,62.15,,,6000,374670.00,10,F1,600,,,,,
2026-08-28,2026-08-28,CM,NSE,STK,4656,INE386D01027,SBCL,EQ,,,,,SHIVALIK BIMETAL CON. LTD,1055.90,1087.95,1036.10,1049.20,1045.00,1044.20,,1049.21,,,524106,556369731.40,23516,F1,1,,,,,
2026-08-28,2026-08-28,CM,NSE,STK,7026,INE788J01021,SHIVALIK,BE,,,,,SHIVALIK RASAYAN LIMITED,292.24,306.85,285.80,306.85,306.85,292.24,,310.75,,,44606,13408327.17,625,F1,1,,,,,
2026-08-28,2026-08-28,CM,NSE,STK,13757,INE637H01024,SHIVAMAUTO,BE,,,,,SHIVAM AUTO.LTD,16.67,17.50,16.10,16.94,16.99,16.68,,16.94,,,43349,726455.27,139,F1,1,,,,,
2026-08-28,2026-08-28,CM,NSE,STK,758744,INE1DLF01018,SHIVASHRIT,SM,,,,,SHIVASHRIT FOODS LIMITED,124.95,126.00,122.20,123.95,123.95,124.95,,123.95,,,10000,1242700.00,8,F1,1000,,,,,
2026-08-28,2026-08-28,CM,NSE,STK,11813,INE498B01024,SHOPERSTOP,EQ,,,,,SHOPPERS STOP LIMITED,374.70,385.85,372.85,382.85,381.25,374.85,,382.87,,,37738,14367433.30,2204,F1,1,,,,,
2026-08-28,2026-08-28,CM,NSE,STK,764905,INE311M01018,SHRADDHA,EQ,,,,,SHRADDHA PRIME PROJECTS L,150.27,165.99,149.27,162.90,160.15,151.27,,162.76,,,37275,5901541.22,580,F1,1,,,,,
2026-08-28,2026-08-28,CM,NSE,STK,708,INE715Y01031,SHRADHA,EQ,,,,,SHRADHA REALTY LIMITED,32.45,32.45,30.65,31.99,32.00,32.39,,31.99,,,26056,827937.16,234,F1,1,,,,,
2026-08-28,2026-08-28,CM,NSE,STK,10588,INE712K01011,SHREEPUSHK,EQ,,,,,SHRE PUSH CHEM & FERT LTD,455.40,455.85,449.50,451.40,453.00,452.25,,451.39,,,42110,19009184.55,2199,F1,1,,,,,
2026-08-28,2026-08-28,CM,NSE,STK,762874,INE185C01017,SAPPL,EQ,,,,,SHREE AJIT PULP & PAPER L,288.00,288.00,281.05,286.45,288.00,288.00,,286.42,,,406,115855.75,21,F1,1,,,,,
2026-08-28,2026-08-28,CM,NSE,STK,3103,INE070A01015,SHREECEM,EQ,,,,,SHREE CEMENT LIMITED,24480.00,24485.00,23900.00,24000.00,24000.00,24480.00,,24000.00,,,20074,482773675.00,9792,F1,1,,,,,
2026-08-28,2026-08-28,CM,NSE,STK,3099,INE232A01011,SHREDIGCEM,EQ,,,,,SHREE DIGVIJAY CEM CO LTD,78.21,79.90,75.55,78.19,77.50,77.91,,78.13,,,119571,9261834.52,1240,F1,1,,,,,
2026-08-28,2026-08-28,CM,NSE,STK,764885,INE414Y01015,SGRL,EQ,,,,,SHREE GANESH REMEDIES LTD,519.35,589.75,519.05,542.60,589.75,516.70,,543.45,,,6293,3357601.80,359,F1,1,,,,,
2026-08-28,2026-08-28,CM,NSE,STK,23074,INE0S4Y01010,SHREEKARNI,SM,,,,,SHREE KARNI FABCOM LTD,373.50,380.00,366.00,375.00,375.00,377.90,,375.00,,,5100,1902855.00,21,F1,150,,,,,
2026-08-28,2026-08-28,CM,NSE,STK,20603,INE02S501018,SHREEOSFM,SM,,,,,SHREE OSFM E-MOBILITY LTD,58.00,62.65,58.00,62.50,62.50,58.00,,62.50,,,13000,786650.00,13,F1,1000,,,,,
2026-08-28,2026-08-28,CM,NSE,STK,760188,INE19GK01015,SRTL,EQ,,,,,SHREE RAM TWISTEX LIMITED,38.61,39.20,37.60,37.94,38.29,38.98,,37.94,,,68538,2617887.13,451,F1,1,,,,,
2026-08-28,2026-08-28,CM,NSE,STK,7627,INE879A01019,SHREERAMA,EQ,,,,,SHREE RAMA MULTI TECH LTD,44.17,44.29,42.76,42.89,42.92,43.10,,42.89,,,54007,2337151.67,554,F1,1,,,,,
2026-08-28,2026-08-28,CM,NSE,STK,13565,INE278B01020,RAMANEWS,EQ,,,,,SHREE RAMA NEWSPRINT LTD,32.95,33.00,31.50,31.80,31.60,32.77,,31.77,,,11248,363051.35,141,F1,1,,,,,
2026-08-28,2026-08-28,CM,NSE,STK,12026,INE087H01022,RENUKA,EQ,,,,,SHREE RENUKA SUGARS LTD,23.63,24.79,23.55,24.14,24.19,23.43,,24.14,,,30588379,740648721.24,43478,F1,1,,,,,
2026-08-28,2026-08-28,CM,NSE,STK,25203,INE0S2G01011,BALAJEE,EQ,,,,,SHREE TIRUPATI BALAJEE L,26.98,26.98,26.16,26.51,26.50,26.46,,26.51,,,25967,686258.66,175,F1,1,,,,,
2026-08-28,2026-08-28,CM,NSE,STK,15126,INE00CE01017,SVLL,BE,,,,,SHREE VASU LOGISTICS LTD,785.00,786.00,785.00,785.00,785.00,785.00,,785.00,,,594,466297.00,8,F1,1,,,,,
2026-08-28,2026-08-28,CM,NSE,STK,762159,INE0K3301012,SHREEDHAR,ST,,,,,SHREEDHAR SPINNERS LTD,111.10,111.10,111.00,111.00,111.00,111.45,,111.00,,,10000,1110600.00,4,F1,2000,,,,,
2026-08-28,2026-08-28,CM,NSE,STK,759805,INE1FL101016,SHETHJI,ST,,,,,SHREEJI GLOBAL FMCG LTD,174.60,179.20,171.05,177.60,177.20,170.70,,177.60,,,83000,14597150.00,32,F1,1000,,,,,
2026-08-28,2026-08-28,CM,NSE,STK,759448,INE1B6101010,SHREEJISPG,EQ,,,,,SHREEJI SHIPPING GLOBAL L,640.70,659.85,635.25,652.50,650.00,640.35,,652.53,,,863122,555754847.70,6468,F1,1,,,,,
2026-08-28,2026-08-28,CM,NSE,STK,14305,INE00IK01029,OSWALSEEDS,EQ,,,,,SHREEOSWAL S AND CHE LTD,12.01,12.25,11.96,12.07,12.04,12.17,,12.07,,,34022,409983.46,254,F1,1,,,,,
2026-08-28,2026-08-28,CM,NSE,STK,760252,INE632X01030,SHRENIK,BZ,,,,,SHRENIK LIMITED,0.31,0.31,0.30,0.30,0.31,0.30,,0.30,,,276405,85584.75,153,F1,1,,,,,
2026-08-28,2026-08-28,CM,NSE,STK,3126,INE231C01019,SHREYANIND,EQ,,,,,SHREYANS INDUSTRIES LTD,125.23,125.50,122.00,124.97,125.00,124.61,,124.97,,,6135,762655.42,78,F1,1,,,,,
2026-08-28,2026-08-28,CM,NSE,STK,756409,INE0DM401012,SHRIAHIMSA,ST,,,,,SHRI AHIMSA NATURALS LTD,486.95,502.90,481.00,493.75,490.25,480.90,,493.75,,,31200,15373890.00,51,F1,600,,,,,
2026-08-28,2026-08-28,CM,NSE,STK,762899,INE402H01015,SHBAJRG,EQ,,,,,SHRI BAJRANG ALLIANCE L,171.95,171.99,168.20,171.98,171.99,171.19,,171.94,,,1673,287652.25,32,F1,1,,,,,
2026-08-28,2026-08-28,CM,NSE,STK,764910,INE564J01026,SHRJAGP,EQ,,,,,SHRI JAGDAMBA POLYMERS L,668.00,689.00,668.00,673.10,686.00,682.85,,676.73,,,155,104656.20,28,F1,1,,,,,
2026-08-28,2026-08-28,CM,NSE,STK,762909,INE997I01012,SHRIKRISH,EQ,,,,,SHRI KRISHNA DEVCON LTD.,37.50,42.87,35.60,39.90,41.20,36.55,,39.91,,,3128,117715.24,27,F1,1,,,,,
2026-08-28,2026-08-28,CM,NSE,STK,17684,INE0OMF01015,SHRITECH,SM,,,,,SHRI TECHTEX LIMITED,60.95,60.95,60.95,60.95,60.95,60.05,,60.95,,,2000,121900.00,1,F1,2000,,,,,
2026-08-28,2026-08-28,CM,NSE,STK,765210,INE574G01013,VASUPRADA,EQ,,,,,SHRI VASUPRADA PLANTATI L,94.00,95.00,94.00,94.50,94.50,94.00,,94.50,,,50,4725.00,6,F1,1,,,,,
2026-08-28,2026-08-28,CM,NSE,STK,759093,INE1B3L01017,SHRINGARMS,EQ,,,,,SHRINGAR HOU OF MANGALS L,219.75,224.30,218.00,220.17,220.00,219.37,,220.17,,,827671,183732604.35,4131,F1,1,,,,,
2026-08-28,2026-08-28,CM,NSE,STK,24374,INF680P01422,LIQUIDSHRI,EQ,,,,,SHRIRAM - LIQUIDSHRI,1119.42,1119.44,1119.42,1119.42,1119.42,1119.00,,1119.42,,,19854,22225010.45,28,F1,1,,,,,
2026-08-28,2026-08-28,CM,NSE,STK,4306,INE721A01047,SHRIRAMFIN,EQ,,,,,SHRIRAM FINANCE LIMITED,1105.00,1106.70,1083.20,1086.90,1086.90,1101.00,,1086.88,,,2207426,2405610558.50,47955,F1,1,,,,,
2026-08-28,2026-08-28,CM,NSE,STK,7200,INE217L01019,SHRIRAMPPS,EQ,,,,,SHRIRAM PROPERTIES LTD,76.74,77.73,74.99,75.97,75.90,76.74,,75.97,,,451643,34242414.38,3843,F1,1,,,,,
2026-08-28,2026-08-28,CM,NSE,STK,764537,INE551C01044,SHUKRAPHAR,EQ,,,,,SHUKRA PHARMACEUTICALS L,44.25,45.33,44.25,44.28,44.61,44.22,,44.28,,,901483,40042573.50,1723,F1,1,,,,,
2026-08-28,2026-08-28,CM,NSE,STK,10192,INE979R01011,SHYAMCENT,BE,,,,,SHYAM CENTURY FERROUS LTD,5.06,5.06,4.86,4.94,4.95,4.94,,4.93,,,10543,52192.56,76,F1,1,,,,,
2026-08-28,2026-08-28,CM,NSE,STK,761213,INE1CRP01016,SHYAMDHANI,ST,,,,,SHYAM DHANI INDUSTRIES L,56.95,57.35,56.95,57.00,57.00,54.65,,57.00,,,20000,1141800.00,9,F1,2000,,,,,
2026-08-28,2026-08-28,CM,NSE,STK,4693,INE810G01011,SHYAMMETL,EQ,,,,,SHYAM METALICS AND ENGY L,1050.00,1111.00,1039.60,1099.80,1104.40,1042.40,,1099.79,,,2682841,2879005787.80,67021,F1,1,,,,,
2026-08-28,2026-08-28,CM,NSE,STK,13740,INE635A01023,SHYAMTEL,EQ,,,,,SHYAM TELECOM LIMITED,13.78,13.94,13.30,13.87,13.89,13.10,,13.87,,,1595,21852.12,24,F1,1,,,,,
2026-08-28,2026-08-28,CM,NSE,STK,16875,INE176J01011,SICAGEN,EQ,,,,,SICAGEN INDIA LIMITED,53.75,55.00,53.51,54.14,54.50,54.97,,54.17,,,22444,1214814.30,340,F1,1,,,,,
2026-08-28,2026-08-28,CM,NSE,STK,19440,INE075B01020,SICALLOG,BE,,,,,SICAL LOGISTICS LIMITED,101.48,104.71,95.20,104.68,104.71,99.73,,104.66,,,65910,6768641.87,262,F1,1,,,,,
2026-08-28,2026-08-28,CM,NSE,STK,759053,INE0SVO01019,SIDDHICOTS,SM,,,,,SIDDHI COTSPIN LIMITED,27.90,27.90,27.90,27.90,27.90,27.90,,27.90,,,2400,66960.00,2,F1,1200,,,,,
2026-08-28,2026-08-28,CM,NSE,STK,3148,INE0A1E01018,SIDDHIKA,SM,,,,,SIDDHIKA COATINGS LIMITED,224.00,224.00,217.05,217.05,217.05,220.35,,217.05,,,1500,332525.00,3,F1,500,,,,,
2026-08-28,2026-08-28,CM,NSE,STK,756871,INE1NPP01017,ENRIN,EQ,,,,,SIEMENS ENERGY INDIA LTD,3267.00,3290.00,3227.20,3242.60,3245.00,3256.40,,3242.66,,,253686,824159518.80,26280,F1,1,,,,,
2026-08-28,2026-08-28,CM,NSE,STK,3150,INE003A01024,SIEMENS,EQ,,,,,SIEMENS LTD,4089.30,4113.00,4060.00,4089.00,4089.00,4095.00,,4088.37,,,278973,1139635245.30,15697,F1,1,,,,,
2026-08-28,2026-08-28,CM,NSE,STK,6663,INE0D0K01022,SIGACHI,EQ,,,,,SIGACHI INDUSTRIES LTD,32.51,34.14,32.11,33.16,33.13,32.51,,33.16,,,2630895,86637763.24,8127,F1,1,,,,,
2026-08-28,2026-08-28,CM,NSE,STK,14797,INE933B01012,SIGMAADV,BE,,,,,SIGMA ADVANCED SYSTEM LTD,797.30,801.00,745.00,777.10,779.00,763.65,,777.12,,,374337,294277357.60,7437,F1,1,,,,,
2026-08-28,2026-08-28,CM,NSE,STK,16658,INE0A0S01028,SIGMA,EQ,,,,,SIGMA SOLVE LIMITED,47.90,49.09,46.50,47.25,46.62,47.54,,47.25,,,223885,10780607.98,1810,F1,1,,,,,
2026-08-28,2026-08-28,CM,NSE,STK,18743,INE903U01023,SIGNATURE,EQ,,,,,SIGNATUREGLOBAL INDIA LTD,781.00,786.20,776.25,779.25,776.25,783.50,,779.30,,,166979,130705692.15,3582,F1,1,,,,,
2026-08-28,2026-08-28,CM,NSE,STK,4517,INE529F01035,SIGIND,BE,,,,,SIGNET INDUSTRIES LIMITED,72.50,72.50,68.51,71.74,71.75,71.66,,71.74,,,17670,1264092.79,101,F1,1,,,,,
2026-08-28,2026-08-28,CM,NSE,STK,22656,INE0KGZ01021,SIGNPOST,EQ,,,,,SIGNPOST INDIA LIMITED,260.40,264.50,257.30,260.15,262.00,261.30,,260.13,,,39824,10393680.40,1252,F1,1,,,,,
2026-08-28,2026-08-28,CM,NSE,STK,762914,INE438E01032,SIKA,EQ,,,,,SIKA INTERPLANT SYSTEMS L,1002.10,1027.00,1002.10,1018.60,1019.90,1006.90,,1018.59,,,15560,15824188.50,1360,F1,1,,,,,
2026-08-28,2026-08-28,CM,NSE,STK,6226,INE112X01025,SIKKO,BE,,,,,SIKKO INDUSTRIES LIMITED,5.18,5.18,4.88,5.12,5.13,5.13,,5.12,,,436132,2206282.39,447,F1,1,,,,,
2026-08-28,2026-08-28,CM,NSE,STK,4105,INE923A01015,SILINV,EQ,,,,,SIL INVESTMENTS LIMITED,484.00,497.00,473.30,490.05,490.00,478.10,,489.93,,,4839,2362752.75,223,F1,1,,,,,
2026-08-28,2026-08-28,CM,NSE,STK,2492,INE01II01013,SILGO,EQ,,,,,SILGO RETAIL LIMITED,74.16,76.00,73.70,75.63,74.80,74.03,,75.63,,,58311,4387790.95,632,F1,1,,,,,
2026-08-28,2026-08-28,CM,NSE,STK,23736,INE0STN01015,SILKFLEX,SM,,,,,SILKFLEX POLYMERS INDIA L,246.00,251.85,240.00,242.55,243.95,241.80,,242.55,,,49000,12114950.00,46,F1,1000,,,,,
2026-08-28,2026-08-28,CM,NSE,STK,757679,INE0SN801015,SILKY,SM,,,,,SILKY OVERSEAS LIMITED,65.20,69.10,65.00,66.55,67.95,69.00,,66.55,,,18400,1226840.00,18,F1,800,,,,,
2026-08-28,2026-08-28,CM,NSE,STK,19097,INE203Y01012,SILLYMONKS,EQ,,,,,SILLY MONKS ENTERTAIN LTD,15.60,16.39,15.42,16.01,16.03,15.50,,16.01,,,33584,531050.50,118,F1,1,,,,,
2026-08-28,2026-08-28,CM,NSE,STK,9422,INE625X01026,SILVERTUC,EQ,,,,,SILVER TOUCH TECHNO LTD,177.52,184.00,176.50,178.22,178.70,178.58,,178.20,,,402133,72492607.32,7291,F1,1,,,,,
2026-08-28,2026-08-28,CM,NSE,STK,758836,INE748T01016,SIMBHALS,BZ,,,,,SIMBHAOLI SUGARS LTD.,8.94,8.94,8.60,8.60,8.60,8.77,,8.60,,,18372,158122.32,25,F1,1,,,,,
2026-08-28,2026-08-28,CM,NSE,STK,763378,INE1K4J01018,SIMCA,ST,,,,,SIMCA ADVERTISING LIMITED,258.10,260.00,255.00,259.80,259.80,260.25,,259.80,,,7800,2007780.00,13,F1,600,,,,,
2026-08-28,2026-08-28,CM,NSE,STK,3162,INE059B01024,SIMPLEXINF,EQ,,,,,SIMPLEX INFRASTRUCTURES L,259.50,279.55,258.14,277.59,278.80,258.67,,277.62,,,543731,148236719.47,7826,F1,1,,,,,
2026-08-28,2026-08-28,CM,NSE,STK,764915,INE167H01014,SIMPLXREA,EQ,,,,,SIMPLEX REALTY LTD.,136.00,136.00,136.00,136.00,136.00,130.40,,136.00,,,3,408.00,3,F1,1,,,,,
2026-08-28,2026-08-28,CM,NSE,STK,23480,INE985A01022,SINCLAIR,EQ,,,,,SINCLAIRS HOTELS LIMITED,80.99,83.02,78.12,81.51,81.90,79.92,,81.49,,,80303,6520595.25,1246,F1,1,,,,,
2026-08-28,2026-08-28,CM,NSE,STK,16859,INE325D01025,SINDHUTRAD,EQ,,,,,SINDHU TRADE LINKS LTD,24.90,25.45,24.50,24.99,25.00,24.99,,24.99,,,2192076,54382245.90,1231,F1,1,,,,,
2026-08-28,2026-08-28,CM,NSE,STK,761420,INE638A01035,SINGERIND,EQ,,,,,SINGER INDIA LIMITED,77.50,80.50,76.61,77.25,77.89,76.96,,77.26,,,91302,7165354.01,1594,F1,1,,,,,
2026-08-28,2026-08-28,CM,NSE,STK,381,INE129Z01016,SINTERCOM,EQ,,,,,SINTERCOM INDIA LIMITED,79.80,79.80,75.60,79.35,79.35,79.82,,79.35,,,1052,82161.41,37,F1,1,,,,,
2026-08-28,2026-08-28,CM,NSE,STK,11050,INE792Z01011,SIRCA,EQ,,,,,SIRCA PAINT INDIA LIMITED,436.90,439.90,433.35,436.30,434.80,435.10,,436.30,,,584490,255438495.70,4133,F1,1,,,,,
2026-08-28,2026-08-28,CM,NSE,STK,21501,INE285J01028,SIS,EQ,,,,,SIS LIMITED,421.70,436.00,421.50,431.00,432.00,421.70,,431.00,,,338084,145426939.80,7814,F1,1,,,,,
2026-08-28,2026-08-28,CM,NSE,STK,29210,INE965H01011,SITINET,BZ,,,,,SITI NETWORKS LIMITED,0.27,0.28,0.27,0.28,0.28,0.27,,0.31,,,753421,209805.33,156,F1,1,,,,,
2026-08-28,2026-08-28,CM,NSE,STK,14096,INE076B01028,SIYSIL,EQ,,,,,SIYARAM SILK MILLS LTD,561.10,569.95,561.10,567.55,567.10,564.80,,567.54,,,23148,13080050.00,2056,F1,1,,,,,
2026-08-28,2026-08-28,CM,NSE,STK,6643,INE284S01014,SJS,EQ,,,,,SJS ENTERPRISES LIMITED,2509.00,2535.00,2494.50,2509.50,2500.90,2502.50,,2509.47,,,119639,300760655.40,19499,F1,1,,,,,
2026-08-28,2026-08-28,CM,NSE,STK,18883,INE002L01015,SJVN,EQ,,,,,SJVN LTD,65.45,65.46,64.75,64.88,64.96,65.26,,64.88,,,1275895,82890222.02,12476,F1,1,,,,,
2026-08-28,2026-08-28,CM,NSE,STK,760101,INE2J8701016,SKFINDUS,EQ,,,,,SKF IND (INDUSTRIAL) LTD,2912.60,2960.00,2888.40,2952.20,2959.60,2891.60,,2952.24,,,39141,114817747.30,8312,F1,1,,,,,
2026-08-28,2026-08-28,CM,NSE,STK,3186,INE640A01023,SKFINDIA,EQ,,,,,SKF INDIA LTD,1566.00,1589.40,1565.00,1571.30,1568.00,1566.00,,1571.37,,,129396,203819303.90,5883,F1,1,,,,,
2026-08-28,2026-08-28,CM,NSE,STK,9428,INE439E01022,SKIPPER,EQ,,,,,SKIPPER LIMITED,557.95,559.95,540.30,546.25,545.80,558.10,,546.21,,,502418,277344311.30,12735,F1,1,,,,,
2026-08-28,2026-08-28,CM,NSE,STK,4732,INE411D01023,SKMEGGPROD,EQ,,,,,SKM EGG PROD EXPORT(I) LT,265.99,266.39,256.71,257.55,258.80,266.86,,257.55,,,218221,56902021.42,5097,F1,1,,,,,
2026-08-28,2026-08-28,CM,NSE,STK,10325,INE0KZA01016,SKP,SM,,,,,SKP BEARING INDUSTRI. LTD,150.00,152.10,147.15,147.15,147.15,153.00,,147.15,,,4000,601100.00,8,F1,500,,,,,
2026-08-28,2026-08-28,CM,NSE,STK,13631,INE01IU01018,SKYGOLD,EQ,,,,,SKY GOLD AND DIAMONDS LTD,850.00,850.05,807.20,811.40,812.75,843.05,,811.43,,,908866,743956865.95,28531,F1,1,,,,,
2026-08-28,2026-08-28,CM,NSE,STK,765336,INE0VFE01017,SKYTECH,ST,,,,,SKYTECH INFINITE PLATFM L,54.50,54.50,54.50,54.50,54.50,57.35,,54.50,,,1600,87200.00,1,F1,1600,,,,,
2026-08-28,2026-08-28,CM,NSE,STK,23692,INE0SMA01017,SLONE,ST,,,,,SLONE INFOSYSTEMS LIMITED,166.90,172.00,166.90,172.00,172.00,166.90,,172.00,,,1600,272240.00,4,F1,400,,,,,
2026-08-28,2026-08-28,CM,NSE,STK,757622,INE14GK01016,SMARTEN,ST,,,,,SMARTEN POWER SYSTEMS LTD,60.00,61.00,56.90,59.80,59.80,59.35,,59.80,,,25200,1477500.00,18,F1,1200,,,,,
2026-08-28,2026-08-28,CM,NSE,STK,9893,INE178C01020,SMARTLINK,BE,,,,,SMARTLINK HOLDINGS LTD,220.27,227.00,220.27,227.00,227.00,220.27,,227.01,,,1810,404872.09,32,F1,1,,,,,
2026-08-28,2026-08-28,CM,NSE,STK,757965,INE0NAZ01010,SMARTWORKS,EQ,,,,,SMARTWORKS COWORKING SP L,537.55,542.00,533.75,538.75,542.00,540.60,,538.76,,,18490,9940333.70,1792,F1,1,,,,,
2026-08-28,2026-08-28,CM,NSE,STK,2320,INE103C01036,SMCGLOBAL,EQ,,,,,SMC GLOBAL SECURITIES LTD,78.77,80.28,77.66,79.20,79.49,78.61,,79.20,,,350990,27666765.39,1788,F1,1,,,,,
2026-08-28,2026-08-28,CM,NSE,STK,3387,INE294B01019,SMLMAH,EQ,,,,,SML MAHINDRA LIMITED,5242.00,5295.00,5171.00,5186.50,5185.00,5194.00,,5186.16,,,36373,189764059.50,6191,F1,1,,,,,
2026-08-28,2026-08-28,CM,NSE,STK,14329,INE812G01025,SMSPHARMA,EQ,,,,,SMS PHARMACEUTICALS LTD.,363.15,363.15,349.25,355.55,356.95,362.45,,355.55,,,133244,47439839.00,3513,F1,1,,,,,
2026-08-28,2026-08-28,CM,NSE,STK,758946,INE1OIC01018,SNEHAA,SM,,,,,SNEHAA ORGANICS LIMITED,42.10,43.90,42.10,42.50,42.50,43.90,,42.50,,,5000,216050.00,5,F1,1000,,,,,
2026-08-28,2026-08-28,CM,NSE,STK,4843,INE734N01019,SNOWMAN,EQ,,,,,SNOWMAN LOGISTICS LTD.,36.55,38.20,36.55,37.66,37.81,36.85,,37.66,,,190525,7172497.31,1761,F1,1,,,,,
2026-08-28,2026-08-28,CM,NSE,STK,13826,INE671H01015,SOBHA,EQ,,,,,SOBHA LIMITED,1283.20,1283.20,1265.30,1270.20,1268.10,1273.90,,1270.20,,,42616,54309698.90,5824,F1,1,,,,,
2026-08-28,2026-08-28,CM,NSE,STK,8266,INE728Z01015,SOFTTECH,EQ,,,,,SOFTTECH ENGINEERS LTD,419.50,422.00,416.00,417.40,420.00,419.40,,417.40,,,11674,4877111.50,113,F1,1,,,,,
2026-08-28,2026-08-28,CM,NSE,STK,13332,INE343H01029,SOLARINDS,EQ,,,,,SOLAR INDUSTRIES (I) LTD,20645.00,20672.00,20247.00,20400.00,20400.00,20580.00,,20399.92,,,128635,2635481572.00,22566,F1,1,,,,,
2026-08-28,2026-08-28,CM,NSE,STK,3672,INE624Z01016,SOLARA,EQ,,,,,SOLARA ACTIVE PHA SCI LTD,613.00,634.40,610.30,623.70,623.00,611.85,,623.37,,,192812,120472023.05,9346,F1,1,,,,,
2026-08-28,2026-08-28,CM,NSE,STK,759929,INE0TY101024,SOLARWORLD,EQ,,,,,SOLARWORLD ENERGY SOL LTD,150.00,150.00,146.51,148.75,148.06,147.96,,148.72,,,132148,19563203.97,2551,F1,1,,,,,
2026-08-28,2026-08-28,CM,NSE,STK,759397,INE880Y01017,SOLEX,EQ,,,,,SOLEX ENERGY LIMITED,767.30,772.20,757.00,759.60,761.00,762.00,,759.64,,,17022,12969640.05,2012,F1,1,,,,,
2026-08-28,2026-08-28,CM,NSE,STK,1338,INE480C01038,SDBL,EQ,,,,,SOM DIST & BREW LTD,71.90,73.95,71.25,73.38,73.25,71.82,,73.38,,,456962,33292529.48,2931,F1,1,,,,,
2026-08-28,2026-08-28,CM,NSE,STK,4201,INE314C01013,SOMATEX,EQ,,,,,SOMA TEXTILES & INDUST LT,80.00,82.80,76.76,77.16,78.11,80.80,,77.15,,,18586,1447625.91,371,F1,1,,,,,
2026-08-28,2026-08-28,CM,NSE,STK,3880,INE355A01028,SOMANYCERA,EQ,,,,,SOMANY CERAMICS LIMITED,560.00,568.60,553.80,564.50,565.10,556.60,,564.51,,,184392,104019028.45,6525,F1,1,,,,,
2026-08-28,2026-08-28,CM,NSE,STK,17794,INE323J01019,SOMICONVEY,EQ,,,,,SOMI CONVEYOR BELT. LTD.,90.63,94.49,90.10,91.58,91.02,91.28,,91.55,,,11707,1080712.65,574,F1,1,,,,,
2026-08-28,2026-08-28,CM,NSE,STK,4684,INE073K01018,SONACOMS,EQ,,,,,SONA BLW PRECISION FRGS L,822.75,824.60,803.05,815.00,815.00,819.00,,815.00,,,1696565,1377317055.25,43343,F1,1,,,,,
2026-08-28,2026-08-28,CM,NSE,STK,23052,INE0Q6H01012,SONAMAC,SM,,,,,SONA MACHINERY LIMITED,31.70,33.20,31.35,32.60,31.35,32.00,,32.60,,,9000,287500.00,8,F1,1000,,,,,
2026-08-28,2026-08-28,CM,NSE,STK,8806,INE00LM01029,SONAMLTD,EQ,,,,,SONAM LIMITED,64.80,74.60,63.60,73.17,73.00,63.24,,73.17,,,1074944,76606970.85,6051,F1,1,,,,,
2026-08-28,2026-08-28,CM,NSE,STK,6596,INE269A01021,SONATSOFTW,EQ,,,,,SONATA SOFTWARE LTD,290.50,305.45,289.70,304.60,303.95,289.50,,304.61,,,2110765,634837074.95,38008,F1,1,,,,,
2026-08-28,2026-08-28,CM,NSE,STK,9463,INE0JZA01018,SONUINFRA,ST,,,,,SONU INFRATECH LIMITED,33.30,34.95,33.30,34.95,34.95,34.95,,34.95,,,4500,152325.00,3,F1,1500,,,,,
2026-08-28,2026-08-28,CM,NSE,STK,9678,INE980Y01015,SOUTHWEST,EQ,,,,,SOUTH WEST PINNACLE LTD,208.54,210.00,206.47,209.06,208.98,206.89,,209.18,,,71117,14837382.29,2045,F1,1,,,,,
2026-08-28,2026-08-28,CM,NSE,STK,8521,INE0JW501011,SPRL,SM,,,,,SP REFRACTORIES LIMITED,102.50,102.50,102.50,102.50,102.50,102.50,,102.50,,,32000,3280000.00,1,F1,800,,,,,
2026-08-28,2026-08-28,CM,NSE,STK,19372,INE970N01027,SPCENET,EQ,,,,,SPACENET ENTERS IND LTD,3.38,3.39,3.31,3.32,3.33,3.34,,3.32,,,329202,1099041.42,391,F1,1,,,,,
2026-08-28,2026-08-28,CM,NSE,STK,11435,INE572J01011,SPANDANA,EQ,,,,,SPANDANA SPHOORTY FIN LTD,242.85,246.20,241.00,244.30,243.00,242.85,,244.33,,,72380,17592117.90,2045,F1,1,,,,,
2026-08-28,2026-08-28,CM,NSE,STK,27111,INE247M01014,SPECIALITY,BE,,,,,SPECIALITY REST LTD,144.96,146.00,141.00,143.87,141.36,144.96,,143.88,,,18410,2637447.88,156,F1,1,,,,,
2026-08-28,2026-08-28,CM,NSE,STK,30457,INE01EO01010,SPECTRUM,BE,,,,,SPECTRUM ELECTRIC IND LTD,2129.80,2150.00,2050.00,2116.90,2134.80,2106.60,,2116.90,,,5329,11231959.80,211,F1,1,,,,,
2026-08-28,2026-08-28,CM,NSE,STK,16876,INE0OL001018,SPECTSTM,SM,,,,,SPECTRUM TALENT MGMT LTD,59.60,60.10,59.60,60.00,60.00,62.40,,60.00,,,5600,335760.00,7,F1,800,,,,,
2026-08-28,2026-08-28,CM,NSE,STK,764920,INE252A01019,SPELS,EQ,,,,,SPEL SEMICONDUCTOR LTD,155.39,156.60,150.00,150.77,151.90,152.01,,150.81,,,44406,6776222.29,1295,F1,1,,,,,
2026-08-28,2026-08-28,CM,NSE,STK,8163,INE020801028,SPENCERS,EQ,,,,,SPENCER S RETAIL LIMITED,29.41,30.11,29.30,29.89,29.98,29.71,,29.87,,,36202,1072993.84,414,F1,1,,,,,
2026-08-28,2026-08-28,CM,NSE,STK,3252,INE147A01011,SPIC,EQ,,,,,SPIC LTD,69.34,69.50,68.65,69.09,69.00,69.46,,69.08,,,214528,14817992.72,2005,F1,1,,,,,
2026-08-28,2026-08-28,CM,NSE,STK,11935,INE978G01016,SPLIL,EQ,,,,,SPL INDUSTRIES LIMITED,34.15,34.99,33.00,33.13,33.17,34.08,,32.99,,,12759,428826.33,113,F1,1,,,,,
2026-08-28,2026-08-28,CM,NSE,STK,3321,INE937A01023,SPMLINFRA,EQ,,,,,SPML INFRA LIMITED,179.50,185.00,178.32,179.88,179.95,180.00,,179.87,,,182511,33099595.78,2643,F1,1,,,,,
2026-08-28,2026-08-28,CM,NSE,STK,10733,INE885H01029,SPORTKING,EQ,,,,,SPORTKING INDIA LIMITED,229.13,229.13,222.00,222.94,222.02,227.26,,222.94,,,172545,38728137.05,4294,F1,1,,,,,
2026-08-28,2026-08-28,CM,NSE,STK,25306,INE0QR801013,SPPPOLY,SM,,,,,SPP POLYMER LIMITED,12.50,12.50,12.50,12.50,12.50,12.05,,12.50,,,2000,25000.00,1,F1,2000,,,,,
2026-08-28,2026-08-28,CM,NSE,STK,17186,INE526E01018,SHRIPISTON,EQ,,,,,SPR AUTO TECHNOLOGIES LTD,4500.00,4613.80,4444.20,4572.20,4569.00,4498.40,,4572.40,,,49040,222497297.30,10948,F1,1,,,,,
2026-08-28,2026-08-28,CM,NSE,STK,757865,INE19QH01010,SPUNWEB,SM,,,,,SPUNWEB NONWOVEN LIMITED,101.00,101.00,100.00,101.00,101.00,101.25,,101.00,,,12000,1208460.00,6,F1,1200,,,,,
2026-08-28,2026-08-28,CM,NSE,STK,14582,INE917H01012,SRHHYPOLTD,EQ,,,,,SREE RAYALSEEMA HHP LTD.,472.80,480.45,468.05,473.95,474.80,468.75,,473.93,,,7101,3356319.60,351,F1,1,,,,,
2026-08-28,2026-08-28,CM,NSE,STK,31837,INE099F01013,SREEL,EQ,,,,,SREELEATHERS LIMITED,269.39,269.39,242.95,249.48,249.00,263.24,,249.50,,,35722,9039674.29,864,F1,1,,,,,
2026-08-28,2026-08-28,CM,NSE,STK,3273,INE647A01010,SRF,EQ,,,,,SRF LTD,2605.00,2615.00,2582.00,2589.90,2589.90,2605.00,,2589.98,,,150532,390650769.50,21168,F1,1,,,,,
2026-08-28,2026-08-28,CM,NSE,STK,18119,INE559N01010,SRGHFL,EQ,,,,,SRG HOUSING FINANCE L,260.05,260.05,253.50,254.90,255.00,260.00,,254.90,,,1365,349137.60,29,F1,1,,,,,
2026-08-28,2026-08-28,CM,NSE,STK,7457,INE293B01029,HAVISHA,EQ,,,,,SRI HAVISHA HOSP & INFR L,1.41,1.41,1.35,1.37,1.39,1.35,,1.37,,,19177,26403.29,91,F1,1,,,,,
2026-08-28,2026-08-28,CM,NSE,STK,765165,INE009C01019,SRIKPRIND,EQ,,,,,SRI KPR INDUSTRIES LTD.,20.24,21.40,20.24,20.99,21.00,20.65,,20.99,,,5608,117533.11,24,F1,1,,,,,
2026-08-28,2026-08-28,CM,NSE,STK,758147,INE0V9Q01010,LOTUSDEV,BE,,,,,SRI LOTUS DEVLPRS N RTY L,183.05,190.00,180.10,186.61,184.90,186.21,,186.61,,,1014331,186993177.02,2609,F1,1,,,,,
2026-08-28,2026-08-28,CM,NSE,STK,761393,INE0TPJ01019,SPCON,SM,,,,,SRINIBAS PRADHAN CONST L,150.00,150.00,150.00,150.00,150.00,153.00,,150.00,,,1200,180000.00,1,F1,1200,,,,,
2026-08-28,2026-08-28,CM,NSE,STK,18059,INE0ON201012,SSFL,ST,,,,,SRIVARI SPICES N FOODS L,253.00,257.00,250.00,250.00,250.00,252.85,,250.00,,,3000,763500.00,6,F1,500,,,,,
2026-08-28,2026-08-28,CM,NSE,STK,14416,INE0NPI01014,SRIVASAVI,ST,,,,,SRIVASAVI ADHESIVE TAPE L,74.65,75.30,74.65,75.20,75.20,75.10,,75.20,,,7000,525900.00,7,F1,1000,,,,,
2026-08-28,2026-08-28,CM,NSE,STK,23402,INE0R6Z01013,SRM,EQ,,,,,SRM CONTRACTORS LIMITED,443.20,463.00,438.40,459.35,458.00,446.25,,459.29,,,153387,69192381.50,6242,F1,1,,,,,
2026-08-28,2026-08-28,CM,NSE,STK,29205,INE0RYC01010,STALLION,BE,,,,,STALLION IND FLUOROCHEM L,216.00,219.50,210.30,213.55,211.30,215.65,,213.50,,,521491,111702604.30,5337,F1,1,,,,,
2026-08-28,2026-08-28,CM,NSE,STK,29075,INE0M4D01010,SETL,EQ,,,,,STANDARD ENGNG TCNLGY LTD,354.00,364.20,351.10,364.20,364.20,346.90,,364.21,,,797470,288470343.85,4681,F1,1,,,,,
2026-08-28,2026-08-28,CM,NSE,STK,11297,INE173A01025,SIL,EQ,,,,,STANDARD INDUSTRIES LTD.,19.41,19.69,19.01,19.22,19.30,19.32,,19.18,,,24107,465275.21,271,F1,1,,,,,
2026-08-28,2026-08-28,CM,NSE,STK,24226,INE01A001028,STANLEY,EQ,,,,,STANLEY LIFESTYLES LTD,138.98,139.19,137.22,137.39,137.24,137.98,,137.42,,,54306,7482650.12,1340,F1,1,,,,,
2026-08-28,2026-08-28,CM,NSE,STK,21091,INE460H01021,STARCEMENT,EQ,,,,,STAR CEMENT LIMITED,190.99,191.98,185.30,187.79,187.00,188.68,,187.79,,,336872,63141895.35,8744,F1,1,,,,,
2026-08-28,2026-08-28,CM,NSE,STK,7083,INE575P01011,STARHEALTH,EQ,,,,,STAR HEALTH & AL INS CO L,586.10,586.10,571.50,573.50,573.00,586.10,,573.48,,,123282,70979957.55,12743,F1,1,,,,,
2026-08-28,2026-08-28,CM,NSE,STK,3291,INE733A01018,STARPAPER,EQ,,,,,STAR PAPER MILLS LTD,145.00,155.80,145.00,153.00,153.00,148.97,,153.00,,,26616,4035164.60,247,F1,1,,,,,
2026-08-28,2026-08-28,CM,NSE,STK,9305,INE992I01013,STARTECK,EQ,,,,,STARTECK FINANCE LIMITED,256.55,258.65,251.25,253.45,251.25,256.65,,253.63,,,284,72283.25,43,F1,1,,,,,
2026-08-28,2026-08-28,CM,NSE,STK,3045,INE062A01020,SBIN,EQ,,,,,STATE BANK OF INDIA,1046.00,1051.20,1040.50,1047.50,1047.50,1042.90,,1047.47,,,4969272,5201768412.60,90209,F1,1,,,,,
2026-08-28,2026-08-28,CM,NSE,STK,2963,INE114A01011,SAIL,EQ,,,,,STEEL AUTHORITY OF INDIA,193.05,200.96,192.55,200.00,200.00,193.00,,199.99,,,48585004,9638242953.83,118490,F1,1,,,,,
2026-08-28,2026-08-28,CM,NSE,STK,10406,INE395H01011,STEELCITY,EQ,,,,,STEEL CITY SECURITIES LTD,85.30,86.78,83.59,84.16,84.25,86.20,,84.16,,,15673,1332020.43,186,F1,1,,,,,
2026-08-28,2026-08-28,CM,NSE,STK,21339,INE503B01021,STEELXIND,EQ,,,,,STEEL EXCHANGE INDIA LTD,10.65,10.75,10.50,10.65,10.64,10.66,,10.65,,,987877,10458552.34,1527,F1,1,,,,,
2026-08-28,2026-08-28,CM,NSE,STK,765170,INE205F01016,STLSTRINF,EQ,,,,,STEEL STRIPS INFRA L,19.50,20.80,17.54,18.99,18.99,19.46,,19.76,,,269,4949.78,12,F1,1,,,,,
2026-08-28,2026-08-28,CM,NSE,STK,11829,INE802C01033,SSWL,EQ,,,,,STEEL STRIPS WHEELS LTD.,292.25,297.20,289.50,295.50,295.70,292.45,,295.49,,,438993,128599151.50,7627,F1,1,,,,,
2026-08-28,2026-08-28,CM,NSE,STK,6803,INE124E01038,STEELCAS,EQ,,,,,STEELCAST LIMITED,338.00,349.00,338.00,342.30,343.00,339.85,,342.28,,,51899,17762932.30,1705,F1,1,,,,,
2026-08-28,2026-08-28,CM,NSE,STK,21484,INE577L01016,STEL,EQ,,,,,STEL HOLDINGS LIMITED,622.85,645.00,617.75,636.90,628.10,622.60,,636.44,,,5706,3600463.30,330,F1,1,,,,,
2026-08-28,2026-08-28,CM,NSE,STK,6188,INE334A01023,STERTOOLS,BE,,,,,STERLING TOOLS LIMITED,219.55,222.00,218.00,219.95,221.00,222.15,,219.95,,,11552,2538467.85,278,F1,1,,,,,
2026-08-28,2026-08-28,CM,NSE,STK,9313,INE089C01029,STLTECH,BE,,,,,STERLITE TECHNOLOGIES LTD,700.00,728.60,699.00,723.75,728.50,695.85,,723.72,,,2106053,1514303662.00,90349,F1,1,,,,,
2026-08-28,2026-08-28,CM,NSE,STK,13367,INE353H01010,SGL,EQ,,,,,STL GLOBAL LIMITED,9.75,10.46,9.75,10.12,10.28,10.04,,10.08,,,3436,35018.62,55,F1,1,,,,,
2026-08-28,2026-08-28,CM,NSE,STK,758958,INE1VXE01018,STLNETWORK,EQ,,,,,STL NETWORKS LIMITED,26.09,27.28,25.70,27.28,27.28,25.99,,27.28,,,1971600,53189467.06,2778,F1,1,,,,,
2026-08-28,2026-08-28,CM,NSE,STK,2107,INE00IN01015,STOVEKRAFT,EQ,,,,,STOVE KRAFT LIMITED,815.00,815.00,790.80,797.50,799.50,809.05,,797.49,,,54115,43245061.75,3916,F1,1,,,,,
2026-08-28,2026-08-28,CM,NSE,STK,761091,INE1XWN01017,STRIDERS,SM,,,,,STRIDERS IMPEX LIMITED,64.45,64.45,64.45,64.45,64.45,64.45,,64.45,,,1600,103120.00,1,F1,1600,,,,,
2026-08-28,2026-08-28,CM,NSE,STK,12780,INE939A01011,STAR,BL,,,,,STRIDES PHARMA SCI LTD,990.00,990.00,990.00,990.00,990.00,1485.05,,990.00,,,1000000,990000000.00,1,F1,999999999,,,,,
2026-08-28,2026-08-28,CM,NSE,STK,7374,INE939A01011,STAR,EQ,,,,,STRIDES PHARMA SCI LTD,984.00,1026.50,982.10,1019.90,1018.40,983.00,,1019.91,,,435651,437675455.20,16784,F1,1,,,,,
2026-08-28,2026-08-28,CM,NSE,STK,12489,INE00M201021,SWSOLAR,EQ,,,,,STRLNG & WIL REN ENE LTD,198.00,201.56,195.01,195.37,195.30,199.15,,195.38,,,803620,158558971.27,10202,F1,1,,,,,
2026-08-28,2026-08-28,CM,NSE,STK,759587,INE00Q601028,STUDDS,EQ,,,,,STUDDS ACCESSORIES LTD,448.85,452.95,440.05,450.00,450.00,450.25,,450.00,,,18936,8527632.10,1142,F1,1,,,,,
2026-08-28,2026-08-28,CM,NSE,STK,758527,INE17VO01028,STUDIOLSD,SM,,,,,STUDIO LSD LIMITED,9.00,9.00,8.90,8.90,8.90,9.05,,8.90,,,4000,35800.00,2,F1,2000,,,,,
2026-08-28,2026-08-28,CM,NSE,STK,5186,INE239C01020,STYLAMIND,EQ,,,,,STYLAM INDUSTRIES LIMITED,3480.00,3520.00,3440.00,3507.50,3509.30,3471.00,,3507.51,,,22172,77393936.10,5241,F1,1,,,,,
2026-08-28,2026-08-28,CM,NSE,STK,19,INE189B01011,STYRENIX,EQ,,,,,STYRENIX PERFORMANCE LTD,2027.30,2065.30,2009.30,2020.80,2017.00,2018.20,,2020.79,,,44371,90166067.10,4074,F1,1,,,,,
2026-08-28,2026-08-28,CM,NSE,STK,760112,INE0RYR01018,SUBAHOTELS,SM,,,,,SUBA HOTELS LIMITED,101.55,106.80,101.55,105.80,104.80,104.55,,105.80,,,9600,1000380.00,8,F1,1200,,,,,
2026-08-28,2026-08-28,CM,NSE,STK,967,INE754A01055,SUBEXLTD,EQ,,,,,SUBEX LTD,17.90,18.49,17.80,18.13,18.05,17.95,,18.13,,,2555948,46442416.86,4306,F1,1,,,,,
2026-08-28,2026-08-28,CM,NSE,STK,3324,INE287B01021,SUBROS,EQ,,,,,SUBROS LIMITED,728.60,733.05,718.00,726.20,725.00,728.90,,726.16,,,39584,28730874.50,2355,F1,1,,,,,
2026-08-28,2026-08-28,CM,NSE,STK,3327,INE659A01023,SUDARSCHEM,EQ,,,,,SUDARSHAN CHEMICAL INDS L,1250.00,1264.70,1232.10,1256.90,1260.00,1252.80,,1256.89,,,234717,292889078.90,20072,F1,1,,,,,
2026-08-28,2026-08-28,CM,NSE,STK,715,INE492A01029,SUDARCOLOR,EQ,,,,,SUDARSHAN COLORNT IND LTD,379.60,394.95,379.60,390.35,387.15,379.65,,390.35,,,4927,1920842.15,285,F1,1,,,,,
2026-08-28,2026-08-28,CM,NSE,STK,760039,INE0QPI01025,SUDEEPPHRM,EQ,,,,,SUDEEP PHARMA LIMITED,1135.00,1171.65,1106.00,1152.10,1157.20,1134.10,,1152.12,,,176989,201650405.75,8338,F1,1,,,,,
2026-08-28,2026-08-28,CM,NSE,STK,11804,INE450E01029,SUKHJITS,EQ,,,,,SUKHJIT STARCH & CHEM LTD,162.30,162.30,158.71,159.00,159.00,162.32,,159.12,,,8220,1314822.54,277,F1,1,,,,,
2026-08-28,2026-08-28,CM,NSE,STK,13218,INE142Q01026,SULA,EQ,,,,,SULA VINEYARDS LIMITED,147.21,149.02,146.54,147.58,148.50,146.92,,147.53,,,172404,25486919.96,2755,F1,1,,,,,
2026-08-28,2026-08-28,CM,NSE,STK,765175,INE886B01012,SUMEDHA,EQ,,,,,SUMEDHA FISCAL SERVICES L,39.27,40.00,39.27,39.27,39.27,39.27,,39.35,,,145,5786.69,7,F1,1,,,,,
2026-08-28,2026-08-28,CM,NSE,STK,20790,INE235C01036,SUMEETINDS,EQ,,,,,SUMEET IND LIMITED,13.00,13.15,12.60,12.68,12.75,12.99,,12.68,,,1624681,20809821.53,1310,F1,1,,,,,
2026-08-28,2026-08-28,CM,NSE,STK,11140,INE748Z01013,SUMIT,EQ,,,,,SUMIT WOODS LIMITED,51.49,52.50,50.71,51.72,52.10,51.53,,51.72,,,31181,1606154.32,664,F1,1,,,,,
2026-08-28,2026-08-28,CM,NSE,STK,17105,INE258G01013,SUMICHEM,EQ,,,,,SUMITOMO CHEM INDIA LTD,528.95,528.95,517.50,517.85,518.45,525.00,,517.85,,,76606,39881737.00,4496,F1,1,,,,,
2026-08-28,2026-08-28,CM,NSE,STK,21275,INE519C01017,SUMMITSEC,EQ,,,,,SUMMIT SECURITIES LTD,1424.50,1445.70,1410.10,1421.00,1427.00,1420.70,,1421.69,,,1462,2084161.60,340,F1,1,,,,,
2026-08-28,2026-08-28,CM,NSE,STK,14788,INE232I01014,SPARC,EQ,,,,,SUN PHARMA ADV.RES.CO.LTD,194.98,209.90,194.61,207.71,208.00,194.98,,207.70,,,2167701,444648941.33,29986,F1,1,,,,,
2026-08-28,2026-08-28,CM,NSE,STK,3351,INE044A01036,SUNPHARMA,EQ,,,,,SUN PHARMACEUTICAL IND L,1925.00,1931.00,1903.80,1920.00,1920.00,1913.30,,1920.00,,,1140742,2189037517.00,65184,F1,1,,,,,
2026-08-28,2026-08-28,CM,NSE,STK,13404,INE424H01027,SUNTV,EQ,,,,,SUN TV NETWORK LIMITED,465.00,481.20,463.30,474.50,473.80,463.95,,474.50,,,1054319,499973569.70,49123,F1,1,,,,,
2026-08-28,2026-08-28,CM,NSE,STK,20956,INE0Q3R01026,SUNCLAY,EQ,,,,,SUNDARAM CLAYTON LIMITED,1261.40,1321.80,1259.40,1280.50,1290.00,1272.20,,1280.50,,,9128,11777901.20,830,F1,1,,,,,
2026-08-28,2026-08-28,CM,NSE,STK,3339,INE660A01013,SUNDARMFIN,EQ,,,,,SUNDARAM FINANCE LTD,4636.90,4646.90,4545.50,4574.40,4582.60,4636.90,,4574.23,,,46286,211950275.70,9390,F1,1,,,,,
2026-08-28,2026-08-28,CM,NSE,STK,18931,INE108E01023,SUNDARAM,EQ,,,,,SUNDARAM MULTI PAP LTD,1.23,1.28,1.20,1.27,1.27,1.23,,1.27,,,783863,976704.55,349,F1,1,,,,,
2026-08-28,2026-08-28,CM,NSE,STK,9848,INE073D01013,SUNDRMBRAK,BE,,,,,SUNDARAMBRAKE LININGS LTD,787.00,795.00,778.45,780.45,780.20,787.05,,780.45,,,256,200752.10,22,F1,1,,,,,
2026-08-28,2026-08-28,CM,NSE,STK,3345,INE387A01021,SUNDRMFAST,EQ,,,,,SUNDRAM FASTENERS LTD,1225.00,1225.00,1196.65,1200.00,1202.50,1216.20,,1199.97,,,55523,67034065.95,5545,F1,1,,,,,
2026-08-28,2026-08-28,CM,NSE,STK,761202,INE0CTB01014,SOCL,SM,,,,,SUNDREX OIL COMPANY LTD,28.60,29.90,28.60,29.80,29.90,29.50,,29.80,,,11200,327360.00,7,F1,1600,,,,,
2026-08-28,2026-08-28,CM,NSE,STK,1663,INE209A01019,SUNDROP,EQ,,,,,SUNDROP BRANDS LIMITED,658.45,660.00,645.10,652.70,648.00,655.45,,652.68,,,10214,6690820.70,432,F1,1,,,,,
2026-08-28,2026-08-28,CM,NSE,STK,3348,INE947A01014,SUNFLAG,EQ,,,,,SUNFLAG IRON AND STEEL CO,344.80,351.20,344.80,348.25,348.45,344.40,,348.24,,,80367,27938446.00,1721,F1,1,,,,,
2026-08-28,2026-08-28,CM,NSE,STK,18264,INE0O3O01017,SEL,SM,,,,,SUNGARNER ENERGIES LTD,309.75,311.00,305.00,310.35,311.00,305.50,,310.35,,,1400,431300.00,7,F1,200,,,,,
2026-08-28,2026-08-28,CM,NSE,STK,765180,INE671C01016,SUNLOC,EQ,,,,,SUNIL HEALTHCARE LTD.,70.05,77.00,70.05,75.93,73.00,70.00,,77.96,,,1341,100907.04,33,F1,1,,,,,
2026-08-28,2026-08-28,CM,NSE,STK,24868,INE0U2N01013,SUNLITE,SM,,,,,SUNLITE RECYCLING IND LTD,525.00,545.95,500.00,534.35,536.00,517.00,,534.35,,,54900,28932675.00,170,F1,300,,,,,
2026-08-28,2026-08-28,CM,NSE,STK,764925,INE671K01027,SUNRAKSHAK,EQ,,,,,SUNRAKSHAKK INDUS IND L,370.00,374.15,368.05,373.00,373.00,371.10,,373.00,,,2388,887682.35,73,F1,1,,,,,
2026-08-28,2026-08-28,CM,NSE,STK,765264,INE0PLZ20020,SUN-RE,ST,,,,,SUNREST LIFE LTD,1.00,1.00,1.00,1.00,1.00,1.10,,1.00,,,33600,33600.00,20,F1,1600,,,,,
2026-08-28,2026-08-28,CM,NSE,STK,20213,INE0PLZ01012,SUNREST,SM,,,,,SUNREST LIFESCIENCE LTD,40.60,40.60,39.60,39.60,39.60,38.00,,39.60,,,6400,255360.00,4,F1,1600,,,,,
2026-08-28,2026-08-28,CM,NSE,STK,764930,INE199E01014,SUNSHIEL,EQ,,,,,SUNSHIELD CHEMICALS LTD.,1175.80,1224.00,1150.10,1179.40,1183.00,1156.30,,1181.30,,,1631,1930788.60,343,F1,1,,,,,
2026-08-28,2026-08-28,CM,NSE,STK,765387,INE1B3O01011,SUNSHINE,EQ,,,,,SUNSHINE PICTURES LIMITED,369.40,441.70,369.00,429.75,429.10,368.10,,429.74,,,11491099,4819035481.00,180065,F1,1,,,,,
2026-08-28,2026-08-28,CM,NSE,STK,757763,INE0SGZ01016,SUNTECH,SM,,,,,SUNTECH INFRA SOLUTIONS L,49.90,53.95,48.10,52.75,53.00,47.10,,52.75,,,144000,7345360.00,78,F1,1600,,,,,
2026-08-28,2026-08-28,CM,NSE,STK,17641,INE805D01034,SUNTECK,EQ,,,,,SUNTECK REALTY LIMITED,307.85,309.45,304.65,306.00,306.35,307.50,,305.99,,,77659,23774212.45,2106,F1,1,,,,,
2026-08-28,2026-08-28,CM,NSE,STK,8931,INE662A01027,SUPERSPIN,BE,,,,,SUPER SPINNING MILLS LTD,6.00,6.12,6.00,6.12,6.12,6.00,,5.96,,,11619,70988.04,14,F1,1,,,,,
2026-08-28,2026-08-28,CM,NSE,STK,764938,INE460D01038,SUPTANERY,BE,,,,,SUPER TANNERY LTD.,14.01,14.01,13.75,14.01,14.01,13.35,,14.16,,,346689,4856195.21,586,F1,1,,,,,
2026-08-28,2026-08-28,CM,NSE,STK,20616,INE712B01010,SUPERHOUSE,EQ,,,,,SUPERHOUSE LIMITED,169.15,177.90,169.15,175.57,174.00,169.90,,175.57,,,3321,579147.00,116,F1,1,,,,,
2026-08-28,2026-08-28,CM,NSE,STK,3147,INE843L01012,SIEL,EQ,,,,,SUPERIOR INDUSTRIAL ENT L,36.21,36.21,32.77,32.78,33.38,34.49,,32.80,,,5545,187086.72,33,F1,1,,,,,
2026-08-28,2026-08-28,CM,NSE,STK,11689,INE399C01030,SUPRAJIT,EQ,,,,,SUPRAJIT ENGINEERING LTD,501.20,509.40,501.00,505.25,507.95,504.05,,505.21,,,84894,42844137.85,6298,F1,1,,,,,
2026-08-28,2026-08-28,CM,NSE,STK,758997,INE319Z01021,SUPREMEENG,BZ,,,,,SUPREME ENGINEERING LTD,2.78,2.78,2.78,2.78,2.78,2.73,,2.78,,,127764,355183.92,67,F1,1,,,,,
2026-08-28,2026-08-28,CM,NSE,STK,29439,INE822E01011,SUPREME,EQ,,,,,SUPREME HOLDIN N HOSP I L,39.90,40.00,38.67,38.78,38.95,39.00,,38.78,,,17568,687914.06,117,F1,1,,,,,
2026-08-28,2026-08-28,CM,NSE,STK,3363,INE195A01028,SUPREMEIND,EQ,,,,,SUPREME INDUSTRIES LTD,3615.40,3710.00,3581.10,3636.90,3636.90,3585.00,,3636.97,,,269330,987727681.10,39028,F1,1,,,,,
2026-08-28,2026-08-28,CM,NSE,STK,15002,INE550H01011,SUPREMEINF,EQ,,,,,SUPREME INFRA. LTD.,85.60,85.60,83.00,83.25,84.04,84.99,,83.25,,,64331,5391824.57,688,F1,1,,,,,
2026-08-28,2026-08-28,CM,NSE,STK,9617,INE663A01033,SPLPETRO,EQ,,,,,SUPREME PETROCHEM LIMITED,692.85,717.00,691.95,700.85,698.00,692.00,,700.85,,,199388,140845266.45,16553,F1,1,,,,,
2026-08-28,2026-08-28,CM,NSE,STK,21067,INE0QHG01026,SUPREMEPWR,SM,,,,,SUPREME POWER EQUIPMENT L,231.00,233.00,225.25,226.20,225.70,227.40,,226.20,,,45500,10407775.00,72,F1,500,,,,,
2026-08-28,2026-08-28,CM,NSE,STK,7390,INE07RO01027,SUPRIYA,EQ,,,,,SUPRIYA LIFESCIENCE LTD,777.95,808.80,777.95,804.15,804.75,776.35,,804.14,,,230999,184370999.75,13703,F1,1,,,,,
2026-08-28,2026-08-28,CM,NSE,STK,20822,INE843S01025,SURAJEST,EQ,,,,,SURAJ ESTATE DEVELOPERS L,195.00,204.01,194.81,198.68,197.90,195.77,,198.68,,,175596,34737988.89,1877,F1,1,,,,,
2026-08-28,2026-08-28,CM,NSE,STK,24966,INE713C01016,SURAJLTD,EQ,,,,,SURAJ LIMITED,214.00,216.44,205.10,209.89,209.89,214.00,,210.17,,,1428,300982.72,39,F1,1,,,,,
2026-08-28,2026-08-28,CM,NSE,STK,27334,INE877V01027,SURAKSHA,EQ,,,,,SURAKSHA DIAGNOSTIC LTD,335.25,343.00,331.45,340.20,340.00,335.40,,340.03,,,140946,47671480.35,5614,F1,1,,,,,
2026-08-28,2026-08-28,CM,NSE,STK,21077,INE272L01022,SURANASOL,EQ,,,,,SURANA SOLAR LIMITED,25.44,25.85,25.32,25.75,25.75,25.45,,25.75,,,25054,641050.61,329,F1,1,,,,,
2026-08-28,2026-08-28,CM,NSE,STK,10700,INE130B01031,SURANAT&P,EQ,,,,,SURANA TELECOM AND POW LT,15.75,16.90,15.65,16.47,16.69,15.91,,16.47,,,104413,1680327.01,777,F1,1,,,,,
2026-08-28,2026-08-28,CM,NSE,STK,8513,INE01ZJ01015,SURANI,SM,,,,,SURANI STEEL TUBES LTD.,97.45,102.80,95.55,96.95,102.80,97.00,,96.95,,,2800,271840.00,14,F1,200,,,,,
2026-08-28,2026-08-28,CM,NSE,STK,14139,INE05ST01028,SBGLP,EQ,,,,,SURATWWALA BUS GROUP LTD,23.32,26.00,23.32,24.63,24.79,24.00,,24.63,,,17281,428247.79,230,F1,1,,,,,
2026-08-28,2026-08-28,CM,NSE,STK,3375,INE335A01020,SURYAROSNI,EQ,,,,,SURYA ROSHNI LTD,218.15,223.65,218.15,220.46,220.50,218.41,,220.45,,,313345,69355208.93,8351,F1,1,,,,,
2026-08-28,2026-08-28,CM,NSE,STK,11852,INE713B01026,SURYALAXMI,EQ,,,,,SURYALAKSHMI COT MIL LTD,58.59,59.97,56.00,58.05,58.69,57.14,,58.05,,,14628,853181.11,83,F1,1,,,,,
2026-08-28,2026-08-28,CM,NSE,STK,762924,INE132C01027,SURYALA,EQ,,,,,SURYALATA SPINNING MILL L,382.00,390.00,375.00,378.60,378.50,382.15,,378.60,,,266,101471.45,16,F1,1,,,,,
2026-08-28,2026-08-28,CM,NSE,STK,2970,INE428Q01011,SURYODAY,EQ,,,,,SURYODAY SMALL FIN BK LTD,155.68,156.41,153.68,154.26,154.26,155.68,,154.26,,,280837,43507529.05,4531,F1,1,,,,,
2026-08-28,2026-08-28,CM,NSE,STK,21321,INE0R8O23017,SEITINVIT,IV,,,,,SUSTAINABLE ENERGY INFRA,124.01,124.01,124.00,124.00,124.00,122.00,,124.00,,,125000,15501000.00,2,F1,25000,,,,,
2026-08-28,2026-08-28,CM,NSE,STK,13804,INE645H01027,SUTLEJTEX,BE,,,,,SUTLEJ TEXT & INDUS LTD,38.51,40.39,38.51,39.30,39.25,38.70,,39.30,,,30394,1204465.74,112,F1,1,,,,,
2026-08-28,2026-08-28,CM,NSE,STK,11233,INE495B01038,SUVEN,EQ,,,,,SUVEN LIFE SCIENCES LTD,368.00,368.30,361.50,364.95,365.00,368.10,,364.95,,,211420,76973041.65,6450,F1,1,,,,,
2026-08-28,2026-08-28,CM,NSE,STK,2998,INE018401013,SUVIDHAA,EQ,,,,,SUVIDHAA INFOSERVE LTD,2.28,2.31,2.26,2.29,2.30,2.28,,2.29,,,50677,116066.96,130,F1,1,,,,,
2026-08-28,2026-08-28,CM,NSE,STK,24851,INE442P01014,SUYOG,EQ,,,,,SUYOG TELEMATICS LIMITED,766.50,771.00,735.10,745.30,745.00,764.85,,745.30,,,17328,12989090.40,1347,F1,1,,,,,
2026-08-28,2026-08-28,CM,NSE,STK,12018,INE040H01021,SUZLON,EQ,,,,,SUZLON ENERGY LIMITED,46.69,47.05,46.50,46.79,46.79,46.81,,46.79,,,23944393,1120085921.24,54137,F1,1,,,,,
2026-08-28,2026-08-28,CM,NSE,STK,5020,INE308E01029,SVPGLOB,EQ,,,,,SVP GLOBAL TEXTILES LTD,3.90,3.90,3.65,3.73,3.88,3.75,,3.74,,,11390,42326.91,73,F1,1,,,,,
2026-08-28,2026-08-28,CM,NSE,STK,27095,INE665A01038,SWANCORP,EQ,,,,,SWAN CORP LIMITED,304.15,305.30,296.50,298.15,298.25,303.80,,298.15,,,698162,210204478.75,9799,F1,1,,,,,
2026-08-28,2026-08-28,CM,NSE,STK,29164,INE542F01020,SWANDEF,BE,,,,,SWAN DEFENCE N HEVY IND L,2370.00,2484.00,2366.00,2455.10,2450.00,2372.10,,2452.90,,,6471,15681062.00,514,F1,1,,,,,
2026-08-28,2026-08-28,CM,NSE,STK,3384,INE277A01016,SWARAJENG,EQ,,,,,SWARAJ ENGINES LTD,3551.90,3560.00,3535.00,3544.80,3541.30,3548.30,,3544.69,,,3338,11845776.60,971,F1,1,,,,,
2026-08-28,2026-08-28,CM,NSE,STK,764496,INE0GMR01016,SWARAJ,BE,,,,,SWARAJ SUITING LIMITED,368.75,370.00,362.50,366.40,366.95,368.60,,366.40,,,75116,27520280.00,420,F1,1,,,,,
2026-08-28,2026-08-28,CM,NSE,STK,765185,INE967A01012,SWARNSAR,EQ,,,,,SWARNSARITA JEWELS IND L,35.00,35.00,34.00,34.41,34.50,34.57,,34.40,,,530,18071.52,9,F1,1,,,,,
2026-08-28,2026-08-28,CM,NSE,STK,11909,INE409B01013,SWELECTES,EQ,,,,,SWELECT ENERGY SYS LTD,594.00,606.90,581.80,589.90,598.50,594.20,,589.92,,,60628,35726629.95,1518,F1,1,,,,,
2026-08-28,2026-08-28,CM,NSE,STK,27066,INE00H001014,SWIGGY,EQ,,,,,SWIGGY LIMITED,284.70,284.70,280.10,280.50,280.50,284.70,,280.50,,,4825338,1363668976.75,50573,F1,1,,,,,
2026-08-28,2026-08-28,CM,NSE,STK,765190,INE010C01025,SWISSMLTRY,EQ,,,,,SWISS MILITARY CON GOOD L,17.20,17.75,16.81,16.96,16.93,17.16,,16.97,,,145870,2495043.64,388,F1,1,,,,,
2026-08-28,2026-08-28,CM,NSE,STK,24267,INE01IH01015,SYLVANPLY,SM,,,,,SYLVAN PLYBOARD (INDIA) L,56.00,58.70,56.00,58.70,58.70,56.00,,58.70,,,10000,575600.00,5,F1,2000,,,,,
2026-08-28,2026-08-28,CM,NSE,STK,24190,INE225D01027,SYMPHONY,EQ,,,,,SYMPHONY LIMITED,599.05,602.15,590.00,591.15,590.25,599.05,,591.15,,,62907,37343808.35,4187,F1,1,,,,,
2026-08-28,2026-08-28,CM,NSE,STK,11992,INE312C01025,SYNCOMF,EQ,,,,,SYNCOM FORMU (I) LTD,17.67,20.38,17.26,19.46,19.65,17.34,,19.46,,,57135698,1108743520.89,270783,F1,1,,,,,
2026-08-28,2026-08-28,CM,NSE,STK,5114,INE00QT01015,SGIL,EQ,,,,,SYNERGY GREEN IND. LTD,598.70,611.90,590.00,607.70,603.50,597.85,,607.69,,,11281,6758792.00,422,F1,1,,,,,
2026-08-28,2026-08-28,CM,NSE,STK,10243,INE398R01022,SYNGENE,EQ,,,,,SYNGENE INTERNATIONAL LTD,415.00,417.90,402.70,403.40,403.75,413.80,,403.40,,,293096,119293776.20,12062,F1,1,,,,,
2026-08-28,2026-08-28,CM,NSE,STK,10793,INE0DYJ01015,SYRMA,EQ,,,,,SYRMA SGS TECHNOLOGY LTD,1499.00,1505.00,1470.00,1474.30,1474.50,1493.50,,1474.29,,,404693,599246822.60,21505,F1,1,,,,,
2026-08-28,2026-08-28,CM,NSE,STK,14506,INE0O7R01011,SYSTANGO,SM,,,,,SYSTANGO TECHNOLOGIES LTD,218.60,235.00,218.60,233.90,232.00,218.65,,233.90,,,53200,12093140.00,114,F1,400,,,,,
2026-08-28,2026-08-28,CM,NSE,STK,759358,INE356B01024,SYSTMTXC,BE,,,,,SYSTEMATIX CORP SERVICE L,58.79,58.79,56.75,57.12,57.90,57.82,,57.20,,,3832,220574.94,57,F1,1,,,,,
2026-08-28,2026-08-28,CM,NSE,STK,764955,INE284B01028,TGVSL,EQ,,,,,T G V SRAAC LTD.,105.69,106.04,103.75,105.24,105.50,104.96,,105.18,,,122911,12861205.22,2940,F1,1,,,,,
2026-08-28,2026-08-28,CM,NSE,STK,14314,INE592B01024,TTL,EQ,,,,,T T LIMITED,6.53,6.80,6.41,6.66,6.80,6.53,,6.66,,,152997,1006308.50,343,F1,1,,,,,
2026-08-28,2026-08-28,CM,NSE,STK,762929,INE524T01011,TAALTECH,EQ,,,,,TAAL TECH LTD.,4438.20,4590.00,4375.10,4562.00,4550.00,4406.40,,4567.26,,,7719,34945429.80,1186,F1,1,,,,,
2026-08-28,2026-08-28,CM,NSE,STK,23441,INE0SOY01013,TAC,ST,,,,,TAC INFOSEC LIMITED,413.10,430.00,413.10,423.20,422.00,416.40,,423.20,,,26400,11091950.00,104,F1,200,,,,,
2026-08-28,2026-08-28,CM,NSE,STK,3396,INE123C01018,TAINWALCHM,EQ,,,,,TAINWALA CHEMICAL AND PLA,212.68,215.90,210.00,213.00,213.00,212.68,,213.00,,,2176,463295.98,72,F1,1,,,,,
2026-08-28,2026-08-28,CM,NSE,STK,9354,INE586B01026,TAJGVK,EQ,,,,,TAJ GVK HOTELS & RESORTS,343.95,343.95,337.20,340.00,341.10,341.75,,339.99,,,38431,13061325.00,1827,F1,1,,,,,
2026-08-28,2026-08-28,CM,NSE,STK,14917,INE142I01023,TAKE,EQ,,,,,TAKE LIMITED,16.14,16.14,16.14,16.14,16.14,16.98,,16.14,,,60299,973225.86,283,F1,1,,,,,
2026-08-28,2026-08-28,CM,NSE,STK,13648,INE187D01029,TALBROAUTO,EQ,,,,,TALBROS AUTO. COMP. LTD,407.00,418.20,398.10,401.35,401.00,408.65,,401.36,,,186335,75614219.25,6000,F1,1,,,,,
2026-08-28,2026-08-28,CM,NSE,STK,762937,INE864J01012,TAMBOLIIN,BE,,,,,TAMBOLI INDUSTRIES LTD.,245.10,262.00,245.10,259.43,260.99,250.95,,259.43,,,31480,8097692.28,184,F1,1,,,,,
2026-08-28,2026-08-28,CM,NSE,STK,10945,INE668A01016,TMB,EQ,,,,,TAMILNAD MERCA BANK LTD,887.20,897.00,882.35,886.05,882.50,893.85,,886.04,,,80734,71850292.15,7093,F1,1,,,,,
2026-08-28,2026-08-28,CM,NSE,STK,3980,INE107A01015,TNPL,EQ,,,,,TAMILNADU NEWSPRT & PAPER,140.12,141.79,139.65,141.22,141.30,139.91,,141.22,,,50860,7157033.88,1106,F1,1,,,,,
2026-08-28,2026-08-28,CM,NSE,STK,3509,INE148A01019,TNPETRO,EQ,,,,,TAMILNADU PETROPRODUCTS L,109.47,112.39,109.00,111.37,111.70,109.12,,111.36,,,251558,27944379.07,4940,F1,1,,,,,
2026-08-28,2026-08-28,CM,NSE,STK,3512,INE141D01018,TNTELE,EQ,,,,,TAMILNADU TELECOMMUNICATI,9.13,9.13,8.91,8.95,8.96,8.91,,8.95,,,15400,137576.89,45,F1,1,,,,,
2026-08-28,2026-08-28,CM,NSE,STK,764945,INE692C01020,TANAA,EQ,,,,,TANEJA AEROSPACE & AVIA L,295.60,299.40,290.00,293.05,291.10,292.70,,292.55,,,8794,2588214.75,341,F1,1,,,,,
2026-08-28,2026-08-28,CM,NSE,STK,756338,INE0Z7N01017,TANKUP,ST,,,,,TANKUP ENGINEERS LIMITED,1350.00,1365.00,1339.00,1365.00,1365.00,1300.00,,1365.00,,,5000,6787012.50,19,F1,250,,,,,
2026-08-28,2026-08-28,CM,NSE,STK,13976,INE483C01032,TANLA,EQ,,,,,TANLA PLATFORMS LIMITED,532.05,546.45,532.05,544.25,546.00,531.50,,544.16,,,483977,262412708.55,16265,F1,1,,,,,
2026-08-28,2026-08-28,CM,NSE,STK,23512,INE555Z01020,TARACHAND,EQ,,,,,TARA CHAND INFRA SOLN LTD,49.49,49.49,47.55,48.22,49.40,48.59,,48.22,,,30912,1485073.46,427,F1,1,,,,,
2026-08-28,2026-08-28,CM,NSE,STK,18827,INE747K01017,TARAPUR,EQ,,,,,TARAPUR TRANSFORMERS LTD,14.96,15.10,14.11,14.43,14.30,14.96,,14.45,,,21412,309881.65,131,F1,1,,,,,
2026-08-28,2026-08-28,CM,NSE,STK,1581,INE0EK901012,TARC,EQ,,,,,TARC LIMITED,117.91,120.00,117.31,117.90,118.00,117.53,,117.90,,,325384,38564281.36,3082,F1,1,,,,,
2026-08-28,2026-08-28,CM,NSE,STK,14771,INE924H01018,TARMAT,EQ,,,,,TARMAT LIMITED,60.99,60.99,57.05,58.37,59.00,59.93,,58.37,,,36222,2128168.98,641,F1,1,,,,,
2026-08-28,2026-08-28,CM,NSE,STK,6943,INE144Z01023,TARSONS,EQ,,,,,TARSONS PRODUCTS LIMITED,331.65,337.80,328.30,332.25,333.40,329.40,,332.24,,,81322,27067048.40,3613,F1,1,,,,,
2026-08-28,2026-08-28,CM,NSE,STK,20092,INE488B01017,TASTYBITE,EQ,,,,,TASTY BITE EATABLES LTD,9800.00,10160.00,9800.00,10073.00,10015.00,9816.50,,10073.03,,,4271,42800840.50,1220,F1,1,,,,,
2026-08-28,2026-08-28,CM,NSE,STK,759265,INE976I01016,TATACAP,EQ,,,,,TATA CAPITAL LIMITED,376.10,377.75,372.90,375.70,376.00,376.00,,375.70,,,1158290,435346437.90,25418,F1,1,,,,,
2026-08-28,2026-08-28,CM,NSE,STK,3405,INE092A01019,TATACHEM,EQ,,,,,TATA CHEMICALS LTD,644.90,674.80,644.50,655.75,655.00,644.15,,655.79,,,1439859,953849467.45,40570,F1,1,,,,,
2026-08-28,2026-08-28,CM,NSE,STK,3721,INE151A01013,TATACOMM,EQ,,,,,TATA COMMUNICATIONS LTD,1685.40,1704.00,1678.10,1694.70,1697.80,1689.60,,1694.70,,,205459,347633541.30,14952,F1,1,,,,,
2026-08-28,2026-08-28,CM,NSE,STK,11536,INE467B01029,TCS,EQ,,,,,TATA CONSULTANCY SERV LT,2272.00,2348.50,2263.30,2342.00,2342.00,2248.40,,2342.07,,,4054069,9437754087.90,155502,F1,1,,,,,
2026-08-28,2026-08-28,CM,NSE,STK,3432,INE192A01025,TATACONSUM,EQ,,,,,TATA CONSUMER PRODUCT LTD,1047.00,1047.00,1030.40,1040.70,1040.70,1042.00,,1040.70,,,971764,1006632710.10,37300,F1,1,,,,,
2026-08-28,2026-08-28,CM,NSE,STK,3411,INE670A01012,TATAELXSI,EQ,,,,,TATA ELXSI LIMITED,3645.00,3708.00,3645.00,3685.00,3685.00,3633.20,,3684.83,,,303505,1117823510.60,25286,F1,1,,,,,
2026-08-28,2026-08-28,CM,NSE,STK,1621,INE672A01026,TATAINVEST,EQ,,,,,TATA INVESTMENT CORP LTD,644.00,656.40,637.60,638.75,639.00,642.10,,638.76,,,272032,175155953.35,17539,F1,1,,,,,
2026-08-28,2026-08-28,CM,NSE,STK,759782,INE1TAE01010,TMCV,EQ,,,,,TATA MOTORS LIMITED,474.75,474.85,462.65,466.30,467.10,473.10,,466.30,,,6189661,2888592499.85,76180,F1,1,,,,,
2026-08-28,2026-08-28,CM,NSE,STK,3456,INE155A01022,TMPV,EQ,,,,,TATA MOTORS PASS VEH LTD,317.50,319.40,313.30,319.40,319.40,316.00,,319.36,,,5852894,1850137730.60,53789,F1,1,,,,,
2026-08-28,2026-08-28,CM,NSE,STK,3426,INE245A01021,TATAPOWER,EQ,,,,,TATA POWER CO LTD,352.00,352.95,349.25,351.85,351.85,352.00,,351.84,,,4301719,1511254943.90,48953,F1,1,,,,,
2026-08-28,2026-08-28,CM,NSE,STK,3499,INE081A01020,TATASTEEL,EQ,,,,,TATA STEEL LIMITED,187.60,188.79,184.08,186.50,186.50,186.80,,186.49,,,39370394,7309368090.87,123995,F1,1,,,,,
2026-08-28,2026-08-28,CM,NSE,STK,20293,INE142M01025,TATATECH,EQ,,,,,TATA TECHNOLOGIES LIMITED,800.00,839.70,796.70,834.35,834.10,799.35,,834.35,,,2546795,2095524793.65,65247,F1,1,,,,,
2026-08-28,2026-08-28,CM,NSE,STK,8954,INE517B01013,TTML,EQ,,,,,TATA TELESERV(MAHARASTRA),36.46,40.50,36.44,38.84,39.00,36.46,,38.85,,,50962825,2007271101.45,103945,F1,1,,,,,
2026-08-28,2026-08-28,CM,NSE,STK,7838,INF277K015R5,NETF,EQ,,,,,TATAAML - NETF,268.53,268.53,261.02,262.19,261.04,261.99,,261.47,,,2111,555331.96,142,F1,1,,,,,
2026-08-28,2026-08-28,CM,NSE,STK,12978,INF277K010X4,NPBET,EQ,,,,,TATAAML - NPBET,288.56,288.75,286.19,287.90,287.90,288.00,,287.90,,,242,69558.41,22,F1,1,,,,,
2026-08-28,2026-08-28,CM,NSE,STK,8882,INF277KA1364,TNIDETF,EQ,,,,,TATAAML - TNIDETF,92.39,92.39,91.02,91.78,91.86,90.97,,91.78,,,59301,5444381.53,477,F1,1,,,,,
2026-08-28,2026-08-28,CM,NSE,STK,21401,INF277KA1976,TATAGOLD,EQ,,,,,TATAAML-TATAGOLD,15.29,15.67,15.07,15.36,15.38,15.29,,15.36,,,40398623,617781652.02,59459,F1,1,,,,,
2026-08-28,2026-08-28,CM,NSE,STK,21428,INF277KA1984,TATSILV,EQ,,,,,TATAAML-TATSILV,23.50,23.52,22.39,23.37,23.36,22.97,,23.37,,,73180946,1699481123.02,43678,F1,1,,,,,
2026-08-28,2026-08-28,CM,NSE,STK,5162,INE0GK401011,TATVA,EQ,,,,,TATVA CHIN PHARM CHEM LTD,1589.00,1660.00,1588.90,1630.00,1648.00,1599.20,,1630.19,,,29170,47207239.90,3936,F1,1,,,,,
2026-08-28,2026-08-28,CM,NSE,STK,759759,INE0XWS01018,TAURIAN,ST,,,,,TAURIAN MPS LIMITED,500.95,520.00,500.95,518.00,518.00,500.95,,518.00,,,6400,3295560.00,8,F1,800,,,,,
2026-08-28,2026-08-28,CM,NSE,STK,11754,INE053F07835,753IRFC30,NJ,,,,,TAX FREE  7.53% SR. 103 A,1134.00,1134.00,1133.10,1133.15,1133.15,1133.00,,1133.15,,,1449,1641970.15,8,F1,1,,,,,
2026-08-28,2026-08-28,CM,NSE,STK,15168,INE053F07900,764IRFC31,NO,,,,,TAX FREE  7.64% SR. 108A,1145.00,1149.00,1145.00,1148.90,1149.00,1143.05,,1148.90,,,2786,3192104.00,5,F1,1,,,,,
2026-08-28,2026-08-28,CM,NSE,STK,14529,INE906B07EP5,769NHAI31,NE,,,,,TAX FREE 7.69% SR. IIB,1149.95,1149.95,1148.00,1148.11,1148.11,1149.95,,1148.11,,,643,738677.14,13,F1,1,,,,,
2026-08-28,2026-08-28,CM,NSE,STK,12003,INE906B07EJ8,76NHAI31,NA,,,,,TAX FREE7.60% SR.IIB,1116.10,1117.90,1116.10,1117.90,1117.90,1113.37,,1117.90,,,3,3351.50,3,F1,1,,,,,
2026-08-28,2026-08-28,CM,NSE,STK,24019,INE0N2D01013,TBI,SM,,,,,TBI CORN LIMITED,71.50,74.45,69.45,70.70,71.10,71.50,,70.70,,,66000,4700640.00,73,F1,600,,,,,
2026-08-28,2026-08-28,CM,NSE,STK,23740,INE673O01025,TBOTEK,EQ,,,,,TBO TEK LIMITED,1680.00,1717.50,1659.20,1682.70,1684.00,1696.60,,1682.63,,,54341,91532006.20,7773,F1,1,,,,,
2026-08-28,2026-08-28,CM,NSE,STK,761814,INE887D01016,TCC,EQ,,,,,TCC CONCEPT LIMITED,232.95,233.25,218.05,223.25,222.05,231.75,,223.27,,,362460,81008328.35,9202,F1,1,,,,,
2026-08-28,2026-08-28,CM,NSE,STK,756825,INE033L07IP8,717TCHFL30,N0,,,,,TCHFL 7.17% 2030 SR C,82000.00,82000.00,82000.00,82000.00,82000.00,82000.00,,82000.00,,,1,82000.00,1,F1,1,,,,,
2026-08-28,2026-08-28,CM,NSE,STK,19223,INE586V01016,TCIEXP,EQ,,,,,TCI EXPRESS LIMITED,559.00,567.10,546.35,555.80,558.00,558.35,,555.79,,,31370,17468661.80,2875,F1,1,,,,,
2026-08-28,2026-08-28,CM,NSE,STK,8722,INE911B01018,TCIFINANCE,BE,,,,,TCIFINANCELTD-ROLL SETT,15.40,15.94,15.12,15.23,15.23,15.40,,15.24,,,8490,130802.88,67,F1,1,,,,,
2026-08-28,2026-08-28,CM,NSE,STK,184,INE822C01015,TCPLPACK,EQ,,,,,TCPL PACKAGING LIMITED,3815.40,3871.10,3790.00,3821.70,3870.00,3846.40,,3821.65,,,4466,17053785.00,954,F1,1,,,,,
2026-08-28,2026-08-28,CM,NSE,STK,25178,INE419M01035,TDPOWERSYS,EQ,,,,,TD POWER SYSTEMS LTD.,748.90,761.90,746.10,752.70,751.60,740.60,,752.70,,,955212,719315738.80,32704,F1,1,,,,,
2026-08-28,2026-08-28,CM,NSE,STK,10717,INE289C01025,TEAMGTY,EQ,,,,,TEAM INDIA GUARANTY LTD,244.90,244.99,230.20,240.33,240.00,240.02,,240.33,,,2315,547481.47,41,F1,1,,,,,
2026-08-28,2026-08-28,CM,NSE,STK,12716,INE985S01024,TEAMLEASE,EQ,,,,,TEAMLEASE SERVICES LTD.,1260.00,1290.00,1243.00,1272.70,1262.00,1252.70,,1272.70,,,16630,21103112.20,3349,F1,1,,,,,
2026-08-28,2026-08-28,CM,NSE,STK,17000,INE065J01024,TPHQ,BE,,,,,TEAMO PRODUCTIONS HQ LTD,0.54,0.55,0.52,0.53,0.53,0.54,,0.53,,,1139630,602381.77,448,F1,1,,,,,
2026-08-28,2026-08-28,CM,NSE,STK,763571,INE2OL601013,TEAMTECH,ST,,,,,TEAMTECH FORMWORK SOL LTD,133.35,140.00,133.35,140.00,140.00,133.35,,140.00,,,68000,9444800.00,24,F1,2000,,,,,
2026-08-28,2026-08-28,CM,NSE,STK,13538,INE669C01036,TECHM,EQ,,,,,TECH MAHINDRA LIMITED,1600.00,1642.00,1598.00,1640.90,1640.90,1585.00,,1640.86,,,3415226,5570551817.60,94086,F1,1,,,,,
2026-08-28,2026-08-28,CM,NSE,STK,759141,INE0Y5H01014,TECHD,ST,,,,,TECHD CYBERSECURITY LTD,561.95,564.95,550.00,560.00,560.00,550.05,,560.00,,,12300,6863475.00,38,F1,300,,,,,
2026-08-28,2026-08-28,CM,NSE,STK,25652,INE0JQS01019,TECHERA,SM,,,,,TECHERA ENGINEER (IND) L,172.85,174.50,165.00,169.10,169.00,169.20,,169.10,,,53600,9131000.00,64,F1,800,,,,,
2026-08-28,2026-08-28,CM,NSE,STK,6445,INE285K01026,TECHNOE,EQ,,,,,TECHNO ELEC & ENG CO. LTD,998.50,1041.50,992.50,1025.50,1024.10,997.45,,1025.50,,,272844,278667298.85,20524,F1,1,,,,,
2026-08-28,2026-08-28,CM,NSE,STK,14223,INE545H01011,TIIL,EQ,,,,,TECHNOCRAFT IND LTD,3336.00,3420.00,3259.80,3292.60,3295.00,3328.10,,3292.71,,,36436,121619880.50,5689,F1,1,,,,,
2026-08-28,2026-08-28,CM,NSE,STK,764532,INE1D0W01018,TECHNOCRAF,EQ,,,,,TECHNOCRAFT VENTURES LTD,360.95,382.96,360.14,373.83,373.50,358.24,,373.83,,,2097019,780189275.91,33968,F1,1,,,,,
2026-08-28,2026-08-28,CM,NSE,STK,762939,INE314H01012,TECHNVISN,EQ,,,,,TECHNVISION VENTURES LTD.,5023.60,5373.70,5018.90,5373.70,5373.70,5117.90,,5373.70,,,619,3293251.90,147,F1,1,,,,,
2026-08-28,2026-08-28,CM,NSE,STK,3453,INE014B01011,TECILCHEM,EQ,,,,,TECIL CHEMICALS,9.98,10.20,8.53,9.58,9.32,9.09,,9.57,,,63383,606067.05,219,F1,1,,,,,
2026-08-28,2026-08-28,CM,NSE,STK,23530,INE0K6601012,TGL,ST,,,,,TEERTH GOPICON LIMITED,16.25,16.25,16.25,16.25,16.25,15.50,,16.25,,,12600,204750.00,17,F1,200,,,,,
2026-08-28,2026-08-28,CM,NSE,STK,7105,INE011K01018,TEGA,EQ,,,,,TEGA INDUSTRIES LIMITED,1641.90,1687.10,1616.20,1658.70,1660.00,1621.40,,1658.61,,,216658,358011809.30,15116,F1,1,,,,,
2026-08-28,2026-08-28,CM,NSE,STK,763825,INE0R1301019,TEJA,SM,,,,,TEJA ENGINEERING IND L,259.00,259.00,259.00,259.00,259.00,272.60,,259.00,,,600,155400.00,1,F1,600,,,,,
2026-08-28,2026-08-28,CM,NSE,STK,29723,INE17WC01013,TEJASCARGO,SM,,,,,TEJAS CARGO INDIA LIMITED,418.95,418.95,410.00,410.00,410.00,399.00,,410.00,,,1200,499160.00,3,F1,400,,,,,
2026-08-28,2026-08-28,CM,NSE,STK,21131,INE010J01012,TEJASNET,EQ,,,,,TEJAS NETWORKS LIMITED,538.00,576.85,538.00,550.15,549.00,511.15,,550.20,,,43164679,24188150337.70,534714,F1,1,,,,,
2026-08-28,2026-08-28,CM,NSE,STK,3275,INE869Y01028,TEMBO,EQ,,,,,TEMBO GLOBAL IND LTD,57.70,59.00,57.25,58.20,58.00,57.70,,58.20,,,851623,49586439.00,2624,F1,1,,,,,
2026-08-28,2026-08-28,CM,NSE,STK,765426,INE1KZI01025,TEMPSENS,EQ,,,,,TEMPSENS INST (INDIA) LTD,634.00,634.85,551.15,586.65,590.60,300.00,,586.66,,,51084119,30363197674.25,821540,F1,1,,,,,
2026-08-28,2026-08-28,CM,NSE,STK,759880,INE19RI01016,TENNIND,EQ,,,,,TENNECO CLEAN AIR INDIA L,546.30,547.40,535.80,537.50,538.25,541.40,,537.53,,,682567,368896306.80,18923,F1,1,,,,,
2026-08-28,2026-08-28,CM,NSE,STK,19292,INE482B01010,TERASOFT,EQ,,,,,TERA SOFTWARE LIMITED,301.35,307.75,295.30,297.80,300.65,301.35,,297.75,,,21083,6336281.45,1058,F1,1,,,,,
2026-08-28,2026-08-28,CM,NSE,STK,764950,INE390D01011,TERAI,EQ,,,,,TERAI TEA CO. LTD.,113.95,124.80,113.50,115.00,115.00,125.90,,129.95,,,77,8903.65,14,F1,1,,,,,
2026-08-28,2026-08-28,CM,NSE,STK,11549,INE435C01024,TEXINFRA,EQ,,,,,TEXMACO INFRA & HOLDG LTD,111.34,113.00,111.00,111.41,111.10,110.55,,111.39,,,67121,7491494.43,593,F1,1,,,,,
2026-08-28,2026-08-28,CM,NSE,STK,21828,INE621L01012,TEXRAIL,EQ,,,,,TEXMACO RAIL & ENG. LTD.,109.99,112.64,108.80,109.44,109.60,108.43,,109.44,,,2601407,286665338.75,20041,F1,1,,,,,
2026-08-28,2026-08-28,CM,NSE,STK,18214,INE141K01013,TEXMOPIPES,EQ,,,,,TEXMO PIPE & PRODUCTS LTD,47.01,47.50,46.05,46.24,46.05,46.95,,46.24,,,20451,952006.28,287,F1,1,,,,,
2026-08-28,2026-08-28,CM,NSE,STK,10741,INE733E07JS0,728NTPC30B,N9,,,,,TFB 7.28% 2030 SR. 2A,1339.00,1339.00,1339.00,1339.00,1339.00,1339.00,,1339.00,,,1,1339.00,1,F1,1,,,,,
2026-08-28,2026-08-28,CM,NSE,STK,10744,INE733E07JT8,737NTPC35C,NA,,,,,TFB 7.37% 2035 SR. 3A,1368.00,1368.00,1368.00,1368.00,1368.00,1228.00,,1368.00,,,38,51984.00,1,F1,1,,,,,
2026-08-28,2026-08-28,CM,NSE,STK,14607,INE797H01018,TGBHOTELS,EQ,,,,,TGB BANQUETS&HOTELS LTD,9.11,9.69,9.08,9.40,9.60,9.15,,9.45,,,25001,232147.23,74,F1,1,,,,,
2026-08-28,2026-08-28,CM,NSE,STK,22777,INE0QJL01014,TCL,SM,,,,,THAAI CASTING LIMITED,137.00,137.00,130.00,132.80,131.85,137.65,,132.80,,,52800,6976640.00,63,F1,800,,,,,
2026-08-28,2026-08-28,CM,NSE,STK,762947,INE077P01034,THACKER,BE,,,,,THACKER & CO. LTD.,1000.00,1011.00,998.00,999.60,998.00,1050.00,,999.60,,,33,32995.00,15,F1,1,,,,,
2026-08-28,2026-08-28,CM,NSE,STK,18118,INE085J01014,THANGAMAYL,EQ,,,,,THANGAMAYIL JEWELLERY LTD,5502.00,5563.50,5373.50,5440.50,5430.00,5502.00,,5440.48,,,280954,1527800285.00,18193,F1,1,,,,,
2026-08-28,2026-08-28,CM,NSE,STK,9014,INE294Z01018,ANUP,EQ,,,,,THE ANUP ENGINEERING LTD,1801.00,1817.00,1770.30,1800.50,1800.00,1801.30,,1800.40,,,21172,38002255.50,3164,F1,1,,,,,
2026-08-28,2026-08-28,CM,NSE,STK,7930,INE319B01014,BYKE,BE,,,,,THE BYKE HOSPITALITY LTD,31.00,31.35,30.70,30.74,31.35,30.98,,30.82,,,36236,1121197.92,130,F1,1,,,,,
2026-08-28,2026-08-28,CM,NSE,STK,13776,INE017A01032,GESHIP,EQ,,,,,THE GE SHPG.LTD,1324.90,1363.00,1321.20,1339.60,1338.00,1317.20,,1339.57,,,1428262,1917655720.60,73647,F1,1,,,,,
2026-08-28,2026-08-28,CM,NSE,STK,17770,INE646C01018,GROBTEA,EQ,,,,,THE GROB TEA COMPANY LTD,1012.00,1012.00,980.50,991.60,980.50,995.90,,991.60,,,246,245006.20,30,F1,1,,,,,
2026-08-28,2026-08-28,CM,NSE,STK,8568,INE127B01011,HITECHGEAR,BE,,,,,THE HI-TECH GEARS LIMITED,551.10,578.65,549.45,578.35,578.65,551.10,,578.35,,,9840,5638084.20,154,F1,1,,,,,
2026-08-28,2026-08-28,CM,NSE,STK,1515,INE383A01012,INDIACEM,EQ,,,,,THE INDIA CEMENTS LIMITED,369.35,371.90,363.10,369.75,370.05,369.05,,369.75,,,235653,86641036.85,7230,F1,1,,,,,
2026-08-28,2026-08-28,CM,NSE,STK,1512,INE053A01029,INDHOTEL,EQ,,,,,THE INDIAN HOTELS CO. LTD,716.00,716.90,703.55,706.40,706.40,718.50,,706.28,,,3199451,2260976534.35,67736,F1,1,,,,,
2026-08-28,2026-08-28,CM,NSE,STK,21427,INE924D01017,THEINVEST,EQ,,,,,THE INVEST TRUST OF IND L,94.96,97.00,94.52,95.00,95.01,94.96,,95.01,,,2303,220922.65,105,F1,1,,,,,
2026-08-28,2026-08-28,CM,NSE,STK,399,INE470Y01017,NIACL,EQ,,,,,THE NEW INDIA ASSU CO LTD,187.00,191.91,185.50,186.34,186.45,185.20,,186.34,,,2336110,440481271.17,24524,F1,1,,,,,
2026-08-28,2026-08-28,CM,NSE,STK,10321,INE431F01018,PKTEA,EQ,,,,,THE P K TEA PROD CO LTD,752.00,796.95,731.05,744.75,731.25,751.85,,744.75,,,89,67894.15,22,F1,1,,,,,
2026-08-28,2026-08-28,CM,NSE,STK,14552,INE211B01039,PHOENIXLTD,EQ,,,,,THE PHOENIX MILLS LTD,1902.90,1923.90,1896.00,1917.00,1917.00,1901.70,,1916.41,,,253002,483201930.30,22001,F1,1,,,,,
2026-08-28,2026-08-28,CM,NSE,STK,2043,INE331A01037,RAMCOCEM,EQ,,,,,THE RAMCO CEMENTS LIMITED,892.80,899.45,883.40,895.65,895.00,892.55,,895.65,,,243570,216991489.45,16700,F1,1,,,,,
2026-08-28,2026-08-28,CM,NSE,STK,10123,INE301D01026,RUBYMILLS,BE,,,,,THE RUBY MILLS LTD,400.00,400.00,383.20,390.40,390.00,390.40,,390.71,,,3579,1401281.55,93,F1,1,,,,,
2026-08-28,2026-08-28,CM,NSE,STK,5948,INE683A01023,SOUTHBANK,EQ,,,,,THE SOUTH INDIAN BANK LTD,45.75,46.22,45.30,45.37,45.41,45.73,,45.37,,,3557940,162343006.94,12497,F1,1,,,,,
2026-08-28,2026-08-28,CM,NSE,STK,10948,INE655A01013,STCINDIA,EQ,,,,,THE STATE TRADING CORPN,117.60,118.50,116.21,116.88,117.05,117.48,,116.88,,,14173,1662777.40,334,F1,1,,,,,
2026-08-28,2026-08-28,CM,NSE,STK,19578,INE071E01023,UGARSUGAR,EQ,,,,,THE UGAR SUGAR WORKS LTD,50.90,55.87,50.41,54.13,55.00,50.70,,54.15,,,801341,42457834.16,6156,F1,1,,,,,
2026-08-28,2026-08-28,CM,NSE,STK,20481,INE215F01023,WIPL,EQ,,,,,THE WESTERN INDIA PLY LTD,165.00,167.89,164.00,167.89,167.89,163.54,,167.89,,,652,107653.13,14,F1,1,,,,,
2026-08-28,2026-08-28,CM,NSE,STK,19279,INE121N01019,THEJO,EQ,,,,,THEJO ENGINEERING LIMITED,2103.90,2114.90,2052.30,2060.60,2056.00,2093.60,,2060.60,,,30486,63234275.20,642,F1,1,,,,,
2026-08-28,2026-08-28,CM,NSE,STK,14485,INE083B01024,THEMISMED,EQ,,,,,THEMIS MEDICARE LTD.,127.03,128.01,124.36,125.48,126.40,126.15,,125.48,,,76736,9625463.01,863,F1,1,,,,,
2026-08-28,2026-08-28,CM,NSE,STK,3475,INE152A01029,THERMAX,EQ,,,,,THERMAX LTD,3998.90,3998.90,3934.40,3944.20,3952.00,3962.70,,3944.18,,,35970,141969810.60,12334,F1,1,,,,,
2026-08-28,2026-08-28,CM,NSE,STK,3496,INE338A01024,TIRUMALCHM,EQ,,,,,THIRUMALAI CHEMICALS LTD,159.58,164.86,158.65,160.32,160.50,159.58,,160.31,,,2119773,344157873.62,21689,F1,1,,,,,
2026-08-28,2026-08-28,CM,NSE,STK,3481,INE332A01027,THOMASCOOK,EQ,,,,,THOMAS COOK (INDIA) LTD,110.00,111.35,108.00,108.43,108.35,110.06,,108.43,,,841847,91838310.08,11241,F1,1,,,,,
2026-08-28,2026-08-28,CM,NSE,STK,31017,INE480M01011,THOMASCOTT,EQ,,,,,THOMAS SCOTT (INDIA) LTD,279.90,285.00,270.00,277.25,276.35,279.60,,277.41,,,50583,13851765.80,1753,F1,1,,,,,
2026-08-28,2026-08-28,CM,NSE,STK,17032,INE594H01019,THYROCARE,EQ,,,,,THYROCARE TECH LTD,581.45,589.10,579.00,584.35,588.00,581.45,,584.37,,,170008,99218571.10,11887,F1,1,,,,,
2026-08-28,2026-08-28,CM,NSE,STK,759176,INE906O01029,TIGERLOGS,EQ,,,,,TIGER LOGISTICS (INDIA) L,30.09,30.39,29.00,29.45,29.01,30.09,,29.46,,,92798,2763354.84,439,F1,1,,,,,
2026-08-28,2026-08-28,CM,NSE,STK,25482,INE440L01017,TIJARIA,EQ,,,,,TIJARIA POLYPIPES LTD,5.93,6.30,5.70,6.02,6.05,5.92,,6.02,,,124221,739991.41,242,F1,1,,,,,
2026-08-28,2026-08-28,CM,NSE,STK,9802,INE806C01018,TIL,BE,,,,,TIL LTD,240.55,241.00,236.90,239.25,237.20,240.55,,239.12,,,67753,16144355.40,336,F1,1,,,,,
2026-08-28,2026-08-28,CM,NSE,STK,19196,INE133E01013,TI,EQ,,,,,TILAKNAGAR INDUSTRIES LTD,556.10,574.00,553.00,567.20,565.80,557.80,,567.22,,,411373,233257329.85,14461,F1,1,,,,,
2026-08-28,2026-08-28,CM,NSE,STK,14707,INE508G01029,TIMETECHNO,EQ,,,,,TIME TECHNOPLAST LTD.,185.67,189.79,185.31,186.29,186.01,185.67,,186.28,,,2984174,559039336.86,18947,F1,1,,,,,
2026-08-28,2026-08-28,CM,NSE,STK,762954,INE064A01026,TIMEX,EQ,,,,,TIMEX GROUP INDIA LTD.,630.80,657.00,629.00,653.75,656.00,624.05,,653.69,,,384200,248159467.85,18412,F1,1,,,,,
2026-08-28,2026-08-28,CM,NSE,STK,14198,INE325A01013,TIMKEN,EQ,,,,,TIMKEN INDIA LTD.,3192.00,3207.20,3142.40,3149.80,3146.00,3183.40,,3149.87,,,32308,102946625.30,7402,F1,1,,,,,
2026-08-28,2026-08-28,CM,NSE,STK,756020,INE015C01016,TINNARUBR,EQ,,,,,TINNA RUBBER AND INFR LTD,1008.40,1015.80,995.10,996.10,995.10,998.40,,996.11,,,22357,22416166.60,1836,F1,1,,,,,
2026-08-28,2026-08-28,CM,NSE,STK,11374,INE0LQS01015,TIPSFILMS,EQ,,,,,TIPS FILMS LIMITED,339.90,343.50,333.00,334.30,333.10,342.15,,333.83,,,10675,3608901.80,524,F1,1,,,,,
2026-08-28,2026-08-28,CM,NSE,STK,9117,INE716B01029,TIPSMUSIC,EQ,,,,,TIPS MUSIC LIMITED,660.00,660.25,644.05,648.05,648.00,660.00,,648.05,,,191676,124831549.05,11091,F1,1,,,,,
2026-08-28,2026-08-28,CM,NSE,STK,22284,INE319Y01024,TIRUPATIFL,BE,,,,,TIRUPATI FORGE LIMITED,68.50,70.50,68.50,69.78,70.00,68.12,,69.78,,,163847,11434286.60,690,F1,1,,,,,
2026-08-28,2026-08-28,CM,NSE,STK,15414,INE615H01020,TITAGARH,EQ,,,,,TITAGARH RAIL SYSTEMS LTD,831.00,843.40,826.80,835.35,838.00,831.15,,835.32,,,225348,188523968.80,10513,F1,1,,,,,
2026-08-28,2026-08-28,CM,NSE,STK,3506,INE280A01028,TITAN,EQ,,,,,TITAN COMPANY LIMITED,5155.00,5169.90,5136.00,5169.20,5169.20,5139.30,,5169.01,,,547804,2822109613.50,39225,F1,1,,,,,
2026-08-28,2026-08-28,CM,NSE,STK,3837,INE932C01012,TOKYOPLAST,EQ,,,,,TOKYO PLAST INTL LTD,76.00,77.25,76.00,77.24,77.24,77.25,,77.24,,,210,16217.49,4,F1,1,,,,,
2026-08-28,2026-08-28,CM,NSE,STK,25262,INE0RWQ01014,TOLINS,EQ,,,,,TOLINS TYRES LIMITED,97.00,97.00,94.52,95.00,95.00,95.29,,95.00,,,27319,2607855.85,656,F1,1,,,,,
2026-08-28,2026-08-28,CM,NSE,STK,3518,INE685A01028,TORNTPHARM,EQ,,,,,TORRENT PHARMACEUTICALS L,5000.00,5050.00,4967.00,5050.00,5050.00,4999.00,,5049.63,,,184156,921988550.50,19513,F1,1,,,,,
2026-08-28,2026-08-28,CM,NSE,STK,13786,INE813H01021,TORNTPOWER,EQ,,,,,TORRENT POWER LTD,1237.40,1237.40,1212.60,1217.70,1223.00,1230.10,,1217.71,,,213261,260199709.10,23733,F1,1,,,,,
2026-08-28,2026-08-28,CM,NSE,STK,22423,INE336X01012,TOTAL,EQ,,,,,TOTAL TRANSPORT SYS LTD,70.00,72.00,68.54,70.77,71.90,69.57,,70.77,,,20945,1470897.50,244,F1,1,,,,,
2026-08-28,2026-08-28,CM,NSE,STK,16908,INE486Y01013,TOUCHWOOD,EQ,,,,,TOUCHWOOD ENTERTAIN LTD.,61.00,61.90,59.00,60.69,60.69,61.00,,60.69,,,2680,162562.92,79,F1,1,,,,,
2026-08-28,2026-08-28,CM,NSE,STK,3466,INE305A01023,TFCILTD,EQ,,,,,TOURISM FINANCE CORP. OF,142.00,144.62,139.55,140.54,140.95,141.84,,140.54,,,8389884,1190258834.39,24945,F1,1,,,,,
2026-08-28,2026-08-28,CM,NSE,STK,765195,INE457P01020,TOYAMSL,EQ,,,,,TOYAM SPORTS LTD.,0.63,0.64,0.61,0.63,0.64,0.62,,0.63,,,621993,391477.24,183,F1,1,,,,,
2026-08-28,2026-08-28,CM,NSE,STK,9219,INE413G01022,TPLPLASTEH,EQ,,,,,TPL PLASTECH LIMITED,78.02,78.39,72.90,73.40,73.90,77.44,,73.41,,,258779,19230297.68,2679,F1,1,,,,,
2026-08-28,2026-08-28,CM,NSE,STK,11582,INE0HMF01019,TRACXN,EQ,,,,,TRACXN TECHNOLOGIES LTD,29.80,30.24,29.52,29.76,29.71,30.06,,29.77,,,85210,2557485.97,752,F1,1,,,,,
2026-08-28,2026-08-28,CM,NSE,STK,15174,INE763I01026,TARIL,EQ,,,,,TRANS & RECTI. LTD,304.80,308.45,301.60,303.45,303.50,304.15,,303.46,,,729621,222055610.70,14065,F1,1,,,,,
2026-08-28,2026-08-28,CM,NSE,STK,765200,INE330E01023,TRANSCOR,EQ,,,,,TRANSCORP INTERNATIONAL L,25.50,25.80,24.00,24.70,25.30,25.95,,24.92,,,4184,103472.05,59,F1,1,,,,,
2026-08-28,2026-08-28,CM,NSE,STK,17795,INE0O3901029,TREL,EQ,,,,,TRANSINDIA REAL ESTATE L,26.51,27.50,26.51,27.18,27.37,26.49,,27.18,,,166860,4520812.83,2363,F1,1,,,,,
2026-08-28,2026-08-28,CM,NSE,STK,7669,INE687A01016,TRANSPEK,BE,,,,,TRANSPEK INDUSTRIES LTD,1360.00,1378.70,1323.00,1370.30,1369.00,1336.20,,1370.15,,,1173,1594438.50,80,F1,1,,,,,
2026-08-28,2026-08-28,CM,NSE,STK,10580,INE688A01022,TCI,EQ,,,,,TRANSPORT CORPN OF INDIA,901.35,901.35,883.15,888.10,892.00,897.30,,888.08,,,27292,24296005.00,3091,F1,1,,,,,
2026-08-28,2026-08-28,CM,NSE,STK,28714,INE454P01035,TRANSRAILL,EQ,,,,,TRANSRAIL LIGHTING LTD,458.00,458.95,452.05,452.75,453.40,458.50,,452.75,,,359968,163109656.90,15691,F1,1,,,,,
2026-08-28,2026-08-28,CM,NSE,STK,19801,INE0NVI01020,TRANSTEEL,SM,,,,,TRANSTEEL SEATING TECH L,91.95,91.95,80.75,81.55,80.75,89.15,,81.55,,,197000,16553700.00,116,F1,1000,,,,,
2026-08-28,2026-08-28,CM,NSE,STK,14319,INE804H01012,TFL,EQ,,,,,TRANSWARRANTY FIN. LTD.,12.45,12.85,11.62,12.46,12.85,12.07,,12.46,,,12439,153792.86,84,F1,1,,,,,
2026-08-28,2026-08-28,CM,NSE,STK,8619,INE757B01015,TRANSWORLD,BE,,,,,TRANSWORLD SHIP LINES LTD,180.33,180.33,176.73,176.73,176.73,180.33,,176.89,,,2836,502415.73,34,F1,1,,,,,
2026-08-28,2026-08-28,CM,NSE,STK,757545,INE103V01028,TRAVELFOOD,EQ,,,,,TRAVEL FOOD SERVICES LTD,1333.00,1336.60,1290.00,1297.70,1300.00,1333.90,,1297.69,,,54197,70828928.00,6163,F1,1,,,,,
2026-08-28,2026-08-28,CM,NSE,STK,25082,INE040M01013,TREEHOUSE,EQ,,,,,TREE HOUSE EDU LTD,6.28,6.33,6.10,6.27,6.28,6.28,,6.27,,,5340,33193.51,55,F1,1,,,,,
2026-08-28,2026-08-28,CM,NSE,STK,7518,INE00CA01015,TREJHARA,EQ,,,,,TREJHARA SOLUTIONS LTD,151.80,151.88,143.15,144.20,144.96,149.89,,144.20,,,21578,3162887.01,457,F1,1,,,,,
2026-08-28,2026-08-28,CM,NSE,STK,1964,INE849A01020,TRENT,EQ,,,,,TRENT LTD,2890.40,2911.20,2875.80,2898.00,2898.00,2878.50,,2898.01,,,469911,1361961123.60,33099,F1,1,,,,,
2026-08-28,2026-08-28,CM,NSE,STK,17987,INE391D01019,TRF,EQ,,,,,TRF LIMITED,230.83,231.67,228.00,229.48,230.00,229.22,,229.48,,,4996,1150638.17,186,F1,1,,,,,
2026-08-28,2026-08-28,CM,NSE,STK,27037,INE760L01018,TBZ,EQ,,,,,TRIB BHIMJI ZAVERI LTD,306.00,311.25,294.80,301.70,300.70,306.10,,301.71,,,998166,302316148.50,16895,F1,1,,,,,
2026-08-28,2026-08-28,CM,NSE,STK,9685,INE064C01022,TRIDENT,EQ,,,,,TRIDENT LIMITED,24.40,24.48,24.27,24.32,24.35,24.38,,24.32,,,1788468,43539859.11,8699,F1,1,,,,,
2026-08-28,2026-08-28,CM,NSE,STK,21078,INE0QD201012,TECHLABS,SM,,,,,TRIDENT TECHLABS LIMITED,125.00,125.00,117.00,119.50,119.05,122.75,,119.50,,,7250,870387.50,51,F1,125,,,,,
2026-08-28,2026-08-28,CM,NSE,STK,17215,INE0LWY01029,TRIDHYA,ST,,,,,TRIDHYA TECH LIMITED,8.10,8.10,8.10,8.10,8.10,8.50,,8.10,,,6000,48600.00,2,F1,3000,,,,,
2026-08-28,2026-08-28,CM,NSE,STK,5428,INE948A01012,TRIGYN,EQ,,,,,TRIGYN TECHNOLOGIES LTD,59.45,64.82,59.00,62.85,62.70,60.09,,62.84,,,221932,14107509.31,2303,F1,1,,,,,
2026-08-28,2026-08-28,CM,NSE,STK,764960,INE440G01017,TRITONV,EQ,,,,,TRITON VALVES LTD.,1140.20,1160.10,1126.20,1148.50,1150.00,1144.90,,1148.94,,,1875,2141839.80,276,F1,1,,,,,
2026-08-28,2026-08-28,CM,NSE,STK,13081,INE256C01024,TRIVENI,EQ,,,,,TRIVENI ENGG. & INDS. LTD,285.30,287.93,279.42,283.82,284.00,282.21,,283.83,,,792373,224508730.45,17171,F1,1,,,,,
2026-08-28,2026-08-28,CM,NSE,STK,25584,INE152M01016,TRITURBINE,EQ,,,,,TRIVENI TURBINE LIMITED,588.10,592.95,578.00,580.30,581.20,583.45,,580.30,,,270490,157325969.55,16784,F1,1,,,,,
2026-08-28,2026-08-28,CM,NSE,STK,24642,INE0SYV01018,TROM,SM,,,,,TROM INDUSTRIES LIMITED,55.00,55.00,53.20,53.40,53.40,54.00,,53.40,,,7200,388020.00,12,F1,600,,,,,
2026-08-28,2026-08-28,CM,NSE,STK,759210,INE0MWH01014,TRUALT,EQ,,,,,TRUALT BIOENERGY LIMITED,434.00,438.60,430.85,434.15,437.00,433.85,,434.12,,,69662,30219272.45,2558,F1,1,,,,,
2026-08-28,2026-08-28,CM,NSE,STK,9378,INE615R01029,TRU,EQ,,,,,TRUCAP FINANCE LIMITED,4.15,4.15,3.96,4.12,4.13,4.04,,4.12,,,209566,846105.03,618,F1,1,,,,,
2026-08-28,2026-08-28,CM,NSE,STK,23417,INE0SWN01019,TRUST,SM,,,,,TRUST FINTECH LIMITED,32.60,33.00,28.00,28.55,28.00,30.95,,28.55,,,18600,558420.00,23,F1,600,,,,,
2026-08-28,2026-08-28,CM,NSE,STK,757861,INE16VK01010,TSC,ST,,,,,TSC INDIA LIMITED,45.10,45.10,45.00,45.00,45.00,46.50,,45.00,,,4000,180200.00,2,F1,2000,,,,,
2026-08-28,2026-08-28,CM,NSE,STK,2183,INE202Z01029,TSFINV,EQ,,,,,TSF INVESTMENTS LIMITED,404.95,409.95,403.00,407.20,406.30,404.20,,407.20,,,40490,16450750.30,2189,F1,1,,,,,
2026-08-28,2026-08-28,CM,NSE,STK,27408,INE1C3207073,935TSI29,N0,,,,,TSI 9.35% 29 SR I-C,102750.01,102750.01,102750.01,102750.01,102750.01,104511.10,,102750.01,,,1,102750.01,1,F1,1,,,,,
2026-08-28,2026-08-28,CM,NSE,STK,27421,INE1C3207081,935TSIIC28,N0,,,,,TSIIC 9.35% 2028 SR I- B,102901.30,103790.00,102901.30,103790.00,103790.00,102901.30,,103790.00,,,4,414271.30,2,F1,1,,,,,
2026-08-28,2026-08-28,CM,NSE,STK,11369,INE910C01018,TTKHLTCARE,EQ,,,,,TTK HEALTHCARE LIMITED,1087.90,1150.90,1081.00,1134.20,1128.50,1080.20,,1134.28,,,75111,84737551.80,7565,F1,1,,,,,
2026-08-28,2026-08-28,CM,NSE,STK,3546,INE690A01028,TTKPRESTIG,EQ,,,,,TTK PRESTIGE LTD,606.90,610.95,592.00,593.70,598.00,606.90,,593.73,,,31260,18656397.65,3094,F1,1,,,,,
2026-08-28,2026-08-28,CM,NSE,STK,312,INE974X01010,TIINDIA,EQ,,,,,TUBE INVEST OF INDIA LTD,2870.00,2885.70,2831.50,2840.00,2840.00,2870.00,,2840.02,,,123842,352386781.20,21980,F1,1,,,,,
2026-08-28,2026-08-28,CM,NSE,STK,24520,INE0OXV01027,TUNWAL,SM,,,,,TUNWAL E-MOTORS LIMITED,26.00,26.00,25.55,25.80,25.80,25.55,,25.80,,,36000,927200.00,17,F1,2000,,,,,
2026-08-28,2026-08-28,CM,NSE,STK,756090,INE0OC301013,TURTLEMINT,EQ,,,,,TURTLEMINT FINTECH SOLS L,153.62,160.00,148.00,152.65,152.50,153.64,,152.72,,,3794826,587733011.70,40796,F1,1,,,,,
2026-08-28,2026-08-28,CM,NSE,STK,765205,INE400A01014,TUTIALKA,EQ,,,,,TUTICORIN ALKAL CH & FE L,60.00,61.73,59.06,59.47,59.98,59.04,,59.81,,,12125,723141.75,173,F1,1,,,,,
2026-08-28,2026-08-28,CM,NSE,STK,11275,INE038F01029,TVTODAY,EQ,,,,,TV TODAY NETWORK LTD,112.10,114.70,111.13,112.04,111.50,113.13,,112.04,,,50189,5646531.05,1987,F1,1,,,,,
2026-08-28,2026-08-28,CM,NSE,STK,18508,INE871L01013,TVVISION,BE,,,,,TV VISION LIMITED,3.80,3.80,3.46,3.58,3.60,3.63,,3.67,,,27802,97425.86,55,F1,1,,,,,
2026-08-28,2026-08-28,CM,NSE,STK,11265,INE236G01019,TVSELECT,EQ,,,,,TVS ELECTRONICS LTD,444.00,444.00,435.25,437.40,439.95,443.05,,437.41,,,27147,11895308.20,1230,F1,1,,,,,
2026-08-28,2026-08-28,CM,NSE,STK,29008,INE105A01035,TVSHLTD,EQ,,,,,TVS HOLDINGS LIMITED,13435.00,13587.00,13361.00,13450.00,13410.00,13434.00,,13450.04,,,3931,52896723.00,1440,F1,1,,,,,
2026-08-28,2026-08-28,CM,NSE,STK,8479,INE494B01023,TVSMOTOR,EQ,,,,,TVS MOTOR COMPANY  LTD,4409.80,4425.00,4161.50,4304.20,4304.20,4409.80,,4304.19,,,2654527,11297589656.70,198109,F1,1,,,,,
2026-08-28,2026-08-28,CM,NSE,STK,14245,INE421C01016,TVSSRICHAK,EQ,,,,,TVS SRICHAKRA LIMITED,5251.40,5314.80,5155.30,5292.30,5301.00,5244.50,,5292.21,,,20685,108472467.60,3642,F1,1,,,,,
2026-08-28,2026-08-28,CM,NSE,STK,18151,INE395N01027,TVSSCS,EQ,,,,,TVS SUPPLY CHAIN SOL L,131.09,133.66,130.30,131.56,131.00,130.79,,131.58,,,884652,116656122.70,10606,F1,1,,,,,
2026-08-28,2026-08-28,CM,NSE,STK,19503,INE388G01026,TICL,BE,,,,,TWAMEV CONS AND INFRA LTD,9.59,9.60,9.03,9.09,9.30,9.50,,9.09,,,121014,1113090.75,237,F1,1,,,,,
2026-08-28,2026-08-28,CM,NSE,STK,764970,INE726E01014,UPHOT,EQ,,,,,U P HOTELS LTD.,1397.00,1464.90,1397.00,1464.90,1464.90,1397.00,,1433.37,,,16,23234.70,4,F1,1,,,,,
2026-08-28,2026-08-28,CM,NSE,STK,25629,INE152C01025,UYFINCORP,BE,,,,,U. Y. FINCORP LIMITED,20.20,20.24,19.70,19.86,19.99,20.10,,19.84,,,41108,818204.47,174,F1,1,,,,,
2026-08-28,2026-08-28,CM,NSE,STK,7739,INE139B01016,UCAL,BE,,,,,UCAL LIMITED,155.15,163.80,150.00,156.73,156.20,156.15,,156.28,,,41468,6571159.79,418,F1,1,,,,,
2026-08-28,2026-08-28,CM,NSE,STK,756002,INE583D07588,1025UCL27A,NG,,,,,UCL 10.25% SR IV,1000.00,1000.00,1000.00,1000.00,1000.00,975.20,,1000.00,,,2,2000.00,1,F1,1,,,,,
2026-08-28,2026-08-28,CM,NSE,STK,756004,INE583D07596,1050UCL28,NH,,,,,UCL 10.50% SR V,1013.00,1013.00,1013.00,1013.00,1013.00,1034.60,,1013.00,,,110,111430.00,3,F1,1,,,,,
2026-08-28,2026-08-28,CM,NSE,STK,11223,INE691A01018,UCOBANK,EQ,,,,,UCO BANK,25.55,25.71,25.35,25.48,25.50,25.49,,25.48,,,3624254,92579486.76,11694,F1,1,,,,,
2026-08-28,2026-08-28,CM,NSE,STK,764965,INE551B01012,UDAYJEW,EQ,,,,,UDAY JEWELLERY INDS. LTD.,142.85,144.75,130.20,137.96,137.96,143.28,,139.70,,,1601,226450.14,32,F1,1,,,,,
2026-08-28,2026-08-28,CM,NSE,STK,14871,INE0N0Y01013,USK,EQ,,,,,UDAYSHIVAKUMAR INFRA LTD,21.31,21.89,21.00,21.54,21.65,21.31,,21.54,,,10584,225918.31,102,F1,1,,,,,
2026-08-28,2026-08-28,CM,NSE,STK,1053,INE516A01017,UFLEX,EQ,,,,,UFLEX LIMITED,635.00,658.85,631.00,634.35,634.00,631.00,,634.35,,,292297,187296325.35,8084,F1,1,,,,,
2026-08-28,2026-08-28,CM,NSE,STK,9039,INE527H01019,UFO,EQ,,,,,UFO MOVIEZ INDIA LTD.,66.27,69.60,64.55,66.49,66.99,65.54,,66.49,,,54139,3601685.93,979,F1,1,,,,,
2026-08-28,2026-08-28,CM,NSE,STK,5313,INE583D01011,UGROCAP,EQ,,,,,UGRO CAPITAL LIMITED,87.22,88.50,86.51,86.96,87.00,87.22,,86.96,,,190255,16623523.17,1634,F1,1,,,,,
2026-08-28,2026-08-28,CM,NSE,STK,23507,INE899L01030,UEL,EQ,,,,,UJAAS ENERGY LIMITED,189.33,189.33,189.33,189.33,189.33,180.32,,194.02,,,2841,537886.53,43,F1,1,,,,,
2026-08-28,2026-08-28,CM,NSE,STK,15228,INE551W01018,UJJIVANSFB,EQ,,,,,UJJIVAN SMALL FINANC BANK,68.70,69.23,67.60,67.85,67.79,68.57,,67.85,,,6875259,469422585.77,33424,F1,1,,,,,
2026-08-28,2026-08-28,CM,NSE,STK,762961,INE405A01021,ULTRAMAR,EQ,,,,,ULTRAMARINE & PIGMENTS L,426.65,429.00,406.80,411.30,412.00,423.30,,411.22,,,103267,42858890.40,3391,F1,1,,,,,
2026-08-28,2026-08-28,CM,NSE,STK,11532,INE481G01011,ULTRACEMCO,EQ,,,,,ULTRATECH CEMENT LIMITED,11705.00,11746.00,11523.00,11589.00,11589.00,11717.00,,11588.95,,,235738,2728803871.00,27946,F1,1,,,,,
2026-08-28,2026-08-28,CM,NSE,STK,13349,INE067901012,UMA,SM,,,,,UMA CONVERTER LIMITED,19.50,19.75,17.30,19.05,19.05,17.00,,19.05,,,64000,1221200.00,16,F1,4000,,,,,
2026-08-28,2026-08-28,CM,NSE,STK,8845,INE0GIU01018,UMAEXPORTS,BE,,,,,UMA EXPORTS LIMITED,26.33,26.50,26.33,26.47,26.47,26.06,,26.74,,,12367,326726.98,40,F1,1,,,,,
2026-08-28,2026-08-28,CM,NSE,STK,8998,INE398B01018,UMIYA-MRO,EQ,,,,,UMIYA BUILDCON LIMITED,88.63,96.00,88.16,94.64,94.95,88.68,,94.64,,,58425,5527506.63,517,F1,1,,,,,
2026-08-28,2026-08-28,CM,NSE,STK,3579,INE351A01035,UNICHEMLAB,EQ,,,,,UNICHEM LABORATORIES LTD,542.85,570.00,535.00,564.25,565.95,539.75,,564.24,,,330176,184822027.15,12615,F1,1,,,,,
2026-08-28,2026-08-28,CM,NSE,STK,24809,INE00U401027,UNIECOM,EQ,,,,,UNICOMMERCE ESOLUTIONS L,84.10,89.00,83.91,87.18,87.50,84.00,,87.12,,,307248,26455259.66,2633,F1,1,,,,,
2026-08-28,2026-08-28,CM,NSE,STK,18582,INE0PRF01011,UNIHEALTH,SM,,,,,UNIHEALTH HOSPITALS LTD,708.00,721.95,700.00,717.95,717.95,707.15,,717.95,,,6500,4632450.00,13,F1,500,,,,,
2026-08-28,2026-08-28,CM,NSE,STK,7791,INE481Z01011,UNIINFO,EQ,,,,,UNIINFO TELECOM SERVI LTD,10.92,10.97,10.43,10.97,10.97,10.97,,10.97,,,959,10257.18,17,F1,1,,,,,
2026-08-28,2026-08-28,CM,NSE,STK,28960,INE0U3I01011,UNIMECH,EQ,,,,,UNIMECH AEROSPACE N MFG L,1498.00,1511.70,1482.50,1503.10,1507.00,1485.40,,1503.08,,,99475,149211911.00,7579,F1,1,,,,,
2026-08-28,2026-08-28,CM,NSE,STK,10753,INE692A01016,UNIONBANK,EQ,,,,,UNION BANK OF INDIA,184.70,186.31,184.09,186.00,186.00,184.50,,185.99,,,3617223,669710275.33,29351,F1,1,,,,,
2026-08-28,2026-08-28,CM,NSE,STK,29687,INF582M01KS4,UNIONGOLD,EQ,,,,,UNIONAMC - UNIONGOLD,153.10,155.45,151.15,155.30,155.40,153.10,,155.30,,,5872,908164.65,103,F1,1,,,,,
2026-08-28,2026-08-28,CM,NSE,STK,13057,INE244O01017,UNIPARTS,EQ,,,,,UNIPARTS INDIA LIMITED,817.40,879.80,813.05,873.15,877.25,808.30,,873.29,,,467444,399945096.75,22529,F1,1,,,,,
2026-08-28,2026-08-28,CM,NSE,STK,11293,INE037A01022,UNIENTER,EQ,,,,,UNIPHOS ENTERPRISES LTD,96.04,96.95,92.74,94.10,94.66,96.04,,94.10,,,4514,426577.90,108,F1,1,,,,,
2026-08-28,2026-08-28,CM,NSE,STK,3594,INE694A01020,UNITECH,EQ,,,,,UNITECH LTD,3.95,3.97,3.88,3.90,3.94,3.92,,3.90,,,3787223,14888796.13,1736,F1,1,,,,,
2026-08-28,2026-08-28,CM,NSE,STK,16713,INE686F01025,UBL,EQ,,,,,UNITED BREWERIES LTD,1343.00,1345.20,1330.00,1334.10,1335.00,1346.60,,1334.25,,,36542,48821772.60,5923,F1,1,,,,,
2026-08-28,2026-08-28,CM,NSE,STK,204,INE961D01019,UNIDT,BE,,,,,UNITED DRILLING TOOLS LTD,212.63,219.80,204.20,215.51,219.70,212.63,,215.29,,,4084,861993.60,76,F1,1,,,,,
2026-08-28,2026-08-28,CM,NSE,STK,3133,INE382M01027,UFBL,BE,,,,,UNITED FOODBRANDS LIMITED,735.10,767.00,722.35,763.80,765.20,740.25,,763.66,,,61968,46232028.00,2068,F1,1,,,,,
2026-08-28,2026-08-28,CM,NSE,STK,25938,INE0SMR01011,UHTL,ST,,,,,UNITED HEAT TRANSFER LTD,143.60,143.60,143.60,143.60,143.60,140.80,,143.60,,,24000,3446400.00,4,F1,2000,,,,,
2026-08-28,2026-08-28,CM,NSE,STK,17999,INE458F01011,UNITEDTEA,EQ,,,,,UNITED NILGIRI TEA LTD,458.85,458.85,451.00,454.00,456.90,454.90,,454.00,,,357,162263.55,30,F1,1,,,,,
2026-08-28,2026-08-28,CM,NSE,STK,7560,INE368U01029,UNITEDPOLY,EQ,,,,,UNITED POLYFAB GUJ. LTD.,37.44,39.50,37.11,38.80,39.00,37.44,,38.80,,,165582,6421093.90,474,F1,1,,,,,
2026-08-28,2026-08-28,CM,NSE,STK,10447,INE854D01024,UNITDSPR,EQ,,,,,UNITED SPIRITS LIMITED,1526.00,1540.00,1497.70,1510.00,1510.00,1522.00,,1509.59,,,612774,922754629.90,21886,F1,1,,,,,
2026-08-28,2026-08-28,CM,NSE,STK,18979,INE562X01013,UNIVASTU,BE,,,,,UNIVASTU INDIA LIMITED,154.50,162.00,154.10,160.48,161.90,156.88,,160.48,,,35408,5643089.15,363,F1,1,,,,,
2026-08-28,2026-08-28,CM,NSE,STK,3607,INE279A01012,UNIVCABLES,EQ,,,,,UNIVERSAL CABLES LTD,1610.00,1700.00,1605.80,1693.20,1690.00,1607.30,,1693.19,,,333702,557253294.30,26236,F1,1,,,,,
2026-08-28,2026-08-28,CM,NSE,STK,17661,INE03V001013,UNIVPHOTO,BE,,,,,UNIVERSUS IMAGINGS LTD,455.00,456.05,455.00,456.05,456.05,460.65,,456.05,,,754,343141.00,8,F1,1,,,,,
2026-08-28,2026-08-28,CM,NSE,STK,14154,INE405E01023,UNOMINDA,EQ,,,,,UNO MINDA LIMITED,1282.00,1283.10,1263.40,1276.00,1276.00,1280.00,,1275.99,,,552647,705525717.20,28772,F1,1,,,,,
2026-08-28,2026-08-28,CM,NSE,STK,2883,INE530B08110,IIFLZC28,NG,,,,,UNSE RE NCD 0% SR.III,1666.44,1679.00,1666.44,1678.37,1679.00,1645.13,,1678.37,,,201,337353.40,3,F1,1,,,,,
2026-08-28,2026-08-28,CM,NSE,STK,2871,INE530B08094,10IIFL28A,NE,,,,,UNSE RE NCD 10% SR.I,1034.30,1040.00,1034.30,1040.00,1040.00,1040.00,,1040.00,,,420,436035.95,6,F1,1,,,,,
2026-08-28,2026-08-28,CM,NSE,STK,2877,INE530B08102,96IIFL28A,NF,,,,,UNSE RE NCD 9.6% SR.II,1001.01,1004.00,1001.01,1003.88,1003.89,1002.49,,1003.88,,,1094,1097123.37,17,F1,1,,,,,
2026-08-28,2026-08-28,CM,NSE,STK,5212,INE477L08147,10IIFL28,N4,,,,,UNSEC RE NCD 10% SR.I,1003.00,1005.01,995.50,1000.12,1000.12,1009.45,,1000.12,,,52,52165.67,6,F1,1,,,,,
2026-08-28,2026-08-28,CM,NSE,STK,5214,INE477L08154,96IIFL28,N5,,,,,UNSEC RE NCD 9.60% SR.II,1001.00,1002.90,1001.00,1001.05,1001.05,1001.00,,1001.05,,,503,503582.63,5,F1,1,,,,,
2026-08-28,2026-08-28,CM,NSE,STK,19045,INE866I08279,10IIFL29,N6,,,,,UNSEC RED NCD 10.0% SR. V,1025.00,1025.00,1005.00,1025.00,1025.00,1025.00,,1025.00,,,11,11255.00,3,F1,1,,,,,
2026-08-28,2026-08-28,CM,NSE,STK,19047,INE866I08295,105IIFL29,N7,,,,,UNSEC RED NCD 10.5% SR.VI,1049.00,1069.80,1049.00,1069.80,1069.80,1065.00,,1069.80,,,55,58007.00,2,F1,1,,,,,
2026-08-28,2026-08-28,CM,NSE,STK,21229,INE306N08342,885TCAPS29,NC,,,,,UNSERENCD8.85%SRIVCIII&IV,1059.00,1059.00,1056.90,1056.90,1056.90,1059.00,,1056.95,,,50,52897.50,3,F1,1,,,,,
2026-08-28,2026-08-28,CM,NSE,STK,21225,INE306N08292,910TCAP28,NA,,,,,UNSERENCD9.1%SRIIICIII&IV,1124.00,1125.00,1119.00,1121.69,1119.00,1120.00,,1121.69,,,1448,1624445.13,18,F1,1,,,,,
2026-08-28,2026-08-28,CM,NSE,STK,19113,INE851I01011,UDS,EQ,,,,,UPDATER SERVICES LIMITED,222.00,224.62,221.00,222.48,222.50,221.82,,222.48,,,137777,30673618.12,4813,F1,1,,,,,
2026-08-28,2026-08-28,CM,NSE,STK,11287,INE628A01036,UPL,EQ,,,,,UPL LIMITED,580.00,580.05,569.55,571.00,571.00,578.10,,571.00,,,1181623,679025222.60,21660,F1,1,,,,,
2026-08-28,2026-08-28,CM,NSE,STK,17081,INE568Z01015,URAVIDEF,BE,,,,,URAVI DEFENCE &TECH LTD,106.60,108.88,103.15,107.92,108.88,106.60,,107.92,,,3555,379701.17,56,F1,1,,,,,
2026-08-28,2026-08-28,CM,NSE,STK,759084,INE0CAZ01013,URBANCO,EQ,,,,,URBAN COMPANY LIMITED,167.90,171.44,165.91,168.41,168.65,167.36,,168.41,,,8658242,1467378886.04,61759,F1,1,,,,,
2026-08-28,2026-08-28,CM,NSE,STK,16888,INE0O0201019,URBAN,SM,,,,,URBAN ENVIRO WASTE MGMT L,140.55,141.95,139.00,139.70,139.10,140.55,,139.70,,,43200,6052760.00,36,F1,800,,,,,
2026-08-28,2026-08-28,CM,NSE,STK,20203,INE550C01020,URJA,EQ,,,,,URJA GLOBAL LIMITED,9.25,9.30,9.15,9.19,9.24,9.25,,9.19,,,427256,3935208.38,1734,F1,1,,,,,
2026-08-28,2026-08-28,CM,NSE,STK,25952,INE0LS001014,USHAFIN,SM,,,,,USHA FINANCIAL SERVICES L,47.00,47.45,46.00,47.15,47.20,45.45,,47.15,,,44800,2105520.00,19,F1,1600,,,,,
2026-08-28,2026-08-28,CM,NSE,STK,19142,INE240C01028,UMESLTD,EQ,,,,,USHA MARTIN EDU & SOL LTD,5.50,5.50,4.80,5.30,5.45,5.14,,5.31,,,29979,155810.76,157,F1,1,,,,,
2026-08-28,2026-08-28,CM,NSE,STK,8840,INE228A01035,USHAMART,EQ,,,,,USHA MARTIN LTD.,491.00,498.70,487.50,492.45,491.90,489.15,,492.46,,,386312,190071651.70,21682,F1,1,,,,,
2026-08-28,2026-08-28,CM,NSE,STK,527,INE094J01016,UTIAMC,EQ,,,,,UTI ASSET MNGMT CO LTD,890.70,896.45,886.15,887.70,887.90,890.70,,887.71,,,50141,44668411.70,7116,F1,1,,,,,
2026-08-28,2026-08-28,CM,NSE,STK,765431,INF789F1AG76,NIF500BETA,EQ,,,,,UTIAMC - NIF500BETA,37.86,38.00,37.75,37.85,37.85,37.85,,37.93,,,2226,84456.76,24,F1,1,,,,,
2026-08-28,2026-08-28,CM,NSE,STK,22440,INF789F1AUV1,BANKBETA,EQ,,,,,UTIAMC-BANKBETA,59.58,59.72,59.31,59.48,59.43,59.58,,59.48,,,1102472,65428489.98,377,F1,1,,,,,
2026-08-28,2026-08-28,CM,NSE,STK,22524,INF789F1AZF3,GILT10BETA,EQ,,,,,UTIAMC-GILT10BETA,26.87,26.87,26.87,26.87,26.87,26.92,,26.87,,,1205,32378.35,8,F1,1,,,,,
2026-08-28,2026-08-28,CM,NSE,STK,22521,INF789F1AZE6,GILT5BETA,EQ,,,,,UTIAMC-GILT5BETA,66.15,67.10,66.15,66.50,66.50,65.85,,66.50,,,346,23178.25,4,F1,1,,,,,
2026-08-28,2026-08-28,CM,NSE,STK,22488,INF789F1AZD8,ITBETA,EQ,,,,,UTIAMC-ITBETA,327.90,330.21,326.47,328.00,328.00,319.00,,328.00,,,3772,1235620.26,43,F1,1,,,,,
2026-08-28,2026-08-28,CM,NSE,STK,18347,INF789F1AYX9,MIDCAPBETA,EQ,,,,,UTIAMC-MIDCAPBETA,238.84,238.84,237.09,238.13,238.13,238.01,,238.13,,,426,101560.53,23,F1,1,,,,,
2026-08-28,2026-08-28,CM,NSE,STK,21478,INF789F1AUW9,NEXT50BETA,EQ,,,,,UTIAMC-NEXT50BETA,80.54,80.69,79.52,79.81,80.39,80.29,,79.80,,,103520,8285056.21,607,F1,1,,,,,
2026-08-28,2026-08-28,CM,NSE,STK,10511,INF789F1AZC0,NIFTYBETA,EQ,,,,,UTIAMC-NIFTYBETA,274.97,274.97,267.42,268.24,268.25,268.27,,268.24,,,47612,12776012.04,549,F1,1,,,,,
2026-08-28,2026-08-28,CM,NSE,STK,10515,INF789FB1X58,SENSEXBETA,EQ,,,,,UTIAMC-SENSEXBETA,857.94,870.99,855.00,863.35,865.00,857.94,,863.31,,,599,514104.94,71,F1,1,,,,,
2026-08-28,2026-08-28,CM,NSE,STK,15085,INF789F1AYK6,SILVERBETA,EQ,,,,,UTIAMC-SILVERBETA,229.00,233.97,226.67,232.73,232.72,228.62,,232.73,,,439627,101718008.82,4313,F1,1,,,,,
2026-08-28,2026-08-28,CM,NSE,STK,9168,INF789F1AUU3,SNXT50BETA,EQ,,,,,UTIAMC-SNXT50BETA,96.85,97.00,95.85,96.24,96.24,96.85,,96.30,,,994,95754.84,73,F1,1,,,,,
2026-08-28,2026-08-28,CM,NSE,STK,14535,INF789F1AUX7,GOLDBETA,EQ,,,,,UTIAMC-UTIGOLDBETA,133.95,134.00,131.50,133.30,134.00,132.60,,133.30,,,577545,76616707.05,2658,F1,1,,,,,
2026-08-28,2026-08-28,CM,NSE,STK,751580,INE1V1R01014,UTKAL,SM,,,,,UTKAL SPEC INDUS INDIA L,51.00,51.00,51.00,51.00,51.00,49.40,,51.00,,,20000,1020000.00,7,F1,2000,,,,,
2026-08-28,2026-08-28,CM,NSE,STK,17358,INE735W01017,UTKARSHBNK,EQ,,,,,UTKARSH SMALL FIN BANK L,14.85,14.96,14.53,14.68,14.77,14.92,,14.68,,,3732185,55077342.60,4630,F1,1,,,,,
2026-08-28,2026-08-28,CM,NSE,STK,24729,INE06IJ01010,UTSSAV,ST,,,,,UTSSAV CZ GOLD JEWELS LTD,448.60,455.00,445.00,455.00,455.00,448.60,,455.00,,,8400,3774720.00,13,F1,600,,,,,
2026-08-28,2026-08-28,CM,NSE,STK,13376,INE786F01031,UTTAMSUGAR,EQ,,,,,UTTAM SUGAR MILLS LTD.,301.81,306.68,294.10,299.55,299.80,298.34,,299.54,,,362389,108959574.66,8513,F1,1,,,,,
2026-08-28,2026-08-28,CM,NSE,STK,3188,INE0GXK01018,VMARCIND,SM,,,,,V MARC INDIA LIMITED,378.55,389.00,374.00,376.00,375.05,382.30,,376.00,,,169500,64488525.00,105,F1,1500,,,,,
2026-08-28,2026-08-28,CM,NSE,STK,765220,INE222F01029,VTMLTD,EQ,,,,,V T M LTD.,58.39,58.90,56.55,58.20,58.30,56.47,,58.21,,,86409,4982708.74,313,F1,1,,,,,
2026-08-28,2026-08-28,CM,NSE,STK,15362,INE951I01027,VGUARD,EQ,,,,,V-GUARD IND LTD.,330.05,337.95,330.05,333.25,333.85,331.50,,333.25,,,349373,116867271.00,6430,F1,1,,,,,
2026-08-28,2026-08-28,CM,NSE,STK,24606,INE0QXL01015,VLINFRA,SM,,,,,V.L.INFRAPROJECTS LIMITED,27.70,27.70,27.70,27.70,27.70,27.70,,27.70,,,3000,83100.00,2,F1,1500,,,,,
2026-08-28,2026-08-28,CM,NSE,STK,14766,INE945H01021,V2RETAIL,EQ,,,,,V2 RETAIL LIMITED,223.39,224.00,220.50,221.32,221.00,222.40,,221.31,,,620306,137875820.05,10457,F1,1,,,,,
2026-08-28,2026-08-28,CM,NSE,STK,20188,INE956G01038,WABAG,EQ,,,,,VA TECH WABAG LTD,2133.90,2139.00,2063.00,2086.10,2085.00,2133.90,,2085.68,,,644576,1344376497.50,29893,F1,1,,,,,
2026-08-28,2026-08-28,CM,NSE,STK,764975,INE693D01018,VADILENT,EQ,,,,,VADILAL ENTERPRISES LTD.,9700.00,11754.00,9700.00,10833.00,10750.00,9795.00,,11186.23,,,298,3011935.00,43,F1,1,,,,,
2026-08-28,2026-08-28,CM,NSE,STK,24196,INE694D01016,VADILALIND,EQ,,,,,VADILAL INDUSTRIES LTD,7410.00,8020.00,7385.00,7900.00,7880.00,7444.50,,7900.07,,,43027,335742503.00,11527,F1,1,,,,,
2026-08-28,2026-08-28,CM,NSE,STK,11364,INE884A01027,VAIBHAVGBL,EQ,,,,,VAIBHAV GLOBAL LIMITED,222.20,225.70,220.70,221.55,221.40,222.20,,221.52,,,160964,35811889.45,15362,F1,1,,,,,
2026-08-28,2026-08-28,CM,NSE,STK,8262,INE0JR301013,MADHAVBAUG,ST,,,,,VAIDYA SANE AYUR LAB LTD,170.00,170.00,169.10,169.45,169.10,178.00,,169.45,,,8800,1491900.00,12,F1,400,,,,,
2026-08-28,2026-08-28,CM,NSE,STK,16589,INE972X01022,VAISHALI,EQ,,,,,VAISHALI PHARMA LIMITED,8.33,8.46,8.20,8.31,8.24,8.33,,8.31,,,58628,486885.51,165,F1,1,,,,,
2026-08-28,2026-08-28,CM,NSE,STK,13342,INE051B01021,VAKRANGEE,EQ,,,,,VAKRANGEE LIMITED,5.91,5.99,5.81,5.89,5.90,5.92,,5.89,,,794251,4673805.90,1386,F1,1,,,,,
2026-08-28,2026-08-28,CM,NSE,STK,19220,INE0JWS01017,VALIANTLAB,BE,,,,,VALIANT LABORATORIES LTD,108.75,108.75,99.65,99.65,99.65,104.89,,100.14,,,94454,9572637.66,522,F1,1,,,,,
2026-08-28,2026-08-28,CM,NSE,STK,334,INE565V01010,VALIANTORG,BE,,,,,VALIANT ORGANICS LIMITED,302.00,304.90,295.00,297.40,300.00,300.60,,297.37,,,29593,8874848.85,195,F1,1,,,,,
2026-08-28,2026-08-28,CM,NSE,STK,18124,INE879I01012,DBREALTY,EQ,,,,,VALOR ESTATE LIMITED,107.01,109.50,105.50,107.37,107.50,106.85,,107.37,,,1049285,112965553.36,9676,F1,1,,,,,
2026-08-28,2026-08-28,CM,NSE,STK,763304,INE1E7Y01018,VALUE360,SM,,,,,VALUE 360 COMMUNICATION L,72.20,72.95,72.20,72.95,72.95,72.60,,72.95,,,2400,174180.00,2,F1,1200,,,,,
2026-08-28,2026-08-28,CM,NSE,STK,13403,INE116G01013,VARDHACRLC,BE,,,,,VARDHAMAN ACRYLICS LTD,45.32,45.32,43.90,44.50,44.55,45.32,,44.50,,,19056,844184.91,250,F1,1,,,,,
2026-08-28,2026-08-28,CM,NSE,STK,11892,INE701A01023,VHL,EQ,,,,,VARDHMAN HOLDINGS LIMITED,3342.10,3525.00,3342.10,3506.90,3500.00,3392.30,,3506.90,,,596,2074947.40,172,F1,1,,,,,
2026-08-28,2026-08-28,CM,NSE,STK,3646,INE835A01029,VARDMNPOLY,EQ,,,,,VARDHMAN POLYTEX LTD.,5.92,6.15,5.90,5.98,6.00,6.01,,5.96,,,147794,888758.80,352,F1,1,,,,,
2026-08-28,2026-08-28,CM,NSE,STK,27067,INE050M01012,VSSL,EQ,,,,,VARDHMAN SPC STEEL LTD,357.00,357.00,346.95,348.55,348.30,358.05,,348.63,,,68075,23861668.80,2406,F1,1,,,,,
2026-08-28,2026-08-28,CM,NSE,STK,2073,INE825A01020,VTL,EQ,,,,,VARDHMAN TEXTILES LIMITED,592.00,598.45,587.50,592.75,595.00,594.60,,592.62,,,103519,61393670.45,9165,F1,1,,,,,
2026-08-28,2026-08-28,CM,NSE,STK,3857,INE665L01035,VARROC,EQ,,,,,VARROC ENGINEERING LTD.,811.00,829.50,803.35,821.85,829.00,813.15,,821.77,,,194076,157985319.30,13923,F1,1,,,,,
2026-08-28,2026-08-28,CM,NSE,STK,18921,INE200M01039,VBL,EQ,,,,,VARUN BEVERAGES LIMITED,418.65,420.90,412.20,414.00,414.00,418.75,,414.00,,,7918746,3290015171.25,55490,F1,1,,,,,
2026-08-28,2026-08-28,CM,NSE,STK,13771,INE273D01027,VGL,EQ,,,,,VARVEE GLOBAL LIMITED,57.00,58.99,56.15,58.22,58.40,56.85,,58.22,,,9637,560129.78,173,F1,1,,,,,
2026-08-28,2026-08-28,CM,NSE,STK,16454,INE0N5801013,DENTALKART,SM,,,,,VASA DENTICITY LIMITED,403.00,410.15,403.00,408.75,405.30,409.70,,408.75,,,7500,3045875.00,21,F1,250,,,,,
2026-08-28,2026-08-28,CM,NSE,STK,18110,INE893I01013,VASCONEQ,EQ,,,,,VASCON ENGINEERS LTD,30.88,31.25,30.81,30.98,31.00,30.78,,30.98,,,213371,6618004.15,820,F1,1,,,,,
2026-08-28,2026-08-28,CM,NSE,STK,25340,INE590L01019,VASWANI,EQ,,,,,VASWANI IND LTD,48.42,49.50,48.42,48.98,49.38,48.42,,48.98,,,5704,279188.38,61,F1,1,,,,,
2026-08-28,2026-08-28,CM,NSE,STK,9027,INE098201036,VCL,BE,,,,,VAXTEX COTFAB LIMITED,2.02,2.02,2.02,2.02,2.02,2.12,,2.02,,,351429,709886.58,193,F1,1,,,,,
2026-08-28,2026-08-28,CM,NSE,STK,759281,INE04HY07344,12VCCL28,N0,,,,,VCCL 12% 2028,98500.00,98500.00,98500.00,98500.00,98500.00,100100.00,,98500.00,,,1,98500.00,1,F1,1,,,,,
2026-08-28,2026-08-28,CM,NSE,STK,760558,INE04HY08011,125VCCL31,N0,,,,,VCCL 12.5% 2031,97800.00,97800.00,97590.00,97599.00,97599.00,96500.00,,97599.00,,,3,292989.00,3,F1,1,,,,,
2026-08-28,2026-08-28,CM,NSE,STK,25054,INE0U2M01015,VDEAL,SM,,,,,VDEAL SYSTEM LIMITED,160.85,161.00,160.00,160.50,161.00,161.00,,160.50,,,6600,1059420.00,10,F1,600,,,,,
2026-08-28,2026-08-28,CM,NSE,STK,8167,INE825V01034,MANYAVAR,EQ,,,,,VEDANT FASHIONS LIMITED,544.00,550.50,537.00,547.80,546.70,544.55,,547.80,,,255004,139158704.20,19655,F1,1,,,,,
2026-08-28,2026-08-28,CM,NSE,STK,750174,INE1CDF01017,VAML,EQ,,,,,VEDANTA ALUMINIUM METAL L,455.90,460.70,452.40,456.15,456.50,454.45,,456.15,,,6349673,2895985162.05,98651,F1,1,,,,,
2026-08-28,2026-08-28,CM,NSE,STK,750290,INE1CLE01013,VISL,EQ,,,,,VEDANTA IRON AND STEEL L,38.70,39.59,38.40,38.59,38.60,38.85,,38.59,,,20299879,788647162.74,41697,F1,1,,,,,
2026-08-28,2026-08-28,CM,NSE,STK,3063,INE205A01025,VEDL,EQ,,,,,VEDANTA LIMITED,283.70,289.50,282.40,287.95,287.95,281.00,,287.92,,,19438996,5580101265.65,107450,F1,1,,,,,
2026-08-28,2026-08-28,CM,NSE,STK,750368,INE704J01044,VOGL,EQ,,,,,VEDANTA OIL AND GAS LTD,41.90,42.70,40.12,40.32,40.39,41.98,,40.32,,,50083778,2058628253.70,84956,F1,1,,,,,
2026-08-28,2026-08-28,CM,NSE,STK,750518,INE694L01019,VEDPOWER,EQ,,,,,VEDANTA POWER LIMITED,37.65,37.75,36.51,36.64,36.75,37.50,,36.64,,,13250516,488389723.13,41648,F1,1,,,,,
2026-08-28,2026-08-28,CM,NSE,STK,764980,INE359B01010,VEDAVAAG,EQ,,,,,VEDAVAAG SYSTEMS LTD.,18.90,18.90,18.00,18.33,18.40,18.36,,18.35,,,18350,337622.70,119,F1,1,,,,,
2026-08-28,2026-08-28,CM,NSE,STK,14019,INE484C01030,VEEDOL,EQ,,,,,VEEDOL CORPORATION LTD,1499.80,1506.00,1487.70,1496.10,1491.70,1491.50,,1495.55,,,4534,6791299.10,1022,F1,1,,,,,
2026-08-28,2026-08-28,CM,NSE,STK,10710,INE0KTW01013,VEEKAYEM,SM,,,,,VEEKAYEM FASH & APP LTD,103.00,103.00,103.00,103.00,103.00,98.40,,103.00,,,500,51500.00,1,F1,500,,,,,
2026-08-28,2026-08-28,CM,NSE,STK,762969,INE232E01013,VELJAN,BE,,,,,VELJAN DENISON LTD.,1801.00,1839.90,1800.00,1808.80,1801.00,1811.00,,1806.63,,,189,341733.10,21,F1,1,,,,,
2026-08-28,2026-08-28,CM,NSE,STK,3757,INE398A01010,VENKEYS,EQ,,,,,VENKY S (INDIA) LIMITED,1583.00,1587.30,1565.00,1571.90,1571.00,1575.60,,1571.96,,,14290,22511155.70,1655,F1,1,,,,,
2026-08-28,2026-08-28,CM,NSE,STK,28847,INE781S01027,VENTIVE,EQ,,,,,VENTIVE HOSPITALITY LTD,582.60,590.00,581.55,587.10,587.70,583.50,,587.10,,,8952,5252328.80,801,F1,1,,,,,
2026-08-28,2026-08-28,CM,NSE,STK,9592,INE0JA001018,VENUSPIPES,EQ,,,,,VENUS PIPES & TUBES LTD,1655.00,1668.80,1620.00,1634.30,1637.00,1653.80,,1634.41,,,65204,106999211.30,6852,F1,1,,,,,
2026-08-28,2026-08-28,CM,NSE,STK,13856,INE411B01019,VENUSREM,BE,,,,,VENUS REMEDIES LIMITED,1610.00,1644.00,1551.10,1626.70,1631.90,1598.10,,1626.67,,,25080,40259096.10,1369,F1,1,,,,,
2026-08-28,2026-08-28,CM,NSE,STK,8890,INE0IQ001011,VERANDA,EQ,,,,,VERANDA LEARNING SOL LTD,242.50,244.00,238.60,240.65,239.95,243.55,,240.64,,,182964,44100527.00,2655,F1,1,,,,,
2026-08-28,2026-08-28,CM,NSE,STK,23775,INE0SRI01019,VERITAAS,SM,,,,,VERITAAS ADVERTISING LTD,28.60,31.45,28.60,31.45,31.45,30.10,,31.45,,,3600,106380.00,3,F1,1200,,,,,
2026-08-28,2026-08-28,CM,NSE,STK,14491,INE0NLB01018,VERTEXPLUS,SM,,,,,VERTEXPLUS TECHNOLOGIES L,49.00,51.45,49.00,51.45,51.45,49.00,,51.45,,,15000,769920.00,4,F1,600,,,,,
2026-08-28,2026-08-28,CM,NSE,STK,10757,INE0KXY23015,VERTIS,IV,,,,,VERTIS INFRASTRUCTURE TST,115.75,115.75,115.75,115.75,115.75,116.00,,115.75,,,2125000,245968750.00,6,F1,25000,,,,,
2026-08-28,2026-08-28,CM,NSE,STK,18865,INE188Y01031,VERTOZ,BE,,,,,VERTOZ LIMITED,40.00,40.90,39.01,39.30,39.60,39.99,,39.30,,,30613,1218470.57,211,F1,1,,,,,
2026-08-28,2026-08-28,CM,NSE,STK,3676,INE386A01023,VESUVIUS,EQ,,,,,VESUVIUS INDIA LTD,424.10,428.20,418.30,421.55,422.00,422.40,,421.56,,,106746,45013050.15,4463,F1,1,,,,,
2026-08-28,2026-08-28,CM,NSE,STK,8660,INE918N01018,VETO,BE,,,,,VETO SWITCHGEAR CABLE LTD,128.88,128.88,125.10,126.08,126.01,128.00,,126.12,,,23879,3021014.67,187,F1,1,,,,,
2026-08-28,2026-08-28,CM,NSE,STK,14316,INE0MO401019,VIAZ,SM,,,,,VIAZ TYRES LIMITED,70.00,70.00,70.00,70.00,70.00,68.00,,70.00,,,2000,140000.00,1,F1,2000,,,,,
2026-08-28,2026-08-28,CM,NSE,STK,22730,INE0QTF01015,VSTL,EQ,,,,,VIBHOR STEEL TUBES LTD,113.80,113.80,109.05,110.82,111.17,112.63,,110.76,,,9476,1052443.36,265,F1,1,,,,,
2026-08-28,2026-08-28,CM,NSE,STK,765252,INE761Q01015,VGCL,EQ,,,,,VIBRANT GLOBAL CAPITAL L,61.00,62.01,56.57,57.75,56.71,59.38,,57.65,,,27178,1609167.92,123,F1,1,,,,,
2026-08-28,2026-08-28,CM,NSE,STK,23386,INE048C01025,VHLTD,BE,,,,,VICEROY HOTELS LIMITED,117.90,118.50,115.50,117.95,118.50,117.99,,117.94,,,38962,4551055.89,156,F1,1,,,,,
2026-08-28,2026-08-28,CM,NSE,STK,760694,INE0F8901022,VICTORYEV,ST,,,,,VICTORY ELEC VEHICL INT L,16.00,16.00,16.00,16.00,16.00,16.00,,16.00,,,15000,240000.00,4,F1,3000,,,,,
2026-08-28,2026-08-28,CM,NSE,STK,13536,INE632C01026,VIDHIING,EQ,,,,,VIDHI SPCLTY F INGRDNTS L,352.65,360.00,347.90,355.70,355.00,350.10,,355.70,,,75581,26879329.60,2744,F1,1,,,,,
2026-08-28,2026-08-28,CM,NSE,STK,760224,INE14UN01029,VIDYAWIRES,EQ,,,,,VIDYA WIRES LIMITED,86.45,90.09,86.37,90.07,90.06,85.80,,90.07,,,2554647,228829817.77,10902,F1,1,,,,,
2026-08-28,2026-08-28,CM,NSE,STK,758908,INE1DM601016,VIGOR,ST,,,,,VIGOR PLAST INDIA LIMITED,100.15,100.70,100.15,100.70,100.70,103.00,,100.70,,,6400,642000.00,4,F1,1600,,,,,
2026-08-28,2026-08-28,CM,NSE,STK,764985,INE362D01010,VIJSOLX,EQ,,,,,VIJAY SOLVEX LTD.,699.00,699.00,686.25,690.00,690.00,696.00,,690.00,,,255,175751.40,18,F1,1,,,,,
2026-08-28,2026-08-28,CM,NSE,STK,5585,INE043W01024,VIJAYA,EQ,,,,,VIJAYA DIAGNOSTIC CEN LTD,1472.40,1479.90,1440.00,1452.50,1451.00,1472.40,,1452.47,,,123663,179914601.30,16581,F1,1,,,,,
2026-08-28,2026-08-28,CM,NSE,STK,760121,INE0WL901019,VIJAYPD,SM,,,,,VIJAYPD CEUTICAL LIMITED,69.00,76.05,69.00,72.75,72.50,69.95,,72.75,,,86000,6250700.00,39,F1,2000,,,,,
2026-08-28,2026-08-28,CM,NSE,STK,17695,INE159N01027,VIJIFIN,BE,,,,,VIJI FINANCE LIMITED,15.04,15.04,15.04,15.04,15.04,14.75,,15.15,,,96240,1447449.60,47,F1,1,,,,,
2026-08-28,2026-08-28,CM,NSE,STK,25756,INE806A01020,VIKASECO,EQ,,,,,VIKAS ECOTECH LIMITED,1.15,1.16,1.13,1.14,1.15,1.14,,1.14,,,1874986,2158045.05,1291,F1,1,,,,,
2026-08-28,2026-08-28,CM,NSE,STK,9931,INE161L01027,VIKASLIFE,EQ,,,,,VIKAS LIFECARE LIMITED,1.36,1.38,1.33,1.35,1.36,1.36,,1.35,,,2479223,3355813.96,9597,F1,1,,,,,
2026-08-28,2026-08-28,CM,NSE,STK,759453,INE078V01014,VIKRAMSOLR,EQ,,,,,VIKRAM SOLAR LIMITED,172.89,174.49,171.10,172.71,173.00,172.01,,172.71,,,1282945,221644849.62,12861,F1,1,,,,,
2026-08-28,2026-08-28,CM,NSE,STK,758973,INE01R501028,VIKRAN,EQ,,,,,VIKRAN ENGINEERING LTD,59.52,60.21,59.00,59.39,59.50,59.47,,59.39,,,921337,54730984.64,5394,F1,1,,,,,
2026-08-28,2026-08-28,CM,NSE,STK,23909,INE0AZY01017,VILAS,SM,,,,,VILAS TRANSCORE LIMITED,361.90,365.50,358.10,360.95,359.00,354.65,,360.95,,,6500,2355912.50,23,F1,250,,,,,
2026-08-28,2026-08-28,CM,NSE,STK,16954,INE0L4V01013,VILINBIO,SM,,,,,VILIN BIO MED LIMITED,44.45,44.70,44.45,44.70,44.70,42.60,,44.70,,,40000,1784200.00,10,F1,4000,,,,,
2026-08-28,2026-08-28,CM,NSE,STK,13101,INE579C01029,VIMTALABS,EQ,,,,,VIMTA LABS LIMITED,617.80,620.70,612.00,617.70,615.15,615.00,,617.69,,,67057,41393026.30,3643,F1,1,,,,,
2026-08-28,2026-08-28,CM,NSE,STK,17364,INE410B01037,VINATIORGA,EQ,,,,,VINATI ORGANICS LTD,1325.00,1332.80,1322.00,1325.20,1325.20,1318.40,,1325.19,,,19076,25293419.80,1645,F1,1,,,,,
2026-08-28,2026-08-28,CM,NSE,STK,3694,INE707A01012,VINDHYATEL,EQ,,,,,VINDHYA TELELINKS LTD,2530.00,2595.00,2525.00,2585.50,2591.00,2530.50,,2585.70,,,51176,131359717.60,6188,F1,1,,,,,
2026-08-28,2026-08-28,CM,NSE,STK,3807,INE505Y01010,VINEETLAB,EQ,,,,,VINEET LABORATORIES LTD,40.00,40.00,38.13,38.68,39.25,39.01,,38.67,,,41952,1621187.95,590,F1,1,,,,,
2026-08-28,2026-08-28,CM,NSE,STK,763821,INE27V201011,VMOBILE,SM,,,,,VINIT MOBILE LIMITED,62.25,64.90,62.25,64.90,64.90,62.25,,64.90,,,1600,101720.00,2,F1,800,,,,,
2026-08-28,2026-08-28,CM,NSE,STK,12490,INE01KI01027,VINNY,EQ,,,,,VINNY OVERSEAS LIMITED,1.05,1.06,1.04,1.05,1.05,1.04,,1.05,,,210648,221911.45,109,F1,1,,,,,
2026-08-28,2026-08-28,CM,NSE,STK,17905,INE0OSJ01014,VINSYS,ST,,,,,VINSYS IT SERVICES IND LT,610.00,610.00,604.00,604.00,604.00,607.00,,604.00,,,3250,1975775.00,11,F1,250,,,,,
2026-08-28,2026-08-28,CM,NSE,STK,25835,INE498Q01014,VINCOFE,EQ,,,,,VINTAGE COFFEE N BVRGS L,175.00,181.66,174.11,177.97,176.53,174.65,,177.96,,,4029164,719020322.36,37036,F1,1,,,,,
2026-08-28,2026-08-28,CM,NSE,STK,19206,INE0OLS01010,VINYAS,SM,,,,,VINYAS INNOVATIVE TECH L,1549.00,1630.00,1521.10,1573.80,1572.00,1556.80,,1573.80,,,8800,13965295.00,81,F1,100,,,,,
2026-08-28,2026-08-28,CM,NSE,STK,16821,INE250B01029,VINYLINDIA,EQ,,,,,VINYL CHEMICALS (I) LTD.,238.00,238.00,232.82,234.25,234.70,234.75,,234.28,,,4451,1043700.68,265,F1,1,,,,,
2026-08-28,2026-08-28,CM,NSE,STK,14843,INE450G01024,VIPCLOTHNG,EQ,,,,,VIP CLOTHING LIMITED,20.02,20.77,20.02,20.37,20.42,20.38,,20.37,,,29428,599736.70,167,F1,1,,,,,
2026-08-28,2026-08-28,CM,NSE,STK,3703,INE054A01027,VIPIND,EQ,,,,,VIP INDUSTRIES LTD,302.40,309.30,299.85,305.80,306.00,304.30,,305.80,,,365257,111283866.45,6893,F1,1,,,,,
2026-08-28,2026-08-28,CM,NSE,STK,8437,INE946H01037,VIPULLTD,BE,,,,,VIPUL LIMITED,15.44,15.44,15.44,15.44,15.44,15.75,,15.45,,,2453,37874.32,20,F1,1,,,,,
2026-08-28,2026-08-28,CM,NSE,STK,764990,INE467D01017,VIRAT,EQ,,,,,VIRAT INDUSTRIES LTD.,440.25,474.70,435.95,466.05,467.00,442.05,,464.68,,,11161,5082223.60,269,F1,1,,,,,
2026-08-28,2026-08-28,CM,NSE,STK,15295,INE539B01017,VIRINCHI,EQ,,,,,VIRINCHI LIMITED,15.50,15.50,14.85,14.98,15.05,15.10,,14.98,,,66728,1005335.32,254,F1,1,,,,,
2026-08-28,2026-08-28,CM,NSE,STK,757060,INE0VRH01015,VGINFOTECH,SM,,,,,VIRTUAL GALAXY INFOTECH L,148.00,149.00,146.25,148.50,149.00,147.70,,148.50,,,12000,1770250.00,12,F1,1000,,,,,
2026-08-28,2026-08-28,CM,NSE,STK,765215,INE247C01023,VIRTUALG,EQ,,,,,VIRTUAL GLOBAL EDU LTD,0.53,0.54,0.51,0.53,0.54,0.51,,0.53,,,558395,294812.05,283,F1,1,,,,,
2026-08-28,2026-08-28,CM,NSE,STK,761916,INE0I0T01010,VOEPL,EQ,,,,,VIRTUOSO OPTOELECTRONIC L,570.00,591.60,556.60,570.65,580.00,572.70,,570.65,,,181264,103442842.60,6155,F1,1,,,,,
2026-08-28,2026-08-28,CM,NSE,STK,13295,INE286H01012,VISACHROME,EQ,,,,,VISA CHROME LIMITED,38.00,39.07,37.84,39.07,39.07,37.21,,39.07,,,159657,6189462.17,208,F1,1,,,,,
2026-08-28,2026-08-28,CM,NSE,STK,29877,INE370E01029,VIVIDHA,EQ,,,,,VISAGAR POLYTEX LTD,0.52,0.53,0.51,0.52,0.52,0.52,,0.52,,,118614,62051.17,136,F1,1,,,,,
2026-08-28,2026-08-28,CM,NSE,STK,4221,INE392A01021,VISAKAIND,EQ,,,,,VISAKA INDUSTRIES LIMITED,91.02,93.50,89.00,89.65,89.11,91.02,,89.65,,,221890,20023792.48,3263,F1,1,,,,,
2026-08-28,2026-08-28,CM,NSE,STK,24274,INE0BHK01012,VISAMAN,SM,,,,,VISAMAN GLOBAL SALES LTD,79.20,79.20,79.20,79.20,79.20,83.35,,79.20,,,1000,79200.00,1,F1,1000,,,,,
2026-08-28,2026-08-28,CM,NSE,STK,18708,INE0OWX01025,VISDEM,SM,,,,,VISDEM TECHNOSYS LIMITED,82.00,90.60,82.00,88.55,90.60,82.00,,88.55,,,13200,1148880.00,10,F1,1200,,,,,
2026-08-28,2026-08-28,CM,NSE,STK,11773,INE755Q01025,VISHAL,EQ,,,,,VISHAL FABRICS LTD.,19.30,19.30,18.50,18.70,18.80,18.70,,18.70,,,11364,212588.79,121,F1,1,,,,,
2026-08-28,2026-08-28,CM,NSE,STK,27969,INE01EA01019,VMM,EQ,,,,,VISHAL MEGA MART LIMITED,108.50,108.50,107.00,107.00,107.00,108.00,,107.00,,,5132761,551768853.02,32508,F1,1,,,,,
2026-08-28,2026-08-28,CM,NSE,STK,6908,INE270I01022,VISHNU,EQ,,,,,VISHNU CHEMICALS LIMITED,647.00,656.35,643.60,652.20,648.00,647.85,,652.16,,,77007,50154278.40,3048,F1,1,,,,,
2026-08-28,2026-08-28,CM,NSE,STK,18341,INE0AE001013,VPRPL,EQ,,,,,VISHNU PRAKASH R PUNGLI L,33.16,33.42,31.80,32.16,32.27,32.99,,32.17,,,350253,11388987.71,2035,F1,1,,,,,
2026-08-28,2026-08-28,CM,NSE,STK,19300,INE0PQ001012,VISHNUINFR,SM,,,,,VISHNUSURYA PROJ N INFR L,156.70,158.80,154.00,154.90,154.95,161.35,,154.90,,,16500,2560625.00,29,F1,500,,,,,
2026-08-28,2026-08-28,CM,NSE,STK,13702,INE430N01022,VISHWARAJ,EQ,,,,,VISHWARAJ SUGAR IND LTD,5.86,6.24,5.86,6.04,6.09,5.92,,6.04,,,565540,3452940.81,1032,F1,1,,,,,
2026-08-28,2026-08-28,CM,NSE,STK,23373,INE0S2E01016,VISHWAS,ST,,,,,VISHWAS AGRI SEEDS LTD,42.95,42.95,40.20,42.95,42.95,40.95,,42.95,,,6400,266080.00,4,F1,1600,,,,,
2026-08-28,2026-08-28,CM,NSE,STK,25231,INE0TR001017,VIESL,SM,,,,,VISION INFRA EQUIP SOL L,338.00,355.10,333.50,351.45,351.90,330.75,,351.45,,,57600,20076800.00,51,F1,800,,,,,
2026-08-28,2026-08-28,CM,NSE,STK,761150,INE0L4K01016,VITAL,BE,,,,,VITAL CHEMTECH LIMITED,54.90,55.99,53.00,55.48,55.50,54.95,,55.48,,,3152,173503.12,17,F1,1,,,,,
2026-08-28,2026-08-28,CM,NSE,STK,763637,INE0MEG01014,VIVIANA,BE,,,,,VIVIANA POWER TECH LTD,744.80,744.80,716.05,728.40,720.20,729.30,,728.40,,,9344,6809220.55,292,F1,1,,,,,
2026-08-28,2026-08-28,CM,NSE,STK,761768,INE24H301028,VIVIDEL,SM,,,,,VIVID ELECTROMECH LIMITED,1529.95,1583.00,1484.00,1503.70,1490.00,1533.20,,1503.70,,,17760,26980404.00,70,F1,240,,,,,
2026-08-28,2026-08-28,CM,NSE,STK,11968,INE526G01021,VIVIMEDLAB,BE,,,,,VIVIMED LABS LIMITED,7.07,7.07,7.07,7.07,7.07,6.94,,7.07,,,65297,461649.79,69,F1,1,,,,,
2026-08-28,2026-08-28,CM,NSE,STK,764995,INE380K01017,VIVOBIOT,EQ,,,,,VIVO BIO TECH LTD.,18.98,18.98,17.65,18.11,18.65,18.80,,18.14,,,13463,246904.99,107,F1,1,,,,,
2026-08-28,2026-08-28,CM,NSE,STK,14296,INE807F01027,VIYASH,EQ,,,,,VIYASH SCIENTIFIC LIMITED,260.00,268.00,256.95,267.40,267.25,259.50,,267.39,,,7083862,1866778450.90,46725,F1,1,,,,,
2026-08-28,2026-08-28,CM,NSE,STK,18021,INE03HW01020,VLEGOV,BE,,,,,VL E GOV AND IT SOL LTD,11.20,11.23,10.75,10.80,10.75,11.31,,10.80,,,144442,1566119.71,403,F1,1,,,,,
2026-08-28,2026-08-28,CM,NSE,STK,3715,INE709A01018,VLSFINANCE,EQ,,,,,VLS FINANCE LTD,251.90,251.90,242.40,243.75,243.80,246.25,,243.75,,,6675,1631241.50,229,F1,1,,,,,
2026-08-28,2026-08-28,CM,NSE,STK,29284,INE665J01013,VMART,EQ,,,,,VMART RETAIL LTD,835.95,841.00,805.20,819.65,819.00,836.05,,819.68,,,188815,154569533.65,17054,F1,1,,,,,
2026-08-28,2026-08-28,CM,NSE,STK,759152,INE0SJA01013,VMSTMT,EQ,,,,,VMS TMT LIMITED,46.50,46.80,45.92,46.05,46.10,46.26,,46.05,,,20154,933197.66,258,F1,1,,,,,
2026-08-28,2026-08-28,CM,NSE,STK,14366,INE669E01016,IDEA,EQ,,,,,VODAFONE IDEA LIMITED,15.03,15.10,14.60,14.68,14.68,14.97,,14.68,,,375500261,5543174651.32,383204,F1,1,,,,,
2026-08-28,2026-08-28,CM,NSE,STK,765000,INE285C01015,VOITHPAPR,EQ,,,,,VOITH PAPER FABRICS IND L,1459.80,1459.80,1450.00,1451.70,1450.00,1459.80,,1451.70,,,150,217829.20,10,F1,1,,,,,
2026-08-28,2026-08-28,CM,NSE,STK,29658,INE241X01014,VOLERCAR,SM,,,,,VOLER CAR LIMITED,234.00,234.00,234.00,234.00,234.00,226.45,,234.00,,,800,187200.00,1,F1,800,,,,,
2026-08-28,2026-08-28,CM,NSE,STK,13577,INE540H01012,VOLTAMP,EQ,,,,,VOLTAMP TRANSFORMERS LTD,11218.00,11338.00,11000.00,11038.50,11073.00,11228.50,,11038.42,,,19236,214568828.00,8259,F1,1,,,,,
2026-08-28,2026-08-28,CM,NSE,STK,3718,INE226A01021,VOLTAS,EQ,,,,,VOLTAS LTD,1225.00,1225.00,1195.00,1200.00,1200.00,1217.50,,1200.00,,,761300,915897421.00,25670,F1,1,,,,,
2026-08-28,2026-08-28,CM,NSE,STK,24321,INE0S2V01010,VRAJ,EQ,,,,,VRAJ IRON AND STEEL LTD,127.19,129.49,125.13,125.47,126.00,127.19,,125.47,,,17793,2264128.53,600,F1,1,,,,,
2026-08-28,2026-08-28,CM,NSE,STK,8696,INE366I01010,VRLLOG,EQ,,,,,VRL LOGISTICS LIMITED,295.00,299.90,292.55,295.95,297.00,293.90,,295.94,,,268516,79598515.10,12459,F1,1,,,,,
2026-08-28,2026-08-28,CM,NSE,STK,3724,INE710A01016,VSTIND,EQ,,,,,VST INDUSTRIES LTD,212.40,212.40,209.50,210.45,210.60,211.23,,210.48,,,82104,17274294.49,2523,F1,1,,,,,
2026-08-28,2026-08-28,CM,NSE,STK,24292,INE764D01017,VSTTILLERS,EQ,,,,,VST TILLERS TRACTORS LTD,4455.00,4460.40,4365.10,4381.60,4390.00,4375.00,,4381.61,,,6151,26994534.90,751,F1,1,,,,,
2026-08-28,2026-08-28,CM,NSE,STK,762978,INE765D01022,WPIL,EQ,,,,,W P I L LTD.,448.60,454.95,441.25,447.75,447.10,448.65,,447.73,,,19718,8847857.80,1145,F1,1,,,,,
2026-08-28,2026-08-28,CM,NSE,STK,14828,INE100D01014,WSI,EQ,,,,,W.S.INDUSTRIES (I) LTD.,61.16,62.99,59.27,61.86,62.40,60.20,,61.86,,,117829,7224039.95,3436,F1,1,,,,,
2026-08-28,2026-08-28,CM,NSE,STK,25907,INE377N01017,WAAREEENER,EQ,,,,,WAAREE ENERGIES LIMITED,2623.90,2650.00,2593.20,2640.00,2640.00,2624.00,,2639.99,,,488508,1282006472.90,31371,F1,1,,,,,
2026-08-28,2026-08-28,CM,NSE,STK,756038,INE299N01021,WAAREERTL,EQ,,,,,WAAREE RENEWABLE TECH LTD,874.80,884.70,870.05,878.70,880.00,874.95,,878.71,,,171468,150493989.40,10783,F1,1,,,,,
2026-08-28,2026-08-28,CM,NSE,STK,760259,INE0E7301029,WAKEFIT,EQ,,,,,WAKEFIT INNOVATIONS LTD,146.50,151.88,144.05,144.71,144.60,147.72,,144.71,,,1135910,169269251.82,10597,F1,1,,,,,
2026-08-28,2026-08-28,CM,NSE,STK,3736,INE711A01022,WALCHANNAG,EQ,,,,,WALCHANDNAGAR INDUSTRIES,222.99,224.39,220.62,221.09,220.72,222.26,,221.08,,,388344,86133882.08,4368,F1,1,,,,,
2026-08-28,2026-08-28,CM,NSE,STK,5013,INE0G2G01015,WALPAR,SM,,,,,WALPAR NUTRITIONS LIMITED,27.05,27.05,27.05,27.05,27.05,28.45,,27.05,,,6000,162300.00,3,F1,2000,,,,,
2026-08-28,2026-08-28,CM,NSE,STK,14063,INE107F01022,WANBURY,EQ,,,,,WANBURY LIMITED,255.50,262.00,255.00,257.50,260.00,254.65,,257.49,,,88873,22967590.95,2138,F1,1,,,,,
2026-08-28,2026-08-28,CM,NSE,STK,765225,INE945P01024,WARDINMOBI,EQ,,,,,WARDWIZARD INNO & MOB L,5.99,6.99,5.75,5.87,5.87,5.89,,5.87,,,399468,2347053.37,1045,F1,1,,,,,
2026-08-28,2026-08-28,CM,NSE,STK,3745,INE054C01015,WATERBASE,EQ,,,,,WATERBASE LTD.,48.76,50.99,47.62,49.89,50.98,48.76,,49.91,,,33531,1654579.05,327,F1,1,,,,,
2026-08-28,2026-08-28,CM,NSE,STK,762163,INE0LZF01039,CORDELIA,EQ,,,,,WATERWAYS LEISURE TOUR L,105.00,106.95,100.15,105.05,103.75,105.00,,105.04,,,4082279,419219062.15,13138,F1,1,,,,,
2026-08-28,2026-08-28,CM,NSE,STK,759215,INE0A3007065,1075WCA28,N0,,,,,WCAPL 10.75% 2028,9816.01,9816.19,9816.01,9816.19,9816.19,9481.52,,9816.19,,,33,323933.81,3,F1,1,,,,,
2026-08-28,2026-08-28,CM,NSE,STK,9862,INE082W01014,WEWIN,EQ,,,,,WE WIN LIMITED,46.00,47.48,45.70,46.81,46.81,46.21,,46.81,,,2307,106604.93,15,F1,1,,,,,
2026-08-28,2026-08-28,CM,NSE,STK,760482,INF2F0001370,TWCGOLDETF,EQ,,,,,WEALTH - TWCGOLDETF,156.60,158.25,155.15,157.60,157.17,156.60,,157.60,,,6880,1078832.48,137,F1,1,,,,,
2026-08-28,2026-08-28,CM,NSE,STK,1923,INE658T01017,WEALTH,EQ,,,,,WEALTH FRST PORT. MG. LTD,860.00,864.85,844.15,848.30,844.15,864.15,,848.51,,,1274,1083086.85,147,F1,1,,,,,
2026-08-28,2026-08-28,CM,NSE,STK,14602,INE855C01023,WEBELSOLAR,EQ,,,,,WEBSOL ENERGY SYSTEM LTD,77.30,78.49,76.95,77.84,77.90,77.29,,77.84,,,1471654,114430846.74,12361,F1,1,,,,,
2026-08-28,2026-08-28,CM,NSE,STK,3748,INE080A01014,WEIZMANIND,EQ,,,,,WEIZMANN LTD,76.00,76.99,74.00,74.09,74.00,75.60,,74.09,,,1916,143129.57,73,F1,1,,,,,
2026-08-28,2026-08-28,CM,NSE,STK,11821,INE191B01025,WELCORP,EQ,,,,,WELSPUN CORP LIMITED,2430.00,2443.90,2351.00,2373.80,2365.00,2405.80,,2373.82,,,1342665,3199245140.40,58727,F1,1,,,,,
2026-08-28,2026-08-28,CM,NSE,STK,11626,INE625G01013,WELENT,EQ,,,,,WELSPUN ENTERPRISES LTD.,677.00,685.75,661.60,670.30,673.70,676.60,,670.32,,,398894,267467145.65,11743,F1,1,,,,,
2026-08-28,2026-08-28,CM,NSE,STK,19804,INE389K01018,WELINV,BE,,,,,WELSPUN INV & COMM LTD,2248.00,2259.20,2248.00,2259.20,2259.20,2293.80,,2022.00,,,182,409158.40,11,F1,1,,,,,
2026-08-28,2026-08-28,CM,NSE,STK,11253,INE192B01031,WELSPUNLIV,EQ,,,,,WELSPUN LIVING LIMITED,192.29,195.35,188.99,190.46,189.55,192.29,,190.43,,,3068541,587475383.76,29483,F1,1,,,,,
2026-08-28,2026-08-28,CM,NSE,STK,762971,INE731F01037,WELSPLSOL,EQ,,,,,WELSPUN SPECIALTY SOL L,54.05,55.00,53.00,53.29,53.21,54.03,,53.30,,,370412,19985216.48,2637,F1,1,,,,,
2026-08-28,2026-08-28,CM,NSE,STK,4235,INE274C01019,WENDT,EQ,,,,,WENDT (INDIA) LIMITED,8446.50,8446.50,8191.00,8243.50,8230.00,8376.00,,8243.81,,,7022,58335538.00,1785,F1,1,,,,,
2026-08-28,2026-08-28,CM,NSE,STK,3799,INE976A01021,WSTCSTPAPR,EQ,,,,,WEST COAST PAPER MILLS LT,611.70,617.90,605.00,612.50,611.70,606.85,,612.31,,,163884,100280807.10,8940,F1,1,,,,,
2026-08-28,2026-08-28,CM,NSE,STK,25403,INE0CJF01024,WCIL,EQ,,,,,WESTERN CARRIERS (IND) L,87.30,87.49,84.92,85.74,86.25,87.12,,85.74,,,73305,6298370.80,1048,F1,1,,,,,
2026-08-28,2026-08-28,CM,NSE,STK,11580,INE274F01020,WESTLIFE,EQ,,,,,WESTLIFE FOODWORLD LTD,567.80,569.70,552.95,555.75,555.85,563.25,,555.75,,,47269,26391314.60,3532,F1,1,,,,,
2026-08-28,2026-08-28,CM,NSE,STK,759434,INE085001019,WEWORK,EQ,,,,,WEWORK INDIA MANAGEMENT L,676.95,694.25,667.80,691.60,690.00,675.35,,691.60,,,203332,137912280.10,17506,F1,1,,,,,
2026-08-28,2026-08-28,CM,NSE,STK,3766,INE715A01015,WHEELS,EQ,,,,,WHEELS INDIA LTD,1527.00,1613.70,1506.60,1547.70,1546.00,1516.30,,1547.59,,,316555,497484178.80,22335,F1,1,,,,,
2026-08-28,2026-08-28,CM,NSE,STK,18011,INE716A01013,WHIRLPOOL,EQ,,,,,WHIRLPOOL OF INDIA LTD,835.00,835.00,806.10,813.25,814.80,841.15,,813.24,,,893000,728829534.90,27663,F1,1,,,,,
2026-08-28,2026-08-28,CM,NSE,STK,3772,INE210A01017,WILLAMAGOR,EQ,,,,,WILLIAMSON MAGOR,24.58,26.00,23.62,24.00,23.75,24.10,,24.00,,,2961,71383.45,25,F1,1,,,,,
2026-08-28,2026-08-28,CM,NSE,STK,5366,INE0H5O01029,WINDLAS,EQ,,,,,WINDLAS BIOTECH LIMITED,990.35,1004.90,978.05,998.55,997.00,987.15,,998.61,,,33748,33471729.60,2827,F1,1,,,,,
2026-08-28,2026-08-28,CM,NSE,STK,24969,INE052A01021,WINDMACHIN,EQ,,,,,WINDSOR MACHINES LIMITED,304.55,308.90,300.00,301.90,301.15,303.95,,301.90,,,42122,12743069.60,1520,F1,1,,,,,
2026-08-28,2026-08-28,CM,NSE,STK,23714,INE0S3D01016,WINSOL,SM,,,,,WINSOL ENGINEERS LIMITED,125.00,125.00,114.00,117.90,120.00,114.50,,117.90,,,10000,1165240.00,20,F1,400,,,,,
2026-08-28,2026-08-28,CM,NSE,STK,3787,INE075A01022,WIPRO,EQ,,,,,WIPRO LTD,178.25,181.85,178.25,180.95,180.95,176.40,,180.92,,,14686269,2647612449.73,78138,F1,1,,,,,
2026-08-28,2026-08-28,CM,NSE,STK,22725,INE623Y01011,WTICAB,SM,,,,,WISE TRAVEL INDIA LIMITED,103.00,107.90,102.80,107.40,107.90,102.80,,107.40,,,7500,781800.00,13,F1,500,,,,,
2026-08-28,2026-08-28,CM,NSE,STK,7506,INE049B01025,WOCKPHARMA,EQ,,,,,WOCKHARDT LIMITED,1976.10,2045.00,1963.10,1977.10,1975.00,1962.00,,1977.05,,,1581060,3180244939.10,78343,F1,1,,,,,
2026-08-28,2026-08-28,CM,NSE,STK,19632,INE0Q9601016,WOMANCART,ST,,,,,WOMANCART LIMITED,124.80,124.80,114.00,119.20,119.20,119.25,,119.20,,,13200,1581020.00,32,F1,400,,,,,
2026-08-28,2026-08-28,CM,NSE,STK,7835,INE02WG01024,WEL,EQ,,,,,WONDER ELECTRICALS LTD,99.80,99.80,99.80,99.80,99.80,124.74,,99.80,,,1368633,136589573.40,5645,F1,1,,,,,
2026-08-28,2026-08-28,CM,NSE,STK,3002,INE066O01014,WONDERLA,EQ,,,,,WONDERLA HOLIDAYS LTD.,546.45,555.00,532.80,537.10,534.50,542.25,,537.12,,,199353,108738034.65,9344,F1,1,,,,,
2026-08-28,2026-08-28,CM,NSE,STK,22277,INE196Y01018,WORTHPERI,EQ,,,,,WORTH PERIPHERALS LIMITED,152.66,160.00,152.66,159.55,159.77,153.38,,159.58,,,9269,1448573.31,583,F1,1,,,,,
2026-08-28,2026-08-28,CM,NSE,STK,11705,INE692G01013,XCHANGING,EQ,,,,,XCHANGING SOLUTIONS LTD,61.01,61.83,60.91,61.38,61.29,61.29,,61.40,,,30996,1900656.17,536,F1,1,,,,,
2026-08-28,2026-08-28,CM,NSE,STK,8477,INE01P501012,XELPMOC,EQ,,,,,XELPMOC DESIGN & TECH LTD,83.45,83.45,81.05,81.64,81.09,81.09,,81.63,,,5212,426816.55,100,F1,1,,,,,
2026-08-28,2026-08-28,CM,NSE,STK,11407,INE445C01015,XPROINDIA,EQ,,,,,XPRO INDIA LIMITED,1141.90,1149.40,1131.90,1139.40,1136.00,1137.10,,1138.97,,,60756,69180351.60,2665,F1,1,,,,,
2026-08-28,2026-08-28,CM,NSE,STK,25235,INE547B01028,XTGLOBAL,EQ,,,,,XTGLOBAL INFOTECH LIMITED,29.99,33.54,29.83,32.16,32.14,29.88,,32.15,,,574198,18562848.82,5423,F1,1,,,,,
2026-08-28,2026-08-28,CM,NSE,STK,764312,INE0NG701011,XTRANET,EQ,,,,,XTRANET TECHNOLOGIES LTD,165.00,197.11,163.00,197.11,197.11,164.26,,197.47,,,5428284,1019389036.40,40068,F1,1,,,,,
2026-08-28,2026-08-28,CM,NSE,STK,760870,INE0U0J01015,YAAP,SM,,,,,YAAP DIGITAL LIMITED,139.00,139.00,130.00,130.00,130.00,129.95,,130.00,,,12000,1586500.00,11,F1,1000,,,,,
2026-08-28,2026-08-28,CM,NSE,STK,23451,INE0TO601017,YASHOPTICS,SM,,,,,YASH OPTICS & LENS LTD,117.30,117.30,117.30,117.30,117.30,118.00,,117.30,,,800,93840.00,1,F1,800,,,,,
2026-08-28,2026-08-28,CM,NSE,STK,18131,INE616Z01012,YASHO,EQ,,,,,YASHO INDUSTRIES LIMITED,4341.70,4450.00,4304.10,4338.80,4340.00,4341.70,,4338.56,,,16813,73151494.50,4335,F1,1,,,,,
2026-08-28,2026-08-28,CM,NSE,STK,17738,INE0JO301016,YATHARTH,EQ,,,,,YATHARTH HOSP & TRA C S L,979.00,1024.85,956.30,967.40,969.50,973.05,,967.34,,,1376658,1373596490.60,49615,F1,1,,,,,
2026-08-28,2026-08-28,CM,NSE,STK,18760,INE0JR601024,YATRA,EQ,,,,,YATRA ONLINE LIMITED,108.34,111.75,105.49,109.82,108.30,107.81,,109.82,,,1574744,170026246.63,10536,F1,1,,,,,
2026-08-28,2026-08-28,CM,NSE,STK,11915,INE528G01035,YESBANK,EQ,,,,,YES BANK LIMITED,22.31,22.36,22.01,22.10,22.10,22.26,,22.10,,,63531708,1406070905.00,64302,F1,1,,,,,
2026-08-28,2026-08-28,CM,NSE,STK,765010,INE290E01011,YOGI,EQ,,,,,YOGI LTD.,165.40,165.40,165.40,165.40,165.40,165.38,,164.50,,,513,84850.20,6,F1,1,,,,,
2026-08-28,2026-08-28,CM,NSE,STK,18040,INE09FA01019,YUDIZ,SM,,,,,YUDIZ SOLUTIONS LIMITED,23.85,23.85,23.85,23.85,23.85,24.80,,23.85,,,800,19080.00,1,F1,800,,,,,
2026-08-28,2026-08-28,CM,NSE,STK,5501,INE384C01016,YUKEN,EQ,,,,,YUKEN INDIA LIMITED,937.25,1004.40,930.25,993.40,1000.00,928.70,,993.44,,,43929,43243863.00,2616,F1,1,,,,,
2026-08-28,2026-08-28,CM,NSE,STK,4229,INE116C01012,ZFSTEERING,EQ,,,,,Z F STEERING GEAR (I) LTD,682.00,682.00,666.05,670.95,669.00,671.25,,670.95,,,4947,3331018.15,174,F1,1,,,,,
2026-08-28,2026-08-28,CM,NSE,STK,23976,INE0ISZ01012,ZTECH,SM,,,,,Z-TECH (INDIA) LIMITED,484.05,484.05,471.00,473.65,471.00,477.60,,473.65,,,16800,7997190.00,32,F1,300,,,,,
2026-08-28,2026-08-28,CM,NSE,STK,18608,INE07K301024,ZAGGLE,EQ,,,,,ZAGGLE PREPA OCEAN SER L,189.43,193.40,188.40,190.26,190.96,189.43,,190.25,,,1160425,221400260.50,13342,F1,1,,,,,
2026-08-28,2026-08-28,CM,NSE,STK,3812,INE256A01028,ZEEL,EQ,,,,,ZEE ENTERTAINMENT ENT LTD,105.20,106.24,100.85,101.51,101.85,103.98,,101.51,,,20423986,2101592330.04,63664,F1,1,,,,,
2026-08-28,2026-08-28,CM,NSE,STK,20856,INE565L01011,ZEELEARN,BE,,,,,ZEE LEARN LIMITED,7.90,8.10,7.87,7.91,7.90,7.82,,7.92,,,182523,1451862.49,274,F1,1,,,,,
2026-08-28,2026-08-28,CM,NSE,STK,14003,INE966H01019,ZEEMEDIA,EQ,,,,,ZEE MEDIA CORPORATION LTD,8.65,9.20,8.65,8.93,8.96,8.61,,8.93,,,4361082,39048786.39,6650,F1,1,,,,,
2026-08-28,2026-08-28,CM,NSE,STK,7508,INE251B01027,ZENTEC,EQ,,,,,ZEN TECHNOLOGIES LIMITED,1825.00,1837.00,1805.30,1820.10,1826.80,1825.60,,1820.05,,,221628,403559422.20,17633,F1,1,,,,,
2026-08-28,2026-08-28,CM,NSE,STK,22803,INE0QWN01013,ZENITHDRUG,SM,,,,,ZENITH DRUGS LIMITED,41.25,45.60,41.25,44.35,44.35,41.20,,44.35,,,12000,515320.00,15,F1,800,,,,,
2026-08-28,2026-08-28,CM,NSE,STK,4176,INE058B01018,ZENITHEXPO,EQ,,,,,ZENITH EXPORTS LTD,214.78,214.78,214.78,214.78,214.78,214.78,,214.78,,,1,214.78,1,F1,1,,,,,
2026-08-28,2026-08-28,CM,NSE,STK,14562,INE318D01020,ZENITHSTL,EQ,,,,,ZENITH STEEL PIP IND LTD,5.41,5.54,5.35,5.37,5.35,5.40,,5.38,,,98522,537660.62,193,F1,1,,,,,
2026-08-28,2026-08-28,CM,NSE,STK,1076,INE520A01027,ZENSARTECH,EQ,,,,,ZENSAR TECHNOLOGIES  LTD,465.80,475.00,464.35,470.60,471.50,463.75,,470.60,,,1834114,863998027.90,40028,F1,1,,,,,
2026-08-28,2026-08-28,CM,NSE,STK,22901,INF0R8F01042,GOLDCASE,EQ,,,,,ZERODHAAMC - GOLDCASE,25.35,25.35,24.55,24.90,24.93,24.74,,24.90,,,12105364,299970213.41,9083,F1,1,,,,,
2026-08-28,2026-08-28,CM,NSE,STK,21750,INF0R8F01034,LIQUIDCASE,EQ,,,,,ZERODHAAMC - LIQUIDCASE,115.71,115.71,115.69,115.70,115.71,115.65,,115.70,,,20472543,2368666603.99,8385,F1,1,,,,,
2026-08-28,2026-08-28,CM,NSE,STK,758705,INF0R8F01133,LTGILTCASE,EQ,,,,,ZERODHAAMC - LTGILTCASE,30.54,30.58,30.47,30.54,30.58,30.55,,30.55,,,62977,1922713.14,179,F1,1,,,,,
2026-08-28,2026-08-28,CM,NSE,STK,24077,INF0R8F01059,MID150CASE,EQ,,,,,ZERODHAAMC - MID150CASE,12.14,12.14,11.80,11.87,11.84,11.85,,11.87,,,1372459,16262703.69,3132,F1,1,,,,,
2026-08-28,2026-08-28,CM,NSE,STK,759302,INF0R8F01166,NIFTYCASE,EQ,,,,,ZERODHAAMC - NIFTYCASE,9.90,9.90,9.68,9.69,9.69,9.71,,9.69,,,903063,8747923.37,1546,F1,1,,,,,
2026-08-28,2026-08-28,CM,NSE,STK,30274,INF0R8F01091,SILVERCASE,EQ,,,,,ZERODHAAMC - SILVERCASE,24.52,25.50,23.89,24.49,24.46,23.96,,24.49,,,13263373,322807644.02,7576,F1,1,,,,,
2026-08-28,2026-08-28,CM,NSE,STK,758955,INF0R8F01141,SML100CASE,EQ,,,,,ZERODHAAMC - SML100CASE,11.50,11.50,11.39,11.42,11.43,11.41,,11.42,,,1031488,11789164.96,1109,F1,1,,,,,
2026-08-28,2026-08-28,CM,NSE,STK,24081,INF0R8F01067,TOP100CASE,EQ,,,,,ZERODHAAMC - TOP100CASE,10.70,10.70,10.62,10.67,10.68,10.65,,10.67,,,911422,9714078.05,967,F1,1,,,,,
2026-08-28,2026-08-28,CM,NSE,STK,16915,INE342J01019,ZFCVINDIA,EQ,,,,,ZF COM VE CTR SYS IND LTD,2592.00,2592.00,2541.20,2568.00,2550.00,2570.50,,2567.68,,,70679,181255706.90,18533,F1,1,,,,,
2026-08-28,2026-08-28,CM,NSE,STK,12384,INE518E01015,ZIMLAB,EQ,,,,,ZIM LABORATORIES LIMITED,122.21,126.99,122.20,125.46,125.50,125.21,,125.46,,,43488,5430558.62,1101,F1,1,,,,,
2026-08-28,2026-08-28,CM,NSE,STK,3821,INE206B01013,ZODIACLOTH,EQ,,,,,ZODIAC CLOTHING CO. LTD.,73.00,77.14,73.00,73.19,73.17,72.63,,73.19,,,5896,440670.90,122,F1,1,,,,,
2026-08-28,2026-08-28,CM,NSE,STK,7129,INE761Y01019,ZODIAC,EQ,,,,,ZODIAC ENERGY LIMITED,245.00,251.90,243.35,247.25,249.50,245.80,,247.15,,,11449,2839172.45,551,F1,1,,,,,
2026-08-28,2026-08-28,CM,NSE,STK,11394,INE358U01012,ZOTA,EQ,,,,,ZOTA HEALTH CARE LIMITED,1081.30,1103.40,1072.00,1082.70,1072.00,1081.30,,1082.70,,,158966,172266527.50,6395,F1,1,,,,,
2026-08-28,2026-08-28,CM,NSE,STK,29050,INE840M01016,ZUARI,EQ,,,,,ZUARI AGRO CHEMICALS LTD,231.10,243.50,230.32,240.76,240.70,230.83,,240.76,,,408824,98087510.88,6960,F1,1,,,,,
2026-08-28,2026-08-28,CM,NSE,STK,3827,INE217A01012,ZUARIIND,EQ,,,,,ZUARI INDUSTRIES LIMITED,270.30,280.00,270.30,272.95,273.95,270.85,,272.94,,,67186,18508529.30,1780,F1,1,,,,,
2026-08-28,2026-08-28,CM,NSE,STK,7929,INE010B01027,ZYDUSLIFE,EQ,,,,,ZYDUS LIFESCIENCES LTD,1190.00,1198.90,1170.60,1191.00,1191.00,1189.20,,1190.99,,,1291738,1524516444.30,26489,F1,1,,,,,
2026-08-28,2026-08-28,CM,NSE,STK,17635,INE768C01028,ZYDUSWELL,EQ,,,,,ZYDUS WELLNESS LIMITED,535.20,541.55,525.10,526.55,526.40,535.20,,526.54,,,171032,91127088.30,10624,F1,1,,,,,
