TradDt,BizDt,Sgmt,Src,FinInstrmTp,FinInstrmId,ISIN,TckrSymb,SctySrs,XpryDt,FininstrmActlXpryDt,StrkPric,OptnTp,FinInstrmNm,OpnPric,HghPric,LwPric,ClsPric,LastPric,PrvsClsgPric,UndrlygPric,SttlmPric,OpnIntrst,ChngInOpnIntrst,TtlTradgVol,TtlTrfVal,TtlNbOfTxsExctd,SsnId,NewBrdLotQty,Rmks,Rsvd1,Rsvd2,Rsvd3,Rsvd4
2026-08-31,2026-08-31,CM,NSE,STK,19078,IN0020200104,SGBJUN28,GB,,,,,2.5%GOLDBONDS2028SR-III,15152.02,15320.00,15152.02,15295.69,15251.20,15636.18,,15302.83,,,550,8349066.94,67,F1,1,,,,,
2026-08-31,2026-08-31,CM,NSE,STK,1342,IN0020200286,SGBN28VIII,GB,,,,,2.5%GOLDBONDS2028SR-VIII,15589.98,15589.98,15140.00,15290.20,15355.00,15630.00,,15290.20,,,120,1836789.67,41,F1,1,,,,,
2026-08-31,2026-08-31,CM,NSE,STK,3742,IN0020210053,SGBMAY29I,GB,,,,,2.5%GOLDBONDS2029SR-I,15300.00,15360.00,15158.00,15286.02,15319.99,15618.04,,15286.10,,,915,13981156.17,124,F1,1,,,,,
2026-08-31,2026-08-31,CM,NSE,STK,3743,IN0020210061,SGBJUN29II,GB,,,,,2.5%GOLDBONDS2029SR-II,15537.70,15537.70,15200.00,15300.00,15300.00,15567.27,,15300.00,,,199,3030364.48,33,F1,1,,,,,
2026-08-31,2026-08-31,CM,NSE,STK,3800,IN0020210087,SGBJU29III,GB,,,,,2.5%GOLDBONDS2029SR-III,15300.00,15338.99,15200.00,15283.07,15300.00,15639.99,,15283.07,,,181,2759142.27,46,F1,1,,,,,
2026-08-31,2026-08-31,CM,NSE,STK,5575,IN0020210145,SGBSEP29VI,GB,,,,,2.5%GOLDBONDS2029SR-VI,15775.00,15775.00,15121.00,15362.20,15475.00,15899.84,,15362.01,,,317,4863102.03,80,F1,1,,,,,
2026-08-31,2026-08-31,CM,NSE,STK,6518,IN0020210178,SGBNV29VII,GB,,,,,2.5%GOLDBONDS2029SR-VII,15131.00,15424.00,15131.00,15300.00,15300.00,15631.00,,15299.49,,,315,4812520.85,34,F1,1,,,,,
2026-08-31,2026-08-31,CM,NSE,STK,5960,IN0020180249,SGBOCT26,GB,,,,,2.50%GOLDBONDS2026SR-II,15621.50,15621.50,15621.50,15621.50,15621.50,15621.50,,15621.50,,,1,15621.50,1,F1,1,,,,,
2026-08-31,2026-08-31,CM,NSE,STK,6355,IN0020180314,SGBNOV26,GB,,,,,2.50%GOLDBONDS2026SR-III,15350.00,15350.00,15350.00,15350.00,15350.00,15640.00,,15350.00,,,27,414450.00,7,F1,1,,,,,
2026-08-31,2026-08-31,CM,NSE,STK,10261,IN0020190073,SGBJUN27,GB,,,,,2.50%GOLDBONDS2027SR-I,15309.91,15309.91,15309.91,15309.91,15309.91,15586.26,,15309.91,,,3,45929.73,2,F1,1,,,,,
2026-08-31,2026-08-31,CM,NSE,STK,11154,IN0020190081,SGBJUL27,GB,,,,,2.50%GOLDBONDS2027SR-II,15005.00,15300.00,15005.00,15300.00,15300.00,15599.90,,15300.00,,,14,212316.00,8,F1,1,,,,,
2026-08-31,2026-08-31,CM,NSE,STK,12904,IN0020190107,SGBAUG27,GB,,,,,2.50%GOLDBONDS2027SR-III,15350.00,15475.00,15111.00,15279.27,15315.00,15550.00,,15294.96,,,49,748570.99,26,F1,1,,,,,
2026-08-31,2026-08-31,CM,NSE,STK,8308,IN0020180462,SGBJAN27,GB,,,,,2.50%GOLDBONDS2027SR-V,15374.99,15374.99,15374.99,15374.99,15374.99,15973.98,,15447.48,,,1,15374.99,1,F1,1,,,,,
2026-08-31,2026-08-31,CM,NSE,STK,15432,IN0020190461,SGBDC27VII,GB,,,,,2.50%GOLDBONDS2027SR-VII,15399.99,15505.00,15300.00,15300.00,15300.00,15505.00,,15300.00,,,16,245299.99,6,F1,1,,,,,
2026-08-31,2026-08-31,CM,NSE,STK,18862,IN0020200062,SGBAPR28I,GB,,,,,2.50%GOLDBONDS2028SR-I,15647.70,15647.70,15152.01,15315.01,15350.00,15700.28,,15315.01,,,137,2097385.03,54,F1,1,,,,,
2026-08-31,2026-08-31,CM,NSE,STK,18972,IN0020200088,SGBMAY28,GB,,,,,2.50%GOLDBONDS2028SR-II,15125.50,15450.00,15100.00,15328.71,15339.99,15623.18,,15304.08,,,174,2646919.93,52,F1,1,,,,,
2026-08-31,2026-08-31,CM,NSE,STK,22242,IN0020200146,SGBJUL28IV,GB,,,,,2.50%GOLDBONDS2028SR-IV,15390.00,15390.00,15110.00,15260.17,15295.00,15600.48,,15263.63,,,230,3501364.33,48,F1,1,,,,,
2026-08-31,2026-08-31,CM,NSE,STK,17664,IN0020190545,SGBFEB28IX,GB,,,,,2.50%GOLDBONDS2028SR-IX,15250.00,15810.00,15250.00,15597.00,15597.00,15410.00,,15597.00,,,31,478562.00,8,F1,1,,,,,
2026-08-31,2026-08-31,CM,NSE,STK,22385,IN0020200161,SGBAUG28V,GB,,,,,2.50%GOLDBONDS2028SR-V,15600.00,15600.00,15111.01,15270.30,15275.00,15584.20,,15272.07,,,1096,16715015.56,236,F1,1,,,,,
2026-08-31,2026-08-31,CM,NSE,STK,149,IN0020200195,SGBSEP28VI,GB,,,,,2.50%GOLDBONDS2028SR-VI,15588.00,15588.00,15151.00,15383.63,15390.00,15751.37,,15395.49,,,104,1590626.40,39,F1,1,,,,,
2026-08-31,2026-08-31,CM,NSE,STK,834,IN0020200203,SGBOC28VII,GB,,,,,2.50%GOLDBONDS2028SR-VII,15255.00,15350.00,15255.00,15325.50,15301.01,15700.00,,15322.75,,,13,198722.01,8,F1,1,,,,,
2026-08-31,2026-08-31,CM,NSE,STK,17110,IN0020190537,SGBJ28VIII,GB,,,,,2.50%GOLDBONDS2028SR-VIII,15225.00,15225.00,15225.00,15225.00,15225.00,15549.51,,15225.00,,,1,15225.00,1,F1,1,,,,,
2026-08-31,2026-08-31,CM,NSE,STK,18451,IN0020190552,SGBMAR28X,GB,,,,,2.50%GOLDBONDS2028SR-X,15799.00,15800.00,15590.00,15590.00,15590.00,15915.00,,15590.00,,,4,62989.00,3,F1,1,,,,,
2026-08-31,2026-08-31,CM,NSE,STK,5113,IN0020210111,SGBJUL29IV,GB,,,,,2.50%GOLDBONDS2029SR-IV,15161.00,15370.00,15121.00,15360.39,15370.00,15560.18,,15360.39,,,207,3163990.58,49,F1,1,,,,,
2026-08-31,2026-08-31,CM,NSE,STK,1920,IN0020200377,SGBJAN29IX,GB,,,,,2.50%GOLDBONDS2029SR-IX,15199.00,15325.00,15199.00,15306.90,15275.00,15580.43,,15306.90,,,60,915522.66,22,F1,1,,,,,
2026-08-31,2026-08-31,CM,NSE,STK,5455,IN0020210129,SGBAUG29V,GB,,,,,2.50%GOLDBONDS2029SR-V,15599.00,15698.00,15213.55,15398.00,15398.00,15749.00,,15403.00,,,164,2509491.89,61,F1,1,,,,,
2026-08-31,2026-08-31,CM,NSE,STK,7098,IN0020210228,SGBD29VIII,GB,,,,,2.50%GOLDBONDS2029SR-VIII,15105.10,15400.00,15105.10,15391.85,15400.00,15612.71,,15391.85,,,223,3418639.32,63,F1,1,,,,,
2026-08-31,2026-08-31,CM,NSE,STK,2003,IN0020200385,SGBJAN29X,GB,,,,,2.50%GOLDBONDS2029SR-X,15300.00,15350.00,15200.00,15260.50,15260.01,15574.51,,15260.50,,,92,1407319.58,35,F1,1,,,,,
2026-08-31,2026-08-31,CM,NSE,STK,2200,IN0020200393,SGBFEB29XI,GB,,,,,2.50%GOLDBONDS2029SR-XI,15201.00,15300.00,15191.01,15300.00,15300.00,15530.00,,15300.00,,,105,1601265.45,29,F1,1,,,,,
2026-08-31,2026-08-31,CM,NSE,STK,2810,IN0020200427,SGBMR29XII,GB,,,,,2.50%GOLDBONDS2029SR-XII,15746.87,15746.87,15282.00,15302.84,15300.00,15823.84,,15302.92,,,619,9498057.55,49,F1,1,,,,,
2026-08-31,2026-08-31,CM,NSE,STK,10232,IN0020220045,SGBJUN30,GB,,,,,2.50%GOLDBONDS2030SR-I,15669.89,15689.00,15051.00,15328.73,15330.00,15710.00,,15328.73,,,320,4907011.10,78,F1,1,,,,,
2026-08-31,2026-08-31,CM,NSE,STK,11192,IN0020220078,SGBAUG30,GB,,,,,2.50%GOLDBONDS2030SR-II,15599.99,15649.00,15309.00,15504.55,15569.00,15731.81,,15494.81,,,161,2483330.69,51,F1,1,,,,,
2026-08-31,2026-08-31,CM,NSE,STK,13642,IN0020220110,SGBDE30III,GB,,,,,2.50%GOLDBONDS2030SR-III,15444.99,15569.98,15261.41,15517.09,15500.02,15707.87,,15520.62,,,265,4081183.16,73,F1,1,,,,,
2026-08-31,2026-08-31,CM,NSE,STK,7879,IN0020210236,SGBJAN30IX,GB,,,,,2.50%GOLDBONDS2030SR-IX,15150.01,15409.99,15150.01,15350.00,15350.00,15620.15,,15347.27,,,221,3375063.24,71,F1,1,,,,,
2026-08-31,2026-08-31,CM,NSE,STK,8401,IN0020210319,SGBMAR30X,GB,,,,,2.50%GOLDBONDS2030SR-X,15647.70,15647.70,15251.05,15368.78,15371.00,15700.00,,15368.78,,,226,3469416.60,45,F1,1,,,,,
2026-08-31,2026-08-31,CM,NSE,STK,17202,IN0020230069,SGBJUN31I,GB,,,,,2.50%GOLDBONDS2031SR-I,15691.00,15691.00,15321.00,15564.77,15500.01,15793.97,,15560.60,,,1600,24753028.16,296,F1,1,,,,,
2026-08-31,2026-08-31,CM,NSE,STK,19456,IN0020230093,SGBSEP31II,GB,,,,,2.50%GOLDBONDS2031SR-II,15800.00,15800.00,15452.02,15644.26,15673.00,15901.10,,15646.90,,,1157,18043979.98,302,F1,1,,,,,
2026-08-31,2026-08-31,CM,NSE,STK,22476,IN0020230168,SGBDE31III,GB,,,,,2.50%GOLDBONDS2031SR-III,15965.96,15965.96,15490.00,15735.60,15730.01,15965.96,,15734.22,,,1901,29712696.30,475,F1,1,,,,,
2026-08-31,2026-08-31,CM,NSE,STK,14598,IN0020220169,SGBMAR31IV,GB,,,,,2.50%GOLDBONDS2031SR-IV,15435.50,15588.42,15356.00,15587.99,15587.99,15832.00,,15587.99,,,283,4391332.89,118,F1,1,,,,,
2026-08-31,2026-08-31,CM,NSE,STK,22886,IN0020230184,SGBFEB32IV,GB,,,,,2.50%GOLDBONDS2032SR-IV,15989.89,15998.98,15600.00,15834.25,15834.00,16082.66,,15833.61,,,3124,49160910.96,524,F1,1,,,,,
2026-08-31,2026-08-31,CM,NSE,STK,16921,INE144J01027,20MICRONS,EQ,,,,,20 MICRONS LTD,221.01,227.33,216.50,218.03,216.50,222.00,,218.00,,,172302,38119457.09,5154,F1,1,,,,,
2026-08-31,2026-08-31,CM,NSE,STK,4,INE253B01015,21STCENMGM,EQ,,,,,21ST CENTURY MGMT SERVICE,40.35,41.84,40.34,40.34,40.34,41.16,,40.34,,,2905,117233.68,28,F1,1,,,,,
2026-08-31,2026-08-31,CM,NSE,STK,13061,INE466L01038,360ONE,EQ,,,,,360 ONE WAM LIMITED,1199.60,1199.60,1149.30,1175.00,1175.00,1200.00,,1174.98,,,1412706,1656557997.40,52727,F1,1,,,,,
2026-08-31,2026-08-31,CM,NSE,STK,30105,INF579M01BB5,GOLD360,EQ,,,,,360ONEAMC - GOLD360,153.00,153.00,148.95,149.75,150.60,154.70,,149.77,,,25721,3854416.55,371,F1,1,,,,,
2026-08-31,2026-08-31,CM,NSE,STK,763602,INF579M01BP5,MSCI360,EQ,,,,,360ONEAMC - MSCI360,10.27,10.27,10.08,10.21,10.21,10.22,,10.10,,,1079,10973.20,31,F1,1,,,,,
2026-08-31,2026-08-31,CM,NSE,STK,756150,INF579M01BC3,SILVER360,EQ,,,,,360ONEAMC - SILVER360,231.40,231.40,226.87,229.14,229.10,236.33,,229.15,,,15850,3625703.63,506,F1,1,,,,,
2026-08-31,2026-08-31,CM,NSE,STK,762518,INE994E01018,3BBLACKBIO,EQ,,,,,3B BLACKBIO DX LTD.,1458.10,1510.00,1430.00,1447.80,1457.90,1441.20,,1447.48,,,33118,48955574.00,2768,F1,1,,,,,
2026-08-31,2026-08-31,CM,NSE,STK,6240,INE748C01038,3IINFOLTD,BE,,,,,3I INFOTECH LIMITED,23.80,23.85,22.66,23.02,23.10,23.85,,23.02,,,155358,3587654.22,805,F1,1,,,,,
2026-08-31,2026-08-31,CM,NSE,STK,474,INE470A01017,3MINDIA,EQ,,,,,3M INDIA LIMITED,34415.00,34415.00,33125.00,33320.00,33695.00,34415.00,,33319.98,,,7423,248398470.00,4147,F1,1,,,,,
2026-08-31,2026-08-31,CM,NSE,STK,2595,INE105C01023,3PLAND,EQ,,,,,3P LAND HOLDINGS LIMITED,31.74,32.25,31.40,31.49,32.00,31.74,,31.50,,,7601,240788.17,72,F1,1,,,,,
2026-08-31,2026-08-31,CM,NSE,STK,445,INE618L01018,5PAISA,EQ,,,,,5PAISA CAPITAL LIMITED,367.50,370.75,355.00,356.60,355.00,368.35,,356.58,,,68919,25064460.25,2663,F1,1,,,,,
2026-08-31,2026-08-31,CM,NSE,STK,11868,INE111B01023,63MOONS,EQ,,,,,63 MOONS TECHNOLOGIES LTD,776.40,788.05,762.95,778.85,779.10,776.40,,778.86,,,127074,98490416.45,6551,F1,1,,,,,
2026-08-31,2026-08-31,CM,NSE,STK,19926,INE020B07JU4,743REC35,NH,,,,,7.43% TAX FREE TRI SR3B,1200.00,1200.00,1195.00,1195.00,1195.00,1196.50,,1195.00,,,96,114999.70,5,F1,1,,,,,
2026-08-31,2026-08-31,CM,NSE,STK,29312,INE031A07865,751HUDCO28,N5,,,,,7.51 NCD 16FEB28 TR1 SR2,1066.05,1066.05,1063.60,1066.00,1066.00,1066.00,,1066.00,,,86,91664.10,8,F1,1,,,,,
2026-08-31,2026-08-31,CM,NSE,STK,20034,INE261F07032,764NABAR31,N2,,,,,7.64% TAX FREE TRI SRIIB,1114.00,1115.00,1110.01,1112.90,1112.90,1114.00,,1112.90,,,553,615487.02,5,F1,1,,,,,
2026-08-31,2026-08-31,CM,NSE,STK,19928,INE031A07AO5,764HUDCO31,N8,,,,,7.64% TAX FREETRI SR2B,1117.10,1117.30,1117.10,1117.30,1117.30,1117.10,,1123.64,,,51,56972.30,3,F1,1,,,,,
2026-08-31,2026-08-31,CM,NSE,STK,20030,INE202E07229,774IREDA31,N7,,,,,7.74% TAX FREE NCD,1130.00,1130.05,1130.00,1130.00,1130.00,1123.05,,1130.00,,,215,242950.75,5,F1,1,,,,,
2026-08-31,2026-08-31,CM,NSE,STK,19924,INE020B07GH7,812REC27,NI,,,,,8.12/8.32% TAX FREE NCD,1022.26,1025.00,1022.26,1025.00,1025.00,1024.00,,1025.00,,,623,638542.12,3,F1,1,,,,,
2026-08-31,2026-08-31,CM,NSE,STK,31240,INE031A07840,82HUDCO27,N2,,,,,8.20 NCD05MAR27 FV 1000,1054.90,1054.90,1050.10,1050.17,1050.17,1049.91,,1050.17,,,1037,1090382.50,11,F1,1,,,,,
2026-08-31,2026-08-31,CM,NSE,STK,20022,INE134E07208,830PFCL27,N5,,,,,8.30% TAX FREE NCD,1081.00,1085.00,1081.00,1085.00,1085.00,1081.00,,1087.50,,,172,186380.00,4,F1,1,,,,,
2026-08-31,2026-08-31,CM,NSE,STK,19964,INE031A07915,851HUDCO28,NB,,,,,8.51% TAX FREETRI SR2A,1129.05,1129.05,1129.00,1129.00,1129.00,1127.25,,1129.00,,,200,225800.05,2,F1,1,,,,,
2026-08-31,2026-08-31,CM,NSE,STK,192,INE906B07DF8,875NHAI29,N6,,,,,8.75% TAX FREE TR I S IIB,1114.49,1114.49,1109.00,1110.03,1110.00,1114.49,,1110.03,,,2389,2653969.66,42,F1,1,,,,,
2026-08-31,2026-08-31,CM,NSE,STK,19968,INE031A07949,876HUDCO28,ND,,,,,8.76% TAX FREETRI SR2B,1135.04,1135.99,1133.30,1134.96,1134.90,1135.04,,1134.96,,,3025,3431620.33,23,F1,1,,,,,
2026-08-31,2026-08-31,CM,NSE,STK,31486,INE848E07559,879NHPC28,N5,,,,,8.79% SEC RED BOND S2B,1110.00,1110.00,1110.00,1110.00,1110.00,1098.00,,1110.00,,,100,111000.00,2,F1,1,,,,,
2026-08-31,2026-08-31,CM,NSE,STK,20058,INE787H07370,891IIFCL34,N4,,,,,8.91% TAX FREE NCD,1256.00,1269.80,1255.00,1265.00,1265.00,1260.00,,1267.40,,,2296,2884124.80,19,F1,1,,,,,
2026-08-31,2026-08-31,CM,NSE,STK,31768,INE733E07JJ9,891NTPC33,N6,,,,,8.91%S-R-NCD SERIES 3B,1277.05,1278.00,1275.00,1275.00,1275.00,1275.55,,1276.22,,,251,320378.00,7,F1,1,,,,,
2026-08-31,2026-08-31,CM,NSE,STK,20028,INE134E07463,892PFCL33,N8,,,,,8.92% TAX FREE NCD,1275.10,1285.00,1275.10,1277.00,1277.00,1285.00,,1278.53,,,102,130863.10,7,F1,1,,,,,
2026-08-31,2026-08-31,CM,NSE,STK,19970,INE031A07AB2,901HUDCO34,NE,,,,,9.01% TAX FREETRII SR3B,1288.00,1289.75,1281.00,1289.75,1289.75,1288.00,,1289.75,,,291,373934.75,7,F1,1,,,,,
2026-08-31,2026-08-31,CM,NSE,STK,759130,INE08PH01015,ABCOTS,EQ,,,,,A B COTSPIN INDIA LIMITED,208.90,220.90,205.01,214.72,215.00,203.70,,214.77,,,37858,8157499.76,1191,F1,1,,,,,
2026-08-31,2026-08-31,CM,NSE,STK,27016,INE00YB01025,ABINFRA,BE,,,,,A B INFRABUILD LIMITED,11.75,11.82,11.33,11.44,11.60,11.82,,11.43,,,241079,2774001.93,381,F1,1,,,,,
2026-08-31,2026-08-31,CM,NSE,STK,762528,INE850B01026,ABMKNO,EQ,,,,,A B M KNOWLEDGEWARE LTD.,188.25,194.00,185.02,190.19,190.00,193.39,,190.17,,,197,37263.22,31,F1,1,,,,,
2026-08-31,2026-08-31,CM,NSE,STK,762536,INE366C01021,ACSTECH,BE,,,,,A C S TECHNOLOGIES LTD.,51.75,53.00,50.00,51.42,51.60,51.58,,51.10,,,389314,19918460.26,408,F1,1,,,,,
2026-08-31,2026-08-31,CM,NSE,STK,15147,INE0O6N01012,AGUL,SM,,,,,A G UNIVERSAL LIMITED,45.90,45.90,45.90,45.90,45.90,46.05,,45.90,,,2000,91800.00,1,F1,2000,,,,,
2026-08-31,2026-08-31,CM,NSE,STK,762538,INE701G01012,AKCAPIT,EQ,,,,,A K CAPITAL SERVICES LTD.,1761.80,1779.00,1713.10,1750.90,1751.20,1708.10,,1750.47,,,1340,2343835.70,243,F1,1,,,,,
2026-08-31,2026-08-31,CM,NSE,STK,20906,INE619I01012,A2ZINFRA,EQ,,,,,A2Z INFRA ENGINEERING LTD,17.00,17.00,16.41,16.75,16.72,16.63,,16.75,,,242582,4093340.71,543,F1,1,,,,,
2026-08-31,2026-08-31,CM,NSE,STK,12533,INE0D0U01013,AAATECH,EQ,,,,,AAA TECHNOLOGIES LIMITED,94.02,96.59,94.02,94.79,94.26,95.03,,94.72,,,9982,950751.24,394,F1,1,,,,,
2026-08-31,2026-08-31,CM,NSE,STK,23729,INE883F01010,AADHARHFC,EQ,,,,,AADHAR HOUSING FINANCE L,471.10,471.10,462.80,468.10,466.00,471.10,,468.08,,,213894,99900535.30,16699,F1,1,,,,,
2026-08-31,2026-08-31,CM,NSE,STK,757579,INE1GYP01013,AAKAAR,SM,,,,,AAKAAR MEDICAL TECHNO LTD,63.00,66.00,63.00,66.00,66.00,64.60,,66.00,,,12800,824720.00,8,F1,1600,,,,,
2026-08-31,2026-08-31,CM,NSE,STK,235,INE087Z01024,AAKASH,EQ,,,,,AAKASH EXPLORATION SER L,8.61,8.87,8.56,8.64,8.79,8.73,,8.64,,,60911,530280.11,353,F1,1,,,,,
2026-08-31,2026-08-31,CM,NSE,STK,758120,INE124401014,AARADHYA,SM,,,,,AARADHYA DISPOSAL INDUS L,66.00,78.00,66.00,78.00,78.00,65.00,,78.00,,,15600,1158300.00,12,F1,1200,,,,,
2026-08-31,2026-08-31,CM,NSE,STK,5245,INE198H01019,AAREYDRUGS,EQ,,,,,AAREY DRUGS & PHARM LTD,90.00,91.00,86.67,88.21,87.89,89.01,,87.97,,,102279,9071594.07,1109,F1,1,,,,,
2026-08-31,2026-08-31,CM,NSE,STK,761824,INE750R01016,AARNAV,BE,,,,,AARNAV FASHIONS LIMITED,33.66,33.66,31.98,32.03,32.00,33.66,,32.03,,,29199,949520.06,59,F1,1,,,,,
2026-08-31,2026-08-31,CM,NSE,STK,1030,INE721Z01010,AARON,EQ,,,,,AARON INDUSTRIES LIMITED,132.00,134.60,129.66,130.10,129.66,134.94,,130.10,,,10274,1347964.13,510,F1,1,,,,,
2026-08-31,2026-08-31,CM,NSE,STK,17164,INE01C001026,AARTECH,BE,,,,,AARTECH SOLONICS LIMITED,48.04,49.40,47.55,47.90,48.57,49.16,,47.99,,,12716,611071.05,106,F1,1,,,,,
2026-08-31,2026-08-31,CM,NSE,STK,4481,INE767A01016,AARTIDRUGS,EQ,,,,,AARTI DRUGS LTD.,423.00,423.00,409.95,411.70,412.40,418.55,,411.78,,,59488,24617356.05,2851,F1,1,,,,,
2026-08-31,2026-08-31,CM,NSE,STK,7,INE769A01020,AARTIIND,EQ,,,,,AARTI INDUSTRIES LTD,540.60,540.60,522.00,524.40,524.00,540.35,,524.40,,,635813,337863553.75,23637,F1,1,,,,,
2026-08-31,2026-08-31,CM,NSE,STK,13868,INE0LRU01027,AARTIPHARM,EQ,,,,,AARTI PHARMALABS LIMITED,839.90,864.90,829.00,845.40,843.10,840.70,,845.39,,,522950,443619175.95,26610,F1,1,,,,,
2026-08-31,2026-08-31,CM,NSE,STK,19263,INE09EO01013,AARTISURF,BE,,,,,AARTI SURFACTANTS LIMITED,540.00,553.90,515.00,520.60,519.15,541.50,,520.60,,,19172,10070077.65,403,F1,1,,,,,
2026-08-31,2026-08-31,CM,NSE,STK,19073,INE754X01016,AARVI,EQ,,,,,AARVI ENCON LIMITED,144.69,146.00,141.50,142.39,142.21,142.25,,142.19,,,7731,1105354.14,392,F1,1,,,,,
2026-08-31,2026-08-31,CM,NSE,STK,763800,INE2FMX01012,AASTHA,EQ,,,,,AASTHA SPINTEX LIMITED,81.05,85.26,81.05,83.61,83.59,79.61,,83.61,,,2089353,173545917.30,7653,F1,1,,,,,
2026-08-31,2026-08-31,CM,NSE,STK,5385,INE216P01012,AAVAS,EQ,,,,,AAVAS FINANCIERS LIMITED,1277.10,1322.70,1254.40,1261.20,1260.00,1275.50,,1261.22,,,242642,311026209.70,32987,F1,1,,,,,
2026-08-31,2026-08-31,CM,NSE,STK,7759,INE421A01028,ABAN,BE,,,,,ABAN OFFSHORE LTD.,14.83,14.83,14.83,14.83,14.83,15.13,,14.82,,,22446,332874.18,138,F1,1,,,,,
2026-08-31,2026-08-31,CM,NSE,STK,762523,INE365O01028,ABANSENT,EQ,,,,,ABANS ENTERPRISES LTD.,27.15,27.95,26.81,27.44,27.80,27.99,,27.44,,,4492,123536.25,79,F1,1,,,,,
2026-08-31,2026-08-31,CM,NSE,STK,13288,INE00ZE01026,AFSL,EQ,,,,,ABANS FINANCIAL SRVCS LTD,212.16,217.90,211.40,212.10,213.00,211.92,,211.92,,,14455,3102637.19,300,F1,1,,,,,
2026-08-31,2026-08-31,CM,NSE,STK,13,INE117A01022,ABB,EQ,,,,,ABB INDIA LIMITED,7488.00,7638.50,7306.00,7638.50,7638.50,7509.00,,7637.89,,,227223,1693078741.00,25514,F1,1,,,,,
2026-08-31,2026-08-31,CM,NSE,STK,17903,INE358A01014,ABBOTINDIA,EQ,,,,,ABBOTT INDIA LIMITED,26300.00,26300.00,25800.00,25850.00,25880.00,26175.00,,25850.75,,,6684,173971765.00,4628,F1,1,,,,,
2026-08-31,2026-08-31,CM,NSE,STK,755940,INE860H07IP2,78ABCL33,N1,,,,,ABCL 7.8% SR V,955.00,1000.00,955.00,1000.00,1000.00,1055.00,,1000.00,,,40,39100.00,2,F1,1,,,,,
2026-08-31,2026-08-31,CM,NSE,STK,755941,INE860H07IQ0,8ABCL26,N2,,,,,ABCL 8% SR I,1067.00,1067.00,1067.00,1067.00,1067.00,1067.00,,1073.24,,,500,533500.00,4,F1,1,,,,,
2026-08-31,2026-08-31,CM,NSE,STK,27284,INE0UYG01015,ABHAPOWER,SM,,,,,ABHA POWER N STEEL LTD,24.60,24.60,24.60,24.60,24.60,24.50,,24.60,,,1600,39360.00,1,F1,1600,,,,,
2026-08-31,2026-08-31,CM,NSE,STK,5551,INE251C01025,ABMINTLLTD,BE,,,,,ABM INTERNATIONAL LTD,55.18,55.18,55.18,55.18,55.18,56.30,,55.18,,,157,8663.26,8,F1,1,,,,,
2026-08-31,2026-08-31,CM,NSE,STK,23783,INE0QRV01016,ABSMARINE,SM,,,,,ABS MARINE SERVICES LTD,283.00,289.50,266.20,272.30,271.50,283.00,,272.30,,,82000,22402650.00,133,F1,500,,,,,
2026-08-31,2026-08-31,CM,NSE,STK,22,INE012A01025,ACC,EQ,,,,,ACC LIMITED,1304.00,1304.00,1270.00,1276.50,1274.50,1306.40,,1276.54,,,274811,352277271.60,22029,F1,1,,,,,
2026-08-31,2026-08-31,CM,NSE,STK,7053,INE793A01012,ACCELYA,EQ,,,,,ACCELYA SOLN INDIA LTD,1142.00,1142.00,1122.00,1127.90,1125.40,1134.10,,1127.90,,,4779,5409016.20,652,F1,1,,,,,
2026-08-31,2026-08-31,CM,NSE,STK,20488,INE0Q5D01013,ACCENTMIC,SM,,,,,ACCENT MICROCELL LIMITED,609.00,609.00,593.25,596.65,594.10,605.85,,596.65,,,15000,8952450.00,30,F1,500,,,,,
2026-08-31,2026-08-31,CM,NSE,STK,757024,INE0T8T01010,ACCPL,ST,,,,,ACCRETION PHARMA LIMITED,199.50,207.00,198.20,207.00,207.00,199.55,,207.00,,,15600,3142800.00,10,F1,1200,,,,,
2026-08-31,2026-08-31,CM,NSE,STK,1472,INE648Z01023,ACCURACY,BE,,,,,ACCURACY SHIPPING LIMITED,4.60,4.63,4.40,4.43,4.45,4.60,,4.42,,,69025,309117.76,225,F1,1,,,,,
2026-08-31,2026-08-31,CM,NSE,STK,11779,INE543V01017,ACEINTEG,EQ,,,,,ACE INTEGRATED SOLU. LTD.,17.44,17.45,17.01,17.05,17.06,17.44,,17.05,,,1733,29728.82,51,F1,1,,,,,
2026-08-31,2026-08-31,CM,NSE,STK,761112,INE1J6M01010,ACETEC,SM,,,,,ACETECH E-COMMERCE LTD,138.00,140.00,130.00,139.00,139.00,138.00,,139.00,,,86400,11295600.00,40,F1,1200,,,,,
2026-08-31,2026-08-31,CM,NSE,STK,27061,INE622W01025,ACMESOLAR,EQ,,,,,ACME SOLAR HOLDINGS LTD,399.00,411.00,382.90,401.95,408.00,393.70,,401.98,,,3008269,1197071565.15,49389,F1,1,,,,,
2026-08-31,2026-08-31,CM,NSE,STK,13587,INE731H01025,ACE,EQ,,,,,ACTION CONST EQUIP LTD,1149.00,1152.90,1100.70,1110.50,1114.00,1140.60,,1110.48,,,325647,363567870.40,20764,F1,1,,,,,
2026-08-31,2026-08-31,CM,NSE,STK,30464,INE0KLO01025,ACTIVEINFR,SM,,,,,ACTIVE INFRASTRUCTURES L,172.50,172.50,172.50,172.50,172.50,181.20,,172.50,,,2400,414000.00,4,F1,600,,,,,
2026-08-31,2026-08-31,CM,NSE,STK,5578,INE00FF01025,ACUTAAS,EQ,,,,,ACUTAAS CHEMICALS LIMITED,3281.60,3321.90,3125.90,3160.60,3168.80,3281.60,,3160.41,,,490517,1572580669.30,57811,F1,1,,,,,
2026-08-31,2026-08-31,CM,NSE,STK,10217,INE931S01010,ADANIENSOL,EQ,,,,,ADANI ENERGY SOLUTION LTD,1589.00,1592.90,1417.40,1417.40,1417.40,1581.40,,1417.41,,,35589890,51479291460.30,168851,F1,1,,,,,
2026-08-31,2026-08-31,CM,NSE,STK,25,INE423A01024,ADANIENT,EQ,,,,,ADANI ENTERPRISES LIMITED,3165.00,3165.00,2859.10,2859.10,2859.10,3168.50,,2859.16,,,12872435,37561842626.30,171849,F1,1,,,,,
2026-08-31,2026-08-31,CM,NSE,STK,3563,INE364U01010,ADANIGREEN,EQ,,,,,ADANI GREEN ENERGY LTD,1307.80,1310.90,1214.90,1214.90,1214.90,1311.00,,1214.91,,,2461573,3083649940.90,44861,F1,1,,,,,
2026-08-31,2026-08-31,CM,NSE,STK,15083,INE742F01042,ADANIPORTS,EQ,,,,,ADANI PORT & SEZ LTD,1710.00,1711.40,1593.10,1593.10,1593.10,1707.50,,1593.11,,,9621819,15593737157.80,136880,F1,1,,,,,
2026-08-31,2026-08-31,CM,NSE,STK,17388,INE814H01029,ADANIPOWER,EQ,,,,,ADANI POWER LTD,212.37,213.13,198.00,198.00,198.00,212.63,,198.00,,,53907969,10945218708.11,152045,F1,1,,,,,
2026-08-31,2026-08-31,CM,NSE,STK,6066,INE399L01023,ATGL,EQ,,,,,ADANI TOTAL GAS LIMITED,636.00,638.35,615.10,621.20,620.00,636.50,,621.13,,,785690,491518773.05,23677,F1,1,,,,,
2026-08-31,2026-08-31,CM,NSE,STK,764563,INE757C01021,ADDIND,EQ,,,,,ADDI INDUSTRIES LTD.,82.84,90.00,78.00,85.00,85.00,84.00,,84.98,,,423,34356.98,20,F1,1,,,,,
2026-08-31,2026-08-31,CM,NSE,STK,22468,INE0RDH01021,ADDICTIVE,SM,,,,,ADDICTIVE LEARNING TECH L,47.65,47.65,45.90,45.95,45.90,47.65,,45.95,,,2000,92775.00,4,F1,500,,,,,
2026-08-31,2026-08-31,CM,NSE,STK,19761,INE982B01027,ADFFOODS,EQ,,,,,ADF FOODS LIMITED,272.00,274.90,268.65,270.20,274.90,274.45,,270.12,,,36649,9912012.60,1763,F1,1,,,,,
2026-08-31,2026-08-31,CM,NSE,STK,763156,INE20PL01012,ADISOFT,SM,,,,,ADISOFT TECHNOLOGIES LTD,198.00,198.00,193.00,193.20,193.00,198.00,,193.20,,,31200,6090120.00,38,F1,800,,,,,
2026-08-31,2026-08-31,CM,NSE,STK,6018,INE404A01024,ABSLAMC,EQ,,,,,ADIT BIRL SUN LIF AMC LTD,1033.70,1062.00,1010.00,1051.80,1060.50,1047.90,,1051.80,,,297155,309783479.80,31485,F1,1,,,,,
2026-08-31,2026-08-31,CM,NSE,STK,21614,INE674K01013,ABCAPITAL,EQ,,,,,ADITYA BIRLA CAPITAL LTD.,404.80,409.40,397.95,409.40,409.40,405.55,,409.40,,,5834090,2370048168.35,27792,F1,1,,,,,
2026-08-31,2026-08-31,CM,NSE,STK,30108,INE647O01011,ABFRL,EQ,,,,,ADITYA BIRLA FASHION & RT,52.74,53.19,51.65,52.10,52.03,52.49,,52.10,,,5405597,283670405.82,20632,F1,1,,,,,
2026-08-31,2026-08-31,CM,NSE,STK,756843,INE14LE01019,ABLBL,EQ,,,,,ADITYA BIRLA LIFES BRAN L,84.60,87.00,84.00,86.71,86.52,84.60,,86.72,,,1171891,100501104.79,10148,F1,1,,,,,
2026-08-31,2026-08-31,CM,NSE,STK,15239,INE865C01022,BIRLAMONEY,EQ,,,,,ADITYA BIRLA MONEY LTD,131.40,131.40,125.51,126.75,128.15,129.94,,126.75,,,30308,3860963.62,1068,F1,1,,,,,
2026-08-31,2026-08-31,CM,NSE,STK,625,INE055A01016,ABREL,EQ,,,,,ADITYA BIRLA REAL EST LTD,1390.70,1394.20,1350.00,1355.50,1355.10,1387.00,,1355.53,,,187059,255166802.60,13023,F1,1,,,,,
2026-08-31,2026-08-31,CM,NSE,STK,758858,INE819V01029,CPPLUS,EQ,,,,,ADITYA INFOTECH LIMITED,3576.40,3602.00,3460.20,3566.00,3569.30,3576.60,,3566.39,,,360510,1281428997.00,30908,F1,1,,,,,
2026-08-31,2026-08-31,CM,NSE,STK,25984,INE679V01027,AVL,EQ,,,,,ADITYA VISION LIMITED,586.05,603.10,583.65,600.50,599.65,590.80,,600.49,,,131866,78856601.85,7151,F1,1,,,,,
2026-08-31,2026-08-31,CM,NSE,STK,23804,INF209KB18D3,BSLGOLDETF,EQ,,,,,ADITYBIRLA SL GOLD ETF-GR,139.62,139.62,129.11,135.82,136.94,139.62,,135.82,,,408518,55097359.20,3093,F1,1,,,,,
2026-08-31,2026-08-31,CM,NSE,STK,24781,INF209KB19D1,BSLNIFTY,EQ,,,,,ADITYBIRLA SL NIF ETF-GR,28.55,28.55,28.20,28.31,28.22,28.38,,28.31,,,2045219,57898395.89,6000,F1,1,,,,,
2026-08-31,2026-08-31,CM,NSE,STK,34,INE045A01017,ADOR,EQ,,,,,ADOR WELDING LTD,1662.70,1766.40,1643.00,1705.20,1699.00,1635.60,,1705.27,,,220404,379187177.50,20439,F1,1,,,,,
2026-08-31,2026-08-31,CM,NSE,STK,4953,INE737B01033,ADROITINFO,EQ,,,,,ADROIT INFOTECH LIMITED,10.84,10.84,10.20,10.30,10.25,10.44,,10.31,,,7874,81655.46,69,F1,1,,,,,
2026-08-31,2026-08-31,CM,NSE,STK,760657,INE0ALI01010,ADVAIT,EQ,,,,,ADVAIT ENRGY TRANSITION L,2220.90,2233.50,2150.00,2170.70,2162.00,2200.50,,2170.64,,,38030,83180046.30,5138,F1,1,,,,,
2026-08-31,2026-08-31,CM,NSE,STK,759402,INE1B0W01010,ADVANCE,EQ,,,,,ADVANCE AGROLIFE LIMITED,117.80,119.00,115.00,116.42,116.00,116.95,,116.41,,,145791,16973559.67,1616,F1,1,,,,,
2026-08-31,2026-08-31,CM,NSE,STK,18039,INE837H01020,ADVENZYMES,EQ,,,,,ADVANCED ENZYME TECH LTD,299.20,301.75,292.75,294.10,294.35,299.80,,294.10,,,172700,51207756.20,3534,F1,1,,,,,
2026-08-31,2026-08-31,CM,NSE,STK,14745,INE199C01026,ADVANIHOTR,EQ,,,,,ADVANI HOT.& RES.(I) LTD,50.00,50.49,49.50,49.86,49.60,50.01,,49.85,,,16473,822336.71,467,F1,1,,,,,
2026-08-31,2026-08-31,CM,NSE,STK,759769,INE28GN01010,ADVENTHTL,EQ,,,,,ADVENT HOTELS INTERNATI L,142.80,143.00,138.66,138.95,138.75,142.80,,138.95,,,66081,9259850.68,1494,F1,1,,,,,
2026-08-31,2026-08-31,CM,NSE,STK,765015,INE178T01024,ADVIKCA,EQ,,,,,ADVIK CAPITAL LTD.,1.21,1.21,1.12,1.16,1.19,1.19,,1.16,,,566958,664016.13,373,F1,1,,,,,
2026-08-31,2026-08-31,CM,NSE,STK,762227,INE1SJO01012,RAMBHAJO,EQ,,,,,ADVIT JEWELS LIMITED,248.00,258.50,236.11,240.32,237.70,250.51,,240.32,,,1761091,436051253.20,24514,F1,1,,,,,
2026-08-31,2026-08-31,CM,NSE,STK,40,INE208C01025,AEGISLOG,EQ,,,,,AEGIS LOGISTICS LIMITED,1289.40,1289.40,1242.10,1264.60,1267.00,1289.40,,1264.63,,,553008,696341804.90,31636,F1,1,,,,,
2026-08-31,2026-08-31,CM,NSE,STK,757336,INE0INX01018,AEGISVOPAK,EQ,,,,,AEGIS VOPAK TERMINALS LTD,265.95,272.70,261.65,268.75,265.50,269.90,,268.74,,,721408,193385041.30,8893,F1,1,,,,,
2026-08-31,2026-08-31,CM,NSE,STK,761344,INE423A07559,AEL120126,NL,,,,,AEL 0% 2029 SR V,1035.00,1035.00,1021.00,1021.00,1021.00,1035.00,,1021.00,,,146,149192.00,13,F1,1,,,,,
2026-08-31,2026-08-31,CM,NSE,STK,757876,INE423A07468,AEL170725A,NG,,,,,AEL 0% 2030 SR VIII,1107.29,1107.29,1090.00,1104.94,1090.00,1098.00,,1104.94,,,108,119357.90,5,F1,1,,,,,
2026-08-31,2026-08-31,CM,NSE,STK,761342,INE423A07492,848AEL29,NJ,,,,,AEL 8.48% 2029 SR III,1015.00,1015.00,1010.00,1013.26,1010.00,1031.00,,1013.26,,,168,170390.00,5,F1,1,,,,,
2026-08-31,2026-08-31,CM,NSE,STK,761343,INE423A07534,875AEL29,NK,,,,,AEL 8.75% 2029 SR IV,1085.00,1085.00,1063.00,1063.00,1063.00,1069.00,,1063.00,,,60,64440.00,2,F1,1,,,,,
2026-08-31,2026-08-31,CM,NSE,STK,761346,INE423A07526,890AEL31,NN,,,,,AEL 8.90% 2031 SR VII,1056.70,1056.75,1055.00,1055.53,1055.60,1056.75,,1055.53,,,523,552426.00,12,F1,1,,,,,
2026-08-31,2026-08-31,CM,NSE,STK,757875,INE423A07393,930AEL30,NF,,,,,AEL 9.3% 2030 SR VII,1040.10,1040.10,1040.10,1040.10,1040.10,1040.10,,1042.55,,,232,241303.20,5,F1,1,,,,,
2026-08-31,2026-08-31,CM,NSE,STK,760234,INE947N01017,AEQUS,EQ,,,,,AEQUS LIMITED,245.50,248.00,240.52,244.34,243.50,245.99,,244.34,,,1528830,374040292.65,20939,F1,1,,,,,
2026-08-31,2026-08-31,CM,NSE,STK,12015,INE065D01027,AEROENTER,EQ,,,,,AEROFLEX ENTERPRISES LTD,147.46,149.00,136.50,138.45,137.80,146.29,,138.32,,,653171,92977448.33,8153,F1,1,,,,,
2026-08-31,2026-08-31,CM,NSE,STK,18268,INE024001021,AEROFLEX,EQ,,,,,AEROFLEX INDUSTRIES LTD,542.00,542.00,523.10,525.40,527.00,542.10,,525.44,,,953151,504468218.15,23036,F1,1,,,,,
2026-08-31,2026-08-31,CM,NSE,STK,13689,INE035801013,AERONEU,EQ,,,,,AEROFLEX NEU LIMITED,84.90,84.90,79.50,80.01,80.50,80.68,,80.13,,,8584,696803.39,214,F1,1,,,,,
2026-08-31,2026-08-31,CM,NSE,STK,25065,INE0WL801011,AERON,SM,,,,,AERON COMPOSITE LIMITED,71.05,71.05,71.00,71.05,71.05,71.30,,71.05,,,6000,426250.00,6,F1,1000,,,,,
2026-08-31,2026-08-31,CM,NSE,STK,24830,INE0TSF01011,AESTHETIK,SM,,,,,AESTHETIK ENGINEERS LTD,70.60,70.85,70.20,70.25,70.25,71.85,,70.25,,,6000,422750.00,5,F1,1000,,,,,
2026-08-31,2026-08-31,CM,NSE,STK,9810,INE0BWX01014,AETHER,EQ,,,,,AETHER INDUSTRIES LIMITED,1703.40,1707.80,1636.50,1691.30,1700.00,1696.80,,1691.33,,,354417,593417195.20,26333,F1,1,,,,,
2026-08-31,2026-08-31,CM,NSE,STK,25977,INE101I01011,AFCONS,EQ,,,,,AFCONS INFRASTRUCTURE LTD,282.25,288.85,282.25,285.65,284.35,286.65,,285.67,,,538629,153519398.20,10162,F1,1,,,,,
2026-08-31,2026-08-31,CM,NSE,STK,11343,INE00WC01027,AFFLE,EQ,,,,,AFFLE 3I LIMITED,1620.20,1620.30,1590.00,1597.90,1590.00,1620.20,,1597.92,,,241180,386655979.90,30700,F1,1,,,,,
2026-08-31,2026-08-31,CM,NSE,STK,25855,INE692Z01013,AFFORDABLE,EQ,,,,,AFFORD ROBO & AUTO LTD,164.99,165.31,157.05,161.13,160.90,165.31,,161.32,,,10121,1631343.08,385,F1,1,,,,,
2026-08-31,2026-08-31,CM,NSE,STK,763044,INE916Y07081,1125AFIL29,N0,,,,,AFIL 11.25% 2029,9885.00,9885.00,9885.00,9885.00,9885.00,9872.00,,9885.00,,,56,553560.00,3,F1,1,,,,,
2026-08-31,2026-08-31,CM,NSE,STK,759446,INE916Y07032,12AFIL27,N0,,,,,AFIL 12% 2027 SR 1,8200.00,9900.00,8190.00,9900.00,9900.00,9969.75,,9900.00,,,10,85380.00,3,F1,1,,,,,
2026-08-31,2026-08-31,CM,NSE,STK,759283,INE916Y07057,12AFIL28,N0,,,,,AFIL 12% 2028,10038.77,10038.77,10038.77,10038.77,10038.77,9990.00,,10038.77,,,6,60232.62,1,F1,1,,,,,
2026-08-31,2026-08-31,CM,NSE,STK,14263,INE0MLA01012,AGARWALFT,SM,,,,,AGARWAL FLOAT GLASS I LTD,31.50,31.50,30.50,30.50,30.50,30.05,,30.50,,,13500,414300.00,7,F1,1500,,,,,
2026-08-31,2026-08-31,CM,NSE,STK,3389,INE204E01012,AGARIND,EQ,,,,,AGARWAL INDS CORP LTD.,464.00,470.00,453.55,458.20,460.00,465.30,,458.20,,,32258,14842369.70,1557,F1,1,,,,,
2026-08-31,2026-08-31,CM,NSE,STK,27309,INE0P8X01016,AGARWALTUF,SM,,,,,AGARWAL TOUGH GLASS IND L,139.55,139.95,137.50,138.70,139.95,139.10,,138.70,,,13200,1834200.00,11,F1,1200,,,,,
2026-08-31,2026-08-31,CM,NSE,STK,1412,INE415A01038,AGI,EQ,,,,,AGI GREENPAC LIMITED,781.00,806.80,771.00,776.10,773.85,774.80,,776.26,,,475872,376330710.55,28387,F1,1,,,,,
2026-08-31,2026-08-31,CM,NSE,STK,24445,INE976R01033,AGIIL,EQ,,,,,AGI INFRA LIMITED,293.50,293.50,283.35,285.00,285.15,289.10,,284.99,,,503086,144881220.70,6434,F1,1,,,,,
2026-08-31,2026-08-31,CM,NSE,STK,10491,INE0LF301013,AGNI,SM,,,,,AGNI GREEN POWER LTD,15.00,15.50,14.85,15.50,15.50,15.50,,15.50,,,7500,113375.00,3,F1,2500,,,,,
2026-08-31,2026-08-31,CM,NSE,STK,11072,INE449G01018,AGRITECH,EQ,,,,,AGRI-TECH (INDIA) LIMITED,102.75,108.04,101.00,101.55,101.02,102.90,,101.57,,,7344,761509.60,160,F1,1,,,,,
2026-08-31,2026-08-31,CM,NSE,STK,9046,INE740V01019,AGROPHOS,EQ,,,,,AGRO PHOS INDIA LIMITED,26.47,27.30,26.06,26.35,26.16,26.34,,26.35,,,10755,282620.97,119,F1,1,,,,,
2026-08-31,2026-08-31,CM,NSE,STK,759202,INE583L01014,AGSTRA,BZ,,,,,AGS TRANSACT TECH LTD,2.00,2.05,1.96,1.99,2.00,2.01,,1.99,,,51744,103101.18,189,F1,1,,,,,
2026-08-31,2026-08-31,CM,NSE,STK,2004,INE00PV01013,AHLADA,EQ,,,,,AHLADA ENGINEERS LIMITED,37.85,39.00,37.25,38.68,38.00,38.06,,38.68,,,3957,151603.22,85,F1,1,,,,,
2026-08-31,2026-08-31,CM,NSE,STK,17833,INE758C01029,AHLUCONT,EQ,,,,,AHLUWALIA CONT IND LTD,646.05,648.00,615.05,619.20,619.50,641.10,,619.21,,,75376,47304819.85,5898,F1,1,,,,,
2026-08-31,2026-08-31,CM,NSE,STK,13086,INE212H01026,AIAENG,EQ,,,,,AIA ENGINEERING LIMITED,4269.00,4307.60,4157.40,4257.50,4249.10,4234.20,,4257.69,,,71716,303981675.30,20611,F1,1,,,,,
2026-08-31,2026-08-31,CM,NSE,STK,23984,INE0RUV01018,AIMTRON,SM,,,,,AIMTRON ELECTRONICS LTD,1630.45,1639.70,1605.00,1635.80,1639.70,1644.45,,1635.80,,,17600,28609990.00,85,F1,200,,,,,
2026-08-31,2026-08-31,CM,NSE,STK,9878,INE805A01014,GOLDTECH,BE,,,,,AION-TECH SOLUTIONS LTD,52.49,52.49,48.29,48.29,48.29,50.83,,48.29,,,24454,1201355.44,233,F1,1,,,,,
2026-08-31,2026-08-31,CM,NSE,STK,9897,INE645W01026,AIRAN,EQ,,,,,AIRAN LIMITED,15.09,15.34,14.84,14.88,14.86,15.09,,14.88,,,37527,559334.94,265,F1,1,,,,,
2026-08-31,2026-08-31,CM,NSE,STK,6068,INE801L01010,AIROLAM,EQ,,,,,AIRO LAM LIMITED,90.90,90.90,87.38,88.09,88.09,88.88,,88.09,,,320,28173.55,25,F1,1,,,,,
2026-08-31,2026-08-31,CM,NSE,STK,8124,INE031B01049,AJANTPHARM,EQ,,,,,AJANTA PHARMA LIMITED,3572.50,3666.00,3515.00,3601.90,3603.00,3557.00,,3602.42,,,61976,221605568.40,10692,F1,1,,,,,
2026-08-31,2026-08-31,CM,NSE,STK,29624,INE274Y01021,AJAXENGG,EQ,,,,,AJAX ENGINEERING LIMITED,569.90,580.55,564.10,574.50,573.50,571.10,,574.51,,,58190,33418554.55,6944,F1,1,,,,,
2026-08-31,2026-08-31,CM,NSE,STK,17307,INE298G01035,AJMERA,EQ,,,,,AJMERA REALTY & INF I LTD,118.23,118.23,114.31,116.90,116.30,117.41,,116.90,,,254749,29591048.57,3738,F1,1,,,,,
2026-08-31,2026-08-31,CM,NSE,STK,3403,INE820Y01021,AJOONI,EQ,,,,,AJOONI BIOTECH LIMITED,3.84,3.92,3.82,3.84,3.84,3.82,,3.84,,,385193,1492497.29,387,F1,1,,,,,
2026-08-31,2026-08-31,CM,NSE,STK,21121,INE0PCY01014,AKANKSHA,SM,,,,,AKANKSHA POWER N INFRA L,125.10,125.10,123.00,123.00,123.00,125.10,,123.00,,,2000,248100.00,2,F1,1000,,,,,
2026-08-31,2026-08-31,CM,NSE,STK,13510,INE737W01013,AKASH,EQ,,,,,AKASH INFRA-PROJECTS LTD,24.74,24.86,24.11,24.80,24.83,24.36,,24.80,,,6193,152726.66,50,F1,1,,,,,
2026-08-31,2026-08-31,CM,NSE,STK,2176,INE00Y801016,AKG,EQ,,,,,AKG EXIM LIMITED,9.65,9.65,8.76,9.02,9.01,9.16,,9.02,,,13425,121623.59,130,F1,1,,,,,
2026-08-31,2026-08-31,CM,NSE,STK,14890,INE642Z01026,AKI,EQ,,,,,AKI INDIA LIMITED,4.25,4.25,3.95,4.15,4.16,4.13,,4.15,,,141928,584360.47,374,F1,1,,,,,
2026-08-31,2026-08-31,CM,NSE,STK,24304,INE0PMR01017,AKIKO,SM,,,,,AKIKO GLOBAL SERVICES L,413.00,413.00,380.00,392.40,398.90,410.00,,392.40,,,36000,14028080.00,42,F1,800,,,,,
2026-08-31,2026-08-31,CM,NSE,STK,24159,INE916Y01027,AFIL,EQ,,,,,AKME FINTRADE (INDIA) LTD,9.70,9.70,9.30,9.47,9.50,9.40,,9.47,,,427723,4050093.55,469,F1,1,,,,,
2026-08-31,2026-08-31,CM,NSE,STK,8595,INE523B01011,AKSHOPTFBR,BE,,,,,AKSH OPTIFIBRE  LTD,7.20,7.50,7.02,7.36,7.38,7.19,,7.37,,,399288,2949554.81,551,F1,1,,,,,
2026-08-31,2026-08-31,CM,NSE,STK,9558,INE256Z01025,AKSHAR,EQ,,,,,AKSHAR SPINTEX LIMITED,0.42,0.43,0.41,0.41,0.42,0.42,,0.41,,,1633464,685567.73,331,F1,1,,,,,
2026-08-31,2026-08-31,CM,NSE,STK,20194,INE542B01011,AKSHARCHEM,BE,,,,,AKSHARCHEM INDIA LIMITED,366.30,366.35,363.00,366.35,366.35,348.91,,366.70,,,4795,1756294.25,89,F1,1,,,,,
2026-08-31,2026-08-31,CM,NSE,STK,24715,INE09XN01023,AKUMS,EQ,,,,,AKUMS DRUGS AND PHARMA L,776.15,785.00,768.90,776.70,775.95,772.60,,776.70,,,258396,200868772.30,13367,F1,1,,,,,
2026-08-31,2026-08-31,CM,NSE,STK,9921,INE914E01040,ALANKIT,EQ,,,,,ALANKIT LIMITED,8.21,8.28,8.06,8.09,8.10,8.13,,8.09,,,58779,476204.44,449,F1,1,,,,,
2026-08-31,2026-08-31,CM,NSE,STK,17256,INE155C01010,ALBERTDAVD,EQ,,,,,ALBERT DAVID LIMITED,904.30,931.85,890.00,897.90,907.90,898.60,,897.90,,,14450,13127988.15,1108,F1,1,,,,,
2026-08-31,2026-08-31,CM,NSE,STK,18762,INE448V01019,ALCODIS,SM,,,,,ALCOKRAFT DISTILLERIE LTD,67.60,67.60,67.60,67.60,67.60,69.00,,67.60,,,625,42250.00,1,F1,625,,,,,
2026-08-31,2026-08-31,CM,NSE,STK,79,INE426A01027,ALEMBICLTD,EQ,,,,,ALEMBIC LIMITED,100.04,100.04,97.00,98.74,99.00,100.04,,98.76,,,925255,90971967.58,8043,F1,1,,,,,
2026-08-31,2026-08-31,CM,NSE,STK,25328,INE901L01018,APLLTD,EQ,,,,,ALEMBIC PHARMA LTD,813.00,839.90,808.60,834.90,835.65,813.45,,835.01,,,139739,115921878.90,12449,F1,1,,,,,
2026-08-31,2026-08-31,CM,NSE,STK,764573,INE782D01027,ALFREDHE,EQ,,,,,ALFRED HERBERT INDIA L,2856.00,2995.00,2855.00,2947.30,2947.30,2855.00,,2943.65,,,78,232130.20,62,F1,1,,,,,
2026-08-31,2026-08-31,CM,NSE,STK,761270,INE598D01035,ALGOQUANT,EQ,,,,,ALGOQUANT FINTECH LIMITED,64.43,65.40,62.04,64.71,65.25,64.56,,64.68,,,1102265,70892666.13,2566,F1,1,,,,,
2026-08-31,2026-08-31,CM,NSE,STK,13656,INE062D01024,ALICON,EQ,,,,,ALICON CASTALLOY LIMITED,686.00,687.75,658.05,665.40,664.80,685.05,,665.48,,,30416,20343775.70,1827,F1,1,,,,,
2026-08-31,2026-08-31,CM,NSE,STK,5265,INE03Q201024,ALIVUS,EQ,,,,,ALIVUS LIFE SCIENCES LTD,1352.00,1493.80,1352.00,1405.70,1400.00,1350.20,,1405.67,,,1220512,1732516544.30,80500,F1,1,,,,,
2026-08-31,2026-08-31,CM,NSE,STK,16963,INE773I01017,ALKALI,BE,,,,,ALKALI METALS LTD,63.01,66.99,63.01,64.20,64.20,66.26,,65.23,,,3825,245825.24,42,F1,1,,,,,
2026-08-31,2026-08-31,CM,NSE,STK,11703,INE540L01014,ALKEM,EQ,,,,,ALKEM LABORATORIES LTD.,5355.00,5378.50,5297.00,5329.50,5329.50,5355.00,,5329.50,,,120023,640986637.00,11064,F1,1,,,,,
2026-08-31,2026-08-31,CM,NSE,STK,4487,INE150B01039,ALKYLAMINE,EQ,,,,,ALKYL AMINES CHEM. LTD,2045.00,2053.60,1991.00,2003.80,2004.70,2047.90,,2003.82,,,62073,124890058.00,10965,F1,1,,,,,
2026-08-31,2026-08-31,CM,NSE,STK,13203,INE0M2X01012,ALLETEC,SM,,,,,ALL E TECHNOLOGIES LTD,125.00,126.45,122.40,125.30,125.50,122.75,,125.30,,,16000,1993980.00,38,F1,400,,,,,
2026-08-31,2026-08-31,CM,NSE,STK,758448,INE0GV601021,ALLTIME,EQ,,,,,ALL TIME PLASTICS LIMITED,202.97,203.52,199.00,199.69,199.05,203.79,,199.69,,,74691,14963429.77,1817,F1,1,,,,,
2026-08-31,2026-08-31,CM,NSE,STK,763784,INE1YPB01014,AGL,EQ,,,,,ALLCARGO GLOBAL LIMITED,14.05,14.50,13.82,13.83,13.85,14.03,,13.83,,,2415944,33989203.93,4467,F1,1,,,,,
2026-08-31,2026-08-31,CM,NSE,STK,13501,INE418H01029,ALLCARGO,EQ,,,,,ALLCARGO LOGISTICS LTD,12.01,12.59,11.84,11.95,12.00,12.19,,11.95,,,18633846,225306375.92,23974,F1,1,,,,,
2026-08-31,2026-08-31,CM,NSE,STK,17778,INE0NN701020,ATL,EQ,,,,,ALLCARGO TERMINALS LTD,27.45,27.69,25.61,25.88,25.84,27.04,,25.89,,,158876,4173617.86,1318,F1,1,,,,,
2026-08-31,2026-08-31,CM,NSE,STK,11798,INE835G01018,ALLDIGI,EQ,,,,,ALLDIGI TECH LIMITED,817.25,817.25,795.00,813.50,810.80,813.65,,813.60,,,6648,5408519.60,376,F1,1,,,,,
2026-08-31,2026-08-31,CM,NSE,STK,24308,INE552Z01027,ABDL,EQ,,,,,ALLIED BLEND N DISTILS L,610.00,622.25,600.25,618.40,620.50,610.00,,618.39,,,289013,177305567.40,10806,F1,1,,,,,
2026-08-31,2026-08-31,CM,NSE,STK,14813,INE102I01027,ADSL,EQ,,,,,ALLIED DIGITAL SERV. LTD,106.00,106.32,104.11,105.19,104.73,106.21,,105.20,,,76759,8058789.73,1646,F1,1,,,,,
2026-08-31,2026-08-31,CM,NSE,STK,16719,INE326B01035,ALMONDZ,EQ,,,,,ALMONDZ GLOBAL SEC LTD,17.49,17.79,17.00,17.53,17.50,16.96,,17.56,,,386915,6734830.75,1019,F1,1,,,,,
2026-08-31,2026-08-31,CM,NSE,STK,17675,INE270A01029,ALOKINDS,EQ,,,,,ALOK INDUSTRIES LIMITED,9.30,9.30,8.37,8.50,8.71,9.24,,8.50,,,63642007,556480005.51,38894,F1,1,,,,,
2026-08-31,2026-08-31,CM,NSE,STK,14848,INE385I01010,ALPA,EQ,,,,,ALPA LABORATORIES LTD,64.90,64.90,62.55,62.73,62.85,63.77,,62.74,,,12779,807765.77,310,F1,1,,,,,
2026-08-31,2026-08-31,CM,NSE,STK,22688,INE0R4701017,ALPEXSOLAR,SM,,,,,ALPEX SOLAR LIMITED,855.00,855.00,825.60,831.70,828.00,849.05,,831.70,,,42600,35465530.00,260,F1,100,,,,,
2026-08-31,2026-08-31,CM,NSE,STK,14601,INE137C01018,ALPHAGEO,BE,,,,,ALPHAGEO (INDIA) LIMITED,313.85,313.85,291.15,291.92,291.15,306.47,,291.82,,,19212,5684407.88,376,F1,1,,,,,
2026-08-31,2026-08-31,CM,NSE,STK,764186,INE1JCQ01037,ALPINETEX,EQ,,,,,ALPINE TEXWORLD LIMITED,55.16,55.99,53.20,53.62,53.70,55.16,,53.62,,,160355,8660940.21,2223,F1,1,,,,,
2026-08-31,2026-08-31,CM,NSE,STK,764578,INE058F01019,ALUFLUOR,EQ,,,,,ALUFLUORIDE LTD.,480.60,489.00,470.25,483.15,482.50,477.90,,481.29,,,3736,1797328.30,424,F1,1,,,,,
2026-08-31,2026-08-31,CM,NSE,STK,23474,INE0STM01017,ALUWIND,SM,,,,,ALUWIND INFRA-TECH LTD,47.55,48.15,45.25,48.15,48.15,47.55,,48.15,,,13500,628725.00,9,F1,1500,,,,,
2026-08-31,2026-08-31,CM,NSE,STK,760740,INE121R01077,AMAGI,EQ,,,,,AMAGI MEDIA LABS LIMITED,569.50,584.50,558.45,567.50,576.00,570.80,,567.49,,,1951326,1108713749.05,35736,F1,1,,,,,
2026-08-31,2026-08-31,CM,NSE,STK,764583,INE841D01013,AMAL,EQ,,,,,AMAL LTD.,767.70,767.70,742.00,744.25,742.50,760.75,,744.49,,,5023,3789889.00,307,F1,1,,,,,
2026-08-31,2026-08-31,CM,NSE,STK,758910,INE084K01015,AMANTA,BE,,,,,AMANTA HEALTHCARE LIMITED,188.80,188.80,186.00,188.80,188.80,185.10,,187.20,,,71378,13408827.50,281,F1,1,,,,,
2026-08-31,2026-08-31,CM,NSE,STK,100,INE885A01032,ARE&M,EQ,,,,,AMARA RAJA ENERGY MOB LTD,919.00,919.20,890.00,892.65,893.00,921.35,,892.64,,,715755,644022818.05,35366,F1,1,,,,,
2026-08-31,2026-08-31,CM,NSE,STK,764588,INE484D01012,AMARJOTHI,EQ,,,,,AMARJOTHI SPINNING MILL L,162.40,162.40,159.00,162.24,162.25,162.40,,161.73,,,877,141754.53,43,F1,1,,,,,
2026-08-31,2026-08-31,CM,NSE,STK,763256,INE293601014,AMBAAUTO,SM,,,,,AMBA AUTO SALES AND SER L,108.50,112.50,108.50,110.80,111.95,112.95,,110.80,,,11000,1221400.00,10,F1,1000,,,,,
2026-08-31,2026-08-31,CM,NSE,STK,762546,INE432A01017,AMBALALSA,BE,,,,,AMBALAL SARABHAI ENT L,43.90,45.98,43.40,45.62,45.75,44.01,,45.62,,,100970,4548565.33,314,F1,1,,,,,
2026-08-31,2026-08-31,CM,NSE,STK,1185,INE371P01015,AMBER,EQ,,,,,AMBER ENTERPRISES (I) LTD,7689.00,7689.00,7562.00,7620.00,7620.00,7675.00,,7620.50,,,105370,802783080.50,15746,F1,1,,,,,
2026-08-31,2026-08-31,CM,NSE,STK,11496,INE792B01012,AMBICAAGAR,EQ,,,,,AMBICA AGAR & AROMAINDLTD,24.46,25.73,24.25,24.28,24.25,25.24,,24.30,,,6718,165313.92,101,F1,1,,,,,
2026-08-31,2026-08-31,CM,NSE,STK,15234,INE540G01014,AMBIKCO,EQ,,,,,AMBIKA COTTON MILL LTD.,1631.00,1648.00,1626.20,1639.70,1648.00,1638.30,,1639.70,,,6584,10781469.30,1139,F1,1,,,,,
2026-08-31,2026-08-31,CM,NSE,STK,1270,INE079A01024,AMBUJACEM,EQ,,,,,AMBUJA CEMENTS LTD,411.40,411.40,401.15,401.15,401.15,412.05,,401.16,,,2212877,896709779.45,33571,F1,1,,,,,
2026-08-31,2026-08-31,CM,NSE,STK,14398,INE005I01014,AMDIND,EQ,,,,,AMD INDUSTRIES LIMITED,54.70,58.75,52.00,56.27,56.65,52.38,,56.25,,,72026,4065710.24,863,F1,1,,,,,
2026-08-31,2026-08-31,CM,NSE,STK,19867,INE275D01022,AMNPLST,EQ,,,,,AMINES & PLASTICIZERS LTD,184.16,184.16,181.00,181.28,181.00,184.16,,181.28,,,804,146262.31,69,F1,1,,,,,
2026-08-31,2026-08-31,CM,NSE,STK,761670,INE05TO01019,AEROPLANE,EQ,,,,,AMIR CHAND JAG KUM (E) L,174.49,176.53,172.56,174.33,174.88,174.82,,174.33,,,293534,51044141.88,2850,F1,1,,,,,
2026-08-31,2026-08-31,CM,NSE,STK,2598,INE606A01024,AMJLAND,EQ,,,,,AMJ LAND HOLDINGS LIMITED,38.09,39.92,37.85,39.57,39.75,38.62,,39.57,,,12970,507377.35,210,F1,1,,,,,
2026-08-31,2026-08-31,CM,NSE,STK,17547,INE098F01031,AMRUTANJAN,EQ,,,,,AMRUTAJAN HEALTH LTD,516.65,523.50,506.00,509.35,511.90,514.25,,509.32,,,73214,37648030.45,5175,F1,1,,,,,
2026-08-31,2026-08-31,CM,NSE,STK,759956,INE549H01021,ARSSBL,EQ,,,,,ANAND RATHI SH N STK BR L,513.15,515.00,506.25,508.75,507.10,509.70,,508.76,,,123094,62733698.65,3643,F1,1,,,,,
2026-08-31,2026-08-31,CM,NSE,STK,7145,INE463V01026,ANANDRATHI,EQ,,,,,ANAND RATHI WEALTH LTD,2219.90,2239.00,2182.30,2204.20,2200.00,2213.40,,2204.22,,,421862,931422202.70,26726,F1,1,,,,,
2026-08-31,2026-08-31,CM,NSE,STK,13620,INE242C01024,ANANTRAJ,EQ,,,,,ANANT RAJ LIMITED,603.00,606.40,590.90,603.90,602.70,606.15,,603.91,,,1596650,954416499.65,38061,F1,1,,,,,
2026-08-31,2026-08-31,CM,NSE,STK,759363,INE1UA823019,ANANTAM,IV,,,,,ANANTAM HIGHWAYS TRUST,105.46,105.88,105.45,105.74,105.74,105.46,,105.74,,,33447,3530280.80,98,F1,1,,,,,
2026-08-31,2026-08-31,CM,NSE,STK,764446,INE1J5V01013,ANAWIL,SM,,,,,ANAWIL WIRE AND ENGIN LTD,407.00,425.00,401.40,403.75,404.90,409.30,,403.75,,,179200,73903000.00,396,F1,400,,,,,
2026-08-31,2026-08-31,CM,NSE,STK,758427,INE0VG001016,AMCL,SM,,,,,ANB METAL CAST LIMITED,359.00,359.00,350.00,355.55,355.55,358.60,,355.55,,,26400,9304580.00,13,F1,400,,,,,
2026-08-31,2026-08-31,CM,NSE,STK,15420,INE666E01020,ACL,EQ,,,,,ANDHRA CEMENTS LIMITED,44.94,44.94,43.50,43.72,43.70,44.14,,43.72,,,11870,520829.56,204,F1,1,,,,,
2026-08-31,2026-08-31,CM,NSE,STK,166,INE435A01051,ANDHRAPAP,EQ,,,,,ANDHRA PAPER LIMITED,60.54,61.38,60.22,60.69,60.66,61.07,,60.69,,,215681,13127973.44,4172,F1,1,,,,,
2026-08-31,2026-08-31,CM,NSE,STK,136,INE715B01021,ANDHRSUGAR,EQ,,,,,ANDHRA SUGARS LTD,98.79,102.70,97.52,99.64,100.30,98.02,,99.64,,,1062628,106631915.25,10345,F1,1,,,,,
2026-08-31,2026-08-31,CM,NSE,STK,5206,INE449C01025,ANDREWYU,EQ,,,,,ANDREW YULE & CO. LTD.,28.65,28.89,27.80,27.89,27.91,28.45,,27.92,,,95639,2689518.72,459,F1,1,,,,,
2026-08-31,2026-08-31,CM,NSE,STK,324,INE732I01021,ANGELONE,EQ,,,,,ANGEL ONE LIMITED,292.65,293.75,278.25,286.90,286.90,294.00,,286.90,,,15319412,4373230960.10,103772,F1,1,,,,,
2026-08-31,2026-08-31,CM,NSE,STK,16657,INE087B01017,ANIKINDS,EQ,,,,,ANIK INDUSTRIES LTD,46.10,47.45,42.90,46.17,46.40,46.06,,46.17,,,50864,2279475.89,577,F1,1,,,,,
2026-08-31,2026-08-31,CM,NSE,STK,20453,INE071F01012,APCL,EQ,,,,,ANJANI PORTLAND CEM LTD,100.00,102.98,99.99,100.89,100.90,100.27,,100.78,,,4715,472624.35,113,F1,1,,,,,
2026-08-31,2026-08-31,CM,NSE,STK,25878,INE106I01010,ANKITMETAL,BZ,,,,,ANKIT MET & POW LTD,1.74,1.74,1.74,1.74,1.74,1.77,,1.74,,,34395,59847.30,40,F1,1,,,,,
2026-08-31,2026-08-31,CM,NSE,STK,758968,INE0Y8W01025,AHCL,EQ,,,,,ANLON HEALTHCARE LIMITED,16.10,16.25,15.58,15.86,15.89,15.91,,15.86,,,3294080,52129173.51,4050,F1,1,,,,,
2026-08-31,2026-08-31,CM,NSE,STK,13657,INE0LR101013,ANLON,SM,,,,,ANLON TECHNOLOGY SOL LTD,631.10,645.00,611.00,625.00,625.00,639.90,,625.00,,,9200,5765680.00,23,F1,400,,,,,
2026-08-31,2026-08-31,CM,NSE,STK,3727,INE02AR01019,ANMOL,EQ,,,,,ANMOL INDIA LIMITED,10.25,10.25,9.81,10.09,10.04,10.05,,10.09,,,26512,265758.52,138,F1,1,,,,,
2026-08-31,2026-08-31,CM,NSE,STK,764471,INE0MGM01017,ANNAPURNA,EQ,,,,,ANNAPURNA SWADISHT LTD,143.70,150.00,142.00,148.50,148.00,144.65,,148.50,,,46694,6899064.05,980,F1,1,,,,,
2026-08-31,2026-08-31,CM,NSE,STK,758740,INE0VTV01012,ANONDITA,SM,,,,,ANONDITA MEDICARE LIMITED,997.50,1129.00,997.50,1075.50,1072.00,1060.90,,1075.50,,,535800,561850780.00,900,F1,200,,,,,
2026-08-31,2026-08-31,CM,NSE,STK,765020,INE030C01015,ANSALBU,EQ,,,,,ANSAL BUILDWELL LTD.,82.42,82.42,77.00,77.00,77.00,82.42,,80.83,,,919,74892.71,49,F1,1,,,,,
2026-08-31,2026-08-31,CM,NSE,STK,19677,INE436A01026,ANSALAPI,BZ,,,,,ANSAL PROP & INFRA LTD,3.28,3.30,3.22,3.26,3.28,3.28,,3.27,,,11739,37818.65,29,F1,1,,,,,
2026-08-31,2026-08-31,CM,NSE,STK,5194,INE414B01021,ANTGRAPHIC,EQ,,,,,ANTARCTICA LTD,0.79,0.79,0.74,0.76,0.77,0.75,,0.76,,,748166,576112.61,263,F1,1,,,,,
2026-08-31,2026-08-31,CM,NSE,STK,13598,INE818A01017,ANTELOPUS,EQ,,,,,ANTELOPUS SELAN ENRGY LTD,789.70,803.95,777.45,784.30,788.00,787.30,,784.49,,,53064,41704882.30,3716,F1,1,,,,,
2026-08-31,2026-08-31,CM,NSE,STK,757885,INE0CZ201020,ANTHEM,EQ,,,,,ANTHEM BIOSCIENCES LTD,900.10,907.20,888.00,893.05,898.10,900.10,,893.02,,,1181406,1057911456.55,35215,F1,1,,,,,
2026-08-31,2026-08-31,CM,NSE,STK,1797,INE01BK01022,AWHCL,EQ,,,,,ANTONY WASTE HDG CELL LTD,385.00,386.00,377.85,383.30,384.00,387.30,,383.30,,,57967,22111855.15,3355,F1,1,,,,,
2026-08-31,2026-08-31,CM,NSE,STK,28314,INE489G01022,ANUHPHR,EQ,,,,,ANUH PHARMA LIMITED,83.57,83.90,80.21,82.04,81.75,83.57,,82.04,,,55545,4564719.98,1478,F1,1,,,,,
2026-08-31,2026-08-31,CM,NSE,STK,2829,INE930P01018,ANURAS,EQ,,,,,ANUPAM RASAYAN INDIA LTD,1261.60,1270.00,1243.50,1262.80,1261.50,1260.40,,1262.80,,,166656,209958068.70,10549,F1,1,,,,,
2026-08-31,2026-08-31,CM,NSE,STK,11945,INE0MIZ23019,ANZEN,IV,,,,,ANZEN IND ENE YLD PLU TRU,131.80,131.80,131.80,131.80,131.80,130.00,,131.80,,,25000,3295000.00,1,F1,25000,,,,,
2026-08-31,2026-08-31,CM,NSE,STK,758904,INF1J2R01114,AONEGOLD,EQ,,,,,AONEAMC - AONEGOLD,15.02,15.02,14.22,14.35,14.38,14.73,,14.35,,,768967,11020644.23,1906,F1,1,,,,,
2026-08-31,2026-08-31,CM,NSE,STK,30472,INF1J2R01056,AONELIQUID,EQ,,,,,AONEAMC - AONELIQUID,1074.89,1074.91,1074.89,1074.89,1074.89,1074.76,,1074.89,,,23133,24865518.97,112,F1,1,,,,,
2026-08-31,2026-08-31,CM,NSE,STK,757096,INF1J2R01064,AONENIFTY,EQ,,,,,AONEAMC - AONENIFTY,10.20,10.20,9.92,9.96,9.98,9.96,,9.96,,,209900,2087958.76,1393,F1,1,,,,,
2026-08-31,2026-08-31,CM,NSE,STK,760193,INF1J2R01171,AONESILVER,EQ,,,,,AONEAMC - AONESILVER,9.03,9.06,8.80,8.92,8.93,9.20,,8.92,,,619845,5521611.21,1783,F1,1,,,,,
2026-08-31,2026-08-31,CM,NSE,STK,759992,INF1J2R01148,AONETMMQ50,EQ,,,,,AONEAMC - AONETMMQ50,10.49,10.54,10.35,10.39,10.37,10.44,,10.39,,,24342,253232.86,287,F1,1,,,,,
2026-08-31,2026-08-31,CM,NSE,STK,29975,INF1J2R01015,AONETOTAL,EQ,,,,,AONEAMC - AONETOTAL,12.22,12.22,11.91,11.94,11.98,11.98,,11.94,,,355909,4253772.31,1520,F1,1,,,,,
2026-08-31,2026-08-31,CM,NSE,STK,11491,INE372A01015,APARINDS,EQ,,,,,APAR INDUSTRIES LTD.,17800.00,18044.00,17550.00,17702.00,17636.00,17803.00,,17702.04,,,88241,1565921707.00,20974,F1,1,,,,,
2026-08-31,2026-08-31,CM,NSE,STK,154,INE116A01032,APCOTEXIND,EQ,,,,,APCOTEX INDUSTRIES LIMITE,628.85,656.00,622.05,646.30,642.00,625.25,,646.30,,,460194,295337200.35,15552,F1,1,,,,,
2026-08-31,2026-08-31,CM,NSE,STK,27291,INE0T4V01015,APEXECO,ST,,,,,APEX ECOTECH LIMITED,253.90,257.00,250.00,252.00,252.00,253.90,,252.00,,,7200,1828720.00,9,F1,800,,,,,
2026-08-31,2026-08-31,CM,NSE,STK,21623,INE346W01013,APEX,EQ,,,,,APEX FROZEN FOODS LIMITED,381.70,385.30,376.55,380.00,379.50,381.25,,380.03,,,113018,43015386.95,3885,F1,1,,,,,
2026-08-31,2026-08-31,CM,NSE,STK,25780,INE702C01027,APLAPOLLO,EQ,,,,,APL APOLLO TUBES LTD,2260.00,2264.90,2207.10,2223.40,2223.40,2265.60,,2223.40,,,1081058,2414083908.10,36732,F1,1,,,,,
2026-08-31,2026-08-31,CM,NSE,STK,757178,INE0TLC07085,930APMD27,N0,,,,,APMD 9.30% 2027 STRPP A,77000.00,77000.00,77000.00,77000.00,77000.00,76000.00,,77000.00,,,2,154000.00,1,F1,1,,,,,
2026-08-31,2026-08-31,CM,NSE,STK,757184,INE0TLC07077,930APMD30,N0,,,,,APMD 9.30% 2030 STRPP D,104337.00,104337.00,104337.00,104337.00,104337.00,103731.23,,104337.00,,,45,4695165.00,1,F1,1,,,,,
2026-08-31,2026-08-31,CM,NSE,STK,157,INE437A01024,APOLLOHOSP,EQ,,,,,APOLLO HOSPITALS ENTER. L,8850.00,8902.00,8813.00,8898.50,8898.50,8838.50,,8898.49,,,405214,3590149250.00,33327,F1,1,,,,,
2026-08-31,2026-08-31,CM,NSE,STK,1134,INE713T01028,APOLLO,EQ,,,,,APOLLO MICRO SYSTEMS LTD,387.45,391.85,383.85,386.10,386.00,387.45,,386.10,,,4103179,1593998263.05,30199,F1,1,,,,,
2026-08-31,2026-08-31,CM,NSE,STK,14361,INE126J01016,APOLLOPIPE,EQ,,,,,APOLLO PIPES LIMITED,631.30,646.40,622.60,627.05,627.00,631.00,,627.04,,,217305,137598642.10,8684,F1,1,,,,,
2026-08-31,2026-08-31,CM,NSE,STK,6302,INE451F01024,APOLSINHOT,EQ,,,,,APOLLO SINDOORI HOTEL LTD,1239.90,1240.00,1215.00,1232.70,1233.90,1215.40,,1232.70,,,562,687543.40,92,F1,1,,,,,
2026-08-31,2026-08-31,CM,NSE,STK,163,INE438A01022,APOLLOTYRE,EQ,,,,,APOLLO TYRES LTD,443.50,450.00,435.85,438.95,438.45,443.50,,438.97,,,778696,342962958.05,22045,F1,1,,,,,
2026-08-31,2026-08-31,CM,NSE,STK,764593,INE217S01014,APOORVA,EQ,,,,,APOORVA LEAS F & INV C L,26.57,26.57,26.57,26.57,26.57,25.31,,26.61,,,28,743.96,2,F1,1,,,,,
2026-08-31,2026-08-31,CM,NSE,STK,24638,INE0LQG01010,APRAMEYA,SM,,,,,APRAMEYA ENGINEERING LTD,124.20,124.20,123.00,124.05,124.00,124.25,,124.05,,,14500,1798850.00,8,F1,500,,,,,
2026-08-31,2026-08-31,CM,NSE,STK,760366,INE0M2307370,915APSBC28,N0,,,,,APSBC 9.15% 2028 STRPP C,101895.07,101895.07,101895.07,101895.07,101895.07,101824.79,,101895.07,,,2,203790.14,2,F1,1,,,,,
2026-08-31,2026-08-31,CM,NSE,STK,760370,INE0M2307339,915APSBC30,N0,,,,,APSBC 9.15% 2030 STRPP E,102250.00,102250.00,102215.80,102222.64,102215.80,103179.36,,102222.64,,,5,511113.20,3,F1,1,,,,,
2026-08-31,2026-08-31,CM,NSE,STK,760372,INE0M2307388,915APSBC31,N0,,,,,APSBC 9.15% 2031 STRPP F,102170.00,104187.80,102170.00,104187.80,104187.80,103000.00,,104187.80,,,14,1437033.70,5,F1,1,,,,,
2026-08-31,2026-08-31,CM,NSE,STK,760376,INE0M2307404,915APSBC33,N0,,,,,APSBC 9.15% 2033 STRPP H,105575.07,105575.07,105575.07,105575.07,105575.07,105479.73,,105575.07,,,3,316725.21,3,F1,1,,,,,
2026-08-31,2026-08-31,CM,NSE,STK,761435,INE1OOJ01011,APSISAERO,ST,,,,,APSIS AEROCOM LIMITED,564.85,564.85,564.85,564.85,564.85,553.80,,564.85,,,187200,105739920.00,32,F1,1200,,,,,
2026-08-31,2026-08-31,CM,NSE,STK,14074,INE266F01018,APTECHT,BE,,,,,APTECH LIMITED,91.52,94.70,90.50,91.84,92.95,91.52,,91.87,,,52469,4858465.60,582,F1,1,,,,,
2026-08-31,2026-08-31,CM,NSE,STK,5435,INE852O01025,APTUS,EQ,,,,,APTUS VALUE HSG FIN I LTD,255.00,257.10,247.25,248.85,248.10,256.15,,248.85,,,938126,235301559.20,19792,F1,1,,,,,
2026-08-31,2026-08-31,CM,NSE,STK,23365,INE416A01051,AQYLON,EQ,,,,,AQYLON NEXUS LIMITED,21.32,21.93,21.01,21.01,21.01,22.11,,21.01,,,774347,16329906.94,1205,F1,1,,,,,
2026-08-31,2026-08-31,CM,NSE,STK,19253,INE08NJ01024,ARABIAN,SM,,,,,ARABIAN PETROLEUM LIMITED,88.00,88.00,88.00,88.00,88.00,87.60,,88.00,,,2000,176000.00,1,F1,2000,,,,,
2026-08-31,2026-08-31,CM,NSE,STK,758670,INE0YDV01010,ARCIIL,SM,,,,,ARC INSULATION & INSU LTD,37.10,39.50,37.00,37.00,37.00,36.15,,37.00,,,27000,1018800.00,25,F1,1000,,,,,
2026-08-31,2026-08-31,CM,NSE,STK,12024,INE128X01021,ACI,EQ,,,,,ARCHEAN CHEMICAL IND LTD,486.90,493.15,480.45,485.45,484.50,484.30,,485.44,,,211062,102774792.90,13640,F1,1,,,,,
2026-08-31,2026-08-31,CM,NSE,STK,245,INE0CHO01012,ADL,EQ,,,,,ARCHIDPLY DECOR LIMITED,77.90,78.90,71.57,75.75,73.00,75.00,,75.83,,,1086,81126.67,36,F1,1,,,,,
2026-08-31,2026-08-31,CM,NSE,STK,16795,INE877I01016,ARCHIDPLY,EQ,,,,,ARCHIDPLY IND. LTD,105.02,108.51,105.02,105.93,106.40,105.23,,105.93,,,11698,1242557.75,369,F1,1,,,,,
2026-08-31,2026-08-31,CM,NSE,STK,5688,INE731A01020,ARCHIES,EQ,,,,,ARCHIES LTD,13.40,13.82,13.10,13.12,13.16,13.40,,13.12,,,22389,296464.87,145,F1,1,,,,,
2026-08-31,2026-08-31,CM,NSE,STK,764598,INE372M01010,ARCL,EQ,,,,,ARCL ORGANICS LTD.,235.00,237.53,234.00,237.00,237.00,226.22,,237.00,,,254,60283.06,37,F1,1,,,,,
2026-08-31,2026-08-31,CM,NSE,STK,764480,INE0XNF01022,ARDEE,EQ,,,,,ARDEE INDUSTRIES LIMITED,61.17,61.32,57.53,58.21,58.79,61.16,,58.21,,,3540606,209113579.57,14627,F1,1,,,,,
2026-08-31,2026-08-31,CM,NSE,STK,758700,INE784R01023,ARFIN,EQ,,,,,ARFIN INDIA LIMITED,86.49,88.43,84.78,87.23,87.30,85.77,,87.24,,,1024777,88856839.94,3317,F1,1,,,,,
2026-08-31,2026-08-31,CM,NSE,STK,13092,INE0L2Y01011,ARHAM,SM,,,,,ARHAM TECHNOLOGIES LTD,219.00,223.75,210.60,212.95,213.25,215.40,,212.95,,,42000,9021050.00,38,F1,1000,,,,,
2026-08-31,2026-08-31,CM,NSE,STK,15204,INE298I01015,ARIES,EQ,,,,,ARIES AGRO LTD.,480.00,487.95,472.50,474.45,480.00,484.30,,474.46,,,30956,14771218.65,1285,F1,1,,,,,
2026-08-31,2026-08-31,CM,NSE,STK,13340,INE0NCC01015,ARIHANTACA,SM,,,,,ARIHANT ACADEMY LIMITED,492.50,492.50,480.00,480.00,480.00,449.95,,480.00,,,2000,970000.00,4,F1,400,,,,,
2026-08-31,2026-08-31,CM,NSE,STK,3813,INE420B01036,ARIHANTCAP,EQ,,,,,ARIHANT CAPITAL MKTS LTD,79.37,79.67,77.50,77.75,77.65,79.39,,77.75,,,63571,4976292.31,833,F1,1,,,,,
2026-08-31,2026-08-31,CM,NSE,STK,13885,INE413D01011,ARIHANT,EQ,,,,,ARIHANT FOUN & HOU LTD,952.20,984.70,890.00,907.80,918.00,958.90,,907.88,,,3929,3635856.50,598,F1,1,,,,,
2026-08-31,2026-08-31,CM,NSE,STK,20159,INE643K01018,ARIHANTSUP,EQ,,,,,ARIHANT SUPERSTRUCT LTD,255.35,255.40,251.10,252.00,252.00,255.35,,252.00,,,3616,914514.45,150,F1,1,,,,,
2026-08-31,2026-08-31,CM,NSE,STK,757614,INE0H9P01028,ARIS,EQ,,,,,ARISINFRA SOLUTIONS LTD,152.45,152.50,141.15,142.27,141.23,151.31,,142.26,,,1008272,146975437.23,9693,F1,1,,,,,
2026-08-31,2026-08-31,CM,NSE,STK,25398,INE0QRL01017,ARKADE,EQ,,,,,ARKADE DEVELOPERS LIMITED,127.90,127.90,122.35,123.35,122.35,127.38,,123.34,,,188573,23571054.53,1775,F1,1,,,,,
2026-08-31,2026-08-31,CM,NSE,STK,17263,INE109C01017,ARMANFIN,EQ,,,,,ARMAN FIN SERV LTD,2034.00,2034.20,1975.00,1980.70,1984.00,2034.20,,1980.75,,,20481,40930854.30,3432,F1,1,,,,,
2026-08-31,2026-08-31,CM,NSE,STK,760752,INE0TZX01019,ARMOUR,ST,,,,,ARMOUR SECURITY (INDIA) L,18.00,18.05,18.00,18.05,18.05,18.90,,18.05,,,6000,108100.00,2,F1,2000,,,,,
2026-08-31,2026-08-31,CM,NSE,STK,14557,INE210C01013,AROGRANITE,EQ,,,,,ARO GRANITE IND. LTD.,24.50,25.50,24.32,24.76,24.70,25.10,,24.75,,,9808,243688.46,88,F1,1,,,,,
2026-08-31,2026-08-31,CM,NSE,STK,9264,INE570D01018,ARROWGREEN,BE,,,,,ARROW GREENTECH LIMITED,680.60,709.00,680.30,701.80,695.10,692.00,,701.69,,,14246,9919100.80,397,F1,1,,,,,
2026-08-31,2026-08-31,CM,NSE,STK,29015,INE968D01022,ARSHIYA,BZ,,,,,ARSHIYA LIMITED,0.81,0.81,0.77,0.77,0.77,0.81,,0.77,,,300013,231180.96,136,F1,1,,,,,
2026-08-31,2026-08-31,CM,NSE,STK,6156,INE738V01013,ARTNIRMAN,EQ,,,,,ART NIRMAN LIMITED,41.00,41.45,39.00,40.00,39.50,39.84,,40.00,,,937,38321.22,21,F1,1,,,,,
2026-08-31,2026-08-31,CM,NSE,STK,761330,INE757T01025,AEPL,EQ,,,,,ARTEMIS ELECTRICALS & P L,15.74,15.74,14.66,15.05,15.28,15.38,,15.05,,,23149,351346.42,183,F1,1,,,,,
2026-08-31,2026-08-31,CM,NSE,STK,16913,INE025R01021,ARTEMISMED,EQ,,,,,ARTEMIS MED SERVICE LTD,319.00,319.60,314.05,317.45,319.05,319.25,,317.45,,,115013,36443503.60,5439,F1,1,,,,,
2026-08-31,2026-08-31,CM,NSE,STK,756896,INE0TTG01017,ARUNAYA,SM,,,,,ARUNAYA ORGANICS LIMITED,14.05,14.50,14.05,14.50,14.50,14.30,,14.50,,,6000,86100.00,3,F1,2000,,,,,
2026-08-31,2026-08-31,CM,NSE,STK,2814,INE006Z01016,ARVEE,EQ,,,,,ARVEE LABORATORIES I LTD,174.00,175.11,162.56,168.48,166.80,169.00,,168.48,,,1926,331173.01,38,F1,1,,,,,
2026-08-31,2026-08-31,CM,NSE,STK,9111,INE955V01021,ARVINDFASN,EQ,,,,,ARVIND FASHIONS LIMITED,450.65,456.50,441.50,452.50,455.10,450.65,,452.51,,,146160,65632227.45,9191,F1,1,,,,,
2026-08-31,2026-08-31,CM,NSE,STK,193,INE034A01011,ARVIND,EQ,,,,,ARVIND LIMITED,542.85,564.20,537.50,555.65,558.20,543.35,,555.64,,,838704,465894822.55,32350,F1,1,,,,,
2026-08-31,2026-08-31,CM,NSE,STK,10457,INE034S01021,ARVSMART,EQ,,,,,ARVIND SMARTSPACES LTD,660.05,669.90,645.00,665.55,665.00,661.40,,665.55,,,66987,44339342.60,3785,F1,1,,,,,
2026-08-31,2026-08-31,CM,NSE,STK,764603,INE032E01017,ARYAMAN,EQ,,,,,ARYAMAN FINANCIAL SERV L,648.00,649.95,615.00,649.95,649.95,644.30,,649.48,,,125,77673.50,15,F1,1,,,,,
2026-08-31,2026-08-31,CM,NSE,STK,5378,INE439A01020,ASAHIINDIA,EQ,,,,,ASAHI INDIA GLASS LIMITED,948.90,956.85,934.10,952.05,951.30,952.70,,952.02,,,139150,132089661.50,13032,F1,1,,,,,
2026-08-31,2026-08-31,CM,NSE,STK,25092,INE228I01012,ASAHISONG,BE,,,,,ASAHI SONGWON COLOR LTD,355.35,380.00,355.35,378.75,374.50,366.70,,378.72,,,22699,8369271.70,202,F1,1,,,,,
2026-08-31,2026-08-31,CM,NSE,STK,24711,INE0LAA01017,ASHALOG,SM,,,,,ASHAPURA LOGISTICS LTD,64.95,64.95,64.25,64.85,64.85,64.95,,64.85,,,3000,194050.00,3,F1,1000,,,,,
2026-08-31,2026-08-31,CM,NSE,STK,203,INE348A01023,ASHAPURMIN,EQ,,,,,ASHAPURA MINECHEM LTD,579.00,579.80,561.85,564.45,564.50,582.10,,564.52,,,328284,186147290.45,13744,F1,1,,,,,
2026-08-31,2026-08-31,CM,NSE,STK,24403,INE365D01021,ASHIANA,EQ,,,,,ASHIANA HOUSING LTD,370.25,370.65,364.10,366.90,364.55,368.80,,366.89,,,26748,9842627.50,935,F1,1,,,,,
2026-08-31,2026-08-31,CM,NSE,STK,762551,INE094B01013,ASHIKAG,BE,,,,,ASHIKA GLOBAL SEC LTD,451.00,451.00,425.00,427.45,425.05,436.55,,427.78,,,14217,6161133.30,128,F1,1,,,,,
2026-08-31,2026-08-31,CM,NSE,STK,206,INE440A01010,ASHIMASYN,EQ,,,,,ASHIMA LTD,18.73,19.10,18.40,18.52,18.42,18.83,,18.52,,,31225,583227.98,192,F1,1,,,,,
2026-08-31,2026-08-31,CM,NSE,STK,212,INE208A01029,ASHOKLEY,EQ,,,,,ASHOK LEYLAND LTD,175.00,176.60,173.82,175.64,175.64,175.77,,175.64,,,14333497,2515835671.59,51846,F1,1,,,,,
2026-08-31,2026-08-31,CM,NSE,STK,20182,INE442H01029,ASHOKA,EQ,,,,,ASHOKA BUILDCON LTD,117.70,129.00,116.91,120.29,119.74,112.65,,120.29,,,98468036,12290560241.10,395471,F1,1,,,,,
2026-08-31,2026-08-31,CM,NSE,STK,16943,INE760Y01011,ASHOKAMET,EQ,,,,,ASHOKA METCAST LIMITED,13.94,13.94,13.40,13.78,13.83,13.65,,13.78,,,2205,30013.26,64,F1,1,,,,,
2026-08-31,2026-08-31,CM,NSE,STK,760418,INE1A6Q01010,ASHWINI,SM,,,,,ASHWINI CONTAINER MOVER L,184.90,184.90,184.90,184.90,184.90,182.00,,184.90,,,1000,184900.00,1,F1,1000,,,,,
2026-08-31,2026-08-31,CM,NSE,STK,7030,INE276G01015,ASIANENE,EQ,,,,,ASIAN ENERGY SERVICES LTD,481.40,484.00,466.65,471.50,473.40,480.80,,471.52,,,277518,131838668.80,6533,F1,1,,,,,
2026-08-31,2026-08-31,CM,NSE,STK,14889,INE022I01019,ASIANTILES,EQ,,,,,ASIAN GRANITO IND. LTD.,48.24,50.70,48.22,49.61,49.63,47.88,,49.61,,,6288505,312275852.53,16320,F1,1,,,,,
2026-08-31,2026-08-31,CM,NSE,STK,19438,INE926K01017,AHLEAST,EQ,,,,,ASIAN HOTELS (EAST) LTD,138.63,142.00,136.30,138.05,138.05,139.32,,138.05,,,2365,329401.15,81,F1,1,,,,,
2026-08-31,2026-08-31,CM,NSE,STK,18422,INE363A01022,ASIANHOTNR,EQ,,,,,ASIAN HOTELS (NORTH) LTD,309.95,379.10,309.95,366.40,357.00,315.95,,366.40,,,1007905,368182111.90,23132,F1,1,,,,,
2026-08-31,2026-08-31,CM,NSE,STK,19370,INE915K01010,AHLWEST,BE,,,,,ASIAN HOTELS (WEST) LTD,550.20,550.20,498.00,549.10,550.00,524.00,,549.20,,,2631,1363848.45,38,F1,1,,,,,
2026-08-31,2026-08-31,CM,NSE,STK,236,INE021A01026,ASIANPAINT,EQ,,,,,ASIAN PAINTS LIMITED,2590.00,2653.60,2561.10,2653.60,2653.60,2608.70,,2653.60,,,1381178,3596538115.70,35262,F1,1,,,,,
2026-08-31,2026-08-31,CM,NSE,STK,765025,INE822B01017,ASIANTNE,EQ,,,,,ASIAN TEA & EXPORTS LTD.,9.99,10.99,9.99,10.22,10.38,10.89,,10.28,,,17485,179988.40,165,F1,1,,,,,
2026-08-31,2026-08-31,CM,NSE,STK,20152,INE491J01022,ASKAUTOLTD,EQ,,,,,ASK AUTOMOTIVE LIMITED,635.00,663.50,628.70,659.90,660.00,633.10,,659.90,,,943528,617742592.05,37078,F1,1,,,,,
2026-08-31,2026-08-31,CM,NSE,STK,17270,INE991I01015,ASPINWALL,EQ,,,,,ASPINWALL & CO LTD,262.52,266.00,261.00,263.56,262.00,262.52,,263.56,,,1677,443622.80,42,F1,1,,,,,
2026-08-31,2026-08-31,CM,NSE,STK,765237,INE165G01010,ASSAMENT,EQ,,,,,ASSAM ENTRADE LIMITED,816.95,816.95,741.30,816.95,816.95,778.05,,816.95,,,4,3191.20,4,F1,1,,,,,
2026-08-31,2026-08-31,CM,NSE,STK,17598,INE073G01016,ASALCBR,EQ,,,,,ASSO ALCOHOLS & BREW LTD,714.15,716.25,695.25,700.80,707.60,714.50,,700.88,,,31262,22054903.70,2053,F1,1,,,,,
2026-08-31,2026-08-31,CM,NSE,STK,17728,INE563J01010,ASTEC,EQ,,,,,ASTEC LIFESCIENCES LTD,581.45,585.00,556.00,560.70,561.80,581.45,,560.70,,,52139,29433702.00,2647,F1,1,,,,,
2026-08-31,2026-08-31,CM,NSE,STK,1508,INE914M01019,ASTERDM,EQ,,,,,ASTER DM QUALITY CARE LTD,746.55,761.25,746.55,756.00,755.00,748.40,,755.99,,,1529874,1154118958.50,51374,F1,1,,,,,
2026-08-31,2026-08-31,CM,NSE,STK,11618,INE386C01029,ASTRAMICRO,EQ,,,,,ASTRA MICROWAVE LTD,1710.00,1715.00,1660.00,1666.00,1662.00,1706.60,,1666.03,,,240681,403087116.60,16572,F1,1,,,,,
2026-08-31,2026-08-31,CM,NSE,STK,14418,INE006I01046,ASTRAL,EQ,,,,,ASTRAL LIMITED,1520.00,1581.00,1515.50,1522.20,1522.20,1532.30,,1522.20,,,11516278,17606382605.40,93643,F1,1,,,,,
2026-08-31,2026-08-31,CM,NSE,STK,5610,INE203A01020,ASTRAZEN,EQ,,,,,ASTRAZENECA PHARMA IND LT,7106.50,7106.50,6905.00,6951.50,6948.00,7106.50,,6951.84,,,12698,88487049.00,2676,F1,1,,,,,
2026-08-31,2026-08-31,CM,NSE,STK,764445,INE646X01014,ASTRON,BZ,,,,,ASTRON PAPER BORD MIL LTD,3.13,3.13,2.98,3.10,3.10,3.13,,3.10,,,8021,24832.58,60,F1,1,,,,,
2026-08-31,2026-08-31,CM,NSE,STK,15649,INE0ALR01029,ATALREAL,EQ,,,,,ATAL REALTECH LIMITED,35.10,35.36,31.70,33.31,32.00,35.51,,33.31,,,18802850,631620173.94,13214,F1,1,,,,,
2026-08-31,2026-08-31,CM,NSE,STK,15404,INE09KD01013,ATAM,EQ,,,,,ATAM VALVES LIMITED,57.19,57.19,54.11,55.96,55.52,55.85,,55.86,,,6088,338818.95,196,F1,1,,,,,
2026-08-31,2026-08-31,CM,NSE,STK,756405,INE0V0Q01019,ATCENERGY,ST,,,,,ATC ENERGIES SYSTEM LTD,22.75,22.80,22.75,22.80,22.80,22.40,,22.80,,,6000,136560.00,5,F1,1200,,,,,
2026-08-31,2026-08-31,CM,NSE,STK,757645,INE0LEZ01016,ATHERENERG,EQ,,,,,ATHER ENERGY LIMITED,1655.00,1717.70,1626.40,1717.70,1717.70,1616.30,,1717.66,,,19768043,33138941601.20,365910,F1,1,,,,,
2026-08-31,2026-08-31,CM,NSE,STK,760953,IN90NN701011,ATLPP,E1,,,,,ATL RE.0.50 PPD UP,9.67,10.75,9.16,9.90,9.90,9.70,,9.33,,,3627,34592.81,24,F1,1,,,,,
2026-08-31,2026-08-31,CM,NSE,STK,759007,INE0Z4F01028,ATLANTAELE,EQ,,,,,ATLANTA ELECTRICALS LTD,1755.00,1845.00,1745.00,1830.40,1837.00,1745.10,,1830.35,,,300563,542223833.10,33021,F1,1,,,,,
2026-08-31,2026-08-31,CM,NSE,STK,13585,INE285H01022,ATLANTAA,EQ,,,,,ATLANTAA LIMITED,37.05,39.98,37.00,38.70,38.93,37.03,,38.71,,,96457,3667431.97,931,F1,1,,,,,
2026-08-31,2026-08-31,CM,NSE,STK,4568,INE446A01025,ATLASCYCLE,EQ,,,,,ATLAS CYCLE (HARYANA) LTD,97.60,98.00,95.11,95.55,95.55,96.11,,95.55,,,2176,208826.98,38,F1,1,,,,,
2026-08-31,2026-08-31,CM,NSE,STK,22785,INE05DH01017,ATMASTCO,SM,,,,,ATMASTCO LIMITED,144.00,145.90,143.35,145.90,145.90,144.90,,145.90,,,6400,925560.00,11,F1,400,,,,,
2026-08-31,2026-08-31,CM,NSE,STK,30023,INE951D01028,ATULAUTO,EQ,,,,,ATUL AUTO LIMITED,483.40,490.00,477.25,486.70,489.95,483.35,,486.71,,,80545,38920101.50,2819,F1,1,,,,,
2026-08-31,2026-08-31,CM,NSE,STK,263,INE100A01010,ATUL,EQ,,,,,ATUL LTD,6417.00,6497.50,6370.00,6392.00,6370.00,6459.50,,6391.97,,,30069,192692746.00,9264,F1,1,,,,,
2026-08-31,2026-08-31,CM,NSE,STK,21238,INE949L01017,AUBANK,EQ,,,,,AU SMALL FINANCE BANK LTD,1075.00,1086.20,1064.30,1086.20,1086.20,1077.10,,1086.20,,,1482998,1597484297.40,40008,F1,1,,,,,
2026-08-31,2026-08-31,CM,NSE,STK,765451,INE16W401027,AUGMONT,EQ,,,,,AUGMONT ENTERPRISES LTD,961.00,1019.80,900.00,908.15,904.00,788.00,,908.13,,,17691142,16859141381.30,529603,F1,1,,,,,
2026-08-31,2026-08-31,CM,NSE,STK,12022,INE132H01018,AURIONPRO,EQ,,,,,AURIONPRO SOLN LTD,707.60,722.60,686.00,709.20,720.00,707.60,,709.21,,,878794,619617317.70,23171,F1,1,,,,,
2026-08-31,2026-08-31,CM,NSE,STK,15869,INE0NUL01018,AUROIMPEX,SM,,,,,AURO IMPEX & CHEMICALS L,25.35,25.35,24.50,24.80,24.85,24.15,,24.80,,,8000,198880.00,4,F1,1600,,,,,
2026-08-31,2026-08-31,CM,NSE,STK,275,INE406A01037,AUROPHARMA,EQ,,,,,AUROBINDO PHARMA LTD,1648.60,1717.00,1635.10,1717.00,1717.00,1645.30,,1716.96,,,2416718,4075555537.00,63260,F1,1,,,,,
2026-08-31,2026-08-31,CM,NSE,STK,10310,INE898S01029,AURUM,EQ,,,,,AURUM PROPTECH LIMITED,231.90,235.00,229.25,231.25,232.50,232.98,,231.25,,,102847,23870801.95,2255,F1,1,,,,,
2026-08-31,2026-08-31,CM,NSE,STK,31468,INE142K01011,AURUS,EQ,,,,,AURUS GEM CORP LIMITED,4.73,4.75,4.60,4.69,4.73,4.66,,4.69,,,4885,22836.17,88,F1,1,,,,,
2026-08-31,2026-08-31,CM,NSE,STK,4037,INE218C01016,AUSOMENT,EQ,,,,,AUSOM ENTERPRISE LIMITED,147.00,150.00,146.00,149.73,150.00,148.24,,149.73,,,5010,743498.39,41,F1,1,,,,,
2026-08-31,2026-08-31,CM,NSE,STK,764608,INE759F01012,AUSTENG,EQ,,,,,AUSTIN ENGINEERING CO. L,128.95,128.95,120.00,122.65,124.50,123.28,,122.64,,,1232,150939.46,33,F1,1,,,,,
2026-08-31,2026-08-31,CM,NSE,STK,21451,INE0P0001010,APS,SM,,,,,AUSTRALIAN PREM SOLAR I L,255.00,255.00,248.00,250.40,250.50,259.10,,250.40,,,12000,3011950.00,40,F1,250,,,,,
2026-08-31,2026-08-31,CM,NSE,STK,23553,INE206F01022,AIIL,EQ,,,,,AUTHUM INVEST & INFRA LTD,547.50,579.00,543.05,560.90,572.00,545.90,,560.92,,,1824874,1024089240.10,66632,F1,1,,,,,
2026-08-31,2026-08-31,CM,NSE,STK,14106,INE718H01014,AUTOIND,EQ,,,,,AUTOLINE INDUSTRIES LTD,88.25,89.45,86.22,87.17,87.48,89.04,,87.17,,,77051,6750397.02,1501,F1,1,,,,,
2026-08-31,2026-08-31,CM,NSE,STK,764558,INE451C01013,ACGL,EQ,,,,,AUTOMOBILE CORPN OF GOA L,1773.00,1805.00,1773.00,1805.00,1805.00,1792.60,,1801.98,,,583,1043501.60,67,F1,1,,,,,
2026-08-31,2026-08-31,CM,NSE,STK,278,INE449A01011,AUTOAXLES,EQ,,,,,AUTOMOTIVE AXLES LIMITED,1740.20,1743.10,1721.10,1728.60,1728.00,1740.20,,1728.65,,,2728,4725488.60,424,F1,1,,,,,
2026-08-31,2026-08-31,CM,NSE,STK,10634,INE900C01027,ASAL,EQ,,,,,AUTOMOTIVE STAMPINGS & AS,487.50,495.70,473.80,476.05,475.00,488.20,,476.06,,,29039,13929033.40,1241,F1,1,,,,,
2026-08-31,2026-08-31,CM,NSE,STK,21406,INE349W01017,AVADHSUGAR,EQ,,,,,AVADH SUG & ENERGY LTD,821.00,873.00,815.55,855.30,852.10,830.05,,855.33,,,346445,294587186.05,16603,F1,1,,,,,
2026-08-31,2026-08-31,CM,NSE,STK,15058,INE0LCL01028,AVALON,EQ,,,,,AVALON TECHNOLOGIES LTD,2244.00,2400.00,2193.00,2373.30,2381.00,2231.70,,2372.72,,,519200,1202927463.70,40161,F1,1,,,,,
2026-08-31,2026-08-31,CM,NSE,STK,760736,INE1KU201016,AVANA,ST,,,,,AVANA ELECTROSYSTEMS LTD,142.95,153.70,142.55,151.70,153.70,150.00,,151.70,,,34000,4967700.00,14,F1,2000,,,,,
2026-08-31,2026-08-31,CM,NSE,STK,765030,INE758A01072,AVANCE,EQ,,,,,AVANCE TECHNOLOGIES LTD.,0.88,0.88,0.86,0.86,0.86,0.87,,0.86,,,4988255,4349523.82,1462,F1,1,,,,,
2026-08-31,2026-08-31,CM,NSE,STK,24610,INE005B01027,AVANTEL,EQ,,,,,AVANTEL LIMITED,163.50,164.90,159.02,160.15,160.50,156.79,,160.15,,,2886095,467581565.92,26933,F1,1,,,,,
2026-08-31,2026-08-31,CM,NSE,STK,7936,INE871C01038,AVANTIFEED,EQ,,,,,AVANTI FEEDS LIMITED,826.75,841.85,815.00,824.70,822.20,826.75,,824.71,,,325472,269274082.40,18245,F1,1,,,,,
2026-08-31,2026-08-31,CM,NSE,STK,19913,INE192R01011,DMART,EQ,,,,,AVENUE SUPERMARTS LIMITED,3819.10,3900.00,3755.00,3900.00,3900.00,3830.60,,3899.73,,,546671,2086228303.10,37110,F1,1,,,,,
2026-08-31,2026-08-31,CM,NSE,STK,16249,INE483S01020,CCAVENUE,EQ,,,,,AVENUESAI LIMITED,15.26,15.27,14.95,15.03,15.02,15.27,,15.03,,,11233045,168814759.26,10319,F1,1,,,,,
2026-08-31,2026-08-31,CM,NSE,STK,15638,INE680Z01018,AVG,BE,,,,,AVG LOGISTICS LIMITED,179.82,179.82,175.15,175.25,175.25,179.22,,175.26,,,5072,897132.56,72,F1,1,,,,,
2026-08-31,2026-08-31,CM,NSE,STK,25520,INE0TFB01017,AVIANSH,SM,,,,,AVI ANSH TEXTILE LIMITED,102.50,103.00,100.00,101.50,101.50,100.50,,101.50,,,4000,407000.00,4,F1,1000,,,,,
2026-08-31,2026-08-31,CM,NSE,STK,755092,INE0V9I01017,AVIENCE,SM,,,,,AVIENCE BIOMEDICALS LTD,269.00,270.95,264.70,266.70,266.70,269.50,,266.70,,,9000,2411640.00,15,F1,600,,,,,
2026-08-31,2026-08-31,CM,NSE,STK,14069,INE855F01042,ASMS,BE,,,,,AVIO SMART MRKT STACK LTD,6.90,7.15,6.66,7.03,7.05,7.01,,7.03,,,289452,2013102.15,395,F1,1,,,,,
2026-08-31,2026-08-31,CM,NSE,STK,13557,INE323B01024,AVONMORE,EQ,,,,,AVONMORE CAP&MGT SERV LTD,13.90,14.19,13.36,13.79,13.84,13.90,,13.78,,,422312,5763930.21,821,F1,1,,,,,
2026-08-31,2026-08-31,CM,NSE,STK,23159,INE0R9401019,AVPINFRA,SM,,,,,AVP INFRACON LIMITED,58.10,60.00,57.80,58.40,58.50,57.55,,58.40,,,22400,1316320.00,24,F1,800,,,,,
2026-08-31,2026-08-31,CM,NSE,STK,8827,INE652Z01025,AVROIND,EQ,,,,,AVRO INDIA LIMITED,9.28,9.34,8.65,9.03,9.06,9.30,,9.05,,,515192,4642938.09,1168,F1,1,,,,,
2026-08-31,2026-08-31,CM,NSE,STK,14008,INE488D01021,AVTNPL,EQ,,,,,AVT NATURAL PRODUCTS LTD,85.43,94.80,84.60,92.06,93.20,85.19,,92.04,,,741243,66995656.09,6551,F1,1,,,,,
2026-08-31,2026-08-31,CM,NSE,STK,23864,INE108V01019,AWFIS,EQ,,,,,AWFIS SPACE SOLUTIONS LTD,251.00,267.00,250.60,258.90,258.00,253.25,,258.89,,,432921,113070303.60,10918,F1,1,,,,,
2026-08-31,2026-08-31,CM,NSE,STK,8110,INE699H01024,AWL,EQ,,,,,AWL AGRI BUSINESS LIMITED,195.91,196.90,191.51,192.55,193.00,196.27,,192.53,,,3438931,667811589.03,39657,F1,1,,,,,
2026-08-31,2026-08-31,CM,NSE,STK,5900,INE238A01034,AXISBANK,EQ,,,,,AXIS BANK LIMITED,1257.00,1300.00,1251.20,1300.00,1300.00,1265.00,,1299.81,,,6093670,7742122528.20,177877,F1,1,,,,,
2026-08-31,2026-08-31,CM,NSE,STK,1044,INF846K01X63,BNKETFAXIS,EQ,,,,,AXISAMC-BNKETFAXIS,593.78,594.00,590.35,594.00,594.00,593.78,,594.00,,,422,249929.29,29,F1,1,,,,,
2026-08-31,2026-08-31,CM,NSE,STK,5732,INF846K016C7,CONSUMAXIS,EQ,,,,,AXISAMC-CONSUMAXIS,122.30,122.31,121.01,121.10,122.10,122.80,,121.10,,,879,107273.40,44,F1,1,,,,,
2026-08-31,2026-08-31,CM,NSE,STK,20532,INF846K01W80,GOLDAXIS,EQ,,,,,AXISAMC-GOLDAXIS,129.00,129.00,126.48,127.78,127.88,131.78,,127.78,,,9347735,1189159029.82,10273,F1,1,,,,,
2026-08-31,2026-08-31,CM,NSE,STK,3608,INF846K01Z12,HEALTHAXIS,EQ,,,,,AXISAMC-HEALTHAXIS,174.21,174.21,169.00,169.68,170.58,170.79,,169.36,,,4479,760595.17,107,F1,1,,,,,
2026-08-31,2026-08-31,CM,NSE,STK,3010,INF846K01Y96,ITAXIS,EQ,,,,,AXISAMC-ITAXIS,347.27,347.27,338.15,342.83,341.94,343.84,,342.87,,,1689,574788.90,88,F1,1,,,,,
2026-08-31,2026-08-31,CM,NSE,STK,21252,INF846K01W98,NIFTYAXIS,EQ,,,,,AXISAMC-NIFTYAXIS,265.55,267.39,265.55,267.01,267.14,267.88,,267.01,,,20553,5482073.59,192,F1,1,,,,,
2026-08-31,2026-08-31,CM,NSE,STK,14742,INF846K010Q0,SENSEXAXIS,EQ,,,,,AXISAMC-SENSEXAXIS,80.05,80.11,79.76,80.07,80.07,79.96,,80.12,,,3557,284546.91,84,F1,1,,,,,
2026-08-31,2026-08-31,CM,NSE,STK,11193,INF846K011K1,SILVERAXIS,EQ,,,,,AXISAMC-SILVERAXIS,240.00,243.75,229.14,232.03,232.98,238.97,,232.03,,,1049189,242354518.63,3024,F1,1,,,,,
2026-08-31,2026-08-31,CM,NSE,STK,30155,INF846KA1119,VALUEAXIS,EQ,,,,,AXISAMC-VALUEAXIS,32.73,32.97,32.50,32.68,32.69,32.82,,32.68,,,104604,3411704.52,487,F1,1,,,,,
2026-08-31,2026-08-31,CM,NSE,STK,9436,INE555B01013,AXISCADES,EQ,,,,,AXISCADES TECH LTD,1635.00,1679.80,1609.10,1671.20,1676.00,1594.70,,1671.14,,,322732,531049287.00,23140,F1,1,,,,,
2026-08-31,2026-08-31,CM,NSE,STK,9902,INE02EZ01022,AXITA,EQ,,,,,AXITA COTTON LIMITED,8.08,8.14,7.75,7.89,7.96,8.05,,7.90,,,731568,5846400.74,999,F1,1,,,,,
2026-08-31,2026-08-31,CM,NSE,STK,764613,INE767C01012,AXTEL,EQ,,,,,AXTEL INDUSTRIES LTD.,409.95,409.95,385.00,388.85,388.30,394.35,,387.22,,,3418,1337505.40,246,F1,1,,,,,
2026-08-31,2026-08-31,CM,NSE,STK,760981,INE501X01029,AYE,EQ,,,,,AYE FINANCE LIMITED,184.80,185.39,175.71,179.52,178.90,183.92,,179.54,,,1431106,257156425.79,30624,F1,1,,,,,
2026-08-31,2026-08-31,CM,NSE,STK,10285,INE193B01039,AYMSYNTEX,EQ,,,,,AYM SYNTEX LIMITED,253.15,294.70,249.10,280.45,282.50,254.40,,280.45,,,1511986,421449693.80,36980,F1,1,,,,,
2026-08-31,2026-08-31,CM,NSE,STK,20905,INE02IJ01035,AZAD,EQ,,,,,AZAD ENGINEERING LIMITED,2859.90,2942.20,2830.00,2861.80,2878.00,2850.50,,2861.86,,,791445,2281520632.30,49098,F1,1,,,,,
2026-08-31,2026-08-31,CM,NSE,STK,765035,INE566M01017,AZADIND,EQ,,,,,AZAD INDIA MOBILITY LTD.,93.40,94.39,88.15,90.26,88.55,93.50,,90.29,,,52431,4783583.99,707,F1,1,,,,,
2026-08-31,2026-08-31,CM,NSE,STK,762616,INE489D01011,BNALTD,BE,,,,,B & A LTD.,385.00,385.00,355.20,360.45,357.50,371.10,,360.45,,,1878,681661.55,28,F1,1,,,,,
2026-08-31,2026-08-31,CM,NSE,STK,12153,INE01EE01011,BBTCL,EQ,,,,,B&B TRIPLEWALL CONT LTD,230.55,235.18,220.51,222.02,222.00,235.59,,222.02,,,13829,3137434.29,401,F1,1,,,,,
2026-08-31,2026-08-31,CM,NSE,STK,11226,INE116D01028,BAGFILMS,EQ,,,,,B.A.G FILMS AND MEDIA LTD,4.42,4.45,4.36,4.38,4.41,4.42,,4.38,,,58805,258017.24,127,F1,1,,,,,
2026-08-31,2026-08-31,CM,NSE,STK,759420,INE17CQ01015,BAGDIGITAL,SM,,,,,B.A.G.CONVERGENCE LIMITED,112.00,112.05,106.00,109.00,109.00,105.10,,109.00,,,35200,3908880.00,4,F1,1600,,,,,
2026-08-31,2026-08-31,CM,NSE,STK,13290,INE350H01032,BLKASHYAP,EQ,,,,,B.L.KASHYAP & SON LTD,59.60,62.00,55.00,55.68,55.43,58.57,,55.68,,,3061325,177729534.77,16313,F1,1,,,,,
2026-08-31,2026-08-31,CM,NSE,STK,25114,INE01FR01028,STYLEBAAZA,EQ,,,,,BAAZAR STYLE RETAIL LTD,410.00,414.95,398.75,400.85,401.90,410.80,,400.88,,,656876,265131782.20,5751,F1,1,,,,,
2026-08-31,2026-08-31,CM,NSE,STK,20141,INE0QW501012,BABAFP,SM,,,,,BABA FOOD PROCESSING,23.00,23.75,22.50,22.50,22.50,23.00,,22.50,,,9600,219120.00,6,F1,1600,,,,,
2026-08-31,2026-08-31,CM,NSE,STK,17735,INE878I01022,BAFNAPH,BE,,,,,BAFNA PHARMACEUTICALS LTD,298.00,305.65,291.00,304.25,305.65,291.10,,304.25,,,29517,8965522.60,374,F1,1,,,,,
2026-08-31,2026-08-31,CM,NSE,STK,763363,INE2OVN25015,BAGMANE,RR,,,,,BAGMANE PRIME OFFICE REIT,107.90,107.90,106.25,106.69,106.51,106.78,,106.66,,,760334,81005931.83,6518,F1,1,,,,,
2026-08-31,2026-08-31,CM,NSE,STK,12989,INE029Q01017,BAHETI,SM,,,,,BAHETI RECYCLING IND LTD,850.00,865.00,850.00,861.80,861.80,847.00,,861.80,,,16875,14466768.75,36,F1,375,,,,,
2026-08-31,2026-08-31,CM,NSE,STK,13794,INE020D01022,BAIDFIN,EQ,,,,,BAID FINSERV LIMITED,9.78,10.41,9.70,10.15,10.23,9.74,,10.15,,,193981,1975351.17,474,F1,1,,,,,
2026-08-31,2026-08-31,CM,NSE,STK,16669,INE917I01010,BAJAJ-AUTO,EQ,,,,,BAJAJ AUTO LIMITED,11910.00,12130.00,11877.00,12130.00,12130.00,11910.00,,12129.22,,,355561,4271391604.00,40169,F1,1,,,,,
2026-08-31,2026-08-31,CM,NSE,STK,19531,INE933K01021,BAJAJCON,EQ,,,,,BAJAJ CONSUMER CARE LTD,478.00,482.50,470.50,474.05,475.00,477.45,,474.05,,,824112,393088545.65,30088,F1,1,,,,,
2026-08-31,2026-08-31,CM,NSE,STK,15034,INE193E01025,BAJAJELEC,EQ,,,,,BAJAJ ELECT.LTD,330.30,332.45,323.60,324.80,323.75,332.75,,324.81,,,115969,37888647.30,3760,F1,1,,,,,
2026-08-31,2026-08-31,CM,NSE,STK,317,INE296A01032,BAJFINANCE,EQ,,,,,BAJAJ FINANCE LIMITED,1069.40,1073.00,1052.00,1057.00,1057.00,1079.90,,1057.00,,,7002192,7421406554.60,102457,F1,1,,,,,
2026-08-31,2026-08-31,CM,NSE,STK,16675,INE918I01026,BAJAJFINSV,EQ,,,,,BAJAJ FINSERV LTD.,1985.60,2021.00,1968.00,2021.00,2021.00,2002.00,,2021.00,,,724648,1446218501.10,37241,F1,1,,,,,
2026-08-31,2026-08-31,CM,NSE,STK,6863,INE411U01027,BAJAJHCARE,EQ,,,,,BAJAJ HEALTHCARE LIMITED,325.00,340.00,324.90,333.70,335.00,322.00,,333.68,,,333362,111096930.50,10120,F1,1,,,,,
2026-08-31,2026-08-31,CM,NSE,STK,308,INE306A01021,BAJAJHIND,EQ,,,,,BAJAJ HINDUSTHAN SUGAR LT,21.75,23.10,21.04,22.47,22.55,21.67,,22.47,,,112387038,2515582022.19,187793,F1,1,,,,,
2026-08-31,2026-08-31,CM,NSE,STK,305,INE118A01012,BAJAJHLDNG,EQ,,,,,BAJAJ HOLDINGS & INVS LTD,11340.00,11644.00,11230.00,11644.00,11644.00,11340.00,,11643.99,,,51276,590378377.00,8385,F1,1,,,,,
2026-08-31,2026-08-31,CM,NSE,STK,25270,INE377Y01014,BAJAJHFL,EQ,,,,,BAJAJ HOUSING FINANCE LTD,85.00,85.00,83.92,84.02,84.07,85.00,,84.02,,,2146707,180637905.51,19517,F1,1,,,,,
2026-08-31,2026-08-31,CM,NSE,STK,762563,INE704G01024,BAJAJST,EQ,,,,,BAJAJ STEEL INDS. LTD.,349.85,359.90,349.50,357.20,358.10,345.55,,357.22,,,14521,5129958.35,731,F1,1,,,,,
2026-08-31,2026-08-31,CM,NSE,STK,20531,INE0KQN01018,BAJEL,EQ,,,,,BAJEL PROJECTS LIMITED,192.19,197.50,185.01,194.12,193.10,192.84,,193.97,,,352819,68243823.08,5664,F1,1,,,,,
2026-08-31,2026-08-31,CM,NSE,STK,13441,INE083D01012,BALPHARMA,EQ,,,,,BAL PHARMA LTD.,84.80,87.30,84.10,85.00,85.00,84.80,,85.00,,,4820,409932.00,84,F1,1,,,,,
2026-08-31,2026-08-31,CM,NSE,STK,14501,INE050E01027,BALAMINES,EQ,,,,,BALAJI AMINES LIMITED,2391.00,2411.70,2302.50,2323.60,2325.00,2390.50,,2323.63,,,135337,317181036.70,15430,F1,1,,,,,
2026-08-31,2026-08-31,CM,NSE,STK,30030,INE0PQ601019,BALAJIPHOS,SM,,,,,BALAJI PHOSPHATES LIMITED,93.00,93.80,93.00,93.80,93.80,88.00,,93.80,,,2000,186800.00,2,F1,1000,,,,,
2026-08-31,2026-08-31,CM,NSE,STK,9158,INE794B01026,BALAJITELE,EQ,,,,,BALAJI TELEFILMS LIMITED.,93.27,93.77,91.50,91.90,91.50,94.05,,91.89,,,73662,6789795.20,1648,F1,1,,,,,
2026-08-31,2026-08-31,CM,NSE,STK,11309,INE618N01022,BALAXI,EQ,,,,,BALAXI PHARMA LTD,22.54,23.00,22.01,22.34,22.31,22.54,,22.34,,,21366,480748.52,116,F1,1,,,,,
2026-08-31,2026-08-31,CM,NSE,STK,335,INE787D01026,BALKRISIND,EQ,,,,,BALKRISHNA IND. LTD,2320.00,2371.00,2241.10,2279.20,2300.00,2340.10,,2279.22,,,9682350,22098124827.90,204540,F1,1,,,,,
2026-08-31,2026-08-31,CM,NSE,STK,10181,INE875R01011,BALKRISHNA,EQ,,,,,BALKRISHNA PAPER MILLS L,16.17,17.35,16.17,17.20,17.20,16.89,,17.35,,,5295,87181.98,32,F1,1,,,,,
2026-08-31,2026-08-31,CM,NSE,STK,338,INE164A01016,BALMLAWRIE,EQ,,,,,BALMER LAWRIE & CO LTD,177.50,177.50,174.00,174.76,174.49,177.80,,174.76,,,124560,21856554.49,2337,F1,1,,,,,
2026-08-31,2026-08-31,CM,NSE,STK,762603,INE525F01025,BLIL,EQ,,,,,BALMER LAWRIE INVSTS. L,72.14,72.36,71.54,71.82,72.11,72.14,,71.84,,,69018,4964675.05,1206,F1,1,,,,,
2026-08-31,2026-08-31,CM,NSE,STK,341,INE119A01028,BALRAMCHIN,EQ,,,,,BALRAMPUR CHINI MILLS LTD,650.20,738.95,647.55,693.50,688.00,654.85,,693.60,,,39555765,28232530600.60,521428,F1,1,,,,,
2026-08-31,2026-08-31,CM,NSE,STK,23607,INE011E01029,BALUFORGE,EQ,,,,,BALU FORGE INDUSTRIES LTD,640.05,650.00,626.45,630.60,631.05,638.80,,630.62,,,1970291,1261136354.55,27065,F1,1,,,,,
2026-08-31,2026-08-31,CM,NSE,STK,347,INE655B01011,BANARBEADS,EQ,,,,,BANARAS BEADS LTD,114.37,118.88,113.00,114.67,113.05,115.53,,114.65,,,4005,463887.32,268,F1,1,,,,,
2026-08-31,2026-08-31,CM,NSE,STK,13880,INE213C01025,BANCOINDIA,EQ,,,,,BANCO PRODUCTS (I) LTD,621.60,631.90,617.00,625.40,626.85,624.40,,625.41,,,90971,56814006.55,6062,F1,1,,,,,
2026-08-31,2026-08-31,CM,NSE,STK,2263,INE545U01014,BANDHANBNK,EQ,,,,,BANDHAN BANK LIMITED,168.25,168.95,163.40,163.50,163.50,168.25,,163.50,,,7241191,1192531774.40,68571,F1,1,,,,,
2026-08-31,2026-08-31,CM,NSE,STK,760325,INF194KB1KJ7,GOLDBND,EQ,,,,,BANDHANAMC - GOLDBND,155.93,155.93,152.50,153.39,153.55,157.91,,153.43,,,10111,1550651.07,392,F1,1,,,,,
2026-08-31,2026-08-31,CM,NSE,STK,18783,INF194KA1U07,IDFNIFTYET,EQ,,,,,BANDHANAMC - IDFNIFTYET,266.00,267.97,265.06,266.34,267.97,264.35,,266.34,,,2515,669659.70,76,F1,1,,,,,
2026-08-31,2026-08-31,CM,NSE,STK,760328,INF194KB1KI9,SILVERBND,EQ,,,,,BANDHANAMC - SILVERBND,236.50,240.39,231.64,234.30,234.98,241.36,,234.30,,,56806,13286499.33,594,F1,1,,,,,
2026-08-31,2026-08-31,CM,NSE,STK,15303,INE863I01016,BANG,EQ,,,,,BANG OVERSEAS LTD.,35.15,35.90,33.60,34.86,35.10,34.75,,34.86,,,70524,2456237.64,838,F1,1,,,,,
2026-08-31,2026-08-31,CM,NSE,STK,4668,INE028A01039,BANKBARODA,EQ,,,,,BANK OF BARODA,241.20,241.27,236.30,238.60,238.60,241.90,,238.60,,,9869595,2345686397.70,46697,F1,1,,,,,
2026-08-31,2026-08-31,CM,NSE,STK,4745,INE084A01016,BANKINDIA,EQ,,,,,BANK OF INDIA,142.88,143.45,140.65,141.59,141.59,144.00,,141.59,,,8243305,1172366768.88,27102,F1,1,,,,,
2026-08-31,2026-08-31,CM,NSE,STK,11377,INE457A01014,MAHABANK,EQ,,,,,BANK OF MAHARASHTRA,83.90,83.90,82.00,82.07,82.07,83.80,,82.07,,,13734000,1135956663.59,41020,F1,1,,,,,
2026-08-31,2026-08-31,CM,NSE,STK,822,INE862Y01015,BANKA,EQ,,,,,BANKA BIOLOO LIMITED,77.00,79.80,75.24,78.57,79.80,79.20,,78.57,,,3342,259596.41,54,F1,1,,,,,
2026-08-31,2026-08-31,CM,NSE,STK,12037,INE186H01022,BASML,BE,,,,,BANNARI AM SPIN MILL LTD.,25.62,25.80,25.00,25.68,25.72,25.50,,25.51,,,66643,1695605.37,93,F1,1,,,,,
2026-08-31,2026-08-31,CM,NSE,STK,350,INE459A01010,BANARISUG,EQ,,,,,BANNARI AMMAN SUGARS LTD,3942.50,4094.00,3900.00,3925.70,3934.00,3930.70,,3925.70,,,5097,20308723.00,1087,F1,1,,,,,
2026-08-31,2026-08-31,CM,NSE,STK,24386,INE0B9K01025,BANSALWIRE,EQ,,,,,BANSAL WIRE INDUSTRIES L,320.00,320.95,312.20,316.65,315.00,318.00,,316.59,,,42499,13397185.65,2225,F1,1,,,,,
2026-08-31,2026-08-31,CM,NSE,STK,14511,INE629D01020,BANSWRAS,EQ,,,,,BANSWARA SYNTEX LIMITED,118.50,118.50,114.69,115.76,115.00,116.88,,115.76,,,17564,2038462.50,439,F1,1,,,,,
2026-08-31,2026-08-31,CM,NSE,STK,15073,INE139I01011,BVCL,EQ,,,,,BARAK VALLEY CEM. LTD.,44.65,45.50,42.35,44.84,44.30,43.90,,44.86,,,195814,8642045.47,710,F1,1,,,,,
2026-08-31,2026-08-31,CM,NSE,STK,29176,INE0QX401014,BARFLEX,SM,,,,,BARFLEX POLYFILMS LIMITED,59.50,61.00,58.05,60.45,61.00,60.00,,60.45,,,40000,2390100.00,20,F1,2000,,,,,
2026-08-31,2026-08-31,CM,NSE,STK,24117,INF251K01TL6,BBNPNBETF,EQ,,,,,BARODABNP - BBNPNBETF,58.15,58.17,57.63,58.00,58.00,57.97,,57.98,,,498,28782.37,29,F1,1,,,,,
2026-08-31,2026-08-31,CM,NSE,STK,20547,INF251K01SU9,BBNPPGOLD,EQ,,,,,BARODABNP - BBNPPGOLD,151.50,151.50,147.40,148.45,148.40,152.85,,148.45,,,12573,1863976.85,178,F1,1,,,,,
2026-08-31,2026-08-31,CM,NSE,STK,368,INE373A01013,BASF,EQ,,,,,BASF INDIA LTD,3848.70,3852.40,3770.00,3787.80,3773.00,3848.70,,3787.84,,,18555,70335906.40,5360,F1,1,,,,,
2026-08-31,2026-08-31,CM,NSE,STK,18442,INE0OCC01013,BASILIC,SM,,,,,BASILIC FLY STUDIO LTD,193.90,202.00,190.00,199.00,199.90,186.45,,199.00,,,72300,14318775.00,160,F1,300,,,,,
2026-08-31,2026-08-31,CM,NSE,STK,371,INE176A01028,BATAINDIA,EQ,,,,,BATA INDIA LTD,685.30,685.50,675.00,682.40,685.00,681.30,,682.40,,,167638,114050842.55,8171,F1,1,,,,,
2026-08-31,2026-08-31,CM,NSE,STK,762568,INE177C01022,BATLIBOI,EQ,,,,,BATLIBOI LTD.,88.41,89.97,85.16,86.32,86.25,88.41,,86.37,,,19052,1661188.69,1115,F1,1,,,,,
2026-08-31,2026-08-31,CM,NSE,STK,22574,INE0JFJ01011,BAWEJA,ST,,,,,BAWEJA STUDIOS LIMITED,23.50,23.85,23.40,23.85,23.85,22.75,,23.85,,,12800,302600.00,15,F1,800,,,,,
2026-08-31,2026-08-31,CM,NSE,STK,17927,INE462A01022,BAYERCROP,EQ,,,,,BAYER CROPSCIENCE LTD,4059.90,4074.40,3940.00,3970.90,3973.00,4048.70,,3970.89,,,42798,170929843.50,7539,F1,1,,,,,
2026-08-31,2026-08-31,CM,NSE,STK,2513,INE412G01024,BCLIND,EQ,,,,,BCL INDUSTRIES LIMITED,37.00,37.02,36.00,36.61,36.83,36.74,,36.61,,,627573,22895537.17,2536,F1,1,,,,,
2026-08-31,2026-08-31,CM,NSE,STK,761494,INE00SW01015,BCPL,EQ,,,,,BCPL RAILWAY INFRA LTD,69.80,70.00,68.00,68.28,68.44,68.94,,68.45,,,4145,284463.53,211,F1,1,,,,,
2026-08-31,2026-08-31,CM,NSE,STK,23922,INE639X01027,BEACON,SM,,,,,BEACON TRUSTEESHIP LTD,85.00,85.00,85.00,85.00,85.00,82.65,,85.00,,,2000,170000.00,2,F1,1000,,,,,
2026-08-31,2026-08-31,CM,NSE,STK,17933,INE520H01022,BEARDSELL,EQ,,,,,BEARDSELL LIMITED,25.96,26.75,25.25,25.58,25.89,25.96,,25.58,,,10973,280986.10,213,F1,1,,,,,
2026-08-31,2026-08-31,CM,NSE,STK,20196,INE844K01012,BEDMUTHA,EQ,,,,,BEDMUTHA INDUST LTD,109.80,109.80,103.15,105.25,105.00,106.25,,105.26,,,2622,275514.93,48,F1,1,,,,,
2026-08-31,2026-08-31,CM,NSE,STK,762573,INE213D01015,BEEKAY,EQ,,,,,BEEKAY STEEL INDS. LTD.,417.10,437.00,394.10,403.10,404.95,424.20,,402.57,,,8561,3486029.95,227,F1,1,,,,,
2026-08-31,2026-08-31,CM,NSE,STK,765291,INE1EEM01017,BLEL,EQ,,,,,BEHARI LAL ENGINEERING L,457.45,463.20,435.10,440.70,438.20,457.45,,440.72,,,972620,435285234.75,19403,F1,1,,,,,
2026-08-31,2026-08-31,CM,NSE,STK,757938,INE344T01014,BELLACASA,EQ,,,,,BELLA CASA FASH AND RET L,248.06,248.28,235.21,237.51,239.00,247.30,,237.49,,,7235,1745690.55,527,F1,1,,,,,
2026-08-31,2026-08-31,CM,NSE,STK,757102,INE894V01022,BELRISE,EQ,,,,,BELRISE INDUSTRIES LTD,229.48,235.54,226.69,232.34,233.37,229.87,,232.38,,,2289847,527506715.12,22104,F1,1,,,,,
2026-08-31,2026-08-31,CM,NSE,STK,15067,INE0N7W01012,BLAL,EQ,,,,,BEML LAND ASSETS LIMITED,167.00,167.80,165.90,165.98,165.91,166.14,,166.00,,,11841,1966714.00,206,F1,1,,,,,
2026-08-31,2026-08-31,CM,NSE,STK,395,INE258A01024,BEML,EQ,,,,,BEML LIMITED,1985.00,1998.00,1925.50,1936.10,1939.90,1984.90,,1935.93,,,309387,607011635.00,26712,F1,1,,,,,
2026-08-31,2026-08-31,CM,NSE,STK,764618,INE664D01019,BENARAS,EQ,,,,,BENARES HOTELS LTD.,10101.00,10290.00,9965.00,10200.00,10200.00,10122.00,,10200.00,,,124,1260228.00,35,F1,1,,,,,
2026-08-31,2026-08-31,CM,NSE,STK,762578,INE083K01017,BENGALASM,EQ,,,,,BENGAL & ASSAM CO. LTD.,6399.00,6557.00,6280.00,6438.00,6548.00,6339.50,,6439.48,,,1373,8791469.00,293,F1,1,,,,,
2026-08-31,2026-08-31,CM,NSE,STK,404,INE463A01038,BERGEPAINT,EQ,,,,,BERGER PAINTS (I) LTD,493.00,505.00,486.00,497.75,500.05,494.35,,497.80,,,261810,129160718.65,13899,F1,1,,,,,
2026-08-31,2026-08-31,CM,NSE,STK,2306,INE052T01021,BESTAGRO,EQ,,,,,BEST AGROLIFE LIMITED,17.35,17.64,16.55,17.16,17.29,17.61,,17.16,,,695136,11951122.24,2007,F1,1,,,,,
2026-08-31,2026-08-31,CM,NSE,STK,759842,INE351Y01019,BETA,EQ,,,,,BETA DRUGS LIMITED,2190.00,2371.80,2153.00,2259.90,2278.00,2201.00,,2259.90,,,29195,65630197.90,4266,F1,1,,,,,
2026-08-31,2026-08-31,CM,NSE,STK,5662,INE0HQI01014,BEWLTD,SM,,,,,BEW ENGINEERING LIMITED,50.00,50.00,49.30,50.00,50.00,50.00,,50.00,,,15000,749600.00,29,F1,500,,,,,
2026-08-31,2026-08-31,CM,NSE,STK,21113,INE878K01010,BFINVEST,EQ,,,,,BF INVESTMENT LIMITED,440.00,446.95,432.80,441.35,439.20,442.80,,441.34,,,19489,8541872.95,1166,F1,1,,,,,
2026-08-31,2026-08-31,CM,NSE,STK,14567,INE243D01012,BFUTILITIE,EQ,,,,,BF UTILITIES LIMITED,510.45,510.70,501.15,502.90,502.40,510.25,,502.31,,,20993,10582837.20,1084,F1,1,,,,,
2026-08-31,2026-08-31,CM,NSE,STK,764183,INF0QA701CI0,BANK10BETF,EQ,,,,,BFAM - BANK10BETF,20.87,20.97,20.74,20.80,20.89,20.77,,20.80,,,400,8352.96,29,F1,1,,,,,
2026-08-31,2026-08-31,CM,NSE,STK,21986,INF0QA701714,BANKBETF,EQ,,,,,BFAM - BANKBETF,58.99,58.99,58.11,58.54,58.58,58.49,,58.54,,,14300,835535.21,249,F1,1,,,,,
2026-08-31,2026-08-31,CM,NSE,STK,23915,INF0QA701854,LIQUIDBETF,EQ,,,,,BFAM - LIQUIDBETF,1096.87,1096.89,1096.87,1096.88,1096.87,1096.75,,1096.88,,,574214,629843929.70,374,F1,1,,,,,
2026-08-31,2026-08-31,CM,NSE,STK,21959,INF0QA701722,NIFTYBETF,EQ,,,,,BFAM - NIFTYBETF,248.24,248.66,246.85,248.55,248.64,248.66,,248.55,,,1399,346316.92,78,F1,1,,,,,
2026-08-31,2026-08-31,CM,NSE,STK,15193,INE661I01014,BGRENERGY,BE,,,,,BGR ENERGY SYSTEMS LTD,252.00,252.00,243.50,244.05,244.30,256.30,,243.55,,,30042,7382248.70,564,F1,1,,,,,
2026-08-31,2026-08-31,CM,NSE,STK,758228,INE0ZRC01017,BHADORA,ST,,,,,BHADORA INDUSTRIES LTD,115.60,115.80,112.20,113.05,113.00,118.00,,113.05,,,73200,8295180.00,18,F1,1200,,,,,
2026-08-31,2026-08-31,CM,NSE,STK,13427,INE354C01027,BHAGERIA,BE,,,,,BHAGERIA INDUSTRIES LTD,250.68,250.68,250.68,250.68,250.68,238.75,,250.68,,,147630,37007888.40,458,F1,1,,,,,
2026-08-31,2026-08-31,CM,NSE,STK,6164,INE414D01027,BHAGCHEM,EQ,,,,,BHAGIRADHA CHEM & INDS L,276.10,285.95,276.00,280.75,280.35,277.90,,280.77,,,76174,21471071.40,2090,F1,1,,,,,
2026-08-31,2026-08-31,CM,NSE,STK,20776,INE458B01036,BHAGYANGR,EQ,,,,,BHAGYANAGAR INDIA LIMITED,393.70,393.85,381.30,384.70,386.45,391.05,,384.68,,,61537,23671346.00,2103,F1,1,,,,,
2026-08-31,2026-08-31,CM,NSE,STK,19556,INE474E01029,BHANDARI,EQ,,,,,BHANDARI HOSIERY EXP LTD,3.05,3.08,2.96,2.98,2.98,3.03,,2.98,,,126528,380411.54,229,F1,1,,,,,
2026-08-31,2026-08-31,CM,NSE,STK,419,INE922A01025,BEPL,EQ,,,,,BHANSALI ENG. POLYMERS LT,122.50,122.86,119.15,121.09,121.60,123.52,,121.09,,,1049586,126516780.88,10371,F1,1,,,,,
2026-08-31,2026-08-31,CM,NSE,STK,13761,INE464A01036,BBL,EQ,,,,,BHARAT BIJLEE LTD,2358.80,2384.60,2325.00,2363.50,2384.60,2358.80,,2363.55,,,11741,27555263.40,1834,F1,1,,,,,
2026-08-31,2026-08-31,CM,NSE,STK,760726,INE05XR01022,BHARATCOAL,EQ,,,,,BHARAT COKING COAL LTD,34.02,34.86,33.57,33.77,33.77,34.02,,33.77,,,5216106,177678218.10,16690,F1,1,,,,,
2026-08-31,2026-08-31,CM,NSE,STK,2144,INE171Z01026,BDL,EQ,,,,,BHARAT DYNAMICS LIMITED,1303.10,1304.00,1266.60,1275.00,1275.00,1306.00,,1275.00,,,1109722,1415880641.00,42234,F1,1,,,,,
2026-08-31,2026-08-31,CM,NSE,STK,383,INE263A01024,BEL,EQ,,,,,BHARAT ELECTRONICS LTD,411.45,414.45,406.30,414.45,414.45,411.90,,414.45,,,12595864,5177008548.15,110504,F1,1,,,,,
2026-08-31,2026-08-31,CM,NSE,STK,422,INE465A01025,BHARATFORG,EQ,,,,,BHARAT FORGE LTD,2034.90,2104.90,2012.00,2104.90,2104.90,2037.70,,2104.89,,,779889,1602858059.90,23073,F1,1,,,,,
2026-08-31,2026-08-31,CM,NSE,STK,9397,INE561C01019,BHARATGEAR,BE,,,,,BHARAT GEARS LTD,103.59,106.00,101.00,101.50,101.20,103.59,,101.45,,,21675,2215878.61,209,F1,1,,,,,
2026-08-31,2026-08-31,CM,NSE,STK,764623,INE365Y01019,BPLPHARMA,EQ,,,,,BHARAT PARENTERALS LTD.,1553.90,1559.90,1520.00,1529.80,1539.60,1527.80,,1530.52,,,1197,1853151.60,117,F1,1,,,,,
2026-08-31,2026-08-31,CM,NSE,STK,526,INE029A01011,BPCL,EQ,,,,,BHARAT PETROLEUM CORP  LT,315.00,324.05,310.80,324.05,324.05,319.25,,324.05,,,8129191,2564507794.70,57221,F1,1,,,,,
2026-08-31,2026-08-31,CM,NSE,STK,3834,INE838B01021,BHARATRAS,EQ,,,,,BHARAT RASAYAN LTD,1251.50,1259.60,1239.00,1248.00,1253.50,1255.20,,1247.78,,,8736,10896501.10,1422,F1,1,,,,,
2026-08-31,2026-08-31,CM,NSE,STK,21683,INE727S01012,BRNL,EQ,,,,,BHARAT ROAD NETWORK LTD,17.30,17.45,17.00,17.25,17.30,17.29,,17.24,,,26961,465762.03,175,F1,1,,,,,
2026-08-31,2026-08-31,CM,NSE,STK,30244,INE415D01024,BHARATSE,EQ,,,,,BHARAT SEATS LIMITED,226.43,227.97,221.02,224.25,225.00,226.43,,224.21,,,109751,24531662.36,2770,F1,1,,,,,
2026-08-31,2026-08-31,CM,NSE,STK,16123,INE316L01019,BHARATWIRE,EQ,,,,,BHARAT WIRE ROPES LTD.,187.27,187.27,181.00,181.71,182.00,186.99,,181.72,,,138057,25352711.68,2649,F1,1,,,,,
2026-08-31,2026-08-31,CM,NSE,STK,11371,INE224M01013,BGLOBAL,BZ,,,,,BHARATIYA GLOBAL INFO LTD,3.16,3.31,3.01,3.16,3.28,3.16,,3.18,,,32478,100070.88,57,F1,1,,,,,
2026-08-31,2026-08-31,CM,NSE,STK,10604,INE397D01024,BHARTIARTL,EQ,,,,,BHARTI AIRTEL LIMITED,1880.00,1895.50,1811.90,1811.90,1811.90,1882.40,,1811.92,,,16921326,31264427404.70,147837,F1,1,,,,,
2026-08-31,2026-08-31,CM,NSE,STK,23489,INE343G01021,BHARTIHEXA,EQ,,,,,BHARTI HEXACOM LIMITED,1540.60,1549.80,1526.30,1545.50,1546.10,1550.10,,1545.48,,,30386,46787810.20,6079,F1,1,,,,,
2026-08-31,2026-08-31,CM,NSE,STK,7848,INE828A01016,BIL,EQ,,,,,BHARTIYA INTERNATIONAL,863.00,863.00,848.00,852.20,859.90,857.70,,852.22,,,23669,20235960.75,330,F1,1,,,,,
2026-08-31,2026-08-31,CM,NSE,STK,438,INE257A01026,BHEL,EQ,,,,,BHEL,430.60,442.65,424.05,442.65,442.65,430.85,,442.63,,,9251968,3996457173.25,48331,F1,1,,,,,
2026-08-31,2026-08-31,CM,NSE,STK,762621,INE274K01012,BTTL,BE,,,,,BHILWARA TECHNICAL TEXT L,43.50,43.60,43.00,43.09,43.00,43.40,,43.09,,,1673,72369.60,20,F1,1,,,,,
2026-08-31,2026-08-31,CM,NSE,STK,18431,INE412U01025,BIGBLOC,EQ,,,,,BIGBLOC CONSTRUCTION LTD,41.60,42.39,41.00,41.35,41.40,42.33,,41.37,,,46102,1911252.20,760,F1,1,,,,,
2026-08-31,2026-08-31,CM,NSE,STK,11966,INE00E101023,BIKAJI,EQ,,,,,BIKAJI FOODS INTERN LTD,624.00,628.00,616.00,625.70,624.20,618.80,,625.62,,,138538,86251095.00,14862,F1,1,,,,,
2026-08-31,2026-08-31,CM,NSE,STK,25527,INE0SQH01013,BIKEWO,ST,,,,,BIKEWO GREEN TECH LIMITED,103.80,103.80,94.45,101.95,100.00,98.90,,101.95,,,208000,20730000.00,85,F1,2000,,,,,
2026-08-31,2026-08-31,CM,NSE,STK,13622,INE071A01013,BILVYAPAR,BE,,,,,BIL VYAPAR LIMITED,4.10,4.10,3.94,4.03,4.04,4.10,,4.03,,,2708,10729.94,25,F1,1,,,,,
2026-08-31,2026-08-31,CM,NSE,STK,762586,INE986A01012,BI,BE,,,,,BILCARE LTD.,90.00,92.69,89.01,90.80,89.62,91.83,,90.79,,,27978,2528039.28,143,F1,1,,,,,
2026-08-31,2026-08-31,CM,NSE,STK,759806,INE0HOQ01053,GROWW,EQ,,,,,BILLIONBRAINS GARAGE VN L,192.00,195.00,190.03,192.06,193.70,191.46,,192.06,,,235495223,45257165859.76,462953,F1,1,,,,,
2026-08-31,2026-08-31,CM,NSE,STK,762588,INE469A01019,BIMETAL,EQ,,,,,BIMETAL BEARINGS LTD.,648.00,648.00,625.00,636.85,640.00,648.50,,637.96,,,298,187308.20,37,F1,1,,,,,
2026-08-31,2026-08-31,CM,NSE,STK,763598,INE1BKA01015,BMLL,SM,,,,,BIO MEDICA LABORATORIES L,146.05,146.05,145.50,145.75,145.50,146.55,,145.75,,,4000,583650.00,3,F1,1000,,,,,
2026-08-31,2026-08-31,CM,NSE,STK,11373,INE376G01013,BIOCON,EQ,,,,,BIOCON LIMITED.,411.10,412.20,401.65,412.00,412.00,411.10,,411.85,,,3746419,1523467547.90,27284,F1,1,,,,,
2026-08-31,2026-08-31,CM,NSE,STK,4136,INE829A01014,BIOFILCHEM,EQ,,,,,BIOFIL CHEM & PHARMA LTD,32.90,33.00,32.27,32.59,32.58,32.93,,32.59,,,4444,144717.96,119,F1,1,,,,,
2026-08-31,2026-08-31,CM,NSE,STK,760942,INE0XW001014,BIOPOL,SM,,,,,BIOPOL CHEMICALS LIMITED,51.55,53.70,51.25,51.25,51.25,56.90,,51.25,,,398400,20533860.00,210,F1,1200,,,,,
2026-08-31,2026-08-31,CM,NSE,STK,6815,INE800A01015,BIRLACABLE,BE,,,,,BIRLA CABLE LIMITED,304.40,309.86,292.00,309.86,309.86,295.11,,309.86,,,370744,114073035.38,3501,F1,1,,,,,
2026-08-31,2026-08-31,CM,NSE,STK,480,INE340A01012,BIRLACORPN,EQ,,,,,BIRLA CORPORATION LTD,883.35,892.00,865.60,872.70,876.00,881.20,,872.70,,,97368,85388218.00,7774,F1,1,,,,,
2026-08-31,2026-08-31,CM,NSE,STK,762593,INE372E01025,BIRLAPREC,EQ,,,,,BIRLA PRECISION TECH L,48.25,48.38,45.01,45.61,46.15,47.64,,45.60,,,150401,6961685.48,1244,F1,1,,,,,
2026-08-31,2026-08-31,CM,NSE,STK,1455,INE557A01011,BIRLANU,EQ,,,,,BIRLANU LIMITED,1440.00,1480.00,1435.20,1440.50,1445.00,1442.30,,1440.45,,,8068,11706992.00,1161,F1,1,,,,,
2026-08-31,2026-08-31,CM,NSE,STK,24404,INF209KC1134,ABGSEC,EQ,,,,,BIRLASLAMC - ABGSEC,115.00,115.01,113.76,115.01,115.01,115.28,,115.13,,,407,46580.54,8,F1,1,,,,,
2026-08-31,2026-08-31,CM,NSE,STK,760247,INF209KC1670,ABSL10BANK,EQ,,,,,BIRLASLAMC - ABSL10BANK,170.54,170.54,168.56,168.80,169.10,168.96,,168.80,,,6800,1155140.85,54,F1,1,,,,,
2026-08-31,2026-08-31,CM,NSE,STK,13987,INF209KB17D5,ABSLBANETF,EQ,,,,,BIRLASLAMC - ABSLBANETF,58.82,59.08,58.71,58.89,58.77,59.07,,58.89,,,47821,2814824.13,303,F1,1,,,,,
2026-08-31,2026-08-31,CM,NSE,STK,14518,INF209KB18T9,ABSLLIQUID,EQ,,,,,BIRLASLAMC - ABSLLIQUID,1000.00,1000.01,999.99,1000.00,1000.00,1000.00,,1000.00,,,2299,2298994.80,24,F1,1,,,,,
2026-08-31,2026-08-31,CM,NSE,STK,761066,INF209KC1662,ABSLMSCIN,EQ,,,,,BIRLASLAMC - ABSLMSCIN,29.89,29.89,29.13,29.72,29.72,29.75,,29.73,,,808,23968.69,12,F1,1,,,,,
2026-08-31,2026-08-31,CM,NSE,STK,7339,INF209KB16D7,ABSLNN50ET,EQ,,,,,BIRLASLAMC - ABSLNN50ET,78.00,78.00,77.01,77.32,77.26,77.89,,77.31,,,9108,704521.96,252,F1,1,,,,,
2026-08-31,2026-08-31,CM,NSE,STK,5957,INF209KB10E8,BSLSENETFG,EQ,,,,,BIRLASLAMC - BSLSENETFG,78.65,78.65,76.92,77.61,77.35,78.01,,77.61,,,1747,136077.06,113,F1,1,,,,,
2026-08-31,2026-08-31,CM,NSE,STK,24847,INF209KC1142,GSEC10ABSL,EQ,,,,,BIRLASLAMC - GSEC10ABSL,111.87,112.06,111.87,112.06,112.06,112.05,,112.06,,,205,22934.30,2,F1,1,,,,,
2026-08-31,2026-08-31,CM,NSE,STK,6297,INF209KB10C2,HEALTHY,EQ,,,,,BIRLASLAMC - HEALTHY,17.24,17.39,17.13,17.21,17.20,17.24,,17.21,,,232876,4004894.72,1246,F1,1,,,,,
2026-08-31,2026-08-31,CM,NSE,STK,10693,INF209KB14K7,MOMENTUM,EQ,,,,,BIRLASLAMC - MOMENTUM,31.90,31.90,31.40,31.49,31.75,31.78,,31.49,,,112504,3552591.18,293,F1,1,,,,,
2026-08-31,2026-08-31,CM,NSE,STK,10690,INF209KB15K4,NIFTYQLITY,EQ,,,,,BIRLASLAMC - NIFTYQLITY,21.55,21.58,21.13,21.45,21.58,21.55,,21.45,,,57238,1224974.54,243,F1,1,,,,,
2026-08-31,2026-08-31,CM,NSE,STK,8003,INF209KB19F6,SILVER,EQ,,,,,BIRLASLAMC - SILVER,238.22,238.22,230.69,233.17,233.50,240.63,,233.17,,,1196942,277950863.82,10860,F1,1,,,,,
2026-08-31,2026-08-31,CM,NSE,STK,6462,INF209KB11D8,TECH,EQ,,,,,BIRLASLAMC - TECH,34.32,34.32,33.56,33.85,33.98,34.05,,33.85,,,28345,956805.07,187,F1,1,,,,,
2026-08-31,2026-08-31,CM,NSE,STK,23806,INF209KB19Z4,ABSLPSE,EQ,,,,,BIRLASLAMC-ABSLPSE,10.07,10.20,10.00,10.01,10.04,10.12,,10.01,,,414363,4152978.19,873,F1,1,,,,,
2026-08-31,2026-08-31,CM,NSE,STK,6994,INE836A01035,BSOFT,EQ,,,,,BIRLASOFT LIMITED,299.00,303.50,290.20,291.25,291.95,300.90,,291.24,,,1337468,392912029.35,38194,F1,1,,,,,
2026-08-31,2026-08-31,CM,NSE,STK,3435,INE676A01027,BBOX,EQ,,,,,BLACK BOX LIMITED,745.00,757.95,730.00,747.65,748.00,745.90,,747.64,,,205424,152669637.20,12132,F1,1,,,,,
2026-08-31,2026-08-31,CM,NSE,STK,762601,INE761G01016,BLACKROSE,BE,,,,,BLACK ROSE INDS. LTD.,114.46,115.99,113.25,114.07,115.00,114.46,,114.34,,,14843,1705415.97,148,F1,1,,,,,
2026-08-31,2026-08-31,CM,NSE,STK,27144,INE0UIZ01018,BLACKBUCK,EQ,,,,,BLACKBUCK LIMITED,589.05,595.50,577.10,593.80,592.95,588.15,,593.80,,,314299,185396825.30,15331,F1,1,,,,,
2026-08-31,2026-08-31,CM,NSE,STK,8132,INE791A01024,BLBLIMITED,EQ,,,,,BLB LIMITED,16.30,16.30,15.65,16.09,16.12,15.98,,16.09,,,114354,1820668.75,251,F1,1,,,,,
2026-08-31,2026-08-31,CM,NSE,STK,19269,INE416D01022,BLISSGVS,BE,,,,,BLISS GVS PHARMA LTD,587.85,617.50,580.00,616.75,617.35,588.10,,616.72,,,746998,455652545.85,4567,F1,1,,,,,
2026-08-31,2026-08-31,CM,NSE,STK,22566,INE0NLT01010,BLSE,EQ,,,,,BLS E-SERVICES LIMITED,320.40,331.30,320.40,327.90,328.90,326.25,,327.91,,,600668,196777664.15,11164,F1,1,,,,,
2026-08-31,2026-08-31,CM,NSE,STK,17279,INE153T01027,BLS,EQ,,,,,BLS INTL SERVS LTD,237.00,242.40,233.11,240.56,239.80,239.03,,240.56,,,2518896,599725574.73,32719,F1,1,,,,,
2026-08-31,2026-08-31,CM,NSE,STK,4681,INE657B01025,BLUECHIP,EQ,,,,,BLUE CHIP INDIA LIMITED,2.18,2.18,2.18,2.18,2.18,2.14,,2.25,,,21009,45799.62,36,F1,1,,,,,
2026-08-31,2026-08-31,CM,NSE,STK,765040,INE373T01047,BLUECLOUDS,EQ,,,,,BLUE CLOUD SOFTECH SOLU L,20.22,20.64,19.95,20.25,20.02,20.19,,20.20,,,2827239,57071537.25,5583,F1,1,,,,,
2026-08-31,2026-08-31,CM,NSE,STK,8552,INE472B01011,BLUECOAST,BE,,,,,BLUE COAST HOTELS LIMITED,23.50,23.57,22.55,23.34,23.34,23.50,,23.25,,,622,14400.10,22,F1,1,,,,,
2026-08-31,2026-08-31,CM,NSE,STK,495,INE233B01017,BLUEDART,EQ,,,,,BLUE DART EXPRESS LTD,4992.00,5019.50,4910.50,4924.00,4938.00,4989.50,,4924.24,,,9084,44960270.50,3390,F1,1,,,,,
2026-08-31,2026-08-31,CM,NSE,STK,19686,INE0KBH01020,BLUEJET,EQ,,,,,BLUE JET HEALTHCARE LTD,577.95,583.20,571.60,578.75,576.05,577.65,,578.71,,,312042,180223304.90,11827,F1,1,,,,,
2026-08-31,2026-08-31,CM,NSE,STK,8311,INE472A01039,BLUESTARCO,EQ,,,,,BLUE STAR LIMITED,1480.00,1490.90,1460.00,1463.80,1463.80,1480.00,,1463.81,,,383556,564883755.80,26851,F1,1,,,,,
2026-08-31,2026-08-31,CM,NSE,STK,758185,INE0X3M01010,BLUEWATER,ST,,,,,BLUE WATER LOGISTICS LTD,489.95,489.95,480.00,480.00,480.00,480.00,,480.00,,,10000,4858300.00,9,F1,1000,,,,,
2026-08-31,2026-08-31,CM,NSE,STK,759291,INE304W01038,BLUESTONE,EQ,,,,,BLUESTONE JEWEL LFSTL LTD,793.00,830.70,770.10,817.40,823.00,794.70,,817.24,,,1264097,1019008555.20,33611,F1,1,,,,,
2026-08-31,2026-08-31,CM,NSE,STK,757520,INE0U4101014,BLUSPRING,EQ,,,,,BLUSPRING ENTERPRISES LTD,129.40,131.79,125.62,126.40,126.70,127.43,,126.40,,,238056,30442434.09,3662,F1,1,,,,,
2026-08-31,2026-08-31,CM,NSE,STK,759256,INE965W01036,BMWVENTLTD,EQ,,,,,BMW VENTURES LIMITED,56.55,57.95,56.50,56.57,56.59,56.65,,56.57,,,45382,2583674.43,759,F1,1,,,,,
2026-08-31,2026-08-31,CM,NSE,STK,762608,INE00HZ01011,BNAGROCHEM,EQ,,,,,BN AGROCHEM LTD.,227.90,234.00,225.00,229.00,229.00,226.80,,229.00,,,5244,1200148.90,17,F1,1,,,,,
2026-08-31,2026-08-31,CM,NSE,STK,25017,INE338D01028,BODALCHEM,EQ,,,,,BODAL CHEMICALS LTD,114.48,118.89,106.41,118.89,118.89,99.08,,118.89,,,7034891,809788317.47,43555,F1,1,,,,,
2026-08-31,2026-08-31,CM,NSE,STK,14150,INE0EEJ01023,BTML,EQ,,,,,BODHI TREE MULTIMEDIA LTD,8.61,8.75,8.26,8.44,8.50,8.61,,8.44,,,436429,3740038.43,712,F1,1,,,,,
2026-08-31,2026-08-31,CM,NSE,STK,11640,INE802W01023,BOHRAIND,EQ,,,,,BOHRA INDUSTRIES LIMITED,12.64,13.35,12.00,12.35,12.15,12.64,,12.35,,,18527,231904.74,75,F1,1,,,,,
2026-08-31,2026-08-31,CM,NSE,STK,380,INE050A01025,BBTC,EQ,,,,,BOMBAY BURMAH TRADING COR,1553.30,1567.30,1495.00,1502.90,1508.50,1563.20,,1502.90,,,225770,343953904.50,14974,F1,1,,,,,
2026-08-31,2026-08-31,CM,NSE,STK,513,INE032A01023,BOMDYEING,EQ,,,,,BOMBAY DYEING & MFG. CO L,118.35,118.35,113.36,114.25,114.01,118.40,,114.24,,,679107,77967441.02,5768,F1,1,,,,,
2026-08-31,2026-08-31,CM,NSE,STK,6052,INE0I3Y01014,BMETRICS,SM,,,,,BOMBAY METRICS S C LTD,33.50,33.65,31.05,31.05,31.05,33.50,,31.05,,,5600,186040.00,6,F1,800,,,,,
2026-08-31,2026-08-31,CM,NSE,STK,809,INE032Z01020,BSHSL,EQ,,,,,BOMBAY SUPER HYBRID SEEDS,91.00,93.00,88.10,89.98,89.01,91.85,,89.95,,,9323,846881.92,263,F1,1,,,,,
2026-08-31,2026-08-31,CM,NSE,STK,31040,INE906B07CB9,830NHAI27,N2,,,,,BOND 8.30% PA TAX FREE S2,1088.00,1088.00,1085.80,1086.00,1086.00,1085.73,,1086.00,,,490,532340.45,10,F1,1,,,,,
2026-08-31,2026-08-31,CM,NSE,STK,591,INE053F07660,840IRFC29,N8,,,,,BOND 8.40% PA TF TI-SIIA,1097.10,1097.10,1097.10,1097.10,1097.10,1249.99,,1097.10,,,2,2194.20,2,F1,1,,,,,
2026-08-31,2026-08-31,CM,NSE,STK,603,INE053F07686,865IRFC29,NA,,,,,BOND 8.65% PA TF TI-SIIB,1108.55,1112.00,1104.00,1107.00,1107.00,1107.99,,1107.00,,,801,887823.50,20,F1,1,,,,,
2026-08-31,2026-08-31,CM,NSE,STK,30990,INE020B07HS2,871REC28,N9,,,,,BOND 8.71% TAX FREE S2B,1118.05,1134.99,1118.00,1125.94,1127.00,1125.60,,1125.94,,,3624,4090066.66,37,F1,1,,,,,
2026-08-31,2026-08-31,CM,NSE,STK,1999,INE053F07744,888IRFC29,NE,,,,,BOND 8.88% PA TF TII-SIIB,1138.99,1140.00,1128.50,1128.50,1128.50,1137.62,,1128.50,,,510,580396.85,6,F1,1,,,,,
2026-08-31,2026-08-31,CM,NSE,STK,31970,INE557F07132,901NHB34,N6,,,,,BOND 9.01%PA TF TR-I S 3B,6400.00,6400.00,6352.00,6357.01,6357.01,6400.00,,6357.01,,,230,1464464.10,17,F1,1,,,,,
2026-08-31,2026-08-31,CM,NSE,STK,761056,INE0B9A01018,BONLON,EQ,,,,,BONLON INDUSTRIES LIMITED,42.50,43.00,40.51,40.67,41.69,40.50,,41.30,,,7102,295798.01,99,F1,1,,,,,
2026-08-31,2026-08-31,CM,NSE,STK,757919,INE16SF01016,BORANA,EQ,,,,,BORANA WEAVES LIMITED,315.30,317.25,307.00,308.50,308.60,317.75,,308.49,,,14297,4416636.60,555,F1,1,,,,,
2026-08-31,2026-08-31,CM,NSE,STK,19401,INE02PY01013,BOROLTD,EQ,,,,,BOROSIL LIMITED,240.01,249.30,237.00,245.86,245.80,239.81,,245.86,,,476653,116491349.90,11366,F1,1,,,,,
2026-08-31,2026-08-31,CM,NSE,STK,3149,INE666D01022,BORORENEW,EQ,,,,,BOROSIL RENEWABLES LTD,504.50,511.15,497.00,502.60,504.60,502.25,,502.61,,,691736,347350041.20,25167,F1,1,,,,,
2026-08-31,2026-08-31,CM,NSE,STK,24014,INE02L001032,BOROSCI,EQ,,,,,BOROSIL SCIENTIFIC LTD,124.44,125.99,122.31,122.91,123.44,124.44,,122.94,,,42438,5260180.61,1037,F1,1,,,,,
2026-08-31,2026-08-31,CM,NSE,STK,4491,INE782A01015,BOSCH-HCIL,EQ,,,,,BOSCH HOME COMFRT IND LTD,1713.80,1762.70,1665.00,1732.40,1735.00,1695.20,,1732.37,,,66050,113841358.30,6449,F1,1,,,,,
2026-08-31,2026-08-31,CM,NSE,STK,2181,INE323A01026,BOSCHLTD,EQ,,,,,BOSCH LIMITED,48595.00,50000.00,48360.00,50000.00,50000.00,48640.00,,49999.62,,,60545,2981902185.00,12022,F1,1,,,,,
2026-08-31,2026-08-31,CM,NSE,STK,530,INE110A01019,BPL,EQ,,,,,BPL LTD,50.98,52.48,49.50,51.07,51.24,50.43,,51.06,,,76877,3946478.06,1880,F1,1,,,,,
2026-08-31,2026-08-31,CM,NSE,STK,24905,INE0R4Z01018,BRACEPORT,SM,,,,,BRACE PORT LOGISTICS LTD,58.70,59.85,58.00,59.85,59.85,58.20,,59.85,,,6400,375440.00,4,F1,1600,,,,,
2026-08-31,2026-08-31,CM,NSE,STK,764628,INE320I01017,BRAHMINFRA,EQ,,,,,BRAHMAPUTRA INFRA L,163.00,163.00,158.33,159.43,160.80,160.13,,159.31,,,10845,1742075.42,321,F1,1,,,,,
2026-08-31,2026-08-31,CM,NSE,STK,24814,INE02RE01045,FIRSTCRY,EQ,,,,,BRAINBEES SOLUTIONS LTD,186.00,191.50,179.58,182.41,181.70,185.48,,182.39,,,4708838,871378911.34,42621,F1,1,,,,,
2026-08-31,2026-08-31,CM,NSE,STK,7780,INE977Y01011,BCONCEPTS,EQ,,,,,BRAND CONCEPTS LIMITED,160.00,166.80,156.15,164.67,164.80,163.07,,164.67,,,16369,2642391.07,573,F1,1,,,,,
2026-08-31,2026-08-31,CM,NSE,STK,760972,INE0XUD01014,BRANDMAN,SM,,,,,BRANDMAN RETAIL LIMITED,164.00,166.70,164.00,166.40,166.70,162.00,,166.40,,,21600,3573360.00,24,F1,800,,,,,
2026-08-31,2026-08-31,CM,NSE,STK,15184,INE791I01019,BRIGADE,EQ,,,,,BRIGADE ENTER. LTD,640.00,658.75,632.05,655.85,658.40,642.25,,655.85,,,345067,223313576.50,22394,F1,1,,,,,
2026-08-31,2026-08-31,CM,NSE,STK,757794,INE03NU01014,BRIGHOTEL,EQ,,,,,BRIGADE HOTEL VENTURE LTD,59.55,59.55,58.10,58.77,58.10,59.56,,58.77,,,83827,4948739.71,1716,F1,1,,,,,
2026-08-31,2026-08-31,CM,NSE,STK,764633,INE630D01010,BRIGHTBR,EQ,,,,,BRIGHT BROTHERS LTD.,260.78,260.78,246.02,257.13,259.99,260.78,,259.39,,,518,130917.45,25,F1,1,,,,,
2026-08-31,2026-08-31,CM,NSE,STK,8833,INE425B01027,BCG,EQ,,,,,BRIGHTCOM GROUP LIMITED,9.05,9.12,8.93,9.04,9.10,9.05,,9.04,,,3934309,35438546.35,3788,F1,1,,,,,
2026-08-31,2026-08-31,CM,NSE,STK,547,INE216A01030,BRITANNIA,EQ,,,,,BRITANNIA INDUSTRIES LTD,5302.00,5302.00,5216.00,5250.00,5250.00,5308.50,,5250.00,,,334255,1755017456.50,23120,F1,1,,,,,
2026-08-31,2026-08-31,CM,NSE,STK,2203,INE0FDU25010,BIRET,RR,,,,,BROOKFIELD INDIA RET,343.80,343.80,339.50,341.71,341.11,341.93,,341.71,,,467019,159494499.87,9822,F1,1,,,,,
2026-08-31,2026-08-31,CM,NSE,STK,25140,INE650L01011,BROOKS,BE,,,,,BROOKS LAB LIMITED,69.28,71.40,66.02,66.54,67.74,69.28,,66.61,,,31613,2156751.81,218,F1,1,,,,,
2026-08-31,2026-08-31,CM,NSE,STK,19585,INE118H01025,BSE,EQ,,,,,BSE LIMITED,3405.00,3408.00,3216.30,3282.00,3282.00,3405.00,,3282.00,,,6123157,20199683361.10,254354,F1,1,,,,,
2026-08-31,2026-08-31,CM,NSE,STK,559,INE594B01012,BSL,EQ,,,,,BSL LTD,124.00,124.00,121.60,123.06,123.49,123.03,,123.06,,,2248,276241.86,47,F1,1,,,,,
2026-08-31,2026-08-31,CM,NSE,STK,2716,INE295F01017,BUTTERFLY,EQ,,,,,BTRFLY GANDHI APPL LTD,633.15,639.40,626.00,629.00,630.00,633.15,,628.99,,,13629,8598107.05,802,F1,1,,,,,
2026-08-31,2026-08-31,CM,NSE,STK,15194,INE817H01022,BURNPUR,EQ,,,,,BURNPUR CEMENT LIMITED,16.80,17.76,16.25,17.76,17.76,16.15,,17.76,,,128736,2216219.94,515,F1,1,,,,,
2026-08-31,2026-08-31,CM,NSE,STK,764643,INE084D01010,CGVAK,EQ,,,,,C G V A K SOFTWARE & EX L,160.00,160.00,148.05,149.82,148.05,149.70,,149.46,,,3511,539125.17,72,F1,1,,,,,
2026-08-31,2026-08-31,CM,NSE,STK,760854,INE0SMX01019,CKKRETAIL,SM,,,,,C K K RETAIL MART LIMITED,165.00,165.00,165.00,165.00,165.00,166.80,,165.00,,,800,132000.00,1,F1,800,,,,,
2026-08-31,2026-08-31,CM,NSE,STK,18372,INE0QBU01012,CPS,SM,,,,,C P S SHAPERS LIMITED,1150.00,1150.00,1150.00,1150.00,1150.00,1150.00,,1150.00,,,300,345000.00,2,F1,150,,,,,
2026-08-31,2026-08-31,CM,NSE,STK,7227,INE0BV301023,MAPMYINDIA,EQ,,,,,C.E. INFO SYSTEMS LIMITED,970.00,1033.00,950.30,1013.40,1008.50,965.90,,1013.40,,,706255,704149195.60,38563,F1,1,,,,,
2026-08-31,2026-08-31,CM,NSE,STK,27274,INE0U7V01015,C2C,SM,,,,,C2C ADVANCED SYSTEMS LTD,228.40,239.40,215.00,237.45,238.00,228.40,,237.45,,,128100,29661082.50,546,F1,150,,,,,
2026-08-31,2026-08-31,CM,NSE,STK,21824,INE090Y01013,CADSYS,ST,,,,,CADSYS (INDIA) LIMITED,46.50,46.50,46.45,46.45,46.45,48.30,,46.45,,,1500,69725.00,3,F1,500,,,,,
2026-08-31,2026-08-31,CM,NSE,STK,764255,INE11XY01018,CMLL,EQ,,,,,CALIBER MINING AND LOG L,510.00,515.35,500.00,504.35,504.20,509.80,,504.34,,,161525,81581057.80,4298,F1,1,,,,,
2026-08-31,2026-08-31,CM,NSE,STK,8341,INE526B01014,CALSOFT,EQ,,,,,CALIFORNIA SOFTWARE CO LT,37.27,37.27,35.50,37.27,37.27,35.50,,37.26,,,1022450,38056594.52,1355,F1,1,,,,,
2026-08-31,2026-08-31,CM,NSE,STK,14222,INE627H01017,CTE,BE,,,,,CAMBRIDGE TECH ENTER LTD,48.80,49.14,44.46,45.37,45.79,46.80,,45.39,,,33503,1577061.73,239,F1,1,,,,,
2026-08-31,2026-08-31,CM,NSE,STK,6216,INE052I01032,CAMLINFINE,EQ,,,,,CAMLIN FINE SCIENCES LTD,103.55,104.57,101.92,102.63,102.75,103.52,,102.63,,,672790,69295165.23,5907,F1,1,,,,,
2026-08-31,2026-08-31,CM,NSE,STK,9362,INE278Y01022,CAMPUS,EQ,,,,,CAMPUS ACTIVEWEAR LIMITED,225.79,227.25,222.64,226.19,226.95,226.14,,226.17,,,342872,77246036.48,6878,F1,1,,,,,
2026-08-31,2026-08-31,CM,NSE,STK,583,INE477A01020,CANFINHOME,EQ,,,,,CAN FIN HOMES LTD,805.00,814.70,788.25,795.30,793.70,815.50,,795.30,,,388045,311032992.10,27531,F1,1,,,,,
2026-08-31,2026-08-31,CM,NSE,STK,10794,INE476A01022,CANBK,EQ,,,,,CANARA BANK,127.50,127.69,125.50,126.90,126.90,128.35,,126.90,,,15831688,2002881062.59,60096,F1,1,,,,,
2026-08-31,2026-08-31,CM,NSE,STK,759477,INE01TY01017,CANHLIFE,EQ,,,,,CANARA HSBC LIFE INS CO L,153.00,162.90,149.41,156.14,157.30,154.19,,156.08,,,7028705,1082985051.68,81118,F1,1,,,,,
2026-08-31,2026-08-31,CM,NSE,STK,759311,INE218I01013,CRAMC,EQ,,,,,CANARA ROBECO AMC LIMITED,261.00,262.00,257.50,259.30,258.75,259.90,,259.29,,,191459,49725639.10,5300,F1,1,,,,,
2026-08-31,2026-08-31,CM,NSE,STK,19368,INE0QG301017,CANARYS,SM,,,,,CANARYS AUTOMATIONS LTD,26.10,26.10,23.55,24.45,24.45,26.35,,24.45,,,84000,2074800.00,20,F1,4000,,,,,
2026-08-31,2026-08-31,CM,NSE,STK,20160,INE068L01024,CANTABIL,EQ,,,,,CANTABIL RETAIL LTD,246.60,246.60,239.50,242.41,242.32,243.59,,242.38,,,63499,15347173.44,1155,F1,1,,,,,
2026-08-31,2026-08-31,CM,NSE,STK,21749,INE264T01014,CAPACITE,EQ,,,,,CAPACITE INFRAPROJECT LTD,216.80,217.01,212.70,214.00,214.00,217.33,,214.02,,,149455,32070941.11,3475,F1,1,,,,,
2026-08-31,2026-08-31,CM,NSE,STK,759867,INE0ILV01024,CAPILLARY,EQ,,,,,CAPILLARY TECHNO INDIA L,504.50,504.50,492.60,493.90,494.30,501.50,,493.91,,,52919,26237001.15,2882,F1,1,,,,,
2026-08-31,2026-08-31,CM,NSE,STK,756015,INE345H01024,CIFL,EQ,,,,,CAPITAL INDIA FINANCE LTD,20.74,21.29,20.33,20.39,20.35,20.72,,20.39,,,70989,1475058.88,529,F1,1,,,,,
2026-08-31,2026-08-31,CM,NSE,STK,29157,INE0Z8Z23013,CAPINVIT,IV,,,,,CAPITAL INFRA TRUST,77.14,77.15,76.81,76.95,76.95,77.00,,76.95,,,203051,15623793.56,2073,F1,1,,,,,
2026-08-31,2026-08-31,CM,NSE,STK,22675,INE646H01017,CAPITALSFB,EQ,,,,,CAPITAL SMALL FIN BANK L,280.35,285.00,280.05,283.20,283.20,281.65,,283.20,,,11675,3303513.90,514,F1,1,,,,,
2026-08-31,2026-08-31,CM,NSE,STK,19451,INE707C01018,CAPTRUST,BE,,,,,CAPITAL TRUST LIMITED,19.80,19.82,19.25,19.46,19.58,20.02,,19.46,,,15164,296656.52,126,F1,1,,,,,
2026-08-31,2026-08-31,CM,NSE,STK,3906,INE475E01026,CAPLIPOINT,EQ,,,,,CAPLIN POINT LAB LTD.,2518.50,2588.90,2492.20,2517.40,2499.00,2517.20,,2517.40,,,92549,234621639.30,13093,F1,1,,,,,
2026-08-31,2026-08-31,CM,NSE,STK,20329,INE180C01042,CGCL,EQ,,,,,CAPRI GLOBAL CAPITAL LTD,257.98,258.70,248.93,256.46,256.00,257.98,,256.46,,,3765128,958260862.39,32200,F1,1,,,,,
2026-08-31,2026-08-31,CM,NSE,STK,764203,INE536P01021,CPL,EQ,,,,,CAPTAIN POLYPLAST LIMITED,64.30,65.39,63.82,64.49,63.92,63.89,,64.49,,,125766,8116665.12,1343,F1,1,,,,,
2026-08-31,2026-08-31,CM,NSE,STK,595,INE120A01034,CARBORUNIV,EQ,,,,,CARBORUNDUM UNIVERSAL LTD,1095.50,1134.90,1095.50,1106.60,1108.00,1116.80,,1106.63,,,169772,188845733.00,16171,F1,1,,,,,
2026-08-31,2026-08-31,CM,NSE,STK,29113,INE752H01013,CARERATING,EQ,,,,,CARE RATINGS LIMITED,1675.00,1775.00,1670.10,1729.00,1734.90,1682.10,,1729.00,,,138118,240044338.00,17611,F1,1,,,,,
2026-08-31,2026-08-31,CM,NSE,STK,758941,INE0P6P01016,CPEDU,EQ,,,,,CAREER POINT EDUTECH LTD,189.90,189.90,177.60,182.08,183.09,186.52,,182.10,,,3847,695785.35,117,F1,1,,,,,
2026-08-31,2026-08-31,CM,NSE,STK,28879,INE0V7W01012,CARRARO,EQ,,,,,CARRARO INDIA LIMITED,557.80,572.60,552.30,559.40,558.00,557.80,,559.55,,,559233,315643050.30,11425,F1,1,,,,,
2026-08-31,2026-08-31,CM,NSE,STK,5407,INE290S01011,CARTRADE,EQ,,,,,CARTRADE TECH LIMITED,3014.60,3084.30,2950.00,2991.50,2991.00,3014.60,,2991.53,,,358615,1079794713.30,41868,F1,1,,,,,
2026-08-31,2026-08-31,CM,NSE,STK,1879,INE482D01024,CARYSIL,EQ,,,,,CARYSIL LIMITED,1117.70,1144.00,1095.10,1128.50,1140.00,1112.80,,1128.73,,,56629,63579897.20,5748,F1,1,,,,,
2026-08-31,2026-08-31,CM,NSE,STK,758129,INE0WL201014,CUDML,SM,,,,,CASH UR DRIVE MARKETING L,102.35,104.00,100.75,100.75,100.75,99.05,,100.75,,,8000,823750.00,7,F1,1000,,,,,
2026-08-31,2026-08-31,CM,NSE,STK,1250,INE172A01027,CASTROLIND,EQ,,,,,CASTROL INDIA LIMITED,185.90,186.16,184.10,184.49,184.70,185.24,,184.49,,,2175158,401736031.32,30123,F1,1,,,,,
2026-08-31,2026-08-31,CM,NSE,STK,11452,INE421D01022,CCL,EQ,,,,,CCL PRODUCTS (I) LTD,1116.20,1125.00,1066.70,1079.80,1091.00,1123.10,,1079.82,,,258424,281882978.20,26312,F1,1,,,,,
2026-08-31,2026-08-31,CM,NSE,STK,15254,INE482A01020,CEATLTD,EQ,,,,,CEAT LIMITED,3481.00,3497.00,3398.90,3419.70,3419.00,3511.50,,3420.01,,,96614,331942093.00,16034,F1,1,,,,,
2026-08-31,2026-08-31,CM,NSE,STK,757690,INE11J101017,CEDAAR,ST,,,,,CEDAAR TEXTILE LIMITED,13.60,14.50,13.60,14.30,14.30,14.30,,14.30,,,43000,614600.00,16,F1,1000,,,,,
2026-08-31,2026-08-31,CM,NSE,STK,24742,INE0AG901020,CEIGALL,EQ,,,,,CEIGALL INDIA LIMITED,341.00,343.00,336.60,341.35,342.00,341.00,,341.34,,,334208,113196584.90,6696,F1,1,,,,,
2026-08-31,2026-08-31,CM,NSE,STK,761037,INE016Q01014,CEINSYS,EQ,,,,,CEINSYS TECH LIMITED,722.35,722.35,703.55,710.40,710.00,723.15,,710.47,,,47907,34124712.00,3096,F1,1,,,,,
2026-08-31,2026-08-31,CM,NSE,STK,13162,INE185H01016,CELEBRITY,EQ,,,,,CELEBRITY FASHIONS LTD,6.81,6.94,6.50,6.62,6.68,6.80,,6.62,,,19141,128400.28,94,F1,1,,,,,
2026-08-31,2026-08-31,CM,NSE,STK,18806,INE0OMO01025,CELLECOR,SM,,,,,CELLECOR GADGETS LIMITED,32.45,33.00,30.65,31.50,30.65,32.45,,31.50,,,357000,11300250.00,81,F1,3000,,,,,
2026-08-31,2026-08-31,CM,NSE,STK,19795,INE0LMW01024,CELLO,EQ,,,,,CELLO WORLD LIMITED,351.50,354.90,346.05,352.30,352.25,350.80,,352.28,,,143419,50218031.95,6931,F1,1,,,,,
2026-08-31,2026-08-31,CM,NSE,STK,5622,INE686A01026,CEMPRO,EQ,,,,,CEMINDIA PROJECTS LIMITED,1275.00,1275.00,1206.20,1225.60,1227.00,1268.10,,1225.56,,,471498,583821898.10,27759,F1,1,,,,,
2026-08-31,2026-08-31,CM,NSE,STK,14894,INE483A01010,CENTRALBK,EQ,,,,,CENTRAL BANK OF INDIA,30.40,30.45,30.10,30.22,30.25,30.54,,30.22,,,4747177,143438225.94,15872,F1,1,,,,,
2026-08-31,2026-08-31,CM,NSE,STK,21174,INE736A01011,CDSL,EQ,,,,,CENTRAL DEPO SER (I) LTD,1413.90,1413.90,1382.70,1402.50,1402.50,1414.70,,1402.50,,,1190879,1660523864.10,39445,F1,1,,,,,
2026-08-31,2026-08-31,CM,NSE,STK,761581,INE05HV01027,CMPDI,EQ,,,,,CENTRAL MINE P N D INST L,230.97,237.80,227.20,230.92,231.20,230.97,,230.93,,,1389923,324014468.58,21446,F1,1,,,,,
2026-08-31,2026-08-31,CM,NSE,STK,2454,INE660C01027,CENTRUM,EQ,,,,,CENTRUM CAPITAL LIMITED,22.93,23.29,22.80,22.97,23.28,23.05,,22.97,,,134256,3082762.75,416,F1,1,,,,,
2026-08-31,2026-08-31,CM,NSE,STK,14982,INE320B01020,CENTUM,EQ,,,,,CENTUM ELECTRONICS LTD,3480.00,3535.00,3366.00,3445.50,3443.80,3442.80,,3445.57,,,55304,191365760.90,13668,F1,1,,,,,
2026-08-31,2026-08-31,CM,NSE,STK,619,INE485A01015,CENTENKA,EQ,,,,,CENTURY ENKA LTD,546.60,549.30,540.50,546.80,542.50,547.40,,546.79,,,24609,13396691.10,1466,F1,1,,,,,
2026-08-31,2026-08-31,CM,NSE,STK,11511,INE281A01026,CENTEXT,EQ,,,,,CENTURY EXTRUSIONS LTD,22.03,22.45,21.65,22.21,22.16,22.27,,22.21,,,156217,3452745.15,849,F1,1,,,,,
2026-08-31,2026-08-31,CM,NSE,STK,13305,INE348B01021,CENTURYPLY,EQ,,,,,CENTURY PLYBOARDS (I) LTD,753.80,763.45,745.30,757.25,756.60,753.80,,757.43,,,23462,17685153.85,3653,F1,1,,,,,
2026-08-31,2026-08-31,CM,NSE,STK,15039,INE739E01017,CERA,EQ,,,,,CERA SANITARYWARE LTD,5688.00,5763.50,5600.00,5730.50,5743.50,5654.50,,5730.48,,,7710,43865764.50,1891,F1,1,,,,,
2026-08-31,2026-08-31,CM,NSE,STK,29016,INE345B01019,CEREBRAINT,BZ,,,,,CEREBRA INT TECH LTD,2.66,2.66,2.48,2.50,2.50,2.61,,2.50,,,311357,775642.54,213,F1,1,,,,,
2026-08-31,2026-08-31,CM,NSE,STK,628,INE486A01021,CESC,EQ,,,,,CESC LTD,148.10,148.63,145.42,146.16,146.08,148.11,,146.16,,,1882069,276216967.03,22032,F1,1,,,,,
2026-08-31,2026-08-31,CM,NSE,STK,760,INE067A01029,CGPOWER,EQ,,,,,CG POWER AND IND SOL LTD,884.15,916.00,875.00,916.00,916.00,889.00,,915.89,,,3393030,3029712779.55,39500,F1,1,,,,,
2026-08-31,2026-08-31,CM,NSE,STK,8546,INE427F01016,CHALET,EQ,,,,,CHALET HOTELS LIMITED,900.10,919.95,891.20,903.95,896.10,901.20,,903.96,,,220262,200437397.50,22893,F1,1,,,,,
2026-08-31,2026-08-31,CM,NSE,STK,3482,INE419D01026,CLSEL,EQ,,,,,CHAMAN LAL SETIA EXP LTD,294.95,305.95,289.05,300.65,301.20,293.05,,300.65,,,200671,60220804.10,5731,F1,1,,,,,
2026-08-31,2026-08-31,CM,NSE,STK,13731,INE06PV01010,CMNL,SM,,,,,CHAMAN METALLICS LIMITED,119.80,119.80,118.00,118.00,118.00,120.00,,118.00,,,6000,712800.00,8,F1,750,,,,,
2026-08-31,2026-08-31,CM,NSE,STK,637,INE085A01013,CHAMBLFERT,EQ,,,,,CHAMBAL FERTILIZERS LTD,421.00,421.00,406.90,409.55,408.00,421.55,,409.54,,,1249117,514863583.95,32032,F1,1,,,,,
2026-08-31,2026-08-31,CM,NSE,STK,29633,INE0B2N01016,CHANDAN,SM,,,,,CHANDAN HEALTHCARE LTD,223.00,224.00,216.00,222.80,224.00,217.90,,222.80,,,13600,2999880.00,17,F1,800,,,,,
2026-08-31,2026-08-31,CM,NSE,STK,18654,INE0PT101017,CHAVDA,SM,,,,,CHAVDA INFRA LIMITED,135.00,135.00,128.10,129.55,128.10,138.65,,129.55,,,26000,3421000.00,26,F1,1000,,,,,
2026-08-31,2026-08-31,CM,NSE,STK,757991,INE0TGX01019,CHEMBONDCH,BE,,,,,CHEMBOND CHEMICAL LIMITED,267.60,272.80,255.00,256.53,259.99,267.49,,256.61,,,9504,2466759.89,150,F1,1,,,,,
2026-08-31,2026-08-31,CM,NSE,STK,14618,INE995D01025,CHEMBOND,EQ,,,,,CHEMBOND MATERIALTECH LTD,175.80,177.00,170.00,174.47,174.99,174.48,,174.37,,,9191,1591242.35,420,F1,1,,,,,
2026-08-31,2026-08-31,CM,NSE,STK,276,INE03YM01018,CHEMCON,BE,,,,,CHEMCON SPECIAL CHEM LTD,200.80,205.00,198.00,200.76,200.00,199.54,,200.76,,,30197,6073961.27,423,F1,1,,,,,
2026-08-31,2026-08-31,CM,NSE,STK,765045,INE298W01016,CHEMCRUX,EQ,,,,,CHEMCRUX ENTERPRISES LTD.,86.40,86.40,82.50,83.23,82.75,84.46,,82.84,,,3114,258536.19,108,F1,1,,,,,
2026-08-31,2026-08-31,CM,NSE,STK,2799,INE783X01023,CHEMFAB,EQ,,,,,CHEMFAB ALKALIS LIMITED,350.10,368.35,350.10,359.95,360.05,369.75,,359.97,,,1951,706208.20,113,F1,1,,,,,
2026-08-31,2026-08-31,CM,NSE,STK,5449,INE488A01050,CHEMPLASTS,EQ,,,,,CHEMPLAST SANMAR LIMITED,182.68,182.68,175.23,176.52,176.00,182.68,,176.54,,,198895,35167491.09,5953,F1,1,,,,,
2026-08-31,2026-08-31,CM,NSE,STK,2049,INE178A01016,CHENNPETRO,EQ,,,,,CHENNAI PETROLEUM CORP LT,1347.00,1380.00,1325.10,1367.40,1365.50,1341.10,,1367.37,,,1136841,1542159013.20,39480,F1,1,,,,,
2026-08-31,2026-08-31,CM,NSE,STK,24625,INE0U1T01012,CHETANA,SM,,,,,CHETANA EDUCATION LIMITED,41.50,42.80,41.50,42.80,42.80,43.00,,42.80,,,6400,267680.00,4,F1,1600,,,,,
2026-08-31,2026-08-31,CM,NSE,STK,9879,INE974B01016,CHEVIOT,EQ,,,,,CHEVIOT COMPANY LIMITED,1141.60,1141.60,1130.60,1134.30,1138.00,1141.60,,1134.30,,,534,606543.60,103,F1,1,,,,,
2026-08-31,2026-08-31,CM,NSE,STK,8866,INE102B01014,CHOICEIN,EQ,,,,,CHOICE INTERNATIONAL LTD,784.90,785.00,775.05,780.70,780.10,786.40,,780.69,,,238496,186150798.15,7951,F1,1,,,,,
2026-08-31,2026-08-31,CM,NSE,STK,759610,INF2KCX01012,CHOICEGOLD,EQ,,,,,CHOICEAMC - CHOICEGOLD,156.63,160.00,151.81,153.23,152.90,156.63,,153.23,,,5008,765203.68,196,F1,1,,,,,
2026-08-31,2026-08-31,CM,NSE,STK,21740,INE149A01033,CHOLAHLDNG,EQ,,,,,CHOLAMANDALAM FIN HOL LTD,1492.00,1501.80,1448.40,1485.50,1465.50,1498.80,,1485.53,,,301101,443663191.80,29378,F1,1,,,,,
2026-08-31,2026-08-31,CM,NSE,STK,685,INE121A01024,CHOLAFIN,EQ,,,,,CHOLAMANDALAM IN & FIN CO,1853.00,1857.40,1807.50,1857.40,1857.40,1862.90,,1857.41,,,1269330,2328731767.70,43390,F1,1,,,,,
2026-08-31,2026-08-31,CM,NSE,STK,14937,INE536H01010,CIEINDIA,EQ,,,,,CIE AUTOMOTIVE INDIA LTD,391.50,395.00,386.85,391.05,388.60,389.95,,391.05,,,311650,121911933.95,16029,F1,1,,,,,
2026-08-31,2026-08-31,CM,NSE,STK,27161,INE704H01022,CINELINE,EQ,,,,,CINELINE INDIA LIMITED,88.01,89.60,86.00,88.10,88.11,87.98,,88.10,,,22357,1968468.05,441,F1,1,,,,,
2026-08-31,2026-08-31,CM,NSE,STK,8024,INE039B01026,CINEVISTA,EQ,,,,,CINEVISTA LIMITED,14.42,14.73,14.26,14.42,14.50,14.41,,14.42,,,4989,72096.85,57,F1,1,,,,,
2026-08-31,2026-08-31,CM,NSE,STK,694,INE059A01026,CIPLA,EQ,,,,,CIPLA LTD,1418.00,1426.10,1409.20,1409.20,1409.20,1423.50,,1409.50,,,977929,1382593743.90,22308,F1,1,,,,,
2026-08-31,2026-08-31,CM,NSE,STK,763149,INE2Q7823014,CITIUSINVT,IV,,,,,CITIUS TRANSNET INV TRUST,115.45,115.45,113.70,114.59,114.50,114.46,,114.59,,,264307,30260659.06,971,F1,1,,,,,
2026-08-31,2026-08-31,CM,NSE,STK,5701,INE491A01021,CUB,EQ,,,,,CITY UNION BANK LTD,222.00,230.44,220.00,229.19,229.50,222.24,,229.18,,,4962483,1133632392.74,55152,F1,1,,,,,
2026-08-31,2026-08-31,CM,NSE,STK,20233,INE201M01029,CLEDUCATE,BE,,,,,CL EDUCATE LIMITED,64.80,64.80,62.08,62.09,62.09,65.34,,62.09,,,14421,904182.79,138,F1,1,,,,,
2026-08-31,2026-08-31,CM,NSE,STK,758736,INE0UQ601012,CLASSICEIL,SM,,,,,CLASSIC ELECTRODE (IND) L,54.25,55.00,54.20,55.00,55.00,56.95,,55.00,,,14400,783840.00,9,F1,1600,,,,,
2026-08-31,2026-08-31,CM,NSE,STK,754695,INE1QGM01024,CLAYCRAFT,SM,,,,,CLAY CRAFT INDIA LIMITED,159.00,159.00,155.75,157.25,157.55,159.00,,157.25,,,18600,2927700.00,19,F1,600,,,,,
2026-08-31,2026-08-31,CM,NSE,STK,13846,INE376C01038,CLCIND,BE,,,,,CLC INDUSTRIES LIMITED,45.00,48.30,45.00,47.48,46.82,46.00,,47.48,,,2507,120480.24,18,F1,1,,,,,
2026-08-31,2026-08-31,CM,NSE,STK,760183,INE647U01026,CLEANMAX,EQ,,,,,CLEAN MAX ENVIRO EN SOL L,1289.00,1305.00,1215.40,1246.90,1230.00,1250.90,,1246.97,,,1190401,1495027852.50,44477,F1,1,,,,,
2026-08-31,2026-08-31,CM,NSE,STK,5049,INE227W01023,CLEAN,EQ,,,,,CLEAN SCIENCE & TECH LTD,836.45,836.45,818.45,822.85,824.80,836.45,,822.86,,,176501,145677554.30,10230,F1,1,,,,,
2026-08-31,2026-08-31,CM,NSE,STK,760143,INE1EF801010,CSSL,SM,,,,,CLEAR SECURED SERVICES L,92.50,93.00,91.25,92.50,92.50,93.50,,92.50,,,5000,461250.00,5,F1,1000,,,,,
2026-08-31,2026-08-31,CM,NSE,STK,19676,INE981B01011,CMICABLES,BZ,,,,,CMI LIMITED,2.52,2.55,2.41,2.53,2.41,2.53,,2.54,,,17713,44790.46,49,F1,1,,,,,
2026-08-31,2026-08-31,CM,NSE,STK,30893,INE00WV01027,CMRGREEN,EQ,,,,,CMR GREEN TECHNOLOGIES L,224.95,232.60,220.10,230.78,232.00,225.11,,230.79,,,1059352,242277786.48,22746,F1,1,,,,,
2026-08-31,2026-08-31,CM,NSE,STK,7603,INE925R01014,CMSINFO,EQ,,,,,CMS INFO SYSTEMS LIMITED,241.35,248.70,238.30,243.60,242.35,242.55,,243.60,,,5844296,1423053990.85,61441,F1,1,,,,,
2026-08-31,2026-08-31,CM,NSE,STK,20374,INE522F01014,COALINDIA,EQ,,,,,COAL INDIA LTD,402.05,405.60,399.65,401.75,401.75,401.00,,401.75,,,7827528,3146443501.30,71970,F1,1,,,,,
2026-08-31,2026-08-31,CM,NSE,STK,6006,INE377E01024,COASTCORP,EQ,,,,,COASTAL CORPORATION LTD,40.91,42.04,40.50,40.96,41.00,40.62,,40.92,,,99266,4099026.78,1124,F1,1,,,,,
2026-08-31,2026-08-31,CM,NSE,STK,21508,INE704P01025,COCHINSHIP,EQ,,,,,COCHIN SHIPYARD LIMITED,1527.00,1530.00,1492.00,1510.00,1510.00,1535.00,,1509.97,,,500188,754233199.00,22482,F1,1,,,,,
2026-08-31,2026-08-31,CM,NSE,STK,11169,INE335K01011,COFFEEDAY,BE,,,,,COFFEE DAY ENTERPRISE LTD,30.00,30.39,29.20,29.48,29.40,29.49,,29.48,,,228229,6758358.24,758,F1,1,,,,,
2026-08-31,2026-08-31,CM,NSE,STK,11543,INE591G01025,COFORGE,EQ,,,,,COFORGE LIMITED,2015.00,2021.20,1971.60,1985.30,1985.30,2014.60,,1985.30,,,2163402,4295428726.50,92600,F1,1,,,,,
2026-08-31,2026-08-31,CM,NSE,STK,17945,INE03QK01018,COHANCE,EQ,,,,,COHANCE LIFESCIENCES LTD,449.90,459.25,444.00,455.95,455.00,449.90,,455.96,,,677119,307465670.85,18151,F1,1,,,,,
2026-08-31,2026-08-31,CM,NSE,STK,15141,INE259A01022,COLPAL,EQ,,,,,COLGATE PALMOLIVE LTD.,1826.00,1897.60,1803.70,1897.60,1897.60,1826.90,,1897.57,,,1166774,2159253343.40,47039,F1,1,,,,,
2026-08-31,2026-08-31,CM,NSE,STK,762628,INE819A01049,COMFINTE,EQ,,,,,COMFORT INTECH LTD.,6.18,6.19,5.88,6.06,6.02,5.94,,6.07,,,355194,2119661.22,504,F1,1,,,,,
2026-08-31,2026-08-31,CM,NSE,STK,21578,INE073V01015,COMSYN,EQ,,,,,COMMERCIAL SYN BAGS LTD,284.70,301.00,277.23,297.10,297.01,282.00,,297.05,,,495370,142833283.65,6562,F1,1,,,,,
2026-08-31,2026-08-31,CM,NSE,STK,19513,INE597Z01014,COMMITTED,SM,,,,,COMMITTED CARGO CARE LTD,352.00,355.00,342.00,342.00,342.00,352.20,,342.00,,,7200,2530360.00,7,F1,800,,,,,
2026-08-31,2026-08-31,CM,NSE,STK,764648,INE823B01015,COMPEAU,EQ,,,,,COMPETENT AUTOMOB CO. L,353.95,353.95,353.70,353.70,353.70,353.95,,353.70,,,12,4244.65,3,F1,1,,,,,
2026-08-31,2026-08-31,CM,NSE,STK,19670,INE070C01037,COMPINFO,BZ,,,,,COMPUAGE INFOCOM LTD,1.13,1.13,1.07,1.07,1.07,1.08,,1.08,,,8266,8937.70,28,F1,1,,,,,
2026-08-31,2026-08-31,CM,NSE,STK,31138,INE453B01029,COMPUSOFT,EQ,,,,,COMPUCOM SOFTWARE LTD,13.39,13.60,13.26,13.45,13.58,13.26,,13.45,,,23330,313912.12,247,F1,1,,,,,
2026-08-31,2026-08-31,CM,NSE,STK,342,INE596I01020,CAMS,EQ,,,,,COMPUTER AGE MNGT SER LTD,758.75,786.40,750.00,782.00,782.00,762.00,,782.02,,,3784113,2940478122.90,64923,F1,1,,,,,
2026-08-31,2026-08-31,CM,NSE,STK,18060,INE338H01029,CONCORDBIO,EQ,,,,,CONCORD BIOTECH LIMITED,1461.00,1504.00,1442.00,1446.10,1452.30,1481.10,,1446.23,,,188563,275818279.50,24385,F1,1,,,,,
2026-08-31,2026-08-31,CM,NSE,STK,28764,INE037Z01029,CEWATER,EQ,,,,,CONCORD ENVIRO SYSTEMS L,267.05,270.95,264.30,269.50,268.15,267.50,,269.49,,,45720,12244995.10,1888,F1,1,,,,,
2026-08-31,2026-08-31,CM,NSE,STK,764638,INE700F01024,CFEL,EQ,,,,,CONFIDENCE FUTURIST ENE L,30.80,32.00,28.16,29.41,29.97,31.00,,29.19,,,20524,615815.14,375,F1,1,,,,,
2026-08-31,2026-08-31,CM,NSE,STK,10238,INE552D01024,CONFIPET,EQ,,,,,CONFIDENCE PETRO IND LTD.,79.85,83.40,79.10,81.37,81.58,79.87,,81.37,,,3471549,284493076.25,17953,F1,1,,,,,
2026-08-31,2026-08-31,CM,NSE,STK,758453,INE0EAS01014,CONNPLEX,SM,,,,,CONNPLEX CINEMAS LIMITED,225.00,225.00,215.00,215.60,216.00,225.10,,215.60,,,28000,6122400.00,35,F1,800,,,,,
2026-08-31,2026-08-31,CM,NSE,STK,14992,INE429I01024,CCCL,EQ,,,,,CONS. CONST. CONSORT LTD,14.75,14.90,14.50,14.54,14.51,14.76,,14.54,,,177208,2606148.91,437,F1,1,,,,,
2026-08-31,2026-08-31,CM,NSE,STK,11732,INE025A01027,CONSOFINVT,BE,,,,,CONSO. FIN. & HOLD. LTD.,268.95,268.95,264.00,264.35,264.00,269.00,,264.35,,,3594,956849.75,43,F1,1,,,,,
2026-08-31,2026-08-31,CM,NSE,STK,4749,INE111A01025,CONCOR,EQ,,,,,CONTAINER CORP OF IND LTD,512.30,518.00,507.50,511.90,511.90,516.00,,511.90,,,1393626,714028123.25,27025,F1,1,,,,,
2026-08-31,2026-08-31,CM,NSE,STK,2531,INE340Z01019,CONTI,SM,,,,,CONTINENTAL SEED CHEM LTD,11.00,11.10,11.00,11.10,11.10,10.95,,11.10,,,199980,2206446.00,3,F1,3333,,,,,
2026-08-31,2026-08-31,CM,NSE,STK,17477,INE663B01015,CONTROLPR,EQ,,,,,CONTROL PRINT LIMITED,594.00,606.00,585.05,601.25,596.70,598.20,,601.23,,,19853,11854954.35,1353,F1,1,,,,,
2026-08-31,2026-08-31,CM,NSE,STK,8567,INE0HS001028,COOLCAPS,ST,,,,,COOL CAPS INDUSTRIES LTD,20.80,20.80,19.50,20.75,20.70,19.85,,20.75,,,176250,3570875.00,88,F1,1250,,,,,
2026-08-31,2026-08-31,CM,NSE,STK,4007,INE558D01021,CORALFINAC,EQ,,,,,CORAL INDIA FIN & HOUS LT,33.35,33.93,33.00,33.01,33.01,33.26,,32.88,,,20590,687800.28,439,F1,1,,,,,
2026-08-31,2026-08-31,CM,NSE,STK,15271,INE792I01017,CORDSCABLE,EQ,,,,,CORDS CABLE INDUS LTD.,251.98,299.90,251.98,282.49,281.50,251.23,,282.54,,,1002836,287236856.61,13790,F1,1,,,,,
2026-08-31,2026-08-31,CM,NSE,STK,739,INE169A01031,COROMANDEL,EQ,,,,,COROMANDEL INTERNTL. LTD,1913.70,1918.00,1890.00,1905.90,1906.00,1913.70,,1905.92,,,211753,402934813.20,19999,F1,1,,,,,
2026-08-31,2026-08-31,CM,NSE,STK,760254,INE02ZQ01018,CORONA,EQ,,,,,CORONA REMEDIES LIMITED,2075.00,2075.00,2041.00,2050.30,2053.00,2079.50,,2050.00,,,9583,19650620.10,2291,F1,1,,,,,
2026-08-31,2026-08-31,CM,NSE,STK,742,INE757A01017,COSMOFIRST,EQ,,,,,COSMO FIRST LIMITED,938.00,948.90,925.00,929.20,934.20,938.35,,929.23,,,41227,38558925.70,2783,F1,1,,,,,
2026-08-31,2026-08-31,CM,NSE,STK,6385,INE652F01027,CCHHL,EQ,,,,,COUNTRY CLUB HOSP HOL LTD,13.08,13.35,12.15,12.66,12.75,12.89,,12.66,,,24560,312150.29,169,F1,1,,,,,
2026-08-31,2026-08-31,CM,NSE,STK,16989,INE695B01025,COUNCODOS,BE,,,,,COUNTRY CONDO S LIMITED,6.92,6.92,6.61,6.67,6.72,6.93,,6.67,,,95007,636630.74,145,F1,1,,,,,
2026-08-31,2026-08-31,CM,NSE,STK,20086,INE521J01018,CPCAP,EQ,,,,,CP CAPITAL LIMITED,114.16,120.00,112.71,117.28,117.00,114.16,,117.31,,,11262,1308391.11,283,F1,1,,,,,
2026-08-31,2026-08-31,CM,NSE,STK,2328,INF457M01133,CPSEETF,EQ,,,,,CPSE ETF,92.84,94.30,92.16,92.58,92.75,92.76,,92.58,,,562670,51993034.05,8525,F1,1,,,,,
2026-08-31,2026-08-31,CM,NSE,STK,2854,INE00LO01017,CRAFTSMAN,EQ,,,,,CRAFTSMAN AUTOMATION LTD,11118.00,11500.00,10925.00,11198.50,11428.50,11118.00,,11198.46,,,221148,2493752895.50,43479,F1,1,,,,,
2026-08-31,2026-08-31,CM,NSE,STK,764653,INE145E01017,CRAVATEX,EQ,,,,,CRAVATEX LTD.,328.30,328.30,311.00,321.10,321.10,328.30,,322.89,,,310,98232.30,20,F1,1,,,,,
2026-08-31,2026-08-31,CM,NSE,STK,16419,INE0OFK01019,CRAYONS,SM,,,,,CRAYONS ADVERTISING LTD,26.00,26.00,26.00,26.00,26.00,26.55,,26.00,,,2000,52000.00,2,F1,1000,,,,,
2026-08-31,2026-08-31,CM,NSE,STK,9384,INE230B01021,CREATIVEYE,EQ,,,,,CREATIVE EYE LIMITED,6.29,6.29,6.05,6.06,6.05,6.18,,6.06,,,3265,20097.71,38,F1,1,,,,,
2026-08-31,2026-08-31,CM,NSE,STK,23468,INE0R7401011,CGRAPHICS,SM,,,,,CREATIVE GRAPHICS S IND L,145.00,146.00,143.70,144.60,145.00,145.90,,144.60,,,30400,4406240.00,30,F1,800,,,,,
2026-08-31,2026-08-31,CM,NSE,STK,11155,INE985W01018,CNL,EQ,,,,,CREATIVE NEWTECH LIMITED,1243.40,1328.00,1243.05,1279.60,1280.10,1242.15,,1279.63,,,141110,183428015.25,11282,F1,1,,,,,
2026-08-31,2026-08-31,CM,NSE,STK,765306,INE1KPX01025,CREDENT,ST,,,,,CREDENT CONNECT N CARE L,353.00,357.95,345.00,349.65,351.90,349.10,,349.65,,,58200,20469600.00,61,F1,600,,,,,
2026-08-31,2026-08-31,CM,NSE,STK,4421,INE741K01010,CREDITACC,EQ,,,,,CREDITACCESS GRAMEEN LTD,1391.70,1396.90,1353.00,1363.50,1365.00,1391.70,,1363.54,,,349179,476981879.60,36387,F1,1,,,,,
2026-08-31,2026-08-31,CM,NSE,STK,20878,INE220Q01020,MUFTI,EQ,,,,,CREDO BRANDS MARKETING L,75.92,75.93,73.98,74.41,74.38,75.92,,74.41,,,91999,6875396.39,1600,F1,1,,,,,
2026-08-31,2026-08-31,CM,NSE,STK,765053,INE716D01033,CRSL,BE,,,,,CRESSANDA RAILWAY SOLUT L,2.74,2.75,2.62,2.75,2.75,2.62,,2.75,,,457283,1251477.17,428,F1,1,,,,,
2026-08-31,2026-08-31,CM,NSE,STK,13900,INE559D01011,CREST,EQ,,,,,CREST VENTURES LIMITED,371.80,371.85,362.50,364.10,364.00,371.95,,364.10,,,374,136177.80,39,F1,1,,,,,
2026-08-31,2026-08-31,CM,NSE,STK,757,INE007A01025,CRISIL,EQ,,,,,CRISIL LTD,4732.70,4847.40,4701.30,4821.80,4810.00,4732.70,,4821.97,,,120068,575773422.50,26442,F1,1,,,,,
2026-08-31,2026-08-31,CM,NSE,STK,757850,INE0S4R01014,CRIZAC,EQ,,,,,CRIZAC LIMITED,173.50,174.94,165.00,165.46,165.80,172.90,,165.46,,,322843,53974644.71,8750,F1,1,,,,,
2026-08-31,2026-08-31,CM,NSE,STK,17094,INE299U01018,CROMPTON,EQ,,,,,CROMPT GREA CON ELEC LTD,233.00,235.90,227.25,235.90,235.90,233.00,,235.83,,,4555785,1054115617.60,36831,F1,1,,,,,
2026-08-31,2026-08-31,CM,NSE,STK,18263,INE00NH01017,CLSL,ST,,,,,CROP LIFE SCIENCE LIMITED,88.30,90.05,88.30,88.30,88.30,91.50,,88.30,,,16000,1416300.00,7,F1,2000,,,,,
2026-08-31,2026-08-31,CM,NSE,STK,8083,INE491V01019,CROWN,EQ,,,,,CROWN LIFTERS LIMITED,104.49,109.00,100.11,107.90,108.79,102.70,,107.90,,,55244,5812716.95,196,F1,1,,,,,
2026-08-31,2026-08-31,CM,NSE,STK,14966,INE679A01013,CSBBANK,EQ,,,,,CSB BANK LIMITED,335.50,345.80,330.25,343.55,345.80,336.30,,343.54,,,289781,98344152.85,13226,F1,1,,,,,
2026-08-31,2026-08-31,CM,NSE,STK,10350,INE718F01018,CSLFINANCE,EQ,,,,,CSL FINANCE LIMITED,234.00,243.86,232.10,239.70,240.00,230.92,,239.70,,,149634,35657052.09,2214,F1,1,,,,,
2026-08-31,2026-08-31,CM,NSE,STK,763753,INE0ZK601013,CSM,EQ,,,,,CSM TECHNOLOGIES LIMITED,97.40,98.47,95.71,96.79,97.02,97.40,,96.77,,,71259,6869008.42,1102,F1,1,,,,,
2026-08-31,2026-08-31,CM,NSE,STK,15078,INE0NR623014,CUBEINVIT,IV,,,,,CUBE HIGHWAYS TRUST,156.70,157.60,156.01,157.04,157.01,156.60,,157.04,,,992471,155828877.63,6387,F1,1,,,,,
2026-08-31,2026-08-31,CM,NSE,STK,4064,INE144D01012,CUBEXTUB,EQ,,,,,CUBEX TUBINGS LTD,77.41,81.50,76.50,76.99,77.84,77.41,,77.00,,,38319,2992786.09,1259,F1,1,,,,,
2026-08-31,2026-08-31,CM,NSE,STK,1901,INE298A01020,CUMMINSIND,EQ,,,,,CUMMINS INDIA LTD,5150.00,5179.00,5105.00,5105.00,5105.00,5193.00,,5105.00,,,507241,2598852704.50,21826,F1,1,,,,,
2026-08-31,2026-08-31,CM,NSE,STK,18520,INE509F01029,CUPID,EQ,,,,,CUPID LIMITED,283.85,284.60,276.21,280.46,280.40,282.33,,280.43,,,10862737,3041964983.57,80928,F1,1,,,,,
2026-08-31,2026-08-31,CM,NSE,STK,30189,INE117B01020,CURAA,EQ,,,,,CURA TECHNOLOGIES LIMITED,68.29,70.05,63.55,64.08,63.55,70.05,,64.08,,,55,3580.88,5,F1,1,,,,,
2026-08-31,2026-08-31,CM,NSE,STK,759825,INE1BZN01016,CURIS,SM,,,,,CURIS LIFESCIENCES LTD,129.00,139.00,129.00,136.55,136.00,128.00,,136.55,,,55000,7500100.00,50,F1,1000,,,,,
2026-08-31,2026-08-31,CM,NSE,STK,758964,INE1CRQ01014,CURRENT,SM,,,,,CURRENT INFRAPROJECTS LTD,97.00,97.00,95.00,95.00,95.00,96.00,,95.00,,,8000,764800.00,5,F1,1600,,,,,
2026-08-31,2026-08-31,CM,NSE,STK,11842,INE278G01037,CYBERMEDIA,EQ,,,,,CYBER MEDIA (INDIA) LTD.,19.19,19.19,18.00,18.36,18.48,18.78,,18.25,,,8813,163678.20,281,F1,1,,,,,
2026-08-31,2026-08-31,CM,NSE,STK,11447,INE075Z01011,CMRSL,SM,,,,,CYBER MEDIA RES & SER LTD,65.60,65.60,65.00,65.00,65.00,68.40,,65.00,,,4800,312480.00,4,F1,800,,,,,
2026-08-31,2026-08-31,CM,NSE,STK,6054,INE214A01019,CYBERTECH,BE,,,,,CYBERTECH SYSTEMS & SOFTW,134.89,134.89,133.00,133.07,133.00,134.04,,133.07,,,7092,947524.37,146,F1,1,,,,,
2026-08-31,2026-08-31,CM,NSE,STK,17187,INE055S01018,CYIENTDLM,EQ,,,,,CYIENT DLM LIMITED,817.90,848.00,795.65,843.00,845.90,819.10,,843.00,,,731178,605107633.90,36463,F1,1,,,,,
2026-08-31,2026-08-31,CM,NSE,STK,5748,INE136B01020,CYIENT,EQ,,,,,CYIENT LIMITED,1111.35,1192.00,1081.35,1174.80,1175.00,1107.45,,1174.69,,,2546454,2927359839.10,102364,F1,1,,,,,
2026-08-31,2026-08-31,CM,NSE,STK,6249,INE0GN101014,DKEGL,SM,,,,,D K ENTERPRISES GLOBAL L,66.70,66.70,65.25,65.25,65.25,71.15,,65.25,,,9000,591525.00,3,F1,1500,,,,,
2026-08-31,2026-08-31,CM,NSE,STK,16902,INE864X01013,DPWIRES,BE,,,,,D P WIRES LIMITED,153.01,158.50,153.00,157.70,158.48,153.01,,157.70,,,7269,1133545.20,149,F1,1,,,,,
2026-08-31,2026-08-31,CM,NSE,STK,17851,INE250K01012,DLINKINDIA,EQ,,,,,D-LINK INDIA LTD,443.75,443.85,437.95,441.60,442.40,443.25,,441.47,,,40846,17978412.50,1661,F1,1,,,,,
2026-08-31,2026-08-31,CM,NSE,STK,936,INE266Y01019,DPABHUSHAN,EQ,,,,,D. P. ABHUSHAN LIMITED,1470.00,1486.00,1461.00,1475.10,1465.00,1483.00,,1475.09,,,10619,15642647.20,966,F1,1,,,,,
2026-08-31,2026-08-31,CM,NSE,STK,17881,INE950I01011,DBCORP,EQ,,,,,D.B.CORP LTD,202.28,203.28,198.17,199.20,199.89,202.57,,199.20,,,65127,13032232.24,2123,F1,1,,,,,
2026-08-31,2026-08-31,CM,NSE,STK,772,INE016A01026,DABUR,EQ,,,,,DABUR INDIA LTD,385.90,387.40,381.00,381.00,381.00,386.00,,381.00,,,3273736,1252830996.85,22772,F1,1,,,,,
2026-08-31,2026-08-31,CM,NSE,STK,762633,INE928C01010,DAICHI,EQ,,,,,DAI-ICHI KARKARIA LTD.,348.00,348.00,335.00,337.95,337.25,344.05,,336.87,,,3220,1094464.80,79,F1,1,,,,,
2026-08-31,2026-08-31,CM,NSE,STK,8075,INE00R701025,DALBHARAT,EQ,,,,,DALMIA BHARAT LIMITED,1847.80,1897.80,1795.00,1856.20,1890.00,1845.30,,1856.17,,,2142193,3968726315.90,56238,F1,1,,,,,
2026-08-31,2026-08-31,CM,NSE,STK,781,INE495A01022,DALMIASUG,EQ,,,,,DALMIA BHARAT SUG IN LTD,475.00,511.35,474.30,484.15,485.00,477.95,,484.17,,,999987,493720750.55,23652,F1,1,,,,,
2026-08-31,2026-08-31,CM,NSE,STK,28662,INE284H01025,DAMCAPITAL,EQ,,,,,DAM CAPITAL ADVISORS LTD,147.04,147.04,144.23,145.26,144.99,146.27,,145.25,,,138884,20175258.53,2513,F1,1,,,,,
2026-08-31,2026-08-31,CM,NSE,STK,17569,INE497D01022,DAMODARIND,BE,,,,,DAMODAR INDUSTRIES LTD,27.30,27.30,27.02,27.02,27.02,27.25,,27.02,,,1154,31466.80,11,F1,1,,,,,
2026-08-31,2026-08-31,CM,NSE,STK,1110,INE688Y01022,DANGEE,EQ,,,,,DANGEE DUMS LIMITED,2.90,2.93,2.81,2.82,2.89,2.86,,2.82,,,20642,58755.44,90,F1,1,,,,,
2026-08-31,2026-08-31,CM,NSE,STK,25927,INE0YU901016,DANISH,SM,,,,,DANISH POWER LIMITED,835.00,855.20,810.00,819.10,818.10,850.35,,819.10,,,24600,20495092.50,161,F1,150,,,,,
2026-08-31,2026-08-31,CM,NSE,STK,757107,INE04Q901010,DCCL,SM,,,,,DAR CREDIT & CAPITAL LTD,44.00,44.00,44.00,44.00,44.00,44.50,,44.00,,,4000,176000.00,2,F1,2000,,,,,
2026-08-31,2026-08-31,CM,NSE,STK,7358,INE0IX101010,DATAPATTNS,EQ,,,,,DATA PATTERNS INDIA LTD,4618.00,4624.80,4500.00,4521.50,4517.00,4624.80,,4521.56,,,415391,1886370529.30,34639,F1,1,,,,,
2026-08-31,2026-08-31,CM,NSE,STK,11423,INE365B01017,DATAMATICS,EQ,,,,,DATAMATICS GLOBAL SER LTD,787.90,795.60,780.10,781.95,780.85,791.90,,781.93,,,32091,25177629.75,2350,F1,1,,,,,
2026-08-31,2026-08-31,CM,NSE,STK,21794,INE179G01029,DAVANGERE,EQ,,,,,DAVANGERE SUGAR COMPANY L,2.15,2.22,2.05,2.08,2.10,2.09,,2.08,,,34200594,71825986.68,4822,F1,1,,,,,
2026-08-31,2026-08-31,CM,NSE,STK,31111,INE921B01025,DBSTOCKBRO,BE,,,,,DB (INT) STOCK BROKERS,29.62,29.62,28.30,29.02,29.50,29.48,,29.02,,,12249,352239.05,38,F1,1,,,,,
2026-08-31,2026-08-31,CM,NSE,STK,11566,INE0A1101019,DCI,EQ,,,,,DC INFOTECH AND COMUN LTD,416.00,424.40,337.50,372.60,379.90,410.05,,372.64,,,1112591,419167450.95,31373,F1,1,,,,,
2026-08-31,2026-08-31,CM,NSE,STK,13725,INE503A01015,DCBBANK,EQ,,,,,DCB BANK LIMITED,212.97,218.70,211.00,218.20,218.10,212.97,,218.19,,,1777630,382352429.38,24518,F1,1,,,,,
2026-08-31,2026-08-31,CM,NSE,STK,23520,INE0S8401018,DCG,SM,,,,,DCG CABLES & WIRES LTD,56.00,56.95,54.55,56.90,56.90,54.00,,56.90,,,32400,1805040.00,26,F1,1200,,,,,
2026-08-31,2026-08-31,CM,NSE,STK,4775,INE891B01012,DCMFINSERV,EQ,,,,,DCM FINANCIAL SERVICES LT,5.38,5.39,5.04,5.32,5.35,5.38,,5.34,,,2942,15149.42,49,F1,1,,,,,
2026-08-31,2026-08-31,CM,NSE,STK,7323,INE498A01018,DCM,BE,,,,,DCM LIMITED,79.02,80.25,78.00,79.00,79.00,78.96,,79.00,,,19369,1526150.11,35,F1,1,,,,,
2026-08-31,2026-08-31,CM,NSE,STK,11039,INE08KP01019,DCMNVL,EQ,,,,,DCM NOUVELLE LIMITED,197.80,197.99,187.05,191.74,190.86,192.85,,191.74,,,14590,2800022.50,388,F1,1,,,,,
2026-08-31,2026-08-31,CM,NSE,STK,760893,INE0OFM01015,DSFCL,BE,,,,,DCM SHRIRAM FINE CHEM LTD,27.29,27.45,26.65,26.87,26.93,27.16,,26.88,,,31543,852913.41,121,F1,1,,,,,
2026-08-31,2026-08-31,CM,NSE,STK,7325,INE843D01027,DCMSRIND,EQ,,,,,DCM SHRIRAM IND LTD,46.73,49.99,46.73,48.38,48.40,46.98,,48.38,,,188922,9177382.11,1469,F1,1,,,,,
2026-08-31,2026-08-31,CM,NSE,STK,760896,INE0OU201013,DCMSIL,EQ,,,,,DCM SHRIRAM INTERNATNL L,73.68,74.08,69.00,70.60,70.00,73.49,,70.60,,,79938,5671131.97,832,F1,1,,,,,
2026-08-31,2026-08-31,CM,NSE,STK,811,INE499A01024,DCMSHRIRAM,EQ,,,,,DCM SHRIRAM LIMITED,1022.30,1031.50,1008.50,1016.70,1012.00,1022.30,,1016.70,,,139898,142606039.10,15937,F1,1,,,,,
2026-08-31,2026-08-31,CM,NSE,STK,817,INE500A01029,DCW,EQ,,,,,DCW LTD,46.01,46.34,44.91,45.56,45.58,46.40,,45.56,,,1141718,51907572.21,8425,F1,1,,,,,
2026-08-31,2026-08-31,CM,NSE,STK,11895,INE0KL801015,DCXINDIA,EQ,,,,,DCX SYSTEMS LIMITED,176.65,177.44,172.40,173.07,173.00,177.81,,173.09,,,258665,45038875.46,5488,F1,1,,,,,
2026-08-31,2026-08-31,CM,NSE,STK,29098,INE0HR601026,DDEVPLSTIK,EQ,,,,,DDEV PLASTIKS IND LTD,281.00,281.40,275.00,276.50,276.00,279.05,,276.50,,,86584,24023849.20,2700,F1,1,,,,,
2026-08-31,2026-08-31,CM,NSE,STK,15449,INE0JWV01011,DENEERS,SM,,,,,DE NEERS TOOLS LIMITED,176.00,176.00,168.80,170.45,173.00,174.90,,170.45,,,24600,4227660.00,41,F1,600,,,,,
2026-08-31,2026-08-31,CM,NSE,STK,4279,INE244A01016,DENORA,EQ,,,,,DE NORA INDIA LIMITED,838.45,838.45,821.60,826.05,821.60,830.20,,825.98,,,1243,1032367.50,190,F1,1,,,,,
2026-08-31,2026-08-31,CM,NSE,STK,760462,INE411Y01011,DIL,BZ,,,,,DEBOCK INDUSTRIES LIMITED,0.65,0.67,0.65,0.65,0.65,0.68,,0.65,,,341881,222262.80,316,F1,1,,,,,
2026-08-31,2026-08-31,CM,NSE,STK,14838,INE583C01021,DECCANCE,EQ,,,,,DECCAN CEMENTS LIMITED,568.75,579.00,564.25,573.10,576.90,568.75,,572.99,,,38907,22321233.55,913,F1,1,,,,,
2026-08-31,2026-08-31,CM,NSE,STK,762638,INE945F01025,DECNGOLD,EQ,,,,,DECCAN GOLD MINES LTD.,226.50,226.50,220.10,223.34,224.80,227.64,,223.41,,,802968,179380584.47,10909,F1,1,,,,,
2026-08-31,2026-08-31,CM,NSE,STK,24154,INE841L01016,DEEDEV,EQ,,,,,DEE DEVELOPMENT ENG LTD,605.00,606.00,577.50,590.30,595.95,606.15,,590.31,,,436943,256916518.15,12635,F1,1,,,,,
2026-08-31,2026-08-31,CM,NSE,STK,22802,INE586O01011,DEEM,ST,,,,,DEEM ROLL TECH LIMITED,39.45,39.45,39.45,39.45,39.45,41.50,,39.45,,,1000,39450.00,1,F1,1000,,,,,
2026-08-31,2026-08-31,CM,NSE,STK,3292,INE0FHS01024,DEEPINDS,EQ,,,,,DEEP INDUSTRIES LIMITED,676.60,694.50,660.00,689.85,687.70,674.45,,689.90,,,307643,208592651.15,8328,F1,1,,,,,
2026-08-31,2026-08-31,CM,NSE,STK,765055,INE00IY01012,DEEP,EQ,,,,,DEEP POLYMERS LTD.,36.21,37.59,35.20,36.39,36.78,36.95,,36.27,,,6374,231897.23,65,F1,1,,,,,
2026-08-31,2026-08-31,CM,NSE,STK,25894,INE0OPA01027,DBEIL,BE,,,,,DEEPAK BUILDERS & ENG I L,6.49,6.54,6.36,6.45,6.48,6.39,,6.43,,,66966,431946.30,279,F1,1,,,,,
2026-08-31,2026-08-31,CM,NSE,STK,827,INE501A01019,DEEPAKFERT,EQ,,,,,DEEPAK FERTILIZERS & PETR,1425.30,1429.20,1388.00,1407.00,1401.00,1436.30,,1407.05,,,664993,934799468.10,46481,F1,1,,,,,
2026-08-31,2026-08-31,CM,NSE,STK,19943,INE288B01029,DEEPAKNTR,EQ,,,,,DEEPAK NITRITE LTD,1745.00,1772.00,1736.40,1749.40,1745.00,1762.90,,1749.34,,,250033,437427328.20,17855,F1,1,,,,,
2026-08-31,2026-08-31,CM,NSE,STK,22527,INE0SK801018,DELAPLEX,SM,,,,,DELAPLEX LIMITED,111.00,111.00,105.35,108.30,108.30,111.00,,108.30,,,13800,1495920.00,21,F1,600,,,,,
2026-08-31,2026-08-31,CM,NSE,STK,9599,INE148O01028,DELHIVERY,EQ,,,,,DELHIVERY LIMITED,471.95,471.95,456.20,456.20,456.20,470.20,,456.20,,,2285757,1055148344.65,36645,F1,1,,,,,
2026-08-31,2026-08-31,CM,NSE,STK,24395,INE726L01027,DELPHIFX,BE,,,,,DELPHI WORLD MONEY LTD,6.58,6.58,6.12,6.43,6.49,6.42,,6.44,,,119439,753825.17,299,F1,1,,,,,
2026-08-31,2026-08-31,CM,NSE,STK,29092,INE0XRN01019,DELTIC,SM,,,,,DELTA AUTOCORP LIMITED,36.00,36.15,35.75,35.75,35.75,34.50,,35.75,,,5000,179600.00,5,F1,1000,,,,,
2026-08-31,2026-08-31,CM,NSE,STK,15044,INE124G01033,DELTACORP,EQ,,,,,DELTA CORP LIMITED,59.01,59.25,58.25,58.47,58.39,59.43,,58.47,,,589326,34479792.75,3296,F1,1,,,,,
2026-08-31,2026-08-31,CM,NSE,STK,1214,INE393A01011,DELTAMAGNT,EQ,,,,,DELTA MANUFACTURING LTD,55.20,58.71,55.20,57.21,56.82,57.55,,57.21,,,3371,194663.74,74,F1,1,,,,,
2026-08-31,2026-08-31,CM,NSE,STK,17722,INE947J01015,DEN,EQ,,,,,DEN NETWORKS LTD,28.31,28.99,28.01,28.27,28.17,28.31,,28.21,,,767497,21904617.80,2690,F1,1,,,,,
2026-08-31,2026-08-31,CM,NSE,STK,29256,INE0R4L01018,DENTA,EQ,,,,,DENTA WATER N INFRA SOL L,284.00,284.05,263.00,272.90,272.00,283.75,,272.90,,,203329,55749540.95,5699,F1,1,,,,,
2026-08-31,2026-08-31,CM,NSE,STK,759079,INE0VOV01021,DEVX,EQ,,,,,DEV ACCELERATOR LIMITED,36.90,36.90,33.90,33.99,34.00,35.92,,33.99,,,243960,8359535.20,1856,F1,1,,,,,
2026-08-31,2026-08-31,CM,NSE,STK,8146,INE060X01034,DEVIT,EQ,,,,,DEV INFO TECHNOLOGY LTD,24.51,25.60,24.25,24.59,24.47,24.91,,24.59,,,24346,599874.48,323,F1,1,,,,,
2026-08-31,2026-08-31,CM,NSE,STK,5373,INE872J01023,DEVYANI,EQ,,,,,DEVYANI INTERNATIONAL LTD,139.05,140.80,136.25,138.77,139.90,139.94,,138.77,,,3255235,450177449.58,31186,F1,1,,,,,
2026-08-31,2026-08-31,CM,NSE,STK,764661,INE260R01016,DHABRIYA,BE,,,,,DHABRIYA POLYWOOD LTD.,557.95,557.95,540.00,548.05,545.00,552.20,,543.38,,,6687,3649957.75,115,F1,1,,,,,
2026-08-31,2026-08-31,CM,NSE,STK,10893,INE0I3401014,DBOL,EQ,,,,,DHAMPUR BIO ORGANICS LTD,125.00,131.90,124.51,127.24,127.50,125.42,,127.23,,,375959,48376930.91,6552,F1,1,,,,,
2026-08-31,2026-08-31,CM,NSE,STK,857,INE041A01016,DHAMPURSUG,EQ,,,,,DHAMPUR SUGAR MILLS LTD.,174.50,185.10,173.51,179.19,178.55,175.23,,179.19,,,2505634,453276185.38,27490,F1,1,,,,,
2026-08-31,2026-08-31,CM,NSE,STK,11359,INE680A01011,DHANBANK,EQ,,,,,DHANLAXMI BANK LIMITED,32.26,32.95,31.86,32.11,32.14,32.27,,32.11,,,407420,13091104.90,1606,F1,1,,,,,
2026-08-31,2026-08-31,CM,NSE,STK,24415,INE0M3I01029,DHANSA,SM,,,,,DHANSA LABS LIMITED,27.30,27.30,27.00,27.30,27.30,26.00,,27.30,,,12000,327000.00,6,F1,2000,,,,,
2026-08-31,2026-08-31,CM,NSE,STK,24409,INE435G01025,DHANUKA,EQ,,,,,DHANUKA AGRITECH LTD,972.00,980.00,970.70,976.10,976.00,976.10,,976.14,,,10318,10062571.30,1552,F1,1,,,,,
2026-08-31,2026-08-31,CM,NSE,STK,759203,INE278R01034,DHARAN,BZ,,,,,DHARAN INFRA-EPC LIMITED,0.16,0.16,0.14,0.15,0.16,0.15,,0.15,,,46153572,6951927.03,2047,F1,1,,,,,
2026-08-31,2026-08-31,CM,NSE,STK,24747,INE0YRN01025,DHARIWAL,SM,,,,,DHARIWALCORP LIMITED,20.65,20.65,20.65,20.65,20.65,19.70,,20.65,,,252000,5203800.00,46,F1,3000,,,,,
2026-08-31,2026-08-31,CM,NSE,STK,13001,INE00OQ01016,DHARMAJ,EQ,,,,,DHARMAJ CROP GUARD LTD,270.05,271.80,269.15,270.00,270.00,270.45,,270.00,,,33880,9154147.70,923,F1,1,,,,,
2026-08-31,2026-08-31,CM,NSE,STK,765060,INE715T01031,DHATRE,EQ,,,,,DHATRE UDYOG LTD.,4.04,4.56,4.04,4.26,4.37,4.24,,4.26,,,52549,223020.72,188,F1,1,,,,,
2026-08-31,2026-08-31,CM,NSE,STK,764553,INE01NH01023,DHOOTTRANS,EQ,,,,,DHOOT TRANSMISSION LTD,1459.95,1511.75,1437.40,1474.60,1480.00,1454.90,,1474.21,,,3124844,4618497234.05,120625,F1,1,,,,,
2026-08-31,2026-08-31,CM,NSE,STK,6858,INE506Z01015,DHRUV,EQ,,,,,DHRUV CONSULTANCY SER LTD,23.88,23.88,23.22,23.50,23.50,23.22,,23.73,,,6291,147854.63,37,F1,1,,,,,
2026-08-31,2026-08-31,CM,NSE,STK,22233,INE320L01011,DHUNINV,EQ,,,,,DHUNSERI INVESTMENTS LTD,1028.05,1028.05,983.00,988.60,987.00,1026.45,,988.64,,,1637,1635386.25,242,F1,1,,,,,
2026-08-31,2026-08-31,CM,NSE,STK,6227,INE341R01014,DTIL,EQ,,,,,DHUNSERI TEA & IND. LTD.,167.09,169.00,160.50,161.69,160.50,167.09,,161.69,,,17196,2817069.24,681,F1,1,,,,,
2026-08-31,2026-08-31,CM,NSE,STK,15214,INE477B01010,DVL,EQ,,,,,DHUNSERI VENTURES LIMITED,279.96,285.32,271.21,272.98,272.05,279.37,,272.98,,,14839,4078628.79,650,F1,1,,,,,
2026-08-31,2026-08-31,CM,NSE,STK,18644,INE591D01014,DIAMINESQ,EQ,,,,,DIAMINES & CHEMICALS LTD,242.99,245.87,238.00,241.57,239.99,243.27,,241.57,,,4094,991253.06,124,F1,1,,,,,
2026-08-31,2026-08-31,CM,NSE,STK,18545,INE989C01038,DIACABS,BE,,,,,DIAMOND POWER INFRA LTD,349.00,352.00,340.00,347.30,345.00,349.40,,347.22,,,598429,206548553.95,4954,F1,1,,,,,
2026-08-31,2026-08-31,CM,NSE,STK,703,INE303A01010,DICIND,EQ,,,,,DIC INDIA LIMITED,599.95,611.95,570.55,576.80,574.90,605.60,,576.94,,,7259,4261426.60,353,F1,1,,,,,
2026-08-31,2026-08-31,CM,NSE,STK,25672,INE184O01015,DIFFNKG,EQ,,,,,DIFFUSION ENGINEERS LTD,423.50,493.20,415.15,485.50,493.20,411.00,,485.47,,,7817913,3656106794.30,131147,F1,1,,,,,
2026-08-31,2026-08-31,CM,NSE,STK,10346,INE03JI01017,DGCONTENT,EQ,,,,,DIGICONTENT LIMITED,24.24,28.62,24.08,25.20,25.10,23.85,,25.20,,,202212,5467111.99,826,F1,1,,,,,
2026-08-31,2026-08-31,CM,NSE,STK,21247,INE0PSC01024,DIGIDRIVE,EQ,,,,,DIGIDRIVE DISTRIBUTORS L,17.50,18.00,17.37,17.71,17.80,17.71,,17.71,,,7363,130873.99,85,F1,1,,,,,
2026-08-31,2026-08-31,CM,NSE,STK,19138,INE0QJ901011,DIGIKORE,SM,,,,,DIGIKORE STUDIOS LIMITED,35.70,39.60,35.50,39.30,39.40,37.55,,39.30,,,96800,3663800.00,143,F1,400,,,,,
2026-08-31,2026-08-31,CM,NSE,STK,16683,INE927C01020,DIGISPICE,EQ,,,,,DIGISPICE TECHNOLOGIES LT,17.15,17.40,16.71,16.99,16.99,17.07,,16.92,,,33319,565665.06,118,F1,1,,,,,
2026-08-31,2026-08-31,CM,NSE,STK,757515,INE0U4701011,DIGITIDE,EQ,,,,,DIGITIDE SOLUTIONS LTD,98.44,99.69,97.00,97.30,97.00,99.46,,97.30,,,170784,16686958.53,2167,F1,1,,,,,
2026-08-31,2026-08-31,CM,NSE,STK,6127,INE731U01028,DIGJAMLMTD,EQ,,,,,DIGJAM LTD,51.71,51.71,48.36,51.24,50.51,51.31,,51.20,,,5414,272416.44,72,F1,1,,,,,
2026-08-31,2026-08-31,CM,NSE,STK,641,INE016M01021,DNAMEDIA,EQ,,,,,DILIGENT MEDIA CORP LTD.,2.58,2.89,2.57,2.66,2.65,2.57,,2.66,,,46214,126693.28,113,F1,1,,,,,
2026-08-31,2026-08-31,CM,NSE,STK,18086,INE917M01012,DBL,EQ,,,,,DILIP BUILDCON LIMITED,406.40,407.95,403.55,404.95,404.40,406.95,,404.93,,,55063,22303492.00,1990,F1,1,,,,,
2026-08-31,2026-08-31,CM,NSE,STK,762643,INE131C01011,DISAQ,EQ,,,,,DISA INDIA LTD.,12092.00,12150.00,11900.00,12084.00,11982.00,12208.00,,12084.00,,,302,3627980.00,241,F1,1,,,,,
2026-08-31,2026-08-31,CM,NSE,STK,14537,INE836F01026,DISHTV,EQ,,,,,DISH TV INDIA LTD.,2.81,2.81,2.73,2.74,2.75,2.82,,2.74,,,1099115,3030667.66,1001,F1,1,,,,,
2026-08-31,2026-08-31,CM,NSE,STK,21704,INE385W01011,DCAL,EQ,,,,,DISHMAN CARBO AMCIS LTD,174.86,180.07,173.10,178.34,178.05,174.77,,178.35,,,679947,121489515.91,5529,F1,1,,,,,
2026-08-31,2026-08-31,CM,NSE,STK,14479,INE753U01022,DIVGIITTS,EQ,,,,,DIVGI TORQTRANSFER SYST L,1166.45,1196.25,1150.05,1186.70,1189.90,1175.15,,1186.64,,,81341,95555924.85,7350,F1,1,,,,,
2026-08-31,2026-08-31,CM,NSE,STK,10940,INE361B01024,DIVISLAB,EQ,,,,,DIVI S LABORATORIES LTD,9239.00,9467.00,9140.00,9467.00,9467.00,9239.00,,9466.87,,,680805,6313104159.50,40951,F1,1,,,,,
2026-08-31,2026-08-31,CM,NSE,STK,30262,INE0NA501011,DIVINEHIRA,ST,,,,,DIVINE HIRA JEWELLERS LTD,116.85,116.85,114.00,116.70,116.70,116.95,,116.70,,,10800,1242960.00,9,F1,1200,,,,,
2026-08-31,2026-08-31,CM,NSE,STK,24286,INE0SCO01019,DPEL,SM,,,,,DIVINE POWER ENERGY LTD,575.10,583.75,575.10,577.20,576.10,572.50,,577.20,,,19000,11009875.00,35,F1,500,,,,,
2026-08-31,2026-08-31,CM,NSE,STK,21690,INE935N01020,DIXON,EQ,,,,,DIXON TECHNO (INDIA) LTD,14650.00,14850.00,14601.00,14850.00,14850.00,14650.00,,14849.46,,,190912,2809719085.00,29291,F1,1,,,,,
2026-08-31,2026-08-31,CM,NSE,STK,12749,INE0B1K01014,DJML,EQ,,,,,DJ MEDIAPRINT & LOG LTD,71.99,73.29,70.11,71.63,70.89,72.19,,71.64,,,140150,10050254.20,1273,F1,1,,,,,
2026-08-31,2026-08-31,CM,NSE,STK,14732,INE271C01023,DLF,EQ,,,,,DLF LIMITED,676.15,691.05,664.00,691.05,691.05,679.80,,691.04,,,3152072,2133884099.45,35200,F1,1,,,,,
2026-08-31,2026-08-31,CM,NSE,STK,6973,INE505A01010,DMCC,EQ,,,,,DMCC SPECIALITY CHEMICALS,301.90,302.25,289.70,291.55,290.00,301.00,,291.56,,,67450,19901378.00,2429,F1,1,,,,,
2026-08-31,2026-08-31,CM,NSE,STK,4822,INE021O01019,DODLA,EQ,,,,,DODLA DAIRY LIMITED,1093.60,1138.50,1076.00,1080.60,1076.00,1093.40,,1080.58,,,59197,65547512.30,7395,F1,1,,,,,
2026-08-31,2026-08-31,CM,NSE,STK,12124,INE966A01022,DOLATALGO,EQ,,,,,DOLAT ALGOTECH LIMITED,72.00,73.00,71.55,72.02,71.80,72.82,,72.02,,,137478,9920469.09,1436,F1,1,,,,,
2026-08-31,2026-08-31,CM,NSE,STK,20560,INE325C01035,DOLLAR,EQ,,,,,DOLLAR INDUSTRIES LIMITED,270.70,273.40,266.50,268.95,268.50,268.70,,268.97,,,74760,20188281.65,2844,F1,1,,,,,
2026-08-31,2026-08-31,CM,NSE,STK,13323,INE0JHH01011,DOLLEX,SM,,,,,DOLLEX AGROTECH LIMITED,36.25,36.70,34.65,36.30,36.70,35.35,,36.30,,,92000,3248000.00,16,F1,4000,,,,,
2026-08-31,2026-08-31,CM,NSE,STK,18139,INE920A01037,DOLPHIN,EQ,,,,,DOLPHIN OFF ENT (IND) L,618.00,624.55,555.25,583.25,580.00,612.55,,583.42,,,93088,54025644.35,3567,F1,1,,,,,
2026-08-31,2026-08-31,CM,NSE,STK,20551,INE321T01012,DOMS,EQ,,,,,DOMS INDUSTRIES LIMITED,2200.00,2279.90,2188.00,2232.50,2239.10,2198.90,,2232.54,,,184944,415154447.90,27929,F1,1,,,,,
2026-08-31,2026-08-31,CM,NSE,STK,13839,INE668D01028,DONEAR,EQ,,,,,DONEAR IND. LIMITED,84.99,85.50,83.60,84.63,85.50,84.75,,84.69,,,8432,713447.85,199,F1,1,,,,,
2026-08-31,2026-08-31,CM,NSE,STK,15423,INE360C01024,DPSCLTD,BE,,,,,DPSC LIMITED,7.22,7.30,6.84,7.19,7.23,7.19,,7.19,,,73940,523194.97,507,F1,1,,,,,
2026-08-31,2026-08-31,CM,NSE,STK,29452,INE943P01029,AGARWALEYE,EQ,,,,,DR AGARWALS HEALTH CARE L,508.30,518.90,502.00,513.20,518.80,507.80,,513.19,,,1926860,982973372.50,71406,F1,1,,,,,
2026-08-31,2026-08-31,CM,NSE,STK,762648,INE934C01018,DRAGARWQ,EQ,,,,,DR. AGARWAL'S EYE HOSP L,5275.00,5299.00,5245.50,5266.00,5252.00,5245.50,,5280.91,,,1718,9028722.00,326,F1,1,,,,,
2026-08-31,2026-08-31,CM,NSE,STK,11654,INE600L01024,LALPATHLAB,EQ,,,,,DR. LAL PATH LABS LTD.,1931.10,1963.00,1884.60,1934.60,1957.80,1931.10,,1934.67,,,157780,302654932.00,18741,F1,1,,,,,
2026-08-31,2026-08-31,CM,NSE,STK,881,INE089A01031,DRREDDY,EQ,,,,,DR. REDDY S LABORATORIES,1178.00,1178.10,1154.40,1154.40,1154.40,1178.00,,1154.41,,,2001757,2339256396.40,55298,F1,1,,,,,
2026-08-31,2026-08-31,CM,NSE,STK,2645,INE03RS01027,DRCSYSTEMS,EQ,,,,,DRC SYSTEMS INDIA LIMITED,12.58,13.74,12.50,13.68,13.73,12.71,,13.68,,,223641,3008945.73,630,F1,1,,,,,
2026-08-31,2026-08-31,CM,NSE,STK,10859,INE0JS101016,DREAMFOLKS,EQ,,,,,DREAMFOLKS SERVICES LTD,67.99,67.99,66.15,67.36,67.20,67.06,,67.38,,,35602,2378388.66,1056,F1,1,,,,,
2026-08-31,2026-08-31,CM,NSE,STK,11271,INE506A01018,DREDGECORP,EQ,,,,,DREDGING CORP OF INDIA,1121.50,1156.80,1091.70,1102.30,1101.00,1120.40,,1102.34,,,174335,194542411.90,11508,F1,1,,,,,
2026-08-31,2026-08-31,CM,NSE,STK,17372,INE0P7201019,DRONE,SM,,,,,DRONE DESTINATION LIMITED,38.00,38.00,33.00,34.45,34.10,37.95,,34.45,,,148500,5104275.00,228,F1,500,,,,,
2026-08-31,2026-08-31,CM,NSE,STK,778,INE055C01020,KEEPLEARN,EQ,,,,,DSJ KEEP LEARNING LTD,1.99,1.99,1.91,1.94,1.93,1.94,,1.94,,,9193,18049.91,91,F1,1,,,,,
2026-08-31,2026-08-31,CM,NSE,STK,1927,INF740KA1EU7,LIQUIDETF,EQ,,,,,DSP LIQUID ETF,1000.00,1000.01,999.99,1000.00,1000.00,999.99,,1000.00,,,125941,125940975.87,222,F1,1,,,,,
2026-08-31,2026-08-31,CM,NSE,STK,761364,INF740KA1YH2,BANK10ADD,EQ,,,,,DSPAMC - BANK10ADD,17.03,17.04,16.83,16.94,17.00,16.95,,16.95,,,146708,2485461.02,63,F1,1,,,,,
2026-08-31,2026-08-31,CM,NSE,STK,13644,INF740KA1RX3,BANKADD,EQ,,,,,DSPAMC - DSPBANK,58.65,59.02,58.65,58.97,59.00,58.84,,58.97,,,12249,719633.59,70,F1,1,,,,,
2026-08-31,2026-08-31,CM,NSE,STK,15356,INF740KA1ZP2,GOLDADD,EQ,,,,,DSPAMC - DSPGOLD,15.25,15.25,14.81,14.97,15.01,15.36,,14.97,,,16889621,252480531.97,4889,F1,1,,,,,
2026-08-31,2026-08-31,CM,NSE,STK,17207,INF740KA1SX1,ITADD,EQ,,,,,DSPAMC - DSPIT,33.01,33.01,32.53,32.60,32.58,33.01,,32.46,,,21039,686693.34,82,F1,1,,,,,
2026-08-31,2026-08-31,CM,NSE,STK,6606,INF740KA1QK2,EQUAL50ADD,EQ,,,,,DSPAMC - DSPNEWETF,345.87,345.87,342.27,343.91,344.82,345.92,,343.91,,,8577,2945799.15,352,F1,1,,,,,
2026-08-31,2026-08-31,CM,NSE,STK,7451,INF740KA1CL0,NIFTYADD,EQ,,,,,DSPAMC - DSPNIFTY,253.45,255.59,253.14,254.19,254.66,254.81,,254.19,,,6941,1762106.13,154,F1,1,,,,,
2026-08-31,2026-08-31,CM,NSE,STK,17616,INF740KA1SY9,PSUBANKADD,EQ,,,,,DSPAMC - DSPPSBKETF,86.16,86.63,85.65,86.23,85.71,86.88,,86.23,,,15987,1377772.35,277,F1,1,,,,,
2026-08-31,2026-08-31,CM,NSE,STK,17576,INF740KA1TA7,PVTBANKADD,EQ,,,,,DSPAMC - DSPPVBKETF,28.19,28.27,28.10,28.16,28.10,28.15,,28.16,,,81870,2307033.30,151,F1,1,,,,,
2026-08-31,2026-08-31,CM,NSE,STK,7456,INF740KA1ZF3,MIDQ50ADD,EQ,,,,,DSPAMC - DSPQ50ETF,25.85,25.85,25.25,25.64,25.38,25.60,,25.64,,,41401,1052611.30,185,F1,1,,,,,
2026-08-31,2026-08-31,CM,NSE,STK,17613,INF740KA1SZ6,SENSEXADD,EQ,,,,,DSPAMC - DSPSENXETF,79.64,80.00,79.20,79.31,80.00,79.45,,79.43,,,1147,90989.77,26,F1,1,,,,,
2026-08-31,2026-08-31,CM,NSE,STK,10761,INF740KA1ZQ0,SILVERADD,EQ,,,,,DSPAMC - DSPSILVETF,23.79,23.79,22.12,22.50,22.50,23.21,,22.50,,,4913522,110012396.60,7057,F1,1,,,,,
2026-08-31,2026-08-31,CM,NSE,STK,759368,INF740KA1WU9,FLEXIADD,EQ,,,,,DSPAMC - FLEXIADD,10.20,10.22,10.11,10.17,10.22,10.24,,10.18,,,74132,753234.37,347,F1,1,,,,,
2026-08-31,2026-08-31,CM,NSE,STK,763530,INF740KA1ZA4,FMCGADD,EQ,,,,,DSPAMC - FMCGADD,46.84,47.70,46.60,46.83,47.70,47.33,,46.83,,,34359,1607297.21,227,F1,1,,,,,
2026-08-31,2026-08-31,CM,NSE,STK,765310,INF740KA1ZI7,GSEC10ADD,EQ,,,,,DSPAMC - GSEC10ADD,26.83,26.83,26.51,26.51,26.51,26.89,,26.51,,,1245,33114.27,13,F1,1,,,,,
2026-08-31,2026-08-31,CM,NSE,STK,22592,INF740KA1ZG1,HEALTHADD,EQ,,,,,DSPAMC - HEALTHADD,16.96,16.96,16.82,16.90,16.92,16.91,,16.90,,,21183,357057.51,104,F1,1,,,,,
2026-08-31,2026-08-31,CM,NSE,STK,23407,INF740KA1UM0,LIQUIDADD,EQ,,,,,DSPAMC - LIQUIDADD,1142.70,1142.72,1142.67,1142.70,1142.70,1142.56,,1142.71,,,261426,298733640.29,391,F1,1,,,,,
2026-08-31,2026-08-31,CM,NSE,STK,764428,INF740KA1ZH9,MIDBANKADD,EQ,,,,,DSPAMC - MIDBANKADD,17.39,18.22,17.09,17.83,17.43,17.22,,17.73,,,10234,179165.25,46,F1,1,,,,,
2026-08-31,2026-08-31,CM,NSE,STK,760356,INF740KA1WW5,MIDCAPADD,EQ,,,,,DSPAMC - MIDCAPADD,23.60,24.29,23.31,23.66,23.56,23.60,,23.65,,,2957500,69344319.01,251,F1,1,,,,,
2026-08-31,2026-08-31,CM,NSE,STK,759978,INF740KA1WV7,MSCIADD,EQ,,,,,DSPAMC - MSCIADD,29.52,29.72,29.51,29.72,29.72,29.78,,29.69,,,1741,51609.06,117,F1,1,,,,,
2026-08-31,2026-08-31,CM,NSE,STK,29464,INF740KA1VE5,NEXT30ADD,EQ,,,,,DSPAMC - NEXT30ADD,42.39,43.25,42.39,42.90,43.19,43.25,,42.90,,,6321,271444.07,87,F1,1,,,,,
2026-08-31,2026-08-31,CM,NSE,STK,760599,INF740KA1XU7,NEXT50ADD,EQ,,,,,DSPAMC - NEXT50ADD,74.47,74.90,73.55,73.76,74.90,74.47,,73.76,,,4484,330917.14,61,F1,1,,,,,
2026-08-31,2026-08-31,CM,NSE,STK,760359,INF740KA1WX3,SMALLADD,EQ,,,,,DSPAMC - SMALLADD,18.75,18.90,18.40,18.53,18.56,18.63,,18.53,,,327534,6079274.48,126,F1,1,,,,,
2026-08-31,2026-08-31,CM,NSE,STK,25171,INF740KA1UR9,TOP10ADD,EQ,,,,,DSPAMC - TOP10ADD,88.35,88.36,86.27,87.60,87.47,88.08,,87.60,,,282511,24790122.91,682,F1,1,,,,,
2026-08-31,2026-08-31,CM,NSE,STK,13766,INE0LZO01015,DUCOL,SM,,,,,DUCOL ORGS AND COLOURS LT,115.00,120.00,110.00,111.10,110.00,111.95,,111.10,,,26400,3064520.00,29,F1,800,,,,,
2026-08-31,2026-08-31,CM,NSE,STK,28952,INE741L01018,DUCON,EQ,,,,,DUCON INFRATECHNOLOGIES L,2.05,2.06,1.79,1.89,1.91,2.07,,1.89,,,2413103,4594021.55,2114,F1,1,,,,,
2026-08-31,2026-08-31,CM,NSE,STK,5457,INE0HPK01020,DUGLOBAL,SM,,,,,DUDIGITAL GLOBAL LIMITED,25.05,25.10,25.00,25.00,25.00,27.20,,25.00,,,10000,250500.00,4,F1,2500,,,,,
2026-08-31,2026-08-31,CM,NSE,STK,24164,INE0OUW01013,DURLAX,SM,,,,,DURLAX TOP SURFACE LTD,68.85,68.85,65.10,65.40,65.20,66.00,,65.40,,,82000,5423200.00,31,F1,2000,,,,,
2026-08-31,2026-08-31,CM,NSE,STK,11667,INE366A01041,DWARKESH,EQ,,,,,DWARIKESH SUGAR IND LTD,52.00,54.32,50.75,52.42,52.48,51.89,,52.42,,,8163536,429214929.84,31546,F1,1,,,,,
2026-08-31,2026-08-31,CM,NSE,STK,25690,INE417B01040,DSSL,EQ,,,,,DYNACONS SYS & SOLN LTD,1069.90,1069.90,1037.00,1041.30,1037.00,1069.90,,1041.32,,,28392,29759352.50,2787,F1,1,,,,,
2026-08-31,2026-08-31,CM,NSE,STK,4525,INE221B01012,DYNAMATECH,EQ,,,,,DYNAMATIC TECHNOLOGIES,11436.00,12030.00,11353.00,11966.00,12000.00,11436.00,,11967.30,,,29910,354303578.00,9329,F1,1,,,,,
2026-08-31,2026-08-31,CM,NSE,STK,10417,INE600Y01019,DYCL,EQ,,,,,DYNAMIC CABLES LIMITED,493.00,503.25,482.60,493.20,490.90,487.60,,493.20,,,1249206,615068666.65,30486,F1,1,,,,,
2026-08-31,2026-08-31,CM,NSE,STK,6082,INE0DZ701010,DYNAMIC,ST,,,,,DYNAMIC SRVCS & SEC LTD,135.20,135.20,132.05,134.65,134.65,138.00,,134.65,,,6000,803550.00,12,F1,500,,,,,
2026-08-31,2026-08-31,CM,NSE,STK,21314,INE256H01015,DYNPRO,EQ,,,,,DYNEMIC PRODUCTS LIMITED,228.60,237.70,220.10,227.50,226.60,228.55,,227.50,,,10873,2515560.00,559,F1,1,,,,,
2026-08-31,2026-08-31,CM,NSE,STK,19267,INE0KFF01017,EFACTOR,SM,,,,,E FACTOR EXPERIENCES LTD,199.35,199.35,185.10,185.45,185.10,196.00,,185.45,,,4800,901180.00,6,F1,400,,,,,
2026-08-31,2026-08-31,CM,NSE,STK,760531,INE1CEJ01017,E2ERAIL,SM,,,,,E TO E TRANS INFRA LTD,281.95,304.00,275.00,285.20,285.00,275.80,,285.20,,,133600,39115400.00,125,F1,800,,,,,
2026-08-31,2026-08-31,CM,NSE,STK,8940,INE255Z01027,E2E,BE,,,,,E2E NETWORKS LIMITED,612.05,624.95,600.00,618.75,619.45,616.40,,618.75,,,310124,189501521.00,9330,F1,1,,,,,
2026-08-31,2026-08-31,CM,NSE,STK,765065,INE595R01023,EASTWEST,EQ,,,,,EAST WEST FREIGHT CARRI L,2.51,2.59,2.48,2.51,2.54,2.49,,2.53,,,55441,139713.98,88,F1,1,,,,,
2026-08-31,2026-08-31,CM,NSE,STK,9769,INE962C01035,EASTSILK,BE,,,,,EASTERN SILK INDUSTRIES L,64.67,64.67,61.75,61.75,61.75,64.99,,61.75,,,1485,91754.74,43,F1,1,,,,,
2026-08-31,2026-08-31,CM,NSE,STK,2792,INE07O001026,EASEMYTRIP,EQ,,,,,EASY TRIP PLANNERS LTD,6.12,6.15,6.07,6.10,6.12,6.12,,6.10,,,6696471,40864901.94,5640,F1,1,,,,,
2026-08-31,2026-08-31,CM,NSE,STK,765070,INE432F01032,EBIX,EQ,,,,,EBIX LIMITED,21.99,22.09,20.65,21.00,21.00,21.69,,21.00,,,151139,3177460.53,332,F1,1,,,,,
2026-08-31,2026-08-31,CM,NSE,STK,759974,INE528S07110,888ECL28,N1,,,,,ECL 8.88% 2028 SR V,994.85,994.85,994.85,994.85,994.85,990.00,,987.00,,,90,89536.50,1,F1,1,,,,,
2026-08-31,2026-08-31,CM,NSE,STK,759975,INE528S07128,925ECL28,N2,,,,,ECL 9.25% 2028 SR VI,1011.10,1011.10,1011.00,1011.00,1011.00,1013.10,,1011.00,,,598,604588.00,4,F1,1,,,,,
2026-08-31,2026-08-31,CM,NSE,STK,15179,INE738I01010,ECLERX,EQ,,,,,ECLERX SERVICES LTD,1955.50,2062.00,1937.70,1976.90,1956.00,1955.50,,1976.93,,,1175626,2377082790.50,86208,F1,1,,,,,
2026-08-31,2026-08-31,CM,NSE,STK,764663,INE316A01038,ECORECO,EQ,,,,,ECO RECYCLING LTD.,467.65,477.05,455.00,471.95,472.95,467.65,,471.03,,,13571,6349275.05,1098,F1,1,,,,,
2026-08-31,2026-08-31,CM,NSE,STK,25060,INE06HJ01020,ECOSMOBLTY,EQ,,,,,ECOS (INDIA) MOB & HOSP L,115.00,117.39,113.42,114.13,114.01,113.39,,114.13,,,136206,15702896.17,1551,F1,1,,,,,
2026-08-31,2026-08-31,CM,NSE,STK,7196,INF754K01OB1,BBETF0432,EQ,,,,,EDELAMC - BBETF0432,1353.98,1353.98,1330.62,1335.03,1331.52,1342.48,,1335.03,,,244260,325529620.08,698,F1,1,,,,,
2026-08-31,2026-08-31,CM,NSE,STK,764378,INF754K01XH9,EBANK10,EQ,,,,,EDELAMC - EBANK10,16.98,16.98,16.77,16.89,16.90,16.75,,16.89,,,1751,29605.13,13,F1,1,,,,,
2026-08-31,2026-08-31,CM,NSE,STK,25258,INF754K01TE4,EBANKNIFTY,EQ,,,,,EDELAMC - EBANKNIFTY,58.13,58.13,57.68,57.92,58.02,58.13,,57.92,,,1241,71946.65,23,F1,1,,,,,
2026-08-31,2026-08-31,CM,NSE,STK,16253,INF754K01KO2,EBBETF0430,EQ,,,,,EDELAMC - EBBETF0430,1609.98,1609.98,1596.00,1603.67,1600.00,1605.93,,1603.67,,,4787,7673625.82,387,F1,1,,,,,
2026-08-31,2026-08-31,CM,NSE,STK,22239,INF754K01LE1,EBBETF0431,EQ,,,,,EDELAMC - EBBETF0431,1432.19,1437.60,1431.91,1436.39,1436.15,1432.21,,1436.39,,,4747,6815864.70,98,F1,1,,,,,
2026-08-31,2026-08-31,CM,NSE,STK,13139,INF754K01QX0,EBBETF0433,EQ,,,,,EDELAMC - EBBETF0433,1311.60,1312.90,1306.10,1307.91,1312.90,1311.60,,1307.91,,,1804,2361903.10,96,F1,1,,,,,
2026-08-31,2026-08-31,CM,NSE,STK,29019,INF754K01TX4,ECAPINSURE,EQ,,,,,EDELAMC - ECAPINSURE,23.76,24.48,23.76,24.12,24.15,24.24,,24.12,,,33181,798113.75,287,F1,1,,,,,
2026-08-31,2026-08-31,CM,NSE,STK,19933,INF754K01SE6,EGOLD,EQ,,,,,EDELAMC - EGOLD,154.95,155.00,152.40,154.10,153.65,158.10,,154.10,,,415803,64063672.85,1018,F1,1,,,,,
2026-08-31,2026-08-31,CM,NSE,STK,759466,INF754K01VW2,ELIQUID,EQ,,,,,EDELAMC - ELIQUID,1045.86,1045.88,1045.86,1045.87,1045.87,1045.75,,1045.87,,,1824,1907668.62,14,F1,1,,,,,
2026-08-31,2026-08-31,CM,NSE,STK,758952,INF754K01VV4,ELM250,EQ,,,,,EDELAMC - ELM250,16.73,17.34,16.05,17.05,17.17,16.88,,17.05,,,155171,2611687.70,350,F1,1,,,,,
2026-08-31,2026-08-31,CM,NSE,STK,764367,INF754K01XI7,ELMDIV,EQ,,,,,EDELAMC - ELMDIV,36.71,36.75,36.45,36.75,36.75,36.65,,36.75,,,11995,439620.66,18,F1,1,,,,,
2026-08-31,2026-08-31,CM,NSE,STK,764288,INF754K01XG1,EMETAL,EQ,,,,,EDELAMC - EMETAL,13.59,13.80,13.20,13.24,13.20,13.53,,13.24,,,9937,131653.92,64,F1,1,,,,,
2026-08-31,2026-08-31,CM,NSE,STK,25996,INF754K01TF1,EMULTIMQ,EQ,,,,,EDELAMC - EMULTIMQ,42.41,42.41,42.06,42.19,42.32,42.20,,42.19,,,16057,678399.01,185,F1,1,,,,,
2026-08-31,2026-08-31,CM,NSE,STK,763540,INF754K01XF3,ENEXT50,EQ,,,,,EDELAMC - ENEXT50,74.73,76.00,72.75,73.26,73.26,74.00,,73.23,,,2373,174210.96,26,F1,1,,,,,
2026-08-31,2026-08-31,CM,NSE,STK,759998,INF754K01VX0,ENIFTY,EQ,,,,,EDELAMC - ENIFTY,23.74,24.44,23.74,24.26,24.25,24.35,,24.26,,,21084,512285.53,62,F1,1,,,,,
2026-08-31,2026-08-31,CM,NSE,STK,759995,INF754K01VY8,ESENSEX,EQ,,,,,EDELAMC - ESENSEX,77.78,77.78,76.48,76.86,76.48,77.96,,76.85,,,168,12977.64,18,F1,1,,,,,
2026-08-31,2026-08-31,CM,NSE,STK,20257,INF754K01SF3,ESILVER,EQ,,,,,EDELAMC - ESILVER,231.63,233.74,230.75,233.48,233.50,240.20,,233.48,,,127997,29839002.16,1473,F1,1,,,,,
2026-08-31,2026-08-31,CM,NSE,STK,15119,INE532F01054,EDELWEISS,EQ,,,,,EDELWEISS FIN SERV LTD,125.05,129.40,122.81,127.31,129.00,125.42,,127.30,,,5879760,738529347.23,39240,F1,1,,,,,
2026-08-31,2026-08-31,CM,NSE,STK,21747,INE216H01027,EDUCOMP,BZ,,,,,EDUCOMP SOLUTIONS LTD,0.85,0.92,0.85,0.90,0.87,0.88,,0.90,,,51387,45323.18,86,F1,1,,,,,
2026-08-31,2026-08-31,CM,NSE,STK,758675,INE886D01026,EFCIL,EQ,,,,,EFC (I) LIMITED,203.00,207.43,197.40,204.80,204.74,202.26,,204.85,,,1262384,257912926.02,4494,F1,1,,,,,
2026-08-31,2026-08-31,CM,NSE,STK,24438,INE0U9101019,EFFWA,ST,,,,,EFFWA INFRA & RESEARCH L,305.00,320.60,292.10,320.00,320.00,305.35,,320.00,,,16400,5067560.00,34,F1,400,,,,,
2026-08-31,2026-08-31,CM,NSE,STK,910,INE066A01021,EICHERMOT,EQ,,,,,EICHER MOTORS LTD,8000.00,8030.00,7941.50,7953.50,7953.50,8059.00,,7953.51,,,742794,5916165315.00,44948,F1,1,,,,,
2026-08-31,2026-08-31,CM,NSE,STK,916,INE126A01031,EIDPARRY,EQ,,,,,EID PARRY INDIA LTD,800.30,824.85,794.10,799.40,797.55,805.30,,799.40,,,976526,789857561.95,35654,F1,1,,,,,
2026-08-31,2026-08-31,CM,NSE,STK,15399,INE276C01014,EIHAHOTELS,EQ,,,,,EIH ASSOCIATED HOTELS LTD,301.80,302.40,299.10,301.10,301.50,301.80,,301.15,,,9440,2841657.30,588,F1,1,,,,,
2026-08-31,2026-08-31,CM,NSE,STK,919,INE230A01023,EIHOTEL,EQ,,,,,EIH LIMITED,297.80,297.80,281.05,282.30,281.50,297.80,,282.31,,,670027,191374843.00,20374,F1,1,,,,,
2026-08-31,2026-08-31,CM,NSE,STK,4040,INE158B01016,EIMCOELECO,EQ,,,,,EIMCO ELECON (INDIA) LTD,2207.00,2265.80,2190.00,2195.40,2198.00,2196.10,,2195.25,,,24982,55383109.20,3344,F1,1,,,,,
2026-08-31,2026-08-31,CM,NSE,STK,764668,INE0CPR01018,EKI,EQ,,,,,EKI ENERGY SERVICES LTD,75.99,75.99,73.30,73.44,73.43,74.21,,73.47,,,13208,983931.01,340,F1,1,,,,,
2026-08-31,2026-08-31,CM,NSE,STK,762653,INE280B01018,ELANTAS,EQ,,,,,ELANTAS BECK INDIA LTD.,11475.00,11698.00,11424.00,11604.50,11680.00,11475.00,,11604.35,,,1234,14279259.00,767,F1,1,,,,,
2026-08-31,2026-08-31,CM,NSE,STK,762658,INE927X01018,ELCIDIN,EQ,,,,,ELCID INVESTMENTS LTD.,109000.00,109000.00,106250.00,107300.00,107300.00,109000.00,,107275.00,,,5,537200.00,5,F1,1,,,,,
2026-08-31,2026-08-31,CM,NSE,STK,8953,INE668G01021,ELDEHSG,EQ,,,,,ELDECO HSG & IND LTD.,791.20,809.90,745.00,778.35,792.10,799.20,,778.35,,,3261,2552807.95,237,F1,1,,,,,
2026-08-31,2026-08-31,CM,NSE,STK,13643,INE205B01031,ELECON,EQ,,,,,ELECON ENG. CO. LTD,425.25,425.25,410.00,411.85,412.40,425.25,,411.86,,,369638,153207328.85,14420,F1,1,,,,,
2026-08-31,2026-08-31,CM,NSE,STK,20899,INE0Q1W01012,EFORCE,SM,,,,,ELECTRO FORCE (INDIA) LTD,20.90,21.10,19.50,20.00,20.00,20.85,,20.00,,,32400,660420.00,20,F1,1200,,,,,
2026-08-31,2026-08-31,CM,NSE,STK,11530,INE02YR01019,EMIL,EQ,,,,,ELECTRONICS MART IND LTD,176.47,182.45,176.30,180.61,181.40,177.35,,180.62,,,1214913,219146587.30,16182,F1,1,,,,,
2026-08-31,2026-08-31,CM,NSE,STK,928,INE086A01029,ELECTCAST,EQ,,,,,ELECTROSTEEL CASTINGS LTD,81.75,84.65,81.32,83.44,83.10,81.50,,83.43,,,5674123,472120684.22,33984,F1,1,,,,,
2026-08-31,2026-08-31,CM,NSE,STK,4469,INE822G01016,ELECTHERM,EQ,,,,,ELECTROTHERM (I) LTD.,1014.00,1014.00,988.60,990.60,990.10,1016.10,,990.72,,,12209,12166613.50,693,F1,1,,,,,
2026-08-31,2026-08-31,CM,NSE,STK,29595,INE0R9101015,ELGNZ,SM,,,,,ELEGANZ INTERIORS LIMITED,94.30,97.65,94.30,97.65,97.65,94.70,,97.65,,,4000,380550.00,4,F1,1000,,,,,
2026-08-31,2026-08-31,CM,NSE,STK,937,INE285A01027,ELGIEQUIP,EQ,,,,,ELGI EQUIPMENTS LTD,632.00,632.50,618.80,627.35,628.20,628.85,,627.36,,,394792,247229323.15,17376,F1,1,,,,,
2026-08-31,2026-08-31,CM,NSE,STK,24924,INE819L01012,ELGIRUBCO,EQ,,,,,ELGI RUBBER CO. LTD,62.45,62.45,58.30,58.97,58.60,60.94,,58.97,,,43838,2631101.43,732,F1,1,,,,,
2026-08-31,2026-08-31,CM,NSE,STK,13423,INE050401020,ELIN,EQ,,,,,ELIN ELECTRONICS LIMITED,103.80,104.38,99.70,100.13,100.01,104.88,,100.14,,,148734,15088014.05,2277,F1,1,,,,,
2026-08-31,2026-08-31,CM,NSE,STK,762663,INE669R01026,ELITECON,EQ,,,,,ELITECON INTERNATIONAL L,10.64,10.64,10.64,10.64,10.64,11.20,,10.64,,,689853,7340035.92,2816,F1,1,,,,,
2026-08-31,2026-08-31,CM,NSE,STK,758563,INE236E01022,ELLEN,EQ,,,,,ELLENBARRIE INDUS GASES L,322.00,329.40,317.00,322.25,321.15,319.80,,322.25,,,381459,123283874.25,8101,F1,1,,,,,
2026-08-31,2026-08-31,CM,NSE,STK,4471,INE579B01039,ELPROINTL,EQ,,,,,ELPRO INTERNATIONAL LTD,174.10,176.00,173.70,173.97,173.75,174.71,,173.97,,,21712,3780687.80,287,F1,1,,,,,
2026-08-31,2026-08-31,CM,NSE,STK,29229,INE0ZOL01023,EMAPARTNER,SM,,,,,EMA PARTNERS INDIA LTD,88.60,88.60,84.00,84.15,84.00,88.00,,84.15,,,16000,1383300.00,9,F1,1000,,,,,
2026-08-31,2026-08-31,CM,NSE,STK,13517,INE548C01032,EMAMILTD,EQ,,,,,EMAMI LIMITED,379.40,380.95,362.00,364.00,363.95,379.40,,364.00,,,2282719,839568768.40,48340,F1,1,,,,,
2026-08-31,2026-08-31,CM,NSE,STK,10084,INE830C01026,EMAMIPAP,BE,,,,,EMAMI PAPER MILLS LIMITED,114.99,115.00,109.10,111.43,112.00,114.24,,111.19,,,36479,4047888.26,337,F1,1,,,,,
2026-08-31,2026-08-31,CM,NSE,STK,19277,INE778K01012,EMAMIREAL,EQ,,,,,EMAMI REALTY LIMITED,68.05,69.70,68.05,69.45,69.45,70.16,,69.45,,,10252,706950.19,77,F1,1,,,,,
2026-08-31,2026-08-31,CM,NSE,STK,14450,INE069I01010,EMBDL,EQ,,,,,EMBASSY DEVELOPMENTS LTD,62.70,63.90,60.38,62.07,62.50,62.78,,62.07,,,13080954,812333796.46,27429,F1,1,,,,,
2026-08-31,2026-08-31,CM,NSE,STK,9383,INE041025011,EMBASSY,RR,,,,,EMBASSY OFFICE PARKS REIT,439.40,440.00,436.10,438.48,438.80,437.22,,438.48,,,1208586,529595552.93,17499,F1,1,,,,,
2026-08-31,2026-08-31,CM,NSE,STK,24398,INE168P01015,EMCURE,EQ,,,,,EMCURE PHARMACEUTICALS L,1879.00,1888.10,1838.60,1855.30,1862.90,1869.40,,1855.34,,,99105,183743600.80,11589,F1,1,,,,,
2026-08-31,2026-08-31,CM,NSE,STK,27629,INE0RHD01013,ETML,SM,,,,,EMERALD TYRE MANUF LTD,89.70,89.70,82.45,82.45,82.45,81.70,,82.45,,,12000,1026480.00,10,F1,1200,,,,,
2026-08-31,2026-08-31,CM,NSE,STK,13421,INE296H01011,EMKAY,EQ,,,,,EMKAY GLOBAL FIN SERV LTD,250.56,262.00,250.56,257.18,254.48,251.59,,257.19,,,86725,22372016.81,1856,F1,1,,,,,
2026-08-31,2026-08-31,CM,NSE,STK,10253,INE332S01011,EMKAYTOOLS,SM,,,,,EMKAY TAP & CUT. TOOL LTD,92.20,96.80,92.20,95.00,95.00,94.20,,95.00,,,1050,99105.00,7,F1,150,,,,,
2026-08-31,2026-08-31,CM,NSE,STK,758591,INE0PXC01024,ETL,SM,,,,,EMKAY TOOLS LIMITED,1104.00,1125.00,1104.00,1110.00,1110.00,1104.00,,1110.00,,,1050,1173592.50,6,F1,150,,,,,
2026-08-31,2026-08-31,CM,NSE,STK,18146,INE753K01015,EMMBI,BE,,,,,EMMBI INDUSTRIES LIMITED,90.30,90.30,90.00,90.30,90.30,86.00,,90.30,,,44404,4009097.16,195,F1,1,,,,,
2026-08-31,2026-08-31,CM,NSE,STK,759728,INE1C6T01020,EMMVEE,EQ,,,,,EMMVEE PHOTOVOLTAIC PWR L,324.10,327.00,318.40,321.75,322.50,324.10,,321.75,,,2346246,754881082.50,28868,F1,1,,,,,
2026-08-31,2026-08-31,CM,NSE,STK,764673,INE515H01014,EMPIND,EQ,,,,,EMPIRE INDUSTRIES LTD.,1225.00,1240.00,1212.00,1217.40,1218.40,1214.20,,1217.03,,,5938,7266593.50,541,F1,1,,,,,
2026-08-31,2026-08-31,CM,NSE,STK,762670,INE507F01023,EMPOWER,EQ,,,,,EMPOWER INDIA LTD.,2.02,2.22,2.02,2.11,2.14,2.12,,2.11,,,10262389,21623083.42,3006,F1,1,,,,,
2026-08-31,2026-08-31,CM,NSE,STK,18593,INE0OV601013,EMSLIMITED,EQ,,,,,EMS LIMITED,379.70,380.80,371.40,374.75,376.85,377.85,,374.76,,,160749,60295647.55,4653,F1,1,,,,,
2026-08-31,2026-08-31,CM,NSE,STK,9756,INE01QM01018,EMUDHRA,EQ,,,,,EMUDHRA LIMITED,559.65,559.65,545.60,547.85,546.50,559.65,,547.88,,,62226,34233405.40,2913,F1,1,,,,,
2026-08-31,2026-08-31,CM,NSE,STK,760321,INE433T01015,ENCOMPAS,SM,,,,,ENCOMPASS DESIGN INDIA L,250.00,250.90,250.00,250.90,250.90,251.00,,250.90,,,1200,300720.00,3,F1,400,,,,,
2026-08-31,2026-08-31,CM,NSE,STK,18822,INE913H01037,ENDURANCE,EQ,,,,,ENDURANCE TECHNO. LTD.,2929.00,2943.80,2860.00,2871.20,2879.00,2929.20,,2871.22,,,113419,328079557.40,16382,F1,1,,,,,
2026-08-31,2026-08-31,CM,NSE,STK,15049,INE306C01019,ENERGYDEV,EQ,,,,,ENERGY DEVE. CO.LTD,15.89,16.34,15.74,15.88,15.90,16.06,,15.88,,,19918,315999.05,267,F1,1,,,,,
2026-08-31,2026-08-31,CM,NSE,STK,23745,INE0S1L01013,EMMIL,SM,,,,,ENERGY MISSION MACH IND L,125.00,125.00,120.00,125.00,125.00,130.00,,125.00,,,3500,433050.00,14,F1,250,,,,,
2026-08-31,2026-08-31,CM,NSE,STK,4907,INE510A01028,ENGINERSIN,EQ,,,,,ENGINEERS INDIA LTD,254.00,263.55,252.91,261.87,263.00,253.72,,261.87,,,6249458,1614988993.54,63194,F1,1,,,,,
2026-08-31,2026-08-31,CM,NSE,STK,764678,INE130L01014,ENKEIWHEL,EQ,,,,,ENKEI WHEELS (INDIA) LTD.,398.05,412.70,398.05,399.05,400.00,400.00,,398.99,,,1579,633447.55,36,F1,1,,,,,
2026-08-31,2026-08-31,CM,NSE,STK,23230,INE0R9I01021,ENSER,SM,,,,,ENSER COMMUNICATIONS LTD,15.40,15.50,14.00,14.85,15.45,14.90,,14.85,,,85000,1283750.00,17,F1,5000,,,,,
2026-08-31,2026-08-31,CM,NSE,STK,22717,INE010601016,ENTERO,EQ,,,,,ENTERO HEALTHCARE SOLU L,1798.50,1841.50,1742.60,1809.90,1800.20,1808.60,,1809.83,,,638557,1149516025.30,29983,F1,1,,,,,
2026-08-31,2026-08-31,CM,NSE,STK,13192,INE265F01028,ENIL,EQ,,,,,ENTERTAIN NET. IND. LTD.,105.06,105.99,101.00,101.97,102.25,104.89,,101.91,,,22978,2362832.65,673,F1,1,,,,,
2026-08-31,2026-08-31,CM,NSE,STK,27213,INE0LLY01014,EIEL,EQ,,,,,ENVIRO INFRA ENGINEERS L,198.50,198.50,195.15,196.92,196.80,199.23,,196.89,,,1014824,199965389.98,9434,F1,1,,,,,
2026-08-31,2026-08-31,CM,NSE,STK,25412,INE0SUH01015,ENVIRO,SM,,,,,ENVIROTECH SYSTEMS LTD,69.05,69.65,69.00,69.50,69.50,70.95,,69.50,,,12000,832150.00,12,F1,1000,,,,,
2026-08-31,2026-08-31,CM,NSE,STK,22463,INE0G5901015,EPACK,EQ,,,,,EPACK DURABLE LIMITED,191.95,192.00,186.00,187.35,188.00,191.95,,187.35,,,621893,117217325.22,10450,F1,1,,,,,
2026-08-31,2026-08-31,CM,NSE,STK,759251,INE0MLS01022,EPACKPEB,EQ,,,,,EPACK PREFAB TECHN LTD,227.60,227.60,220.35,221.70,221.50,225.65,,221.70,,,291830,64858292.45,5247,F1,1,,,,,
2026-08-31,2026-08-31,CM,NSE,STK,5382,INE071N01016,EPIGRAL,EQ,,,,,EPIGRAL LIMITED,1216.20,1234.80,1196.60,1203.30,1205.00,1232.80,,1203.36,,,42877,52083686.70,5419,F1,1,,,,,
2026-08-31,2026-08-31,CM,NSE,STK,981,INE255A01020,EPL,EQ,,,,,EPL LIMITED,253.72,265.70,248.38,262.06,264.00,251.94,,262.06,,,6325246,1649282129.15,78990,F1,1,,,,,
2026-08-31,2026-08-31,CM,NSE,STK,758349,INE11HF01010,EEPL,ST,,,,,EPPELTONE ENGINEERS LTD,146.55,148.25,146.40,146.45,146.45,154.10,,146.45,,,21000,3086000.00,20,F1,1000,,,,,
2026-08-31,2026-08-31,CM,NSE,STK,761217,INE1KEC01023,EPWINDIA,ST,,,,,EPW INDIA LIMITED,245.00,245.00,242.25,242.50,242.25,255.00,,242.50,,,9600,2331540.00,8,F1,1200,,,,,
2026-08-31,2026-08-31,CM,NSE,STK,3553,INE217G01035,EQUIPPP,BE,,,,,EQUIPPP SOC IMP TECH LTD,23.45,23.45,22.25,22.30,22.95,23.40,,22.30,,,6334,141301.42,23,F1,1,,,,,
2026-08-31,2026-08-31,CM,NSE,STK,913,INE063P01018,EQUITASBNK,EQ,,,,,EQUITAS SMALL FIN BNK LTD,73.90,74.50,73.31,73.97,74.00,73.90,,73.97,,,1171420,86610038.87,14234,F1,1,,,,,
2026-08-31,2026-08-31,CM,NSE,STK,21154,INE406M01024,ERIS,EQ,,,,,ERIS LIFESCIENCES LIMITED,1314.80,1320.00,1292.00,1297.20,1305.00,1314.80,,1297.20,,,73560,95613816.70,13614,F1,1,,,,,
2026-08-31,2026-08-31,CM,NSE,STK,955,INE284A01012,ESABINDIA,EQ,,,,,ESAB INDIA LTD,6206.00,6209.50,6084.00,6119.50,6137.50,6162.00,,6118.59,,,4019,24662691.50,1945,F1,1,,,,,
2026-08-31,2026-08-31,CM,NSE,STK,19884,INE818W01011,ESAFSFB,BE,,,,,ESAF SMALL FINANCE BANK L,44.71,44.98,42.80,42.97,43.00,44.71,,42.99,,,415246,18150168.10,1918,F1,1,,,,,
2026-08-31,2026-08-31,CM,NSE,STK,22764,INE0RQZ01017,ESCONET,SM,,,,,ESCONET TECHNOLOGIES LTD,199.00,199.00,191.00,197.65,197.85,198.20,,197.65,,,20800,4045960.00,41,F1,400,,,,,
2026-08-31,2026-08-31,CM,NSE,STK,958,INE042A01014,ESCORTS,EQ,,,,,ESCORTS KUBOTA LIMITED,3010.10,3015.00,2974.30,2995.00,2985.00,3015.50,,2994.97,,,102145,305714945.00,19540,F1,1,,,,,
2026-08-31,2026-08-31,CM,NSE,STK,761461,INE818W08164,1165ESFB32,N0,,,,,ESFB 11.65% 2032 SR 4,99001.00,99001.00,99001.00,99001.00,99001.00,102000.00,,99001.00,,,4,396004.00,3,F1,1,,,,,
2026-08-31,2026-08-31,CM,NSE,STK,24678,INE0SBP01018,ESPRIT,SM,,,,,ESPRIT STONES LIMITED,64.75,66.75,64.75,66.75,66.75,64.75,,66.75,,,8000,526000.00,3,F1,1600,,,,,
2026-08-31,2026-08-31,CM,NSE,STK,25634,INE122M01019,ESSARSHPNG,EQ,,,,,ESSAR SHIPPING LTD,16.94,17.09,16.40,16.58,16.60,16.77,,16.58,,,168541,2809998.75,755,F1,1,,,,,
2026-08-31,2026-08-31,CM,NSE,STK,17084,INE0ITO01014,ESFL,SM,,,,,ESSEN SPECIALITY FILMS L,122.25,123.05,118.00,120.60,120.50,123.40,,120.60,,,11880,1435824.00,32,F1,360,,,,,
2026-08-31,2026-08-31,CM,NSE,STK,24265,INE778B01029,ESTER,EQ,,,,,ESTER INDUSTRIES LTD,93.10,94.00,90.38,91.73,92.50,93.73,,91.74,,,81352,7445368.07,1240,F1,1,,,,,
2026-08-31,2026-08-31,CM,NSE,STK,5097,INE758T01015,ETERNAL,EQ,,,,,ETERNAL LIMITED,328.80,332.95,315.80,328.10,328.10,328.00,,328.10,,,272151922,88979903645.75,285412,F1,1,,,,,
2026-08-31,2026-08-31,CM,NSE,STK,9750,INE04TZ01018,ETHOSLTD,EQ,,,,,ETHOS LIMITED,2884.00,2905.00,2852.20,2898.70,2900.00,2875.10,,2898.76,,,36025,104128453.50,7877,F1,1,,,,,
2026-08-31,2026-08-31,CM,NSE,STK,25162,INE0KCE01017,EUREKAFORB,EQ,,,,,EUREKA FORBES LIMITED,427.75,440.00,417.30,429.40,434.00,427.75,,429.53,,,117954,50068939.60,6915,F1,1,,,,,
2026-08-31,2026-08-31,CM,NSE,STK,6042,INE546V01010,EIFFL,BE,,,,,EURO (I) FRESH FOODS LTD,295.95,295.95,295.95,295.95,295.95,301.95,,295.95,,,242,71619.90,7,F1,1,,,,,
2026-08-31,2026-08-31,CM,NSE,STK,757953,INE505V01016,EUROBOND,EQ,,,,,EURO PANEL PRODUCTS LTD,154.00,160.00,149.05,150.28,149.50,150.32,,150.28,,,1967,300883.49,134,F1,1,,,,,
2026-08-31,2026-08-31,CM,NSE,STK,759797,INE198501012,EUROPRATIK,EQ,,,,,EURO PRATIK SALES LIMITED,257.45,267.20,254.40,263.70,262.50,257.45,,263.72,,,216234,56997809.65,5592,F1,1,,,,,
2026-08-31,2026-08-31,CM,NSE,STK,11782,INE128A01029,EVEREADY,EQ,,,,,EVEREADY INDS. IND.  LTD.,335.20,344.00,328.10,329.80,329.90,337.10,,329.80,,,73068,24231521.40,2232,F1,1,,,,,
2026-08-31,2026-08-31,CM,NSE,STK,6017,INE295A01018,EVERESTIND,BE,,,,,EVEREST INDUSTRIES LTD,440.00,440.00,413.05,431.40,432.70,434.75,,431.42,,,16400,6858801.20,228,F1,1,,,,,
2026-08-31,2026-08-31,CM,NSE,STK,13091,INE184H01027,EKC,EQ,,,,,EVEREST KANTO CYLINDERLTD,108.60,109.00,107.00,107.47,107.15,108.87,,107.51,,,103207,11119445.29,1961,F1,1,,,,,
2026-08-31,2026-08-31,CM,NSE,STK,11471,INE369A01029,EXCELINDUS,EQ,,,,,EXCEL INDUSTRIES LTD,1036.05,1062.95,1025.10,1046.15,1044.95,1030.85,,1047.03,,,11674,12136206.30,1200,F1,1,,,,,
2026-08-31,2026-08-31,CM,NSE,STK,25327,INE0Y4801011,EXCELLENT,ST,,,,,EXCELLENT WIRES N PACK L,204.00,204.00,204.00,204.00,204.00,210.00,,204.00,,,1600,326400.00,1,F1,1600,,,,,
2026-08-31,2026-08-31,CM,NSE,STK,760007,INE606N01019,EXCELSOFT,EQ,,,,,EXCELSOFT TECHNOLOGIES L,71.17,71.44,69.70,69.93,69.80,71.03,,69.93,,,229162,16135928.46,2013,F1,1,,,,,
2026-08-31,2026-08-31,CM,NSE,STK,22947,INE777F01014,EXICOM,EQ,,,,,EXICOM TELE SYSTEMS LTD,167.90,172.39,165.50,165.99,166.00,167.93,,166.00,,,1245937,209936509.90,13818,F1,1,,,,,
2026-08-31,2026-08-31,CM,NSE,STK,676,INE302A01020,EXIDEIND,EQ,,,,,EXIDE INDUSTRIES LTD,443.95,444.40,436.45,440.25,439.10,444.60,,440.25,,,2568311,1131328427.90,52834,F1,1,,,,,
2026-08-31,2026-08-31,CM,NSE,STK,760422,INE19I001020,EXIMROUTES,SM,,,,,EXIM ROUTES LIMITED,113.30,113.30,110.00,110.00,110.00,113.20,,110.00,,,9600,1067160.00,10,F1,800,,,,,
2026-08-31,2026-08-31,CM,NSE,STK,17486,INE201K01015,EXPLEOSOL,EQ,,,,,EXPLEO SOLUTIONS LIMITED,875.75,879.90,855.10,857.05,855.10,875.75,,857.05,,,12274,10576315.95,1174,F1,1,,,,,
2026-08-31,2026-08-31,CM,NSE,STK,5352,INE0GFE01026,EXXARO,EQ,,,,,EXXARO TILES LIMITED,7.41,7.41,6.67,7.13,7.20,7.41,,7.13,,,2307853,16251502.80,2575,F1,1,,,,,
2026-08-31,2026-08-31,CM,NSE,STK,760125,INE0HF201011,FABTECH,EQ,,,,,FABTECH TECHNOLOGIES LTD,147.00,149.40,143.61,148.41,149.00,147.56,,148.36,,,76646,11248029.58,1085,F1,1,,,,,
2026-08-31,2026-08-31,CM,NSE,STK,1008,INE188A01015,FACT,EQ,,,,,FACT LTD,831.00,831.00,816.05,821.25,818.00,832.50,,821.25,,,159589,131040001.20,6849,F1,1,,,,,
2026-08-31,2026-08-31,CM,NSE,STK,1619,INE0DNW01011,FAIRCHEMOR,BE,,,,,FAIRCHEM ORGANICS LIMITED,675.00,675.00,668.00,675.00,675.00,680.00,,673.00,,,6085,4099472.00,65,F1,1,,,,,
2026-08-31,2026-08-31,CM,NSE,STK,24150,INE0PQK01013,FALCONTECH,SM,,,,,FALCON TECHNOPROJ IND LTD,12.30,12.90,12.30,12.75,12.85,12.90,,12.75,,,8400,105780.00,7,F1,1200,,,,,
2026-08-31,2026-08-31,CM,NSE,STK,765371,INE1Q2D01019,FASCINATE,ST,,,,,FASCINATE TEXTILES LTD,88.95,88.95,88.95,88.95,88.95,93.60,,88.95,,,10400,925080.00,8,F1,800,,,,,
2026-08-31,2026-08-31,CM,NSE,STK,12000,INE963C01033,FAZE3Q,EQ,,,,,FAZE THREE LIMITED,482.60,491.00,481.35,487.50,484.05,491.05,,487.49,,,15371,7464441.70,923,F1,1,,,,,
2026-08-31,2026-08-31,CM,NSE,STK,11999,INE512B01022,FCSSOFT,EQ,,,,,FCS SOFTWARE SOLN. LTD.,1.50,1.52,1.46,1.48,1.49,1.50,,1.48,,,2528833,3766696.68,1338,F1,1,,,,,
2026-08-31,2026-08-31,CM,NSE,STK,4898,INE258B01022,FDC,EQ,,,,,FDC LIMITED,342.50,343.00,329.50,337.20,340.00,342.50,,337.17,,,214510,72499546.70,8869,F1,1,,,,,
2026-08-31,2026-08-31,CM,NSE,STK,20322,INE007N01010,FEDFINA,EQ,,,,,FEDBANK FINANCIAL SER L,159.00,160.75,155.20,157.24,155.20,158.94,,157.28,,,702951,111384101.22,8863,F1,1,,,,,
2026-08-31,2026-08-31,CM,NSE,STK,762675,INE417D01020,FEDDERSHOL,EQ,,,,,FEDDERS HOLDING LTD.,45.50,45.59,44.11,44.69,45.00,43.99,,44.69,,,814235,36652938.71,1994,F1,1,,,,,
2026-08-31,2026-08-31,CM,NSE,STK,1023,INE171A01029,FEDERALBNK,EQ,,,,,FEDERAL BANK LTD,342.60,356.70,341.55,356.70,356.70,344.25,,356.70,,,6824404,2401674865.70,58285,F1,1,,,,,
2026-08-31,2026-08-31,CM,NSE,STK,1190,INE529A01010,FMGOETZE,EQ,,,,,FEDERAL-MOGUL GOETZE (IND,616.00,641.10,608.05,624.85,626.30,602.05,,624.86,,,8525284,5314731902.55,135028,F1,1,,,,,
2026-08-31,2026-08-31,CM,NSE,STK,573,INE901X01013,FELIX,SM,,,,,FELIX INDUSTRIES LTD.,171.35,176.55,171.35,172.75,172.50,177.15,,172.75,,,41000,7115900.00,75,F1,500,,,,,
2026-08-31,2026-08-31,CM,NSE,STK,762680,INE225B01021,FERMENTA,EQ,,,,,FERMENTA BIOTECH LTD.,509.90,514.35,490.30,500.10,497.00,509.90,,500.10,,,85965,43087698.05,5131,F1,1,,,,,
2026-08-31,2026-08-31,CM,NSE,STK,8159,INE296C01020,FIBERWEB,EQ,,,,,FIBERWEB INDIA LIMITED,27.40,27.40,26.10,26.35,26.22,26.70,,26.36,,,14920,394878.74,108,F1,1,,,,,
2026-08-31,2026-08-31,CM,NSE,STK,9858,INE0LQQ01019,FIDEL,SM,,,,,FIDEL SOFTECH LIMITED,140.00,140.00,140.00,140.00,140.00,144.60,,140.00,,,1000,140000.00,1,F1,1000,,,,,
2026-08-31,2026-08-31,CM,NSE,STK,13710,INE737H01014,FIEMIND,EQ,,,,,FIEM INDUSTRIES LIMITED,2087.70,2087.70,2033.00,2036.20,2037.00,2087.70,,2036.21,,,80331,164109425.20,10017,F1,1,,,,,
2026-08-31,2026-08-31,CM,NSE,STK,23647,INE185E01021,FILATFASH,EQ,,,,,FILATEX FASHIONS LIMITED,0.19,0.19,0.18,0.18,0.19,0.18,,0.18,,,28226880,5151293.70,2239,F1,1,,,,,
2026-08-31,2026-08-31,CM,NSE,STK,24532,INE816B01035,FILATEX,EQ,,,,,FILATEX INDIA LTD,77.00,77.66,74.60,75.17,74.70,78.89,,75.17,,,2948990,224479686.22,13587,F1,1,,,,,
2026-08-31,2026-08-31,CM,NSE,STK,759776,INE0EDU01014,FINBUD,SM,,,,,FINBUD FINANCIAL SERV LTD,125.00,130.00,125.00,128.00,128.00,131.95,,128.00,,,10000,1279100.00,10,F1,1000,,,,,
2026-08-31,2026-08-31,CM,NSE,STK,3744,INE686Y01026,FINEORG,EQ,,,,,FINE ORGANIC IND. LTD.,5282.60,5344.80,5195.00,5282.80,5299.80,5282.50,,5282.21,,,47274,249176343.10,14687,F1,1,,,,,
2026-08-31,2026-08-31,CM,NSE,STK,6198,INE045J01034,FCL,EQ,,,,,FINEOTEX CHEMICAL LIMITED,50.27,52.21,48.87,50.79,50.92,50.03,,50.79,,,17237022,874976149.41,48730,F1,1,,,,,
2026-08-31,2026-08-31,CM,NSE,STK,759239,INE734I01027,FINKURVE,EQ,,,,,FINKURVE FINANCIAL SERV L,75.95,76.08,69.27,72.23,72.00,75.56,,72.33,,,221026,15950640.60,2373,F1,1,,,,,
2026-08-31,2026-08-31,CM,NSE,STK,6579,INE02NC01014,FINOPB,EQ,,,,,FINO PAYMENTS BANK LTD,141.99,142.20,138.50,139.38,138.98,141.57,,139.39,,,138073,19368149.31,2526,F1,1,,,,,
2026-08-31,2026-08-31,CM,NSE,STK,1038,INE235A01022,FINCABLES,EQ,,,,,FINOLEX CABLES LTD,1300.00,1300.00,1236.25,1247.15,1250.50,1297.90,,1247.15,,,1132169,1421428080.15,50036,F1,1,,,,,
2026-08-31,2026-08-31,CM,NSE,STK,1041,INE183A01024,FINPIPE,EQ,,,,,FINOLEX INDUSTRIES LTD,161.95,162.59,156.80,157.72,157.50,160.56,,157.73,,,772113,122934869.80,26121,F1,1,,,,,
2026-08-31,2026-08-31,CM,NSE,STK,14304,INE684F01012,FSL,EQ,,,,,FIRSTSOURCE SOLU. LTD.,269.40,270.00,261.60,264.80,264.10,269.30,,264.80,,,734778,194661775.30,13579,F1,1,,,,,
2026-08-31,2026-08-31,CM,NSE,STK,757658,INE771F01041,FISCHER,EQ,,,,,FISCHER MEDICAL VENTURE L,35.99,35.99,34.99,35.21,35.17,35.44,,35.23,,,350561,12384414.12,1860,F1,1,,,,,
2026-08-31,2026-08-31,CM,NSE,STK,12032,INE128S01021,FIVESTAR,EQ,,,,,FIVE-STAR BUS FIN LTD,535.20,540.00,525.05,535.05,537.90,537.85,,535.05,,,660117,352849808.70,38323,F1,1,,,,,
2026-08-31,2026-08-31,CM,NSE,STK,20372,INE00Y201027,FLAIR,EQ,,,,,FLAIR WRITING INDUST LTD,249.30,250.55,246.50,248.65,249.90,249.30,,248.28,,,29800,7408256.40,894,F1,1,,,,,
2026-08-31,2026-08-31,CM,NSE,STK,25516,INE060J01017,FLEXITUFF,BE,,,,,FLEXITUFF VENTURES INT L,2.59,2.60,2.51,2.54,2.60,2.58,,2.57,,,34065,87104.44,107,F1,1,,,,,
2026-08-31,2026-08-31,CM,NSE,STK,758208,INE0VCK01011,FLYSBS,SM,,,,,FLYSBS AVIATION LIMITED,617.55,622.85,606.05,618.50,620.70,617.55,,618.50,,,75200,46139890.00,212,F1,200,,,,,
2026-08-31,2026-08-31,CM,NSE,STK,760331,INE0SQZ01015,FWSTC,SM,,,,,FLYWINGS SIMULAT T C LTD,198.00,198.00,197.00,197.00,197.00,198.00,,197.00,,,5400,1067400.00,8,F1,600,,,,,
2026-08-31,2026-08-31,CM,NSE,STK,7385,INE0I7D01019,FOCE,SM,,,,,FOCE INDIA LIMITED,512.00,512.00,512.00,512.00,512.00,512.00,,512.00,,,10080,5160960.00,2,F1,240,,,,,
2026-08-31,2026-08-31,CM,NSE,STK,6839,INE593W01028,FOCUS,BE,,,,,FOCUS LIGHTG & FIXTRS LTD,68.10,68.10,64.61,65.74,67.90,67.49,,65.74,,,71490,4683235.49,563,F1,1,,,,,
2026-08-31,2026-08-31,CM,NSE,STK,22517,INE0Q4701019,FONEBOX,SM,,,,,FONEBOX RETAIL LIMITED,100.00,100.00,100.00,100.00,100.00,95.50,,100.00,,,3000,300000.00,3,F1,1000,,,,,
2026-08-31,2026-08-31,CM,NSE,STK,6673,INE976E01023,FOODSIN,EQ,,,,,FOODS & INNS LIMITED,53.00,55.24,52.72,54.97,54.15,52.87,,54.97,,,154105,8408836.09,1711,F1,1,,,,,
2026-08-31,2026-08-31,CM,NSE,STK,24917,INE0U2501017,FORCAS,ST,,,,,FORCAS STUDIO LIMITED,213.90,224.70,213.90,224.65,224.70,214.00,,224.65,,,72000,16056400.00,37,F1,1600,,,,,
2026-08-31,2026-08-31,CM,NSE,STK,11573,INE451A01017,FORCEMOT,EQ,,,,,FORCE MOTORS LIMITED,17370.00,17695.00,17150.00,17526.00,17526.00,17370.00,,17526.14,,,87388,1522069689.00,22711,F1,1,,,,,
2026-08-31,2026-08-31,CM,NSE,STK,25664,INE0YKW01013,FORGEAUTO,SM,,,,,FORGE AUTO INTERNATION L,94.30,95.50,94.00,94.25,94.25,94.20,,94.25,,,12000,1131540.00,8,F1,1200,,,,,
2026-08-31,2026-08-31,CM,NSE,STK,14592,INE061F01013,FORTIS,EQ,,,,,FORTIS HEALTHCARE LTD,929.00,929.00,903.15,906.90,906.90,926.75,,906.90,,,2197250,2000846438.60,46745,F1,1,,,,,
2026-08-31,2026-08-31,CM,NSE,STK,1073,INE519A01011,FOSECOIND,EQ,,,,,FOSECO INDIA LTD,6413.00,6557.50,6250.00,6432.00,6419.00,6362.00,,6431.95,,,35796,229571893.50,8393,F1,1,,,,,
2026-08-31,2026-08-31,CM,NSE,STK,760961,INE212S01015,FRACTAL,EQ,,,,,FRACTAL ANALYTICS LIMITED,839.75,860.00,837.25,852.15,844.00,844.30,,852.15,,,752343,640967622.40,30023,F1,1,,,,,
2026-08-31,2026-08-31,CM,NSE,STK,764683,INE194R01017,FREDUN,EQ,,,,,FREDUN PHARMACEUTICALS L,1475.00,1494.00,1431.00,1446.90,1454.00,1476.60,,1447.56,,,20616,29881153.10,2206,F1,1,,,,,
2026-08-31,2026-08-31,CM,NSE,STK,25871,INE0SFW01015,FRESHARA,ST,,,,,FRESHARA AGRO EXPORTS LTD,425.05,458.95,425.05,447.25,449.00,438.90,,447.25,,,22200,9960720.00,36,F1,600,,,,,
2026-08-31,2026-08-31,CM,NSE,STK,11504,INE385O01018,FROG,ST,,,,,FROG INNOVATIONS LIMITED,242.75,249.90,237.30,248.20,248.20,238.00,,248.20,,,72800,17914700.00,117,F1,400,,,,,
2026-08-31,2026-08-31,CM,NSE,STK,762685,INE572D01014,FRONTSP,EQ,,,,,FRONTIER SPRINGS LTD.,1275.00,1295.70,1256.80,1292.50,1291.00,1273.40,,1292.82,,,10684,13622040.40,1355,F1,1,,,,,
2026-08-31,2026-08-31,CM,NSE,STK,6545,INE388Y01029,NYKAA,EQ,,,,,FSN E COMMERCE VENTURES,334.40,349.55,333.35,349.55,349.55,335.65,,349.55,,,7930224,2718575802.65,65086,F1,1,,,,,
2026-08-31,2026-08-31,CM,NSE,STK,759876,INE12UR01024,UTLSOLAR,EQ,,,,,FUJIYAMA POWER SYSTEMS L,450.35,464.10,447.15,461.05,460.00,449.55,,461.04,,,244300,111380537.80,9510,F1,1,,,,,
2026-08-31,2026-08-31,CM,NSE,STK,11932,INE139R01012,FUSION,EQ,,,,,FUSION FINANCE LIMITED,197.48,202.80,194.41,200.32,199.00,199.24,,200.35,,,371492,73918054.81,9287,F1,1,,,,,
2026-08-31,2026-08-31,CM,NSE,STK,14868,INE452O01016,FLFL,BZ,,,,,FUT LIFESTYLE FASH LTD,1.17,1.20,1.17,1.20,1.20,1.15,,1.20,,,47663,57028.00,80,F1,1,,,,,
2026-08-31,2026-08-31,CM,NSE,STK,760500,INE220J01025,FCONSUMER,BZ,,,,,FUTURE CONSUMER LIMITED,0.22,0.22,0.22,0.22,0.22,0.23,,0.23,,,1756794,386494.68,596,F1,1,,,,,
2026-08-31,2026-08-31,CM,NSE,STK,13812,INE623B01027,FEL,BZ,,,,,FUTURE ENTERPRISES LTD,0.40,0.40,0.38,0.38,0.39,0.39,,0.38,,,449306,172641.98,139,F1,1,,,,,
2026-08-31,2026-08-31,CM,NSE,STK,30491,IN9623B01058,FELDVR,BZ,,,,,FUTURE ENTERPRISES LTD,2.39,2.39,2.23,2.23,2.23,2.34,,2.23,,,10172,22726.20,37,F1,1,,,,,
2026-08-31,2026-08-31,CM,NSE,STK,21017,INE360L01017,FMNL,EQ,,,,,FUTURE MKT NETWORKS LTD,11.00,11.10,10.45,10.47,10.56,11.00,,10.45,,,26581,282819.01,156,F1,1,,,,,
2026-08-31,2026-08-31,CM,NSE,STK,1168,INE075D01018,GMBREW,EQ,,,,,G M BREWERIES LTD,881.00,883.40,852.55,877.25,876.50,890.40,,877.26,,,34709,30423879.10,2070,F1,1,,,,,
2026-08-31,2026-08-31,CM,NSE,STK,5054,INE201P01022,GRINFRA,EQ,,,,,G R INFRAPROJECTS LIMITED,890.75,893.75,863.55,876.20,871.50,890.75,,876.14,,,21324,18694416.30,1978,F1,1,,,,,
2026-08-31,2026-08-31,CM,NSE,STK,1135,INE586X01012,GTECJAINX,BE,,,,,G-TEC JAINX EDUCATION LTD,29.10,29.10,27.51,27.99,28.02,28.80,,27.99,,,3038,85871.70,38,F1,1,,,,,
2026-08-31,2026-08-31,CM,NSE,STK,1085,INE524A01029,GABRIEL,EQ,,,,,GABRIEL INDIA LTD,1374.90,1460.80,1336.20,1437.90,1451.00,1367.60,,1438.01,,,896312,1270200443.70,53460,F1,1,,,,,
2026-08-31,2026-08-31,CM,NSE,STK,18018,INE224E01028,GATECH,BE,,,,,GACM TECHNOLOGIES LIMITED,1.11,1.11,1.10,1.10,1.11,1.06,,1.10,,,171170871,189959142.27,27397,F1,1,,,,,
2026-08-31,2026-08-31,CM,NSE,STK,27,INE224E01036,GATECHDVR,BE,,,,,GACM TECHNOLOGIES LIMITED,0.56,0.56,0.56,0.56,0.56,0.54,,0.57,,,1242897,696022.32,282,F1,1,,,,,
2026-08-31,2026-08-31,CM,NSE,STK,4717,INE129A01019,GAIL,EQ,,,,,GAIL (INDIA) LTD,172.20,177.50,170.33,177.50,177.50,171.10,,177.50,,,13012294,2272740455.64,78238,F1,1,,,,,
2026-08-31,2026-08-31,CM,NSE,STK,765396,INE18UN01038,GAJA,EQ,,,,,GAJA ALT ASSET MGT LTD,157.91,158.66,149.55,150.97,151.70,158.66,,151.07,,,3306446,504804205.72,24227,F1,1,,,,,
2026-08-31,2026-08-31,CM,NSE,STK,25134,INE0RE001014,GALAPREC,EQ,,,,,GALA PRECISION ENG LTD,1034.20,1048.90,1014.60,1025.40,1023.00,1034.20,,1025.39,,,30534,31424494.50,3289,F1,1,,,,,
2026-08-31,2026-08-31,CM,NSE,STK,1315,INE600K01018,GALAXYSURF,EQ,,,,,GALAXY SURFACTANTS LTD,2305.00,2318.00,2236.10,2255.60,2250.00,2285.00,,2255.60,,,34392,77963852.70,5984,F1,1,,,,,
2026-08-31,2026-08-31,CM,NSE,STK,13337,INE297H01019,GALLANTT,EQ,,,,,GALLANTT ISPAT LIMITED,577.85,578.45,562.50,567.25,563.00,577.85,,566.80,,,49530,28175041.75,4448,F1,1,,,,,
2026-08-31,2026-08-31,CM,NSE,STK,20303,INE717W01049,GANDHAR,EQ,,,,,GANDHAR OIL REFINE IND L,256.46,258.38,251.25,257.72,257.50,256.47,,257.74,,,664788,169696154.08,10327,F1,1,,,,,
2026-08-31,2026-08-31,CM,NSE,STK,14116,INE524B01027,GANDHITUBE,EQ,,,,,GANDHI SPL. TUBES LTD,877.05,905.00,877.05,900.95,901.40,898.25,,900.55,,,10227,9152577.60,737,F1,1,,,,,
2026-08-31,2026-08-31,CM,NSE,STK,5617,INE388A01029,GANESHBE,BE,,,,,GANESH BENZOPLAST LIMITED,120.00,121.25,114.50,115.20,115.00,119.93,,115.22,,,193232,22447540.62,1282,F1,1,,,,,
2026-08-31,2026-08-31,CM,NSE,STK,759012,INE652V01016,GANESHCP,EQ,,,,,GANESH CONSUMER PRODUCT L,175.01,180.00,170.00,171.15,171.24,174.15,,171.16,,,126452,22182736.72,2944,F1,1,,,,,
2026-08-31,2026-08-31,CM,NSE,STK,24439,INE0R8C01018,GGBL,SM,,,,,GANESH GREEN BHARAT LTD,230.50,234.00,224.25,226.80,227.00,224.90,,226.80,,,34800,7996560.00,95,F1,300,,,,,
2026-08-31,2026-08-31,CM,NSE,STK,14339,INE460C01014,GANESHHOU,EQ,,,,,GANESH HOUSING LIMITED,804.00,804.00,771.20,776.95,787.00,803.60,,776.97,,,87674,68251173.20,1593,F1,1,,,,,
2026-08-31,2026-08-31,CM,NSE,STK,27351,INE0TVT01024,GANESHIN,ST,,,,,GANESH INFRAWORLD LIMITED,108.00,109.00,105.00,106.00,105.00,110.50,,106.00,,,44000,4680160.00,36,F1,800,,,,,
2026-08-31,2026-08-31,CM,NSE,STK,6944,INE845D01014,GANECOS,EQ,,,,,GANESHA ECOSPHERE LIMITED,1018.80,1041.70,1008.90,1021.70,1039.80,1019.30,,1021.71,,,69988,71591891.00,6251,F1,1,,,,,
2026-08-31,2026-08-31,CM,NSE,STK,757525,INE0ZI101018,GANGABATH,SM,,,,,GANGA BATH FITTINGS LTD,20.85,22.00,20.85,21.35,21.75,21.45,,21.35,,,24000,514050.00,8,F1,3000,,,,,
2026-08-31,2026-08-31,CM,NSE,STK,4957,INE691Z01023,GANGAFORGE,EQ,,,,,GANGA FORGING LIMITED,1.53,1.69,1.53,1.69,1.69,1.61,,1.69,,,13742610,22338410.52,3288,F1,1,,,,,
2026-08-31,2026-08-31,CM,NSE,STK,21399,INE335W01016,GANGESSECU,EQ,,,,,GANGES SECURITIES LIMITED,118.00,118.00,117.20,117.69,118.00,116.81,,117.69,,,989,116492.58,38,F1,1,,,,,
2026-08-31,2026-08-31,CM,NSE,STK,5475,INE382Z01011,GRSE,EQ,,,,,GARDEN REACH SHIP&ENG LTD,2612.10,2612.10,2543.10,2565.50,2567.90,2612.90,,2565.43,,,393623,1008626011.90,27628,F1,1,,,,,
2026-08-31,2026-08-31,CM,NSE,STK,25800,INE0JVO01026,GARUDA,EQ,,,,,GARUDA CONSTRUCT N ENG L,173.05,174.94,171.10,171.61,171.90,175.20,,171.61,,,331237,57099545.39,4607,F1,1,,,,,
2026-08-31,2026-08-31,CM,NSE,STK,7982,INE291A01017,GRWRHITECH,EQ,,,,,GARWARE HI-TECH FILMS LTD,7289.50,7289.50,7092.50,7137.50,7151.00,7224.50,,7137.92,,,46301,331283307.50,12249,F1,1,,,,,
2026-08-31,2026-08-31,CM,NSE,STK,1100,INE276A01018,GARFIBRES,EQ,,,,,GARWARE TECH FIBRES LTD,799.00,818.80,790.00,813.85,818.80,799.00,,813.78,,,53462,43339410.75,5944,F1,1,,,,,
2026-08-31,2026-08-31,CM,NSE,STK,8510,INE079J01017,GATEWAY,EQ,,,,,GATEWAY DISTRIPARKS LTD,53.80,55.19,53.11,53.79,53.65,53.61,,53.79,,,1735133,93617609.83,9935,F1,1,,,,,
2026-08-31,2026-08-31,CM,NSE,STK,760179,INE0P8B01020,GAUDIUMIVF,BE,,,,,GAUDIUM IVF N WOMEN H L,122.00,127.80,119.98,127.80,127.80,121.72,,127.80,,,354347,44521598.72,2764,F1,1,,,,,
2026-08-31,2026-08-31,CM,NSE,STK,3693,INE287Z01012,GAYAHWS,EQ,,,,,GAYATRI HIGHWAYS LIMITED,2.18,2.18,1.81,1.96,1.97,1.88,,1.95,,,1363160,2745019.48,1129,F1,1,,,,,
2026-08-31,2026-08-31,CM,NSE,STK,25023,INE336H01023,GAYAPROJ,EQ,,,,,GAYATRI PROJECTS LTD,22.83,22.83,21.25,21.63,21.69,22.15,,21.63,,,442946,9659236.87,2037,F1,1,,,,,
2026-08-31,2026-08-31,CM,NSE,STK,14052,INE0LVM01018,GRCL,SM,,,,,GAYATRI RUBB AND CHEM LTD,572.00,572.00,572.00,572.00,572.00,568.00,,572.00,,,500,286000.00,2,F1,250,,,,,
2026-08-31,2026-08-31,CM,NSE,STK,7862,INE878A01011,GVPIL,EQ,,,,,GE POWER INDIA LIMITED,651.10,652.70,623.30,627.40,632.15,652.70,,627.38,,,265179,167237352.10,9550,F1,1,,,,,
2026-08-31,2026-08-31,CM,NSE,STK,16783,INE200A01026,GVT&D,EQ,,,,,GE VERNOVA T&D INDIA LTD,4313.00,4445.20,4264.80,4445.20,4445.20,4339.20,,4444.96,,,850283,3681064303.80,54229,F1,1,,,,,
2026-08-31,2026-08-31,CM,NSE,STK,13662,INE916G01016,GEECEE,BE,,,,,GEECEE VENTURES LIMITED,367.00,371.00,361.60,369.95,371.00,370.00,,369.95,,,5222,1931882.85,56,F1,1,,,,,
2026-08-31,2026-08-31,CM,NSE,STK,17922,INE669X01032,GEEKAYWIRE,EQ,,,,,GEEKAY WIRES LIMITED,24.69,29.50,24.21,26.70,26.80,24.69,,26.70,,,1394182,38483167.20,6855,F1,1,,,,,
2026-08-31,2026-08-31,CM,NSE,STK,759461,INE06XZ01023,GEMAROMA,EQ,,,,,GEM AROMATICS LIMITED,167.75,170.00,166.00,168.26,169.70,168.75,,168.24,,,39622,6654718.35,902,F1,1,,,,,
2026-08-31,2026-08-31,CM,NSE,STK,277,INE481Y01014,GICRE,EQ,,,,,GENERAL INS CORP OF INDIA,354.05,358.40,352.60,354.75,355.00,353.30,,354.75,,,1071759,381170888.90,13566,F1,1,,,,,
2026-08-31,2026-08-31,CM,NSE,STK,2188,INE854S01022,GENCON,EQ,,,,,GENERIC ENG CONS PROJ LTD,44.44,47.80,43.83,47.23,47.17,44.12,,47.23,,,869699,39379487.04,5375,F1,1,,,,,
2026-08-31,2026-08-31,CM,NSE,STK,10905,INE727B01026,GENESYS,EQ,,,,,GENESYS INTL CORPN LTD,227.80,230.00,213.35,227.35,228.00,227.80,,227.33,,,840932,186317743.15,14612,F1,1,,,,,
2026-08-31,2026-08-31,CM,NSE,STK,758842,INE06H201014,GENSOL,BZ,,,,,GENSOL ENGINEERING LTD,18.10,18.10,16.95,17.43,17.50,17.32,,17.43,,,48644,855527.51,398,F1,1,,,,,
2026-08-31,2026-08-31,CM,NSE,STK,6600,INE949P01018,GENUSPAPER,EQ,,,,,GENUS P&B LIMITED,12.25,12.50,11.90,12.12,12.10,12.16,,12.12,,,36934,449651.06,239,F1,1,,,,,
2026-08-31,2026-08-31,CM,NSE,STK,11905,INE955D01029,GENUSPOWER,EQ,,,,,GENUS POWER INFRASTRU LTD,352.05,352.10,332.05,335.20,334.20,349.70,,335.20,,,3925702,1322494773.30,41875,F1,1,,,,,
2026-08-31,2026-08-31,CM,NSE,STK,31942,INE1W0N01014,GENXAI,SM,,,,,GENXAI ANALYTICS LIMITED,85.60,85.60,83.10,84.90,84.90,85.60,,84.90,,,10800,910080.00,9,F1,1200,,,,,
2026-08-31,2026-08-31,CM,NSE,STK,11896,INE007B01023,GEOJITFSL,EQ,,,,,GEOJIT FINANCIAL SER L,83.70,84.97,81.80,83.32,83.80,83.70,,83.32,,,465538,38803289.30,3661,F1,1,,,,,
2026-08-31,2026-08-31,CM,NSE,STK,1289,INE538A01037,GFLLIMITED,EQ,,,,,GFL LIMITED,53.95,54.80,53.85,54.17,54.59,54.28,,54.16,,,43732,2377567.29,1151,F1,1,,,,,
2026-08-31,2026-08-31,CM,NSE,STK,1127,INE539A01019,GHCL,EQ,,,,,GHCL LIMITED,442.70,446.80,431.05,437.80,433.80,441.45,,437.81,,,415533,182376274.05,6046,F1,1,,,,,
2026-08-31,2026-08-31,CM,NSE,STK,16696,INE0PA801013,GHCLTEXTIL,EQ,,,,,GHCL TEXTILES LIMITED,131.90,137.00,131.00,134.77,133.60,130.79,,134.74,,,1321896,178068882.65,16080,F1,1,,,,,
2026-08-31,2026-08-31,CM,NSE,STK,1139,INE289B01019,GICHSGFIN,EQ,,,,,GIC HOUSING FINANCE LTD,140.05,140.98,138.61,139.19,138.72,141.03,,139.19,,,47553,6635062.16,1294,F1,1,,,,,
2026-08-31,2026-08-31,CM,NSE,STK,17839,INE047B01011,GILLANDERS,EQ,,,,,GILLANDERS ARBUTHNOT LTD,100.10,109.55,100.10,105.52,106.00,106.38,,105.52,,,8485,898237.92,98,F1,1,,,,,
2026-08-31,2026-08-31,CM,NSE,STK,1576,INE322A01010,GILLETTE,EQ,,,,,GILLETTE INDIA LTD,7316.00,7350.50,7248.00,7329.00,7325.00,7316.00,,7328.19,,,15184,111024088.50,3753,F1,1,,,,,
2026-08-31,2026-08-31,CM,NSE,STK,9294,INE424C01010,GINNIFILA,BE,,,,,GINNIFILAMENTS LTD.,45.09,45.09,43.10,43.99,44.00,44.48,,43.99,,,83560,3677818.38,183,F1,1,,,,,
2026-08-31,2026-08-31,CM,NSE,STK,2365,INE614Z01017,GIRIRAJ,SM,,,,,GIRIRAJ CIVIL DEVP LTD,83.10,86.95,82.90,82.90,82.90,87.25,,82.90,,,3500,292100.00,10,F1,250,,,,,
2026-08-31,2026-08-31,CM,NSE,STK,759048,INE1AG301022,GKENERGY,EQ,,,,,GK ENERGY LIMITED,137.90,137.95,132.50,133.18,134.00,138.46,,133.18,,,465409,62556568.84,4743,F1,1,,,,,
2026-08-31,2026-08-31,CM,NSE,STK,764688,INE265D01015,GKB,EQ,,,,,GKB OPHTHALMICS LTD.,62.81,68.75,62.01,66.09,67.44,62.50,,66.09,,,773,50589.88,35,F1,1,,,,,
2026-08-31,2026-08-31,CM,NSE,STK,17357,INE528A01020,GKWLIMITED,EQ,,,,,GKW LIMITED,1569.00,1582.00,1503.80,1524.70,1524.00,1597.90,,1524.70,,,1073,1669621.90,77,F1,1,,,,,
2026-08-31,2026-08-31,CM,NSE,STK,1186,INE068V01023,GLAND,EQ,,,,,GLAND PHARMA LIMITED,2885.00,2913.80,2845.80,2885.80,2885.00,2888.00,,2885.81,,,370779,1070314268.30,18982,F1,1,,,,,
2026-08-31,2026-08-31,CM,NSE,STK,1153,INE159A01016,GLAXO,EQ,,,,,GLAXOSMITHKLINE PHARMA LT,3106.50,3120.00,3035.20,3050.10,3050.00,3106.40,,3050.11,,,205702,628265109.30,19789,F1,1,,,,,
2026-08-31,2026-08-31,CM,NSE,STK,7406,INE935A01035,GLENMARK,EQ,,,,,GLENMARK PHARMACEUTICALS,2532.40,2532.40,2452.00,2480.00,2480.00,2515.00,,2480.01,,,911026,2259229272.10,39619,F1,1,,,,,
2026-08-31,2026-08-31,CM,NSE,STK,1415,INE291W01037,GLOBAL,EQ,,,,,GLOBAL EDUCATION LIMITED,106.05,109.40,104.41,107.02,106.00,108.99,,107.02,,,106139,11281718.10,1439,F1,1,,,,,
2026-08-31,2026-08-31,CM,NSE,STK,11956,INE474Q01031,MEDANTA,EQ,,,,,GLOBAL HEALTH LIMITED,1465.00,1490.40,1456.80,1479.70,1488.80,1472.20,,1479.74,,,246468,364183776.30,20547,F1,1,,,,,
2026-08-31,2026-08-31,CM,NSE,STK,17170,INE0PS501019,GLOBALPET,ST,,,,,GLOBAL PET INDUSTRIES LTD,156.50,156.50,156.40,156.40,156.40,156.00,,156.40,,,2250,352050.00,2,F1,750,,,,,
2026-08-31,2026-08-31,CM,NSE,STK,14599,INE0JSX01015,GSLSU,EQ,,,,,GLOBAL SURFACES LIMITED,27.08,27.58,25.73,25.73,25.73,27.08,,25.73,,,282182,7375272.35,1556,F1,1,,,,,
2026-08-31,2026-08-31,CM,NSE,STK,13735,INE792H01019,GLOBALVECT,EQ,,,,,GLOBAL VEC HELICORP LTD,145.30,145.31,141.50,142.51,142.89,145.92,,142.51,,,12825,1832861.63,546,F1,1,,,,,
2026-08-31,2026-08-31,CM,NSE,STK,24932,INE0URU01010,GLOBALE,EQ,,,,,GLOBALE TESSILE LIMITED,11.93,11.93,11.16,11.50,11.50,11.58,,11.91,,,239,2789.53,15,F1,1,,,,,
2026-08-31,2026-08-31,CM,NSE,STK,758572,INE0V3U01015,GLOBECIVIL,EQ,,,,,GLOBE CIVIL PROJECTS LTD,45.60,47.77,44.91,46.69,46.75,45.58,,46.70,,,120301,5561986.95,774,F1,1,,,,,
2026-08-31,2026-08-31,CM,NSE,STK,393,INE581X01021,GLOBE,EQ,,,,,GLOBE ENTERPRISE (I) LTD,2.00,2.00,1.89,1.93,1.95,2.00,,1.93,,,1193799,2299868.30,522,F1,1,,,,,
2026-08-31,2026-08-31,CM,NSE,STK,761025,INE947T01022,GICL,EQ,,,,,GLOBE INTL CARRIERS LTD,24.00,24.00,23.12,23.84,23.90,23.73,,23.84,,,96893,2303131.97,266,F1,1,,,,,
2026-08-31,2026-08-31,CM,NSE,STK,9764,INE00WS01056,GSTL,SM,,,,,GLOBESECURE TECHNO LTD,12.20,12.70,12.15,12.15,12.15,12.75,,12.15,,,8000,97800.00,8,F1,1000,,,,,
2026-08-31,2026-08-31,CM,NSE,STK,17424,INE615I01010,GLOBUSSPR,EQ,,,,,GLOBUS SPIRITS LTD,920.10,921.85,905.00,917.30,915.00,916.10,,917.27,,,57967,53021959.45,2794,F1,1,,,,,
2026-08-31,2026-08-31,CM,NSE,STK,23590,INE350Z01018,GLOSTERLTD,EQ,,,,,GLOSTER LIMITED,607.00,607.00,587.50,589.90,587.50,607.15,,589.90,,,732,434473.65,57,F1,1,,,,,
2026-08-31,2026-08-31,CM,NSE,STK,760116,INE0TQE01026,GLOTTIS,EQ,,,,,GLOTTIS LIMITED,64.26,64.99,63.76,63.76,63.76,64.27,,63.76,,,27416,1751082.76,359,F1,1,,,,,
2026-08-31,2026-08-31,CM,NSE,STK,1570,INE541A01023,GMMPFAUDLR,EQ,,,,,GMM PFAUDLER LIMITED,1026.05,1074.00,1011.05,1042.45,1041.00,1026.70,,1042.51,,,272965,286644716.70,20647,F1,1,,,,,
2026-08-31,2026-08-31,CM,NSE,STK,13528,INE776C01039,GMRAIRPORT,EQ,,,,,GMR AIRPORTS LIMITED,97.85,98.00,93.63,93.63,93.63,98.31,,93.63,,,59724643,5653815225.40,53373,F1,1,,,,,
2026-08-31,2026-08-31,CM,NSE,STK,8529,INE0CU601026,GMRP&UI,EQ,,,,,GMR POW AND URBAN INFRA L,93.35,93.35,89.56,90.31,90.90,93.35,,90.32,,,9225026,833897667.28,44189,F1,1,,,,,
2026-08-31,2026-08-31,CM,NSE,STK,18571,INE934S01014,GNA,EQ,,,,,GNA AXLES LIMITED,542.65,551.50,530.00,539.85,538.00,542.65,,539.88,,,305513,164834887.00,9765,F1,1,,,,,
2026-08-31,2026-08-31,CM,NSE,STK,757862,INE18JU01028,EBGNG,EQ,,,,,GNG ELECTRONICS LIMITED,630.05,630.05,608.00,612.50,615.00,635.10,,612.47,,,424867,262270080.50,13071,F1,1,,,,,
2026-08-31,2026-08-31,CM,NSE,STK,23799,INE03JT01014,GODIGIT,EQ,,,,,GO DIGIT GENERAL INS LTD,262.00,262.10,253.50,257.40,257.05,262.35,,257.44,,,315646,80889164.95,10877,F1,1,,,,,
2026-08-31,2026-08-31,CM,NSE,STK,6964,INE0BJS01011,GOCOLORS,EQ,,,,,GO FASHION INDIA LTD,337.00,337.00,326.70,327.85,329.40,335.65,,327.85,,,83043,27371353.15,2462,F1,1,,,,,
2026-08-31,2026-08-31,CM,NSE,STK,14687,INE426D01013,GOACARBON,EQ,,,,,GOA CARBON LIMITED,361.85,372.85,355.05,369.55,370.00,361.85,,369.54,,,14913,5467939.90,941,F1,1,,,,,
2026-08-31,2026-08-31,CM,NSE,STK,3963,INE077F01035,GOCLCORP,EQ,,,,,GOCL CORPORATION LIMITED,385.05,396.00,385.05,392.50,394.80,388.25,,392.49,,,31601,12305332.15,1395,F1,1,,,,,
2026-08-31,2026-08-31,CM,NSE,STK,25941,INE497S01012,GODAVARIB,EQ,,,,,GODAVARI BIOREFINERIES L,238.60,240.95,232.80,234.35,234.00,239.05,,234.32,,,107966,25338459.45,2694,F1,1,,,,,
2026-08-31,2026-08-31,CM,NSE,STK,13409,INE177H01039,GPIL,EQ,,,,,GODAWARI POW & ISP LTD,239.60,248.05,237.65,243.67,242.90,239.85,,243.66,,,2891684,707208326.10,43032,F1,1,,,,,
2026-08-31,2026-08-31,CM,NSE,STK,1181,INE260B01028,GODFRYPHLP,EQ,,,,,GODFREY PHILLIPS INDIA LT,2124.00,2141.60,2088.00,2104.80,2104.80,2123.70,,2104.69,,,182819,385434666.90,14602,F1,1,,,,,
2026-08-31,2026-08-31,CM,NSE,STK,144,INE850D01014,GODREJAGRO,EQ,,,,,GODREJ AGROVET LIMITED,608.25,623.70,608.00,615.30,615.00,609.30,,615.30,,,353606,217917057.00,21999,F1,1,,,,,
2026-08-31,2026-08-31,CM,NSE,STK,10099,INE102D01028,GODREJCP,EQ,,,,,GODREJ CONSUMER PRODUCTS,911.20,913.30,901.30,901.30,901.30,915.00,,901.30,,,1151139,1040891951.30,26343,F1,1,,,,,
2026-08-31,2026-08-31,CM,NSE,STK,10925,INE233A01035,GODREJIND,EQ,,,,,GODREJ INDUSTRIES LTD,1167.50,1167.50,1129.90,1134.50,1135.00,1167.50,,1134.62,,,71624,81738304.50,7930,F1,1,,,,,
2026-08-31,2026-08-31,CM,NSE,STK,17875,INE484J01027,GODREJPROP,EQ,,,,,GODREJ PROPERTIES LTD,2025.00,2025.00,1962.60,2014.70,2014.70,2029.10,,2014.70,,,707158,1410839850.00,30430,F1,1,,,,,
2026-08-31,2026-08-31,CM,NSE,STK,765280,IN0020260058,620GS2029,GS,,,,,GOI LOAN   6.20% 2029,99.50,99.75,99.50,99.75,99.75,99.86,,99.75,,,10200,1016150.00,5,F1,1,,,,,
2026-08-31,2026-08-31,CM,NSE,STK,28894,IN0020240191,679GS2031,GS,,,,,GOI LOAN   6.79% 2031,101.00,101.00,101.00,101.00,101.00,102.50,,101.00,,,70,7070.00,2,F1,1,,,,,
2026-08-31,2026-08-31,CM,NSE,STK,27170,IN0020240142,709GS2074,GS,,,,,GOI LOAN   7.09% 2074,96.30,96.30,95.20,95.44,95.75,95.53,,95.44,,,78614,7497704.88,58,F1,1,,,,,
2026-08-31,2026-08-31,CM,NSE,STK,6695,IN0020210186,574GS2026,GS,,,,,GOI LOAN  5.74% 2026,101.03,101.03,101.03,101.03,101.03,101.90,,101.03,,,1,101.03,1,F1,1,,,,,
2026-08-31,2026-08-31,CM,NSE,STK,1341,IN0020200294,585GS2030,GS,,,,,GOI LOAN  5.85% 2030,94.09,94.09,94.09,94.09,94.09,96.51,,94.09,,,11,1034.99,1,F1,1,,,,,
2026-08-31,2026-08-31,CM,NSE,STK,757753,IN0020250034,591GS2028,GS,,,,,GOI LOAN  5.91% 2028,100.55,100.55,99.50,99.50,99.50,99.70,,99.50,,,810,80750.25,6,F1,1,,,,,
2026-08-31,2026-08-31,CM,NSE,STK,757983,IN0020250067,601GS2030,GS,,,,,GOI LOAN  6.01% 2030,98.20,98.20,98.20,98.20,98.20,98.00,,98.20,,,700,68740.00,2,F1,1,,,,,
2026-08-31,2026-08-31,CM,NSE,STK,760622,IN0020250125,603GS2029,GS,,,,,GOI LOAN  6.03% 2029,98.80,99.50,98.40,99.00,99.00,99.22,,99.00,,,1600,158550.00,4,F1,1,,,,,
2026-08-31,2026-08-31,CM,NSE,STK,5012,IN0020210095,610GS2031,GS,,,,,GOI LOAN  6.10% 2031,99.99,99.99,99.99,99.99,99.99,99.99,,99.99,,,1,99.99,1,F1,1,,,,,
2026-08-31,2026-08-31,CM,NSE,STK,759396,IN0020250091,648GS2035,GS,,,,,GOI LOAN  6.48% 2035,99.70,100.00,99.70,100.00,100.00,100.98,,100.00,,,1605,160106.70,7,F1,1,,,,,
2026-08-31,2026-08-31,CM,NSE,STK,7843,IN0020210244,654GS2032,GS,,,,,GOI LOAN  6.54% 2032,99.95,100.00,99.95,99.99,100.00,99.45,,99.99,,,50000,4999987.45,5,F1,1,,,,,
2026-08-31,2026-08-31,CM,NSE,STK,956,IN0020200252,667GS2050,GS,,,,,GOI LOAN  6.67% 2050,92.70,92.70,92.55,92.55,92.55,92.52,,92.55,,,13,1203.55,6,F1,1,,,,,
2026-08-31,2026-08-31,CM,NSE,STK,760623,IN0020250133,668GS2033,GS,,,,,GOI LOAN  6.68% 2033,98.93,99.20,98.93,99.20,99.20,100.00,,99.20,,,200,19813.00,2,F1,1,,,,,
2026-08-31,2026-08-31,CM,NSE,STK,757847,IN0020250042,668GS2040,GS,,,,,GOI LOAN  6.68% 2040,97.99,98.00,97.89,98.00,98.00,98.00,,98.00,,,165336,16202732.50,12,F1,1,,,,,
2026-08-31,2026-08-31,CM,NSE,STK,2317,IN0020200401,676GS2061,GS,,,,,GOI LOAN  6.76% 2061,91.50,91.50,90.25,90.60,90.60,90.79,,90.60,,,60000,5430937.54,75,F1,1,,,,,
2026-08-31,2026-08-31,CM,NSE,STK,22438,IN0020200187,68GS2060,GS,,,,,GOI LOAN  6.8% 2060,90.70,91.25,90.25,91.20,91.20,92.81,,91.20,,,4182,379746.20,10,F1,1,,,,,
2026-08-31,2026-08-31,CM,NSE,STK,756014,IN0020250018,690GS2065,GS,,,,,GOI LOAN  6.90% 2065,94.38,94.38,93.69,93.69,93.69,94.37,,93.70,,,28160,2645547.59,26,F1,1,,,,,
2026-08-31,2026-08-31,CM,NSE,STK,763340,IN0020260025,694GS2036,GS,,,,,GOI LOAN  6.94% 2036,102.51,102.51,102.51,102.51,102.51,102.51,,102.51,,,1000,102510.00,1,F1,1,,,,,
2026-08-31,2026-08-31,CM,NSE,STK,6696,IN0020210194,699GS2051,GS,,,,,GOI LOAN  6.99% 2051,96.00,96.00,94.60,94.60,94.60,97.50,,94.60,,,10959,1050721.40,2,F1,1,,,,,
2026-08-31,2026-08-31,CM,NSE,STK,23854,IN0020240043,702GS2027,GS,,,,,GOI LOAN  7.02% 2027,102.00,102.00,101.91,101.91,101.91,102.15,,101.91,,,201,20484.00,4,F1,1,,,,,
2026-08-31,2026-08-31,CM,NSE,STK,24072,IN0020240076,702GS2031,GS,,,,,GOI LOAN  7.02% 2031,103.04,103.04,102.00,102.39,102.00,102.00,,102.39,,,5150,527546.04,8,F1,1,,,,,
2026-08-31,2026-08-31,CM,NSE,STK,23919,IN0020240050,704GS2029,GS,,,,,GOI LOAN  7.04% 2029,102.25,102.25,102.25,102.25,102.25,102.26,,102.25,,,100,10225.00,1,F1,1,,,,,
2026-08-31,2026-08-31,CM,NSE,STK,14970,IN0020230010,706GS2028,GS,,,,,GOI LOAN  7.06% 2028,104.10,104.10,103.85,103.85,103.85,103.80,,103.85,,,3400,353690.00,2,F1,1,,,,,
2026-08-31,2026-08-31,CM,NSE,STK,764295,IN0020260041,706GS2041,GS,,,,,GOI LOAN  7.06% 2041,100.05,100.05,100.00,100.00,100.00,100.50,,100.00,,,710,71015.50,5,F1,1,,,,,
2026-08-31,2026-08-31,CM,NSE,STK,24949,IN0020240118,709GS2054,GS,,,,,GOI LOAN  7.09% 2054,96.49,96.49,95.42,95.80,95.80,95.38,,95.80,,,12520,1205573.80,11,F1,1,,,,,
2026-08-31,2026-08-31,CM,NSE,STK,23463,IN0020240019,71GS2034,GS,,,,,GOI LOAN  7.1% 2034,103.89,103.90,103.89,103.89,103.90,105.07,,103.89,,,3000,311687.70,5,F1,1,,,,,
2026-08-31,2026-08-31,CM,NSE,STK,17398,IN0020230077,718GS2037,GS,,,,,GOI LOAN  7.18% 2037,103.00,103.92,102.49,102.99,103.90,103.96,,102.99,,,37485,3860795.57,23,F1,1,,,,,
2026-08-31,2026-08-31,CM,NSE,STK,758674,IN0020250075,724GS2055,GS,,,,,GOI LOAN  7.24% 2055,97.70,97.84,97.23,97.30,97.30,97.80,,97.30,,,97594,9507209.90,87,F1,1,,,,,
2026-08-31,2026-08-31,CM,NSE,STK,16733,IN0020230044,725GS2063,GS,,,,,GOI LOAN  7.25% 2063,97.60,97.60,97.20,97.23,97.20,97.58,,97.23,,,203539,19831845.48,151,F1,1,,,,,
2026-08-31,2026-08-31,CM,NSE,STK,10722,IN0020220060,726GS2032,GS,,,,,GOI LOAN  7.26% 2032,103.20,103.20,103.00,103.00,103.00,103.50,,103.00,,,4100,422320.00,2,F1,1,,,,,
2026-08-31,2026-08-31,CM,NSE,STK,14051,IN0020220151,726GS2033,GS,,,,,GOI LOAN  7.26% 2033,103.50,104.00,103.50,104.00,104.00,103.50,,103.78,,,500,51880.50,3,F1,1,,,,,
2026-08-31,2026-08-31,CM,NSE,STK,16865,IN0020230051,73GS2053,GS,,,,,GOI LOAN  7.3% 2053,99.50,99.50,99.06,99.10,99.10,99.60,,99.04,,,15305,1519533.30,15,F1,1,,,,,
2026-08-31,2026-08-31,CM,NSE,STK,20136,IN0020230135,732GS2030,GS,,,,,GOI LOAN  7.32% 2030,103.75,103.75,103.75,103.75,103.75,103.95,,103.75,,,500,51875.00,2,F1,1,,,,,
2026-08-31,2026-08-31,CM,NSE,STK,19685,IN0020230119,733GS2026,GS,,,,,GOI LOAN  7.33% 2026,101.47,102.11,101.47,102.11,102.11,102.49,,102.11,,,1699,173198.89,4,F1,1,,,,,
2026-08-31,2026-08-31,CM,NSE,STK,23558,IN0020240035,734GS2064,GS,,,,,GOI LOAN  7.34% 2064,99.93,99.93,99.61,99.61,99.61,99.79,,99.61,,,54471,5434415.42,58,F1,1,,,,,
2026-08-31,2026-08-31,CM,NSE,STK,19566,IN0020230101,737GS2028,GS,,,,,GOI LOAN  7.37% 2028,104.23,106.58,104.23,106.58,106.58,106.78,,106.58,,,2909,309600.84,15,F1,1,,,,,
2026-08-31,2026-08-31,CM,NSE,STK,10981,IN0020220094,74GS2062,GS,,,,,GOI LOAN  7.4% 2062,103.95,103.95,103.95,103.95,103.95,101.90,,103.95,,,11,1143.45,1,F1,1,,,,,
2026-08-31,2026-08-31,CM,NSE,STK,13194,IN0020220102,741GS2036,GS,,,,,GOI LOAN  7.41% 2036,105.75,106.00,105.20,105.20,105.20,105.80,,105.20,,,11701,1235450.20,15,F1,1,,,,,
2026-08-31,2026-08-31,CM,NSE,STK,760649,IN0020250117,743GS2076,GS,,,,,GOI LOAN  7.43% 2076,99.74,99.90,99.41,99.42,99.46,99.74,,99.48,,,110049,10959333.71,192,F1,1,,,,,
2026-08-31,2026-08-31,CM,NSE,STK,19808,IN0020230127,746GS2073,GS,,,,,GOI LOAN  7.46% 2073,101.50,101.50,100.10,101.34,101.35,101.50,,101.34,,,8217,829714.41,23,F1,1,,,,,
2026-08-31,2026-08-31,CM,NSE,STK,763146,IN0020260017,750GS2056,GS,,,,,GOI LOAN  7.50% 2056,101.20,101.20,100.19,100.50,100.50,101.20,,100.50,,,1218,122496.00,10,F1,1,,,,,
2026-08-31,2026-08-31,CM,NSE,STK,9585,IN0020220029,754GS2036,GS,,,,,GOI LOAN  7.54% 2036,106.77,106.77,106.11,106.25,106.11,106.85,,106.25,,,609079,64800445.11,270,F1,1,,,,,
2026-08-31,2026-08-31,CM,NSE,STK,763489,IN0020260033,771GS2066,GS,,,,,GOI LOAN  7.71% 2066,104.71,104.71,103.98,103.99,104.00,104.60,,103.99,,,136833,14264744.61,48,F1,1,,,,,
2026-08-31,2026-08-31,CM,NSE,STK,6833,IN0020010081,1018GS2026,GS,,,,,GOI LOAN 10.18% 2026,102.37,104.50,102.37,104.50,104.50,105.00,,104.50,,,81,8460.24,4,F1,1,,,,,
2026-08-31,2026-08-31,CM,NSE,STK,6866,IN0020020247,601GS2028,GS,,,,,GOI LOAN 6.01% 2028,102.35,102.35,102.35,102.35,102.35,101.60,,102.35,,,800,81880.00,1,F1,1,,,,,
2026-08-31,2026-08-31,CM,NSE,STK,9913,IN0020220037,738GS2027,GS,,,,,GOI LOAN 7.38% 2027,102.25,102.49,102.25,102.31,102.31,102.51,,102.31,,,7208,737412.52,6,F1,1,,,,,
2026-08-31,2026-08-31,CM,NSE,STK,6884,IN0020060078,824GS2027,GS,,,,,GOI LOAN 8.24%2027,103.00,103.00,103.00,103.00,103.00,103.20,,103.00,,,335,34505.00,4,F1,1,,,,,
2026-08-31,2026-08-31,CM,NSE,STK,6885,IN0020060086,828GS2032,GS,,,,,GOI LOAN 8.28%2032,107.87,107.97,107.87,107.97,107.97,107.00,,107.97,,,1200,129452.00,3,F1,1,,,,,
2026-08-31,2026-08-31,CM,NSE,STK,7011,IN0020110055,897GS2030,GS,,,,,GOI LOAN 8.97% 2030,112.00,112.00,112.00,112.00,112.00,114.00,,112.00,,,1000,112000.00,1,F1,1,,,,,
2026-08-31,2026-08-31,CM,NSE,STK,7039,IN0020130053,92GS2030,GS,,,,,GOI LOAN 9.20% 2030,113.55,115.50,113.55,114.42,114.40,114.83,,114.42,,,8446,970737.92,19,F1,1,,,,,
2026-08-31,2026-08-31,CM,NSE,STK,764153,IN002026Y154,182D140127,TB,,,,,GOI TBILL 182D-14/01/27,97.22,97.50,97.22,97.50,97.50,97.31,,97.50,,,600,58416.00,2,F1,100,,,,,
2026-08-31,2026-08-31,CM,NSE,STK,765443,IN002026Y212,182D260227,TB,,,,,GOI TBILL 182D-26/02/27,97.00,97.00,97.00,97.00,97.00,97.29,,97.00,,,100,9700.00,1,F1,100,,,,,
2026-08-31,2026-08-31,CM,NSE,STK,758940,IN002025Z237,364D030926,TB,,,,,GOI TBILL 364D-03/09/26,99.70,99.75,99.70,99.70,99.70,99.78,,99.70,,,125000,12465290.00,8,F1,100,,,,,
2026-08-31,2026-08-31,CM,NSE,STK,758888,IN002025Z245,364D100926,TB,,,,,GOI TBILL 364D-10/09/26,99.52,99.52,99.52,99.52,99.52,99.50,,99.52,,,3700,368224.00,1,F1,100,,,,,
2026-08-31,2026-08-31,CM,NSE,STK,765326,IN002026Z201,364D190827,TB,,,,,GOI TBILL 364D-19/08/27,94.60,94.60,94.60,94.60,94.60,94.60,,94.60,,,200,18920.00,2,F1,100,,,,,
2026-08-31,2026-08-31,CM,NSE,STK,760780,IN002025Z427,364D210127,TB,,,,,GOI TBILL 364D-21/01/27,97.12,97.20,97.11,97.20,97.20,96.06,,97.20,,,300,29143.00,3,F1,100,,,,,
2026-08-31,2026-08-31,CM,NSE,STK,763079,IN002026Z037,364D220427,TB,,,,,GOI TBILL 364D-22/04/27,96.16,96.16,96.16,96.16,96.16,95.85,,96.16,,,800,76928.00,1,F1,100,,,,,
2026-08-31,2026-08-31,CM,NSE,STK,760166,IN002025Z476,364D250227,TB,,,,,GOI TBILL 364D-25/02/27,97.06,97.06,97.06,97.06,97.06,96.02,,97.06,,,100,9706.00,1,F1,100,,,,,
2026-08-31,2026-08-31,CM,NSE,STK,759504,IN002025Z310,364D291026,TB,,,,,GOI TBILL 364D-29/10/26,99.09,99.09,99.09,99.09,99.09,98.39,,99.09,,,500,49545.00,1,F1,100,,,,,
2026-08-31,2026-08-31,CM,NSE,STK,763781,IN002026X131,91D011026,TB,,,,,GOI TBILL 91D-01/10/26,99.35,99.35,99.35,99.35,99.35,99.59,,99.35,,,300,29805.00,3,F1,100,,,,,
2026-08-31,2026-08-31,CM,NSE,STK,764047,IN002026X149,91D081026,TB,,,,,GOI TBILL 91D-08/10/26,99.20,99.20,99.20,99.20,99.20,99.20,,99.20,,,100,9920.00,1,F1,100,,,,,
2026-08-31,2026-08-31,CM,NSE,STK,31717,IN002026X107,91D100926,TB,,,,,GOI TBILL 91D-10/09/26,99.80,99.80,99.79,99.79,99.79,99.85,,99.79,,,200,19959.00,2,F1,100,,,,,
2026-08-31,2026-08-31,CM,NSE,STK,764510,IN002026X198,91D121126,TB,,,,,GOI TBILL 91D-12/11/26,98.96,98.96,98.96,98.96,98.96,98.96,,98.96,,,200,19792.00,1,F1,100,,,,,
2026-08-31,2026-08-31,CM,NSE,STK,764152,IN002026X156,91D151026,TB,,,,,GOI TBILL 91D-15/10/26,99.30,99.35,99.30,99.35,99.35,99.28,,99.35,,,3300,327840.00,4,F1,100,,,,,
2026-08-31,2026-08-31,CM,NSE,STK,753772,IN002026X115,91D170926,TB,,,,,GOI TBILL 91D-17/09/26,99.67,99.67,99.67,99.67,99.67,99.00,,99.67,,,2100,209307.00,2,F1,100,,,,,
2026-08-31,2026-08-31,CM,NSE,STK,11778,INE887G01027,GOKEX,EQ,,,,,GOKALDAS EXPORTS LTD.,771.60,798.30,768.00,780.90,778.00,767.80,,780.89,,,265633,208560939.95,11677,F1,1,,,,,
2026-08-31,2026-08-31,CM,NSE,STK,14480,INE314T01033,GOKULAGRO,EQ,,,,,GOKUL AGRO RESOURCES LTD,245.00,247.96,241.40,244.10,242.20,244.34,,244.11,,,382544,93479166.54,8321,F1,1,,,,,
2026-08-31,2026-08-31,CM,NSE,STK,16705,INE020J01029,GOKUL,EQ,,,,,GOKUL REFOILS & SOLV LTD,42.46,42.88,41.12,41.65,41.40,42.46,,41.65,,,162789,6901423.95,1026,F1,1,,,,,
2026-08-31,2026-08-31,CM,NSE,STK,11619,INE973A01010,GOLDENTOBC,BZ,,,,,GOLDEN TOBACCO LIMITED,25.35,25.35,24.00,24.05,24.05,24.90,,24.05,,,1154,28765.74,33,F1,1,,,,,
2026-08-31,2026-08-31,CM,NSE,STK,11971,INE025B01025,GOLDIAM,EQ,,,,,GOLDIAM INTERNATIONAL LTD,345.00,358.00,339.00,348.65,349.15,348.55,,348.67,,,631597,217829643.80,8245,F1,1,,,,,
2026-08-31,2026-08-31,CM,NSE,STK,13616,INE06MH01016,GOLDKART,SM,,,,,GOLDKART JEWELS LIMITED,96.60,96.60,96.00,96.30,96.00,92.00,,96.30,,,1250,120375.00,2,F1,625,,,,,
2026-08-31,2026-08-31,CM,NSE,STK,1,INE405Y01021,GOLDSTAR,SM,,,,,GOLDSTAR POWER LIMITED,7.50,7.50,7.50,7.50,7.50,7.50,,7.50,,,11250,84375.00,1,F1,11250,,,,,
2026-08-31,2026-08-31,CM,NSE,STK,6125,INE127I01024,GOODLUCK,EQ,,,,,GOODLUCK INDIA LIMITED,449.00,474.00,437.40,464.40,470.00,449.90,,464.59,,,976542,444858681.30,18722,F1,1,,,,,
2026-08-31,2026-08-31,CM,NSE,STK,1205,INE533A01012,GOODYEAR,EQ,,,,,GOODYEAR INDIA LIMITED,749.95,754.95,736.00,743.35,742.00,749.90,,743.11,,,7100,5268487.35,825,F1,1,,,,,
2026-08-31,2026-08-31,CM,NSE,STK,23066,INE0L9R01028,GOPAL,EQ,,,,,GOPAL SNACKS LIMITED,276.90,277.15,273.00,274.75,275.90,276.25,,274.73,,,136538,37541428.00,3719,F1,1,,,,,
2026-08-31,2026-08-31,CM,NSE,STK,11787,INE705X01026,GOYALALUM,EQ,,,,,GOYAL ALUMINIUMS LIMITED,6.27,6.48,6.24,6.28,6.31,6.27,,6.28,,,52681,332626.31,339,F1,1,,,,,
2026-08-31,2026-08-31,CM,NSE,STK,19356,INE0QFE01017,GOYALSALT,SM,,,,,GOYAL SALT LIMITED,108.00,108.00,106.00,106.00,106.00,108.00,,106.00,,,21000,2228400.00,5,F1,600,,,,,
2026-08-31,2026-08-31,CM,NSE,STK,24113,INE0S7E01015,GPECO,ST,,,,,GP ECO SOLUTIONS INDIA L,410.00,414.90,402.50,404.00,404.00,411.35,,404.00,,,9800,3994570.00,37,F1,200,,,,,
2026-08-31,2026-08-31,CM,NSE,STK,11584,INE586G01017,GULFPETRO,BE,,,,,GP PETROLEUMS LIMITED,67.40,70.10,66.00,67.62,69.00,67.76,,67.67,,,267461,18282637.84,591,F1,1,,,,,
2026-08-31,2026-08-31,CM,NSE,STK,22846,INE486R01017,GPTHEALTH,EQ,,,,,GPT HEALTHCARE LIMITED,151.72,155.08,150.01,153.01,152.90,151.72,,153.01,,,68251,10411646.64,2853,F1,1,,,,,
2026-08-31,2026-08-31,CM,NSE,STK,17685,INE390G01014,GPTINFRA,EQ,,,,,GPT INFRAPROJECTS LTD,111.30,112.30,110.41,110.66,110.55,111.91,,110.66,,,71885,7980184.65,1186,F1,1,,,,,
2026-08-31,2026-08-31,CM,NSE,STK,763299,INE361K01017,GRADIENTE,EQ,,,,,GRADIENTE INFOTAINMENT L,2.77,2.79,2.59,2.59,2.59,2.72,,2.59,,,1371007,3704720.80,406,F1,1,,,,,
2026-08-31,2026-08-31,CM,NSE,STK,30289,INE12E301017,GCHOTELS,ST,,,,,GRAND CONTINENT HOTELS L,95.75,95.75,91.80,93.30,93.95,96.60,,93.30,,,96000,8913780.00,137,F1,600,,,,,
2026-08-31,2026-08-31,CM,NSE,STK,11079,INE534A01028,GFSTEELS,BE,,,,,GRAND FOUNDRY LTD,15.00,15.00,15.00,15.00,15.00,15.00,,14.16,,,1500,22500.00,8,F1,1,,,,,
2026-08-31,2026-08-31,CM,NSE,STK,762695,INE926B01016,GRANDOAK,EQ,,,,,GRAND OAK CANYONS DIST L,36.88,37.70,35.51,36.43,36.43,36.69,,36.33,,,2875,103755.53,52,F1,1,,,,,
2026-08-31,2026-08-31,CM,NSE,STK,11872,INE101D01020,GRANULES,EQ,,,,,GRANULES INDIA LIMITED,832.50,840.65,823.00,828.50,828.00,836.65,,828.50,,,786881,652428921.40,33086,F1,1,,,,,
2026-08-31,2026-08-31,CM,NSE,STK,20454,INE0POU01017,GRAPHISAD,SM,,,,,GRAPHISADS LIMITED,27.00,27.10,26.00,27.10,27.10,26.70,,27.10,,,13200,355320.00,6,F1,1200,,,,,
2026-08-31,2026-08-31,CM,NSE,STK,592,INE371A01025,GRAPHITE,EQ,,,,,GRAPHITE INDIA LTD,696.00,708.00,688.55,702.55,705.10,696.00,,702.56,,,852777,595345376.80,32300,F1,1,,,,,
2026-08-31,2026-08-31,CM,NSE,STK,1232,INE047A01021,GRASIM,EQ,,,,,GRASIM INDUSTRIES LTD,3290.00,3371.00,3250.00,3371.00,3371.00,3290.00,,3370.99,,,1019104,3381665845.30,41232,F1,1,,,,,
2026-08-31,2026-08-31,CM,NSE,STK,5200,INE266D01021,GRAUWEIL,EQ,,,,,GRAUER & WEIL IND LTD,71.19,72.80,70.50,71.63,71.50,71.32,,71.64,,,363479,26070737.54,4542,F1,1,,,,,
2026-08-31,2026-08-31,CM,NSE,STK,762700,INE214F01026,GRAVISSHO,EQ,,,,,GRAVISS HOSPITALITY LTD.,28.66,30.00,28.21,29.82,29.99,30.00,,29.82,,,187,5495.94,12,F1,1,,,,,
2026-08-31,2026-08-31,CM,NSE,STK,20534,INE024L01027,GRAVITA,EQ,,,,,GRAVITA INDIA LIMITED,1824.00,1833.60,1786.10,1800.20,1799.00,1825.80,,1800.15,,,228359,412695915.00,16548,F1,1,,,,,
2026-08-31,2026-08-31,CM,NSE,STK,1235,INE224A01026,GREAVESCOT,EQ,,,,,GREAVES COTTON LTD.,194.00,199.10,191.01,197.80,197.93,194.41,,197.80,,,1414011,276795017.47,16592,F1,1,,,,,
2026-08-31,2026-08-31,CM,NSE,STK,17092,INE0O7P01015,GREENCHEF,SM,,,,,GREENCHEF APPLIANCES LTD,59.95,59.95,56.40,58.00,58.00,59.45,,58.00,,,10400,601320.00,13,F1,800,,,,,
2026-08-31,2026-08-31,CM,NSE,STK,6848,INE544R01021,GREENLAM,EQ,,,,,GREENLAM INDUSTRIES LTD.,247.70,249.00,242.00,247.90,248.55,246.35,,247.93,,,39636,9751395.35,1394,F1,1,,,,,
2026-08-31,2026-08-31,CM,NSE,STK,759427,INE0PLX01017,GREENLEAF,ST,,,,,GREENLEAF ENVIROTECH LTD,114.20,115.00,109.00,113.35,113.40,114.20,,113.35,,,6000,673950.00,6,F1,1000,,,,,
2026-08-31,2026-08-31,CM,NSE,STK,13810,INE08ZM01014,GREENPANEL,EQ,,,,,GREENPANEL INDUSTRIES LTD,160.36,160.37,155.91,156.58,156.23,161.06,,156.60,,,134878,21233927.32,6502,F1,1,,,,,
2026-08-31,2026-08-31,CM,NSE,STK,3987,INE461C01038,GREENPLY,EQ,,,,,GREENPLY INDUSTRIES LTD,288.90,294.50,285.00,290.20,290.00,286.25,,290.20,,,188111,54598235.20,3987,F1,1,,,,,
2026-08-31,2026-08-31,CM,NSE,STK,758986,INE199P01028,GCSL,EQ,,,,,GRETEX CORPORATE SERVICES,544.00,561.95,533.50,556.55,550.25,541.30,,556.55,,,995664,549680743.25,10332,F1,1,,,,,
2026-08-31,2026-08-31,CM,NSE,STK,18741,INE985P01012,GRETEX,SM,,,,,GRETEX INDUSTRIES LTD.,272.00,272.00,272.00,272.00,272.00,286.00,,272.00,,,750,204000.00,1,F1,750,,,,,
2026-08-31,2026-08-31,CM,NSE,STK,13560,INE536A01023,GRINDWELL,EQ,,,,,GRINDWELL NORTON LIMITED,2057.70,2063.90,2011.20,2023.00,2030.00,2057.70,,2023.01,,,19350,39200483.30,4040,F1,1,,,,,
2026-08-31,2026-08-31,CM,NSE,STK,10871,INE192H01020,GRMOVER,EQ,,,,,GRM OVERSEAS LIMITED,87.09,87.89,84.50,86.47,86.40,86.38,,86.47,,,1150228,99007463.93,4235,F1,1,,,,,
2026-08-31,2026-08-31,CM,NSE,STK,760971,INE1TY801010,GJL,ST,,,,,GROVER JEWELLS LIMITED,242.00,247.00,237.00,245.35,247.00,247.00,,245.35,,,4000,972000.00,5,F1,800,,,,,
2026-08-31,2026-08-31,CM,NSE,STK,764285,INF666M01PH7,CEMNTGROWW,EQ,,,,,GROWWAMC - CEMNTGROWW,14.87,14.99,14.61,14.73,14.70,14.87,,14.73,,,313180,4617736.54,872,F1,1,,,,,
2026-08-31,2026-08-31,CM,NSE,STK,760051,INF666M01MM4,GROWWCAPM,EQ,,,,,GROWWAMC - GROWWCAPM,11.69,11.69,11.43,11.50,11.54,11.58,,11.50,,,440075,5069531.62,899,F1,1,,,,,
2026-08-31,2026-08-31,CM,NSE,STK,760673,INF666M01NP5,GROWWCHEM,EQ,,,,,GROWWAMC - GROWWCHEM,30.36,30.88,29.93,30.59,30.80,30.35,,30.59,,,64398,1944498.06,338,F1,1,,,,,
2026-08-31,2026-08-31,CM,NSE,STK,25758,INF666M01IO8,GROWWDEFNC,EQ,,,,,GROWWAMC - GROWWDEFNC,98.47,98.47,96.00,97.29,97.00,97.44,,97.29,,,224067,21678019.93,3558,F1,1,,,,,
2026-08-31,2026-08-31,CM,NSE,STK,24798,INF666M01IH2,GROWWEV,EQ,,,,,GROWWAMC - GROWWEV,33.97,33.97,33.11,33.39,33.32,33.38,,33.39,,,218423,7272882.22,2232,F1,1,,,,,
2026-08-31,2026-08-31,CM,NSE,STK,25872,INF666M01OE7,GROWWGOLD,EQ,,,,,GROWWAMC - GROWWGOLD,15.81,15.81,14.76,15.00,14.97,15.43,,15.00,,,3768984,56465490.85,6032,F1,1,,,,,
2026-08-31,2026-08-31,CM,NSE,STK,760874,INF666M01OD9,GROWWHOSPI,EQ,,,,,GROWWAMC - GROWWHOSPI,52.40,53.29,52.00,52.40,52.20,52.64,,52.40,,,706664,37012049.09,1228,F1,1,,,,,
2026-08-31,2026-08-31,CM,NSE,STK,25447,INF666M01IP5,GROWWLIQID,EQ,,,,,GROWWAMC - GROWWLIQID,110.55,110.57,110.55,110.56,110.57,110.55,,110.56,,,190001,21007245.11,275,F1,1,,,,,
2026-08-31,2026-08-31,CM,NSE,STK,758300,INF666M01LB9,GROWWLOVOL,EQ,,,,,GROWWAMC - GROWWLOVOL,10.50,10.50,10.35,10.42,10.42,10.47,,10.42,,,6962,72298.87,132,F1,1,,,,,
2026-08-31,2026-08-31,CM,NSE,STK,759719,INF666M01MV5,GROWWMC150,EQ,,,,,GROWWAMC - GROWWMC150,239.20,239.20,233.16,235.70,235.61,237.13,,235.70,,,579,136336.59,54,F1,1,,,,,
2026-08-31,2026-08-31,CM,NSE,STK,760438,INF666M01NI0,GROWWMETAL,EQ,,,,,GROWWAMC - GROWWMETAL,12.85,13.13,12.54,12.62,12.70,12.87,,12.62,,,606601,7674916.61,2340,F1,1,,,,,
2026-08-31,2026-08-31,CM,NSE,STK,756086,INF666M01KJ4,GROWWMOM50,EQ,,,,,GROWWAMC - GROWWMOM50,11.35,11.35,11.10,11.12,11.13,11.35,,11.12,,,500570,5570615.89,936,F1,1,,,,,
2026-08-31,2026-08-31,CM,NSE,STK,29872,INF666M01JV1,GROWWN200,EQ,,,,,GROWWAMC - GROWWN200,11.39,11.55,11.34,11.40,11.38,11.39,,11.40,,,45158,514290.26,284,F1,1,,,,,
2026-08-31,2026-08-31,CM,NSE,STK,757814,INF666M01LI4,GROWWNET,EQ,,,,,GROWWAMC - GROWWNET,10.86,10.92,10.76,10.84,10.87,10.88,,10.84,,,786689,8540132.14,837,F1,1,,,,,
2026-08-31,2026-08-31,CM,NSE,STK,758697,INF666M01LL8,GROWWNIFTY,EQ,,,,,GROWWAMC - GROWWNIFTY,9.74,9.93,9.70,9.74,9.75,9.74,,9.74,,,766113,7466922.52,4673,F1,1,,,,,
2026-08-31,2026-08-31,CM,NSE,STK,759458,INF666M01LZ8,GROWWNXT50,EQ,,,,,GROWWAMC - GROWWNXT50,74.93,74.93,72.76,73.70,73.96,74.51,,73.70,,,5776,425967.10,170,F1,1,,,,,
2026-08-31,2026-08-31,CM,NSE,STK,758165,INF666M01LM6,GROWWPOWER,EQ,,,,,GROWWAMC - GROWWPOWER,11.43,11.43,11.15,11.19,11.24,11.33,,11.19,,,5386633,60384911.76,4154,F1,1,,,,,
2026-08-31,2026-08-31,CM,NSE,STK,760976,INF666M01NQ3,GROWWPSE,EQ,,,,,GROWWAMC - GROWWPSE,97.12,97.25,96.50,97.17,97.18,97.13,,97.17,,,2646,257078.45,40,F1,1,,,,,
2026-08-31,2026-08-31,CM,NSE,STK,761514,INF666M01OG2,GROWWPSUBK,EQ,,,,,GROWWAMC - GROWWPSUBK,86.68,86.68,84.46,85.82,85.83,85.83,,85.82,,,1481,126198.22,72,F1,1,,,,,
2026-08-31,2026-08-31,CM,NSE,STK,29527,INF666M01JJ6,GROWWRAIL,EQ,,,,,GROWWAMC - GROWWRAIL,28.53,28.56,28.09,28.21,28.27,28.52,,28.21,,,1643909,46308619.20,4053,F1,1,,,,,
2026-08-31,2026-08-31,CM,NSE,STK,759428,INF666M01MN2,GROWWRLTY,EQ,,,,,GROWWAMC - GROWWRLTY,10.13,10.25,9.99,10.05,10.09,10.14,,10.05,,,443205,4453525.66,667,F1,1,,,,,
2026-08-31,2026-08-31,CM,NSE,STK,759522,INF666M01MO0,GROWWSC250,EQ,,,,,GROWWAMC - GROWWSC250,10.74,10.74,10.52,10.63,10.64,10.67,,10.63,,,217074,2298696.37,750,F1,1,,,,,
2026-08-31,2026-08-31,CM,NSE,STK,756827,INF666M01OF4,GROWWSLVR,EQ,,,,,GROWWAMC - GROWWSLVR,22.84,22.93,22.51,22.86,22.89,23.59,,22.86,,,2404223,54751317.42,3035,F1,1,,,,,
2026-08-31,2026-08-31,CM,NSE,STK,763572,INF666M01OT5,PVTBKGROWW,EQ,,,,,GROWWAMC - PVTBKGROWW,28.22,28.22,27.65,27.92,27.96,27.86,,27.92,,,23319,650069.95,901,F1,1,,,,,
2026-08-31,2026-08-31,CM,NSE,STK,751745,INF666M01PG9,SMALLGROWW,EQ,,,,,GROWWAMC - SMALLGROWW,50.44,50.44,48.80,48.98,48.85,49.43,,48.98,,,19649,961454.43,147,F1,1,,,,,
2026-08-31,2026-08-31,CM,NSE,STK,6543,INE137I01015,GRPLTD,EQ,,,,,GRP LIMITED,2011.00,2011.20,1960.00,1965.50,2000.00,2010.90,,1966.30,,,410,809026.00,92,F1,1,,,,,
2026-08-31,2026-08-31,CM,NSE,STK,23888,INE0SQY01018,GSMFOILS,SM,,,,,GSM FOILS LIMITED,123.45,123.45,123.45,123.45,123.45,117.60,,123.45,,,59000,7283550.00,40,F1,500,,,,,
2026-08-31,2026-08-31,CM,NSE,STK,762239,INE713R01022,GSPCROP,EQ,,,,,GSP CROP SCIENCE LIMITED,629.65,645.95,622.00,639.50,643.90,626.60,,639.53,,,153052,97149483.10,4832,F1,1,,,,,
2026-08-31,2026-08-31,CM,NSE,STK,15347,INE871H01011,GSS,EQ,,,,,GSS INFOTECH LIMITED,12.69,12.69,12.06,12.12,12.14,12.38,,12.11,,,37707,459230.44,581,F1,1,,,,,
2026-08-31,2026-08-31,CM,NSE,STK,13745,INE221H01019,GTLINFRA,EQ,,,,,GTL INFRA.LTD,1.20,1.21,1.17,1.17,1.18,1.20,,1.17,,,47942226,57099394.01,13845,F1,1,,,,,
2026-08-31,2026-08-31,CM,NSE,STK,1162,INE043A01012,GTL,EQ,,,,,GTL LTD,7.40,7.46,7.07,7.21,7.21,7.37,,7.21,,,314684,2262601.14,980,F1,1,,,,,
2026-08-31,2026-08-31,CM,NSE,STK,21195,INE869I01013,GTPL,EQ,,,,,GTPL HATHWAY LIMITED,54.99,59.90,53.60,57.73,57.99,53.54,,57.73,,,197142,11339930.71,1861,F1,1,,,,,
2026-08-31,2026-08-31,CM,NSE,STK,11606,INE742B01025,GUFICBIO,EQ,,,,,GUFIC BIOSCIENCES LTD.,401.00,424.00,395.05,416.35,416.50,406.30,,416.28,,,166583,68148778.30,7748,F1,1,,,,,
2026-08-31,2026-08-31,CM,NSE,STK,1145,INE162A01010,GIPCL,EQ,,,,,GUJ IND POW CO. LTD,205.61,207.20,198.10,199.36,198.20,205.91,,199.36,,,639477,128676327.47,7892,F1,1,,,,,
2026-08-31,2026-08-31,CM,NSE,STK,1174,INE113A01013,GNFC,EQ,,,,,GUJ NAR VAL FER & CHEM L,581.90,582.75,570.50,574.75,576.00,580.05,,574.74,,,616752,354498579.15,17607,F1,1,,,,,
2026-08-31,2026-08-31,CM,NSE,STK,1247,INE026A01025,GSFC,EQ,,,,,GUJ STATE FERT & CHEM LTD,158.49,158.76,155.77,158.15,158.65,157.97,,158.14,,,778578,122344198.50,9303,F1,1,,,,,
2026-08-31,2026-08-31,CM,NSE,STK,14677,INE826C01016,GUJAPOLLO,EQ,,,,,GUJ. APOLLO IND. LTD.,344.40,352.00,337.55,340.85,338.00,345.25,,340.88,,,6818,2348103.30,327,F1,1,,,,,
2026-08-31,2026-08-31,CM,NSE,STK,1267,INE186A01019,GUJALKALI,EQ,,,,,GUJARAT ALKALIES & CHEM,715.00,727.25,691.90,699.40,696.20,706.85,,699.55,,,80924,57327221.00,7040,F1,1,,,,,
2026-08-31,2026-08-31,CM,NSE,STK,8828,INE036B01030,GAEL,EQ,,,,,GUJARAT AMBUJA EXPORTS LT,167.99,178.00,167.37,176.92,175.40,166.98,,176.92,,,2235760,390847429.53,33836,F1,1,,,,,
2026-08-31,2026-08-31,CM,NSE,STK,10599,INE844O01030,GUJENERGY,EQ,,,,,GUJARAT ENERGY LIMITED,256.00,256.30,246.15,247.70,247.75,254.80,,247.70,,,2189326,545100227.85,34831,F1,1,,,,,
2026-08-31,2026-08-31,CM,NSE,STK,13750,INE09N301011,FLUOROCHEM,EQ,,,,,GUJARAT FLUOROCHEM LTD,4769.70,4829.90,4675.00,4693.50,4699.90,4771.20,,4693.34,,,202388,958186426.70,27927,F1,1,,,,,
2026-08-31,2026-08-31,CM,NSE,STK,761197,INE0V0W01025,GKSL,EQ,,,,,GUJARAT KIDNEY N SUP SP L,159.85,163.99,156.64,158.14,158.83,160.64,,158.22,,,1797181,287210661.99,12102,F1,1,,,,,
2026-08-31,2026-08-31,CM,NSE,STK,1156,INE540A01017,GLFL,EQ,,,,,GUJARAT LEASE FINANCING L,5.99,5.99,5.47,5.90,5.88,5.72,,5.92,,,5931,33760.57,29,F1,1,,,,,
2026-08-31,2026-08-31,CM,NSE,STK,5204,INE131A01031,GMDCLTD,EQ,,,,,GUJARAT MINERAL DEV CORP,567.65,567.65,556.90,563.05,565.00,567.65,,562.98,,,549539,308129632.85,15358,F1,1,,,,,
2026-08-31,2026-08-31,CM,NSE,STK,762690,INE207H01018,GNRL,EQ,,,,,GUJARAT NATURAL RES L,96.89,97.70,94.21,95.47,95.10,96.82,,95.49,,,89338,8559405.08,1473,F1,1,,,,,
2026-08-31,2026-08-31,CM,NSE,STK,19731,INE517F01014,GPPL,EQ,,,,,GUJARAT PIPAVAV PORT LTD,168.75,171.20,166.89,167.56,168.12,168.75,,167.57,,,3304295,556468539.15,37073,F1,1,,,,,
2026-08-31,2026-08-31,CM,NSE,STK,4548,INE610B01024,GUJRAFFIA,EQ,,,,,GUJARAT RAFFIA INDUST LTD,40.57,41.79,39.50,40.04,40.58,41.40,,40.04,,,3355,134495.98,48,F1,1,,,,,
2026-08-31,2026-08-31,CM,NSE,STK,29731,INE942C01045,GUJTHEM,EQ,,,,,GUJARAT THEMIS BIOSYN LTD,415.00,439.20,415.00,422.20,420.80,411.05,,422.21,,,665567,285336897.90,13228,F1,1,,,,,
2026-08-31,2026-08-31,CM,NSE,STK,4391,INE635Q01029,GULFOILLUB,EQ,,,,,GULF OIL LUB. IND. LTD.,1137.10,1140.90,1115.00,1121.80,1121.00,1143.90,,1121.80,,,100957,113880490.90,9660,F1,1,,,,,
2026-08-31,2026-08-31,CM,NSE,STK,6286,INE255D01024,GULPOLY,EQ,,,,,GULSHAN POLYOLS LIMITED,192.70,194.22,189.00,190.53,190.56,192.73,,190.51,,,149630,28589461.83,3322,F1,1,,,,,
2026-08-31,2026-08-31,CM,NSE,STK,759261,INE1CCX01012,GURUNANAK,SM,,,,,GURUNANAK AGRICULTUR IN L,34.80,36.00,34.80,36.00,36.00,36.60,,36.00,,,12800,449120.00,8,F1,1600,,,,,
2026-08-31,2026-08-31,CM,NSE,STK,13229,INE251H01024,GVKPIL,BE,,,,,GVK POW. & INFRA LTD.,2.12,2.15,2.08,2.08,2.10,2.12,,2.08,,,978067,2057146.58,977,F1,1,,,,,
2026-08-31,2026-08-31,CM,NSE,STK,10865,INE382T01030,GVPTECH,EQ,,,,,GVP INFOTECH LIMITED,9.37,9.39,8.32,8.59,8.36,9.03,,8.59,,,623315,5561972.89,2049,F1,1,,,,,
2026-08-31,2026-08-31,CM,NSE,STK,764050,INE724A01017,GYFTR,EQ,,,,,GYFTR LIMITED,167.16,176.50,165.50,174.63,170.00,166.82,,174.81,,,659877,115053872.66,229,F1,1,,,,,
2026-08-31,2026-08-31,CM,NSE,STK,762712,INE640B01021,HBESD,EQ,,,,,H B ESTATE DEVELOPERS L,81.99,81.99,75.00,75.00,75.00,74.50,,75.00,,,1823,145238.00,28,F1,1,,,,,
2026-08-31,2026-08-31,CM,NSE,STK,1672,INE926X01010,HGINFRA,EQ,,,,,H.G.INFRA ENGINEERING LTD,495.25,496.60,488.00,490.05,488.80,496.50,,490.05,,,60402,29619011.10,2978,F1,1,,,,,
2026-08-31,2026-08-31,CM,NSE,STK,760715,INE115S01010,HALDER,EQ,,,,,HALDER VENTURE LIMITED,300.95,300.95,270.10,290.20,277.69,294.99,,286.63,,,24971,7415220.87,152,F1,1,,,,,
2026-08-31,2026-08-31,CM,NSE,STK,762708,INE506D01020,HALDYNGL,BE,,,,,HALDYN GLASS LTD.,139.98,143.00,138.10,140.79,140.00,139.29,,140.75,,,86871,12186360.92,435,F1,1,,,,,
2026-08-31,2026-08-31,CM,NSE,STK,21551,INE320X01016,HALEOSLABS,EQ,,,,,HALEOS LABS LIMITED,1490.30,1539.40,1462.00,1464.80,1462.00,1495.10,,1464.80,,,700,1039454.70,71,F1,1,,,,,
2026-08-31,2026-08-31,CM,NSE,STK,765075,INE299D01022,HAMPTON,EQ,,,,,HAMPTON SKY REALTY LTD.,8.19,8.37,8.06,8.27,8.28,8.03,,8.21,,,25750,212296.01,139,F1,1,,,,,
2026-08-31,2026-08-31,CM,NSE,STK,13592,INE596H01014,HGM,EQ,,,,,HANDSON GBL MNGMNT LTD,47.95,47.95,45.00,45.10,45.00,46.74,,45.10,,,3659,169503.32,80,F1,1,,,,,
2026-08-31,2026-08-31,CM,NSE,STK,48,INE419U01012,HAPPSTMNDS,EQ,,,,,HAPPIEST MINDS TECHNO LTD,408.00,410.00,394.20,406.95,408.60,408.00,,406.95,,,1878980,756755637.70,34695,F1,1,,,,,
2026-08-31,2026-08-31,CM,NSE,STK,20854,INE330T01021,HAPPYFORGE,EQ,,,,,HAPPY FORGINGS LIMITED,2325.50,2422.30,2280.90,2412.00,2419.10,2307.00,,2412.00,,,241750,576658573.10,26336,F1,1,,,,,
2026-08-31,2026-08-31,CM,NSE,STK,757665,INE0TLP01015,WHITEFORCE,SM,,,,,HAPPY SQUARE OUTSOURC S L,44.70,44.70,44.70,44.70,44.70,45.50,,44.70,,,1600,71520.00,1,F1,1600,,,,,
2026-08-31,2026-08-31,CM,NSE,STK,764131,INE1GFG01011,HAPPY,SM,,,,,HAPPY STEELS LIMITED,95.00,95.00,85.15,85.65,85.20,92.00,,85.65,,,76000,6725000.00,37,F1,2000,,,,,
2026-08-31,2026-08-31,CM,NSE,STK,8962,INE626Z01029,HARDWYN,EQ,,,,,HARDWYN INDIA LIMITED,9.13,9.15,8.92,9.04,9.04,9.07,,9.04,,,3840229,34637422.97,1912,F1,1,,,,,
2026-08-31,2026-08-31,CM,NSE,STK,8968,INE00EV01017,HARIOMPIPE,EQ,,,,,HARIOM PIPE INDUSTRIES L,352.50,353.00,342.40,345.30,345.45,352.20,,345.31,,,101385,35085592.25,2490,F1,1,,,,,
2026-08-31,2026-08-31,CM,NSE,STK,764703,INE400G01011,HRYNSHP,EQ,,,,,HARIYANA SHIP BREAKERS L,102.99,102.99,99.90,102.67,102.69,99.90,,100.78,,,830,84583.76,33,F1,1,,,,,
2026-08-31,2026-08-31,CM,NSE,STK,1313,INE544A01019,HARRMALAYA,EQ,,,,,HARRISON MALAYALAM LTD,195.22,199.59,192.62,196.90,196.50,197.20,,196.91,,,7805,1530612.09,388,F1,1,,,,,
2026-08-31,2026-08-31,CM,NSE,STK,11162,INE0JUS01029,HARSHA,EQ,,,,,HARSHA ENGINEERS INT LTD,443.05,458.00,435.05,455.90,457.90,438.85,,455.89,,,460199,206899681.55,13432,F1,1,,,,,
2026-08-31,2026-08-31,CM,NSE,STK,18154,INE982F01036,HATHWAY,EQ,,,,,HATHWAY CABLE & DATACOM,10.57,10.80,10.38,10.64,10.68,10.57,,10.64,,,2227419,23470209.19,2552,F1,1,,,,,
2026-08-31,2026-08-31,CM,NSE,STK,3892,INE473B01035,HATSUN,EQ,,,,,HATSUN AGRO PRODUCT LTD.,1197.75,1198.00,1175.00,1190.45,1189.55,1176.05,,1190.44,,,90965,107990504.90,8686,F1,1,,,,,
2026-08-31,2026-08-31,CM,NSE,STK,9819,INE176B01034,HAVELLS,EQ,,,,,HAVELLS INDIA LIMITED,1222.90,1244.10,1199.20,1244.10,1244.10,1222.90,,1244.10,,,986855,1203532458.50,30730,F1,1,,,,,
2026-08-31,2026-08-31,CM,NSE,STK,4444,INE979B01015,HAWKINCOOK,EQ,,,,,HAWKINS COOKERS LTD,8257.50,8257.50,8050.00,8116.50,8101.00,8230.00,,8156.16,,,826,6703046.00,275,F1,1,,,,,
2026-08-31,2026-08-31,CM,NSE,STK,764693,INE550F01049,HAZOOR,EQ,,,,,HAZOOR MULTI PROJECTS LTD,20.50,20.50,19.56,19.73,19.75,19.94,,19.73,,,319595,6366067.88,495,F1,1,,,,,
2026-08-31,2026-08-31,CM,NSE,STK,765080,INE638B01025,HBPOR,EQ,,,,,HB PORTFOLIO LTD.,63.80,65.00,60.00,60.46,61.00,61.79,,60.46,,,1196,74112.33,36,F1,1,,,,,
2026-08-31,2026-08-31,CM,NSE,STK,4116,INE550B01022,HBSL,EQ,,,,,HB STOCKHOLDINGS LIMITED,51.80,56.51,51.80,53.54,53.55,52.55,,55.61,,,3564,198367.79,66,F1,1,,,,,
2026-08-31,2026-08-31,CM,NSE,STK,13966,INE292B01021,HBLENGINE,EQ,,,,,HBL ENGINEERING LTD,665.05,670.05,653.00,657.35,656.50,674.10,,657.31,,,782084,516131945.45,28817,F1,1,,,,,
2026-08-31,2026-08-31,CM,NSE,STK,1327,INE236A01020,HCL-INSYS,EQ,,,,,HCL INFOSYSTEMS LTD,10.90,10.90,10.02,10.74,10.78,10.78,,10.74,,,424928,4473617.23,1374,F1,1,,,,,
2026-08-31,2026-08-31,CM,NSE,STK,7229,INE860A01027,HCLTECH,EQ,,,,,HCL TECHNOLOGIES LTD,1316.60,1322.60,1297.70,1312.20,1312.20,1316.10,,1312.20,,,3125051,4103396286.60,44870,F1,1,,,,,
2026-08-31,2026-08-31,CM,NSE,STK,757772,INE756I01012,HDBFS,EQ,,,,,HDB FINANCIAL SERVICES L,675.00,683.95,671.90,682.35,683.95,679.35,,682.33,,,213407,144923188.15,11240,F1,1,,,,,
2026-08-31,2026-08-31,CM,NSE,STK,4244,INE127D01025,HDFCAMC,EQ,,,,,HDFC AMC LIMITED,2546.10,2622.10,2523.10,2622.10,2622.10,2569.00,,2622.09,,,835216,2150691328.90,30755,F1,1,,,,,
2026-08-31,2026-08-31,CM,NSE,STK,1333,INE040A01034,HDFCBANK,EQ,,,,,HDFC BANK LTD,723.05,739.75,704.15,709.00,709.00,720.30,,709.00,,,78157067,56344122962.20,763649,F1,1,,,,,
2026-08-31,2026-08-31,CM,NSE,STK,19543,INF179KC1981,HDFCGOLD,EQ,,,,,HDFC GOLD ETF,135.29,135.29,130.41,131.82,131.55,135.29,,131.82,,,4601204,604741320.09,17471,F1,1,,,,,
2026-08-31,2026-08-31,CM,NSE,STK,467,INE795G01014,HDFCLIFE,EQ,,,,,HDFC LIFE INS CO LTD,545.00,546.95,538.80,543.35,543.35,548.00,,543.35,,,3683600,2001504019.35,24902,F1,1,,,,,
2026-08-31,2026-08-31,CM,NSE,STK,14230,INF179KC1EZ4,HDFCBSE500,EQ,,,,,HDFCAMC - HDFCBSE500,38.45,38.45,37.54,37.82,37.79,37.87,,37.82,,,6680643,251624540.61,497,F1,1,,,,,
2026-08-31,2026-08-31,CM,NSE,STK,11241,INF179KC1DJ0,HDFCGROWTH,EQ,,,,,HDFCAMC - HDFCGROWTH,120.92,121.58,120.00,121.23,121.26,121.37,,121.23,,,16139,1952967.90,182,F1,1,,,,,
2026-08-31,2026-08-31,CM,NSE,STK,18279,INF179KC1JG3,HDFCLIQUID,EQ,,,,,HDFCAMC - HDFCLIQUID,1075.99,1076.01,1075.99,1076.00,1076.01,1075.85,,1076.00,,,29229,31450627.44,45,F1,1,,,,,
2026-08-31,2026-08-31,CM,NSE,STK,11547,INF179KC1HU8,HDFCLOWVOL,EQ,,,,,HDFCAMC - HDFCLOWVOL,20.74,20.74,20.60,20.73,20.70,20.74,,20.73,,,12455,257040.97,106,F1,1,,,,,
2026-08-31,2026-08-31,CM,NSE,STK,14236,INF179KC1HT0,HDFCMID150,EQ,,,,,HDFCAMC - HDFCMID150,23.89,23.89,23.56,23.64,23.73,23.79,,23.64,,,293227,6936583.15,1817,F1,1,,,,,
2026-08-31,2026-08-31,CM,NSE,STK,11538,INF179KC1HV6,HDFCMOMENT,EQ,,,,,HDFCAMC - HDFCMOMENT,31.67,31.67,31.30,31.33,31.30,31.71,,31.33,,,196089,6163457.27,943,F1,1,,,,,
2026-08-31,2026-08-31,CM,NSE,STK,10619,INF179KC1HS2,HDFCNEXT50,EQ,,,,,HDFCAMC - HDFCNEXT50,75.59,75.72,74.56,75.02,75.32,75.73,,75.02,,,158041,11861633.63,928,F1,1,,,,,
2026-08-31,2026-08-31,CM,NSE,STK,10633,INF179KC1HR4,HDFCNIF100,EQ,,,,,HDFCAMC - HDFCNIF100,26.44,26.44,26.03,26.11,26.19,26.31,,26.11,,,54567,1423610.69,396,F1,1,,,,,
2026-08-31,2026-08-31,CM,NSE,STK,22433,INF179KC1HY0,HDFCNIFBAN,EQ,,,,,HDFCAMC - HDFCNIFBAN,59.28,59.35,59.00,59.15,59.13,59.28,,59.15,,,33490,1979598.20,407,F1,1,,,,,
2026-08-31,2026-08-31,CM,NSE,STK,12101,INF179KC1IA8,HDFCNIFIT,EQ,,,,,HDFCAMC - HDFCNIFIT,33.32,33.60,32.74,32.97,32.82,33.25,,32.97,,,201040,6616586.25,351,F1,1,,,,,
2026-08-31,2026-08-31,CM,NSE,STK,11591,INF179KC1965,HDFCNIFTY,EQ,,,,,HDFCAMC - HDFCNIFTY,271.08,272.45,270.77,271.86,271.21,272.45,,271.86,,,290274,78857175.79,943,F1,1,,,,,
2026-08-31,2026-08-31,CM,NSE,STK,764336,INF179KC1KT4,HDFCNIMEG,EQ,,,,,HDFCAMC - HDFCNIMEG,134.24,134.24,131.98,132.29,132.52,134.30,,132.29,,,23975,3172171.24,121,F1,1,,,,,
2026-08-31,2026-08-31,CM,NSE,STK,12108,INF179KC1HZ7,HDFCPVTBAN,EQ,,,,,HDFCAMC - HDFCPVTBAN,28.32,28.45,28.20,28.26,28.20,28.32,,28.26,,,182077,5150225.21,421,F1,1,,,,,
2026-08-31,2026-08-31,CM,NSE,STK,11255,INF179KC1DL6,HDFCQUAL,EQ,,,,,HDFCAMC - HDFCQUAL,58.97,59.25,58.87,59.05,59.03,59.26,,59.05,,,16283,961206.10,118,F1,1,,,,,
2026-08-31,2026-08-31,CM,NSE,STK,11593,INF179KC1HX2,HDFCSENSEX,EQ,,,,,HDFCAMC - HDFCSENSEX,87.30,87.96,87.07,87.29,87.27,87.54,,87.33,,,55664,4855178.10,742,F1,1,,,,,
2026-08-31,2026-08-31,CM,NSE,STK,10876,INF179KC1DI2,HDFCSILVER,EQ,,,,,HDFCAMC - HDFCSILVER,222.36,223.34,220.13,223.01,223.00,230.34,,223.01,,,4903606,1087857334.51,18709,F1,1,,,,,
2026-08-31,2026-08-31,CM,NSE,STK,14233,INF179KC1FB2,HDFCSML250,EQ,,,,,HDFCAMC - HDFCSML250,187.95,187.95,184.32,185.36,185.70,186.50,,185.36,,,1468062,271964845.53,13496,F1,1,,,,,
2026-08-31,2026-08-31,CM,NSE,STK,11260,INF179KC1DK8,HDFCVALUE,EQ,,,,,HDFCAMC - HDFCVALUE,125.33,127.00,124.93,125.63,125.91,125.51,,125.64,,,3551,444443.94,93,F1,1,,,,,
2026-08-31,2026-08-31,CM,NSE,STK,22595,INF179KC1HW4,HDFCPSUBK,EQ,,,,,HDFCAMC HDFCPSUBK,86.50,86.60,85.68,86.14,86.02,86.70,,86.24,,,17618,1516422.00,282,F1,1,,,,,
2026-08-31,2026-08-31,CM,NSE,STK,19205,INE759V01019,HEADSUP,EQ,,,,,HEADS UP VENTURES LIMITED,6.99,6.99,6.82,6.87,6.86,6.99,,6.87,,,3091,21234.32,128,F1,1,,,,,
2026-08-31,2026-08-31,CM,NSE,STK,20063,INE019J01013,HEALTHX,EQ,,,,,HEALTH X PLATFORM LIMITED,300.00,305.00,293.05,301.40,304.70,300.05,,300.41,,,2173,652177.15,130,F1,1,,,,,
2026-08-31,2026-08-31,CM,NSE,STK,15555,INE075I01017,HCG,EQ,,,,,HEALTHCARE GLOB. ENT. LTD,695.60,775.00,687.50,733.30,735.00,696.30,,733.55,,,264044,190405730.40,16111,F1,1,,,,,
2026-08-31,2026-08-31,CM,NSE,STK,7425,INE558R01013,HECPROJECT,EQ,,,,,HEC INFRA PROJECTS LTD,114.01,123.10,114.01,119.57,118.60,118.06,,119.57,,,9218,1098015.40,190,F1,1,,,,,
2026-08-31,2026-08-31,CM,NSE,STK,1336,INE545A01024,HEG,EQ,,,,,HEG LTD,734.00,741.80,721.00,728.80,730.00,737.35,,728.79,,,889024,647308527.90,20853,F1,1,,,,,
2026-08-31,2026-08-31,CM,NSE,STK,2316,INE578A01017,HEIDELBERG,EQ,,,,,HEIDELBERGCEMENT (I) LTD,161.00,161.00,157.00,157.41,157.70,160.99,,157.43,,,257731,40888830.14,4146,F1,1,,,,,
2026-08-31,2026-08-31,CM,NSE,STK,701,INE0AJG01018,HEMIPROP,EQ,,,,,HEMISPHERE PROP IND LTD,129.50,129.79,128.25,128.72,128.33,129.98,,128.72,,,184752,23802579.22,2194,F1,1,,,,,
2026-08-31,2026-08-31,CM,NSE,STK,2614,INE694N01015,HERANBA,EQ,,,,,HERANBA INDUSTRIES LTD,173.80,174.50,169.00,172.58,173.81,171.64,,172.55,,,32428,5581685.66,934,F1,1,,,,,
2026-08-31,2026-08-31,CM,NSE,STK,4598,INE978A01027,HERITGFOOD,EQ,,,,,HERITAGE FOODS LTD,368.75,374.30,360.10,361.30,361.80,370.55,,361.30,,,295270,107916388.65,8614,F1,1,,,,,
2026-08-31,2026-08-31,CM,NSE,STK,1348,INE158A01026,HEROMOTOCO,EQ,,,,,HERO MOTOCORP LIMITED,5614.00,5614.00,5450.00,5450.00,5450.00,5600.00,,5450.04,,,485204,2681548145.50,32295,F1,1,,,,,
2026-08-31,2026-08-31,CM,NSE,STK,7048,INE782E01017,HESTERBIO,EQ,,,,,HESTER BIOSCIENCES LTD,2292.60,2292.70,2255.50,2258.90,2255.50,2302.30,,2258.91,,,1905,4324018.20,419,F1,1,,,,,
2026-08-31,2026-08-31,CM,NSE,STK,27008,INE750M01017,HEXATRADEX,EQ,,,,,HEXA TRADEX LIMITED,160.09,160.90,158.30,160.49,160.49,160.09,,160.49,,,428,68584.18,21,F1,1,,,,,
2026-08-31,2026-08-31,CM,NSE,STK,750116,INE0JUI01012,HEXAGON,BE,,,,,HEXAGON NUTRITION LIMITED,68.90,69.50,66.80,67.40,67.75,68.37,,67.45,,,171956,11734068.50,572,F1,1,,,,,
2026-08-31,2026-08-31,CM,NSE,STK,29666,INE093A01041,HEXT,EQ,,,,,HEXAWARE TECHNOLOGIES LTD,554.00,559.40,540.00,554.75,555.00,555.70,,554.75,,,200168,109618254.55,14688,F1,1,,,,,
2026-08-31,2026-08-31,CM,NSE,STK,21951,INE548A01028,HFCL,EQ,,,,,HFCL LIMITED,254.20,256.70,247.50,249.09,248.90,251.47,,249.08,,,16617911,4182048080.45,92771,F1,1,,,,,
2026-08-31,2026-08-31,CM,NSE,STK,18794,INE0PIC01017,HIGREEN,SM,,,,,HI GREEN CARBON LIMITED,131.00,131.00,126.50,127.45,128.00,127.00,,127.45,,,4800,615320.00,6,F1,800,,,,,
2026-08-31,2026-08-31,CM,NSE,STK,2868,INE106T01025,HITECH,EQ,,,,,HI-TECH PIPES LIMITED,82.13,82.22,78.46,78.95,79.00,82.05,,78.94,,,781287,62033934.63,6097,F1,1,,,,,
2026-08-31,2026-08-31,CM,NSE,STK,759103,INE00RL01028,HILINFRA,EQ,,,,,HIGHWAY INFRASTRUCTURE L,45.90,46.19,44.22,44.53,44.60,45.52,,44.53,,,60409,2719243.58,1091,F1,1,,,,,
2026-08-31,2026-08-31,CM,NSE,STK,9668,INE475B01022,HIKAL,EQ,,,,,HIKAL LIMITED,204.39,205.47,195.00,201.41,201.70,204.23,,201.41,,,320355,64184588.67,6965,F1,1,,,,,
2026-08-31,2026-08-31,CM,NSE,STK,14627,INE788H01017,HILTON,EQ,,,,,HILTON METAL FORGING LTD,19.37,20.15,19.02,19.33,19.50,19.37,,19.33,,,64609,1251955.61,291,F1,1,,,,,
2026-08-31,2026-08-31,CM,NSE,STK,14334,INE019C01026,HSCL,EQ,,,,,HIMADRI SPECIALITY CHEM L,673.00,674.80,654.40,659.20,657.00,672.95,,659.15,,,4860217,3227926323.90,58239,F1,1,,,,,
2026-08-31,2026-08-31,CM,NSE,STK,1360,INE049A01027,HIMATSEIDE,EQ,,,,,HIMATSINGKA SEIDE LTD,71.01,71.20,68.90,69.50,69.75,71.31,,69.51,,,692262,48211557.60,5157,F1,1,,,,,
2026-08-31,2026-08-31,CM,NSE,STK,765085,INE227B01019,HINDALUMI,EQ,,,,,HIND ALUMINIUM INDS. LTD.,96.25,100.75,96.25,97.39,98.95,99.76,,97.25,,,14308,1404831.88,136,F1,1,,,,,
2026-08-31,2026-08-31,CM,NSE,STK,1363,INE038A01020,HINDALCO,EQ,,,,,HINDALCO  INDUSTRIES  LTD,1029.90,1029.90,1005.40,1015.45,1015.45,1037.40,,1015.45,,,5759006,5853371260.55,97885,F1,1,,,,,
2026-08-31,2026-08-31,CM,NSE,STK,4920,INE642Y01029,HINDCON,EQ,,,,,HINDCON CHEMICALS LIMITED,23.00,24.58,22.36,23.57,24.00,22.89,,23.57,,,70524,1638280.33,418,F1,1,,,,,
2026-08-31,2026-08-31,CM,NSE,STK,11796,INE05X901010,HPIL,EQ,,,,,HINDPRAKASH INDUSTRY LTD,123.20,124.00,122.10,122.35,122.26,125.08,,122.35,,,824,101202.82,38,F1,1,,,,,
2026-08-31,2026-08-31,CM,NSE,STK,14712,INE170I01016,HGS,EQ,,,,,HINDUJA GLOBAL SOLS. LTD.,396.60,407.90,396.00,400.55,402.15,402.55,,400.50,,,18554,7435348.75,996,F1,1,,,,,
2026-08-31,2026-08-31,CM,NSE,STK,764698,INE074C01013,HINDADH,EQ,,,,,HINDUSTAN ADHESIVES LTD.,348.45,353.80,347.00,347.80,347.80,349.05,,347.81,,,1233,428657.95,54,F1,1,,,,,
2026-08-31,2026-08-31,CM,NSE,STK,2303,INE066F01020,HAL,EQ,,,,,HINDUSTAN AERONAUTICS LTD,4836.90,4844.00,4777.00,4801.60,4801.60,4861.10,,4801.59,,,681564,3274649180.90,32017,F1,1,,,,,
2026-08-31,2026-08-31,CM,NSE,STK,1372,INE310C01029,HINDCOMPOS,EQ,,,,,HINDUSTAN COMPOSITES LTD.,408.35,412.65,403.70,407.50,405.30,408.35,,407.54,,,1966,799355.55,97,F1,1,,,,,
2026-08-31,2026-08-31,CM,NSE,STK,1375,INE549A01026,HCC,EQ,,,,,HINDUSTAN CONSTRUCTION CO,24.50,24.80,23.72,23.83,23.88,24.64,,23.83,,,41845918,1012140662.35,39426,F1,1,,,,,
2026-08-31,2026-08-31,CM,NSE,STK,17939,INE531E01026,HINDCOPPER,EQ,,,,,HINDUSTAN COPPER LTD,528.00,529.50,520.10,525.35,525.45,533.55,,525.35,,,8811548,4627797718.55,98114,F1,1,,,,,
2026-08-31,2026-08-31,CM,NSE,STK,12173,INE254N01026,HNDFDS,EQ,,,,,HINDUSTAN FOODS LIMITED,638.85,663.00,634.45,658.20,657.35,634.45,,658.19,,,148418,96847313.55,9758,F1,1,,,,,
2026-08-31,2026-08-31,CM,NSE,STK,19215,INE871K01015,HMVL,BE,,,,,HINDUSTAN MEDIA VENT LTD,85.60,89.00,85.52,88.03,88.04,88.69,,88.03,,,2383,207191.91,60,F1,1,,,,,
2026-08-31,2026-08-31,CM,NSE,STK,1403,INE345A01011,HINDOILEXP,EQ,,,,,HINDUSTAN OIL EXPLORATION,163.00,165.90,161.50,162.06,161.51,162.66,,162.06,,,202887,33057039.64,2773,F1,1,,,,,
2026-08-31,2026-08-31,CM,NSE,STK,1406,INE094A01015,HINDPETRO,EQ,,,,,HINDUSTAN PETROLEUM CORP,362.00,365.75,355.40,365.75,365.75,364.00,,365.73,,,7728957,2778290656.25,58984,F1,1,,,,,
2026-08-31,2026-08-31,CM,NSE,STK,1394,INE030A01027,HINDUNILVR,EQ,,,,,HINDUSTAN UNILEVER LTD.,2001.10,2008.60,1967.40,1967.40,1967.40,2010.40,,1967.43,,,1800025,3566119072.30,57653,F1,1,,,,,
2026-08-31,2026-08-31,CM,NSE,STK,1424,INE267A01025,HINDZINC,EQ,,,,,HINDUSTAN ZINC LIMITED,602.90,602.90,592.00,595.45,595.45,622.00,,595.51,,,8585078,5120945512.80,87874,F1,1,,,,,
2026-08-31,2026-08-31,CM,NSE,STK,15883,INE05AN01011,HINDWAREAP,EQ,,,,,HINDWARE HME INOVATON LTD,190.50,191.10,185.42,186.98,186.50,191.61,,187.04,,,106120,19933179.32,2896,F1,1,,,,,
2026-08-31,2026-08-31,CM,NSE,STK,13890,INE835D01023,HIRECT,EQ,,,,,HIRECT LIMITED,1231.60,1237.50,1210.10,1221.90,1220.20,1237.80,,1221.93,,,32439,39681561.50,2597,F1,1,,,,,
2026-08-31,2026-08-31,CM,NSE,STK,19322,INE598C01011,HISARMETAL,EQ,,,,,HISAR METAL IND. LIMITED,156.25,160.99,156.25,157.34,157.10,155.96,,157.82,,,4308,681436.56,99,F1,1,,,,,
2026-08-31,2026-08-31,CM,NSE,STK,18457,INE07Y701011,POWERINDIA,EQ,,,,,HITACHI ENERGY INDIA LTD,33330.00,33760.00,32630.00,33760.00,33760.00,33330.00,,33758.81,,,74866,2470030080.00,20823,F1,1,,,,,
2026-08-31,2026-08-31,CM,NSE,STK,15165,INE120D01012,HITECHCORP,BE,,,,,HITECH CORPORATION LTD,330.30,337.00,330.00,334.60,336.80,333.00,,334.60,,,11521,3841589.45,81,F1,1,,,,,
2026-08-31,2026-08-31,CM,NSE,STK,2289,INE461D01028,HLEGLAS,EQ,,,,,HLE GLASCOAT LIMITED,313.30,316.00,310.50,314.60,313.20,313.30,,314.59,,,70780,22133450.35,1515,F1,1,,,,,
2026-08-31,2026-08-31,CM,NSE,STK,1448,INE102A01024,HLVLTD,EQ,,,,,HLV LIMITED,6.59,6.60,6.48,6.50,6.50,6.53,,6.51,,,126898,830817.08,396,F1,1,,,,,
2026-08-31,2026-08-31,CM,NSE,STK,17053,INE0ECP01024,HMAAGRO,EQ,,,,,HMA AGRO INDUSTRIES LTD,20.75,21.65,20.73,20.98,20.86,20.97,,20.98,,,4079732,85913464.46,6444,F1,1,,,,,
2026-08-31,2026-08-31,CM,NSE,STK,19698,INE262A01018,HMT,BZ,,,,,HMT LTD -,62.49,62.49,58.90,61.21,61.30,61.82,,61.21,,,16295,992498.39,186,F1,1,,,,,
2026-08-31,2026-08-31,CM,NSE,STK,23826,INE0S6S01017,HOACFOODS,ST,,,,,HOAC FOODS INDIA LIMITED,845.00,880.00,820.00,870.90,880.00,845.00,,870.90,,,3750,3217687.50,10,F1,375,,,,,
2026-08-31,2026-08-31,CM,NSE,STK,18649,INE0LXA01019,HOLMARC,SM,,,,,HOLMARC OPTO MECHATRO L,97.20,102.05,97.20,102.05,102.05,97.20,,102.05,,,6750,684375.00,7,F1,750,,,,,
2026-08-31,2026-08-31,CM,NSE,STK,2056,INE481N01025,HOMEFIRST,EQ,,,,,HOME FIRST FIN CO IND LTD,1189.80,1193.90,1158.50,1164.70,1170.00,1198.30,,1164.71,,,220000,259802827.50,11630,F1,1,,,,,
2026-08-31,2026-08-31,CM,NSE,STK,13526,INE0N7F01017,HOMESFY,SM,,,,,HOMESFY REALTY LIMITED,111.30,111.30,111.30,111.30,111.30,111.30,,111.30,,,600,66780.00,2,F1,300,,,,,
2026-08-31,2026-08-31,CM,NSE,STK,19813,INE0J5401028,HONASA,EQ,,,,,HONASA CONSUMER LIMITED,468.00,488.95,466.25,480.90,485.00,470.65,,480.90,,,1503528,723236293.85,33680,F1,1,,,,,
2026-08-31,2026-08-31,CM,NSE,STK,3138,INE634A01018,HONDAPOWER,EQ,,,,,HONDA I POWER PRODUCT LTD,2057.40,2066.80,2010.00,2018.00,2010.00,2058.60,,2017.08,,,2579,5236795.90,614,F1,1,,,,,
2026-08-31,2026-08-31,CM,NSE,STK,3417,INE671A01010,HONAUT,EQ,,,,,HONEYWELL AUTOMATION IND,36750.00,36970.00,35045.00,35530.00,35750.00,36635.00,,35527.59,,,12171,436327945.00,6861,F1,1,,,,,
2026-08-31,2026-08-31,CM,NSE,STK,765356,INE685T01010,HORIZONIND,EQ,,,,,HORIZON INDUSTRIAL PRKS L,55.55,58.05,55.00,56.89,58.00,58.05,,56.89,,,7670563,429432485.12,20863,F1,1,,,,,
2026-08-31,2026-08-31,CM,NSE,STK,17920,INE191I01012,HDIL,BZ,,,,,HOUSING DEV & INFRA LTD,1.51,1.52,1.47,1.49,1.50,1.50,,1.49,,,82861,124256.41,148,F1,1,,,,,
2026-08-31,2026-08-31,CM,NSE,STK,7376,INE0GSL01024,HPAL,EQ,,,,,HP ADHESIVES LIMITED,34.69,35.43,34.07,35.00,35.15,34.86,,35.00,,,47825,1652158.83,858,F1,1,,,,,
2026-08-31,2026-08-31,CM,NSE,STK,29875,INE0VA601019,HPTL,SM,,,,,HP TELECOM INDIA LIMITED,330.00,330.75,330.00,330.35,330.75,315.00,,330.35,,,1800,594450.00,3,F1,600,,,,,
2026-08-31,2026-08-31,CM,NSE,STK,18679,INE495S01016,HPL,EQ,,,,,HPL ELECTRIC & POWER LTD,309.50,309.90,300.00,303.10,303.40,308.80,,303.10,,,73480,22285589.50,2852,F1,1,,,,,
2026-08-31,2026-08-31,CM,NSE,STK,21107,INE0R3501012,HRHNEXT,SM,,,,,HRH NEXT SERVICES LIMITED,24.70,24.70,24.70,24.70,24.70,25.95,,24.70,,,9000,222300.00,6,F1,1500,,,,,
2026-08-31,2026-08-31,CM,NSE,STK,761506,INF336L01RX2,HSBCGOLD,EQ,,,,,HSBCAMC - HSBCGOLD,136.42,136.88,132.73,133.84,133.77,137.10,,133.84,,,116741,15607691.28,88,F1,1,,,,,
2026-08-31,2026-08-31,CM,NSE,STK,20825,INE031A01017,HUDCO,EQ,,,,,HSG & URBAN DEV CORPN LTD,182.50,189.58,177.32,182.05,178.25,183.23,,181.91,,,4500235,815497816.94,28716,F1,1,,,,,
2026-08-31,2026-08-31,CM,NSE,STK,11979,INE501G01024,HTMEDIA,EQ,,,,,HT MEDIA LIMITED,26.80,26.99,26.10,26.35,26.40,26.78,,26.35,,,70171,1851834.67,421,F1,1,,,,,
2026-08-31,2026-08-31,CM,NSE,STK,14203,INE703H01016,HUBTOWN,EQ,,,,,HUBTOWN LIMITED,185.67,185.99,181.50,182.30,182.00,186.09,,182.24,,,180263,32974461.99,3291,F1,1,,,,,
2026-08-31,2026-08-31,CM,NSE,STK,2562,INE275B01026,HUHTAMAKI,EQ,,,,,HUHTAMAKI INDIA LIMITED,263.00,266.70,258.35,262.90,263.10,262.90,,262.90,,,136898,35944187.95,3218,F1,1,,,,,
2026-08-31,2026-08-31,CM,NSE,STK,25708,INE0TO501019,HVAX,SM,,,,,HVAX TECHNOLOGIES LIMITED,630.00,660.00,630.00,660.00,660.00,660.00,,660.00,,,600,387000.00,4,F1,150,,,,,
2026-08-31,2026-08-31,CM,NSE,STK,12814,INE965B01022,HYBRIDFIN,BE,,,,,HYBRID FINANCIAL SERVICE,17.27,17.27,16.91,17.25,17.25,17.35,,17.20,,,2454,42112.59,17,F1,1,,,,,
2026-08-31,2026-08-31,CM,NSE,STK,25844,INE0V6F01027,HYUNDAI,EQ,,,,,HYUNDAI MOTOR INDIA LTD,2258.10,2280.00,2205.00,2205.00,2205.00,2267.00,,2205.07,,,619880,1396922666.00,31390,F1,1,,,,,
2026-08-31,2026-08-31,CM,NSE,STK,14086,INE204A01010,IGPL,EQ,,,,,I G PETROCHEMICALS LTD,531.00,544.90,523.90,534.80,537.20,532.40,,534.85,,,131004,70228277.30,8243,F1,1,,,,,
2026-08-31,2026-08-31,CM,NSE,STK,764718,INE684B01029,ISTLTD,EQ,,,,,I S T LTD.,676.40,676.40,632.60,645.55,645.90,676.40,,647.21,,,1071,691305.55,149,F1,1,,,,,
2026-08-31,2026-08-31,CM,NSE,STK,21348,INE0O7401018,IBLFL,SM,,,,,IBL FINANCE LIMITED,61.00,61.00,61.00,61.00,61.00,61.00,,61.00,,,2000,122000.00,1,F1,2000,,,,,
2026-08-31,2026-08-31,CM,NSE,STK,764064,INE0XE501015,ICELCO,SM,,,,,IC ELECTRICALS COMPANY L,128.00,128.80,122.00,122.95,122.50,128.00,,122.95,,,80400,9954960.00,58,F1,1200,,,,,
2026-08-31,2026-08-31,CM,NSE,STK,6977,INE613B01010,ICDSLTD,EQ,,,,,ICDS LTD,41.02,41.75,41.02,41.02,41.02,41.44,,41.02,,,548,22496.86,10,F1,1,,,,,
2026-08-31,2026-08-31,CM,NSE,STK,489,INE520Y01019,ICEMAKE,EQ,,,,,ICE MAKE REFRIGERAT LTD,742.00,756.95,730.00,749.30,750.00,742.55,,749.30,,,23389,17412402.15,1794,F1,1,,,,,
2026-08-31,2026-08-31,CM,NSE,STK,4963,INE090A01021,ICICIBANK,EQ,,,,,ICICI BANK LTD.,1422.80,1454.00,1419.00,1454.00,1454.00,1422.80,,1453.99,,,15331697,22014009456.30,184414,F1,1,,,,,
2026-08-31,2026-08-31,CM,NSE,STK,21770,INE765G01017,ICICIGI,EQ,,,,,ICICI LOMBARD GIC LIMITED,1567.10,1567.60,1540.00,1566.90,1566.90,1562.00,,1566.90,,,1409815,2190152935.60,31209,F1,1,,,,,
2026-08-31,2026-08-31,CM,NSE,STK,21254,INF109KC19U5,LOWVOLIETF,EQ,,,,,ICICI PR NIF LW VL 30 ETF,22.02,22.49,21.91,22.17,22.24,22.26,,22.17,,,3212428,71379169.92,1443,F1,1,,,,,
2026-08-31,2026-08-31,CM,NSE,STK,18652,INE726G01019,ICICIPRULI,EQ,,,,,ICICI PRU LIFE INS CO LTD,506.00,517.05,498.00,517.05,517.05,506.00,,517.05,,,3462285,1764651898.60,20383,F1,1,,,,,
2026-08-31,2026-08-31,CM,NSE,STK,17702,INF109KC10W0,MIDSELIETF,EQ,,,,,ICICI PRUD MIDCAP SEL ETF,20.13,20.18,19.90,20.05,20.05,20.13,,20.05,,,169075,3381322.77,815,F1,1,,,,,
2026-08-31,2026-08-31,CM,NSE,STK,30392,INF109KC16V9,NIF100IETF,EQ,,,,,ICICI PRUD NIFTY 100 ETF,28.15,28.22,28.00,28.13,28.22,28.22,,28.13,,,76846,2162497.30,2056,F1,1,,,,,
2026-08-31,2026-08-31,CM,NSE,STK,29553,INF109K012R6,NIFTYIETF,EQ,,,,,ICICI PRUD NIFTY ETF,270.25,274.82,270.25,273.42,273.58,274.23,,273.42,,,866411,236657292.38,20464,F1,1,,,,,
2026-08-31,2026-08-31,CM,NSE,STK,4378,INF346A01034,SENSEXIETF,EQ,,,,,ICICI PRUD SENSEX ETF,885.36,889.87,882.00,887.02,888.99,886.26,,887.04,,,15715,13911907.58,475,F1,1,,,,,
2026-08-31,2026-08-31,CM,NSE,STK,760407,INE346A01027,ICICIAMC,EQ,,,,,ICICI PRUDENTIAL AMC LTD,3139.60,3139.60,3059.00,3065.10,3066.40,3139.60,,3065.11,,,688005,2112631129.10,56542,F1,1,,,,,
2026-08-31,2026-08-31,CM,NSE,STK,19679,INF109KC1NT3,GOLDIETF,EQ,,,,,ICICI PRUDENTIAL GOLD ETF,132.79,132.79,130.50,131.72,131.80,135.62,,131.72,,,9466193,1244066077.72,52772,F1,1,,,,,
2026-08-31,2026-08-31,CM,NSE,STK,17475,INF109KC11V0,NV20IETF,EQ,,,,,ICICI PRUDENTIAL NV20 ETF,13.88,13.88,13.52,13.56,13.55,13.62,,13.56,,,351046,4755903.45,1999,F1,1,,,,,
2026-08-31,2026-08-31,CM,NSE,STK,522,INF109KB15Y7,ICICIB22,EQ,,,,,ICICIPRAMC - BHARATIWIN,112.77,115.40,112.60,113.78,114.00,114.41,,113.73,,,244027,27741619.31,4298,F1,1,,,,,
2026-08-31,2026-08-31,CM,NSE,STK,30139,INF109K1A021,CASHIETF,EQ,,,,,ICICIPRAMC - CASHIETF,1077.57,1077.59,1077.57,1077.58,1077.59,1077.45,,1077.58,,,122075,131546329.97,158,F1,1,,,,,
2026-08-31,2026-08-31,CM,NSE,STK,755881,INF109K1A153,EVIETF,EQ,,,,,ICICIPRAMC - EVIETF,33.65,33.66,33.23,33.54,33.63,33.67,,33.54,,,146634,4903973.79,967,F1,1,,,,,
2026-08-31,2026-08-31,CM,NSE,STK,13143,INF109KC18O0,GSEC10IETF,EQ,,,,,ICICIPRAMC - ICICI10GS,263.52,265.71,262.56,265.71,265.71,263.52,,265.71,,,899,237137.52,7,F1,1,,,,,
2026-08-31,2026-08-31,CM,NSE,STK,3001,INF109KC1V59,BSE500IETF,EQ,,,,,ICICIPRAMC - ICICI500,40.37,40.37,39.50,39.67,39.69,39.85,,39.67,,,96809,3835960.80,1631,F1,1,,,,,
2026-08-31,2026-08-31,CM,NSE,STK,8342,INF109KC14A8,GSEC5IETF,EQ,,,,,ICICIPRAMC - ICICI5GSEC,66.20,66.73,66.01,66.01,66.01,66.20,,66.01,,,19626,1302233.16,45,F1,1,,,,,
2026-08-31,2026-08-31,CM,NSE,STK,22344,INF109KC17V7,ALPL30IETF,EQ,,,,,ICICIPRAMC - ICICIALPLV,27.96,28.48,27.51,27.92,28.11,27.96,,27.92,,,658887,18390783.35,1074,F1,1,,,,,
2026-08-31,2026-08-31,CM,NSE,STK,7844,INF109KC10V2,AUTOIETF,EQ,,,,,ICICIPRAMC - ICICIAUTO,30.00,30.05,29.76,29.96,30.05,29.92,,29.96,,,328281,9812974.83,1961,F1,1,,,,,
2026-08-31,2026-08-31,CM,NSE,STK,11386,INF109KC18U7,PVTBANIETF,EQ,,,,,ICICIPRAMC - ICICIBANKP,28.15,28.17,27.87,28.05,28.10,28.02,,28.05,,,1368111,38383340.51,1348,F1,1,,,,,
2026-08-31,2026-08-31,CM,NSE,STK,13198,INF109KC19O8,COMMOIETF,EQ,,,,,ICICIPRAMC - ICICICOMMO,99.82,99.82,98.51,98.90,98.99,99.82,,98.87,,,36312,3587354.77,925,F1,1,,,,,
2026-08-31,2026-08-31,CM,NSE,STK,6446,INF109KC1V42,CONSUMIETF,EQ,,,,,ICICIPRAMC - ICICICONSU,123.20,123.95,122.44,122.56,122.60,123.20,,122.56,,,19214,2359630.28,269,F1,1,,,,,
2026-08-31,2026-08-31,CM,NSE,STK,5306,INF109KC19V3,FMCGIETF,EQ,,,,,ICICIPRAMC - ICICIFMCG,50.75,50.75,49.96,50.10,50.19,50.34,,50.10,,,1598727,80018892.06,6041,F1,1,,,,,
2026-08-31,2026-08-31,CM,NSE,STK,10723,INF109KC16E5,INFRAIETF,EQ,,,,,ICICIPRAMC - ICICIINFRA,92.89,94.91,92.89,94.60,94.65,94.79,,94.60,,,13176892,1245280126.27,2855,F1,1,,,,,
2026-08-31,2026-08-31,CM,NSE,STK,4838,INF109KC1KT9,LIQUIDIETF,EQ,,,,,ICICIPRAMC - ICICILIQ,1000.01,1000.01,999.99,999.99,1000.00,999.99,,999.99,,,815952,815951611.01,242,F1,1,,,,,
2026-08-31,2026-08-31,CM,NSE,STK,17152,INF109KC11W8,MIDCAPIETF,EQ,,,,,ICICIPRAMC - ICICIM150,24.34,24.49,24.09,24.25,24.32,24.34,,24.25,,,726756,17583831.90,3166,F1,1,,,,,
2026-08-31,2026-08-31,CM,NSE,STK,10585,INF109KC17C7,MOM30IETF,EQ,,,,,ICICIPRAMC - ICICIMOM30,31.96,31.96,31.38,31.54,31.55,31.96,,31.54,,,735788,23260600.58,2972,F1,1,,,,,
2026-08-31,2026-08-31,CM,NSE,STK,4529,INF109KC1NS5,NEXT50IETF,EQ,,,,,ICICIPRAMC - ICICINXT50,78.38,78.38,77.33,77.40,77.68,78.25,,77.40,,,1273708,98793623.36,7719,F1,1,,,,,
2026-08-31,2026-08-31,CM,NSE,STK,3626,INF109KC1Q72,HEALTHIETF,EQ,,,,,ICICIPRAMC - ICICIPHARM,172.19,173.03,169.63,171.07,171.61,172.18,,171.07,,,110950,19040305.71,1752,F1,1,,,,,
2026-08-31,2026-08-31,CM,NSE,STK,17808,INF109KC18V5,QUAL30IETF,EQ,,,,,ICICIPRAMC - ICICIQTY30,21.29,21.34,21.11,21.22,21.21,21.34,,21.22,,,129355,2738529.36,281,F1,1,,,,,
2026-08-31,2026-08-31,CM,NSE,STK,7942,INF109KC1Y56,SILVERIETF,EQ,,,,,ICICIPRAMC - ICICISILVE,231.65,233.78,229.94,233.18,233.50,240.53,,233.18,,,4383236,1018082193.53,26265,F1,1,,,,,
2026-08-31,2026-08-31,CM,NSE,STK,22365,INF109KC16I6,ITIETF,EQ,,,,,ICICIPRAMC - ICICITECH,34.66,34.89,34.11,34.31,34.25,34.65,,34.31,,,884965,30338754.16,1739,F1,1,,,,,
2026-08-31,2026-08-31,CM,NSE,STK,764364,INF109K1A567,INSUREIETF,EQ,,,,,ICICIPRAMC - INSUREIETF,15.32,15.35,15.22,15.30,15.32,15.35,,15.30,,,708490,10855743.04,192,F1,1,,,,,
2026-08-31,2026-08-31,CM,NSE,STK,11037,INF109KC15I8,BANKIETF,EQ,,,,,ICICIPRAMC - IPRU5008,58.81,59.19,58.81,59.03,59.15,59.13,,59.03,,,194471,11473037.52,1467,F1,1,,,,,
2026-08-31,2026-08-31,CM,NSE,STK,24861,INF109KC19W1,METALIETF,EQ,,,,,ICICIPRAMC - METALIETF,13.56,13.57,13.28,13.33,13.35,13.56,,13.33,,,6745132,89943467.20,14858,F1,1,,,,,
2026-08-31,2026-08-31,CM,NSE,STK,24533,INF109KC18W3,OILIETF,EQ,,,,,ICICIPRAMC - OILIETF,11.24,11.24,11.15,11.22,11.23,11.23,,11.22,,,1531427,17124830.70,2540,F1,1,,,,,
2026-08-31,2026-08-31,CM,NSE,STK,14584,INF109KC10S8,PSUBNKIETF,EQ,,,,,ICICIPRAMC - PSUBANKICI,86.58,87.17,85.85,86.54,86.50,87.17,,86.54,,,122452,10573471.01,892,F1,1,,,,,
2026-08-31,2026-08-31,CM,NSE,STK,754612,INF109K1A476,SMALLIETF,EQ,,,,,ICICIPRAMC - SMALLIETF,18.76,18.76,18.34,18.45,18.49,18.58,,18.45,,,107260,1976563.28,145,F1,1,,,,,
2026-08-31,2026-08-31,CM,NSE,STK,757781,INF109K1A344,TOP15IETF,EQ,,,,,ICICIPRAMC - TOP15IETF,9.90,9.98,9.84,9.86,9.95,9.94,,9.82,,,95386,941652.53,214,F1,1,,,,,
2026-08-31,2026-08-31,CM,NSE,STK,25851,INF109KC16X5,VAL30IETF,EQ,,,,,ICICIPRAMC - VAL30IETF,15.16,15.16,15.00,15.08,15.02,15.16,,15.08,,,190570,2868311.29,825,F1,1,,,,,
2026-08-31,2026-08-31,CM,NSE,STK,12578,INF109KC17L8,FINIETF,EQ,,,,,ICICIPRAMC-ICICIFIN,33.27,33.27,32.85,32.99,33.14,33.26,,32.99,,,294308,9707770.04,1630,F1,1,,,,,
2026-08-31,2026-08-31,CM,NSE,STK,14523,INE725G01011,ICRA,EQ,,,,,ICRA LIMITED,4912.80,5000.00,4850.10,4916.40,4946.70,4912.80,,4916.45,,,124239,610672464.30,14308,F1,1,,,,,
2026-08-31,2026-08-31,CM,NSE,STK,1476,INE008A01015,IDBI,EQ,,,,,IDBI BANK LIMITED,93.00,93.33,90.63,90.88,90.89,92.66,,90.88,,,6742579,617861181.17,28213,F1,1,,,,,
2026-08-31,2026-08-31,CM,NSE,STK,17140,INE349Y01013,IDEAFORGE,EQ,,,,,IDEAFORGE TECHNO LTD,815.40,817.90,785.60,795.25,795.00,807.65,,795.23,,,225516,179502504.05,13571,F1,1,,,,,
2026-08-31,2026-08-31,CM,NSE,STK,28574,INE0TD101011,IDENTICAL,SM,,,,,IDENTICAL BRAINS STUDIO L,18.90,18.90,17.50,17.50,17.50,18.95,,17.50,,,6000,107800.00,3,F1,2000,,,,,
2026-08-31,2026-08-31,CM,NSE,STK,11184,INE092T01019,IDFCFIRSTB,EQ,,,,,IDFC FIRST BANK LIMITED,83.00,85.97,82.50,85.97,85.97,83.12,,85.96,,,19780056,1664274574.71,50574,F1,1,,,,,
2026-08-31,2026-08-31,CM,NSE,STK,1482,INE076C01018,IFBAGRO,EQ,,,,,IFB AGRO INDUSTRIES LTD,890.00,916.70,890.00,899.20,898.00,919.80,,899.24,,,5786,5224136.20,540,F1,1,,,,,
2026-08-31,2026-08-31,CM,NSE,STK,1485,INE559A01017,IFBIND,EQ,,,,,IFB INDUSTRIES LTD,1331.10,1350.90,1321.10,1331.40,1337.40,1336.80,,1331.03,,,23664,31550694.10,3109,F1,1,,,,,
2026-08-31,2026-08-31,CM,NSE,STK,1491,INE039A01010,IFCI,EQ,,,,,IFCI LTD,90.20,92.14,88.11,89.70,89.26,89.96,,89.70,,,50607497,4555267035.21,126691,F1,1,,,,,
2026-08-31,2026-08-31,CM,NSE,STK,436,INE133Y01011,IFGLEXPOR,EQ,,,,,IFGL REFRACTORIES LIMITED,213.45,216.80,207.10,210.37,208.01,215.47,,210.39,,,13790,2925719.85,670,F1,1,,,,,
2026-08-31,2026-08-31,CM,NSE,STK,760656,INE01XO07025,1225IFL28,N0,,,,,IFL 12.25% 2028,7600.00,7600.00,7351.00,7351.00,7351.00,7600.00,,7351.00,,,3,22351.00,3,F1,1,,,,,
2026-08-31,2026-08-31,CM,NSE,STK,634,INE188B01013,IGARASHI,EQ,,,,,IGARASHI MOTORS INDIA LTD,429.00,432.15,416.00,419.95,416.00,427.10,,419.94,,,29408,12397865.00,1443,F1,1,,,,,
2026-08-31,2026-08-31,CM,NSE,STK,756154,INE530B07492,1025IIFL30,Y3,,,,,IIFL 10.25% TR I SR IX,1038.50,1038.50,1038.50,1038.50,1038.50,1016.10,,1069.25,,,100,103850.00,3,F1,1,,,,,
2026-08-31,2026-08-31,CM,NSE,STK,761116,INE530B07658,837IIFL28,Y4,,,,,IIFL 8.37% TR I SR I,990.00,990.00,990.00,990.00,990.00,990.00,,990.00,,,30,29700.00,3,F1,1,,,,,
2026-08-31,2026-08-31,CM,NSE,STK,761119,INE530B07617,870IIFL28,Y7,,,,,IIFL 8.70% TR I SR IV,1035.00,1035.00,1035.00,1035.00,1035.00,1035.09,,1035.00,,,10,10350.00,1,F1,1,,,,,
2026-08-31,2026-08-31,CM,NSE,STK,13072,INE489L01022,IIFLCAPS,EQ,,,,,IIFL CAPITAL SERVICES LTD,333.70,337.95,333.70,336.95,337.95,333.20,,336.95,,,428778,144137762.00,11200,F1,1,,,,,
2026-08-31,2026-08-31,CM,NSE,STK,11809,INE530B01024,IIFL,EQ,,,,,IIFL FINANCE LIMITED,654.95,656.90,639.00,646.75,644.00,659.25,,646.75,,,1485055,961652752.55,32983,F1,1,,,,,
2026-08-31,2026-08-31,CM,NSE,STK,16822,INE0LOJ01019,IKIO,EQ,,,,,IKIO TECHNOLOGIES LIMITED,213.72,223.39,210.13,215.48,214.18,213.72,,215.58,,,1279645,278054938.36,20721,F1,1,,,,,
2026-08-31,2026-08-31,CM,NSE,STK,9380,INE369I01014,IL&FSENGG,BZ,,,,,IL&FS ENG AND CONS CO LTD,35.41,36.18,35.01,35.56,35.55,35.41,,35.60,,,32215,1135891.67,45,F1,1,,,,,
2026-08-31,2026-08-31,CM,NSE,STK,6711,INE050B01023,IVC,EQ,,,,,IL&FS INVESTMENT MANAGERS,8.60,9.14,8.50,9.05,9.08,8.49,,9.05,,,1801813,15988837.02,2647,F1,1,,,,,
2026-08-31,2026-08-31,CM,NSE,STK,9381,INE975G01012,IL&FSTRANS,BZ,,,,,IL&FS TRANS NET LTD,2.20,2.31,2.20,2.22,2.22,2.20,,2.22,,,53714,122016.79,87,F1,1,,,,,
2026-08-31,2026-08-31,CM,NSE,STK,7672,INE172N01012,IMAGICAA,EQ,,,,,IMAGICAAWORLD ENT LTD,58.20,58.32,55.34,56.29,56.39,58.07,,56.29,,,1274443,72156885.73,7230,F1,1,,,,,
2026-08-31,2026-08-31,CM,NSE,STK,25881,INE691G01015,IMPEXFERRO,BZ,,,,,IMPEX FERRO TECH LIMITED,4.38,4.38,4.38,4.38,4.38,4.30,,4.38,,,26316,115264.08,12,F1,1,,,,,
2026-08-31,2026-08-31,CM,NSE,STK,17507,INE452L01012,INCREDIBLE,EQ,,,,,INCREDIBLE INDUSTRIES LTD,32.20,33.47,31.50,32.04,32.00,32.19,,32.04,,,11733,379923.95,170,F1,1,,,,,
2026-08-31,2026-08-31,CM,NSE,STK,12009,INE547E01014,IMPAL,EQ,,,,,IND MOTOR PART & ACC LTD,1062.00,1103.80,1062.00,1072.60,1069.00,1097.50,,1070.93,,,1377,1485772.70,218,F1,1,,,,,
2026-08-31,2026-08-31,CM,NSE,STK,4870,INE915B01019,INDSWFTLAB,EQ,,,,,IND SWIFT LABORATORIES LT,363.46,372.46,355.55,364.87,368.00,362.92,,364.90,,,667877,244075614.12,15973,F1,1,,,,,
2026-08-31,2026-08-31,CM,NSE,STK,21957,INE611L01021,INDTERRAIN,EQ,,,,,IND TERRAIN FASHIONS LTD,30.49,30.50,30.00,30.11,30.00,30.02,,30.11,,,21689,652753.99,232,F1,1,,,,,
2026-08-31,2026-08-31,CM,NSE,STK,16933,INE841B01017,INDBANK,EQ,,,,,INDBANK MERCH BANK,31.90,31.90,31.40,31.64,31.65,31.45,,31.64,,,11287,356754.09,220,F1,1,,,,,
2026-08-31,2026-08-31,CM,NSE,STK,29678,INE0O9T01021,BAJAJINDEF,EQ,,,,,INDEF MANUFACTURING LTD,225.10,232.00,220.00,220.61,220.00,228.49,,220.61,,,21385,4755836.19,753,F1,1,,,,,
2026-08-31,2026-08-31,CM,NSE,STK,23693,INE065X01017,INDGN,EQ,,,,,INDEGENE LIMITED,582.10,615.50,579.85,611.65,608.00,578.95,,611.66,,,3972278,2396594678.00,97374,F1,1,,,,,
2026-08-31,2026-08-31,CM,NSE,STK,1521,INE560A01023,INDIAGLYCO,EQ,,,,,INDIA GLYCOLS LTD,1180.00,1184.20,1141.10,1147.30,1147.20,1178.30,,1147.31,,,513156,591897328.60,37092,F1,1,,,,,
2026-08-31,2026-08-31,CM,NSE,STK,4747,INE092B01025,INDNIPPON,EQ,,,,,INDIA NIPPON ELECT  LTD,1059.00,1067.60,1034.10,1050.60,1054.00,1061.60,,1051.20,,,14139,14834889.90,1716,F1,1,,,,,
2026-08-31,2026-08-31,CM,NSE,STK,4934,INE0D6701023,IPL,EQ,,,,,INDIA PESTICIDES LIMITED,138.79,138.79,136.22,136.86,136.22,139.00,,136.88,,,76444,10471188.13,1716,F1,1,,,,,
2026-08-31,2026-08-31,CM,NSE,STK,20556,INE922K01024,INDIASHLTR,EQ,,,,,INDIA SHELTER FIN CORP L,649.00,652.45,644.70,650.00,650.00,649.85,,650.01,,,94560,61302234.60,7691,F1,1,,,,,
2026-08-31,2026-08-31,CM,NSE,STK,19299,INE353K01014,ITDC,EQ,,,,,INDIA TOUR. DEV. CO. LTD.,663.75,663.75,637.55,640.20,638.60,662.15,,640.34,,,92714,59870259.55,7249,F1,1,,,,,
2026-08-31,2026-08-31,CM,NSE,STK,24999,INE126M01010,IBULLSLTD,EQ,,,,,INDIABULLS LIMITED,26.40,26.60,25.81,26.25,26.56,26.31,,26.25,,,5301576,138935794.06,9512,F1,1,,,,,
2026-08-31,2026-08-31,CM,NSE,STK,10726,INE933S01016,INDIAMART,EQ,,,,,INDIAMART INTERMESH LTD,1754.00,1775.00,1737.10,1755.40,1750.00,1756.90,,1755.39,,,79285,139447993.60,10825,F1,1,,,,,
2026-08-31,2026-08-31,CM,NSE,STK,14309,INE562A01011,INDIANB,EQ,,,,,INDIAN BANK,878.00,898.75,864.80,898.75,898.75,882.40,,898.75,,,1651759,1458471232.65,23258,F1,1,,,,,
2026-08-31,2026-08-31,CM,NSE,STK,4422,INE061A01014,INDIANCARD,EQ,,,,,INDIAN CARD CLOTHING CO.,211.00,214.28,206.07,208.68,207.00,210.29,,208.62,,,1010,212631.31,33,F1,1,,,,,
2026-08-31,2026-08-31,CM,NSE,STK,23789,INE0RRU01016,IEML,SM,,,,,INDIAN EMULSIFIERS LTD,43.70,43.70,42.70,42.70,42.70,43.60,,42.70,,,11500,496475.00,14,F1,500,,,,,
2026-08-31,2026-08-31,CM,NSE,STK,220,INE022Q01020,IEX,EQ,,,,,INDIAN ENERGY EXC LTD,121.80,121.82,119.61,120.50,120.50,121.80,,120.50,,,3053129,367258686.86,32304,F1,1,,,,,
2026-08-31,2026-08-31,CM,NSE,STK,1530,INE323C01030,INDIANHUME,EQ,,,,,INDIAN HUME PIPE CO. LTD.,384.00,386.40,378.00,380.90,378.50,386.55,,380.75,,,14633,5597206.00,1033,F1,1,,,,,
2026-08-31,2026-08-31,CM,NSE,STK,19235,INE919H01018,IMFA,EQ,,,,,INDIAN METALS & FERRO,1362.00,1366.50,1312.30,1317.60,1317.00,1370.70,,1317.66,,,138576,184494675.60,10525,F1,1,,,,,
2026-08-31,2026-08-31,CM,NSE,STK,1624,INE242A01010,IOC,EQ,,,,,INDIAN OIL CORP LTD,136.11,139.13,134.32,139.13,139.13,137.10,,139.12,,,14038943,1917955708.57,67527,F1,1,,,,,
2026-08-31,2026-08-31,CM,NSE,STK,9348,INE565A01014,IOB,EQ,,,,,INDIAN OVERSEAS BANK,32.78,32.78,32.40,32.47,32.44,32.81,,32.47,,,2323365,75471955.56,10676,F1,1,,,,,
2026-08-31,2026-08-31,CM,NSE,STK,25033,INE0DHF01018,IPHL,SM,,,,,INDIAN PHOSPHATE LIMITED,76.90,79.75,72.35,74.35,73.50,76.90,,74.35,,,18000,1345620.00,15,F1,1200,,,,,
2026-08-31,2026-08-31,CM,NSE,STK,13611,INE335Y01020,IRCTC,EQ,,,,,INDIAN RAIL TOUR CORP LTD,484.60,485.40,481.00,481.25,481.50,485.65,,481.25,,,596415,287388856.25,23525,F1,1,,,,,
2026-08-31,2026-08-31,CM,NSE,STK,2029,INE053F01010,IRFC,EQ,,,,,INDIAN RAILWAY FIN CORP L,83.90,84.15,82.90,83.34,83.34,83.90,,83.34,,,8457431,704460476.26,56051,F1,1,,,,,
2026-08-31,2026-08-31,CM,NSE,STK,20261,INE202E01016,IREDA,EQ,,,,,INDIAN RENEWABLE ENERGY,116.83,116.83,114.55,116.50,116.50,117.02,,116.34,,,3402439,392032039.66,23532,F1,1,,,,,
2026-08-31,2026-08-31,CM,NSE,STK,762727,INE586E01020,IWP,EQ,,,,,INDIAN WOOD PRODUCTS CO L,36.00,36.00,33.51,34.89,34.85,34.03,,34.89,,,1015,35449.09,31,F1,1,,,,,
2026-08-31,2026-08-31,CM,NSE,STK,21058,INE0PS301014,INDIFRA,SM,,,,,INDIFRA LIMITED,12.50,12.50,12.25,12.25,12.25,11.95,,12.25,,,4000,49500.00,2,F1,2000,,,,,
2026-08-31,2026-08-31,CM,NSE,STK,2048,INE09VQ01012,INDIGOPNTS,EQ,,,,,INDIGO PAINTS LIMITED,1145.20,1161.50,1138.30,1152.90,1151.00,1151.80,,1152.90,,,43048,49619847.50,7589,F1,1,,,,,
2026-08-31,2026-08-31,CM,NSE,STK,20988,INE219X23014,INDIGRID,IV,,,,,INDIGRID INFRASTRUCT TRST,175.00,176.90,173.75,175.60,176.46,174.19,,175.56,,,715253,125056591.82,12145,F1,1,,,,,
2026-08-31,2026-08-31,CM,NSE,STK,757845,INE06ST01018,INDIQUBE,EQ,,,,,INDIQUBE SPACES LIMITED,192.10,194.50,187.00,191.80,188.20,192.36,,191.80,,,34262,6594287.19,878,F1,1,,,,,
2026-08-31,2026-08-31,CM,NSE,STK,9120,INE760F01028,INDOAMIN,BE,,,,,INDO AMINES LIMITED,122.50,123.30,119.15,120.44,121.00,120.59,,120.50,,,34995,4238225.40,308,F1,1,,,,,
2026-08-31,2026-08-31,CM,NSE,STK,8614,INE803D01021,INDOBORAX,EQ,,,,,INDO BORAX & CHEMICAL LTD,499.95,518.00,487.05,508.45,508.70,495.10,,508.46,,,263866,133844552.90,11147,F1,1,,,,,
2026-08-31,2026-08-31,CM,NSE,STK,11987,INE483B01026,ICIL,EQ,,,,,INDO COUNT INDUSTRIES LTD,437.00,474.65,425.15,469.45,470.90,434.95,,469.44,,,2744850,1253015685.55,57942,F1,1,,,,,
2026-08-31,2026-08-31,CM,NSE,STK,29025,INE622H01018,INDOFARM,EQ,,,,,INDO FARM EQUIPMENT LTD,138.84,138.99,136.01,136.65,136.56,138.85,,136.68,,,84186,11557239.24,1555,F1,1,,,,,
2026-08-31,2026-08-31,CM,NSE,STK,10993,INE156A01020,INDORAMA,EQ,,,,,INDO RAMA SYNTHETICS LTD,65.85,69.00,63.17,65.92,66.10,63.65,,65.92,,,1880656,125122282.63,15855,F1,1,,,,,
2026-08-31,2026-08-31,CM,NSE,STK,13275,INE332H01014,INDOTECH,EQ,,,,,INDO TECH TRANSFORM LTD.,3777.80,3777.80,3650.00,3703.30,3724.00,3757.10,,3703.79,,,11815,43914969.90,2078,F1,1,,,,,
2026-08-31,2026-08-31,CM,NSE,STK,25608,INE337M01021,INDOTHAI,EQ,,,,,INDO THAI SEC LTD,43.88,43.88,43.88,43.88,43.88,46.18,,43.88,,,132627,5819672.76,794,F1,1,,,,,
2026-08-31,2026-08-31,CM,NSE,STK,25503,INE250Z01010,INDOUS,EQ,,,,,INDO US BIOTECH LTD,83.29,83.29,78.35,79.47,79.00,80.91,,79.47,,,2907,231862.60,168,F1,1,,,,,
2026-08-31,2026-08-31,CM,NSE,STK,764301,INE084101034,INDOMIM,EQ,,,,,INDO-MIM LIMITED,868.05,883.00,854.75,875.45,878.80,868.05,,875.42,,,1025680,893336304.55,30427,F1,1,,,,,
2026-08-31,2026-08-31,CM,NSE,STK,6782,INE567A01028,NIPPOBATRY,EQ,,,,,INDO-NATIONAL LIMITED,334.00,334.00,315.15,326.85,325.15,326.35,,326.85,,,2206,715486.45,140,F1,1,,,,,
2026-08-31,2026-08-31,CM,NSE,STK,11677,INE873D01024,INDOCO,EQ,,,,,INDOCO REMEDIES LTD.,248.80,251.40,240.80,243.34,242.20,248.80,,243.34,,,146872,36041069.47,3740,F1,1,,,,,
2026-08-31,2026-08-31,CM,NSE,STK,757801,INE05J901018,IGCL,EQ,,,,,INDOGULF CROPSCIENCES LTD,71.07,72.18,71.00,71.70,71.25,71.84,,71.70,,,77009,5520284.17,758,F1,1,,,,,
2026-08-31,2026-08-31,CM,NSE,STK,764708,INE716F01012,INDOKEM,EQ,,,,,INDOKEM LTD.,639.00,639.00,592.35,606.10,604.00,617.85,,607.71,,,1374,841339.00,144,F1,1,,,,,
2026-08-31,2026-08-31,CM,NSE,STK,19955,INE866K01023,WAAREEINDO,EQ,,,,,INDOSOLAR LIMITED,271.50,277.75,266.05,268.70,268.00,276.25,,268.72,,,83046,22565418.05,2433,F1,1,,,,,
2026-08-31,2026-08-31,CM,NSE,STK,3088,INE896L01010,INDOSTAR,EQ,,,,,INDOSTAR CAPITAL FIN LTD,258.80,259.00,243.85,249.30,249.55,258.85,,249.29,,,874311,218221180.30,8080,F1,1,,,,,
2026-08-31,2026-08-31,CM,NSE,STK,14952,INE227G01018,INDOWIND,EQ,,,,,INDOWIND ENERGY LTD,9.15,9.39,9.15,9.24,9.25,9.16,,9.23,,,86864,804231.10,359,F1,1,,,,,
2026-08-31,2026-08-31,CM,NSE,STK,11262,INE203G01027,IGL,EQ,,,,,INDRAPRASTHA GAS LTD,149.99,152.39,149.24,150.49,150.90,147.61,,150.50,,,5205064,785271432.65,59431,F1,1,,,,,
2026-08-31,2026-08-31,CM,NSE,STK,4751,INE681B01017,INDRAMEDCO,EQ,,,,,INDRAPRASTHA MEDICAL CORP,366.20,368.65,362.00,363.05,362.50,368.05,,363.06,,,166493,60753726.60,4947,F1,1,,,,,
2026-08-31,2026-08-31,CM,NSE,STK,23036,INE0NHL23019,INDUSINVIT,IV,,,,,INDUS INFRA TRUST,134.45,134.45,132.62,133.47,133.50,133.90,,133.48,,,158770,21210347.61,4052,F1,1,,,,,
2026-08-31,2026-08-31,CM,NSE,STK,29135,INE121J01017,INDUSTOWER,EQ,,,,,INDUS TOWERS LIMITED,380.00,388.80,379.00,388.80,388.80,380.00,,388.80,,,5410734,2075570209.30,47754,F1,1,,,,,
2026-08-31,2026-08-31,CM,NSE,STK,5258,INE095A01012,INDUSINDBK,EQ,,,,,INDUSIND BANK LIMITED,992.00,1016.60,980.30,1016.60,1016.60,994.00,,1016.60,,,1476566,1474708160.50,28351,F1,1,,,,,
2026-08-31,2026-08-31,CM,NSE,STK,762717,INE620D01011,INDPRUD,EQ,,,,,INDUSTRIAL & PRU INV CO L,6302.00,6397.00,6215.50,6392.00,6389.50,6302.50,,6392.00,,,54,343121.00,19,F1,1,,,,,
2026-08-31,2026-08-31,CM,NSE,STK,19525,INE886A01014,IITL,EQ,,,,,INDUSTRIAL INV TRUST LTD,156.50,160.01,152.79,157.70,155.00,156.53,,157.70,,,103135,16014830.59,971,F1,1,,,,,
2026-08-31,2026-08-31,CM,NSE,STK,15036,INE0MRE01011,INFINIUM,SM,,,,,INFINIUM PHARMACHEM LTD,271.00,275.00,263.00,263.00,263.00,271.20,,263.00,,,5000,1359700.00,10,F1,500,,,,,
2026-08-31,2026-08-31,CM,NSE,STK,757602,INE0MYZ01012,INFLUX,SM,,,,,INFLUX HEALTHTECH LIMITED,303.00,303.00,291.80,293.35,292.65,302.75,,293.35,,,52200,15394380.00,61,F1,600,,,,,
2026-08-31,2026-08-31,CM,NSE,STK,13751,INE663F01032,NAUKRI,EQ,,,,,INFO EDGE (I) LTD,1354.00,1358.00,1313.00,1313.00,1313.00,1354.00,,1313.00,,,2345418,3106887225.80,42121,F1,1,,,,,
2026-08-31,2026-08-31,CM,NSE,STK,11027,INE344S01016,INFOBEAN,EQ,,,,,INFOBEANS TECHNO. LTD.,176.39,176.39,158.00,161.47,161.70,165.67,,161.47,,,1937855,324096190.03,21104,F1,1,,,,,
2026-08-31,2026-08-31,CM,NSE,STK,16588,INE0NNZ01013,INFOLLION,SM,,,,,INFOLLION RESEARCH SER L,156.00,157.00,156.00,157.00,157.00,156.00,,157.00,,,1200,188000.00,3,F1,400,,,,,
2026-08-31,2026-08-31,CM,NSE,STK,13693,INE669A01022,INFOMEDIA,EQ,,,,,INFOMEDIA PRESS LIMITED,5.19,5.46,5.12,5.21,5.25,5.33,,5.21,,,2914,15136.55,57,F1,1,,,,,
2026-08-31,2026-08-31,CM,NSE,STK,1594,INE009A01021,INFY,EQ,,,,,INFOSYS LIMITED,1138.60,1143.90,1111.10,1133.80,1133.80,1144.00,,1133.80,,,8808120,9909313175.80,118949,F1,1,,,,,
2026-08-31,2026-08-31,CM,NSE,STK,1597,INE177A01018,INGERRAND,EQ,,,,,INGERSOLL-RAND INDIA LTD,4871.10,4934.90,4787.30,4848.50,4850.00,4860.20,,4848.02,,,54154,262795679.00,11949,F1,1,,,,,
2026-08-31,2026-08-31,CM,NSE,STK,25323,INE0S1D01010,INNOMET,ST,,,,,INNOMET ADVANCED MATERI L,261.00,261.05,261.00,261.05,261.05,255.95,,261.05,,,18000,4698780.00,15,F1,600,,,,,
2026-08-31,2026-08-31,CM,NSE,STK,21062,INE0DUT01020,INNOVACAP,EQ,,,,,INNOVA CAPTAB LIMITED,1057.00,1100.00,1057.00,1078.10,1080.00,1055.10,,1078.10,,,105170,113994595.70,13749,F1,1,,,,,
2026-08-31,2026-08-31,CM,NSE,STK,27754,INE403Y01018,INNOVANA,EQ,,,,,INNOVANA THINKLABS LTD,320.00,320.00,302.10,304.35,308.95,306.75,,304.35,,,2326,714424.25,143,F1,1,,,,,
2026-08-31,2026-08-31,CM,NSE,STK,761528,INE0ADB01012,INNOVISION,EQ,,,,,INNOVISION LIMITED,296.70,296.70,257.00,274.25,272.10,247.25,,274.12,,,344387,97508098.90,8779,F1,1,,,,,
2026-08-31,2026-08-31,CM,NSE,STK,12188,INE510W01014,INOXGREEN,EQ,,,,,INOX GREEN ENERGY SER LTD,174.00,174.00,164.76,166.87,166.72,174.26,,166.87,,,819416,138758862.47,7830,F1,1,,,,,
2026-08-31,2026-08-31,CM,NSE,STK,20607,INE616N01034,INOXINDIA,EQ,,,,,INOX INDIA LIMITED,2139.10,2165.20,2082.00,2134.20,2149.00,2126.20,,2134.35,,,325080,692317440.40,32483,F1,1,,,,,
2026-08-31,2026-08-31,CM,NSE,STK,7852,INE066P01011,INOXWIND,EQ,,,,,INOX WIND LIMITED,71.70,71.70,69.60,70.37,70.37,71.79,,70.37,,,12489778,875296339.50,52954,F1,1,,,,,
2026-08-31,2026-08-31,CM,NSE,STK,14657,INE070I01018,INSECTICID,EQ,,,,,INSECTICIDES (I) LTD,600.00,615.00,589.05,610.85,610.00,598.50,,610.86,,,53856,32622492.30,3505,F1,1,,,,,
2026-08-31,2026-08-31,CM,NSE,STK,761099,INE0LGX01024,INA,EQ,,,,,INSOLATION ENERGY LIMITED,92.58,93.20,90.70,91.58,91.50,92.58,,91.57,,,293357,26979058.55,3714,F1,1,,,,,
2026-08-31,2026-08-31,CM,NSE,STK,13730,INE020G01017,INSPIRISYS,EQ,,,,,INSPIRISYS SOLUTIONS LTD,95.98,95.98,88.14,89.04,90.85,92.77,,89.15,,,8761,785807.23,253,F1,1,,,,,
2026-08-31,2026-08-31,CM,NSE,STK,30323,INE418N01035,ESSENTIA,EQ,,,,,INTEGRA ESSENTIA LIMITED,1.10,1.13,1.03,1.03,1.04,1.08,,1.03,,,10180112,10713646.05,1743,F1,1,,,,,
2026-08-31,2026-08-31,CM,NSE,STK,757905,INE0YSH01017,INTEGRITY,ST,,,,,INTEGRITY INFRABUILD DE L,172.00,175.00,172.00,175.00,175.00,167.70,,175.00,,,3600,626400.00,3,F1,1200,,,,,
2026-08-31,2026-08-31,CM,NSE,STK,5926,INE306R01017,INTELLECT,EQ,,,,,INTELLECT DESIGN ARENA,684.65,687.45,673.55,680.95,680.00,679.70,,680.92,,,352523,239418067.75,19714,F1,1,,,,,
2026-08-31,2026-08-31,CM,NSE,STK,20071,INE781A01025,INTENTECH,EQ,,,,,INTENSE TECHNOLOGIES LTD,84.85,84.85,78.11,81.88,81.99,83.62,,81.88,,,16191,1310016.25,450,F1,1,,,,,
2026-08-31,2026-08-31,CM,NSE,STK,24909,INE00M901018,INTERARCH,EQ,,,,,INTERARCH BLDNG SOLTN LTD,1709.90,1720.00,1691.00,1704.50,1700.00,1701.40,,1704.43,,,60639,103415872.40,5749,F1,1,,,,,
2026-08-31,2026-08-31,CM,NSE,STK,11195,INE646L01027,INDIGO,EQ,,,,,INTERGLOBE AVIATION LTD,5130.00,5234.00,5056.50,5234.00,5234.00,5166.00,,5232.65,,,559798,2872730827.00,38833,F1,1,,,,,
2026-08-31,2026-08-31,CM,NSE,STK,5606,INE575C01027,INTLCONV,EQ,,,,,INTL CONVEYORS LIMITED,80.31,81.90,78.40,79.48,81.40,80.31,,79.48,,,109955,8741121.94,1968,F1,1,,,,,
2026-08-31,2026-08-31,CM,NSE,STK,28378,INE0Q9301021,IGIL,EQ,,,,,INTL GEMOLOGICAL INST LTD,339.95,347.40,333.05,340.95,340.50,338.95,,340.96,,,386651,130944739.50,17652,F1,1,,,,,
2026-08-31,2026-08-31,CM,NSE,STK,18479,INE566K01011,ISFT,EQ,,,,,INTRASOFT TECH. LTD,94.00,97.44,93.05,94.39,93.10,94.11,,94.35,,,124345,11823151.75,791,F1,1,,,,,
2026-08-31,2026-08-31,CM,NSE,STK,24870,INE878H01024,INVENTURE,EQ,,,,,INVENTURE GRO & SEC LTD,0.97,0.97,0.95,0.95,0.96,0.96,,0.95,,,525311,501108.76,358,F1,1,,,,,
2026-08-31,2026-08-31,CM,NSE,STK,28125,INE115Q01022,IKS,EQ,,,,,INVENTURUS KNOWLEDGE SO L,1755.10,1779.30,1715.50,1734.30,1734.10,1762.00,,1734.33,,,285121,495895918.30,27028,F1,1,,,,,
2026-08-31,2026-08-31,CM,NSE,STK,18292,INF205KA1BP1,IVZINGOLD,EQ,,,,,INVESCO INDIA GOLD ETF,135.50,135.50,132.55,133.90,134.00,138.10,,133.90,,,69973,9359825.60,544,F1,1,,,,,
2026-08-31,2026-08-31,CM,NSE,STK,24217,INF205KA1CC7,IVZINNIFTY,EQ,,,,,INVESCO INDIA NIFTY ETF,276.49,276.85,275.50,275.50,275.50,276.86,,275.50,,,777,214290.19,31,F1,1,,,,,
2026-08-31,2026-08-31,CM,NSE,STK,762725,INE155E01016,INVPRECQ,BE,,,,,INVESTMENT & PREC CAST L,1287.00,1288.00,1281.00,1285.00,1285.00,1290.00,,1298.00,,,2949,3794166.00,52,F1,1,,,,,
2026-08-31,2026-08-31,CM,NSE,STK,760139,INE0XJ501010,INVICTA,SM,,,,,INVICTA DIAGNOSTIC LTD,68.10,72.50,68.10,68.55,68.55,70.00,,68.55,,,11200,778640.00,7,F1,1600,,,,,
2026-08-31,2026-08-31,CM,NSE,STK,20413,INE485C01029,IOLCP,EQ,,,,,IOL CHEM AND PHARMA LTD,194.91,197.99,191.16,193.69,194.00,194.95,,193.69,,,2853525,553706032.28,29514,F1,1,,,,,
2026-08-31,2026-08-31,CM,NSE,STK,1630,INE570A01022,IONEXCHANG,EQ,,,,,ION EXCHANGE (INDIA) LTD,371.15,371.40,362.75,363.85,363.60,371.45,,363.87,,,120992,44241897.75,6163,F1,1,,,,,
2026-08-31,2026-08-31,CM,NSE,STK,764713,INE558A01019,IPRINGLTD,EQ,,,,,IP RINGS LTD.,145.72,159.01,141.00,156.78,159.00,145.00,,156.60,,,16074,2379856.97,170,F1,1,,,,,
2026-08-31,2026-08-31,CM,NSE,STK,1633,INE571A01038,IPCALAB,EQ,,,,,IPCA LABORATORIES LTD,1962.20,1987.50,1943.60,1974.90,1972.00,1950.30,,1974.91,,,357067,704785541.00,21498,F1,1,,,,,
2026-08-31,2026-08-31,CM,NSE,STK,15313,INE821I01022,IRB,EQ,,,,,IRB INFRA DEV LTD.,19.00,19.79,18.83,19.36,19.35,19.07,,19.36,,,39531560,766684745.08,57256,F1,1,,,,,
2026-08-31,2026-08-31,CM,NSE,STK,20817,INE183W23014,IRBINVIT,IV,,,,,IRB INVIT FUND,64.60,65.00,63.91,64.85,64.70,64.19,,64.85,,,1160671,75037654.15,6950,F1,1,,,,,
2026-08-31,2026-08-31,CM,NSE,STK,4986,INE962Y01021,IRCON,EQ,,,,,IRCON INTERNATIONAL LTD,122.21,122.35,118.90,119.37,119.45,122.40,,119.38,,,1491825,179446457.43,23840,F1,1,,,,,
2026-08-31,2026-08-31,CM,NSE,STK,1391,INE202E07138,880IREDA29,N5,,,,,IREDA 8.80NCDTR I SR II B,1117.00,1117.50,1114.00,1114.00,1114.00,1118.00,,1113.56,,,116,129346.65,7,F1,1,,,,,
2026-08-31,2026-08-31,CM,NSE,STK,1393,INE202E07153,880IREDA34,N6,,,,,IREDA 8.80NCDTR I SR IIIB,1279.00,1279.00,1279.00,1279.00,1279.00,1279.00,,1279.00,,,5,6395.00,1,F1,1,,,,,
2026-08-31,2026-08-31,CM,NSE,STK,2275,INE01GN01025,IRISDOREME,EQ,,,,,IRIS CLOTHINGS LIMITED,58.83,59.19,57.75,58.48,58.00,58.70,,58.48,,,378733,22151316.84,3045,F1,1,,,,,
2026-08-31,2026-08-31,CM,NSE,STK,6489,INE864K01010,IRIS,EQ,,,,,IRIS REGTECH SOLUTION LTD,250.80,253.11,245.00,248.97,247.12,250.72,,248.98,,,44482,11059335.06,1142,F1,1,,,,,
2026-08-31,2026-08-31,CM,NSE,STK,19597,INE07U701015,IRMENERGY,EQ,,,,,IRM ENERGY LIMITED,283.35,294.35,278.60,284.80,285.10,283.35,,284.80,,,114488,32701723.00,3890,F1,1,,,,,
2026-08-31,2026-08-31,CM,NSE,STK,761208,INE413U07442,925ISF28,N0,,,,,ISF 9.25% 2028,9627.57,9900.00,9627.57,9900.00,9900.00,9824.05,,9900.00,,,14,135330.84,3,F1,1,,,,,
2026-08-31,2026-08-31,CM,NSE,STK,760991,INE413U07467,925ISF29,N0,,,,,ISF 9.25% 2029 SR B,9824.99,9824.99,9824.99,9824.99,9824.99,9850.95,,9824.99,,,6,58949.94,1,F1,1,,,,,
2026-08-31,2026-08-31,CM,NSE,STK,759100,INE413U07434,965ISF28,N0,,,,,ISF 9.65% 2028,99000.00,99000.00,99000.00,99000.00,99000.00,100000.00,,99000.00,,,2,198000.00,2,F1,1,,,,,
2026-08-31,2026-08-31,CM,NSE,STK,757890,INE413U07418,975ISF28,N0,,,,,ISF 9.75% NCD 2028,99599.00,99599.00,99599.00,99599.00,99599.00,99050.56,,99599.00,,,2,199198.00,2,F1,1,,,,,
2026-08-31,2026-08-31,CM,NSE,STK,3329,INE858B01029,ISGEC,EQ,,,,,ISGEC HEAVY ENG LTD,796.00,799.00,773.10,790.65,798.90,789.05,,790.66,,,69348,54519563.15,5361,F1,1,,,,,
2026-08-31,2026-08-31,CM,NSE,STK,30249,INE561M01018,ISHANCH,EQ,,,,,ISHAN DYES N CHEMICALS L,45.18,45.90,42.71,43.62,44.40,44.82,,43.62,,,60302,2638844.98,757,F1,1,,,,,
2026-08-31,2026-08-31,CM,NSE,STK,10995,INE0LCW01025,ISHAN,SM,,,,,ISHAN INTERNATIONAL LTD,0.60,0.60,0.50,0.50,0.50,0.55,,0.50,,,1056000,578400.00,19,F1,48000,,,,,
2026-08-31,2026-08-31,CM,NSE,STK,22645,INE0R7R01018,ITALIANE,SM,,,,,ITALIAN EDIBLES LIMITED,33.80,35.70,33.80,34.10,34.00,34.85,,34.10,,,14000,482900.00,7,F1,2000,,,,,
2026-08-31,2026-08-31,CM,NSE,STK,29251,INE379A01028,ITCHOTELS,EQ,,,,,ITC HOTELS LIMITED,162.73,163.18,158.71,160.09,159.93,162.73,,160.09,,,2138675,344364936.69,27908,F1,1,,,,,
2026-08-31,2026-08-31,CM,NSE,STK,1660,INE154A01025,ITC,EQ,,,,,ITC LTD,266.00,266.55,255.50,255.50,255.50,266.00,,255.51,,,24575845,6446360784.65,203971,F1,1,,,,,
2026-08-31,2026-08-31,CM,NSE,STK,1675,INE248A01017,ITI,EQ,,,,,ITI LTD,274.00,275.30,270.15,270.95,270.15,275.50,,270.96,,,143544,39023156.50,4639,F1,1,,,,,
2026-08-31,2026-08-31,CM,NSE,STK,764723,INE478D01014,ITL,EQ,,,,,ITL INDUSTRIES LTD.,376.00,376.00,351.10,372.60,374.95,368.40,,372.60,,,2353,871685.75,103,F1,1,,,,,
2026-08-31,2026-08-31,CM,NSE,STK,759041,INE056801025,IVALUE,EQ,,,,,IVALUE INFOSOLUTIONS LTD,264.95,267.40,245.20,247.70,247.45,264.65,,247.73,,,240038,60663256.90,5941,F1,1,,,,,
2026-08-31,2026-08-31,CM,NSE,STK,8857,INE043C01018,IVP,BE,,,,,IVP LIMITED,191.25,200.93,191.25,200.93,200.93,191.37,,201.05,,,55043,10900031.89,416,F1,1,,,,,
2026-08-31,2026-08-31,CM,NSE,STK,757644,INE1AII01014,IWARE,ST,,,,,IWARE SUPPLYCHAIN SER LTD,418.55,431.00,414.35,429.10,427.60,430.55,,429.10,,,10800,4574010.00,16,F1,600,,,,,
2026-08-31,2026-08-31,CM,NSE,STK,14174,INE848A01014,IZMO,EQ,,,,,IZMO LIMITED,848.45,848.45,830.00,833.00,830.00,848.45,,833.04,,,46858,39207755.35,4002,F1,1,,,,,
2026-08-31,2026-08-31,CM,NSE,STK,5633,INE168A01041,J&KBANK,EQ,,,,,J & K BANK LTD.,149.00,149.85,146.25,147.68,148.00,150.01,,147.68,,,2266184,335219702.29,31568,F1,1,,,,,
2026-08-31,2026-08-31,CM,NSE,STK,23056,INE0MB501011,JGCHEM,EQ,,,,,J.G.CHEMICALS LIMITED,651.30,664.80,630.00,633.30,630.20,651.30,,633.30,,,550496,355504694.80,18004,F1,1,,,,,
2026-08-31,2026-08-31,CM,NSE,STK,13211,INE199G01027,JAGRAN,EQ,,,,,JAGRAN PRAKASHAN LIMITED,61.73,61.80,60.90,61.08,61.05,61.30,,61.08,,,280785,17178802.81,31535,F1,1,,,,,
2026-08-31,2026-08-31,CM,NSE,STK,4410,INE048B01035,JAGSNPHARM,EQ,,,,,JAGSONPAL PHARMACEUTICALS,239.90,247.90,235.86,240.84,241.35,239.06,,240.84,,,235599,57071579.44,7039,F1,1,,,,,
2026-08-31,2026-08-31,CM,NSE,STK,11256,INE091G01026,JAIBALAJI,EQ,,,,,JAI BALAJI INDUSTRIES LTD,71.40,72.69,68.75,72.16,71.90,69.23,,72.16,,,4088355,295300478.38,9301,F1,1,,,,,
2026-08-31,2026-08-31,CM,NSE,STK,5143,INE070D01027,JAICORPLTD,EQ,,,,,JAI CORP LIMITED,100.32,100.32,97.47,98.62,99.00,100.32,,98.62,,,307790,30299854.00,4006,F1,1,,,,,
2026-08-31,2026-08-31,CM,NSE,STK,25684,IN9175A01010,JISLDVREQS,EQ,,,,,JAIN DVR EQUITY SHARES,21.22,21.22,20.51,20.54,20.64,21.22,,20.54,,,7696,159063.05,85,F1,1,,,,,
2026-08-31,2026-08-31,CM,NSE,STK,10397,INE175A01038,JISLJALEQS,EQ,,,,,JAIN IRRIGATION SYSTEMS,28.50,28.59,28.02,28.28,28.30,28.70,,28.28,,,1284920,36376648.26,4039,F1,1,,,,,
2026-08-31,2026-08-31,CM,NSE,STK,759244,INE0YD401026,JAINREC,EQ,,,,,JAIN RESOURCE RECYCLING L,287.95,288.80,275.95,276.80,276.30,287.95,,276.81,,,1224859,342322478.60,27827,F1,1,,,,,
2026-08-31,2026-08-31,CM,NSE,STK,11763,INE351F01018,JPPOWER,EQ,,,,,JAIPRAKASH POWER VEN. LTD,16.80,16.87,16.40,16.45,16.45,16.82,,16.45,,,52936878,877241630.84,40099,F1,1,,,,,
2026-08-31,2026-08-31,CM,NSE,STK,20778,INE039C01032,JAMNAAUTO,EQ,,,,,JAMNA AUTO IND LTD,120.50,121.98,119.60,121.40,121.90,120.80,,121.40,,,1049835,126815771.38,13803,F1,1,,,,,
2026-08-31,2026-08-31,CM,NSE,STK,22663,INE953L01027,JSFB,EQ,,,,,JANA SMALL FIN BANK LTD,541.50,549.00,529.80,537.50,538.00,541.00,,537.49,,,517584,278798665.30,14178,F1,1,,,,,
2026-08-31,2026-08-31,CM,NSE,STK,759951,INE00YJ01010,JARO,EQ,,,,,JARO INS OF TEC MG N RE L,472.35,472.90,458.50,459.55,458.50,470.05,,459.58,,,124160,57234974.70,2336,F1,1,,,,,
2026-08-31,2026-08-31,CM,NSE,STK,13982,INE039O01029,JASH,EQ,,,,,JASH ENGINEERING LIMITED,473.40,476.45,464.00,465.55,471.00,478.30,,465.55,,,114015,53487484.70,5992,F1,1,,,,,
2026-08-31,2026-08-31,CM,NSE,STK,25037,INE0SMY01017,JAYBEE,SM,,,,,JAY BEE LAMINATIONS LTD,85.95,90.00,85.95,88.45,89.00,85.45,,88.45,,,36000,3160200.00,58,F1,500,,,,,
2026-08-31,2026-08-31,CM,NSE,STK,1708,INE571B01036,JAYBARMARU,EQ,,,,,JAY BHARAT MARUTI LTD,127.00,127.65,123.30,124.85,125.48,128.35,,124.86,,,225464,28169202.28,2688,F1,1,,,,,
2026-08-31,2026-08-31,CM,NSE,STK,10889,INE0J6801010,KORE,SM,,,,,JAY JALARAM TECHNO LTD,111.90,118.80,111.90,118.80,118.80,108.00,,118.80,,,10500,1239487.50,29,F1,250,,,,,
2026-08-31,2026-08-31,CM,NSE,STK,4041,INE785A01026,JAYAGROGN,EQ,,,,,JAYANT AGRO ORGANICS LTD,220.50,235.00,220.02,232.93,233.00,223.14,,232.52,,,18470,4223707.76,590,F1,1,,,,,
2026-08-31,2026-08-31,CM,NSE,STK,2331,INE854B01010,JAYNECOIND,EQ,,,,,JAYASWAL NECO INDUSTR LTD,98.80,99.12,96.42,98.41,98.75,99.10,,98.41,,,2575057,251551262.92,18110,F1,1,,,,,
2026-08-31,2026-08-31,CM,NSE,STK,759159,INE1AE401014,JAYESH,SM,,,,,JAYESH LOGISTICS LIMITED,144.00,144.00,134.50,135.00,134.50,142.35,,135.00,,,12000,1665050.00,12,F1,1000,,,,,
2026-08-31,2026-08-31,CM,NSE,STK,760073,INE903A01025,JAYKAY,EQ,,,,,JAYKAY ENTERPRISES LTD,153.53,154.70,148.05,149.57,150.00,154.11,,149.55,,,266234,39909979.26,4409,F1,1,,,,,
2026-08-31,2026-08-31,CM,NSE,STK,1720,INE364A01020,JAYSREETEA,EQ,,,,,JAYSHREE TEA & INDUSTRIES,99.01,99.99,95.05,96.29,96.00,98.84,,96.31,,,132744,12851673.85,1643,F1,1,,,,,
2026-08-31,2026-08-31,CM,NSE,STK,11655,INE927D01051,JBMA,EQ,,,,,JBM AUTO LIMITED,639.95,639.95,620.00,624.10,623.05,641.55,,624.10,,,323494,202337623.80,15811,F1,1,,,,,
2026-08-31,2026-08-31,CM,NSE,STK,758115,INE0J5801029,JSLL,EQ,,,,,JEENA SIKHO LIFECARE LTD,510.05,529.90,506.15,511.05,511.35,512.50,,511.04,,,595768,308046848.05,16964,F1,1,,,,,
2026-08-31,2026-08-31,CM,NSE,STK,764728,INE354A01013,JENBURPH,EQ,,,,,JENBURKT PHARMACEUTICAL L,1053.20,1064.00,1026.10,1051.20,1051.20,1048.00,,1050.75,,,676,709203.20,34,F1,1,,,,,
2026-08-31,2026-08-31,CM,NSE,STK,7211,INE982V01025,JETFREIGHT,EQ,,,,,JET FREIGHT LOGISTICS LTD,22.31,22.78,21.86,21.94,21.97,22.39,,21.95,,,156445,3464259.91,1587,F1,1,,,,,
2026-08-31,2026-08-31,CM,NSE,STK,25150,INE0RXB01022,JEYYAM,ST,,,,,JEYYAM GLOBAL FOODS LTD,22.70,23.60,22.70,23.25,23.25,22.80,,23.25,,,18000,416700.00,9,F1,2000,,,,,
2026-08-31,2026-08-31,CM,NSE,STK,10885,INE0LA901015,JFLLIFE,SM,,,,,JFL LIFE SCIENCES LIMITED,10.65,10.65,10.65,10.65,10.65,10.75,,10.65,,,6000,63900.00,1,F1,6000,,,,,
2026-08-31,2026-08-31,CM,NSE,STK,13720,INE544H01014,JHS,EQ,,,,,JHS SVEND. LAB. LTD,8.29,8.50,8.00,8.06,8.06,8.29,,8.06,,,81083,659404.47,511,F1,1,,,,,
2026-08-31,2026-08-31,CM,NSE,STK,24145,INE03DD01011,RETAIL,EQ,,,,,JHS SVENDGAARD RETAIL V L,17.64,17.82,16.70,17.69,17.50,17.64,,17.69,,,4928,85225.90,75,F1,1,,,,,
2026-08-31,2026-08-31,CM,NSE,STK,31507,INE147P01019,JPOLYINVST,EQ,,,,,JIND POL INV & FIN CO LTD,1026.00,1030.00,980.00,990.40,983.60,1025.00,,990.40,,,5196,5204211.90,797,F1,1,,,,,
2026-08-31,2026-08-31,CM,NSE,STK,13875,INE742C01031,JINDRILL,EQ,,,,,JINDAL DRILLING IND. LTD,630.00,637.85,616.00,620.40,620.00,628.20,,620.42,,,139375,87335325.15,6796,F1,1,,,,,
2026-08-31,2026-08-31,CM,NSE,STK,11743,INE796G01012,JINDALPHOT,EQ,,,,,JINDAL PHOTO LIMITED,1026.60,1049.20,1015.00,1017.10,1015.50,1026.60,,1016.40,,,856,879326.50,136,F1,1,,,,,
2026-08-31,2026-08-31,CM,NSE,STK,1756,INE197D01010,JINDALPOLY,EQ,,,,,JINDAL POLY FILMS LIMITED,642.85,645.45,629.00,631.35,633.85,635.85,,631.38,,,8853,5611771.20,746,F1,1,,,,,
2026-08-31,2026-08-31,CM,NSE,STK,3024,INE324A01032,JINDALSAW,EQ,,,,,JINDAL SAW LIMITED,311.00,314.80,301.25,309.65,309.65,308.60,,309.65,,,2370636,731157909.20,34291,F1,1,,,,,
2026-08-31,2026-08-31,CM,NSE,STK,11236,INE220G01021,JSL,EQ,,,,,JINDAL STAINLESS LIMITED,705.15,714.80,696.05,702.15,699.90,705.15,,702.16,,,994727,699414628.85,49887,F1,1,,,,,
2026-08-31,2026-08-31,CM,NSE,STK,6733,INE749A01030,JINDALSTEL,EQ,,,,,JINDAL STEEL LIMITED,1174.10,1192.90,1150.90,1192.90,1192.90,1179.20,,1192.90,,,781759,916749202.60,20120,F1,1,,,,,
2026-08-31,2026-08-31,CM,NSE,STK,20642,INE247D01039,JINDWORLD,EQ,,,,,JINDAL WORLDWIDE LTD,38.30,39.64,38.10,38.31,38.50,37.86,,38.31,,,6010851,233786685.49,16251,F1,1,,,,,
2026-08-31,2026-08-31,CM,NSE,STK,759205,INE1FF001016,JKIPL,EQ,,,,,JINKUSHAL INDUSTRIES LTD,104.92,107.83,102.83,106.17,106.00,104.92,,106.17,,,175236,18572846.66,743,F1,1,,,,,
2026-08-31,2026-08-31,CM,NSE,STK,18143,INE758E01017,JIOFIN,EQ,,,,,JIO FIN SERVICES LTD,238.00,241.35,235.50,241.35,241.35,238.40,,241.35,,,22007832,5271943201.65,80053,F1,1,,,,,
2026-08-31,2026-08-31,CM,NSE,STK,765307,INF22M001184,NIFTYJBLK,EQ,,,,,JIOBLACKROCKAMC-NIFTYJBLK,12.67,12.67,12.05,12.23,12.30,12.39,,12.25,,,146129,1802305.02,993,F1,1,,,,,
2026-08-31,2026-08-31,CM,NSE,STK,19691,INE863T01013,JITFINFRA,EQ,,,,,JITF INFRALOGISTICS LTD,310.50,316.95,306.15,311.35,308.00,318.10,,311.34,,,13704,4273920.70,463,F1,1,,,,,
2026-08-31,2026-08-31,CM,NSE,STK,18558,INE0N5H01017,JIWANRAM,SM,,,,,JIWANRAM SHEODUTTRA IND L,4.65,4.65,4.50,4.50,4.50,4.65,,4.50,,,42000,192600.00,7,F1,6000,,,,,
2026-08-31,2026-08-31,CM,NSE,STK,13270,INE823G01014,JKCEMENT,EQ,,,,,JK CEMENT LIMITED,5141.00,5155.00,5070.00,5133.00,5148.00,5168.50,,5133.01,,,44810,228547139.50,11781,F1,1,,,,,
2026-08-31,2026-08-31,CM,NSE,STK,13491,INE786A01032,JKLAKSHMI,EQ,,,,,JK LAKSHMI CEMENT LTD,539.00,542.10,527.35,530.90,530.00,540.85,,530.91,,,175521,93677340.00,13875,F1,1,,,,,
2026-08-31,2026-08-31,CM,NSE,STK,11860,INE789E01012,JKPAPER,EQ,,,,,JK PAPER LIMITED,391.90,399.00,388.65,396.25,396.35,391.55,,396.25,,,270778,107081298.80,7891,F1,1,,,,,
2026-08-31,2026-08-31,CM,NSE,STK,14435,INE573A01042,JKTYRE,EQ,,,,,JK TYRE & INDUSTRIES LTD,376.50,381.90,372.05,378.85,378.00,380.25,,378.85,,,459606,173089774.30,13078,F1,1,,,,,
2026-08-31,2026-08-31,CM,NSE,STK,15266,INE576I01022,JKIL,EQ,,,,,JKUMAR INFR.LTD.,502.50,504.75,488.10,490.15,489.00,500.25,,490.15,,,84545,41576434.95,1604,F1,1,,,,,
2026-08-31,2026-08-31,CM,NSE,STK,13637,INE780C01023,JMFINANCIL,EQ,,,,,JM FINANCIAL LIMITED,128.50,129.42,126.14,127.99,129.00,129.29,,127.99,,,2912872,371323434.66,20644,F1,1,,,,,
2026-08-31,2026-08-31,CM,NSE,STK,23621,INE0OAF01028,JNKINDIA,EQ,,,,,JNK INDIA LIMITED,443.10,450.00,426.00,433.75,429.00,447.65,,433.77,,,85768,37566058.80,2801,F1,1,,,,,
2026-08-31,2026-08-31,CM,NSE,STK,16931,INE839G01010,JOCIL,BE,,,,,JOCIL LIMITED,153.60,153.60,147.50,148.02,148.00,152.50,,148.02,,,3262,488810.64,35,F1,1,,,,,
2026-08-31,2026-08-31,CM,NSE,STK,762623,INE515A01019,COCKERILL,EQ,,,,,JOHN COCKERILL INDIA LTD.,8301.50,8500.00,8116.00,8174.50,8170.00,8123.00,,8174.27,,,11090,91924752.00,3280,F1,1,,,,,
2026-08-31,2026-08-31,CM,NSE,STK,758460,INE718I01012,JSWCEMENT,EQ,,,,,JSW CEMENT LIMITED,125.00,126.82,123.80,126.02,125.50,125.24,,126.02,,,1280096,160765340.85,21471,F1,1,,,,,
2026-08-31,2026-08-31,CM,NSE,STK,1467,INE133A01011,JSWDULUX,EQ,,,,,JSW DULUX LIMITED,3089.20,3185.00,3066.70,3164.50,3169.00,3110.80,,3164.18,,,23185,72807438.00,5031,F1,1,,,,,
2026-08-31,2026-08-31,CM,NSE,STK,17869,INE121E01018,JSWENERGY,EQ,,,,,JSW ENERGY LIMITED,533.65,537.00,520.40,520.40,520.40,535.30,,520.40,,,5957635,3129209982.15,46191,F1,1,,,,,
2026-08-31,2026-08-31,CM,NSE,STK,11880,INE824G01012,JSWHL,EQ,,,,,JSW HOLDINGS LIMITED,11601.00,12210.00,11253.00,12027.00,12210.00,11578.00,,12025.89,,,10505,123754224.00,4058,F1,1,,,,,
2026-08-31,2026-08-31,CM,NSE,STK,19020,INE880J01026,JSWINFRA,EQ,,,,,JSW INFRASTRUCTURE LTD,341.60,341.80,337.00,340.00,340.00,342.95,,340.00,,,782174,265312287.35,16018,F1,1,,,,,
2026-08-31,2026-08-31,CM,NSE,STK,11723,INE019A01038,JSWSTEEL,EQ,,,,,JSW STEEL LIMITED,1323.80,1326.80,1303.30,1307.70,1307.70,1334.90,,1307.70,,,1981744,2598115572.60,31100,F1,1,,,,,
2026-08-31,2026-08-31,CM,NSE,STK,3237,INE643A01035,JTEKTINDIA,EQ,,,,,JTEKT INDIA LIMITED,126.00,126.21,124.25,124.67,124.71,126.38,,124.66,,,140452,17557143.80,1551,F1,1,,,,,
2026-08-31,2026-08-31,CM,NSE,STK,7287,INE391J01032,JTLIND,EQ,,,,,JTL INDUSTRIES LIMITED,90.35,92.19,89.00,89.93,89.33,89.87,,89.94,,,6446492,584206353.18,33642,F1,1,,,,,
2026-08-31,2026-08-31,CM,NSE,STK,29590,INE03CC01015,JUBLCPL,EQ,,,,,JUBILANT AGRI N CON PRO L,2168.20,2344.00,2053.70,2315.40,2302.00,2140.40,,2315.34,,,34830,79179992.50,5062,F1,1,,,,,
2026-08-31,2026-08-31,CM,NSE,STK,18096,INE797F01020,JUBLFOOD,EQ,,,,,JUBILANT FOODWORKS LTD,490.00,496.00,480.00,496.00,496.00,490.45,,495.99,,,1471448,717589558.30,23528,F1,1,,,,,
2026-08-31,2026-08-31,CM,NSE,STK,2783,INE0BY001018,JUBLINGREA,EQ,,,,,JUBILANT INGREVIA LIMITED,679.00,684.85,663.90,674.90,674.35,683.50,,674.89,,,652427,438480036.75,26776,F1,1,,,,,
2026-08-31,2026-08-31,CM,NSE,STK,3637,INE700A01033,JUBLPHARMA,EQ,,,,,JUBILANT PHARMOVA LTD,882.65,891.90,864.70,881.90,887.00,882.65,,881.91,,,231665,203363740.65,15646,F1,1,,,,,
2026-08-31,2026-08-31,CM,NSE,STK,7109,INE412C01023,JMA,EQ,,,,,JULLUNDUR MOT AGENCY LTD,98.80,98.96,91.80,92.67,93.50,95.09,,92.67,,,21086,1979069.63,345,F1,1,,,,,
2026-08-31,2026-08-31,CM,NSE,STK,764408,INE05C901015,JNPR,EQ,,,,,JUNIPER GREEN ENERGY LTD,259.00,266.00,252.50,264.78,263.10,258.23,,264.78,,,1279179,335140191.66,24295,F1,1,,,,,
2026-08-31,2026-08-31,CM,NSE,STK,22824,INE696F01016,JUNIPER,EQ,,,,,JUNIPER HOTELS LIMITED,216.20,218.00,210.81,214.36,214.74,214.59,,214.36,,,276987,59269280.14,11221,F1,1,,,,,
2026-08-31,2026-08-31,CM,NSE,STK,18553,INE682M01020,JLHL,EQ,,,,,JUPITER LIFE LINE HOSP L,301.40,306.00,290.20,295.60,295.30,301.40,,295.60,,,592428,176118485.85,25476,F1,1,,,,,
2026-08-31,2026-08-31,CM,NSE,STK,20224,INE209L01016,JWL,EQ,,,,,JUPITER WAGONS LIMITED,245.15,245.65,240.00,240.55,241.00,245.10,,240.51,,,481503,116451831.70,11816,F1,1,,,,,
2026-08-31,2026-08-31,CM,NSE,STK,29962,INE599M01018,JUSTDIAL,EQ,,,,,JUSTDIAL LTD.,720.00,734.00,692.90,710.20,705.30,704.55,,710.21,,,1918706,1364996027.30,57773,F1,1,,,,,
2026-08-31,2026-08-31,CM,NSE,STK,15146,INE668F01031,JYOTHYLAB,EQ,,,,,JYOTHY LABS LIMITED,206.85,206.85,200.70,203.47,203.60,207.40,,203.47,,,931930,189563657.92,21106,F1,1,,,,,
2026-08-31,2026-08-31,CM,NSE,STK,21334,INE980O01024,JYOTICNC,EQ,,,,,JYOTI CNC AUTOMATION LTD,1037.30,1037.30,991.30,994.95,996.00,1039.40,,994.95,,,1082315,1083936323.15,46419,F1,1,,,,,
2026-08-31,2026-08-31,CM,NSE,STK,764733,INE577D01013,JYOTIRES,EQ,,,,,JYOTI RESINS & ADHESIVE L,883.00,900.00,873.25,878.15,889.80,879.65,,878.51,,,9887,8727840.10,852,F1,1,,,,,
2026-08-31,2026-08-31,CM,NSE,STK,1802,INE197A01024,JYOTISTRUC,EQ,,,,,JYOTI STRUCTURES LTD,10.18,10.19,9.94,10.01,10.06,10.14,,10.01,,,5122475,51311554.70,3975,F1,1,,,,,
2026-08-31,2026-08-31,CM,NSE,STK,764743,INE533C01018,KJMCFIN,EQ,,,,,K J M C FINANCIAL SERV L,66.97,69.65,66.10,66.10,66.10,66.97,,67.63,,,270,18533.01,16,F1,1,,,,,
2026-08-31,2026-08-31,CM,NSE,STK,764748,INE879K01018,KMCSHIL,EQ,,,,,K M C SPECIALITY HOSP I L,140.57,140.57,133.06,135.52,136.95,138.05,,135.56,,,125433,17019121.34,1939,F1,1,,,,,
2026-08-31,2026-08-31,CM,NSE,STK,14667,INE157H01023,KMSUGAR,EQ,,,,,K M SUGAR MILLS LTD,32.50,34.18,32.01,32.49,32.64,32.64,,32.49,,,554748,18427470.99,2484,F1,1,,,,,
2026-08-31,2026-08-31,CM,NSE,STK,27079,INE127T01021,KPEL,EQ,,,,,K.P. ENERGY LIMITED,255.40,255.40,243.85,244.60,245.50,249.45,,244.59,,,166524,41024996.90,3624,F1,1,,,,,
2026-08-31,2026-08-31,CM,NSE,STK,23462,INE0DEZ01013,K2INFRA,ST,,,,,K2 INFRAGEN LIMITED,51.60,51.60,48.60,48.75,48.75,50.25,,48.75,,,15000,746520.00,25,F1,600,,,,,
2026-08-31,2026-08-31,CM,NSE,STK,1805,INE900B01029,KABRAEXTRU,EQ,,,,,KABRA EXTRUSION TECHNIK L,606.80,608.90,585.00,600.30,602.00,603.50,,600.29,,,208624,124879462.90,7987,F1,1,,,,,
2026-08-31,2026-08-31,CM,NSE,STK,29192,INE0XOW01017,KKJEWELS,SM,,,,,KABRA JEWELS LIMITED,97.50,98.75,96.60,96.60,96.60,97.40,,96.60,,,4000,390850.00,4,F1,1000,,,,,
2026-08-31,2026-08-31,CM,NSE,STK,1808,INE217B01036,KAJARIACER,EQ,,,,,KAJARIA CERAMICS LTD,1215.00,1256.80,1194.20,1244.80,1242.00,1215.50,,1244.85,,,541157,671543861.60,20895,F1,1,,,,,
2026-08-31,2026-08-31,CM,NSE,STK,1811,INE437B01014,KAKATCEM,EQ,,,,,KAKATIYA CEM SUGAR &IND L,112.00,116.99,112.00,116.75,116.75,113.78,,116.75,,,2670,309198.66,61,F1,1,,,,,
2026-08-31,2026-08-31,CM,NSE,STK,25443,INE0T0L01014,KALANA,SM,,,,,KALANA ISPAT LIMITED,23.50,23.50,22.40,22.40,22.40,23.50,,22.40,,,8000,184800.00,4,F1,2000,,,,,
2026-08-31,2026-08-31,CM,NSE,STK,758558,INE227J01012,KALPATARU,EQ,,,,,KALPATARU LIMITED,278.00,280.80,275.00,277.60,278.90,276.45,,277.45,,,23452,6500596.10,983,F1,1,,,,,
2026-08-31,2026-08-31,CM,NSE,STK,1814,INE220B01022,KPIL,EQ,,,,,KALPATARU PROJECT INT LTD,1390.00,1418.50,1375.10,1400.90,1400.00,1386.30,,1404.43,,,219589,307802745.90,29947,F1,1,,,,,
2026-08-31,2026-08-31,CM,NSE,STK,2955,INE303R01014,KALYANKJIL,EQ,,,,,KALYAN JEWELLERS IND LTD,615.50,615.90,601.00,601.00,601.00,615.80,,601.05,,,4778980,2914589288.80,47994,F1,1,,,,,
2026-08-31,2026-08-31,CM,NSE,STK,15156,INE314G01014,KALYANIFRG,EQ,,,,,KALYANI FORGE LIMITED,764.00,914.30,741.50,914.30,914.30,761.95,,915.53,,,60208,52595688.00,3278,F1,1,,,,,
2026-08-31,2026-08-31,CM,NSE,STK,21119,INE029L01018,KICL,EQ,,,,,KALYANI INVEST CO LTD,5200.00,5234.00,5152.50,5178.50,5160.00,5180.00,,5178.50,,,260,1348134.50,97,F1,1,,,,,
2026-08-31,2026-08-31,CM,NSE,STK,18889,INE907A01026,KSL,EQ,,,,,KALYANI STEELS LIMITED,888.80,923.80,874.50,909.75,912.90,888.35,,909.79,,,126318,113970816.05,6878,F1,1,,,,,
2026-08-31,2026-08-31,CM,NSE,STK,762732,INE411F01010,KAMAHOLD,EQ,,,,,KAMA HOLDINGS LTD.,2409.80,2409.80,2358.60,2363.20,2359.60,2374.60,,2363.09,,,2399,5690214.00,590,F1,1,,,,,
2026-08-31,2026-08-31,CM,NSE,STK,764738,INE344D01018,KAMANWALA,EQ,,,,,KAMANWALA HOUSING CONST L,17.00,17.00,16.25,17.00,17.00,16.93,,16.66,,,280,4609.71,18,F1,1,,,,,
2026-08-31,2026-08-31,CM,NSE,STK,1826,INE967C01018,KAMATHOTEL,EQ,,,,,KAMAT HOTELS (I) LTD,228.30,228.30,216.70,225.09,226.87,228.30,,225.07,,,115926,25835203.20,3253,F1,1,,,,,
2026-08-31,2026-08-31,CM,NSE,STK,13461,INE390H01020,KAMDHENU,BE,,,,,KAMDHENU LIMITED,36.00,37.40,35.05,36.58,36.80,36.17,,36.55,,,681405,24691990.57,1275,F1,1,,,,,
2026-08-31,2026-08-31,CM,NSE,STK,13814,INE0BTI01037,KAMOPAINTS,EQ,,,,,KAMDHENU VENTURES LIMITED,4.59,4.59,4.40,4.48,4.50,4.50,,4.49,,,269308,1193881.74,571,F1,1,,,,,
2026-08-31,2026-08-31,CM,NSE,STK,25786,INE879E01037,KANANIIND,EQ,,,,,KANANI INDUSTRIES LTD,1.48,1.58,1.47,1.52,1.50,1.52,,1.51,,,308743,465648.62,377,F1,1,,,,,
2026-08-31,2026-08-31,CM,NSE,STK,762737,INE081G01019,KANCHI,EQ,,,,,KANCHI KARPOORAM LTD.,424.00,426.00,412.20,421.10,421.00,422.30,,421.46,,,3220,1357491.05,182,F1,1,,,,,
2026-08-31,2026-08-31,CM,NSE,STK,765090,INE398L01017,KANCOTEA,EQ,,,,,KANCO TEA & INDS. LTD.,56.00,56.00,55.05,55.70,55.70,55.95,,55.70,,,21,1166.20,3,F1,1,,,,,
2026-08-31,2026-08-31,CM,NSE,STK,9805,INE138C01024,KANORICHEM,BE,,,,,KANORIACHEMICALS-,159.99,161.00,152.50,159.08,159.50,159.25,,159.02,,,25870,4034936.53,184,F1,1,,,,,
2026-08-31,2026-08-31,CM,NSE,STK,1782,INE694E01014,KANPRPLA,EQ,,,,,KANPUR PLASTIPACK LIMITED,274.34,274.34,265.61,267.71,266.95,272.32,,267.71,,,13338,3586136.47,440,F1,1,,,,,
2026-08-31,2026-08-31,CM,NSE,STK,1196,INE531A01024,KANSAINER,EQ,,,,,KANSAI NEROLAC PAINTS LTD,197.00,197.79,192.02,192.81,192.60,195.77,,192.81,,,145647,28226972.29,5705,F1,1,,,,,
2026-08-31,2026-08-31,CM,NSE,STK,18967,INE542Z01028,KAPSTON,EQ,,,,,KAPSTON SERVICES LIMITED,564.00,592.00,559.20,586.80,590.00,559.20,,586.80,,,214986,125440170.90,7784,F1,1,,,,,
2026-08-31,2026-08-31,CM,NSE,STK,24385,INE725L01011,KARMAENG,EQ,,,,,KARMA ENERGY LIMITED,40.00,40.00,37.60,37.99,38.00,38.84,,37.99,,,2489,94564.29,60,F1,1,,,,,
2026-08-31,2026-08-31,CM,NSE,STK,8054,INE614B01018,KTKBANK,EQ,,,,,KARNATAKA BANK LIMITED,331.00,342.50,327.50,335.15,336.30,330.35,,335.16,,,4358321,1462227489.70,34440,F1,1,,,,,
2026-08-31,2026-08-31,CM,NSE,STK,19465,INE0MGA01012,KARNIKA,SM,,,,,KARNIKA INDUSTRIES LTD,116.00,116.90,115.00,115.05,115.05,115.05,,115.05,,,30000,3477050.00,23,F1,1000,,,,,
2026-08-31,2026-08-31,CM,NSE,STK,1838,INE036D01028,KARURVYSYA,EQ,,,,,KARUR VYSYA BANK LTD,346.00,351.45,344.50,347.60,348.80,346.00,,347.60,,,1814597,630990024.65,27525,F1,1,,,,,
2026-08-31,2026-08-31,CM,NSE,STK,24528,INE0SVY01018,KATARIA,SM,,,,,KATARIA INDUSTRIES LTD,104.00,105.45,104.00,104.95,104.95,104.50,,104.95,,,5400,565170.00,9,F1,600,,,,,
2026-08-31,2026-08-31,CM,NSE,STK,15140,INE234I01028,KAUSHALYA,BE,,,,,KAUSHALYA INFRA DEV LTD.,868.00,882.00,854.00,857.75,854.00,867.50,,857.75,,,205,178178.00,32,F1,1,,,,,
2026-08-31,2026-08-31,CM,NSE,STK,14972,INE455I01029,KSCL,EQ,,,,,KAVERI SEED CO. LTD.,790.00,790.00,757.00,765.50,767.95,786.80,,765.49,,,187852,144400877.00,3776,F1,1,,,,,
2026-08-31,2026-08-31,CM,NSE,STK,15244,INE641C01019,KAVDEFENCE,EQ,,,,,KAVVERI DFS & WIR TEC LTD,57.00,57.88,55.80,56.20,56.50,57.22,,56.22,,,92104,5219031.58,1625,F1,1,,,,,
2026-08-31,2026-08-31,CM,NSE,STK,21173,INE0RCG01017,KCEIL,SM,,,,,KAY CEE ENERGY & INFRA L,82.95,83.20,81.00,81.60,81.00,81.30,,81.60,,,6500,534875.00,12,F1,500,,,,,
2026-08-31,2026-08-31,CM,NSE,STK,10282,INE587G01015,KAYA,BE,,,,,KAYA LIMITED,325.75,339.00,316.00,337.30,337.65,327.35,,337.30,,,6342,2110156.50,157,F1,1,,,,,
2026-08-31,2026-08-31,CM,NSE,STK,12092,INE918Z01012,KAYNES,EQ,,,,,KAYNES TECHNOLOGY IND LTD,3943.00,3943.00,3645.00,3685.00,3685.00,3943.10,,3684.88,,,2144603,8044403155.40,125569,F1,1,,,,,
2026-08-31,2026-08-31,CM,NSE,STK,758868,INE13ZD01013,KAYTEX,SM,,,,,KAYTEX FABRICS LIMITED,58.50,58.50,55.15,55.40,55.40,57.40,,55.40,,,9600,544320.00,11,F1,800,,,,,
2026-08-31,2026-08-31,CM,NSE,STK,10296,INE0J1E01027,KCK,ST,,,,,KCK INDUSTRIES LTD,15.15,15.15,14.25,15.00,15.00,14.90,,15.00,,,190000,2841375.00,27,F1,2500,,,,,
2026-08-31,2026-08-31,CM,NSE,STK,1841,INE805C01028,KCP,EQ,,,,,KCP LTD,167.60,173.69,166.02,166.91,166.80,168.69,,166.91,,,135296,22855984.91,3110,F1,1,,,,,
2026-08-31,2026-08-31,CM,NSE,STK,8849,INE790B01024,KCPSUGIND,BE,,,,,KCPSUGARINDUS,31.11,33.35,31.11,32.56,32.40,32.12,,32.58,,,153670,4977873.26,469,F1,1,,,,,
2026-08-31,2026-08-31,CM,NSE,STK,14908,INE291D01011,KDDL,EQ,,,,,KDDL LIMITED,3900.40,3992.20,3882.50,3929.60,3932.00,3936.90,,3929.39,,,14881,58599414.10,3956,F1,1,,,,,
2026-08-31,2026-08-31,CM,NSE,STK,13260,INE389H01022,KEC,EQ,,,,,KEC INTL. LIMITED,425.80,425.80,415.00,416.50,416.95,425.80,,416.51,,,715932,299776224.70,23104,F1,1,,,,,
2026-08-31,2026-08-31,CM,NSE,STK,13310,INE878B01027,KEI,EQ,,,,,KEI INDUSTRIES LTD.,5540.00,5740.30,5442.00,5740.30,5740.30,5570.00,,5739.96,,,297706,1649871984.90,30914,F1,1,,,,,
2026-08-31,2026-08-31,CM,NSE,STK,13430,INE164B01030,KELLTONTEC,EQ,,,,,KELLTON TECH SOL LTD,15.00,15.05,14.00,14.07,14.12,15.07,,14.07,,,4180309,59807092.03,7972,F1,1,,,,,
2026-08-31,2026-08-31,CM,NSE,STK,29547,INE15DO01012,KEN,SM,,,,,KEN ENTERPRISES LIMITED,39.30,39.30,39.25,39.25,39.25,39.30,,39.25,,,3600,141420.00,3,F1,1200,,,,,
2026-08-31,2026-08-31,CM,NSE,STK,11841,INE717A01029,KENNAMET,EQ,,,,,KENNAMETAL INDIA LIMITED,4667.90,4673.80,4352.00,4396.10,4374.00,4580.30,,4396.27,,,38870,175529557.40,7813,F1,1,,,,,
2026-08-31,2026-08-31,CM,NSE,STK,13121,INE202H01019,KERNEX,EQ,,,,,KERNEX MICROSYS(I) LTD,1781.10,1805.90,1712.70,1735.90,1729.90,1800.00,,1735.97,,,169404,296878454.30,10646,F1,1,,,,,
2026-08-31,2026-08-31,CM,NSE,STK,4981,INE087A01019,KESORAMIND,BE,,,,,KESORAM INDUSTRIES LTD,11.24,11.24,11.08,11.10,11.10,11.30,,11.06,,,151658,1690460.22,247,F1,1,,,,,
2026-08-31,2026-08-31,CM,NSE,STK,13381,INE401H01017,KKCL,EQ,,,,,KEWAL KIRAN CLOTHING LTD,512.10,517.00,501.00,503.80,505.00,507.05,,503.81,,,17590,8937322.20,1286,F1,1,,,,,
2026-08-31,2026-08-31,CM,NSE,STK,4157,INE681C01015,KEYFINSERV,EQ,,,,,KEYNOTE FIN SERV LTD.,251.65,259.95,251.65,258.50,258.15,254.20,,258.50,,,878,225490.50,24,F1,1,,,,,
2026-08-31,2026-08-31,CM,NSE,STK,12219,INE263M01029,RUSTOMJEE,EQ,,,,,KEYSTONE REALTORS LIMITED,383.15,383.15,375.05,378.95,381.00,380.30,,378.95,,,28391,10742263.20,1231,F1,1,,,,,
2026-08-31,2026-08-31,CM,NSE,STK,13359,INE138Y01010,KFINTECH,EQ,,,,,KFIN TECHNOLOGIES LIMITED,950.05,970.00,931.00,970.00,970.00,949.95,,969.98,,,1020676,962930315.85,25232,F1,1,,,,,
2026-08-31,2026-08-31,CM,NSE,STK,433,INE834I01025,KHADIM,BE,,,,,KHADIM INDIA LIMITED,119.98,119.98,116.16,116.16,116.16,117.63,,116.49,,,24195,2886696.00,121,F1,1,,,,,
2026-08-31,2026-08-31,CM,NSE,STK,3912,INE731C01018,KHAITANLTD,EQ,,,,,KHAITAN (INDIA)LTD.,142.10,143.00,136.41,139.12,140.89,142.10,,139.12,,,4745,667234.76,82,F1,1,,,,,
2026-08-31,2026-08-31,CM,NSE,STK,896,INE745B01028,KHAICHEM,EQ,,,,,KHAITAN CHEM & FERT LTD,55.99,57.00,54.21,55.55,55.60,55.58,,55.55,,,204868,11375692.54,1454,F1,1,,,,,
2026-08-31,2026-08-31,CM,NSE,STK,9641,INE060B01014,KHANDSE,EQ,,,,,KHANDWALA SECURITIES LTD,17.83,17.83,16.31,17.03,17.73,17.05,,17.20,,,1160,19806.63,50,F1,1,,,,,
2026-08-31,2026-08-31,CM,NSE,STK,762747,INE338F01015,KLBRENG-B,EQ,,,,,KILBURN ENGINEERING LTD.,420.10,434.40,417.55,428.55,428.75,421.00,,428.57,,,556586,236964008.15,7805,F1,1,,,,,
2026-08-31,2026-08-31,CM,NSE,STK,19941,INE729D01010,KILITCH,BE,,,,,KILITCH DRUGS INDIA LTD,170.00,177.25,167.50,174.64,175.50,171.77,,174.65,,,27456,4799899.63,256,F1,1,,,,,
2026-08-31,2026-08-31,CM,NSE,STK,18944,INE473D01015,KINGFA,EQ,,,,,KINGFA SCI & TEC IND LTD.,5910.50,6080.00,5855.50,6050.50,6050.00,5947.00,,6049.88,,,9546,57184770.50,2247,F1,1,,,,,
2026-08-31,2026-08-31,CM,NSE,STK,19126,INE880L01014,KIOCL,EQ,,,,,KIOCL LIMITED,384.00,385.00,377.65,381.20,382.45,386.55,,381.20,,,67427,25695019.30,2731,F1,1,,,,,
2026-08-31,2026-08-31,CM,NSE,STK,762742,INE555P01013,KIRANVYPAR,EQ,,,,,KIRAN VYAPAR LTD.,197.10,203.00,194.00,201.69,203.00,198.24,,201.69,,,14004,2799460.74,47,F1,1,,,,,
2026-08-31,2026-08-31,CM,NSE,STK,16639,INE415I01015,KIRIINDUS,EQ,,,,,KIRI INDUSTRIES LIMITED,501.05,536.80,500.00,530.90,534.00,492.90,,530.92,,,3059050,1598652762.30,67214,F1,1,,,,,
2026-08-31,2026-08-31,CM,NSE,STK,18581,INE732A01036,KIRLOSBROS,EQ,,,,,KIRLOSKAR BROTHERS LTD,1917.50,1920.90,1881.00,1900.20,1900.00,1914.70,,1900.20,,,27515,52280897.60,3350,F1,1,,,,,
2026-08-31,2026-08-31,CM,NSE,STK,18220,INE134B01017,KECL,EQ,,,,,KIRLOSKAR ELECTRIC CO LTD,135.13,137.39,129.10,130.25,130.25,134.83,,130.24,,,206266,27200976.72,3249,F1,1,,,,,
2026-08-31,2026-08-31,CM,NSE,STK,14466,INE884B01025,KIRLFER,EQ,,,,,KIRLOSKAR FERROUS IND LTD,452.20,457.20,446.20,452.20,451.60,449.85,,452.19,,,74624,33710245.85,3978,F1,1,,,,,
2026-08-31,2026-08-31,CM,NSE,STK,19025,INE250A01039,KIRLOSIND,EQ,,,,,KIRLOSKAR INDUSTRIES LTD,3700.00,3781.80,3684.90,3737.90,3715.00,3715.10,,3737.87,,,4670,17466865.70,1019,F1,1,,,,,
2026-08-31,2026-08-31,CM,NSE,STK,20936,INE146L01010,KIRLOSENG,EQ,,,,,KIRLOSKAR OIL ENG LTD,2119.90,2120.00,2057.00,2099.40,2099.00,2123.10,,2099.41,,,414064,867321404.00,40461,F1,1,,,,,
2026-08-31,2026-08-31,CM,NSE,STK,15180,INE811A01038,KIRLPNU,EQ,,,,,KIRLOSKAR PNEUMATIC COM L,724.00,729.00,712.00,714.60,716.00,723.30,,714.60,,,116349,83535299.00,9104,F1,1,,,,,
2026-08-31,2026-08-31,CM,NSE,STK,28899,INE602G01020,KITEX,EQ,,,,,KITEX GARMENTS LTD,128.08,128.08,125.06,127.22,126.77,128.40,,127.21,,,286359,36230654.10,4029,F1,1,,,,,
2026-08-31,2026-08-31,CM,NSE,STK,760923,INE0KNW01016,KNAGRI,EQ,,,,,KN AGRI RESOURCES LIMITED,218.07,220.31,208.00,217.42,216.00,219.99,,217.42,,,7484,1610779.92,174,F1,1,,,,,
2026-08-31,2026-08-31,CM,NSE,STK,763839,INE17QZ01016,KNACK,EQ,,,,,KNACK PACKAGING LIMITED,194.00,194.01,189.00,190.35,190.60,192.61,,190.36,,,372016,71081912.02,5110,F1,1,,,,,
2026-08-31,2026-08-31,CM,NSE,STK,27084,INE0CJD01029,KMEW,EQ,,,,,KNOWLEDGE MARINE & EN W L,3040.70,3050.30,2817.00,2924.40,2912.00,3051.90,,2925.11,,,197892,572842623.10,23495,F1,1,,,,,
2026-08-31,2026-08-31,CM,NSE,STK,758431,INE1JAR25012,KRT,RR,,,,,KNOWLEDGE REALTY TRUST,111.69,111.69,109.50,110.47,109.50,113.41,,110.47,,,12687573,1405747894.50,13718,F1,1,,,,,
2026-08-31,2026-08-31,CM,NSE,STK,15283,INE634I01029,KNRCON,EQ,,,,,KNR CONSTRU LTD.,125.17,125.75,120.86,121.19,121.19,124.55,,121.19,,,3134063,382662836.77,16395,F1,1,,,,,
2026-08-31,2026-08-31,CM,NSE,STK,18754,INE0Q7P01013,KODYTECH,ST,,,,,KODY TECHNOLAB LIMITED,1409.00,1490.05,1365.10,1489.45,1490.00,1419.10,,1489.45,,,92700,137257780.00,205,F1,100,,,,,
2026-08-31,2026-08-31,CM,NSE,STK,3009,INE080B01012,KOHINOOR,EQ,,,,,KOHINOOR FOODS LIMITED,34.20,34.99,33.51,33.96,33.82,34.45,,33.96,,,118577,4041628.89,1550,F1,1,,,,,
2026-08-31,2026-08-31,CM,NSE,STK,16827,INE760A01029,KOKUYOCMLN,EQ,,,,,KOKUYO CAMLIN LIMITED,81.00,81.00,79.00,79.34,79.06,80.18,,79.34,,,48839,3889579.49,1779,F1,1,,,,,
2026-08-31,2026-08-31,CM,NSE,STK,15124,INE094I01018,KOLTEPATIL,EQ,,,,,KOLTE PATIL DEV. LTD.,455.00,455.75,442.55,446.80,449.90,448.20,,446.80,,,57327,25666012.35,2889,F1,1,,,,,
2026-08-31,2026-08-31,CM,NSE,STK,22475,INE0QEI01011,KONSTELEC,ST,,,,,KONSTELEC ENGINEERS LTD,64.00,65.15,58.95,64.05,64.05,62.05,,64.05,,,82000,5160750.00,53,F1,1000,,,,,
2026-08-31,2026-08-31,CM,NSE,STK,19287,INE0KZ301010,KONTOR,SM,,,,,KONTOR SPACE LIMITED,54.55,56.00,54.55,55.50,55.50,56.00,,55.50,,,3000,166800.00,5,F1,600,,,,,
2026-08-31,2026-08-31,CM,NSE,STK,1919,INE082A01010,KOPRAN,EQ,,,,,KOPRAN LTD,204.00,235.07,203.90,217.83,217.90,201.76,,217.87,,,1881351,421997753.99,21298,F1,1,,,,,
2026-08-31,2026-08-31,CM,NSE,STK,16758,INE0O4R01018,KDL,SM,,,,,KORE DIGITAL LIMITED,100.00,101.00,90.30,91.25,91.75,100.30,,91.25,,,90300,8338492.50,324,F1,150,,,,,
2026-08-31,2026-08-31,CM,NSE,STK,14858,INF174KA1HJ8,GOLD1,EQ,,,,,KOTAK GOLD ETF,129.40,129.40,127.01,128.68,128.78,132.21,,128.68,,,3006998,385221623.08,11359,F1,1,,,,,
2026-08-31,2026-08-31,CM,NSE,STK,1922,INE237A01036,KOTAKBANK,EQ,,,,,KOTAK MAHINDRA BANK LTD,421.00,425.05,419.40,419.40,419.40,423.70,,419.40,,,18992797,8016119254.95,174032,F1,1,,,,,
2026-08-31,2026-08-31,CM,NSE,STK,18102,INF174K014P6,NIFTY1,EQ,,,,,KOTAK NIFTY ETF,268.17,274.70,266.00,267.32,267.66,268.17,,267.33,,,63255,16912812.47,1588,F1,1,,,,,
2026-08-31,2026-08-31,CM,NSE,STK,15061,INF174KA1A86,PSUBANK,EQ,,,,,KOTAK PSU BANK,86.15,86.15,84.68,85.27,85.43,86.15,,85.24,,,172118,14656401.50,797,F1,1,,,,,
2026-08-31,2026-08-31,CM,NSE,STK,759885,INF174KA1XV0,CHEMICAL,EQ,,,,,KOTAKMAMC - CHEMICAL,30.40,30.40,29.95,30.08,30.15,30.39,,30.08,,,642405,19324306.34,1403,F1,1,,,,,
2026-08-31,2026-08-31,CM,NSE,STK,7412,INF174KA1IA5,ALPHA,EQ,,,,,KOTAKMAMC - KOTAKALPHA,55.49,55.49,54.70,54.87,55.05,55.39,,54.87,,,1346992,73943929.11,3923,F1,1,,,,,
2026-08-31,2026-08-31,CM,NSE,STK,10512,INF174KA1ZF8,CONS,EQ,,,,,KOTAKMAMC - KOTAKCONS,12.28,12.35,12.19,12.24,12.26,12.28,,12.24,,,20699,252804.23,150,F1,1,,,,,
2026-08-31,2026-08-31,CM,NSE,STK,2627,INF174KA1GC5,IT,EQ,,,,,KOTAKMAMC - KOTAKIT,34.89,34.95,34.04,34.32,34.47,34.63,,34.32,,,174288,5966555.78,1054,F1,1,,,,,
2026-08-31,2026-08-31,CM,NSE,STK,13950,INF174KA1LV5,LIQUID1,EQ,,,,,KOTAKMAMC - KOTAKLIQ,1120.45,1120.62,1118.40,1120.60,1120.61,1120.45,,1120.60,,,805832,902946968.82,1103,F1,1,,,,,
2026-08-31,2026-08-31,CM,NSE,STK,8632,INF174KA1IY5,LOWVOL1,EQ,,,,,KOTAKMAMC - KOTAKLOVOL,21.23,21.24,21.10,21.13,21.13,21.29,,21.13,,,98483,2083782.68,159,F1,1,,,,,
2026-08-31,2026-08-31,CM,NSE,STK,8077,INF174KA1ZC5,MIDCAP,EQ,,,,,KOTAKMAMC - KOTAKMID50,18.83,19.21,18.58,18.69,18.80,18.83,,18.69,,,418792,7818760.33,1422,F1,1,,,,,
2026-08-31,2026-08-31,CM,NSE,STK,10676,INF174KA1JF2,MNC,EQ,,,,,KOTAKMAMC - KOTAKMNC,34.30,34.65,33.74,33.89,34.06,33.97,,33.89,,,48518,1642178.70,413,F1,1,,,,,
2026-08-31,2026-08-31,CM,NSE,STK,13082,INF174KA1ZD3,SILVER1,EQ,,,,,KOTAKMAMC - KOTAKSILVE,23.29,23.29,22.27,22.64,22.68,23.42,,22.64,,,7566622,170509266.60,6832,F1,1,,,,,
2026-08-31,2026-08-31,CM,NSE,STK,11457,INF174KA1ZE1,NV20,EQ,,,,,KOTAKMAMC - KTKNV20ETF,13.96,13.96,13.86,13.93,13.93,13.96,,13.93,,,24908,346571.10,221,F1,1,,,,,
2026-08-31,2026-08-31,CM,NSE,STK,30469,INF174KA1VW2,MID150,EQ,,,,,KOTAKMAMC - MID150,24.00,24.20,23.65,23.81,23.88,23.97,,23.81,,,63322,1503755.20,324,F1,1,,,,,
2026-08-31,2026-08-31,CM,NSE,STK,759488,INF174KA1XS6,MOMENTUM30,EQ,,,,,KOTAKMAMC - MOMENTUM30,31.48,31.80,31.00,31.06,31.10,31.48,,31.06,,,42151,1311885.46,139,F1,1,,,,,
2026-08-31,2026-08-31,CM,NSE,STK,29758,INF174KA1VD2,MSCIINDIA,EQ,,,,,KOTAKMAMC - MSCIINDIA,30.48,30.48,29.90,30.08,29.92,30.14,,30.08,,,54001,1630898.28,254,F1,1,,,,,
2026-08-31,2026-08-31,CM,NSE,STK,760709,INF174KA1YO3,NEXT50ETF,EQ,,,,,KOTAKMAMC - NEXT50ETF,74.74,76.23,73.66,74.02,74.20,74.74,,74.02,,,15935,1180066.83,179,F1,1,,,,,
2026-08-31,2026-08-31,CM,NSE,STK,29944,INF174KA1UW4,NIFTY100EW,EQ,,,,,KOTAKMAMC - NIFTY100EW,35.45,35.54,35.19,35.38,35.31,35.54,,35.38,,,382315,13478199.07,317,F1,1,,,,,
2026-08-31,2026-08-31,CM,NSE,STK,764195,INF174KA1A94,PVTBANK,EQ,,,,,KOTAKMAMC - PVTBANK,27.90,27.96,27.70,27.96,27.96,27.77,,27.96,,,597,16617.63,17,F1,1,,,,,
2026-08-31,2026-08-31,CM,NSE,STK,757946,INF174KA1WT6,QUALITY30,EQ,,,,,KOTAKMAMC - QUALITY30,20.96,20.96,20.72,20.91,20.94,20.96,,20.91,,,7554,157339.27,43,F1,1,,,,,
2026-08-31,2026-08-31,CM,NSE,STK,5851,INF174KA1ZB7,BANKNIFTY1,EQ,,,,,KOTAKMAMC-KOTAKBKETF,60.60,60.60,59.45,59.65,59.60,60.00,,59.65,,,549083,32756004.21,1003,F1,1,,,,,
2026-08-31,2026-08-31,CM,NSE,STK,762752,INE972A01020,KOTIC,EQ,,,,,KOTHARI INDUSTRIAL CORP L,150.19,152.97,141.80,143.43,143.85,150.19,,143.54,,,15735,2276654.93,490,F1,1,,,,,
2026-08-31,2026-08-31,CM,NSE,STK,4594,INE720A01015,KOTHARIPET,EQ,,,,,KOTHARI PETROCHEM LTD,130.41,132.79,128.66,131.09,130.00,131.15,,131.09,,,56225,7348671.37,1005,F1,1,,,,,
2026-08-31,2026-08-31,CM,NSE,STK,5528,INE823A01017,KOTHARIPRO,EQ,,,,,KOTHARI PRODUCTS LTD,68.24,69.30,66.88,67.10,67.00,68.24,,67.10,,,12030,811145.97,228,F1,1,,,,,
2026-08-31,2026-08-31,CM,NSE,STK,11648,INE419A01022,KOTARISUG,BE,,,,,KOTHARI SUG & CHEM LTD.,31.40,33.00,30.15,32.98,32.85,31.43,,32.98,,,238890,7536879.35,871,F1,1,,,,,
2026-08-31,2026-08-31,CM,NSE,STK,761337,INE0J0B01017,KOTYARK,BE,,,,,KOTYARK INDUSTRIES LTD,34.29,34.34,33.10,33.34,33.30,34.80,,33.34,,,203917,6832272.96,568,F1,1,,,,,
2026-08-31,2026-08-31,CM,NSE,STK,5192,INE177F01017,KOVAI,EQ,,,,,KOVAI MEDICAL CENTER & HO,6062.00,6172.00,5990.00,6074.50,6100.00,6032.50,,6074.54,,,8540,51792811.50,2775,F1,1,,,,,
2026-08-31,2026-08-31,CM,NSE,STK,5108,INE542W01025,KPIGREEN,EQ,,,,,KPI GREEN ENERGY LIMITED,314.05,314.05,303.10,304.60,305.90,314.25,,304.61,,,749825,229935421.85,22317,F1,1,,,,,
2026-08-31,2026-08-31,CM,NSE,STK,9683,INE04I401011,KPITTECH,EQ,,,,,KPIT TECHNOLOGIES LIMITED,609.40,610.00,585.00,585.00,585.00,609.40,,585.01,,,2324629,1372627665.00,43150,F1,1,,,,,
2026-08-31,2026-08-31,CM,NSE,STK,14912,INE930H01031,KPRMILL,EQ,,,,,KPR MILL LTD.,1130.30,1197.90,1125.00,1177.60,1175.00,1130.20,,1177.63,,,909149,1069694239.90,55100,F1,1,,,,,
2026-08-31,2026-08-31,CM,NSE,STK,10577,INE001B01026,KRBL,EQ,,,,,KRBL LIMITED,432.95,433.95,420.10,422.25,422.00,437.65,,422.25,,,731450,311331649.25,16995,F1,1,,,,,
2026-08-31,2026-08-31,CM,NSE,STK,1937,INE268B01013,KREBSBIO,EQ,,,,,KREBS BIOCHEMICALS & IND,59.76,59.76,55.60,56.29,56.26,59.17,,56.37,,,2334,132681.33,102,F1,1,,,,,
2026-08-31,2026-08-31,CM,NSE,STK,11488,INE524L01026,KRIDHANINF,BE,,,,,KRIDHAN INFRA LIMITED,2.04,2.10,1.95,2.00,2.00,2.04,,2.07,,,15820,31812.18,36,F1,1,,,,,
2026-08-31,2026-08-31,CM,NSE,STK,12847,INE506W01020,KRISHANA,EQ,,,,,KRISHANA PHOSCHEM LIMITED,192.91,196.48,190.00,191.03,190.77,192.91,,191.03,,,584116,113230716.66,8426,F1,1,,,,,
2026-08-31,2026-08-31,CM,NSE,STK,16133,INE0NR701018,KRISHCA,SM,,,,,KRISHCA STRAPPING SLTN L,160.00,160.00,155.00,156.45,156.00,158.15,,156.45,,,42500,6656650.00,52,F1,500,,,,,
2026-08-31,2026-08-31,CM,NSE,STK,756782,INE0GGO01015,KRISHIVAL,EQ,,,,,KRISHIVAL FOODS LIMITED,411.05,413.00,407.00,410.95,413.00,410.25,,410.95,,,17652,7245525.20,439,F1,1,,,,,
2026-08-31,2026-08-31,CM,NSE,STK,761192,INE0J5601015,KRISHNADEF,EQ,,,,,KRISHNA DEF AND ALD IND L,1019.00,1020.60,965.30,1004.80,1006.00,1019.80,,1004.80,,,186259,184369265.40,12514,F1,1,,,,,
2026-08-31,2026-08-31,CM,NSE,STK,4847,INE967H01025,KIMS,EQ,,,,,KRISHNA INST OF MED SCI L,767.00,769.00,750.10,755.50,753.10,771.00,,755.49,,,735694,557250941.70,26880,F1,1,,,,,
2026-08-31,2026-08-31,CM,NSE,STK,6417,INE479D01038,KRITI,EQ,,,,,KRITI INDUSTRIES IND LTD,62.70,63.95,58.00,60.38,59.70,62.71,,60.40,,,36883,2229903.15,446,F1,1,,,,,
2026-08-31,2026-08-31,CM,NSE,STK,11432,INE798K01010,KRITINUT,EQ,,,,,KRITI NUTRIENTS LIMITED,89.76,92.00,86.51,87.16,87.44,88.88,,87.16,,,8623,773120.53,270,F1,1,,,,,
2026-08-31,2026-08-31,CM,NSE,STK,9288,INE00Z501029,KRITIKA,EQ,,,,,KRITIKA WIRES LIMITED,5.40,5.60,5.36,5.38,5.44,5.46,,5.38,,,150610,817183.53,499,F1,1,,,,,
2026-08-31,2026-08-31,CM,NSE,STK,760624,INE1MTV01019,KRMAYURVED,SM,,,,,KRM AYURVEDA LIMITED,280.10,290.00,280.05,285.40,286.50,280.05,,285.40,,,72000,20545050.00,61,F1,1000,,,,,
2026-08-31,2026-08-31,CM,NSE,STK,25643,INE0Q3J01015,KRN,EQ,,,,,KRN HEAT EXCHANGE N REF L,1664.70,1668.00,1536.20,1553.10,1559.00,1609.70,,1553.15,,,416684,664437165.20,28301,F1,1,,,,,
2026-08-31,2026-08-31,CM,NSE,STK,24026,INE0ATZ01017,KRONOX,BE,,,,,KRONOX LAB SCIENCES LTD,179.00,179.59,170.62,177.34,177.97,179.59,,178.19,,,250550,43384015.93,1433,F1,1,,,,,
2026-08-31,2026-08-31,CM,NSE,STK,25252,INE0O6601022,KROSS,EQ,,,,,KROSS LIMITED,213.00,217.09,208.31,212.71,212.15,213.99,,212.72,,,295238,62728019.23,6895,F1,1,,,,,
2026-08-31,2026-08-31,CM,NSE,STK,5359,INE08LI01020,KRSNAA,EQ,,,,,KRSNAA DIAGNOSTICS LTD,568.90,568.90,548.15,553.65,555.75,564.05,,553.65,,,47620,26419085.35,3606,F1,1,,,,,
2026-08-31,2026-08-31,CM,NSE,STK,23175,INE0QN801017,KRYSTAL,EQ,,,,,KRYSTAL INTEGRATED SER L,648.00,648.00,623.10,626.75,629.45,646.05,,626.74,,,8945,5630045.95,606,F1,1,,,,,
2026-08-31,2026-08-31,CM,NSE,STK,1949,INE999A01023,KSB,EQ,,,,,KSB LIMITED,790.00,821.00,780.40,807.25,806.00,793.85,,807.17,,,514414,414500522.20,32579,F1,1,,,,,
2026-08-31,2026-08-31,CM,NSE,STK,764753,INE953E01022,KSE,EQ,,,,,KSE LTD.,186.77,186.77,175.00,180.30,177.00,177.99,,180.14,,,18660,3297309.85,427,F1,1,,,,,
2026-08-31,2026-08-31,CM,NSE,STK,760433,INE987S01020,KSHINTL,EQ,,,,,KSH INTERNATIONAL LIMITED,970.00,970.00,937.05,947.05,955.45,963.85,,947.16,,,199894,189259024.90,15539,F1,1,,,,,
2026-08-31,2026-08-31,CM,NSE,STK,10407,INE013801027,KSHITIJPOL,EQ,,,,,KSHITIJ POLYLINE LIMITED,3.03,3.09,2.95,2.99,2.98,3.05,,2.99,,,879511,2644882.74,841,F1,1,,,,,
2026-08-31,2026-08-31,CM,NSE,STK,765409,INE013820027,KSHITIJ-RE,BE,,,,,KSHITIJ POLYLINE LTD,0.04,0.04,0.04,0.04,0.04,0.03,,0.04,,,2763108,110524.32,759,F1,1,,,,,
2026-08-31,2026-08-31,CM,NSE,STK,11060,INE0D6I01023,KSOLVES,EQ,,,,,KSOLVES INDIA LIMITED,266.00,273.90,266.00,268.30,270.90,269.35,,268.06,,,28034,7559923.30,1423,F1,1,,,,,
2026-08-31,2026-08-31,CM,NSE,STK,759987,INE1SPP01016,KSR,EQ,,,,,KSR FOOTWEAR LIMITED,31.42,31.42,28.45,28.59,28.45,31.42,,28.61,,,54412,1597798.04,511,F1,1,,,,,
2026-08-31,2026-08-31,CM,NSE,STK,13870,INE529I01021,KUANTUM,EQ,,,,,KUANTUM PAPERS LIMITED,72.03,73.69,71.10,72.12,72.98,72.54,,72.12,,,78578,5684151.01,1006,F1,1,,,,,
2026-08-31,2026-08-31,CM,NSE,STK,764116,INE0ISX01025,KUSUMGAR,EQ,,,,,KUSUMGAR LIMITED,561.05,588.00,558.50,581.45,576.50,563.10,,581.40,,,363568,210282727.85,15444,F1,1,,,,,
2026-08-31,2026-08-31,CM,NSE,STK,762757,INE552U01010,KPL,EQ,,,,,KWALITY PHARMACEUTICALS L,3337.00,3337.00,3230.10,3277.00,3285.00,3314.30,,3277.36,,,16351,53561598.00,3037,F1,1,,,,,
2026-08-31,2026-08-31,CM,NSE,STK,760946,INE2KCE01013,KWIL,EQ,,,,,KWALITY WALL'S (INDIA) L,45.55,47.20,45.11,45.38,45.26,45.55,,45.38,,,18674540,856990287.20,66345,F1,1,,,,,
2026-08-31,2026-08-31,CM,NSE,STK,765100,INE341H01023,LKPSEC,EQ,,,,,L K P SECURITIES LTD.,15.37,15.60,14.55,15.45,15.45,15.44,,15.47,,,7031,106214.59,83,F1,1,,,,,
2026-08-31,2026-08-31,CM,NSE,STK,24948,INE498L01015,LTF,EQ,,,,,L&T FINANCE LIMITED,314.30,321.00,306.55,321.00,321.00,314.30,,320.98,,,4489382,1403591162.35,50283,F1,1,,,,,
2026-08-31,2026-08-31,CM,NSE,STK,18564,INE010V01017,LTTS,EQ,,,,,L&T TECHNOLOGY SER. LTD.,3569.90,3675.00,3490.50,3608.40,3632.90,3568.70,,3608.70,,,685826,2472472532.60,49688,F1,1,,,,,
2026-08-31,2026-08-31,CM,NSE,STK,14423,INE059D01020,LAOPALA,EQ,,,,,LA OPALA RG LIMITED,175.20,175.20,171.10,173.61,174.00,175.95,,173.61,,,159255,27596198.07,7190,F1,1,,,,,
2026-08-31,2026-08-31,CM,NSE,STK,764758,INE519D01015,LADDERUP,EQ,,,,,LADDERUP FINANCE LTD.,51.15,51.15,49.00,49.40,51.00,50.90,,49.60,,,48,2389.40,6,F1,1,,,,,
2026-08-31,2026-08-31,CM,NSE,STK,5865,INE548Z01017,LAGNAM,EQ,,,,,LAGNAM SPINTEX LIMITED,76.99,77.80,76.05,76.38,77.00,76.56,,76.38,,,1204,92303.18,31,F1,1,,,,,
2026-08-31,2026-08-31,CM,NSE,STK,762762,INE515C01023,LAHOTIOV,EQ,,,,,LAHOTI OVERSEAS LTD.,41.80,41.80,40.13,40.29,40.14,40.71,,40.29,,,820,33166.04,16,F1,1,,,,,
2026-08-31,2026-08-31,CM,NSE,STK,7902,INE850E01012,LFIC,EQ,,,,,LAKSHMI FIN IND CORP LTD,139.30,139.50,134.01,134.09,134.05,137.60,,134.09,,,1765,240825.62,65,F1,1,,,,,
2026-08-31,2026-08-31,CM,NSE,STK,764763,INE938C01019,LAKSHMIMIL,EQ,,,,,LAKSHMI MILLS CO. LTD.,8050.00,8050.00,8000.00,8000.00,8000.00,8370.00,,8199.90,,,21,168052.50,3,F1,1,,,,,
2026-08-31,2026-08-31,CM,NSE,STK,4774,INE651C01018,LAKPRE,BZ,,,,,LAKSHMI PRE SCRE LTD,5.15,5.15,4.67,4.67,4.67,4.91,,4.69,,,2410,11258.48,7,F1,1,,,,,
2026-08-31,2026-08-31,CM,NSE,STK,25860,INE0VZS01015,LAKSHYA,SM,,,,,LAKSHYA POWERTECH LIMITED,83.00,85.00,83.00,85.00,85.00,83.60,,85.00,,,2400,201600.00,3,F1,800,,,,,
2026-08-31,2026-08-31,CM,NSE,STK,765361,INE0K9O01026,LALITHAA,EQ,,,,,LALITHAA JEWELLERY MART L,266.90,272.40,256.01,257.89,256.99,265.24,,257.95,,,9443545,2488809081.10,82528,F1,1,,,,,
2026-08-31,2026-08-31,CM,NSE,STK,6407,INE112F01022,LAMBODHARA,EQ,,,,,LAMBODHARA TEXTILES LTD.,139.99,143.00,139.99,141.38,142.00,138.48,,141.34,,,30356,4299098.32,636,F1,1,,,,,
2026-08-31,2026-08-31,CM,NSE,STK,27225,INE0R0201012,LAMOSAIC,ST,,,,,LAMOSAIC INDIA LIMITED,60.70,61.40,58.05,59.60,61.40,60.85,,59.60,,,63600,3775380.00,43,F1,600,,,,,
2026-08-31,2026-08-31,CM,NSE,STK,9392,INE359U01028,LANCER,EQ,,,,,LANCER CONTAINER LINES L,13.80,13.80,12.25,13.12,13.25,11.50,,13.13,,,3208132,42554590.96,5599,F1,1,,,,,
2026-08-31,2026-08-31,CM,NSE,STK,23027,INE572G01025,LANCORHOL,EQ,,,,,LANCOR HOLDINGS LIMITED,33.30,34.16,31.60,33.37,33.05,33.93,,33.33,,,319310,10679810.34,2967,F1,1,,,,,
2026-08-31,2026-08-31,CM,NSE,STK,13276,INE559R01029,LANDMARK,EQ,,,,,LANDMARK CARS LIMITED,500.00,521.00,496.35,517.45,514.05,503.35,,517.46,,,112656,57665475.80,4918,F1,1,,,,,
2026-08-31,2026-08-31,CM,NSE,STK,16863,INE197J01017,LPDC,EQ,,,,,LANDMARK PR.DEV.CO.LTD,6.92,7.03,6.56,6.94,6.99,6.93,,6.94,,,53484,361394.91,288,F1,1,,,,,
2026-08-31,2026-08-31,CM,NSE,STK,17376,INE688J01023,LANDSMILL,EQ,,,,,LANDSMILL GREEN LIMITED,0.69,0.70,0.68,0.68,0.69,0.69,,0.68,,,1498207,1030190.32,1001,F1,1,,,,,
2026-08-31,2026-08-31,CM,NSE,STK,11483,INE018A01030,LT,EQ,,,,,LARSEN & TOUBRO LTD.,4035.10,4044.90,3976.00,4044.90,4044.90,4045.80,,4044.89,,,1553171,6234281503.50,77234,F1,1,,,,,
2026-08-31,2026-08-31,CM,NSE,STK,21713,INE670X01014,LASA,EQ,,,,,LASA SUPERGENERICS LTD,7.10,7.28,6.73,6.92,6.92,6.99,,6.92,,,36812,256574.62,139,F1,1,,,,,
2026-08-31,2026-08-31,CM,NSE,STK,764126,INE17IR01028,LASERPOWER,EQ,,,,,LASER POWER & INFRA LTD,326.00,326.90,308.30,314.30,316.25,325.65,,314.29,,,538005,171488046.40,7611,F1,1,,,,,
2026-08-31,2026-08-31,CM,NSE,STK,6818,INE0I7C01011,LATENTVIEW,EQ,,,,,LATENT VIEW ANALYTICS LTD,278.30,278.30,267.70,269.80,270.50,279.60,,269.80,,,2244730,608036313.40,36102,F1,1,,,,,
2026-08-31,2026-08-31,CM,NSE,STK,15840,INE262Z01023,LATTEYS,EQ,,,,,LATTEYS INDUSTRIES LTD,23.00,23.00,21.45,21.71,21.85,22.19,,21.71,,,69836,1541621.76,282,F1,1,,,,,
2026-08-31,2026-08-31,CM,NSE,STK,19234,INE947Q01028,LAURUSLABS,EQ,,,,,LAURUS LABS LIMITED,1945.00,1949.00,1847.80,1915.00,1915.00,1938.50,,1915.00,,,30995343,59189531911.40,140381,F1,1,,,,,
2026-08-31,2026-08-31,CM,NSE,STK,6568,INE801V01019,LAXMICOT,EQ,,,,,LAXMI COTSPIN LIMITED,13.99,13.99,12.15,12.89,13.05,13.42,,12.89,,,36920,478803.57,251,F1,1,,,,,
2026-08-31,2026-08-31,CM,NSE,STK,29171,INE0WO601020,LAXMIDENTL,EQ,,,,,LAXMI DENTAL LIMITED,199.75,200.40,194.80,195.50,196.00,199.78,,195.50,,,137145,27005988.15,5105,F1,1,,,,,
2026-08-31,2026-08-31,CM,NSE,STK,19876,INE258Y01016,LGHL,EQ,,,,,LAXMI GOLDORNA HOUSE LTD,188.00,189.00,177.62,179.45,181.00,173.45,,179.45,,,9019,1659445.79,452,F1,1,,,,,
2026-08-31,2026-08-31,CM,NSE,STK,758863,INE06WU01026,LAXMIINDIA,EQ,,,,,LAXMI INDIA FINANCE LTD,126.29,135.90,124.62,129.92,128.55,126.29,,130.04,,,339636,44456025.81,4275,F1,1,,,,,
2026-08-31,2026-08-31,CM,NSE,STK,2841,INE576O01020,LXCHEM,EQ,,,,,LAXMI ORGANIC INDUS LTD,172.44,172.44,164.94,166.57,166.84,171.34,,166.56,,,768172,128589359.63,11029,F1,1,,,,,
2026-08-31,2026-08-31,CM,NSE,STK,7529,INE938A01021,LCCINFOTEC,EQ,,,,,LCC INFOTECH LTD,3.71,3.71,3.55,3.55,3.55,3.68,,3.55,,,40734,146667.37,102,F1,1,,,,,
2026-08-31,2026-08-31,CM,NSE,STK,760300,INE0G1L01025,LEMERITE,EQ,,,,,LE MERITE EXPORTS LIMITED,20.90,21.75,20.26,21.24,20.70,20.97,,21.24,,,176420,3722886.43,413,F1,1,,,,,
2026-08-31,2026-08-31,CM,NSE,STK,24067,INE0HV901016,IXIGO,EQ,,,,,LE TRAVENUES TECHNOLOGY L,162.90,164.43,159.31,163.02,163.00,163.36,,163.02,,,979684,158958372.01,16751,F1,1,,,,,
2026-08-31,2026-08-31,CM,NSE,STK,14204,INE0H4B01011,LRRPL,SM,,,,,LEAD REC AND RUB PROD LTD,87.00,87.00,87.00,87.00,87.00,86.00,,87.00,,,1500,130500.00,1,F1,1500,,,,,
2026-08-31,2026-08-31,CM,NSE,STK,764523,INE00GO01025,LEAPIND,EQ,,,,,LEAP INDIA LIMITED,170.90,172.29,165.30,167.82,167.60,168.40,,167.81,,,7393714,1247586709.03,57946,F1,1,,,,,
2026-08-31,2026-08-31,CM,NSE,STK,765095,INE791B01014,LEENEE,EQ,,,,,LEE & NEE SOFTWARES (E) L,10.39,10.39,9.62,10.12,10.04,10.25,,10.12,,,44248,436656.52,163,F1,1,,,,,
2026-08-31,2026-08-31,CM,NSE,STK,757014,INE0AQ201015,THELEELA,EQ,,,,,LEELA PALACES HOTEL LTD,560.00,582.85,554.30,570.40,571.15,555.25,,570.44,,,1539789,885042863.15,50908,F1,1,,,,,
2026-08-31,2026-08-31,CM,NSE,STK,2606,INE970X01018,LEMONTREE,EQ,,,,,LEMON TREE HOTELS LTD,108.53,108.53,105.20,106.25,106.30,108.53,,106.24,,,4742751,506029027.12,36267,F1,1,,,,,
2026-08-31,2026-08-31,CM,NSE,STK,759605,INE956O01016,LENSKART,EQ,,,,,LENSKART SOLUTIONS LTD,646.00,674.90,640.95,662.40,663.00,636.15,,662.40,,,111714980,73874354867.20,441478,F1,1,,,,,
2026-08-31,2026-08-31,CM,NSE,STK,14459,INE500X01013,LEXUS,EQ,,,,,LEXUS GRANITO (INDIA) LTD,13.44,15.23,12.95,13.85,13.70,13.03,,13.85,,,217521,3069141.91,536,F1,1,,,,,
2026-08-31,2026-08-31,CM,NSE,STK,18321,INE337A01034,LGBBROSLTD,EQ,,,,,LG BALAKRISHNAN & BROS,1709.20,1714.40,1680.50,1692.40,1698.50,1717.70,,1692.48,,,20323,34427981.60,3201,F1,1,,,,,
2026-08-31,2026-08-31,CM,NSE,STK,760213,INE324D01010,LGEINDIA,EQ,,,,,LG ELECTRONICS INDIA LTD,1692.00,1727.10,1673.20,1697.80,1700.00,1691.40,,1697.81,,,565245,963572713.60,37853,F1,1,,,,,
2026-08-31,2026-08-31,CM,NSE,STK,11082,INE908V01012,LIBAS,EQ,,,,,LIBAS CONSU PRODUCTS LTD,10.46,11.50,10.11,10.54,10.59,10.46,,10.54,,,121561,1305684.55,364,F1,1,,,,,
2026-08-31,2026-08-31,CM,NSE,STK,1994,INE557B01019,LIBERTSHOE,EQ,,,,,LIBERTY SHOES LTD,243.15,244.90,241.80,242.05,242.00,244.35,,242.05,,,6057,1468804.20,303,F1,1,,,,,
2026-08-31,2026-08-31,CM,NSE,STK,1997,INE115A01026,LICHSGFIN,EQ,,,,,LIC HOUSING FINANCE LTD,535.60,540.45,528.45,538.40,538.40,535.00,,538.40,,,3367439,1805086356.75,25151,F1,1,,,,,
2026-08-31,2026-08-31,CM,NSE,STK,25640,INF767K01SM1,LICMFGOLD,EQ,,,,,LIC MF - LIC GOLD ETF,138.40,139.20,137.30,138.90,138.25,142.00,,138.90,,,184092,25554781.20,1046,F1,1,,,,,
2026-08-31,2026-08-31,CM,NSE,STK,11319,INF767K01OS7,LICNETFN50,EQ,,,,,LICNAMC - LICNFENGP,271.06,271.14,269.05,270.53,270.53,271.55,,269.20,,,161,43566.02,30,F1,1,,,,,
2026-08-31,2026-08-31,CM,NSE,STK,11441,INF767K01OT5,LICNETFSEN,EQ,,,,,LICNAMC - LICNFESGP,870.51,873.00,867.03,873.00,873.00,873.40,,873.00,,,7,6082.34,4,F1,1,,,,,
2026-08-31,2026-08-31,CM,NSE,STK,15229,INF767K01PC8,LICNFNHGP,EQ,,,,,LICNAMC - LICNFNHGP,277.66,277.88,275.68,277.88,277.88,277.75,,277.88,,,239,66023.90,10,F1,1,,,,,
2026-08-31,2026-08-31,CM,NSE,STK,6062,INF767K01MV5,LICNETFGSC,EQ,,,,,LICNAMC - LICNMFET,29.59,29.65,29.21,29.35,29.35,29.59,,29.35,,,15996,468863.86,91,F1,1,,,,,
2026-08-31,2026-08-31,CM,NSE,STK,22722,INF767K01RN1,LICNMID100,EQ,,,,,LICNAMC - LICNMID100,64.21,64.43,63.61,63.67,64.00,64.21,,63.82,,,6377,407411.08,87,F1,1,,,,,
2026-08-31,2026-08-31,CM,NSE,STK,9480,INE0J1Y01017,LICI,EQ,,,,,LIFE INSURA CORP OF INDIA,418.00,421.90,412.35,418.00,418.00,422.00,,418.00,,,7463242,3108014997.70,43647,F1,1,,,,,
2026-08-31,2026-08-31,CM,NSE,STK,578,INE060901027,LIKHITHA,EQ,,,,,LIKHITHA INFRASTRUC LTD,208.30,212.03,206.01,207.48,207.01,208.88,,207.51,,,31624,6599015.69,667,F1,1,,,,,
2026-08-31,2026-08-31,CM,NSE,STK,6951,INE802B01027,LINC,EQ,,,,,LINC LIMITED,96.98,97.00,94.00,94.61,94.51,95.54,,94.61,,,11893,1133947.59,296,F1,1,,,,,
2026-08-31,2026-08-31,CM,NSE,STK,11596,INE405C01035,LINCOLN,EQ,,,,,LINCOLN PHARMA LTD,616.50,621.65,603.35,606.75,605.00,614.95,,606.81,,,30631,18764769.55,1679,F1,1,,,,,
2026-08-31,2026-08-31,CM,NSE,STK,1627,INE473A01011,LINDEINDIA,EQ,,,,,LINDE INDIA LIMITED,6500.00,6513.50,6364.00,6385.50,6380.00,6504.00,,6385.38,,,26826,172445522.50,6087,F1,1,,,,,
2026-08-31,2026-08-31,CM,NSE,STK,17801,INE093R01011,LLOYDSENGG,EQ,,,,,LLOYDS ENGG WORK LIMITED,86.20,88.90,84.70,86.44,86.13,86.74,,86.43,,,9719782,843864607.89,35709,F1,1,,,,,
2026-08-31,2026-08-31,CM,NSE,STK,25807,INE080I01025,LLOYDSENT,EQ,,,,,LLOYDS ENTERPRISES LTD,73.01,74.36,71.56,72.35,72.34,73.53,,72.35,,,2230337,162222554.92,10078,F1,1,,,,,
2026-08-31,2026-08-31,CM,NSE,STK,17313,INE281B01032,LLOYDSME,EQ,,,,,LLOYDS METALS N ENERGY L,1810.00,1830.00,1766.10,1794.60,1788.00,1810.20,,1794.45,,,450097,808372745.60,28233,F1,1,,,,,
2026-08-31,2026-08-31,CM,NSE,STK,1979,INE269B01029,LMW,EQ,,,,,LMW LIMITED,19053.00,20120.00,18707.00,18975.00,18991.00,18901.00,,18976.04,,,23753,458900920.00,9691,F1,1,,,,,
2026-08-31,2026-08-31,CM,NSE,STK,3220,INE670K01029,LODHA,EQ,,,,,LODHA DEVELOPERS LIMITED,1260.00,1260.00,1198.60,1198.60,1198.60,1274.00,,1198.70,,,2185679,2665755591.30,32963,F1,1,,,,,
2026-08-31,2026-08-31,CM,NSE,STK,764296,INE0QJW01029,LCL,EQ,,,,,LOHIA CORP LIMITED,566.50,575.00,545.55,551.45,552.70,565.10,,551.42,,,317066,177108216.70,14381,F1,1,,,,,
2026-08-31,2026-08-31,CM,NSE,STK,13436,INE397H01017,LOKESHMACH,EQ,,,,,LOKESH MACHINES LTD,317.00,374.80,317.00,345.25,342.10,312.45,,345.40,,,351870,126186956.70,10149,F1,1,,,,,
2026-08-31,2026-08-31,CM,NSE,STK,18232,INE846D01012,LORDSCHLO,EQ,,,,,LORDS CHLORO ALKALI LTD,140.25,140.25,134.11,135.96,136.85,140.25,,135.98,,,6826,941898.91,326,F1,1,,,,,
2026-08-31,2026-08-31,CM,NSE,STK,14924,INE740X01023,LAL,EQ,,,,,LORENZINI APPARELS LTD,9.48,9.48,8.96,9.13,9.06,9.06,,9.13,,,134099,1214087.95,171,F1,1,,,,,
2026-08-31,2026-08-31,CM,NSE,STK,764768,INE026D01011,LOTUSCHO,EQ,,,,,LOTUS CHOCOLATE CO. LTD.,614.35,660.00,613.90,634.80,639.00,614.35,,633.43,,,9848,6265309.85,501,F1,1,,,,,
2026-08-31,2026-08-31,CM,NSE,STK,16807,INE947I01017,LOTUSEYE,EQ,,,,,LOTUS EYE HOSP & INST L,110.85,111.90,107.60,109.08,109.99,110.52,,109.09,,,25250,2767185.98,280,F1,1,,,,,
2026-08-31,2026-08-31,CM,NSE,STK,22415,INE597L01014,LOVABLE,EQ,,,,,LOVABLE LINGERIE LTD,74.00,75.90,73.10,73.20,73.79,74.66,,73.19,,,16889,1247927.76,867,F1,1,,,,,
2026-08-31,2026-08-31,CM,NSE,STK,10590,INE970D01010,LOYALTEX,EQ,,,,,LOYAL TEXTILE MILLS LTD,219.00,222.00,218.00,218.00,218.00,226.02,,218.00,,,214,46803.50,16,F1,1,,,,,
2026-08-31,2026-08-31,CM,NSE,STK,13816,INE818H01020,LTFOODS,EQ,,,,,LT FOODS LIMITED,439.35,453.30,432.20,446.55,446.00,439.35,,446.55,,,1011116,448975559.35,24309,F1,1,,,,,
2026-08-31,2026-08-31,CM,NSE,STK,17818,INE214T01019,LTM,EQ,,,,,LTM LIMITED,4690.00,4690.00,4512.90,4540.00,4540.00,4675.00,,4540.00,,,344374,1567515543.90,32919,F1,1,,,,,
2026-08-31,2026-08-31,CM,NSE,STK,14014,INE872H01027,LUMAXTECH,EQ,,,,,LUMAX AUTO TECH LTD,1985.50,2095.90,1965.40,2078.50,2083.00,1985.50,,2078.57,,,452857,932772060.50,46108,F1,1,,,,,
2026-08-31,2026-08-31,CM,NSE,STK,2018,INE162B01018,LUMAXIND,EQ,,,,,LUMAX INDUSTRIES LTD,6031.00,6330.00,6000.00,6233.50,6250.00,6071.00,,6232.78,,,22681,140587695.50,6123,F1,1,,,,,
2026-08-31,2026-08-31,CM,NSE,STK,10440,INE326A01037,LUPIN,EQ,,,,,LUPIN LIMITED,2171.50,2192.00,2145.00,2188.40,2188.40,2171.50,,2188.39,,,1010826,2195720933.60,30006,F1,1,,,,,
2026-08-31,2026-08-31,CM,NSE,STK,11301,INE150G01020,LUXIND,EQ,,,,,LUX INDUSTRIES LIMITED,1203.70,1222.40,1191.30,1210.20,1213.00,1199.50,,1210.20,,,38797,46933333.90,3553,F1,1,,,,,
2026-08-31,2026-08-31,CM,NSE,STK,7248,INE933A01014,LYKALABS,BE,,,,,LYKA LABS LTD.,76.03,76.03,75.00,75.36,75.36,74.80,,74.99,,,3385,255535.41,31,F1,1,,,,,
2026-08-31,2026-08-31,CM,NSE,STK,758150,INE08N601015,MBEL,EQ,,,,,M AND B ENGINEERING LTD,273.35,273.35,264.80,267.25,268.05,271.35,,267.30,,,140164,37586632.40,5855,F1,1,,,,,
2026-08-31,2026-08-31,CM,NSE,STK,765120,INE227F01010,MKEXIM,EQ,,,,,M K EXIM (INDIA) LTD.,63.86,63.86,60.33,62.08,62.50,62.60,,62.14,,,17681,1084007.56,165,F1,1,,,,,
2026-08-31,2026-08-31,CM,NSE,STK,16736,INE964W01021,MKPL,EQ,,,,,M K PROTEINS LIMITED,4.18,4.23,4.10,4.11,4.11,4.13,,4.11,,,172888,714007.47,382,F1,1,,,,,
2026-08-31,2026-08-31,CM,NSE,STK,22360,INE813V01022,MCL,EQ,,,,,M TEK COPPER LIMITED,60.00,60.50,56.98,57.66,57.89,59.17,,57.66,,,48171,2788418.12,2374,F1,1,,,,,
2026-08-31,2026-08-31,CM,NSE,STK,13285,INE774D01024,M&MFIN,EQ,,,,,M&M FIN. SERVICES LTD,376.85,378.30,368.40,373.00,372.70,376.60,,373.01,,,1571593,585427453.60,45054,F1,1,,,,,
2026-08-31,2026-08-31,CM,NSE,STK,22976,INE0SGC01015,MVKAGRO,SM,,,,,M.V.K. AGRO FOOD PROD LTD,194.50,194.50,189.00,194.50,194.50,185.25,,194.50,,,887100,172513605.00,468,F1,300,,,,,
2026-08-31,2026-08-31,CM,NSE,STK,15017,INE215I01027,MAANALU,EQ,,,,,MAAN ALUMINIUM LIMITED,120.00,124.00,117.42,122.67,121.35,120.43,,122.57,,,80744,9811991.20,1346,F1,1,,,,,
2026-08-31,2026-08-31,CM,NSE,STK,762782,INE435D01014,MCCHRLS-B,EQ,,,,,MAC CHARLES (INDIA) LTD.,684.40,694.95,665.00,690.30,694.95,687.80,,690.58,,,41,27995.10,13,F1,1,,,,,
2026-08-31,2026-08-31,CM,NSE,STK,24545,INE0R0J01010,MACOBSTECH,SM,,,,,MACOBS TECHNOLOGIES LTD,200.00,200.00,197.00,197.00,197.00,200.00,,197.00,,,4800,952840.00,6,F1,800,,,,,
2026-08-31,2026-08-31,CM,NSE,STK,22347,INE155Z01011,MACPOWER,EQ,,,,,MACPOWER CNC MACHINES LTD,1995.00,2022.50,1922.00,1989.30,2000.00,2007.10,,1989.30,,,50074,98363650.00,5338,F1,1,,,,,
2026-08-31,2026-08-31,CM,NSE,STK,762767,INE631R01026,MADHAVIPL,EQ,,,,,MADHAV INFRA PROJECTS L,8.47,8.47,8.06,8.12,8.12,8.21,,8.12,,,100649,827431.87,331,F1,1,,,,,
2026-08-31,2026-08-31,CM,NSE,STK,15151,INE925C01016,MADHAV,EQ,,,,,MADHAV MARBLE & GRANITE,34.36,35.80,34.36,34.52,34.51,34.31,,34.35,,,1684,58989.31,52,F1,1,,,,,
2026-08-31,2026-08-31,CM,NSE,STK,13668,INE378D01032,MADHUCON,BE,,,,,MADHUCON PROJECTS LTD.,5.24,5.24,4.88,4.97,5.00,5.13,,4.97,,,34967,172947.62,63,F1,1,,,,,
2026-08-31,2026-08-31,CM,NSE,STK,18738,INE0P6701019,MADHUSUDAN,ST,,,,,MADHUSUDAN MASALA LIMITED,232.00,232.00,220.00,225.75,223.55,221.00,,225.75,,,20000,4489700.00,19,F1,1000,,,,,
2026-08-31,2026-08-31,CM,NSE,STK,12686,INE900L01028,MBAPL,EQ,,,,,MADHYA BHARAT AGRO P. LTD,162.94,164.99,161.00,161.45,162.00,162.94,,161.45,,,458732,74404428.23,7846,F1,1,,,,,
2026-08-31,2026-08-31,CM,NSE,STK,4911,INE414A01015,MADRASFERT,EQ,,,,,MADRAS FERTILISERS LTD,67.43,67.43,65.00,65.29,65.40,67.43,,65.29,,,73973,4866247.94,1262,F1,1,,,,,
2026-08-31,2026-08-31,CM,NSE,STK,762772,INE270B01035,MAFATIND,EQ,,,,,MAFATLAL INDUSTRIES LTD.,124.95,124.95,122.00,122.64,123.50,123.40,,122.54,,,10463,1283635.74,281,F1,1,,,,,
2026-08-31,2026-08-31,CM,NSE,STK,21392,INE347W01011,MAGADSUGAR,EQ,,,,,MAGADH SUGAR & ENERGY LTD,581.20,609.45,572.65,595.00,600.00,584.15,,595.00,,,77937,46396726.25,5106,F1,1,,,,,
2026-08-31,2026-08-31,CM,NSE,STK,29482,INE613C01026,MCLOUD,EQ,,,,,MAGELLANIC CLOUD LIMITED,27.48,27.65,26.50,26.65,26.70,27.47,,26.65,,,2438558,65619348.48,5103,F1,1,,,,,
2026-08-31,2026-08-31,CM,NSE,STK,14957,INE387I01016,MAGNUM,EQ,,,,,MAGNUM VENTURES LTD.,19.04,19.50,18.82,18.97,19.00,19.04,,18.97,,,6343,120326.06,67,F1,1,,,,,
2026-08-31,2026-08-31,CM,NSE,STK,17088,INE0O1S01012,MAGSON,SM,,,,,MAGSON RETAIL AND DIST L,185.00,185.00,181.00,181.05,181.00,189.90,,181.05,,,7000,1283200.00,7,F1,1000,,,,,
2026-08-31,2026-08-31,CM,NSE,STK,5239,INE843B01013,MAHAPEXLTD,EQ,,,,,MAHA RASHTRA APEX COPR. L,53.22,58.05,51.85,56.66,56.02,54.20,,56.67,,,19709,1094101.36,313,F1,1,,,,,
2026-08-31,2026-08-31,CM,NSE,STK,24937,INE0US801024,MFML,EQ,,,,,MAHALAXMI FABRIC MILLS LT,19.45,19.45,18.26,18.35,18.99,18.55,,18.36,,,716,13288.94,40,F1,1,,,,,
2026-08-31,2026-08-31,CM,NSE,STK,7889,INE112D01035,MHLXMIRU,BE,,,,,MAHALAXMI RUBTECH LIMITED,181.90,181.90,178.20,178.29,178.20,178.30,,178.29,,,4660,833331.79,50,F1,1,,,,,
2026-08-31,2026-08-31,CM,NSE,STK,17531,INE451L01014,MAHASTEEL,BE,,,,,MAHAMAYA STEEL INDS LTD,1329.70,1381.00,1305.00,1373.00,1381.00,1329.70,,1373.44,,,37097,50151505.80,484,F1,1,,,,,
2026-08-31,2026-08-31,CM,NSE,STK,17534,INE002S01010,MGL,EQ,,,,,MAHANAGAR GAS LTD.,1089.00,1095.30,1065.20,1069.30,1067.00,1092.60,,1069.29,,,248071,267340573.40,15767,F1,1,,,,,
2026-08-31,2026-08-31,CM,NSE,STK,2294,INE153A01019,MTNL,EQ,,,,,MAHANAGAR TELEPHONE NIGAM,27.25,27.85,27.05,27.22,27.22,27.25,,27.22,,,757661,20685264.34,3123,F1,1,,,,,
2026-08-31,2026-08-31,CM,NSE,STK,2085,INE288A01013,MAHSCOOTER,EQ,,,,,MAHARASHTRA SCOOTERS LTD,13794.00,13974.00,13552.00,13674.00,13800.00,13696.00,,13674.48,,,7564,103934079.00,2911,F1,1,,,,,
2026-08-31,2026-08-31,CM,NSE,STK,2088,INE271B01025,MAHSEAMLES,EQ,,,,,MAHARASHTRA SEAMLESS LTD,665.00,668.60,650.10,663.20,663.50,661.70,,663.20,,,393023,259613246.35,21995,F1,1,,,,,
2026-08-31,2026-08-31,CM,NSE,STK,9577,INE263W01010,MAHESHWARI,BE,,,,,MAHESHWARI LOGISTICS LTD.,72.89,73.89,71.22,71.63,72.00,72.17,,71.63,,,34569,2516181.14,30,F1,1,,,,,
2026-08-31,2026-08-31,CM,NSE,STK,2031,INE101A01026,M&M,EQ,,,,,MAHINDRA & MAHINDRA LTD,3320.00,3365.00,3282.00,3282.00,3282.00,3334.00,,3282.00,,,3613080,11969239818.80,83183,F1,1,,,,,
2026-08-31,2026-08-31,CM,NSE,STK,17603,INE215D01010,MAHEPC,EQ,,,,,MAHINDRA EPC IRRIG LTD,106.45,107.00,101.00,102.13,102.10,105.47,,102.14,,,55864,5737304.98,1141,F1,1,,,,,
2026-08-31,2026-08-31,CM,NSE,STK,17333,INE998I01010,MHRIL,EQ,,,,,MAHINDRA HOLIDAYS LTD,211.30,213.08,209.10,209.65,211.00,211.39,,209.65,,,128032,26971353.53,3031,F1,1,,,,,
2026-08-31,2026-08-31,CM,NSE,STK,8050,INE813A01018,MAHLIFE,EQ,,,,,MAHINDRA LIFESPACE DEVLTD,367.00,369.00,360.65,365.65,365.10,367.55,,365.65,,,110729,40374665.60,5152,F1,1,,,,,
2026-08-31,2026-08-31,CM,NSE,STK,385,INE766P01016,MAHLOG,EQ,,,,,MAHINDRA LOGISTIC LIMITED,390.00,394.75,386.45,391.45,394.00,392.75,,391.45,,,128678,50184249.85,9047,F1,1,,,,,
2026-08-31,2026-08-31,CM,NSE,STK,24538,INE683C01011,MAITHANALL,EQ,,,,,MAITHAN ALLOYS LTD,990.85,990.85,969.45,976.50,975.55,982.15,,976.47,,,30417,29696907.35,2304,F1,1,,,,,
2026-08-31,2026-08-31,CM,NSE,STK,19809,INE0PLQ01011,MAITREYA,SM,,,,,MAITREYA MEDICARE LIMITED,111.50,120.95,110.35,118.30,120.95,113.70,,118.30,,,8400,962240.00,17,F1,400,,,,,
2026-08-31,2026-08-31,CM,NSE,STK,762780,INE201B01022,MAJESAUT,BE,,,,,MAJESTIC AUTO LTD.,355.00,360.00,353.00,355.35,353.05,363.05,,355.42,,,3218,1148078.50,155,F1,1,,,,,
2026-08-31,2026-08-31,CM,NSE,STK,764773,INE987A01010,MAKERSL,EQ,,,,,MAKERS LABORATORIES LTD.,200.00,203.99,183.21,185.19,184.00,198.73,,185.52,,,13591,2561412.72,431,F1,1,,,,,
2026-08-31,2026-08-31,CM,NSE,STK,11218,INE0CDK01019,MAKS,SM,,,,,MAKS ENERGY SOL INDIA LTD,12.65,13.75,12.65,13.75,13.75,13.30,,13.75,,,18000,236025.00,9,F1,1500,,,,,
2026-08-31,2026-08-31,CM,NSE,STK,7965,INE389C01015,MALLCOM,EQ,,,,,MALLCOM (INDIA) LIMITED,1020.00,1020.00,970.10,974.00,979.00,1000.05,,973.99,,,1666,1631937.95,355,F1,1,,,,,
2026-08-31,2026-08-31,CM,NSE,STK,13352,INE383H01017,MALUPAPER,EQ,,,,,MALU PAPER MILLS LIMITED,32.04,32.19,31.61,31.68,31.63,32.04,,31.68,,,4558,145297.25,43,F1,1,,,,,
2026-08-31,2026-08-31,CM,NSE,STK,28687,INE0TO701015,MAMATA,EQ,,,,,MAMATA MACHINERY LIMITED,396.75,406.95,396.40,401.35,400.05,400.05,,401.35,,,77485,31123071.50,2548,F1,1,,,,,
2026-08-31,2026-08-31,CM,NSE,STK,7413,INE830Q01018,MANAKCOAT,EQ,,,,,MAN COAT METAL & IND LTD,122.75,124.36,119.50,122.43,122.00,122.85,,122.44,,,353301,42953512.14,2919,F1,1,,,,,
2026-08-31,2026-08-31,CM,NSE,STK,11884,INE993A01026,MANINDS,EQ,,,,,MAN INDUSTRIES (I) LTD.,767.50,773.35,746.35,752.95,760.00,768.20,,752.95,,,486506,369402510.35,20598,F1,1,,,,,
2026-08-31,2026-08-31,CM,NSE,STK,18226,INE949H01023,MANINFRA,EQ,,,,,MAN INFRA LTD,122.81,123.90,120.81,122.62,122.00,122.81,,122.62,,,2592923,317393194.38,11923,F1,1,,,,,
2026-08-31,2026-08-31,CM,NSE,STK,7420,INE859Q01017,MANAKALUCO,EQ,,,,,MANAK ALUMINIUM CO. LTD.,39.40,40.09,37.60,38.47,39.00,39.39,,38.44,,,115255,4498892.13,1202,F1,1,,,,,
2026-08-31,2026-08-31,CM,NSE,STK,15199,INE015D01022,MANAKSIA,EQ,,,,,MANAKSIA LTD.,59.00,59.50,57.15,58.73,59.00,58.13,,58.72,,,47565,2787139.51,651,F1,1,,,,,
2026-08-31,2026-08-31,CM,NSE,STK,7463,INE824Q01011,MANAKSTEEL,EQ,,,,,MANAKSIA STEELS LTD,99.52,99.52,99.52,99.52,99.52,94.79,,99.52,,,80576,8018923.52,232,F1,1,,,,,
2026-08-31,2026-08-31,CM,NSE,STK,13796,INE201A01024,MANALIPETC,EQ,,,,,MANALI PETROCHEMICALS LT,75.00,84.80,73.62,81.75,84.00,73.36,,81.74,,,73402171,6050204417.85,252514,F1,1,,,,,
2026-08-31,2026-08-31,CM,NSE,STK,19061,INE522D01027,MANAPPURAM,EQ,,,,,MANAPPURAM FINANCE LTD,341.45,345.00,337.85,340.10,340.10,348.90,,340.10,,,4825226,1649243168.65,35660,F1,1,,,,,
2026-08-31,2026-08-31,CM,NSE,STK,759354,INE0U4H01011,MPEL,ST,,,,,MANAS POLYMER N ENERGIE L,24.70,24.70,24.70,24.70,24.70,38.70,,24.70,,,1600,39520.00,1,F1,1600,,,,,
2026-08-31,2026-08-31,CM,NSE,STK,21697,INE104Y01012,MANAV,SM,,,,,MANAV INFRA PROJECTS LTD,36.00,36.10,36.00,36.00,36.00,34.40,,36.00,,,12000,432400.00,3,F1,4000,,,,,
2026-08-31,2026-08-31,CM,NSE,STK,25597,INE939X01013,MANBA,EQ,,,,,MANBA FINANCE LIMITED,130.81,131.09,129.00,129.73,129.50,130.81,,129.62,,,63369,8241021.28,585,F1,1,,,,,
2026-08-31,2026-08-31,CM,NSE,STK,765105,INE348N01042,MANBRO,EQ,,,,,MANBRO INDUSTRIES LTD.,60.70,60.70,53.68,53.68,53.68,59.64,,53.72,,,139546,7897526.30,673,F1,1,,,,,
2026-08-31,2026-08-31,CM,NSE,STK,23779,INE0R3T01013,MANDEEP,SM,,,,,MANDEEP AUTO INDUSTRIES L,18.10,18.15,18.10,18.15,18.15,18.05,,18.15,,,50000,906700.00,7,F1,2000,,,,,
2026-08-31,2026-08-31,CM,NSE,STK,24823,INE545L01039,MANCREDIT,EQ,,,,,MANGAL CREDIT N FINCORP L,249.00,261.50,239.00,242.74,240.00,247.65,,242.87,,,249942,62481813.94,3550,F1,1,,,,,
2026-08-31,2026-08-31,CM,NSE,STK,758748,INE0PKD01011,MEIL,EQ,,,,,MANGAL ELECTRICAL IND L,298.20,298.20,282.80,287.15,287.50,299.40,,287.14,,,65021,18800828.70,1553,F1,1,,,,,
2026-08-31,2026-08-31,CM,NSE,STK,2106,INE347A01017,MANGLMCEM,EQ,,,,,MANGALAM CEMENT LTD,1062.95,1102.00,1060.00,1071.75,1074.00,1062.90,,1071.71,,,261791,283961593.15,10863,F1,1,,,,,
2026-08-31,2026-08-31,CM,NSE,STK,11817,INE584F01014,MANGALAM,EQ,,,,,MANGALAM DRUG & CHEM LTD,31.73,32.50,30.70,31.74,31.90,31.94,,31.74,,,20199,644682.75,288,F1,1,,,,,
2026-08-31,2026-08-31,CM,NSE,STK,1598,INE0APB01032,MGEL,BE,,,,,MANGALAM GLOBAL ENT LTD,14.46,14.75,13.99,14.11,13.99,14.45,,14.12,,,76522,1095634.45,186,F1,1,,,,,
2026-08-31,2026-08-31,CM,NSE,STK,6422,INE370D01013,MANORG,EQ,,,,,MANGALAM ORGANICS LIMITED,513.00,535.00,503.75,519.50,532.30,510.60,,519.59,,,14191,7331747.80,293,F1,1,,,,,
2026-08-31,2026-08-31,CM,NSE,STK,764783,INE829S01016,MSL,EQ,,,,,MANGALAM SEEDS LTD.,147.73,147.73,135.10,135.10,135.10,147.00,,141.00,,,248,34095.85,24,F1,1,,,,,
2026-08-31,2026-08-31,CM,NSE,STK,759169,INE0JYY01029,MWL,EQ,,,,,MANGALAM WORLDWIDE LTD,39.66,39.66,37.32,37.92,37.97,39.53,,37.85,,,188740,7261210.63,826,F1,1,,,,,
2026-08-31,2026-08-31,CM,NSE,STK,24629,INE0R3101011,MIEL,SM,,,,,MANGLAM INFRA & ENG LTD,11.45,12.25,11.40,12.25,12.25,11.90,,12.25,,,6000,70200.00,3,F1,2000,,,,,
2026-08-31,2026-08-31,CM,NSE,STK,764357,INE459N01021,MANIPALHOS,EQ,,,,,MANIPAL HEALTH ENTERPRI L,775.95,784.00,759.25,762.80,761.65,771.65,,762.79,,,1043905,802033638.15,24245,F1,1,,,,,
2026-08-31,2026-08-31,CM,NSE,STK,15380,INE634S01028,MANKIND,EQ,,,,,MANKIND PHARMA LIMITED,2407.60,2419.20,2343.60,2419.20,2419.20,2382.90,,2419.18,,,391957,934169693.10,16968,F1,1,,,,,
2026-08-31,2026-08-31,CM,NSE,STK,19015,INE0KNT01012,MVGJL,EQ,,,,,MANOJ VAIBHAV GEM N JEW L,154.84,154.84,150.65,151.03,151.98,154.84,,151.04,,,43786,6651737.99,930,F1,1,,,,,
2026-08-31,2026-08-31,CM,NSE,STK,13753,INE784W01015,MANOMAY,EQ,,,,,MANOMAY TEX INDIA LTD,225.61,228.00,220.39,223.09,222.50,225.93,,223.08,,,70308,15770564.80,1509,F1,1,,,,,
2026-08-31,2026-08-31,CM,NSE,STK,10227,INE00VM01036,MANORAMA,EQ,,,,,MANORAMA INDUSTRIES LTD,1892.00,1955.00,1856.90,1890.80,1871.00,1889.40,,1891.02,,,442413,843558172.50,30767,F1,1,,,,,
2026-08-31,2026-08-31,CM,NSE,STK,13575,INE867A01022,MANUGRAPH,BE,,,,,MANUGRAPH INDIA LIMITED,14.81,15.29,14.80,14.89,15.15,15.39,,14.90,,,32539,485860.92,30,F1,1,,,,,
2026-08-31,2026-08-31,CM,NSE,STK,2112,INE882A01013,MARALOVER,EQ,,,,,MARAL OVERSEAS LTD,55.80,55.80,53.90,54.50,54.70,56.65,,54.46,,,3143,171892.87,65,F1,1,,,,,
2026-08-31,2026-08-31,CM,NSE,STK,18659,INE182D01020,MARATHON,EQ,,,,,MARATHON NXTGEN REALT LTD,423.05,425.15,410.20,413.05,414.00,421.55,,413.02,,,205782,85906134.60,2996,F1,1,,,,,
2026-08-31,2026-08-31,CM,NSE,STK,18773,INE0QP001012,MARCO,SM,,,,,MARCO CABLE & CONDUCTOR L,31.85,34.00,30.75,34.00,34.00,31.90,,34.00,,,18000,576075.00,12,F1,1500,,,,,
2026-08-31,2026-08-31,CM,NSE,STK,4067,INE196A01026,MARICO,EQ,,,,,MARICO LIMITED,830.00,840.00,820.00,820.00,820.00,829.65,,820.00,,,3971812,3291305018.00,43954,F1,1,,,,,
2026-08-31,2026-08-31,CM,NSE,STK,1328,INE01JE01028,MARINE,EQ,,,,,MARINE ELECTRICAL (I) LTD,406.50,406.50,380.15,400.85,405.00,406.80,,400.85,,,1844097,724044316.80,45709,F1,1,,,,,
2026-08-31,2026-08-31,CM,NSE,STK,760204,INE0FW001016,MARKOLINES,EQ,,,,,MARKOLINES PAVEMENT TEC L,171.92,175.50,170.10,173.76,172.65,171.92,,173.73,,,315129,54821134.24,1796,F1,1,,,,,
2026-08-31,2026-08-31,CM,NSE,STK,10579,INE750C01026,MARKSANS,EQ,,,,,MARKSANS PHARMA LIMITED,328.10,329.90,313.10,321.60,320.75,329.70,,321.65,,,2486251,793910863.00,50020,F1,1,,,,,
2026-08-31,2026-08-31,CM,NSE,STK,761386,INE415B01044,MARSONS,EQ,,,,,MARSONS LIMITED,132.91,135.78,129.30,130.26,129.35,133.17,,130.25,,,2858394,377307519.27,15242,F1,1,,,,,
2026-08-31,2026-08-31,CM,NSE,STK,10999,INE585B01010,MARUTI,EQ,,,,,MARUTI SUZUKI INDIA LTD.,13375.00,13547.00,13268.00,13547.00,13547.00,13376.00,,13546.95,,,443131,5942733042.00,58741,F1,1,,,,,
2026-08-31,2026-08-31,CM,NSE,STK,199,INE348L01012,MASFIN,EQ,,,,,MAS FINANCIAL SERV LTD,291.00,309.95,288.30,304.55,308.75,294.40,,304.56,,,1801135,544183367.60,40415,F1,1,,,,,
2026-08-31,2026-08-31,CM,NSE,STK,18727,INE885F01015,MASKINVEST,EQ,,,,,MASK INVESTMENTS LIMITED,145.00,152.25,140.05,152.24,152.24,145.00,,152.24,,,172,25880.91,12,F1,1,,,,,
2026-08-31,2026-08-31,CM,NSE,STK,24278,INE0SH001010,MASON,SM,,,,,MASON INFRATECH LIMITED,117.00,120.10,117.00,117.65,117.60,118.35,,117.65,,,4500,530600.00,9,F1,500,,,,,
2026-08-31,2026-08-31,CM,NSE,STK,2124,INE759A01021,MASTEK,EQ,,,,,MASTEK LTD,1901.00,1911.00,1720.10,1748.40,1748.00,1901.40,,1748.45,,,1576060,2810923908.90,87119,F1,1,,,,,
2026-08-31,2026-08-31,CM,NSE,STK,19011,INE0OJM01017,MASTER,SM,,,,,MASTER COMPONENTS LIMITED,435.00,435.00,435.00,435.00,435.00,449.00,,435.00,,,500,217500.00,1,F1,500,,,,,
2026-08-31,2026-08-31,CM,NSE,STK,27047,INE677D01037,MASTERTR,EQ,,,,,MASTER TRUST LIMITED,82.75,84.39,81.76,82.27,82.64,82.68,,82.27,,,194239,16078943.60,1035,F1,1,,,,,
2026-08-31,2026-08-31,CM,NSE,STK,21726,INE866R01028,MATRIMONY,EQ,,,,,MATRIMONY.COM LIMITED,514.25,527.45,509.05,518.70,520.00,515.00,,518.70,,,12218,6314195.05,699,F1,1,,,,,
2026-08-31,2026-08-31,CM,NSE,STK,759945,INE132901013,MGSL,SM,,,,,MATRIX GEO SOLUTIONS LTD,87.00,87.00,81.00,81.00,81.00,81.95,,81.00,,,12000,988380.00,10,F1,1200,,,,,
2026-08-31,2026-08-31,CM,NSE,STK,17022,INE636A01039,MAWANASUG,EQ,,,,,MAWANA SUGARS LIMITED,149.16,157.80,146.09,149.10,149.01,147.94,,149.10,,,715571,109151786.75,10569,F1,1,,,,,
2026-08-31,2026-08-31,CM,NSE,STK,19646,INE03EI01018,MAXESTATES,EQ,,,,,MAX ESTATES LIMITED,549.80,560.95,505.75,512.50,518.75,539.05,,512.51,,,887005,469165270.30,26138,F1,1,,,,,
2026-08-31,2026-08-31,CM,NSE,STK,2142,INE180A01020,MFSL,EQ,,,,,MAX FINANCIAL SERV LTD,1561.30,1576.20,1547.00,1573.10,1573.10,1564.40,,1573.10,,,389651,610829346.00,20928,F1,1,,,,,
2026-08-31,2026-08-31,CM,NSE,STK,22377,INE027H01010,MAXHEALTH,EQ,,,,,MAX HEALTHCARE INS LTD,1013.00,1042.10,1001.70,1042.10,1042.10,1014.10,,1042.07,,,1685171,1716959798.20,32673,F1,1,,,,,
2026-08-31,2026-08-31,CM,NSE,STK,22428,INE0CG601016,MAXIND,EQ,,,,,MAX INDIA LIMITED,151.52,152.43,147.84,150.79,151.79,150.40,,150.66,,,34695,5211238.26,949,F1,1,,,,,
2026-08-31,2026-08-31,CM,NSE,STK,29645,INE10A501018,MAXVOLT,SM,,,,,MAXVOLT ENERGY INDUS L,340.00,355.00,334.00,348.80,348.00,344.00,,348.80,,,21200,7272500.00,47,F1,400,,,,,
2026-08-31,2026-08-31,CM,NSE,STK,28906,INE040D01038,MAYURUNIQ,EQ,,,,,MAYUR UNIQUOTERS LTD,769.00,769.00,746.10,749.85,748.10,766.90,,750.26,,,50403,38097750.05,3190,F1,1,,,,,
2026-08-31,2026-08-31,CM,NSE,STK,509,INE249Z01020,MAZDOCK,EQ,,,,,MAZAGON DOCK SHIPBUIL LTD,2555.00,2555.00,2476.10,2480.00,2480.00,2555.00,,2480.02,,,607734,1517182984.40,30610,F1,1,,,,,
2026-08-31,2026-08-31,CM,NSE,STK,18870,INE885E01042,MAZDA,BE,,,,,MAZDA LIMITED,247.82,258.00,247.82,251.82,251.10,247.82,,251.64,,,36774,9276824.27,376,F1,1,,,,,
2026-08-31,2026-08-31,CM,NSE,STK,18029,INE912H01013,MBLINFRA,EQ,,,,,MBL INFRASTRUCTURE LTD,23.27,23.30,22.37,22.82,22.65,23.27,,22.82,,,14106,322969.63,101,F1,1,,,,,
2026-08-31,2026-08-31,CM,NSE,STK,11943,INE942G01012,MCLEODRUSS,EQ,,,,,MCLEOD RUSSEL INDIA LTD.,49.57,51.74,49.21,49.55,49.28,49.81,,49.55,,,311078,15634855.31,2061,F1,1,,,,,
2026-08-31,2026-08-31,CM,NSE,STK,14574,INE0O4M01019,MCON,SM,,,,,MCON RASAYAN INDIA LTD,44.20,46.20,41.90,46.20,46.20,44.05,,46.20,,,11000,488450.00,7,F1,1000,,,,,
2026-08-31,2026-08-31,CM,NSE,STK,21705,INE456Z01021,MEDIASSIST,EQ,,,,,MEDI ASSIST HEALTH SER L,335.00,335.00,327.60,329.20,328.60,333.80,,329.19,,,109305,36047372.60,4953,F1,1,,,,,
2026-08-31,2026-08-31,CM,NSE,STK,765110,INE442D01010,MEDICAPQ,EQ,,,,,MEDI CAPS LTD.,26.03,26.50,26.03,26.49,26.49,25.91,,26.17,,,101,2667.01,5,F1,1,,,,,
2026-08-31,2026-08-31,CM,NSE,STK,762802,INE200D01020,MMWL,EQ,,,,,MEDIA MATRIX WORLDWIDE L,14.31,15.14,14.13,14.59,14.59,14.81,,14.37,,,13913,200534.18,100,F1,1,,,,,
2026-08-31,2026-08-31,CM,NSE,STK,6278,INE646B01010,MEDICAMEQ,EQ,,,,,MEDICAMEN BIOTECH LIMITED,246.00,265.00,246.00,261.47,260.11,248.88,,261.44,,,109301,28168709.51,3217,F1,1,,,,,
2026-08-31,2026-08-31,CM,NSE,STK,24239,INE0PE401018,MEDIORG,SM,,,,,MEDICAMEN ORGANICS LTD,25.70,25.70,25.65,25.65,25.65,24.50,,25.65,,,6000,154000.00,3,F1,2000,,,,,
2026-08-31,2026-08-31,CM,NSE,STK,9667,INE630Y01024,MEDICO,EQ,,,,,MEDICO REMEDIES LIMITED,42.59,42.59,41.50,42.35,42.45,42.41,,42.35,,,220022,9285532.91,772,F1,1,,,,,
2026-08-31,2026-08-31,CM,NSE,STK,758423,INE0UOY01019,MEDISTEP,SM,,,,,MEDISTEP HEALTHCARE LTD,21.95,22.00,20.55,20.55,20.55,19.75,,20.55,,,18000,388500.00,6,F1,3000,,,,,
2026-08-31,2026-08-31,CM,NSE,STK,7254,INE804L01022,MEDPLUS,EQ,,,,,MEDPLUS HEALTH SERV LTD,676.35,676.50,662.65,672.25,673.00,676.35,,672.25,,,72278,48426467.00,6548,F1,1,,,,,
2026-08-31,2026-08-31,CM,NSE,STK,760229,INE0VDM01015,MEESHO,EQ,,,,,MEESHO LIMITED,208.00,211.73,204.25,205.39,205.65,208.63,,205.40,,,12726384,2653415296.58,81669,F1,1,,,,,
2026-08-31,2026-08-31,CM,NSE,STK,10971,INE0G1D01014,MEGAFLEX,SM,,,,,MEGA FLEX PLASTICS LTD,95.00,95.00,95.00,95.00,95.00,95.00,,95.00,,,1000,95000.00,1,F1,1000,,,,,
2026-08-31,2026-08-31,CM,NSE,STK,8153,INE00EM01016,MEGASTAR,EQ,,,,,MEGASTAR FOODS LIMITED,313.15,313.15,306.20,307.20,307.20,311.60,,307.00,,,809,250509.60,130,F1,1,,,,,
2026-08-31,2026-08-31,CM,NSE,STK,22560,INE531R01010,MEGATHERM,SM,,,,,MEGATHERM INDUCTION LTD,219.00,220.00,211.00,214.55,211.00,218.90,,214.55,,,21600,4651440.00,39,F1,400,,,,,
2026-08-31,2026-08-31,CM,NSE,STK,5394,INE0CT101020,MOL,EQ,,,,,MEGHMANI ORGANICS LIMITED,61.19,65.60,58.57,63.94,64.09,60.94,,63.94,,,5062453,320629422.92,26563,F1,1,,,,,
2026-08-31,2026-08-31,CM,NSE,STK,764778,INE898Q01015,MIIL,EQ,,,,,MEGHNA INFRACON INFRA L,715.55,724.00,689.00,706.35,716.00,709.95,,709.81,,,85795,60671459.80,1657,F1,1,,,,,
2026-08-31,2026-08-31,CM,NSE,STK,6971,INE071D01033,MENONBE,BE,,,,,MENON BEARINGS LIMITED,275.50,290.25,272.00,287.01,289.90,284.62,,286.90,,,60959,17108251.96,696,F1,1,,,,,
2026-08-31,2026-08-31,CM,NSE,STK,762787,INE650G01029,MENNPIS,EQ,,,,,MENON PISTONS LTD.,74.00,74.00,71.40,71.59,71.50,73.97,,71.58,,,84935,6143895.68,1049,F1,1,,,,,
2026-08-31,2026-08-31,CM,NSE,STK,25882,INE776I01010,MEP,BZ,,,,,MEP INFRA. DEVELOPERS LTD,0.73,0.73,0.73,0.73,0.73,0.72,,0.74,,,44831,32726.63,19,F1,1,,,,,
2026-08-31,2026-08-31,CM,NSE,STK,763663,INE763M01028,MERCURYEV,EQ,,,,,MERCURY EV-TECH LIMITED,38.87,39.99,38.87,38.96,39.28,38.67,,38.95,,,80285,3137310.52,1313,F1,1,,,,,
2026-08-31,2026-08-31,CM,NSE,STK,764278,INE1II801013,METALIC,ST,,,,,METALIC TECHNOFORGE LTD,134.80,137.65,134.00,137.65,137.65,131.10,,137.65,,,182400,25046720.00,88,F1,1600,,,,,
2026-08-31,2026-08-31,CM,NSE,STK,7242,INE317I01021,METROBRAND,EQ,,,,,METRO BRANDS LIMITED,931.90,932.10,915.00,919.60,915.10,936.70,,919.51,,,9799,9048487.30,2293,F1,1,,,,,
2026-08-31,2026-08-31,CM,NSE,STK,762797,INE085D01033,METROGLOBL,EQ,,,,,METROGLOBAL LTD.,139.86,141.00,137.00,138.04,139.80,139.93,,138.70,,,259,36187.97,20,F1,1,,,,,
2026-08-31,2026-08-31,CM,NSE,STK,9581,INE112L01020,METROPOLIS,EQ,,,,,METROPOLIS HEALTHCARE LTD,589.00,591.95,568.00,582.35,582.00,588.45,,582.35,,,415667,241378470.35,18705,F1,1,,,,,
2026-08-31,2026-08-31,CM,NSE,STK,763138,INE414G07JY0,852MFL31,N0,,,,,MFL 8.52% 2031 OP I,103404.16,103404.16,103404.16,103404.16,103404.16,103107.51,,103404.16,,,100,10340416.00,2,F1,1,,,,,
2026-08-31,2026-08-31,CM,NSE,STK,7165,INE287C01037,MICEL,BE,,,,,MIC ELECTRONICS LTD,41.60,42.50,39.47,39.81,39.92,41.54,,39.77,,,536276,21558276.54,2245,F1,1,,,,,
2026-08-31,2026-08-31,CM,NSE,STK,19887,INE0PZK01014,MICROPRO,SM,,,,,MICROPRO SOFTWARE SOL L,18.65,18.65,18.65,18.65,18.65,18.50,,18.65,,,1600,29840.00,1,F1,1600,,,,,
2026-08-31,2026-08-31,CM,NSE,STK,759517,INE0XAD01024,MIDWESTLTD,EQ,,,,,MIDWEST LIMITED,1105.10,1134.00,1091.00,1096.80,1105.00,1106.60,,1097.51,,,10061,11051064.00,1038,F1,1,,,,,
2026-08-31,2026-08-31,CM,NSE,STK,765125,INE588G01021,MLKFOOD,EQ,,,,,MILKFOOD LTD.,83.00,87.99,83.00,86.71,87.90,86.71,,86.70,,,3217,278073.17,133,F1,1,,,,,
2026-08-31,2026-08-31,CM,NSE,STK,765272,INE00IT01020,MILKYMIST,EQ,,,,,MILKY MIST DAIRY FOOD L,218.75,222.00,206.40,210.94,210.50,214.31,,210.94,,,13349862,2861793316.64,91838,F1,1,,,,,
2026-08-31,2026-08-31,CM,NSE,STK,159,INE376Y01016,MILTON,SM,,,,,MILTON INDUSTRIES LIMITED,38.00,38.00,38.00,38.00,38.00,36.50,,38.00,,,2200,83600.00,1,F1,2200,,,,,
2026-08-31,2026-08-31,CM,NSE,STK,765118,INE097E01028,MINALIND,BE,,,,,MINAL INDUSTRIES LTD.,4.41,4.41,4.41,4.41,4.41,4.20,,4.41,,,64252,283351.32,56,F1,1,,,,,
2026-08-31,2026-08-31,CM,NSE,STK,25897,INE842C01021,MINDACORP,EQ,,,,,MINDA CORPORATION LTD,702.80,720.15,695.45,712.55,718.50,702.80,,712.57,,,503866,357428746.40,21121,F1,1,,,,,
2026-08-31,2026-08-31,CM,NSE,STK,22308,INE0CCU25019,MINDSPACE,RR,,,,,MINDSPACE BUSINESS P REIT,495.49,501.98,492.39,495.85,495.75,492.58,,495.84,,,688166,342167052.12,14222,F1,1,,,,,
2026-08-31,2026-08-31,CM,NSE,STK,18049,INE110B01017,MINDTECK,EQ,,,,,MINDTECK (INDIA) LIMITED,178.51,178.99,171.95,173.36,172.01,176.40,,173.43,,,17323,3033778.35,548,F1,1,,,,,
2026-08-31,2026-08-31,CM,NSE,STK,19640,INF769K01KU7,ALPHAETF,EQ,,,,,MIRAEAMC - ALPHAETF,26.62,27.31,26.62,26.93,27.10,27.31,,26.93,,,722939,19503843.59,1353,F1,1,,,,,
2026-08-31,2026-08-31,CM,NSE,STK,17419,INF769K01KR3,BANKETF,EQ,,,,,MIRAEAMC - BANKETF,586.68,590.70,583.68,587.70,590.70,585.97,,587.70,,,13854,8115378.75,2140,F1,1,,,,,
2026-08-31,2026-08-31,CM,NSE,STK,25725,INF769K01LZ4,BANKPSU,EQ,,,,,MIRAEAMC - BANKPSU,86.63,86.72,85.20,86.25,86.72,86.63,,86.40,,,9302,797974.06,164,F1,1,,,,,
2026-08-31,2026-08-31,CM,NSE,STK,28969,INF769K01NS5,CONSUMER,EQ,,,,,MIRAEAMC - CONSUMER,12.47,12.47,12.15,12.21,12.23,12.23,,12.21,,,220619,2689044.34,397,F1,1,,,,,
2026-08-31,2026-08-31,CM,NSE,STK,761046,INF769K01QC2,DEFENCE,EQ,,,,,MIRAEAMC - DEFENCE,84.14,84.14,81.14,81.55,81.28,82.34,,81.55,,,416359,33967665.76,1022,F1,1,,,,,
2026-08-31,2026-08-31,CM,NSE,STK,760412,INF769K01PY8,DIVIDEND,EQ,,,,,MIRAEAMC - DIVIDEND,36.54,36.54,35.32,35.48,35.58,35.82,,35.48,,,5984,212261.57,137,F1,1,,,,,
2026-08-31,2026-08-31,CM,NSE,STK,759780,INF769K01PR2,ENERGY,EQ,,,,,MIRAEAMC - ENERGY,38.63,38.63,37.90,38.00,38.12,38.23,,38.00,,,403824,15333926.20,1760,F1,1,,,,,
2026-08-31,2026-08-31,CM,NSE,STK,30121,INF769K01OA1,EQUAL200,EQ,,,,,MIRAEAMC - EQUAL200,13.98,13.98,13.87,13.91,13.92,13.99,,13.91,,,12430,173045.80,94,F1,1,,,,,
2026-08-31,2026-08-31,CM,NSE,STK,757142,INF769K01OO2,EQUAL50,EQ,,,,,MIRAEAMC - EQUAL50,333.41,333.41,331.32,332.91,332.91,334.29,,332.91,,,3702,1229752.31,52,F1,1,,,,,
2026-08-31,2026-08-31,CM,NSE,STK,24461,INF769K01LQ3,EVINDIA,EQ,,,,,MIRAEAMC - EVINDIA,34.25,34.25,33.26,33.47,33.56,33.58,,33.47,,,231319,7731230.64,2230,F1,1,,,,,
2026-08-31,2026-08-31,CM,NSE,STK,760986,INF769K01QA6,HEALTHCARE,EQ,,,,,MIRAEAMC - HEALTHCARE,21.89,22.43,21.67,21.73,21.72,21.89,,21.73,,,43575,948140.91,249,F1,1,,,,,
2026-08-31,2026-08-31,CM,NSE,STK,764333,INF769K01RJ5,HYBRIDETF,EQ,,,,,MIRAEAMC - HYBRIDETF,10.29,10.29,10.08,10.11,10.11,10.19,,10.11,,,23784,240510.98,95,F1,1,,,,,
2026-08-31,2026-08-31,CM,NSE,STK,761030,INF769K01QB4,INFRA,EQ,,,,,MIRAEAMC - INFRA,12.67,12.67,12.00,12.03,12.03,12.13,,12.03,,,70547,847592.99,236,F1,1,,,,,
2026-08-31,2026-08-31,CM,NSE,STK,758595,INF769K01PB6,INTERNET,EQ,,,,,MIRAEAMC - INTERNET,14.66,14.73,14.54,14.63,14.71,14.66,,14.63,,,236363,3461954.95,265,F1,1,,,,,
2026-08-31,2026-08-31,CM,NSE,STK,19633,INF769K01KV5,ITETF,EQ,,,,,MIRAEAMC - ITETF,33.74,33.74,32.46,32.74,32.90,33.08,,32.74,,,174913,5717655.06,840,F1,1,,,,,
2026-08-31,2026-08-31,CM,NSE,STK,765313,INF769K01RK3,LARGEMID50,EQ,,,,,MIRAEAMC - LARGEMID50,36.70,36.92,36.50,36.74,36.92,36.87,,36.75,,,232544,8543613.69,121,F1,1,,,,,
2026-08-31,2026-08-31,CM,NSE,STK,17572,INF769K01KS1,LIQUID,EQ,,,,,MIRAEAMC - LIQUID,999.99,1000.00,999.99,999.99,1000.00,999.99,,999.99,,,43589,43588754.60,181,F1,1,,,,,
2026-08-31,2026-08-31,CM,NSE,STK,27075,INF769K01MY5,LIQUIDPLUS,EQ,,,,,MIRAEAMC - LIQUIDPLUS,1101.11,1101.25,1101.11,1101.23,1101.23,1101.10,,1101.23,,,488269,537699581.61,370,F1,1,,,,,
2026-08-31,2026-08-31,CM,NSE,STK,1200,INF769K01GS9,ESG,EQ,,,,,MIRAEAMC - MAESGETF,41.91,41.91,41.18,41.24,41.21,41.50,,41.24,,,3882,160248.43,79,F1,1,,,,,
2026-08-31,2026-08-31,CM,NSE,STK,3507,INF769K01HF4,MAFANG,EQ,,,,,MIRAEAMC - MAFANG,209.95,209.95,209.95,209.95,209.95,207.13,,209.95,,,205427,43129398.65,644,F1,1,,,,,
2026-08-31,2026-08-31,CM,NSE,STK,5220,INF769K01HI8,BFSI,EQ,,,,,MIRAEAMC - MAFSETF,27.71,27.71,27.14,27.22,27.38,27.31,,27.22,,,176530,4805515.40,837,F1,1,,,,,
2026-08-31,2026-08-31,CM,NSE,STK,14286,INF769K01JP9,GOLDETF,EQ,,,,,MIRAEAMC - MAGOLDETF,153.76,153.76,148.11,150.18,150.39,153.76,,150.19,,,1500121,224303409.06,8518,F1,1,,,,,
2026-08-31,2026-08-31,CM,NSE,STK,14938,INF769K01KF8,GSEC10YEAR,EQ,,,,,MIRAEAMC - MAGS813ETF,30.59,30.63,30.44,30.55,30.63,30.63,,30.55,,,1546,47125.85,24,F1,1,,,,,
2026-08-31,2026-08-31,CM,NSE,STK,7074,INF769K01HS7,MAHKTECH,EQ,,,,,MIRAEAMC - MAHKTECH,22.75,22.75,22.55,22.72,22.74,22.75,,22.72,,,689321,15664417.98,5969,F1,1,,,,,
2026-08-31,2026-08-31,CM,NSE,STK,8413,INF769K01IC9,MIDCAPETF,EQ,,,,,MIRAEAMC - MAM150ETF,24.32,24.32,23.81,23.92,24.07,24.07,,23.92,,,3710252,88673903.55,7772,F1,1,,,,,
2026-08-31,2026-08-31,CM,NSE,STK,7979,INF769K01IB1,MAKEINDIA,EQ,,,,,MIRAEAMC - MAMFGETF,171.77,171.77,166.54,167.62,168.42,168.40,,167.63,,,47618,7971373.15,563,F1,1,,,,,
2026-08-31,2026-08-31,CM,NSE,STK,6353,INF769K01EG9,NIFTYETF,EQ,,,,,MIRAEAMC - MAN50ETF,263.29,263.76,261.37,261.92,262.20,262.96,,261.93,,,66656,17464395.13,931,F1,1,,,,,
2026-08-31,2026-08-31,CM,NSE,STK,14786,INF769K01JU9,LOWVOL,EQ,,,,,MIRAEAMC - MANV30F,207.27,207.57,206.24,207.57,207.57,208.13,,207.57,,,5097,1054971.47,39,F1,1,,,,,
2026-08-31,2026-08-31,CM,NSE,STK,17181,INF769K01FN2,NEXT50,EQ,,,,,MIRAEAMC - MANXT50,763.41,765.92,756.10,757.85,759.10,763.78,,757.85,,,44448,33721303.56,2472,F1,1,,,,,
2026-08-31,2026-08-31,CM,NSE,STK,16777,INF769K01KG6,SILVERAG,EQ,,,,,MIRAEAMC - MASILVER,227.83,227.83,224.70,227.11,227.02,234.83,,227.11,,,363309,82199425.51,3370,F1,1,,,,,
2026-08-31,2026-08-31,CM,NSE,STK,5782,INF769K01HP3,MASPTOP50,EQ,,,,,MIRAEAMC - MASPTOP50,80.51,80.52,80.51,80.52,80.52,79.78,,80.52,,,181151,14586234.56,1874,F1,1,,,,,
2026-08-31,2026-08-31,CM,NSE,STK,25744,INF769K01LY7,METAL,EQ,,,,,MIRAEAMC - METAL,13.89,13.89,13.31,13.36,13.40,13.60,,13.36,,,2235145,29906994.39,6058,F1,1,,,,,
2026-08-31,2026-08-31,CM,NSE,STK,23855,INF769K01LJ8,MIDSMALL,EQ,,,,,MIRAEAMC - MIDSMALL,52.75,52.86,52.08,52.41,52.70,52.75,,52.41,,,261744,13696460.61,2070,F1,1,,,,,
2026-08-31,2026-08-31,CM,NSE,STK,764198,INF769K01RC0,MOMMIDCAP,EQ,,,,,MIRAEAMC - MOMMIDCAP,13.18,13.32,13.11,13.17,13.32,13.27,,13.17,,,3169649,41747824.72,983,F1,1,,,,,
2026-08-31,2026-08-31,CM,NSE,STK,25080,INF769K01LX9,MULTICAP,EQ,,,,,MIRAEAMC - MULTICAP,17.22,17.22,16.75,16.80,16.85,16.89,,16.80,,,158360,2661806.62,677,F1,1,,,,,
2026-08-31,2026-08-31,CM,NSE,STK,30109,INF769K01ON4,SELECTIPO,EQ,,,,,MIRAEAMC - SELECTIPO,49.20,49.50,48.63,48.90,48.84,49.14,,48.90,,,58229,2847920.33,185,F1,1,,,,,
2026-08-31,2026-08-31,CM,NSE,STK,19224,INF769K01KT9,SENSEXETF,EQ,,,,,MIRAEAMC - SENSEXETF,79.82,79.82,79.25,79.43,79.57,79.82,,79.43,,,17103,1358881.61,331,F1,1,,,,,
2026-08-31,2026-08-31,CM,NSE,STK,759814,INF769K01PQ4,SMALL250,EQ,,,,,MIRAEAMC - SMALL250,18.64,18.93,18.35,18.44,18.45,18.56,,18.44,,,455610,8400354.87,1109,F1,1,,,,,
2026-08-31,2026-08-31,CM,NSE,STK,22832,INF769K01LC3,SMALLCAP,EQ,,,,,MIRAEAMC - SMALLCAP,49.16,49.20,48.62,48.99,48.97,49.15,,48.98,,,1248421,61026967.72,3900,F1,1,,,,,
2026-08-31,2026-08-31,CM,NSE,STK,760415,INF769K01PZ5,TOP20,EQ,,,,,MIRAEAMC - TOP20,8.98,8.98,8.92,8.95,8.94,8.98,,8.95,,,12782,114345.06,130,F1,1,,,,,
2026-08-31,2026-08-31,CM,NSE,STK,761511,INF769K01QV2,VALUE,EQ,,,,,MIRAEAMC - VALUE,16.10,16.14,15.97,16.10,16.14,16.17,,16.08,,,37118,594334.03,152,F1,1,,,,,
2026-08-31,2026-08-31,CM,NSE,STK,4394,INE771A01026,MIRZAINT,EQ,,,,,MIRZA INTERNATIONAL LIMIT,31.82,32.04,31.42,31.64,31.71,31.83,,31.64,,,59563,1891343.08,839,F1,1,,,,,
2026-08-31,2026-08-31,CM,NSE,STK,2463,INE099Z01011,MIDHANI,EQ,,,,,MISHRA DHATU NIGAM LTD,417.00,417.00,406.60,414.15,414.00,417.75,,414.15,,,420195,172873310.20,12329,F1,1,,,,,
2026-08-31,2026-08-31,CM,NSE,STK,8475,INE828O01033,MITCON,BE,,,,,MITCON CON & ENG SER LTD,76.10,78.97,76.00,78.74,78.74,76.10,,78.74,,,1432,110917.59,36,F1,1,,,,,
2026-08-31,2026-08-31,CM,NSE,STK,18562,INE997Y01027,MITTAL,EQ,,,,,MITTAL LIFE STYLE LIMITED,0.83,0.85,0.81,0.82,0.82,0.83,,0.82,,,899179,742721.07,402,F1,1,,,,,
2026-08-31,2026-08-31,CM,NSE,STK,13844,INE227C01017,MMFL,EQ,,,,,MM FORGINGS LTD,640.00,652.75,620.30,650.10,650.00,641.70,,650.09,,,140309,90215751.60,8772,F1,1,,,,,
2026-08-31,2026-08-31,CM,NSE,STK,16395,INE511Y01018,MMP,EQ,,,,,MMP INDUSTRIES LIMITED,412.90,412.90,372.00,393.45,400.00,404.40,,393.45,,,162115,63165990.15,4636,F1,1,,,,,
2026-08-31,2026-08-31,CM,NSE,STK,17957,INE123F01029,MMTC,EQ,,,,,MMTC LIMITED,62.90,62.96,62.15,62.35,62.30,63.07,,62.35,,,943688,58869231.42,6181,F1,1,,,,,
2026-08-31,2026-08-31,CM,NSE,STK,760196,INE1YNB01019,MOBILISE,SM,,,,,MOBILISE APP LAB LIMITED,115.75,115.75,115.75,115.75,115.75,115.75,,115.75,,,1600,185200.00,1,F1,1600,,,,,
2026-08-31,2026-08-31,CM,NSE,STK,2241,INE794W01014,MODTHREAD,EQ,,,,,MODERN THREADS INDIA LTD,52.70,54.25,51.20,53.58,53.78,53.51,,53.57,,,4993,263505.83,79,F1,1,,,,,
2026-08-31,2026-08-31,CM,NSE,STK,760277,INE537F01012,MODINATUR,EQ,,,,,MODI NATURALS LIMITED,340.00,349.00,336.10,343.70,341.00,347.95,,344.22,,,34478,11796526.90,2039,F1,1,,,,,
2026-08-31,2026-08-31,CM,NSE,STK,2229,INE832A01018,MODIRUBBER,EQ,,,,,MODI RUBBER LTD,132.24,132.24,127.01,129.55,128.00,132.63,,129.56,,,1812,234069.42,78,F1,1,,,,,
2026-08-31,2026-08-31,CM,NSE,STK,759752,INE0L0L01012,MODIS,EQ,,,,,MODIS NAVNIRMAN LTD,380.10,381.15,376.15,379.70,377.10,377.45,,379.69,,,19201,7271509.45,777,F1,1,,,,,
2026-08-31,2026-08-31,CM,NSE,STK,3316,INE737D01021,MODISONLTD,EQ,,,,,MODISON LIMITED,418.70,454.05,418.70,454.05,454.05,412.80,,453.88,,,392989,176475813.30,5820,F1,1,,,,,
2026-08-31,2026-08-31,CM,NSE,STK,29423,INE954E01012,MOHITIND,EQ,,,,,MOHIT INDUSTRIES LTD,25.80,25.80,23.53,24.08,23.60,24.69,,24.08,,,5796,141373.99,88,F1,1,,,,,
2026-08-31,2026-08-31,CM,NSE,STK,765130,INE154B01023,MOHITE,EQ,,,,,MOHITE INDUSTRIES LTD.,3.01,3.30,2.95,3.24,3.20,2.95,,3.24,,,202176,634668.26,298,F1,1,,,,,
2026-08-31,2026-08-31,CM,NSE,STK,20830,INE490G01020,MOIL,EQ,,,,,MOIL LIMITED,257.50,257.50,246.90,247.80,248.80,258.25,,247.80,,,2985237,741831870.05,37431,F1,1,,,,,
2026-08-31,2026-08-31,CM,NSE,STK,3586,INE514Y01020,MOKSH,EQ,,,,,MOKSH ORNAMENTS LIMITED,10.44,10.64,10.32,10.48,10.49,10.69,,10.48,,,93250,978456.56,297,F1,1,,,,,
2026-08-31,2026-08-31,CM,NSE,STK,764548,INE869T01028,MOLBIO,EQ,,,,,MOLBIO DIAGNOSTICS LTD,1102.10,1161.10,1065.20,1086.30,1078.20,1094.75,,1086.31,,,1158527,1292751982.35,48850,F1,1,,,,,
2026-08-31,2026-08-31,CM,NSE,STK,6713,INE893J01029,MOLDTKPAC,EQ,,,,,MOLD-TEK PACKAGING LTD,695.50,714.55,688.00,709.25,710.00,691.20,,709.26,,,94897,67094625.35,5409,F1,1,,,,,
2026-08-31,2026-08-31,CM,NSE,STK,17629,INE835B01035,MOLDTECH,BE,,,,,MOLD-TEK TECHNOLOGIES LTD,194.50,197.00,192.00,195.98,196.30,194.07,,196.15,,,30564,5973594.53,504,F1,1,,,,,
2026-08-31,2026-08-31,CM,NSE,STK,7679,INE903D01011,MONARCH,EQ,,,,,MONARCH NETWORTH CAP LTD,378.70,386.95,375.25,380.60,380.60,376.60,,380.60,,,103311,39379152.15,2338,F1,1,,,,,
2026-08-31,2026-08-31,CM,NSE,STK,759381,INE296Q01012,MONEYBOXX,EQ,,,,,MONEYBOXX FINANCE LIMITED,56.00,57.85,56.00,57.80,57.85,56.97,,57.80,,,3415,193079.20,32,F1,1,,,,,
2026-08-31,2026-08-31,CM,NSE,STK,18392,INE0OIP01012,MONOPHARMA,SM,,,,,MONO PHARMACARE LIMITED,8.55,9.00,8.55,9.00,9.00,9.00,,9.00,,,12000,105500.00,6,F1,2000,,,,,
2026-08-31,2026-08-31,CM,NSE,STK,756958,INE1DV401010,MONOLITH,SM,,,,,MONOLITHISCH INDIA LTD,1216.00,1240.00,1169.00,1177.60,1180.00,1226.00,,1177.60,,,47750,57369250.00,145,F1,250,,,,,
2026-08-31,2026-08-31,CM,NSE,STK,5938,INE950M01013,MONTECARLO,EQ,,,,,MONTE CARLO FASHIONS LTD.,538.45,547.55,525.25,530.30,530.00,539.55,,530.31,,,136923,72931122.75,7845,F1,1,,,,,
2026-08-31,2026-08-31,CM,NSE,STK,25876,INE161G01027,MORARJEE,BZ,,,,,MORARJEE TEXTILES LIMITED,9.70,10.18,9.68,9.70,9.68,10.18,,9.70,,,14858,147268.74,37,F1,1,,,,,
2026-08-31,2026-08-31,CM,NSE,STK,2259,INE083A01026,MOREPENLAB,EQ,,,,,MOREPEN LAB. LTD,106.13,110.38,101.52,107.16,107.38,106.19,,107.16,,,41094007,4371670036.62,121348,F1,1,,,,,
2026-08-31,2026-08-31,CM,NSE,STK,15057,INE0N7S01028,MOS,ST,,,,,MOS UTILITY LIMITED,9.45,9.60,9.15,9.15,9.15,9.60,,9.15,,,304000,2810600.00,58,F1,4000,,,,,
2026-08-31,2026-08-31,CM,NSE,STK,29459,INE935B01025,MOSCHIP,EQ,,,,,MOSCHIP TECHNOLOGIES LTD,219.00,219.00,211.54,214.18,213.98,219.77,,214.18,,,1578513,337142010.07,19194,F1,1,,,,,
2026-08-31,2026-08-31,CM,NSE,STK,8596,INE0FS801015,MSUMI,EQ,,,,,MOTHERSON SUMI WRNG IND L,37.70,37.74,36.62,36.79,36.80,37.74,,36.79,,,8620766,318662158.52,38859,F1,1,,,,,
2026-08-31,2026-08-31,CM,NSE,STK,21423,INF247L01023,MOM100,EQ,,,,,MOTILAL OS MIDCAP100 ETF,69.49,69.49,68.41,68.83,69.08,69.12,,68.83,,,427791,29391033.64,3262,F1,1,,,,,
2026-08-31,2026-08-31,CM,NSE,STK,22739,INF247L01AP3,MON100,EQ,,,,,MOTILAL OS NASDAQ100 ETF,332.20,332.20,332.20,332.20,332.20,327.10,,332.20,,,462295,153574399.00,3038,F1,1,,,,,
2026-08-31,2026-08-31,CM,NSE,STK,14947,INE338I01027,MOTILALOFS,EQ,,,,,MOTILAL OSWAL FIN LTD,1041.30,1045.35,1022.00,1042.90,1042.90,1038.30,,1042.87,,,635723,656972987.55,18633,F1,1,,,,,
2026-08-31,2026-08-31,CM,NSE,STK,19289,INF247L01536,MOM50,EQ,,,,,MOTILAL OSWAL M50 ETF,253.60,254.00,250.75,251.62,253.28,253.60,,251.65,,,3060,771677.02,150,F1,1,,,,,
2026-08-31,2026-08-31,CM,NSE,STK,1507,INF247L01AK4,MOGSEC,EQ,,,,,MOTILALAMC - G5,65.11,65.39,65.03,65.07,65.12,65.11,,65.02,,,826,53796.35,50,F1,1,,,,,
2026-08-31,2026-08-31,CM,NSE,STK,757669,INF247L01FR8,MOALPHA50,EQ,,,,,MOTILALAMC - MOALPHA50,58.63,58.63,56.80,56.95,56.96,57.48,,56.95,,,11371,648564.83,130,F1,1,,,,,
2026-08-31,2026-08-31,CM,NSE,STK,761693,INF247L01GV8,MOBANK10,EQ,,,,,MOTILALAMC - MOBANK10,16.80,17.08,16.80,16.91,16.89,16.85,,16.91,,,33464,566383.83,117,F1,1,,,,,
2026-08-31,2026-08-31,CM,NSE,STK,30065,INF247L01EV3,MOCAPITAL,EQ,,,,,MOTILALAMC - MOCAPITAL,55.38,55.70,54.45,54.73,54.95,55.39,,54.73,,,614209,33663852.87,3697,F1,1,,,,,
2026-08-31,2026-08-31,CM,NSE,STK,24944,INF247L01DJ0,MODEFENCE,EQ,,,,,MOTILALAMC - MODEFENCE,110.00,110.00,105.53,106.59,106.88,106.85,,106.55,,,974260,103433393.42,9047,F1,1,,,,,
2026-08-31,2026-08-31,CM,NSE,STK,759374,INF247L01GH7,MOENERGY,EQ,,,,,MOTILALAMC - MOENERGY,38.92,38.92,37.90,37.96,37.99,38.16,,37.96,,,142310,5404505.96,972,F1,1,,,,,
2026-08-31,2026-08-31,CM,NSE,STK,757791,INF247L01FY4,MOGOLD,EQ,,,,,MOTILALAMC - MOGOLD,153.70,153.70,150.00,152.60,152.60,156.85,,152.54,,,64887,9870191.65,899,F1,1,,,,,
2026-08-31,2026-08-31,CM,NSE,STK,10508,INF247L01BB1,MOHEALTH,EQ,,,,,MOTILALAMC - MOHEALTH,53.76,53.76,51.66,52.13,52.00,52.45,,52.13,,,50952,2654581.87,720,F1,1,,,,,
2026-08-31,2026-08-31,CM,NSE,STK,757031,INF247L01FL1,MOINFRA,EQ,,,,,MOTILALAMC - MOINFRA,58.55,61.31,58.02,59.57,58.36,59.36,,59.57,,,15102,889311.58,223,F1,1,,,,,
2026-08-31,2026-08-31,CM,NSE,STK,759891,INF247L01GI5,MOIPO,EQ,,,,,MOTILALAMC - MOIPO,49.11,49.17,48.66,48.81,49.16,49.26,,48.81,,,5995,293115.99,54,F1,1,,,,,
2026-08-31,2026-08-31,CM,NSE,STK,8654,INF247L01BL0,MOLOWVOL,EQ,,,,,MOTILALAMC - MOLOWVOL,36.61,37.00,36.29,36.45,36.52,36.61,,36.47,,,9955,361743.55,82,F1,1,,,,,
2026-08-31,2026-08-31,CM,NSE,STK,25606,INF247L01DK8,MOMENTUM50,EQ,,,,,MOTILALAMC - MOMENTUM50,55.97,55.97,54.67,55.03,55.40,55.46,,55.04,,,437797,24052652.68,2562,F1,1,,,,,
2026-08-31,2026-08-31,CM,NSE,STK,764402,INF247L01HG7,MOMETAL,EQ,,,,,MOTILALAMC - MOMETAL,13.75,13.75,13.17,13.26,13.27,13.62,,13.26,,,75593,1003717.40,83,F1,1,,,,,
2026-08-31,2026-08-31,CM,NSE,STK,757099,INF247L01FK3,MOMGF,EQ,,,,,MOTILALAMC - MOMGF,164.44,166.20,163.34,165.70,163.68,165.12,,165.70,,,3301,543071.85,42,F1,1,,,,,
2026-08-31,2026-08-31,CM,NSE,STK,757817,INF247L01FQ0,MOMIDMTM,EQ,,,,,MOTILALAMC - MOMIDMTM,66.68,66.97,63.99,64.73,65.45,65.49,,64.73,,,229567,14887818.28,465,F1,1,,,,,
2026-08-31,2026-08-31,CM,NSE,STK,760054,INF247L01GK1,MOMNC,EQ,,,,,MOTILALAMC - MOMNC,32.90,32.94,32.80,32.94,32.94,33.05,,32.94,,,1225,40247.32,16,F1,1,,,,,
2026-08-31,2026-08-31,CM,NSE,STK,8182,INF247L01BK2,MOMOMENTUM,EQ,,,,,MOTILALAMC - MOMOMENTUM,63.55,64.00,62.63,62.78,62.63,63.50,,62.80,,,24500,1542066.22,523,F1,1,,,,,
2026-08-31,2026-08-31,CM,NSE,STK,756900,INF247L01FC0,MON50EQUAL,EQ,,,,,MOTILALAMC - MON50EQUAL,33.56,33.56,33.19,33.35,33.40,33.71,,33.35,,,11315,376924.74,83,F1,1,,,,,
2026-08-31,2026-08-31,CM,NSE,STK,757167,INF247L01FD8,MONEXT50,EQ,,,,,MOTILALAMC - MONEXT50,74.97,74.97,73.15,73.52,73.59,74.02,,73.52,,,8720,639324.88,84,F1,1,,,,,
2026-08-31,2026-08-31,CM,NSE,STK,759371,INF247L01GG9,MONIFTY100,EQ,,,,,MOTILALAMC - MONIFTY100,25.66,25.66,25.26,25.41,25.49,25.50,,25.41,,,11031,280106.69,91,F1,1,,,,,
2026-08-31,2026-08-31,CM,NSE,STK,19237,INF247L01BU1,MONIFTY500,EQ,,,,,MOTILALAMC - MONIFTY500,24.25,24.25,23.89,23.96,24.04,24.11,,23.96,,,381112,9131783.35,1773,F1,1,,,,,
2026-08-31,2026-08-31,CM,NSE,STK,7422,INF247L01AU3,MONQ50,EQ,,,,,MOTILALAMC - MONQ50,148.03,148.04,147.15,148.04,148.04,146.37,,148.04,,,86081,12742576.86,2056,F1,1,,,,,
2026-08-31,2026-08-31,CM,NSE,STK,764405,INF247L01HH5,MOOILGAS,EQ,,,,,MOTILALAMC - MOOILGAS,11.33,11.33,11.00,11.12,11.12,11.11,,11.12,,,4430,48918.25,51,F1,1,,,,,
2026-08-31,2026-08-31,CM,NSE,STK,757431,INF247L01FO5,MOPSE,EQ,,,,,MOTILALAMC - MOPSE,98.50,99.97,97.90,99.95,99.00,98.57,,99.95,,,1470,144321.63,31,F1,1,,,,,
2026-08-31,2026-08-31,CM,NSE,STK,10822,INF247L01BH8,MOQUALITY,EQ,,,,,MOTILALAMC - MOQUALITY,201.16,201.35,200.60,200.62,200.62,201.57,,200.85,,,840,168835.35,19,F1,1,,,,,
2026-08-31,2026-08-31,CM,NSE,STK,23184,INF247L01CI4,MOREALTY,EQ,,,,,MOTILALAMC - MOREALTY,93.00,93.00,89.10,90.05,90.05,90.82,,90.05,,,2147253,193126098.22,2859,F1,1,,,,,
2026-08-31,2026-08-31,CM,NSE,STK,760001,INF247L01GJ3,MOSERVICE,EQ,,,,,MOTILALAMC - MOSERVICE,31.22,31.50,30.85,31.01,31.03,31.22,,31.01,,,3262,100931.15,68,F1,1,,,,,
2026-08-31,2026-08-31,CM,NSE,STK,758457,INF247L01FZ1,MOSILVER,EQ,,,,,MOTILALAMC - MOSILVER,231.20,231.48,228.31,230.78,230.80,237.69,,230.78,,,74753,17173342.23,2003,F1,1,,,,,
2026-08-31,2026-08-31,CM,NSE,STK,23181,INF247L01CH6,MOSMALL250,EQ,,,,,MOTILALAMC - MOSMALL250,18.55,18.65,18.34,18.49,18.55,18.55,,18.49,,,849381,15684500.92,2801,F1,1,,,,,
2026-08-31,2026-08-31,CM,NSE,STK,757443,INF247L01FP2,MOTOUR,EQ,,,,,MOTILALAMC - MOTOUR,78.60,78.60,77.53,78.07,78.12,78.70,,78.07,,,15909,1241019.24,259,F1,1,,,,,
2026-08-31,2026-08-31,CM,NSE,STK,10825,INF247L01BE5,MOVALUE,EQ,,,,,MOTILALAMC - MOVALUE,112.75,113.45,112.01,112.31,112.20,113.08,,112.32,,,71303,8010457.65,1008,F1,1,,,,,
2026-08-31,2026-08-31,CM,NSE,STK,20788,INE0FRK01020,MOTISONS,EQ,,,,,MOTISONS JEWELLERS LTD,16.76,16.78,16.13,16.24,16.26,16.64,,16.24,,,15042446,246299707.30,10855,F1,1,,,,,
2026-08-31,2026-08-31,CM,NSE,STK,8793,INE861B01023,MOTOGENFIN,BE,,,,,MOTOR & GENERAL FINANCE L,27.74,28.10,27.40,28.04,28.10,27.00,,28.04,,,12719,352021.45,71,F1,1,,,,,
2026-08-31,2026-08-31,CM,NSE,STK,757810,INE0XM301010,MMEL,SM,,,,,MOVING MEDIA ENTER LTD,24.20,26.00,22.50,24.50,24.75,25.00,,24.50,,,58000,1403200.00,20,F1,2000,,,,,
2026-08-31,2026-08-31,CM,NSE,STK,765138,INE493H01014,MPDL,BE,,,,,MPDL LTD.,31.15,31.15,31.00,31.00,31.00,32.45,,33.49,,,2174,67552.35,22,F1,1,,,,,
2026-08-31,2026-08-31,CM,NSE,STK,4503,INE356A01018,MPHASIS,EQ,,,,,MPHASIS LIMITED,2443.70,2443.70,2387.10,2427.40,2427.40,2455.00,,2427.40,,,354361,854798156.30,19113,F1,1,,,,,
2026-08-31,2026-08-31,CM,NSE,STK,10578,INE943D01017,MPSLTD,EQ,,,,,MPS LIMITED,2675.00,2703.60,2642.40,2683.80,2690.00,2677.90,,2683.92,,,8315,22258206.60,1838,F1,1,,,,,
2026-08-31,2026-08-31,CM,NSE,STK,2277,INE883A01011,MRF,EQ,,,,,MRF LTD,131900.00,135800.00,131040.00,133745.00,134500.00,132080.00,,133750.35,,,12796,1707982505.00,7836,F1,1,,,,,
2026-08-31,2026-08-31,CM,NSE,STK,2283,INE103A01014,MRPL,EQ,,,,,MRPL,168.50,172.84,167.11,170.37,169.61,168.53,,170.36,,,5763255,981377293.64,37298,F1,1,,,,,
2026-08-31,2026-08-31,CM,NSE,STK,1628,INE495P01020,BECTORFOOD,EQ,,,,,MRS BECTORS FOOD SPE LTD,231.00,233.92,226.08,226.91,226.51,232.87,,226.91,,,1337079,306564464.38,23903,F1,1,,,,,
2026-08-31,2026-08-31,CM,NSE,STK,11919,INE752G01015,MSPL,EQ,,,,,MSP STEEL & POWER LTD.,36.30,36.65,35.21,35.48,35.26,36.39,,35.48,,,831053,29882916.85,3028,F1,1,,,,,
2026-08-31,2026-08-31,CM,NSE,STK,9356,INE255X01014,MSTCLTD,EQ,,,,,MSTC LIMITED,732.00,763.00,717.90,751.10,751.70,729.65,,751.08,,,730593,545744089.50,22540,F1,1,,,,,
2026-08-31,2026-08-31,CM,NSE,STK,31413,INE472M01018,MTEDUCARE,BE,,,,,MT EDUCARE LTD,1.73,1.80,1.65,1.78,1.78,1.72,,1.79,,,79631,140682.84,65,F1,1,,,,,
2026-08-31,2026-08-31,CM,NSE,STK,2715,INE864I01014,MTARTECH,BE,,,,,MTAR TECHNOLOGIES LIMITED,6950.00,7074.00,6800.00,7043.50,6982.50,6997.00,,7043.44,,,102068,715257197.00,16012,F1,1,,,,,
2026-08-31,2026-08-31,CM,NSE,STK,19783,INE08KJ01020,MUFIN,EQ,,,,,MUFIN GREEN FINANCE LTD,138.00,138.26,135.81,136.53,136.40,138.27,,136.53,,,447793,61266844.81,2553,F1,1,,,,,
2026-08-31,2026-08-31,CM,NSE,STK,11325,INE304A01026,MUKANDLTD,EQ,,,,,MUKAND LTD.,137.01,139.99,135.20,137.38,138.84,137.27,,137.37,,,88008,12096112.17,1132,F1,1,,,,,
2026-08-31,2026-08-31,CM,NSE,STK,764788,INE596B01017,MUKESHB,EQ,,,,,MUKESH BABU FINANC SER L,138.60,138.70,138.54,138.55,138.55,145.83,,139.28,,,2009,278335.57,8,F1,1,,,,,
2026-08-31,2026-08-31,CM,NSE,STK,22980,INE0CG401037,MUKKA,EQ,,,,,MUKKA PROTEINS LIMITED,25.00,25.64,24.30,24.81,24.35,25.06,,24.81,,,366161,9200298.98,1568,F1,1,,,,,
2026-08-31,2026-08-31,CM,NSE,STK,8691,INE374B01019,MUKTAARTS,BE,,,,,MUKTA ARTS LIMITED,56.20,56.25,56.05,56.05,56.05,56.25,,56.05,,,6237,350361.52,37,F1,1,,,,,
2026-08-31,2026-08-31,CM,NSE,STK,31181,INE745G01043,MCX,EQ,,,,,MULTI COMMODITY EXCHANGE,3316.00,3400.00,3300.00,3400.00,3400.00,3332.00,,3399.69,,,2802136,9381331637.30,107246,F1,1,,,,,
2026-08-31,2026-08-31,CM,NSE,STK,759416,INE1K8Y01018,MUNISH,SM,,,,,MUNISH FORGE LIMITED,88.00,89.90,87.00,88.00,88.00,87.45,,88.00,,,15600,1381860.00,13,F1,1200,,,,,
2026-08-31,2026-08-31,CM,NSE,STK,13511,INE672B01032,MUNJALAU,EQ,,,,,MUNJAL AUTO IND. LTD.,111.50,116.70,110.60,115.79,115.15,112.40,,115.79,,,984874,112965118.38,10909,F1,1,,,,,
2026-08-31,2026-08-31,CM,NSE,STK,2307,INE577A01027,MUNJALSHOW,EQ,,,,,MUNJAL SHOWA LTD,131.10,131.94,129.83,130.39,130.00,130.97,,130.39,,,17107,2231638.94,556,F1,1,,,,,
2026-08-31,2026-08-31,CM,NSE,STK,2313,INE692B01014,MURUDCERA,EQ,,,,,MURUDESHWAR CERAMICS LTD,30.80,30.94,29.00,30.24,30.24,30.69,,30.24,,,18276,549307.40,182,F1,1,,,,,
2026-08-31,2026-08-31,CM,NSE,STK,19877,INE919I01024,RADIOCITY,EQ,,,,,MUSIC BROADCAST LIMITED,6.51,6.70,6.42,6.49,6.50,6.56,,6.50,,,53482,348928.12,150,F1,1,,,,,
2026-08-31,2026-08-31,CM,NSE,STK,10415,INE296G01013,MUTHOOTCAP,EQ,,,,,MUTHOOT CAP SERV LTD,236.90,247.45,236.90,244.62,247.45,240.43,,244.64,,,5918,1432363.73,342,F1,1,,,,,
2026-08-31,2026-08-31,CM,NSE,STK,23650,INE414G01012,MUTHOOTFIN,EQ,,,,,MUTHOOT FINANCE LIMITED,3048.20,3048.20,2978.10,2978.10,2978.10,3091.00,,2978.16,,,894840,2682492104.10,44027,F1,1,,,,,
2026-08-31,2026-08-31,CM,NSE,STK,20831,INE046W01019,MUTHOOTMF,EQ,,,,,MUTHOOT MICROFIN LIMITED,209.10,209.11,202.00,203.84,202.40,208.46,,203.85,,,397251,81272132.13,5919,F1,1,,,,,
2026-08-31,2026-08-31,CM,NSE,STK,764397,INE0OWZ01020,MVELECTRO,EQ,,,,,MV ELECTROSYSTEMS LIMITED,718.95,780.00,693.05,760.45,746.00,719.55,,760.64,,,10367613,7645154432.85,211963,F1,1,,,,,
2026-08-31,2026-08-31,CM,NSE,STK,25208,INE0RVQ01016,MYMUDRA,SM,,,,,MY MUDRA FINCORP LIMITED,74.50,74.50,70.35,70.35,70.35,71.55,,70.35,,,28800,2064480.00,22,F1,1200,,,,,
2026-08-31,2026-08-31,CM,NSE,STK,8220,INE741A01011,MYSORPETRO,BE,,,,,MYSORE PETRO CHEMICALS L,118.82,118.82,118.82,118.82,118.82,125.07,,118.82,,,3840,456268.80,74,F1,1,,,,,
2026-08-31,2026-08-31,CM,NSE,STK,20314,INE740D01017,NRAIL,EQ,,,,,N R AGARWAL INDS LTD,497.50,514.40,494.55,510.00,514.40,497.50,,509.74,,,6910,3481227.70,397,F1,1,,,,,
2026-08-31,2026-08-31,CM,NSE,STK,757489,INE104101014,NRVANDANA,SM,,,,,N R VANDANA TEX IND LTD,66.50,71.40,64.90,68.55,68.90,63.45,,68.55,,,129000,8845800.00,40,F1,3000,,,,,
2026-08-31,2026-08-31,CM,NSE,STK,764798,INE920C01017,NTCIND,EQ,,,,,N T C INDUSTRIES LTD.,133.47,138.49,130.00,134.80,133.00,133.47,,134.89,,,1684,223966.61,52,F1,1,,,,,
2026-08-31,2026-08-31,CM,NSE,STK,19111,INE365I01020,NBIFIN,EQ,,,,,N.B.I. IND. FIN. CO. LTD,1999.90,2000.00,1940.00,1961.00,1961.00,1988.70,,1961.00,,,190,375154.20,23,F1,1,,,,,
2026-08-31,2026-08-31,CM,NSE,STK,20425,INE295D01020,NACLIND,EQ,,,,,NACL INDUSTRIES LIMITED,172.12,174.38,169.11,170.23,170.90,171.63,,170.23,,,371469,63648774.30,7143,F1,1,,,,,
2026-08-31,2026-08-31,CM,NSE,STK,18371,INE756C01015,NDGL,EQ,,,,,NAGA DHUNSERI GROUP LTD,2789.00,2789.00,2740.00,2760.60,2740.00,2783.00,,2760.60,,,87,239818.80,23,F1,1,,,,,
2026-08-31,2026-08-31,CM,NSE,STK,13060,INE454M01024,NAGAFERT,BZ,,,,,NAGARJUN FERT AND CHE LTD,2.08,2.08,2.05,2.05,2.05,2.15,,2.05,,,682258,1399888.14,657,F1,1,,,,,
2026-08-31,2026-08-31,CM,NSE,STK,14942,INE245I01016,NAGREEKCAP,EQ,,,,,NAGREEKA CAP & INFR.LTD,23.15,24.49,22.00,22.35,22.13,22.77,,22.35,,,9258,212547.55,154,F1,1,,,,,
2026-08-31,2026-08-31,CM,NSE,STK,14702,INE123B01028,NAGREEKEXP,EQ,,,,,NAGREEKA EXPORTS LTD.,22.00,22.69,21.61,22.02,22.10,22.24,,22.02,,,4116,90635.13,82,F1,1,,,,,
2026-08-31,2026-08-31,CM,NSE,STK,15360,INE049I01012,NAHARCAP,EQ,,,,,NAHAR CAP & FIN.,254.00,258.99,252.00,253.92,254.00,258.44,,253.89,,,8051,2045463.29,83,F1,1,,,,,
2026-08-31,2026-08-31,CM,NSE,STK,13106,INE289A01011,NAHARINDUS,EQ,,,,,NAHAR INDS ENT LTD,135.00,142.89,135.00,136.45,136.65,135.99,,136.46,,,31994,4443001.55,605,F1,1,,,,,
2026-08-31,2026-08-31,CM,NSE,STK,14445,INE308A01027,NAHARPOLY,EQ,,,,,NAHAR POLY FILMS LIMITED,244.95,248.00,242.15,243.75,242.25,247.35,,243.75,,,4684,1142313.20,237,F1,1,,,,,
2026-08-31,2026-08-31,CM,NSE,STK,14440,INE290A01027,NAHARSPING,EQ,,,,,NAHAR SPINNING MILLS LTD.,286.00,295.00,284.95,289.45,290.00,288.40,,289.40,,,54535,15853309.20,882,F1,1,,,,,
2026-08-31,2026-08-31,CM,NSE,STK,5401,INE236Y01012,NGIL,EQ,,,,,NAKODA GROUP OF IND. LTD,41.01,41.52,40.27,40.96,40.55,41.53,,40.96,,,81138,3324633.98,68,F1,1,,,,,
2026-08-31,2026-08-31,CM,NSE,STK,11239,INE023A01030,NSIL,EQ,,,,,NALWA SONS INVESTMENT LTD,5710.00,5761.50,5631.00,5703.00,5681.00,5715.50,,5701.84,,,1267,7205020.50,270,F1,1,,,,,
2026-08-31,2026-08-31,CM,NSE,STK,23379,INE0RJM01010,NAMAN,SM,,,,,NAMAN INDUSTRE PRXIMA LTD,38.10,39.90,37.00,39.90,39.90,38.00,,39.90,,,11200,431960.00,13,F1,800,,,,,
2026-08-31,2026-08-31,CM,NSE,STK,25170,INE08NZ01012,NAMOEWASTE,ST,,,,,NAMO EWASTE MANAGEMENT L,271.05,277.45,262.00,270.50,271.00,275.50,,270.50,,,44800,11991720.00,51,F1,800,,,,,
2026-08-31,2026-08-31,CM,NSE,STK,31258,INE875G01048,NDL,EQ,,,,,NANDAN DENIM LIMITED,3.03,3.08,2.81,2.83,2.86,3.02,,2.83,,,1903856,5505750.23,2328,F1,1,,,,,
2026-08-31,2026-08-31,CM,NSE,STK,5516,INE696V01013,JAIPURKURT,EQ,,,,,NANDANI CREATION LIMITED,26.99,26.99,26.00,26.10,26.10,26.78,,26.10,,,12639,329888.69,87,F1,1,,,,,
2026-08-31,2026-08-31,CM,NSE,STK,11840,INE410P01011,NH,EQ,,,,,NARAYANA HRUDAYALAYA LTD.,1932.10,1938.40,1896.90,1907.20,1929.00,1932.10,,1907.20,,,240562,459212222.60,23654,F1,1,,,,,
2026-08-31,2026-08-31,CM,NSE,STK,11627,INE117Z01029,NARMADA,EQ,,,,,NARMADA AGROBASE LIMITED,13.96,14.10,13.55,13.83,13.84,13.96,,13.83,,,235608,3266993.39,889,F1,1,,,,,
2026-08-31,2026-08-31,CM,NSE,STK,3918,INE987B01026,NATCOPHARM,EQ,,,,,NATCO PHARMA LTD.,853.30,863.40,835.50,841.50,839.95,853.80,,841.53,,,412911,349781740.15,36565,F1,1,,,,,
2026-08-31,2026-08-31,CM,NSE,STK,11065,INE448G01010,NATHBIOGEN,EQ,,,,,NATH BIO-GENES (I) LTD,157.30,160.39,155.00,158.20,158.90,157.30,,158.18,,,12831,2029259.20,354,F1,1,,,,,
2026-08-31,2026-08-31,CM,NSE,STK,6364,INE139A01034,NATIONALUM,EQ,,,,,NATIONAL ALUMINIUM CO LTD,390.00,392.00,377.15,381.50,381.50,394.95,,381.50,,,11959002,4550330846.25,83491,F1,1,,,,,
2026-08-31,2026-08-31,CM,NSE,STK,13925,INE870D01012,NFL,EQ,,,,,NATIONAL FERT. LTD,71.07,71.07,70.10,70.37,70.21,71.09,,70.37,,,412490,29029824.68,2955,F1,1,,,,,
2026-08-31,2026-08-31,CM,NSE,STK,762807,INE166R01015,NATIONSTD,EQ,,,,,NATIONAL STAND (INDIA) L,104.00,108.22,101.01,108.22,108.22,103.07,,108.45,,,31624,3384585.20,417,F1,1,,,,,
2026-08-31,2026-08-31,CM,NSE,STK,29583,INE936B01015,NATCAPSUQ,EQ,,,,,NATURAL CAPSULES LIMITED,208.80,225.00,208.80,212.38,211.00,204.96,,212.35,,,69502,15074754.03,1533,F1,1,,,,,
2026-08-31,2026-08-31,CM,NSE,STK,4014,INE725A01030,NAVA,EQ,,,,,NAVA LIMITED,567.70,569.95,555.70,568.10,569.30,564.85,,568.09,,,293604,165870882.20,11179,F1,1,,,,,
2026-08-31,2026-08-31,CM,NSE,STK,14672,INE048G01026,NAVINFLUOR,EQ,,,,,NAVIN FLUORINE INT. LTD,8517.50,8740.00,8435.50,8675.50,8661.50,8517.50,,8675.51,,,216396,1868042837.50,41548,F1,1,,,,,
2026-08-31,2026-08-31,CM,NSE,STK,10557,INE278M01019,NAVKARCORP,EQ,,,,,NAVKAR CORPORATION LTD.,96.88,97.39,94.72,96.03,96.00,96.88,,96.03,,,308846,29625581.93,3251,F1,1,,,,,
2026-08-31,2026-08-31,CM,NSE,STK,29149,INE268H01044,NAVKARURB,BE,,,,,NAVKAR URBANSTRUCTURE LTD,0.94,0.96,0.91,0.91,0.94,0.94,,0.91,,,572504,534472.65,335,F1,1,,,,,
2026-08-31,2026-08-31,CM,NSE,STK,2385,INE060A01024,NAVNETEDUL,EQ,,,,,NAVNEET EDUCATION LTD,134.61,138.51,133.91,134.61,134.08,134.51,,134.61,,,179507,24383777.86,3390,F1,1,,,,,
2026-08-31,2026-08-31,CM,NSE,STK,2987,INE418L01047,NAZARA,EQ,,,,,NAZARA TECHNOLOGIES LTD,376.60,378.30,366.30,372.70,372.00,374.60,,372.69,,,5730211,2142717039.70,39448,F1,1,,,,,
2026-08-31,2026-08-31,CM,NSE,STK,31415,INE095N01031,NBCC,EQ,,,,,NBCC (INDIA) LIMITED,87.10,87.20,85.60,86.20,86.20,87.50,,86.19,,,5142217,442627040.68,30269,F1,1,,,,,
2026-08-31,2026-08-31,CM,NSE,STK,2319,INE868B01028,NCC,EQ,,,,,NCC LIMITED,148.40,148.80,145.60,148.37,148.50,148.40,,148.37,,,1532869,226056912.32,18667,F1,1,,,,,
2026-08-31,2026-08-31,CM,NSE,STK,14490,INE732C01016,NCLIND,EQ,,,,,NCL INDUSTRIES LIMITED,177.60,177.60,172.73,173.73,173.55,176.26,,173.73,,,56589,9828939.22,2778,F1,1,,,,,
2026-08-31,2026-08-31,CM,NSE,STK,14547,INE353A01023,NDLVENTURE,EQ,,,,,NDL VENTURES LIMITED,122.79,126.00,120.01,121.96,122.00,119.70,,122.14,,,4675,572865.01,173,F1,1,,,,,
2026-08-31,2026-08-31,CM,NSE,STK,22255,INE07OG01012,NDRAUTO,EQ,,,,,NDR AUTO COMPONENTS LTD,715.00,738.00,710.00,735.60,738.00,714.85,,735.61,,,22114,16074458.80,1891,F1,1,,,,,
2026-08-31,2026-08-31,CM,NSE,STK,22680,INE0Q7Q23015,NDRINVIT,IV,,,,,NDR INVIT TRUST,143.00,143.00,143.00,143.00,143.00,142.50,,143.00,,,50000,7150000.00,2,F1,25000,,,,,
2026-08-31,2026-08-31,CM,NSE,STK,11427,INE155G01029,NDTV,EQ,,,,,NDTV LTD,74.19,74.19,71.61,72.20,72.00,73.77,,72.23,,,93028,6765138.69,1061,F1,1,,,,,
2026-08-31,2026-08-31,CM,NSE,STK,11927,INE023H01027,NECLIFE,EQ,,,,,NECTAR LIFESCIENCES LTD.,12.48,12.93,12.42,12.54,12.55,12.47,,12.53,,,227798,2870861.49,604,F1,1,,,,,
2026-08-31,2026-08-31,CM,NSE,STK,27123,INE0N1401016,NEELAM,SM,,,,,NEELAM LINENS & GAR (I) L,7.00,7.00,7.00,7.00,7.00,7.20,,7.00,,,12000,84000.00,2,F1,6000,,,,,
2026-08-31,2026-08-31,CM,NSE,STK,762812,INE605D01012,NEAGI,EQ,,,,,NEELAMALAI AGRO INDS. L,3467.20,3600.00,3410.10,3496.70,3528.00,3450.00,,3490.72,,,34,118676.80,17,F1,1,,,,,
2026-08-31,2026-08-31,CM,NSE,STK,14761,INE189I01024,NELCAST,EQ,,,,,NELCAST LIMITED,119.10,120.75,117.13,118.16,119.25,119.85,,118.16,,,139927,16581740.20,1833,F1,1,,,,,
2026-08-31,2026-08-31,CM,NSE,STK,2388,INE045B01015,NELCO,EQ,,,,,NELCO LTD,959.90,979.80,945.10,951.50,950.10,961.20,,951.50,,,162293,155863661.80,8314,F1,1,,,,,
2026-08-31,2026-08-31,CM,NSE,STK,760928,INE21UM01018,NEOCHEM,SM,,,,,NEOCHEM BIO SOLUTIONS LTD,94.00,101.90,94.00,99.00,99.00,98.00,,99.00,,,26400,2601900.00,21,F1,1200,,,,,
2026-08-31,2026-08-31,CM,NSE,STK,9917,INE136S01016,NEOGEN,EQ,,,,,NEOGEN CHEMICALS LIMITED,2206.50,2215.30,2162.00,2201.20,2198.00,2209.80,,2201.19,,,85393,187079058.40,16957,F1,1,,,,,
2026-08-31,2026-08-31,CM,NSE,STK,24350,INE0SUN01013,NEPHROCARE,SM,,,,,NEPHRO CARE INDIA LIMITED,102.25,104.50,101.00,101.85,101.25,102.25,,101.85,,,12000,1228600.00,27,F1,400,,,,,
2026-08-31,2026-08-31,CM,NSE,STK,760346,INE428V01029,NEPHROPLUS,EQ,,,,,NEPHROCARE HEALTH SERV L,692.35,692.40,669.00,682.95,680.50,692.35,,682.92,,,247293,168052687.85,13550,F1,1,,,,,
2026-08-31,2026-08-31,CM,NSE,STK,757493,INE156901014,NEPTUNE,SM,,,,,NEPTUNE PETROCHEMICALS L,178.00,178.00,178.00,178.00,178.00,182.00,,178.00,,,1500,267000.00,3,F1,500,,,,,
2026-08-31,2026-08-31,CM,NSE,STK,15409,INE317F01035,NESCO,EQ,,,,,NESCO LTD.,1050.10,1062.00,1031.30,1040.90,1037.20,1048.40,,1040.99,,,46705,48810685.80,5967,F1,1,,,,,
2026-08-31,2026-08-31,CM,NSE,STK,17963,INE239A01024,NESTLEIND,EQ,,,,,NESTLE INDIA LIMITED,1445.10,1496.50,1427.60,1496.50,1496.50,1454.60,,1495.92,,,2320372,3391912091.60,33792,F1,1,,,,,
2026-08-31,2026-08-31,CM,NSE,STK,17433,INE0NT901020,NETWEB,EQ,,,,,NETWEB TECH INDIA LTD,5322.00,5351.50,5141.00,5188.60,5177.70,5322.90,,5188.86,,,1058849,5493727889.30,89163,F1,1,,,,,
2026-08-31,2026-08-31,CM,NSE,STK,756324,INE0FFK01017,NPST,EQ,,,,,NETWORK PEOPLE SRV TECH L,1715.20,1715.50,1651.10,1670.60,1670.10,1701.10,,1670.63,,,19622,32807270.90,3288,F1,1,,,,,
2026-08-31,2026-08-31,CM,NSE,STK,14111,INE870H01013,NETWORK18,EQ,,,,,NETWORK18 MEDIA & INV LTD,28.70,28.70,27.01,27.23,27.34,28.80,,27.23,,,23912433,655239983.27,35126,F1,1,,,,,
2026-08-31,2026-08-31,CM,NSE,STK,30554,INE333I01044,NEUEON,BE,,,,,NEUEON CORPORATION LTD,13.78,13.78,12.68,12.68,12.69,13.34,,12.68,,,24539,318947.65,133,F1,1,,,,,
2026-08-31,2026-08-31,CM,NSE,STK,2406,INE794A01010,NEULANDLAB,EQ,,,,,NEULAND LAB LTD.,23265.00,23332.00,22824.00,23010.00,22935.00,23205.00,,23008.12,,,41464,954778439.00,17043,F1,1,,,,,
2026-08-31,2026-08-31,CM,NSE,STK,1164,INE619B01017,NEWGEN,EQ,,,,,NEWGEN SOFTWARE TECH LTD,562.00,562.05,526.00,528.85,528.00,567.10,,528.85,,,2474710,1323852841.85,49623,F1,1,,,,,
2026-08-31,2026-08-31,CM,NSE,STK,19161,INE0PW501021,NEWJAISA,ST,,,,,NEWJAISA TECHNOLOGIES LTD,17.95,17.95,17.95,17.95,17.95,17.60,,17.95,,,39000,700050.00,6,F1,1500,,,,,
2026-08-31,2026-08-31,CM,NSE,STK,28801,INE0TP801012,NMSTEEL,SM,,,,,NEWMALAYALAM STEEL LTD,23.50,23.50,23.00,23.00,23.00,24.00,,23.00,,,3200,74400.00,2,F1,1600,,,,,
2026-08-31,2026-08-31,CM,NSE,STK,9867,INE747B01016,NEXTMEDIA,EQ,,,,,NEXT MEDIAWORKS LIMITED,5.30,5.52,4.62,4.98,4.90,4.62,,4.99,,,1347728,7027255.42,2296,F1,1,,,,,
2026-08-31,2026-08-31,CM,NSE,STK,15815,INE0NDH25011,NXST,RR,,,,,NEXUS SELECT TRUST,167.95,168.00,167.01,167.79,167.99,167.01,,167.79,,,537034,90066806.91,27323,F1,1,,,,,
2026-08-31,2026-08-31,CM,NSE,STK,763536,INE0T1501010,NFPSAMPOOR,SM,,,,,NFP SAMPOORNA FOODS LTD,22.00,22.00,20.45,21.65,22.00,22.05,,21.65,,,26000,554700.00,12,F1,2000,,,,,
2026-08-31,2026-08-31,CM,NSE,STK,10277,INE887E01022,NGLFINE,EQ,,,,,NGL FINE CHEM LIMITED,2800.00,2803.00,2620.00,2649.50,2652.00,2813.40,,2649.44,,,18852,50800044.70,3943,F1,1,,,,,
2026-08-31,2026-08-31,CM,NSE,STK,17400,INE848E01016,NHPC,EQ,,,,,NHPC LTD,74.98,76.72,74.30,76.72,76.72,74.82,,76.72,,,16814619,1271220627.28,32962,F1,1,,,,,
2026-08-31,2026-08-31,CM,NSE,STK,29487,INE149O01018,NIBE,EQ,,,,,NIBE LIMITED,1409.70,1409.70,1360.00,1371.60,1370.00,1408.10,,1371.64,,,32949,45261707.00,3254,F1,1,,,,,
2026-08-31,2026-08-31,CM,NSE,STK,764793,INE653C01022,NICCOPAR,EQ,,,,,NICCO PARKS & RESORTS LTD,87.47,87.47,80.00,85.51,85.56,87.04,,85.70,,,1663,140336.99,99,F1,1,,,,,
2026-08-31,2026-08-31,CM,NSE,STK,6592,INE0J6L01013,NIDAN,SM,,,,,NIDAN LABS AND HEALTH LTD,13.50,13.75,13.10,13.20,13.20,13.50,,13.20,,,5000,67250.00,5,F1,1000,,,,,
2026-08-31,2026-08-31,CM,NSE,STK,17747,INE342G01023,NIITMTS,EQ,,,,,NIIT LEARNING SYSTEMS LTD,234.50,234.50,224.80,227.12,227.00,233.07,,227.12,,,66127,15029586.16,4062,F1,1,,,,,
2026-08-31,2026-08-31,CM,NSE,STK,11522,INE161A01038,NIITLTD,EQ,,,,,NIIT LIMITED,105.52,108.00,100.50,101.44,101.00,105.52,,101.44,,,1128924,118697600.80,12217,F1,1,,,,,
2026-08-31,2026-08-31,CM,NSE,STK,9253,INE937C01029,NILAINFRA,EQ,,,,,NILA INFRASTRUCTURES LTD,6.90,6.90,6.70,6.74,6.76,6.79,,6.74,,,179658,1214436.48,539,F1,1,,,,,
2026-08-31,2026-08-31,CM,NSE,STK,7411,INE00S901012,NILASPACES,EQ,,,,,NILA SPACES LIMITED,12.80,12.80,12.44,12.55,12.63,12.55,,12.55,,,378591,4752112.61,1316,F1,1,,,,,
2026-08-31,2026-08-31,CM,NSE,STK,762817,INE445D01013,NILE,EQ,,,,,NILE LTD.,1509.00,1525.00,1457.10,1498.20,1500.00,1487.40,,1498.35,,,3192,4754230.90,617,F1,1,,,,,
2026-08-31,2026-08-31,CM,NSE,STK,2421,INE310A01015,NILKAMAL,EQ,,,,,NILKAMAL LIMITED,2058.00,2058.00,1980.20,2006.20,2025.00,2071.90,,2006.14,,,49450,99231975.70,5710,F1,1,,,,,
2026-08-31,2026-08-31,CM,NSE,STK,761720,INE875B01015,NIMBSPROJ,EQ,,,,,NIMBUS PROJECTS LIMITED,170.00,174.00,169.70,172.12,172.89,169.98,,172.12,,,187585,32343729.74,153,F1,1,,,,,
2026-08-31,2026-08-31,CM,NSE,STK,14194,INE395U01014,NINSYS,EQ,,,,,NINTEC SYSTEMS LIMITED,730.00,730.00,703.00,714.00,714.25,722.80,,714.93,,,3014,2148915.10,425,F1,1,,,,,
2026-08-31,2026-08-31,CM,NSE,STK,11439,INF204KB15I9,BANKBEES,EQ,,,,,NIP IND ETF BANK BEES,596.00,607.98,593.00,595.58,595.50,596.06,,595.58,,,330803,196837707.10,6197,F1,1,,,,,
2026-08-31,2026-08-31,CM,NSE,STK,2435,INF204KA1LD7,CONSUMBEES,EQ,,,,,NIP IND ETF CONSUMPTION,133.91,133.91,131.02,131.80,132.00,132.58,,131.80,,,55372,7316139.20,1147,F1,1,,,,,
2026-08-31,2026-08-31,CM,NSE,STK,2636,INF204KA1MS3,DIVOPPBEES,EQ,,,,,NIP IND ETF DIV OPP,78.90,78.90,76.80,77.16,77.38,77.44,,77.16,,,32625,2511902.37,978,F1,1,,,,,
2026-08-31,2026-08-31,CM,NSE,STK,9847,INF204KB18I3,NV20BEES,EQ,,,,,NIP IND ETF ETF NV20,140.14,140.18,138.63,139.36,139.96,139.53,,139.36,,,9049,1259922.23,280,F1,1,,,,,
2026-08-31,2026-08-31,CM,NSE,STK,14428,INF204KB17I5,GOLDBEES,EQ,,,,,NIP IND ETF GOLD BEES,127.79,127.79,126.08,127.32,127.45,130.85,,127.32,,,48850744,6196455107.25,160795,F1,1,,,,,
2026-08-31,2026-08-31,CM,NSE,STK,18284,INF204KB19I1,HNGSNGBEES,EQ,,,,,NIP IND ETF HANGSENG BEES,473.21,474.00,468.31,470.43,471.00,473.21,,470.44,,,85512,40175999.27,4866,F1,1,,,,,
2026-08-31,2026-08-31,CM,NSE,STK,20072,INF732E01268,INFRABEES,EQ,,,,,NIP IND ETF INFRA BEES,960.65,960.65,947.71,953.22,956.20,955.87,,953.22,,,7194,6847952.80,834,F1,1,,,,,
2026-08-31,2026-08-31,CM,NSE,STK,19084,INF204KB15V2,ITBEES,EQ,,,,,NIP IND ETF IT,34.85,34.85,34.06,34.32,34.30,34.70,,34.32,,,8469973,290029706.11,17435,F1,1,,,,,
2026-08-31,2026-08-31,CM,NSE,STK,10939,INF732E01045,JUNIORBEES,EQ,,,,,NIP IND ETF JUNIOR BEES,809.10,809.10,792.01,793.86,794.51,801.29,,793.87,,,371018,294784730.03,12000,F1,1,,,,,
2026-08-31,2026-08-31,CM,NSE,STK,11006,INF732E01037,LIQUIDBEES,EQ,,,,,NIP IND ETF LIQUID BEES,1000.00,1000.01,999.99,999.99,1000.00,1000.00,,999.99,,,2735032,2735021322.98,4314,F1,1,,,,,
2026-08-31,2026-08-31,CM,NSE,STK,17700,INF204KB1882,LTGILTBEES,EQ,,,,,NIP IND ETF LONGTERM GILT,29.95,29.96,29.85,29.86,29.88,29.95,,29.86,,,993548,29682396.89,837,F1,1,,,,,
2026-08-31,2026-08-31,CM,NSE,STK,8506,INF204KB1V68,MID150BEES,EQ,,,,,NIP IND ETF MIDCAP 150,246.13,246.13,241.05,242.15,242.85,243.63,,242.15,,,586198,141818916.82,9685,F1,1,,,,,
2026-08-31,2026-08-31,CM,NSE,STK,29577,INF204K014N5,NIF100BEES,EQ,,,,,NIP IND ETF NIFTY 100,267.30,268.99,265.85,268.29,268.67,267.89,,268.35,,,30703,8215559.07,581,F1,1,,,,,
2026-08-31,2026-08-31,CM,NSE,STK,10576,INF204KB14I2,NIFTYBEES,EQ,,,,,NIP IND ETF NIFTY BEES,275.88,275.88,270.11,274.87,274.90,275.62,,274.86,,,4690050,1287289504.20,47405,F1,1,,,,,
2026-08-31,2026-08-31,CM,NSE,STK,15032,INF204KB16I7,PSUBNKBEES,EQ,,,,,NIP IND ETF PSU BANK BEES,96.04,96.04,94.55,95.17,95.10,96.04,,95.15,,,1546760,147032923.40,7208,F1,1,,,,,
2026-08-31,2026-08-31,CM,NSE,STK,17044,INF732E01128,SHARIABEES,EQ,,,,,NIP IND ETF SHARIAH BEES,461.72,464.23,454.72,458.53,458.00,459.20,,458.69,,,5022,2293291.87,464,F1,1,,,,,
2026-08-31,2026-08-31,CM,NSE,STK,357,INE298J01013,NAM-INDIA,EQ,,,,,NIPPON L I A M LTD,1194.20,1219.70,1172.30,1172.30,1172.30,1194.40,,1172.30,,,6320108,7444784510.10,33114,F1,1,,,,,
2026-08-31,2026-08-31,CM,NSE,STK,757725,INF204KC1FU1,LIQGRWBEES,EQ,,,,,NIPPONAMC - LIQGRWBEES,1053.65,1053.79,1053.65,1053.77,1053.78,1053.65,,1053.77,,,24661,25987108.83,211,F1,1,,,,,
2026-08-31,2026-08-31,CM,NSE,STK,758667,INF204KC1GH6,MANUFGBEES,EQ,,,,,NIPPONAMC - MANUFGBEES,168.04,168.04,164.41,166.06,166.38,166.38,,166.15,,,4643,766474.85,152,F1,1,,,,,
2026-08-31,2026-08-31,CM,NSE,STK,7880,INF204KC1337,AUTOBEES,EQ,,,,,NIPPONAMC - NETFAUTO,301.09,301.09,296.52,298.77,299.70,298.11,,298.77,,,157659,46952460.50,2565,F1,1,,,,,
2026-08-31,2026-08-31,CM,NSE,STK,4973,INF204KC1089,PHARMABEES,EQ,,,,,NIPPONAMC - NETFPHARMA,28.32,28.32,27.50,27.60,27.55,27.76,,27.59,,,4324336,119393003.43,11804,F1,1,,,,,
2026-08-31,2026-08-31,CM,NSE,STK,8080,INF204KC1402,SILVERBEES,EQ,,,,,NIPPONAMC - NETFSILVER,220.77,223.75,219.70,223.21,223.42,230.42,,223.21,,,28887685,6414278698.10,109710,F1,1,,,,,
2026-08-31,2026-08-31,CM,NSE,STK,757455,INF204KC1EZ3,SNXT30BEES,EQ,,,,,NIPPONAMC - SNXT30BEES,43.13,43.40,42.68,42.96,43.07,43.13,,42.96,,,3114,133310.65,70,F1,1,,,,,
2026-08-31,2026-08-31,CM,NSE,STK,255,INE368I01016,NIRAJ,EQ,,,,,NIRAJ CEMENT STRUC LTD,29.35,29.70,29.26,29.32,29.34,29.35,,29.31,,,31120,917151.19,151,F1,1,,,,,
2026-08-31,2026-08-31,CM,NSE,STK,18840,INE326T01011,NIRAJISPAT,EQ,,,,,NIRAJ ISPAT IND LTD,355.08,355.08,355.08,355.08,355.08,295.90,,355.08,,,428,151974.24,36,F1,1,,,,,
2026-08-31,2026-08-31,CM,NSE,STK,2433,INE910A01012,NIRLON,EQ,,,,,NIRLON LTD,648.60,650.00,645.15,647.35,647.65,642.65,,647.36,,,13162,8528822.90,852,F1,1,,,,,
2026-08-31,2026-08-31,CM,NSE,STK,14722,INE0OK701014,NIRMAN,SM,,,,,NIRMAN AGRI GENTICS LTD,29.60,29.60,28.75,29.00,29.00,28.80,,29.00,,,11400,332595.00,30,F1,300,,,,,
2026-08-31,2026-08-31,CM,NSE,STK,13300,INE858F01012,NITCO,EQ,,,,,NITCO LIMITED,95.90,95.90,93.26,93.99,93.78,95.59,,93.99,,,375191,35377981.81,3838,F1,1,,,,,
2026-08-31,2026-08-31,CM,NSE,STK,13175,INE229H01012,NITINSPIN,EQ,,,,,NITIN SPINNERS LIMITED,621.00,641.50,620.10,627.40,627.00,626.40,,627.43,,,143546,90389295.25,5222,F1,1,,,,,
2026-08-31,2026-08-31,CM,NSE,STK,3247,INE439T01012,NITIRAJ,EQ,,,,,NITIRAJ ENGINEERS LTD,197.05,205.00,197.05,204.23,204.98,200.05,,204.23,,,6446,1312509.19,256,F1,1,,,,,
2026-08-31,2026-08-31,CM,NSE,STK,762824,INE265B01019,NITTAGELA,EQ,,,,,NITTA GELATIN INDIA LTD.,1675.00,1706.50,1593.10,1620.70,1618.00,1656.10,,1620.72,,,4350,7072652.10,602,F1,1,,,,,
2026-08-31,2026-08-31,CM,NSE,STK,27097,INE995S01015,NIVABUPA,EQ,,,,,NIVA BUPA HEALTH INS CO L,81.42,81.93,80.76,81.26,80.76,81.80,,81.26,,,354517,28861209.96,6322,F1,1,,,,,
2026-08-31,2026-08-31,CM,NSE,STK,2439,INE542C01019,NKIND,EQ,,,,,NK INDUSTRIES LTD,62.75,62.75,58.00,58.10,58.11,59.89,,57.89,,,1775,103994.04,58,F1,1,,,,,
2026-08-31,2026-08-31,CM,NSE,STK,8585,INE589A01014,NLCINDIA,EQ,,,,,NLC INDIA LIMITED,270.60,272.25,266.05,267.40,268.00,270.60,,267.42,,,2058793,552106930.30,34047,F1,1,,,,,
2026-08-31,2026-08-31,CM,NSE,STK,15332,INE584A01023,NMDC,EQ,,,,,NMDC LTD.,86.30,88.20,85.10,88.20,88.20,86.76,,88.20,,,16906053,1457410546.78,37876,F1,1,,,,,
2026-08-31,2026-08-31,CM,NSE,STK,14180,INE0NNS01018,NSLNISP,EQ,,,,,NMDC STEEL LIMITED,48.35,48.48,45.80,46.19,46.09,49.02,,46.19,,,16317011,761142448.22,40742,F1,1,,,,,
2026-08-31,2026-08-31,CM,NSE,STK,2442,INE163A01018,NOCIL,EQ,,,,,NOCIL LIMITED,164.80,172.90,163.12,171.45,170.50,164.96,,171.48,,,1326791,225304505.34,14616,F1,1,,,,,
2026-08-31,2026-08-31,CM,NSE,STK,10786,INE781B01015,NOIDATOLL,EQ,,,,,NOIDA TOLL BRIDGE CO LTD,4.38,4.38,4.13,4.21,4.20,4.20,,4.25,,,39856,169317.87,288,F1,1,,,,,
2026-08-31,2026-08-31,CM,NSE,STK,4160,INE369C01017,NORBTEAEXP,EQ,,,,,NORBEN TEA & EXPORTS LTD,70.72,70.72,68.50,68.50,68.50,69.00,,68.50,,,353,24344.54,10,F1,1,,,,,
2026-08-31,2026-08-31,CM,NSE,STK,13533,INE553C01016,NECCLTD,BE,,,,,NORTH EAST CARRY CORP LTD,17.31,17.31,16.07,16.27,16.39,16.91,,16.31,,,38859,638056.11,168,F1,1,,,,,
2026-08-31,2026-08-31,CM,NSE,STK,25429,INE850M01015,NORTHARC,BL,,,,,NORTHERN ARC CAPITAL LTD,278.00,278.00,278.00,278.00,278.00,173.90,,278.00,,,12059167,3352448426.00,6,F1,999999999,,,,,
2026-08-31,2026-08-31,CM,NSE,STK,25426,INE850M01015,NORTHARC,EQ,,,,,NORTHERN ARC CAPITAL LTD,301.30,319.60,298.60,311.65,312.50,285.75,,311.65,,,25296223,7848521208.55,280273,F1,1,,,,,
2026-08-31,2026-08-31,CM,NSE,STK,22478,INE02H701025,NOVAAGRI,BE,,,,,NOVA AGRITECH LIMITED,24.46,25.50,24.00,25.41,25.08,24.46,,25.36,,,61311,1514215.24,236,F1,1,,,,,
2026-08-31,2026-08-31,CM,NSE,STK,9007,INE234A01025,NOVARTIND,EQ,,,,,NOVARTIS INDIA LIMITED,1487.00,1577.00,1480.00,1554.40,1575.00,1486.30,,1554.53,,,31457,48663666.30,4281,F1,1,,,,,
2026-08-31,2026-08-31,CM,NSE,STK,7553,INE349A01021,NRBBEARING,EQ,,,,,NRB BEARING LIMITED,465.00,477.10,458.80,473.85,476.00,469.65,,473.85,,,356380,167462326.70,9767,F1,1,,,,,
2026-08-31,2026-08-31,CM,NSE,STK,29733,INE047O01014,NIBL,EQ,,,,,NRB INDUS. BEARINGS LTD.,31.00,31.98,30.27,30.87,30.46,30.66,,30.87,,,12737,395199.22,193,F1,1,,,,,
2026-08-31,2026-08-31,CM,NSE,STK,27176,INE0ONG01011,NTPCGREEN,EQ,,,,,NTPC GREEN ENERGY LIMITED,90.61,90.65,89.10,89.51,89.50,90.82,,89.51,,,2180606,195233301.85,30772,F1,1,,,,,
2026-08-31,2026-08-31,CM,NSE,STK,11630,INE733E01010,NTPC,EQ,,,,,NTPC LTD,330.10,330.45,323.50,327.40,327.40,330.05,,327.40,,,18400774,6006184992.40,95662,F1,1,,,,,
2026-08-31,2026-08-31,CM,NSE,STK,10791,INE096B01018,NUCLEUS,EQ,,,,,NUCLEUS SOFTWARE EXPORTS,750.60,750.60,733.30,744.40,745.05,745.20,,744.40,,,26116,19348011.45,1218,F1,1,,,,,
2026-08-31,2026-08-31,CM,NSE,STK,13680,INE0JM501013,NRL,BE,,,,,NUPUR RECYCLERS LIMITED,124.00,124.00,122.50,122.50,122.50,125.00,,122.50,,,65909,8076057.50,66,F1,1,,,,,
2026-08-31,2026-08-31,CM,NSE,STK,2353,INE0DSF01015,NURECA,BE,,,,,NURECA LIMITED,336.10,339.45,323.00,331.80,334.00,331.05,,331.80,,,4270,1421251.80,99,F1,1,,,,,
2026-08-31,2026-08-31,CM,NSE,STK,18721,INE531F01023,NUVAMA,EQ,,,,,NUVAMA WEALTH MANAGE LTD,1805.00,1805.00,1739.50,1753.60,1746.10,1805.00,,1753.61,,,166778,294651720.30,18011,F1,1,,,,,
2026-08-31,2026-08-31,CM,NSE,STK,5426,INE118D01016,NUVOCO,EQ,,,,,NUVOCO VISTAS CORP LTD,323.65,324.60,318.00,318.90,318.15,324.85,,318.90,,,149999,48008859.00,7514,F1,1,,,,,
2026-08-31,2026-08-31,CM,NSE,STK,24298,INE0SF023016,NXT-INFRA,IV,,,,,NXT-INFRA TRUST,97.16,97.16,96.50,96.50,96.50,97.06,,96.50,,,225000,21821500.00,7,F1,25000,,,,,
2026-08-31,2026-08-31,CM,NSE,STK,8797,INE426Z01016,OBCL,EQ,,,,,OBCL LIMITED,53.20,57.90,53.20,54.82,54.75,55.40,,54.82,,,11302,637409.32,104,F1,1,,,,,
2026-08-31,2026-08-31,CM,NSE,STK,20242,INE093I01010,OBEROIRLTY,EQ,,,,,OBEROI REALTY LIMITED,1861.00,1875.30,1842.10,1868.00,1868.00,1870.00,,1868.00,,,777602,1450236599.30,41595,F1,1,,,,,
2026-08-31,2026-08-31,CM,NSE,STK,25923,INE0YHV01011,OBSCP,SM,,,,,OBSC PERFECTION LIMITED,866.05,884.00,853.40,869.90,860.00,866.05,,869.90,,,36000,31203920.00,90,F1,400,,,,,
2026-08-31,2026-08-31,CM,NSE,STK,25920,INE0PK601023,OCCLLTD,BE,,,,,OCCL LIMITED,159.90,161.99,158.02,158.73,159.64,158.25,,158.73,,,23940,3805556.17,183,F1,1,,,,,
2026-08-31,2026-08-31,CM,NSE,STK,27571,INE054301028,ODIGMA,EQ,,,,,ODIGMA CONSULTANCY SOL L,23.11,23.11,22.20,22.43,22.50,23.00,,22.44,,,13178,296367.40,220,F1,1,,,,,
2026-08-31,2026-08-31,CM,NSE,STK,764803,INE839E01023,ODYCORP,EQ,,,,,ODYSSEY CORPORATION LTD.,7.67,7.79,7.32,7.38,7.59,7.98,,7.39,,,93697,695764.58,155,F1,1,,,,,
2026-08-31,2026-08-31,CM,NSE,STK,2475,INE213A01029,ONGC,EQ,,,,,OIL AND NATURAL GAS CORP.,233.80,234.95,231.70,231.80,231.80,232.25,,231.80,,,11732655,2730994619.87,95539,F1,1,,,,,
2026-08-31,2026-08-31,CM,NSE,STK,8109,INE591A01010,OILCOUNTUB,BE,,,,,OIL COUNTRY TUBULAR LTD.,64.03,64.03,63.01,64.03,64.03,60.99,,64.18,,,90546,5791090.73,291,F1,1,,,,,
2026-08-31,2026-08-31,CM,NSE,STK,17438,INE274J01014,OIL,EQ,,,,,OIL INDIA LTD,486.60,500.00,479.25,483.15,483.15,482.85,,483.15,,,4790739,2333303137.50,49888,F1,1,,,,,
2026-08-31,2026-08-31,CM,NSE,STK,24777,INE0LXG01040,OLAELEC,EQ,,,,,OLA ELECTRIC MOBILITY LTD,39.00,42.25,38.31,41.12,40.90,38.98,,41.12,,,178357536,7253975816.11,251255,F1,1,,,,,
2026-08-31,2026-08-31,CM,NSE,STK,10637,INE260D01016,OLECTRA,EQ,,,,,OLECTRA GREENTECH LIMITED,1312.30,1323.00,1271.20,1276.70,1277.50,1312.30,,1276.70,,,440298,564121274.10,24065,F1,1,,,,,
2026-08-31,2026-08-31,CM,NSE,STK,759412,INE1BZC01019,OMFREIGHT,BE,,,,,OM FREIGHT FORWARDERS LTD,89.55,92.00,87.00,89.50,89.50,90.00,,89.50,,,8623,759932.11,126,F1,1,,,,,
2026-08-31,2026-08-31,CM,NSE,STK,24231,INE239D01028,OMINFRAL,EQ,,,,,OM INFRA LIMITED,83.40,84.57,82.00,82.22,82.05,83.01,,82.17,,,22374,1849683.84,601,F1,1,,,,,
2026-08-31,2026-08-31,CM,NSE,STK,762432,INE25E901019,OMPOWER,EQ,,,,,OM POWER TRANSMISSION LTD,175.41,179.00,173.03,174.16,175.00,175.31,,174.15,,,160344,28270461.20,2415,F1,1,,,,,
2026-08-31,2026-08-31,CM,NSE,STK,10922,INE090B01011,OMAXAUTO,EQ,,,,,OMAX AUTOS LTD,188.91,193.19,181.35,185.55,184.00,188.72,,185.55,,,78494,14598019.09,1873,F1,1,,,,,
2026-08-31,2026-08-31,CM,NSE,STK,14853,INE800H01010,OMAXE,EQ,,,,,OMAXE LIMITED,131.50,132.69,124.00,125.52,126.76,131.74,,125.53,,,4347484,558850763.91,31242,F1,1,,,,,
2026-08-31,2026-08-31,CM,NSE,STK,760865,INE0UH301010,OMNI,EQ,,,,,OMNITECH ENGINEERING LTD,568.25,568.30,536.55,540.50,540.65,565.55,,540.52,,,515214,282628723.45,15748,F1,1,,,,,
2026-08-31,2026-08-31,CM,NSE,STK,19692,INE00ER01015,ONDOOR,SM,,,,,ON DOOR CONCEPTS LIMITED,305.80,305.80,295.00,301.00,301.00,305.80,,301.00,,,1800,543270.00,6,F1,300,,,,,
2026-08-31,2026-08-31,CM,NSE,STK,6705,INE982J01020,PAYTM,EQ,,,,,ONE 97 COMMUNICATIONS LTD,1622.50,1717.10,1622.50,1717.10,1717.10,1650.90,,1717.06,,,2686950,4480709823.50,62095,F1,1,,,,,
2026-08-31,2026-08-31,CM,NSE,STK,765242,INE670O01013,ONEGLOBAL,EQ,,,,,ONE GLOBAL SERVICE PROV L,550.00,561.75,520.00,532.55,539.00,546.70,,533.01,,,9861,5362516.75,456,F1,1,,,,,
2026-08-31,2026-08-31,CM,NSE,STK,28046,INE0HLU01028,MOBIKWIK,EQ,,,,,ONE MOBIKWIK SYSTEMS LTD,192.22,192.39,189.00,189.71,190.00,192.33,,189.71,,,555254,105608251.88,7618,F1,1,,,,,
2026-08-31,2026-08-31,CM,NSE,STK,9939,INE840Y01029,ONEPOINT,EQ,,,,,ONE POINT ONE SOL LTD,55.19,55.24,53.90,54.78,54.00,55.03,,54.78,,,385439,21090881.51,1458,F1,1,,,,,
2026-08-31,2026-08-31,CM,NSE,STK,19386,INE0OPS01011,OLIL,SM,,,,,ONECLICK LOGISTICS IND L,410.00,424.00,407.00,420.00,420.00,415.00,,420.00,,,29200,12005060.00,71,F1,400,,,,,
2026-08-31,2026-08-31,CM,NSE,STK,25496,INE912L01015,ONELIFECAP,BE,,,,,ONELIFE CAP ADVISORS LTD,31.30,32.70,30.30,32.39,32.44,31.30,,32.39,,,13947,446146.67,69,F1,1,,,,,
2026-08-31,2026-08-31,CM,NSE,STK,763294,INE12F801023,KISSHT,EQ,,,,,ONEMI TECHNOLOGY SOL LTD,305.80,310.95,303.00,307.15,307.20,306.30,,307.14,,,722180,222376763.10,24006,F1,1,,,,,
2026-08-31,2026-08-31,CM,NSE,STK,29224,INE013P01021,ONESOURCE,EQ,,,,,ONESOURCE SPECL PHARMA L,1539.00,1539.00,1506.20,1519.10,1515.00,1532.20,,1518.98,,,98831,150272782.70,13836,F1,1,,,,,
2026-08-31,2026-08-31,CM,NSE,STK,2202,INE831A01028,ONIDA,EQ,,,,,ONIDA ELECTRONICS LIMITED,35.53,36.50,35.53,36.20,36.00,36.19,,36.19,,,232475,8400462.82,1088,F1,1,,,,,
2026-08-31,2026-08-31,CM,NSE,STK,764808,INE173M01012,ONIXSOLAR,EQ,,,,,ONIX SOLAR ENERGY LTD.,331.85,331.85,325.00,331.80,329.55,316.05,,331.51,,,592882,196590641.15,2072,F1,1,,,,,
2026-08-31,2026-08-31,CM,NSE,STK,15282,INE809I01019,ONMOBILE,BE,,,,,ONMOBILE GLOBAL LTD.,50.51,50.51,50.51,50.51,50.51,51.54,,50.59,,,19865,1003381.15,144,F1,1,,,,,
2026-08-31,2026-08-31,CM,NSE,STK,2481,INE229A01017,ONWARDTEC,EQ,,,,,ONWARD TECHNOLOGIES LTD,285.00,294.00,284.05,289.75,292.50,287.20,,289.86,,,57308,16581517.25,1498,F1,1,,,,,
2026-08-31,2026-08-31,CM,NSE,STK,27143,INE0WVU01018,ONYX,ST,,,,,ONYX BIOTEC LIMITED,40.60,42.05,40.50,41.00,41.00,42.05,,41.00,,,50000,2044900.00,13,F1,2000,,,,,
2026-08-31,2026-08-31,CM,NSE,STK,21469,INE350C01017,OPTIEMUS,EQ,,,,,OPTIEMUS INFRACOM LTD,581.05,589.45,568.45,574.15,580.00,579.60,,574.16,,,131536,75881266.55,7868,F1,1,,,,,
2026-08-31,2026-08-31,CM,NSE,STK,764813,INE031G01022,OPTIFIN,EQ,,,,,OPTIMUS FINANCE LTD.,13.29,13.36,13.02,13.27,13.28,13.03,,13.28,,,6033,79727.39,46,F1,1,,,,,
2026-08-31,2026-08-31,CM,NSE,STK,764528,INE1JZB01022,OPTIMYSTIX,SM,,,,,OPTIMYSTIX ENT INDIA LTD,170.40,170.40,160.00,169.95,169.50,174.55,,169.95,,,76000,12809240.00,61,F1,800,,,,,
2026-08-31,2026-08-31,CM,NSE,STK,758903,INE15B101011,OPTIVALUE,ST,,,,,OPTIVALUE TEK CONSULT LTD,190.00,190.00,182.05,182.85,185.00,187.65,,182.85,,,27200,5033840.00,15,F1,1600,,,,,
2026-08-31,2026-08-31,CM,NSE,STK,10738,INE881D01027,OFSS,EQ,,,,,ORACLE FIN SERV SOFT LTD.,12196.00,12540.00,12080.00,12540.00,12540.00,12190.00,,12539.91,,,487111,5988480881.00,36893,F1,1,,,,,
2026-08-31,2026-08-31,CM,NSE,STK,31479,INE231G01010,ORBTEXP,BE,,,,,ORBIT EXPORTS LIMITED,232.00,243.62,232.00,237.07,242.78,243.62,,237.18,,,4053,962876.68,85,F1,1,,,,,
2026-08-31,2026-08-31,CM,NSE,STK,29492,INE215B01022,ORCHASP,EQ,,,,,ORCHASP LIMITED,1.44,1.50,1.36,1.37,1.37,1.43,,1.37,,,268591,379484.36,337,F1,1,,,,,
2026-08-31,2026-08-31,CM,NSE,STK,926,INE191A01027,ORCHPHARMA,EQ,,,,,ORCHID PHARMA LIMITED,972.30,1000.00,948.00,970.90,998.00,975.60,,970.76,,,27730,26762511.10,2299,F1,1,,,,,
2026-08-31,2026-08-31,CM,NSE,STK,17882,INE0OUT01019,ORIANA,SM,,,,,ORIANA POWER LIMITED,1299.15,1299.15,1220.00,1238.00,1237.00,1299.10,,1238.00,,,53475,66686838.75,553,F1,75,,,,,
2026-08-31,2026-08-31,CM,NSE,STK,10159,INE730A01022,ORICONENT,EQ,,,,,ORICON ENTERPRISES LTD,54.50,55.80,54.01,54.63,54.01,55.82,,54.93,,,8995,494549.38,233,F1,1,,,,,
2026-08-31,2026-08-31,CM,NSE,STK,14278,INE607D01018,ORIENTBELL,EQ,,,,,ORIENT BELL LIMITED,390.00,393.00,366.10,390.40,393.00,379.25,,390.40,,,104827,40227794.20,4536,F1,1,,,,,
2026-08-31,2026-08-31,CM,NSE,STK,30089,INE876N01018,ORIENTCEM,EQ,,,,,ORIENT CEMENT LTD.,131.37,131.37,129.32,129.55,129.80,131.37,,129.55,,,119165,15479275.46,1549,F1,1,,,,,
2026-08-31,2026-08-31,CM,NSE,STK,13111,INE569C01020,ORIENTCER,EQ,,,,,ORIENT CERATECH LIMITED,47.40,47.40,44.70,44.87,45.00,46.60,,44.87,,,81879,3744597.64,2233,F1,1,,,,,
2026-08-31,2026-08-31,CM,NSE,STK,2972,INE142Z01019,ORIENTELEC,EQ,,,,,ORIENT ELECTRIC LIMITED,180.50,183.00,178.50,179.83,180.75,180.17,,179.85,,,151675,27377687.96,4023,F1,1,,,,,
2026-08-31,2026-08-31,CM,NSE,STK,20110,INE999K01014,GREENPOWER,EQ,,,,,ORIENT GREEN POWER CO LTD,9.74,9.74,9.15,9.19,9.18,9.39,,9.19,,,3004623,27940073.92,4928,F1,1,,,,,
2026-08-31,2026-08-31,CM,NSE,STK,2493,INE750A01020,ORIENTHOT,EQ,,,,,ORIENT HOTELS LTD,137.50,140.20,136.25,139.02,139.15,137.48,,139.02,,,1691333,233804909.52,7227,F1,1,,,,,
2026-08-31,2026-08-31,CM,NSE,STK,2496,INE592A01026,ORIENTPPR,EQ,,,,,ORIENT PAPER AND INDS LTD,17.01,17.30,16.50,16.86,16.90,17.21,,16.87,,,498593,8434207.84,1064,F1,1,,,,,
2026-08-31,2026-08-31,CM,NSE,STK,18211,INE609C01024,ORIENTLTD,BE,,,,,ORIENT PRESS LIMITED,84.00,84.00,80.01,82.22,82.01,80.10,,82.22,,,2049,167399.37,42,F1,1,,,,,
2026-08-31,2026-08-31,CM,NSE,STK,24961,INE0PPK01015,ORIENTTECH,EQ,,,,,ORIENT TECHNOLOGIES LTD,244.80,244.80,238.05,239.00,239.50,244.80,,239.01,,,132262,31903446.85,2483,F1,1,,,,,
2026-08-31,2026-08-31,CM,NSE,STK,10768,INE959C01023,OAL,EQ,,,,,ORIENTAL AROMATICS LTD,485.00,485.00,450.00,463.90,462.90,487.80,,463.95,,,124234,57113475.50,5038,F1,1,,,,,
2026-08-31,2026-08-31,CM,NSE,STK,764818,INE457G01029,ORIRAIL,EQ,,,,,ORIENTAL RAIL INFRA L,132.00,136.00,127.00,127.81,127.30,131.70,,127.84,,,107168,14001211.17,1485,F1,1,,,,,
2026-08-31,2026-08-31,CM,NSE,STK,14346,INE998H01012,ORIENTALTL,EQ,,,,,ORIENTAL TRIMEX LTD,4.95,5.16,4.91,5.03,5.03,5.01,,5.04,,,30073,150086.42,204,F1,1,,,,,
2026-08-31,2026-08-31,CM,NSE,STK,19931,INE725E01024,ORISSAMINE,EQ,,,,,ORISSA MIN DEV CO LTD,4455.00,4455.10,4300.00,4314.40,4307.00,4462.20,,4314.49,,,9878,42939809.80,2299,F1,1,,,,,
2026-08-31,2026-08-31,CM,NSE,STK,759569,INE16NZ01023,ORKLAINDIA,EQ,,,,,ORKLA INDIA LIMITED,597.00,608.70,585.75,594.60,595.00,595.40,,594.58,,,217344,130403713.15,10224,F1,1,,,,,
2026-08-31,2026-08-31,CM,NSE,STK,13321,INE849L01019,ORTEL,BZ,,,,,ORTEL COMMUNICATIONS LTD,1.95,1.95,1.90,1.90,1.90,2.00,,1.90,,,7481,14238.90,9,F1,1,,,,,
2026-08-31,2026-08-31,CM,NSE,STK,2979,INE749B01020,ORTINGLOBE,EQ,,,,,ORTIN GLOBAL LIMITED,15.00,15.30,14.65,15.30,15.30,14.93,,15.30,,,1215,18254.95,7,F1,1,,,,,
2026-08-31,2026-08-31,CM,NSE,STK,25386,INE0RMF01018,OSELDEVICE,SM,,,,,OSEL DEVICES LIMITED,392.00,392.00,383.05,384.85,386.00,393.70,,384.85,,,17600,6827010.00,74,F1,200,,,,,
2026-08-31,2026-08-31,CM,NSE,STK,12643,INE06IR01021,OSIAHYPER,BE,,,,,OSIA HYPER RETAIL LIMITED,2.50,2.54,2.38,2.46,2.45,2.50,,2.46,,,565966,1378005.73,481,F1,1,,,,,
2026-08-31,2026-08-31,CM,NSE,STK,2514,INE142A01012,OSWALAGRO,EQ,,,,,OSWAL AGRO MILLS LTD,37.99,38.00,36.85,37.56,37.40,37.65,,37.54,,,63130,2354611.91,355,F1,1,,,,,
2026-08-31,2026-08-31,CM,NSE,STK,471,INE143A01010,OSWALGREEN,EQ,,,,,OSWAL GREENTECH LIMITED,20.41,20.73,19.66,20.11,20.15,20.74,,20.11,,,227383,4579892.47,1143,F1,1,,,,,
2026-08-31,2026-08-31,CM,NSE,STK,756802,INE0BYP01024,OSWALPUMPS,EQ,,,,,OSWAL PUMPS LIMITED,295.00,296.95,289.50,292.30,292.10,295.55,,292.33,,,279873,81664195.95,6111,F1,1,,,,,
2026-08-31,2026-08-31,CM,NSE,STK,22914,INE0R8M01017,OWAIS,ST,,,,,OWAIS METAL & MINERAL,79.50,79.50,79.50,79.50,79.50,77.95,,79.50,,,40400,3211800.00,77,F1,100,,,,,
2026-08-31,2026-08-31,CM,NSE,STK,765145,INE501F01018,PBMPOLY,EQ,,,,,P B M POLYTEX LTD.,70.00,70.00,59.60,60.80,60.80,64.61,,61.80,,,391,25018.85,14,F1,1,,,,,
2026-08-31,2026-08-31,CM,NSE,STK,25312,INE953R01016,PNGJL,EQ,,,,,P N GADGIL JEWELLERS LTD,598.00,600.30,579.60,583.90,583.80,598.00,,583.84,,,639164,374602926.50,20830,F1,1,,,,,
2026-08-31,2026-08-31,CM,NSE,STK,764845,INE035S01028,POEL,EQ,,,,,P O C L ENTERPRISES LTD.,150.00,152.39,147.61,150.44,150.10,149.51,,150.34,,,24640,3693770.44,484,F1,1,,,,,
2026-08-31,2026-08-31,CM,NSE,STK,29665,INE0XUS01020,PSRAJ,ST,,,,,P S RAJ STEELS LIMITED,79.75,79.75,79.75,79.75,79.75,80.65,,79.75,,,7500,598125.00,3,F1,2500,,,,,
2026-08-31,2026-08-31,CM,NSE,STK,2535,INE179A01014,PGHH,EQ,,,,,P&G HYGIENE & HEALTH CARE,8126.50,8147.00,7970.00,7979.50,7985.00,8092.00,,7979.99,,,20411,164072728.00,4982,F1,1,,,,,
2026-08-31,2026-08-31,CM,NSE,STK,759342,INE0S3G01027,PACEDIGITK,EQ,,,,,PACE DIGITEK LIMITED,175.60,176.00,170.64,171.64,171.00,176.15,,171.64,,,703237,121437328.40,7637,F1,1,,,,,
2026-08-31,2026-08-31,CM,NSE,STK,764823,INE883C01025,PACIFICI,EQ,,,,,PACIFIC INDUSTRIES LTD.,137.00,144.90,137.00,141.94,138.00,136.00,,141.94,,,611,85870.32,25,F1,1,,,,,
2026-08-31,2026-08-31,CM,NSE,STK,14413,INE761H01022,PAGEIND,EQ,,,,,PAGE INDUSTRIES LTD,35850.00,35945.00,35405.00,35800.00,35800.00,35985.00,,35800.00,,,28702,1025744195.00,8956,F1,1,,,,,
2026-08-31,2026-08-31,CM,NSE,STK,25468,INE420C01059,PAISALO,EQ,,,,,PAISALO DIGITAL LIMITED,67.60,67.95,66.25,67.31,67.46,67.56,,67.31,,,5826181,391503926.03,12243,F1,1,,,,,
2026-08-31,2026-08-31,CM,NSE,STK,17197,INE551D01018,PAKKA,EQ,,,,,PAKKA LIMITED,78.95,78.95,75.71,76.19,76.00,78.38,,76.19,,,71067,5459928.13,2410,F1,1,,,,,
2026-08-31,2026-08-31,CM,NSE,STK,21383,INE471W01019,PALASHSECU,EQ,,,,,PALASH SECURITIES LTD,90.40,90.40,88.00,88.22,88.20,91.39,,88.26,,,212,18687.51,19,F1,1,,,,,
2026-08-31,2026-08-31,CM,NSE,STK,17059,INE218G01033,PALREDTEC,BE,,,,,PALRED TECHNOLOGIES LTD,55.90,55.90,53.11,53.11,53.11,55.90,,53.19,,,2783,148910.87,38,F1,1,,,,,
2026-08-31,2026-08-31,CM,NSE,STK,4055,INE922B01023,PANACEABIO,EQ,,,,,PANACEA BIOTEC LTD,395.15,396.30,383.55,387.10,385.10,395.50,,387.10,,,100764,39227572.25,2782,F1,1,,,,,
2026-08-31,2026-08-31,CM,NSE,STK,16355,INE895W01019,PANACHE,BE,,,,,PANACHE DIGILIFE LIMITED,520.00,530.00,520.00,530.00,530.00,530.20,,530.00,,,2969,1554510.00,53,F1,1,,,,,
2026-08-31,2026-08-31,CM,NSE,STK,25392,INE305C01029,PANAMAPET,EQ,,,,,PANAMA PETROCHEM LTD,469.90,481.00,460.00,471.35,473.00,465.20,,471.33,,,221006,104392825.90,6800,F1,1,,,,,
2026-08-31,2026-08-31,CM,NSE,STK,764828,INE798F01010,PANCHMAHQ,EQ,,,,,PANCHMAHAL STEEL LTD.,305.65,305.65,302.00,302.00,302.00,304.15,,296.84,,,8,2434.25,3,F1,1,,,,,
2026-08-31,2026-08-31,CM,NSE,STK,765140,INE258R01028,PANORAMA,EQ,,,,,PANORAMA STUDIOS INTL. L,46.77,47.45,40.49,42.38,41.00,46.47,,42.69,,,294670,12790896.16,906,F1,1,,,,,
2026-08-31,2026-08-31,CM,NSE,STK,6141,INE697V01011,PANSARI,EQ,,,,,PANSARI DEVELOPERS LTD,305.05,315.00,299.05,302.85,308.00,306.55,,302.85,,,1313,399242.40,45,F1,1,,,,,
2026-08-31,2026-08-31,CM,NSE,STK,5631,INE04LG01015,PAR,EQ,,,,,PAR DRUGS AND CHEM LTD,102.25,120.00,100.26,117.35,117.00,100.21,,117.35,,,325805,37819013.54,5499,F1,1,,,,,
2026-08-31,2026-08-31,CM,NSE,STK,9741,INE088F01024,PARADEEP,EQ,,,,,PARADEEP PHOSPHATES LTD,165.74,165.88,159.44,160.04,160.00,165.88,,160.03,,,5491423,885212462.62,39596,F1,1,,,,,
2026-08-31,2026-08-31,CM,NSE,STK,17130,INE883N01014,PARAGMILK,EQ,,,,,PARAG MILK FOODS LTD.,237.65,256.60,237.55,254.42,256.20,237.65,,254.46,,,3067737,766020967.17,44098,F1,1,,,,,
2026-08-31,2026-08-31,CM,NSE,STK,19779,INE0N4G01012,PARAGON,SM,,,,,PARAGON FINE S.C. LTD.,47.55,48.60,46.00,47.25,47.25,47.55,,47.25,,,22800,1075380.00,18,F1,1200,,,,,
2026-08-31,2026-08-31,CM,NSE,STK,13951,INE074B01023,PARACABLES,EQ,,,,,PARAMOUNT COMM LTD,62.00,67.64,61.31,65.34,65.54,62.37,,65.34,,,5542293,362053460.09,23396,F1,1,,,,,
2026-08-31,2026-08-31,CM,NSE,STK,25716,INE0TG801013,PARAMOUNT,SM,,,,,PARAMOUNT DYE TEC LIMITED,30.40,30.40,30.40,30.40,30.40,30.35,,30.40,,,2400,72960.00,2,F1,1200,,,,,
2026-08-31,2026-08-31,CM,NSE,STK,25431,INE0Q6001012,PSFL,SM,,,,,PARAMOUNT SPECIALI FORG L,30.60,31.00,30.55,31.00,31.00,31.05,,31.00,,,10000,308300.00,5,F1,2000,,,,,
2026-08-31,2026-08-31,CM,NSE,STK,5911,INE045601023,PARAS,EQ,,,,,PARAS DEF AND SPCE TECH L,1439.00,1455.00,1405.60,1432.90,1429.00,1439.70,,1432.91,,,786335,1124078425.70,33914,F1,1,,,,,
2026-08-31,2026-08-31,CM,NSE,STK,3972,INE162C01024,PARASPETRO,EQ,,,,,PARAS PETROFILS LTD.,2.18,2.28,2.13,2.19,2.23,2.22,,2.19,,,184249,409046.57,340,F1,1,,,,,
2026-08-31,2026-08-31,CM,NSE,STK,5460,INE00U801010,PARIN,SM,,,,,PARIN ENTERPRISES LIMITED,715.00,715.00,705.00,710.00,710.00,720.00,,710.00,,,1000,711250.00,4,F1,250,,,,,
2026-08-31,2026-08-31,CM,NSE,STK,760351,INE119201023,PARKHOSPS,EQ,,,,,PARK MEDI WORLD LIMITED,290.50,290.80,285.90,286.55,286.25,290.55,,286.53,,,272326,78480652.85,5632,F1,1,,,,,
2026-08-31,2026-08-31,CM,NSE,STK,22649,INE988S01028,PARKHOTELS,EQ,,,,,PARKHOTELS,113.14,113.60,110.90,112.48,113.02,112.33,,112.48,,,118378,13244139.28,1871,F1,1,,,,,
2026-08-31,2026-08-31,CM,NSE,STK,764833,INE383L01019,PARNAXLAB,EQ,,,,,PARNAX LAB LTD.,129.04,138.00,129.00,132.00,132.00,128.40,,130.20,,,3620,482857.78,48,F1,1,,,,,
2026-08-31,2026-08-31,CM,NSE,STK,13795,INE561H01026,PARSVNATH,BE,,,,,PARSVNATH DEVELOPER LTD,1.47,1.47,1.47,1.47,1.47,1.45,,1.47,,,553823,814119.81,179,F1,1,,,,,
2026-08-31,2026-08-31,CM,NSE,STK,758217,INE1H7V01011,PARTH,SM,,,,,PARTH ELEC & ENG LTD,511.85,536.00,505.05,528.25,534.95,498.95,,528.25,,,49200,25502300.00,99,F1,400,,,,,
2026-08-31,2026-08-31,CM,NSE,STK,2599,INE06ZX01015,PARTYCRUS,SM,,,,,PARTY CRUISERS LIMITED,85.00,85.00,85.00,85.00,85.00,83.50,,85.00,,,1000,85000.00,1,F1,1000,,,,,
2026-08-31,2026-08-31,CM,NSE,STK,757955,INE124Y01028,PASHUPATI,EQ,,,,,PASHUPATI COTSPIN LIMITED,84.20,84.20,83.16,83.34,83.16,84.18,,83.34,,,5660,474295.81,658,F1,1,,,,,
2026-08-31,2026-08-31,CM,NSE,STK,6048,INE818B01023,PASUPTAC,BE,,,,,PASUPATI ACRYLON LIMITED,61.75,62.44,60.10,61.95,62.00,61.79,,61.95,,,38527,2384832.54,184,F1,1,,,,,
2026-08-31,2026-08-31,CM,NSE,STK,17029,INE619A01035,PATANJALI,EQ,,,,,PATANJALI FOODS LIMITED,347.50,347.55,342.30,345.00,345.00,348.45,,345.00,,,2180211,750897275.90,26872,F1,1,,,,,
2026-08-31,2026-08-31,CM,NSE,STK,11699,INE244B01030,PATELENG,EQ,,,,,PATEL ENGINEERING LTD.,28.15,28.29,27.84,28.03,28.00,28.34,,28.03,,,1834766,51433661.32,6481,F1,1,,,,,
2026-08-31,2026-08-31,CM,NSE,STK,15223,INE529D01014,PATINTLOG,BE,,,,,PATEL INT. LOG. LTD,13.20,13.20,12.42,13.00,13.03,13.06,,13.00,,,53335,683095.11,156,F1,1,,,,,
2026-08-31,2026-08-31,CM,NSE,STK,759439,INE0R8B01010,PATELRMART,EQ,,,,,PATEL RETAIL LIMITED,232.69,232.86,226.20,226.72,226.39,232.68,,226.69,,,34995,7989244.08,1325,F1,1,,,,,
2026-08-31,2026-08-31,CM,NSE,STK,756963,INE17GV01016,PATILAUTOM,SM,,,,,PATIL AUTOMATION LIMITED,225.00,229.00,214.00,227.35,228.00,225.65,,227.35,,,87000,19419360.00,92,F1,600,,,,,
2026-08-31,2026-08-31,CM,NSE,STK,762834,INE291E01019,PML,EQ,,,,,PAUL MERCHANTS LTD.,493.00,493.00,493.00,493.00,493.00,485.15,,493.00,,,102,50286.00,5,F1,1,,,,,
2026-08-31,2026-08-31,CM,NSE,STK,759969,INE111F01024,PAUSHAKLTD,EQ,,,,,PAUSHAK LIMITED,774.00,789.30,751.00,758.05,760.00,776.70,,758.07,,,39360,30255560.65,2837,F1,1,,,,,
2026-08-31,2026-08-31,CM,NSE,STK,16192,INE07S101038,PAVNAIND,EQ,,,,,PAVNA INDUSTRIES LIMITED,18.89,18.89,17.85,18.04,17.86,18.47,,18.04,,,39901,726143.54,272,F1,1,,,,,
2026-08-31,2026-08-31,CM,NSE,STK,6656,INE417T01026,POLICYBZR,EQ,,,,,PB FINTECH LIMITED,1811.00,1875.00,1796.40,1875.00,1875.00,1811.50,,1874.85,,,1151385,2118535942.40,31294,F1,1,,,,,
2026-08-31,2026-08-31,CM,NSE,STK,29124,INE785M01021,PCJEWELLER,EQ,,,,,PC JEWELLER LTD,10.88,11.14,10.69,10.99,10.93,10.94,,10.99,,,353825112,3872240398.49,95663,F1,1,,,,,
2026-08-31,2026-08-31,CM,NSE,STK,2649,INE602A01031,PCBL,EQ,,,,,PCBL CHEMICAL LIMITED,320.60,321.00,315.00,317.05,317.80,322.10,,317.05,,,779246,247074132.55,13545,F1,1,,,,,
2026-08-31,2026-08-31,CM,NSE,STK,761819,INE389Z07104,9PCPL28A,N0,,,,,PCPL 9% 2028,9604.00,9604.00,9604.00,9604.00,9604.00,9800.00,,9604.00,,,4,38416.00,3,F1,1,,,,,
2026-08-31,2026-08-31,CM,NSE,STK,5264,INE111Q01021,PDSL,EQ,,,,,PDS LIMITED,366.50,373.30,360.50,368.10,368.00,369.75,,368.09,,,171218,62917028.60,6416,F1,1,,,,,
2026-08-31,2026-08-31,CM,NSE,STK,14260,INE940H01022,PGIL,EQ,,,,,PEARL GLOBAL IND LIMITED,2330.00,2495.00,2314.00,2463.80,2490.00,2314.30,,2464.12,,,267169,649170851.00,36619,F1,1,,,,,
2026-08-31,2026-08-31,CM,NSE,STK,2610,INE844A01013,PEARLPOLY,EQ,,,,,PEARL POLYMERS LTD,15.68,15.68,14.91,15.49,15.49,15.16,,15.49,,,3300,51260.65,30,F1,1,,,,,
2026-08-31,2026-08-31,CM,NSE,STK,25408,INE0VG601013,PELATRO,SM,,,,,PELATRO LIMITED,359.00,359.00,350.00,352.95,352.95,359.00,,352.95,,,8400,2982075.00,25,F1,300,,,,,
2026-08-31,2026-08-31,CM,NSE,STK,5358,INE138A01028,PENINLAND,BE,,,,,PENINSULA LAND LIMITED,16.64,16.65,16.15,16.15,16.15,16.99,,15.96,,,75854,1231723.05,199,F1,1,,,,,
2026-08-31,2026-08-31,CM,NSE,STK,20621,INE932A01024,PENIND,EQ,,,,,PENNAR INDUSTRIES LTD,162.00,168.00,161.05,166.13,166.00,162.28,,166.13,,,613410,101274368.46,9362,F1,1,,,,,
2026-08-31,2026-08-31,CM,NSE,STK,758121,INE925S01012,PERFECT,SZ,,,,,PERFECT INFRAENGINEER LTD,2.10,2.10,1.90,1.90,1.90,2.00,,1.90,,,21000,41700.00,6,F1,3000,,,,,
2026-08-31,2026-08-31,CM,NSE,STK,764838,INE418E01018,PERMAGN,EQ,,,,,PERMANENT MAGNETS LTD.,890.00,904.00,870.10,882.95,881.00,893.95,,882.27,,,4622,4081992.20,645,F1,1,,,,,
2026-08-31,2026-08-31,CM,NSE,STK,18365,INE262H01021,PERSISTENT,EQ,,,,,PERSISTENT SYSTEMS LTD,5855.50,5855.50,5593.00,5594.50,5594.50,5875.00,,5594.70,,,1111705,6271470721.00,85107,F1,1,,,,,
2026-08-31,2026-08-31,CM,NSE,STK,24290,INE998U01015,PCCL,SM,,,,,PETRO CARBON AND CHEMI L,385.00,417.00,382.00,402.00,411.90,391.90,,402.00,,,58800,23604860.00,116,F1,400,,,,,
2026-08-31,2026-08-31,CM,NSE,STK,11351,INE347G01014,PETRONET,EQ,,,,,PETRONET LNG LIMITED,292.00,300.60,289.00,300.60,300.60,292.00,,300.60,,,2880149,846131035.60,46207,F1,1,,,,,
2026-08-31,2026-08-31,CM,NSE,STK,760824,INE134E07DJ3,PFCL41A,NE,,,,,PFCL 0% 2041 SR V,1000.00,1000.00,1000.00,1000.00,1000.00,1000.00,,1000.00,,,15,15000.00,1,F1,1,,,,,
2026-08-31,2026-08-31,CM,NSE,STK,760801,INE134E07DP0,7PFCL31,N3,,,,,PFCL 7.00% 2031 SR I,1005.01,1005.01,1005.01,1005.01,1005.01,1005.01,,1005.01,,,34,34170.34,3,F1,1,,,,,
2026-08-31,2026-08-31,CM,NSE,STK,760804,INE134E07DO3,720PFCL36,N6,,,,,PFCL 7.20% 2036 SR II,990.00,1000.58,990.00,1000.58,1000.58,1021.00,,1000.58,,,12,11901.16,2,F1,1,,,,,
2026-08-31,2026-08-31,CM,NSE,STK,2643,INE182A01018,PFIZER,EQ,,,,,PFIZER LTD,4705.00,4732.10,4673.00,4684.40,4699.20,4703.80,,4684.47,,,10457,49153416.50,3259,F1,1,,,,,
2026-08-31,2026-08-31,CM,NSE,STK,759562,INE140A07740,905PFL26,N1,,,,,PFL 9.05% SR II 2026,1074.00,1074.00,1074.00,1074.00,1074.00,1094.00,,1074.00,,,74,79476.00,8,F1,1,,,,,
2026-08-31,2026-08-31,CM,NSE,STK,25358,INE457L01029,PGEL,EQ,,,,,PG ELECTROPLAST LTD,585.35,585.55,571.40,581.00,581.00,585.85,,580.90,,,986065,567900073.65,24583,F1,1,,,,,
2026-08-31,2026-08-31,CM,NSE,STK,11612,INE0MLZ01019,PHANTOMFX,SM,,,,,PHANTOM DIGITAL EFF LTD,120.00,120.70,117.05,119.00,119.95,120.70,,119.00,,,18300,2195070.00,30,F1,300,,,,,
2026-08-31,2026-08-31,CM,NSE,STK,2658,INE245B01011,PHOENXINTL,EQ,,,,,PHOENIX INTERNATIONAL LTD,32.00,33.00,30.00,31.16,30.01,30.13,,31.16,,,2002,61644.40,53,F1,1,,,,,
2026-08-31,2026-08-31,CM,NSE,STK,25513,INE0FPO01018,PHOGLOBAL,SM,,,,,PHOENIX OVERSEAS LIMITED,15.35,15.35,13.20,14.15,14.45,15.20,,14.15,,,82000,1186100.00,35,F1,2000,,,,,
2026-08-31,2026-08-31,CM,NSE,STK,759723,INE0LP301011,PWL,EQ,,,,,PHYSICSWALLAH LIMITED,120.00,120.20,115.57,116.30,116.59,119.46,,116.30,,,9879919,1159887247.44,67846,F1,1,,,,,
2026-08-31,2026-08-31,CM,NSE,STK,24184,INE603J01030,PIIND,EQ,,,,,PI INDUSTRIES LTD,2422.90,2424.70,2370.00,2370.00,2370.00,2420.10,,2370.04,,,356031,850915076.70,15023,F1,1,,,,,
2026-08-31,2026-08-31,CM,NSE,STK,757754,INE546C01010,PICCADIL,EQ,,,,,PICCADILY AGRO INDUSTRI L,650.00,650.00,632.60,635.10,636.00,651.25,,635.08,,,225994,144600639.10,9130,F1,1,,,,,
2026-08-31,2026-08-31,CM,NSE,STK,24785,INE0YAL01017,PPSL,SM,,,,,PICTUREPOST STUDIOS LTD,2.90,2.95,2.80,2.90,2.90,2.85,,2.90,,,45000,129300.00,15,F1,3000,,,,,
2026-08-31,2026-08-31,CM,NSE,STK,2664,INE318A01026,PIDILITIND,EQ,,,,,PIDILITE INDUSTRIES LTD,1625.10,1687.70,1612.40,1687.70,1687.70,1629.50,,1687.69,,,1907573,3152623771.20,39232,F1,1,,,,,
2026-08-31,2026-08-31,CM,NSE,STK,30835,INE600A01035,PILITA,EQ,,,,,PIL ITALICA LIFESTYLE LTD,8.15,8.18,7.90,7.94,8.04,7.93,,7.94,,,395776,3165724.23,247,F1,1,,,,,
2026-08-31,2026-08-31,CM,NSE,STK,11445,INE417C01014,PILANIINVS,EQ,,,,,PILANI INV & IND COR LTD,4344.00,4416.80,4325.00,4353.40,4362.00,4387.90,,4353.40,,,509,2216721.90,168,F1,1,,,,,
2026-08-31,2026-08-31,CM,NSE,STK,759820,INE15B701018,PINELABS,EQ,,,,,PINE LABS LIMITED,165.07,167.26,161.70,164.03,163.00,165.07,,164.04,,,20261585,3321352307.95,72416,F1,1,,,,,
2026-08-31,2026-08-31,CM,NSE,STK,13463,INE156C01018,PIONEEREMB,EQ,,,,,PIONEER EMBROIDERIES LTD,21.75,21.99,21.30,21.76,21.90,21.95,,21.76,,,9166,199802.41,83,F1,1,,,,,
2026-08-31,2026-08-31,CM,NSE,STK,762832,INE746D01014,PIONRINV,BE,,,,,PIONEER INVESTCORP LTD.,83.65,83.68,82.85,82.85,82.85,82.45,,82.85,,,746,62272.91,10,F1,1,,,,,
2026-08-31,2026-08-31,CM,NSE,STK,759551,INE202B01038,PIRAMALFIN,EQ,,,,,PIRAMAL FINANCE LIMITED,2298.40,2324.00,2259.10,2300.40,2315.00,2278.40,,2300.34,,,711123,1632541907.90,48544,F1,1,,,,,
2026-08-31,2026-08-31,CM,NSE,STK,11571,INE0DK501011,PPLPHARMA,EQ,,,,,PIRAMAL PHARMA LIMITED,218.50,218.61,211.51,214.40,215.12,218.68,,214.40,,,2681993,574141268.36,25350,F1,1,,,,,
2026-08-31,2026-08-31,CM,NSE,STK,14134,INE450D01021,PITTIENG,EQ,,,,,PITTI ENGINEERING LIMITED,1127.00,1149.75,1101.10,1106.35,1106.10,1121.20,,1106.36,,,118983,133282379.10,7819,F1,1,,,,,
2026-08-31,2026-08-31,CM,NSE,STK,9087,INE751B01018,PIXTRANS,EQ,,,,,PIX TRANSMISSIONS LIMITED,1853.00,1866.00,1812.00,1818.60,1817.80,1843.30,,1818.55,,,14512,26553814.10,2182,F1,1,,,,,
2026-08-31,2026-08-31,CM,NSE,STK,19492,INE0PXD01014,PLADAINFO,SM,,,,,PLADA INFOTECH SERVICES L,9.90,9.90,9.90,9.90,9.90,9.90,,9.90,,,6000,59400.00,2,F1,3000,,,,,
2026-08-31,2026-08-31,CM,NSE,STK,13920,INE083C01022,PLASTIBLEN,EQ,,,,,PLASTIBLENDS INDIA LTD,189.80,190.78,184.22,185.48,185.26,189.56,,185.48,,,22938,4266988.09,820,F1,1,,,,,
2026-08-31,2026-08-31,CM,NSE,STK,22930,INE0PT501018,PLATIND,EQ,,,,,PLATINUM INDUSTRIES LTD,230.55,239.10,223.03,235.30,236.99,230.58,,235.22,,,137045,31618307.56,3519,F1,1,,,,,
2026-08-31,2026-08-31,CM,NSE,STK,19458,INE0INJ01017,PLAZACABLE,EQ,,,,,PLAZA WIRES LIMITED,54.86,56.55,53.93,56.55,56.55,53.86,,56.90,,,102490,5737084.95,462,F1,1,,,,,
2026-08-31,2026-08-31,CM,NSE,STK,8736,INE859A01011,PNBGILTS,EQ,,,,,PNB GILTS LIMITED,78.59,78.75,74.50,76.96,76.85,78.71,,76.96,,,377028,28985008.70,3291,F1,1,,,,,
2026-08-31,2026-08-31,CM,NSE,STK,18908,INE572E01012,PNBHOUSING,EQ,,,,,PNB HOUSING FIN LTD.,1164.00,1164.00,1141.50,1148.70,1148.70,1169.90,,1148.24,,,641531,739115383.50,27053,F1,1,,,,,
2026-08-31,2026-08-31,CM,NSE,STK,9385,INE195J01029,PNCINFRA,EQ,,,,,PNC INFRATECH LTD.,194.30,194.85,187.01,188.15,188.78,195.22,,188.15,,,641351,121402470.90,18229,F1,1,,,,,
2026-08-31,2026-08-31,CM,NSE,STK,760242,INE1RDG01013,PNGSREVA,EQ,,,,,PNGS REVA DIAMOND JEWEL L,545.00,561.00,532.60,536.55,538.95,542.25,,536.48,,,84702,45921930.45,3059,F1,1,,,,,
2026-08-31,2026-08-31,CM,NSE,STK,19036,INE371C01013,PODDARMENT,EQ,,,,,PODDAR PIGMENTS LIMITED,256.80,256.80,245.10,254.75,254.00,251.00,,254.73,,,3848,974942.20,195,F1,1,,,,,
2026-08-31,2026-08-31,CM,NSE,STK,17651,INE637C01025,POKARNA,EQ,,,,,POKARNA LIMITED,875.95,875.95,852.95,854.85,853.85,875.05,,854.80,,,32302,27726036.25,2521,F1,1,,,,,
2026-08-31,2026-08-31,CM,NSE,STK,25718,INE205C01021,POLYMED,EQ,,,,,POLY MEDICURE LIMITED,1730.10,1803.00,1706.50,1759.60,1752.00,1733.00,,1759.65,,,283673,500320016.10,28165,F1,1,,,,,
2026-08-31,2026-08-31,CM,NSE,STK,9590,INE455K01017,POLYCAB,EQ,,,,,POLYCAB INDIA LIMITED,9105.00,9445.00,8990.00,9445.00,9445.00,9088.00,,9442.45,,,387155,3549417641.00,30240,F1,1,,,,,
2026-08-31,2026-08-31,CM,NSE,STK,2687,INE633B01018,POLYPLEX,EQ,,,,,POLYPLEX CORPORATION LTD,1175.00,1203.90,1175.00,1182.60,1183.70,1184.40,,1182.55,,,87851,104919187.30,6176,F1,1,,,,,
2026-08-31,2026-08-31,CM,NSE,STK,22711,INE517M01028,POLYSIL,SM,,,,,POLYSIL IRRIGATION SYST L,57.90,58.00,53.05,58.00,58.00,55.25,,58.00,,,185000,10686400.00,149,F1,500,,,,,
2026-08-31,2026-08-31,CM,NSE,STK,765150,INE914G01029,POLYSPIN,EQ,,,,,POLYSPIN EXPORTS LTD.,29.66,30.87,28.78,30.46,30.46,29.52,,30.47,,,874,25256.08,18,F1,1,,,,,
2026-08-31,2026-08-31,CM,NSE,STK,14385,INE063E01061,POCL,EQ,,,,,PONDY OXIDES & CHEM LTD,507.00,507.55,492.00,495.60,497.20,509.20,,495.58,,,496408,248041427.90,17318,F1,1,,,,,
2026-08-31,2026-08-31,CM,NSE,STK,10661,INE838E01017,PONNIERODE,EQ,,,,,PONNIE SUGARS (ERODE) LTD,404.40,418.00,397.15,403.30,404.60,396.95,,403.30,,,67168,27372547.60,3637,F1,1,,,,,
2026-08-31,2026-08-31,CM,NSE,STK,11403,INE511C01022,POONAWALLA,EQ,,,,,POONAWALLA FINCORP LTD,475.10,477.20,461.00,463.80,463.90,479.05,,463.79,,,1067590,495922240.05,26860,F1,1,,,,,
2026-08-31,2026-08-31,CM,NSE,STK,23142,INE772T01024,PVSL,EQ,,,,,POPULAR VEHICLES N SER L,100.50,106.19,100.05,105.02,105.45,102.11,,104.98,,,28175,2907840.53,719,F1,1,,,,,
2026-08-31,2026-08-31,CM,NSE,STK,24864,INE0S3H01017,POSITRON,SM,,,,,POSITRON ENERGY LIMITED,162.00,168.50,159.10,165.00,165.00,168.30,,165.00,,,5400,883275.00,17,F1,300,,,,,
2026-08-31,2026-08-31,CM,NSE,STK,14299,INE134E01011,PFC,EQ,,,,,POWER FIN CORP LTD.,352.00,352.30,336.30,336.30,336.30,352.00,,336.32,,,13232527,4577992972.80,63228,F1,1,,,,,
2026-08-31,2026-08-31,CM,NSE,STK,14977,INE752E01010,POWERGRID,EQ,,,,,POWER GRID CORP. LTD.,266.05,266.05,263.15,263.55,263.55,266.05,,263.55,,,11553385,3052936131.90,44595,F1,1,,,,,
2026-08-31,2026-08-31,CM,NSE,STK,15716,INE557Z01018,PIGL,EQ,,,,,POWER INSTRUMENT (G) LTD,104.89,104.89,100.00,100.16,100.00,102.14,,100.16,,,32567,3283776.15,663,F1,1,,,,,
2026-08-31,2026-08-31,CM,NSE,STK,10473,INE211R01019,POWERMECH,EQ,,,,,POWER MECH PROJECTS LTD.,2596.10,2600.10,2512.90,2521.20,2535.00,2580.60,,2521.20,,,38174,96862373.80,9356,F1,1,,,,,
2026-08-31,2026-08-31,CM,NSE,STK,3494,INE0GGX23010,PGINVIT,IV,,,,,POWERGRID INFRA. INVITS,100.30,100.30,99.87,99.94,99.98,100.01,,99.94,,,1361559,136125924.58,6689,F1,1,,,,,
2026-08-31,2026-08-31,CM,NSE,STK,761680,INE921L01032,POWERICA,EQ,,,,,POWERICA LIMITED,517.50,525.00,506.05,519.00,519.90,517.70,,518.88,,,76005,39144354.35,2825,F1,1,,,,,
2026-08-31,2026-08-31,CM,NSE,STK,15213,INE095I01015,PPAP,BE,,,,,PPAP AUTOMOTIVE LIMITED,258.00,264.75,255.00,261.75,261.95,259.25,,261.75,,,8054,2088707.85,169,F1,1,,,,,
2026-08-31,2026-08-31,CM,NSE,STK,30134,INE0I0M01023,PRABHA,EQ,,,,,PRABHA ENERGY LIMITED,209.27,212.70,201.35,204.61,203.60,207.77,,204.61,,,126997,26260169.43,2419,F1,1,,,,,
2026-08-31,2026-08-31,CM,NSE,STK,762842,INE770A01010,PRADPME,BE,,,,,PRADEEP METALS LTD.,492.50,502.85,492.50,495.30,495.00,492.50,,493.66,,,1829,911400.55,26,F1,1,,,,,
2026-08-31,2026-08-31,CM,NSE,STK,2705,INE074A01025,PRAJIND,EQ,,,,,PRAJ INDUSTRIES LTD,347.75,352.80,341.00,343.90,344.60,347.90,,343.91,,,760408,262775137.85,16608,F1,1,,,,,
2026-08-31,2026-08-31,CM,NSE,STK,13941,INE505C01016,PRAENG,EQ,,,,,PRAJAY ENG. SYN. LTD.,20.00,21.69,20.00,21.49,20.91,20.63,,21.49,,,111375,2362470.26,367,F1,1,,,,,
2026-08-31,2026-08-31,CM,NSE,STK,2708,INE603A01013,PRAKASH,EQ,,,,,PRAKASH INDUSTRIES LTD,129.94,130.30,126.70,127.40,127.10,129.97,,127.40,,,249463,32021963.76,2970,F1,1,,,,,
2026-08-31,2026-08-31,CM,NSE,STK,10299,INE050001010,PPL,BE,,,,,PRAKASH PIPES LIMITED,261.00,265.00,259.10,261.40,261.00,263.75,,261.40,,,23731,6243555.85,288,F1,1,,,,,
2026-08-31,2026-08-31,CM,NSE,STK,19599,INE696K01024,PRAKASHSTL,EQ,,,,,PRAKASH STEELAGE LTD,3.92,3.98,3.85,3.86,3.86,3.92,,3.86,,,46158,179029.55,269,F1,1,,,,,
2026-08-31,2026-08-31,CM,NSE,STK,18514,INE0O7A01017,PRAMARA,SM,,,,,PRAMARA PROMOTIONS LTD,116.80,117.35,110.10,111.85,113.60,112.10,,111.85,,,11000,1251075.00,13,F1,500,,,,,
2026-08-31,2026-08-31,CM,NSE,STK,765290,INE2JG601017,PRAMODINI,ST,,,,,PRAMODINI MEDICARE LTD,114.00,116.55,111.55,116.50,116.55,114.80,,116.50,,,36000,4127160.00,30,F1,1200,,,,,
2026-08-31,2026-08-31,CM,NSE,STK,21840,INE393P01035,DIAMONDYD,EQ,,,,,PRATAAP SNACKS LIMITED,1163.40,1163.40,1139.70,1147.10,1144.00,1162.80,,1147.09,,,14535,16745365.70,2340,F1,1,,,,,
2026-08-31,2026-08-31,CM,NSE,STK,23113,INE0QA601016,PRATHAM,SM,,,,,PRATHAM EPC PROJECTS LTD,119.35,119.55,119.35,119.35,119.35,118.15,,119.35,,,2800,334260.00,7,F1,400,,,,,
2026-08-31,2026-08-31,CM,NSE,STK,762844,INE722B01019,PRAVEG,EQ,,,,,PRAVEG LTD.,276.65,276.65,262.45,265.10,265.00,276.65,,265.20,,,26500,7090247.95,1325,F1,1,,,,,
2026-08-31,2026-08-31,CM,NSE,STK,1204,INE546Y01022,PRAXIS,EQ,,,,,PRAXIS HOME RETAIL LTD,4.96,4.98,4.72,4.75,4.72,4.96,,4.75,,,114702,551780.89,274,F1,1,,,,,
2026-08-31,2026-08-31,CM,NSE,STK,12603,INE484I01029,PRECAM,EQ,,,,,PRECISION CAMSHAFTS LTD.,126.15,128.09,122.70,125.46,125.00,126.33,,125.45,,,176005,21983081.44,3355,F1,1,,,,,
2026-08-31,2026-08-31,CM,NSE,STK,7963,INE0HKW01018,PRECISION,ST,,,,,PRECISION METALIKS LTD,6.75,6.75,6.75,6.75,6.75,7.00,,6.75,,,2000,13500.00,1,F1,2000,,,,,
2026-08-31,2026-08-31,CM,NSE,STK,2717,INE372C01037,PRECWIRE,EQ,,,,,PRECISION WIRES INDIA LTD,515.00,524.90,491.75,505.60,506.50,507.35,,505.60,,,3000014,1518235666.00,72725,F1,1,,,,,
2026-08-31,2026-08-31,CM,NSE,STK,2711,INE283A01014,PRECOT,EQ,,,,,PRECOT LIMITED,734.00,734.00,683.00,704.55,704.00,701.50,,704.55,,,2953,2074190.35,296,F1,1,,,,,
2026-08-31,2026-08-31,CM,NSE,STK,762849,INE001E01012,PREMCO,EQ,,,,,PREMCO GLOBAL LTD.,391.00,391.00,380.15,380.40,380.15,381.20,,380.40,,,1074,409577.75,21,F1,1,,,,,
2026-08-31,2026-08-31,CM,NSE,STK,25049,INE0BS701011,PREMIERENE,EQ,,,,,PREMIER ENERGIES LIMITED,1013.90,1036.30,997.80,1036.30,1036.30,1013.90,,1036.22,,,1331386,1361487193.60,19078,F1,1,,,,,
2026-08-31,2026-08-31,CM,NSE,STK,17397,INE863B01029,PREMEXPLN,EQ,,,,,PREMIER EXPLOSIVES LTD,662.75,668.00,661.10,662.80,662.10,662.75,,662.80,,,84856,56293492.90,2000,F1,1,,,,,
2026-08-31,2026-08-31,CM,NSE,STK,6248,INE342A01018,PREMIER,BE,,,,,PREMIER LIMITED,2.97,2.97,2.76,2.94,2.94,2.90,,2.92,,,11139,32475.08,42,F1,1,,,,,
2026-08-31,2026-08-31,CM,NSE,STK,3908,INE309M01020,PREMIERPOL,EQ,,,,,PREMIER POLYFILM LTD,94.51,95.75,88.89,90.58,90.76,93.86,,90.57,,,356650,32589770.54,3927,F1,1,,,,,
2026-08-31,2026-08-31,CM,NSE,STK,23764,INE0CFG01012,PRLIND,SM,,,,,PREMIER ROADLINES LIMITED,42.00,43.20,41.80,42.10,42.30,42.60,,42.10,,,15000,635400.00,15,F1,1000,,,,,
2026-08-31,2026-08-31,CM,NSE,STK,25898,INE0M1F01011,PREMIUM,SM,,,,,PREMIUM PLAST LIMITED,39.80,40.00,39.80,40.00,40.00,40.00,,40.00,,,6000,239400.00,2,F1,3000,,,,,
2026-08-31,2026-08-31,CM,NSE,STK,20498,INE0R1601012,PRESSTONIC,SM,,,,,PRESSTONIC ENGINEERING L,35.80,36.50,34.00,34.00,34.00,35.15,,34.00,,,32800,1131680.00,31,F1,800,,,,,
2026-08-31,2026-08-31,CM,NSE,STK,20302,INE811K01011,PRESTIGE,EQ,,,,,PRESTIGE ESTATE LTD,1592.00,1633.00,1542.00,1633.00,1633.00,1588.00,,1632.99,,,698835,1111282571.60,23393,F1,1,,,,,
2026-08-31,2026-08-31,CM,NSE,STK,19631,INE726V01018,PRICOLLTD,EQ,,,,,PRICOL LIMITED,770.65,822.75,759.05,803.25,812.10,770.65,,801.71,,,796849,627300779.70,31283,F1,1,,,,,
2026-08-31,2026-08-31,CM,NSE,STK,759075,INE0CQA01020,PRIMECAB,ST,,,,,PRIME CABLE INDUSTRIES L,203.45,203.45,194.25,195.50,195.50,204.00,,195.50,,,25600,5080320.00,16,F1,1600,,,,,
2026-08-31,2026-08-31,CM,NSE,STK,13496,INE367G01038,PFOCUS,EQ,,,,,PRIME FOCUS LIMITED,296.00,296.15,286.00,287.30,286.00,294.40,,287.37,,,398686,115150398.60,11019,F1,1,,,,,
2026-08-31,2026-08-31,CM,NSE,STK,11864,INE032B01021,PRIMESECU,EQ,,,,,PRIME SECURITIES LIMITED,287.85,291.00,278.25,286.95,290.50,287.85,,286.95,,,27671,7886515.35,511,F1,1,,,,,
2026-08-31,2026-08-31,CM,NSE,STK,756925,INE607A01022,PRIMO,EQ,,,,,PRIMO CHEMICALS LIMITED,21.02,21.48,21.02,21.12,21.05,21.33,,21.14,,,64512,1368397.52,1681,F1,1,,,,,
2026-08-31,2026-08-31,CM,NSE,STK,16045,INE689W01016,PRINCEPIPE,EQ,,,,,PRINCE PIPES FITTINGS LTD,294.00,298.00,291.00,294.10,292.50,293.45,,294.10,,,193298,56839731.95,4551,F1,1,,,,,
2026-08-31,2026-08-31,CM,NSE,STK,2739,INE010A01011,PRSMJOHNSN,EQ,,,,,PRISM JOHNSON LIMITED,111.18,112.66,110.81,111.22,111.20,111.18,,111.22,,,343283,38276541.05,4376,F1,1,,,,,
2026-08-31,2026-08-31,CM,NSE,STK,765155,INE286N01028,PRISMX,EQ,,,,,PRISMX GLOBAL VENTURES L,0.55,0.55,0.53,0.53,0.54,0.55,,0.54,,,92520,50219.91,117,F1,1,,,,,
2026-08-31,2026-08-31,CM,NSE,STK,8310,INE974Z01015,PRITI,BE,,,,,PRITI INTERNATIONAL LTD,34.64,34.64,33.00,33.25,33.49,34.35,,33.25,,,6532,217458.53,110,F1,1,,,,,
2026-08-31,2026-08-31,CM,NSE,STK,5296,INE583R01029,PRITIKAUTO,BE,,,,,PRITIKA AUTO INDUS LTD,17.01,17.18,16.91,17.06,17.10,17.09,,17.04,,,77545,1320222.61,232,F1,1,,,,,
2026-08-31,2026-08-31,CM,NSE,STK,9342,INE392B01011,PNC,EQ,,,,,PRITISH NANDY COMMUNICATI,19.69,19.69,16.11,17.31,17.48,16.99,,17.38,,,14839,256186.06,232,F1,1,,,,,
2026-08-31,2026-08-31,CM,NSE,STK,8825,INE959A01019,PRIVISCL,EQ,,,,,PRIVI SPECIALITY CHE LTD,3494.00,3494.00,3452.90,3474.10,3478.00,3458.00,,3474.01,,,38039,132169049.00,7127,F1,1,,,,,
2026-08-31,2026-08-31,CM,NSE,STK,24511,INE0V9N01017,PRIZOR,ST,,,,,PRIZOR VIZTECH LIMITED,1109.10,1109.10,1109.10,1109.10,1109.10,1087.40,,1109.10,,,29200,32385720.00,36,F1,400,,,,,
2026-08-31,2026-08-31,CM,NSE,STK,940,INE199A01012,PGHL,EQ,,,,,PROCTER & GAMBLE HEALTH L,5641.00,5800.00,5641.00,5768.00,5799.00,5670.50,,5767.04,,,21082,120386209.00,4151,F1,1,,,,,
2026-08-31,2026-08-31,CM,NSE,STK,764345,INE1FFX01018,PROPSHOP,SM,,,,,PROPSHOP EVENTS AND EXH L,74.00,74.00,69.00,70.85,72.50,74.65,,70.85,,,26000,1858600.00,13,F1,2000,,,,,
2026-08-31,2026-08-31,CM,NSE,STK,758173,INE0BX301013,PROSTARM,EQ,,,,,PROSTARM INFO SYSTEMS LTD,134.61,138.99,133.00,136.18,135.60,135.31,,136.16,,,164277,22448772.61,2395,F1,1,,,,,
2026-08-31,2026-08-31,CM,NSE,STK,29472,INE004A01022,PROTEAN,EQ,,,,,PROTEAN EGOV TECHNO LTD,538.75,538.75,519.75,520.85,522.60,539.75,,520.86,,,267912,140822432.45,8562,F1,1,,,,,
2026-08-31,2026-08-31,CM,NSE,STK,28859,INE195N01013,PROZONER,EQ,,,,,PROZONE REALTY LIMITED,44.00,45.49,43.82,44.92,45.20,44.91,,44.92,,,215308,9649470.82,1410,F1,1,,,,,
2026-08-31,2026-08-31,CM,NSE,STK,9553,INE00F201020,PRUDENT,EQ,,,,,PRUDENT CORP ADV SER LTD,3404.30,4105.50,3365.90,3674.40,3600.00,3421.30,,3673.69,,,43144,155637132.60,7996,F1,1,,,,,
2026-08-31,2026-08-31,CM,NSE,STK,20528,INE024D01016,PRUDMOULI,BE,,,,,PRUDENTIAL SUGAR CORPORAT,16.21,16.98,15.66,16.50,16.78,16.21,,16.40,,,13485,221680.43,56,F1,1,,,,,
2026-08-31,2026-08-31,CM,NSE,STK,20877,INE488V01015,PSPPROJECT,EQ,,,,,PSP PROJECTS LIMITED,889.00,898.80,873.60,876.70,888.00,889.00,,876.73,,,31465,27819079.65,1982,F1,1,,,,,
2026-08-31,2026-08-31,CM,NSE,STK,22602,INE560K01014,PFS,EQ,,,,,PTC INDIA FIN SERV LTD,26.99,27.85,26.99,27.02,27.00,26.95,,27.02,,,626341,17019288.04,2841,F1,1,,,,,
2026-08-31,2026-08-31,CM,NSE,STK,11355,INE877F01012,PTC,EQ,,,,,PTC INDIA LIMITED,157.69,157.69,150.25,150.89,151.68,157.69,,150.90,,,9086084,1376942716.81,51028,F1,1,,,,,
2026-08-31,2026-08-31,CM,NSE,STK,16682,INE596F01018,PTCIL,EQ,,,,,PTC INDUSTRIES LIMITED,21920.00,22795.00,21550.00,22114.00,21900.00,22110.00,,22114.89,,,80039,1775311523.00,26369,F1,1,,,,,
2026-08-31,2026-08-31,CM,NSE,STK,14101,INE034D01049,PTL,EQ,,,,,PTL ENTERPRISES LTD,39.27,39.30,38.20,38.65,38.55,38.53,,38.65,,,34913,1345586.53,956,F1,1,,,,,
2026-08-31,2026-08-31,CM,NSE,STK,15377,INE865T01018,PDMJEPAPER,EQ,,,,,PUDUMJEE PAPER PRO. LTD,97.80,99.80,94.00,95.21,95.05,94.98,,95.21,,,772540,74909844.21,6164,F1,1,,,,,
2026-08-31,2026-08-31,CM,NSE,STK,21001,INE608A01012,PSB,EQ,,,,,PUNJAB & SIND BANK,23.25,23.25,22.81,22.89,22.89,23.14,,22.89,,,973565,22364775.22,3081,F1,1,,,,,
2026-08-31,2026-08-31,CM,NSE,STK,4344,INE277B01014,PUNJABCHEM,EQ,,,,,PUNJAB CHEM & CROP PROT L,1135.10,1135.10,1101.00,1118.50,1124.00,1126.90,,1118.50,,,5507,6155453.90,537,F1,1,,,,,
2026-08-31,2026-08-31,CM,NSE,STK,10666,INE160A01022,PNB,EQ,,,,,PUNJAB NATIONAL BANK,115.00,115.35,113.16,114.23,114.23,115.40,,114.23,,,18423594,2104936637.65,44596,F1,1,,,,,
2026-08-31,2026-08-31,CM,NSE,STK,14922,INE323I01011,PURVA,EQ,,,,,PURAVANKARA LIMITED,214.01,216.96,211.22,212.93,212.70,215.78,,212.90,,,68816,14626955.23,2144,F1,1,,,,,
2026-08-31,2026-08-31,CM,NSE,STK,28044,INE0P5R01014,PURPLEUTED,ST,,,,,PURPLE UNITED SALES LTD,410.85,410.85,395.00,402.50,402.10,415.75,,402.50,,,16250,6558837.50,48,F1,250,,,,,
2026-08-31,2026-08-31,CM,NSE,STK,22938,INE0R6C01012,PURVFLEXI,SM,,,,,PURV FLEXIPACK LIMITED,50.80,51.55,50.05,51.55,51.55,49.10,,51.55,,,36000,1851560.00,20,F1,800,,,,,
2026-08-31,2026-08-31,CM,NSE,STK,757683,INE154801018,PUSHPA,SM,,,,,PUSHPA JEWELLERS LIMITED,113.45,113.45,113.40,113.40,113.40,113.60,,113.40,,,2000,226850.00,2,F1,1000,,,,,
2026-08-31,2026-08-31,CM,NSE,STK,4010,INE362A01016,PVP,EQ,,,,,PVP VENTURES LIMITED,67.88,68.48,63.33,68.48,68.48,65.22,,68.47,,,6346569,425628590.53,19913,F1,1,,,,,
2026-08-31,2026-08-31,CM,NSE,STK,13147,INE191H01014,PVRINOX,EQ,,,,,PVR INOX LIMITED,1228.00,1239.40,1192.40,1207.70,1206.00,1220.90,,1207.55,,,371061,448877424.10,28253,F1,1,,,,,
2026-08-31,2026-08-31,CM,NSE,STK,18250,INE0MIS01010,PYRAMID,EQ,,,,,PYRAMID TECHNOPLAST LTD,160.02,160.28,158.00,158.47,158.05,159.89,,158.45,,,18960,3017096.45,561,F1,1,,,,,
2026-08-31,2026-08-31,CM,NSE,STK,763594,INE1G2W01011,QLINE,SM,,,,,Q-LINE BIOTECH LIMITED,558.00,622.00,558.00,595.55,597.00,548.95,,595.55,,,423200,252021860.00,941,F1,400,,,,,
2026-08-31,2026-08-31,CM,NSE,STK,751653,INE0FMW01018,QMSMEDI,BE,,,,,QMS MEDICAL ALLIED S LTD,153.05,157.45,152.10,157.21,155.50,151.89,,157.21,,,34735,5400243.92,232,F1,1,,,,,
2026-08-31,2026-08-31,CM,NSE,STK,29087,INE0LRY01011,QUADFUTURE,EQ,,,,,QUADRANT FUTURE TEK LTD,425.50,425.95,418.60,421.55,422.00,429.20,,421.55,,,186934,78914706.30,5151,F1,1,,,,,
2026-08-31,2026-08-31,CM,NSE,STK,29711,INE0SII01026,QPOWER,EQ,,,,,QUALITY POWER ELEC EQUP L,1502.70,1502.70,1430.00,1435.80,1445.00,1431.20,,1435.83,,,599422,885524123.90,20124,F1,1,,,,,
2026-08-31,2026-08-31,CM,NSE,STK,15330,INF082J01408,QGOLDHALF,EQ,,,,,QUANTUM GOLD ETF,134.44,134.44,124.82,127.78,127.72,131.17,,127.78,,,143335,18257183.78,1718,F1,1,,,,,
2026-08-31,2026-08-31,CM,NSE,STK,16819,INF082J01499,QNIFTY,EQ,,,,,QUANTUM NIFTY 50 ETF,266.00,266.00,263.82,265.30,265.40,266.31,,265.30,,,3551,939746.77,148,F1,1,,,,,
2026-08-31,2026-08-31,CM,NSE,STK,765392,INF966L01EI5,SILVER001,EQ,,,,,QUANT_AMC - SILVER001,24.00,24.40,23.20,23.58,23.68,24.40,,23.58,,,184325,4380535.99,230,F1,1,,,,,
2026-08-31,2026-08-31,CM,NSE,STK,17704,INE615P01015,QUESS,EQ,,,,,QUESS CORP LIMITED,372.20,388.75,365.65,381.75,383.30,372.25,,381.72,,,1028367,391779874.45,30166,F1,1,,,,,
2026-08-31,2026-08-31,CM,NSE,STK,23793,INE0TNW01017,QUESTLAB,SM,,,,,QUEST LABORATORIES LTD,89.45,89.45,87.20,87.20,87.20,88.00,,87.20,,,6000,531900.00,5,F1,1200,,,,,
2026-08-31,2026-08-31,CM,NSE,STK,13131,INE306L01010,QUICKHEAL,BE,,,,,QUICK HEAL TECH LTD,141.90,141.90,135.20,137.00,136.15,138.73,,136.98,,,42510,5867944.47,540,F1,1,,,,,
2026-08-31,2026-08-31,CM,NSE,STK,15285,INE0K4D01020,QUICKTOUCH,SM,,,,,QUICKTOUCH TECHNOLOGIES L,15.90,15.90,15.80,15.80,15.80,16.05,,15.80,,,1500,23800.00,3,F1,500,,,,,
2026-08-31,2026-08-31,CM,NSE,STK,762854,INE641R01017,QUINT,EQ,,,,,QUINT DIGITAL LTD.,42.99,43.00,40.00,41.02,40.99,40.74,,40.53,,,9637,393397.93,92,F1,1,,,,,
2026-08-31,2026-08-31,CM,NSE,STK,9376,INE033B01011,QUINTEGRA,BE,,,,,QUINTEGRA SOLUTIONS LTD.,1.27,1.33,1.21,1.21,1.21,1.27,,1.21,,,19040,24428.57,28,F1,1,,,,,
2026-08-31,2026-08-31,CM,NSE,STK,24957,INE0KZF01015,QVCEL,SM,,,,,QVC EXPORTS LIMITED,24.90,26.90,24.80,24.80,24.80,27.10,,24.80,,,27200,686240.00,15,F1,1600,,,,,
2026-08-31,2026-08-31,CM,NSE,STK,23043,INE0NQ801033,RKSWAMY,EQ,,,,,R K SWAMY LIMITED,95.80,95.80,91.07,91.79,93.99,93.82,,91.79,,,72092,6649663.89,1060,F1,1,,,,,
2026-08-31,2026-08-31,CM,NSE,STK,757836,INE219Y01026,RMDRIP,BE,,,,,R M DRIP & SPRINK SYS LTD,20.53,21.44,20.40,21.33,21.30,20.43,,21.33,,,522750,10967939.91,1285,F1,1,,,,,
2026-08-31,2026-08-31,CM,NSE,STK,762864,INE951M01037,RRIL,EQ,,,,,R R I L LTD.,17.69,17.69,16.10,16.81,16.63,16.71,,16.81,,,33937,562565.56,201,F1,1,,,,,
2026-08-31,2026-08-31,CM,NSE,STK,18566,INE777K01022,RRKABEL,EQ,,,,,R R KABEL LIMITED,2900.00,2958.00,2870.50,2928.40,2931.90,2905.20,,2928.44,,,644107,1876126177.80,42061,F1,1,,,,,
2026-08-31,2026-08-31,CM,NSE,STK,762872,INE616F01022,RSDFIN,BE,,,,,R S D FINANCE LTD.,95.45,105.40,95.38,97.02,105.33,100.39,,97.14,,,2434,238088.70,60,F1,1,,,,,
2026-08-31,2026-08-31,CM,NSE,STK,13414,INE411H01032,RSYSTEMS,EQ,,,,,R SYS INTERNATIONAL LTD,247.90,248.00,240.10,245.30,246.00,246.75,,245.31,,,171922,41996538.70,4088,F1,1,,,,,
2026-08-31,2026-08-31,CM,NSE,STK,764855,INE005C01017,RTSPOWR,EQ,,,,,R T S POWER CORPN. LTD.,88.25,90.50,86.00,86.57,86.52,88.30,,87.97,,,1040,91594.91,56,F1,1,,,,,
2026-08-31,2026-08-31,CM,NSE,STK,758981,INE012Q01039,RNBDENIMS,EQ,,,,,R&B DENIMS LIMITED,10.32,10.32,10.32,10.32,10.32,9.83,,10.32,,,126598,1306491.36,198,F1,1,,,,,
2026-08-31,2026-08-31,CM,NSE,STK,6429,INE165B01029,RSSOFTWARE,EQ,,,,,R. S. SOFTWARE (INDIA) LI,29.75,31.40,29.73,29.74,29.73,31.29,,29.79,,,119170,3570465.18,502,F1,1,,,,,
2026-08-31,2026-08-31,CM,NSE,STK,20760,INE324L01013,RPPINFRA,EQ,,,,,R.P.P INFRA PROJECTS LTD,53.83,55.90,53.50,55.62,55.80,53.83,,55.62,,,72107,3970653.26,1059,F1,1,,,,,
2026-08-31,2026-08-31,CM,NSE,STK,762244,INE2PB023011,RIIT,IV,,,,,RAAJMARG INFRA INVEST T,122.55,122.55,121.20,121.49,121.50,121.48,,121.49,,,103624,12587846.63,2488,F1,1,,,,,
2026-08-31,2026-08-31,CM,NSE,STK,15391,INE084Q01012,RACE,EQ,,,,,RACE ECO CHAIN LIMITED,101.05,101.05,99.10,101.00,101.00,100.55,,99.75,,,375,37643.98,27,F1,1,,,,,
2026-08-31,2026-08-31,CM,NSE,STK,9854,INE02OY01016,RILINFRA,SM,,,,,RACHANA INFRA LTD,36.00,36.50,35.85,36.20,36.10,35.90,,36.20,,,6600,238540.00,40,F1,100,,,,,
2026-08-31,2026-08-31,CM,NSE,STK,27171,INE704B01017,RACLGEAR,EQ,,,,,RACL GEARTECH LIMITED,1536.00,1562.00,1520.00,1535.80,1548.10,1538.60,,1535.80,,,24297,37539503.40,3377,F1,1,,,,,
2026-08-31,2026-08-31,CM,NSE,STK,10932,INE874F01027,RADAAN,EQ,,,,,RADAAN MEDIAWORKS (I) LTD,3.10,3.16,2.93,3.07,3.07,3.12,,3.01,,,15478,46739.72,100,F1,1,,,,,
2026-08-31,2026-08-31,CM,NSE,STK,10343,INE583V01021,RADHIKAJWE,EQ,,,,,RADHIKA JEWELTECH LIMITED,68.96,69.65,66.91,67.45,67.55,68.76,,67.45,,,255931,17301110.46,2583,F1,1,,,,,
2026-08-31,2026-08-31,CM,NSE,STK,13580,INE855R01021,RADIANTCMS,EQ,,,,,RADIANT CASH MGMT SER LTD,39.08,40.59,39.00,39.70,39.57,39.27,,39.70,,,278177,11072291.68,2389,F1,1,,,,,
2026-08-31,2026-08-31,CM,NSE,STK,10990,INE944F01028,RADICO,EQ,,,,,RADICO KHAITAN LTD,4582.60,4603.00,4471.10,4485.00,4485.00,4605.00,,4484.89,,,480565,2161387939.70,29618,F1,1,,,,,
2026-08-31,2026-08-31,CM,NSE,STK,23445,INE430U01019,RADIOWALLA,ST,,,,,RADIOWALLA NETWORK LTD,27.50,28.85,27.50,28.85,28.85,27.50,,28.85,,,11200,320960.00,7,F1,1600,,,,,
2026-08-31,2026-08-31,CM,NSE,STK,24735,INE912T01018,RPEL,EQ,,,,,RAGHAV PRODUCTIVITY ENH L,1748.40,1810.00,1727.40,1771.20,1790.20,1748.40,,1771.08,,,122182,217668603.90,12989,F1,1,,,,,
2026-08-31,2026-08-31,CM,NSE,STK,9552,INE415G01027,RVNL,EQ,,,,,RAIL VIKAS NIGAM LIMITED,214.00,214.21,209.50,210.00,210.00,214.22,,209.99,,,3633575,768278146.98,39967,F1,1,,,,,
2026-08-31,2026-08-31,CM,NSE,STK,2431,INE0DD101019,RAILTEL,EQ,,,,,RAILTEL CORP OF IND LTD,278.20,278.45,274.50,275.90,276.90,278.90,,275.90,,,291537,80363002.25,8236,F1,1,,,,,
2026-08-31,2026-08-31,CM,NSE,STK,15337,INE855B01025,RAIN,EQ,,,,,RAIN INDUSTRIES LIMITED,198.00,199.90,193.50,195.35,198.80,199.31,,195.34,,,3098328,605781684.74,21036,F1,1,,,,,
2026-08-31,2026-08-31,CM,NSE,STK,9408,INE961O01016,RAINBOW,EQ,,,,,RAINBOW CHILDRENS MED LTD,1432.00,1442.00,1410.00,1414.70,1418.00,1442.80,,1414.70,,,90124,127984046.20,13880,F1,1,,,,,
2026-08-31,2026-08-31,CM,NSE,STK,359,INE294G01026,ROML,EQ,,,,,RAJ OIL MILLS LIMITED,42.01,43.50,42.01,42.62,42.56,42.58,,42.61,,,2560,110304.42,33,F1,1,,,,,
2026-08-31,2026-08-31,CM,NSE,STK,8428,INE533D01032,RAJRILTD,BE,,,,,RAJ RAYON INDUSTRIES LTD,23.03,23.49,22.57,23.27,23.33,23.03,,23.25,,,15616,361198.06,145,F1,1,,,,,
2026-08-31,2026-08-31,CM,NSE,STK,14403,INE952H01027,RAJTV,EQ,,,,,RAJ TV NETWORK LTD,10.63,10.63,9.88,9.88,9.88,10.40,,9.88,,,148975,1491934.40,336,F1,1,,,,,
2026-08-31,2026-08-31,CM,NSE,STK,762859,INE296E01026,RAJPALAYAM,EQ,,,,,RAJAPALAYAM MILLS LTD.,800.00,824.00,800.00,806.65,815.00,813.85,,806.45,,,1769,1423915.25,62,F1,1,,,,,
2026-08-31,2026-08-31,CM,NSE,STK,181,INE610C01014,ARENTERP,EQ,,,,,RAJDARSHAN INDUSTRIES LTD,37.29,37.29,36.00,36.97,37.19,37.29,,36.98,,,688,25046.65,41,F1,1,,,,,
2026-08-31,2026-08-31,CM,NSE,STK,760461,INE343B01030,RAJESHEXPO,BZ,,,,,RAJESH EXPORTS LTD,77.50,77.50,75.10,75.93,76.47,76.81,,75.93,,,112327,8508511.88,1171,F1,1,,,,,
2026-08-31,2026-08-31,CM,NSE,STK,765445,INE0BZQ20011,RCDL-RE,ST,,,,,RAJGOR CAST DERIVATI LTD,5.90,6.25,4.80,4.80,4.80,8.00,,4.80,,,243000,1255800.00,74,F1,3000,,,,,
2026-08-31,2026-08-31,CM,NSE,STK,19681,INE0BZQ01011,RCDL,SM,,,,,RAJGOR CASTOR DERIVATI L,17.55,17.60,16.35,17.00,17.00,18.00,,17.00,,,57000,970050.00,19,F1,3000,,,,,
2026-08-31,2026-08-31,CM,NSE,STK,2168,INE00KV01022,RAJMET,EQ,,,,,RAJNANDINI METAL LIMITED,3.10,3.17,3.10,3.10,3.11,3.13,,3.10,,,321476,1002130.14,786,F1,1,,,,,
2026-08-31,2026-08-31,CM,NSE,STK,757052,INE535F01024,RAJOOENG,BE,,,,,RAJOO ENGINEERS LIMITED,49.31,51.00,46.85,48.09,47.00,49.27,,48.14,,,352322,17150905.85,1021,F1,1,,,,,
2026-08-31,2026-08-31,CM,NSE,STK,27269,INE0VHU01019,RAJPUTANA,SM,,,,,RAJPUTANA BIODIESEL LTD,239.75,239.90,238.00,238.00,238.00,231.35,,238.00,,,9500,2270700.00,15,F1,500,,,,,
2026-08-31,2026-08-31,CM,NSE,STK,24707,INE0PCU01012,RAJINDLTD,SM,,,,,RAJPUTANA INDUSTRIES LTD,65.25,65.25,65.00,65.00,65.00,65.25,,65.00,,,4500,292875.00,3,F1,1500,,,,,
2026-08-31,2026-08-31,CM,NSE,STK,761439,INE313L01016,RSL,EQ,,,,,RAJPUTANA STAINLESS LTD,178.97,181.00,174.35,177.66,175.00,177.49,,177.66,,,631454,112450910.12,5398,F1,1,,,,,
2026-08-31,2026-08-31,CM,NSE,STK,18962,INE451D01029,RAJRATAN,EQ,,,,,RAJRATAN GLOBAL WIRE LTD,493.00,502.00,484.55,497.15,496.00,496.65,,497.19,,,73943,36507721.95,4940,F1,1,,,,,
2026-08-31,2026-08-31,CM,NSE,STK,6915,INE760W01023,RPPL,BE,,,,,RAJSHREE POLYPACK LTD,24.00,24.00,22.55,23.36,23.97,23.07,,23.36,,,24357,575685.81,93,F1,1,,,,,
2026-08-31,2026-08-31,CM,NSE,STK,2809,INE562B01019,RAJSREESUG,EQ,,,,,RAJSHREE SUGAR & CHEMICAL,37.00,38.80,35.62,37.80,38.00,36.49,,37.80,,,107407,4048952.29,1386,F1,1,,,,,
2026-08-31,2026-08-31,CM,NSE,STK,2816,INE613A01020,RALLIS,EQ,,,,,RALLIS INDIA LTD,209.10,210.14,205.11,207.19,208.00,209.63,,207.20,,,3166067,656270090.53,37876,F1,1,,,,,
2026-08-31,2026-08-31,CM,NSE,STK,10485,INE207E01023,RAMRAT,EQ,,,,,RAM RATNA WIRES LIMITED,585.95,593.65,557.55,563.70,566.00,591.90,,563.72,,,464912,265196531.50,19487,F1,1,,,,,
2026-08-31,2026-08-31,CM,NSE,STK,10568,INE809A01032,RAMAPHO,EQ,,,,,RAMA PHOSPHATES LIMITED,126.99,126.99,122.35,123.36,122.50,125.80,,123.52,,,15477,1924015.07,432,F1,1,,,,,
2026-08-31,2026-08-31,CM,NSE,STK,10304,INE230R01035,RAMASTEEL,BE,,,,,RAMA STEEL TUBES LIMITED,4.38,4.38,4.33,4.33,4.33,4.41,,4.32,,,1713362,7483988.59,1871,F1,1,,,,,
2026-08-31,2026-08-31,CM,NSE,STK,4587,INE614A01028,RAMCOIND,EQ,,,,,RAMCO INDUSTRIES LIMITED,333.20,334.00,325.60,328.05,325.60,335.70,,328.05,,,133130,43894243.75,3079,F1,1,,,,,
2026-08-31,2026-08-31,CM,NSE,STK,7851,INE246B01019,RAMCOSYS,EQ,,,,,RAMCO SYSTEMS LTD.,578.30,597.90,570.00,575.25,575.00,578.40,,575.22,,,131141,76757145.05,5190,F1,1,,,,,
2026-08-31,2026-08-31,CM,NSE,STK,23565,INE0RJH01010,RBS,SM,,,,,RAMDEVBABA SOLVENT LTD,91.00,91.00,87.10,88.00,88.00,92.80,,88.00,,,5600,495360.00,7,F1,800,,,,,
2026-08-31,2026-08-31,CM,NSE,STK,11411,INE399G01023,RKFORGE,EQ,,,,,RAMKRISHNA FORGINGS LTD,764.15,767.25,732.95,743.60,742.25,751.25,,743.58,,,1105931,825457315.05,31101,F1,1,,,,,
2026-08-31,2026-08-31,CM,NSE,STK,20134,INE874I01013,RAMKY,EQ,,,,,RAMKY INFRA LTD,356.60,357.50,348.85,351.40,351.00,358.50,,351.40,,,63691,22435543.05,2210,F1,1,,,,,
2026-08-31,2026-08-31,CM,NSE,STK,2837,INE625B01014,RANASUG,EQ,,,,,RANA SUGARS LTD.,15.45,16.00,15.02,15.64,15.75,15.31,,15.64,,,1689217,26452891.52,3829,F1,1,,,,,
2026-08-31,2026-08-31,CM,NSE,STK,11975,INE050H01012,RML,EQ,,,,,RANE (MADRAS) LIMITED,1121.00,1146.20,1115.00,1129.70,1122.10,1126.70,,1129.73,,,22065,24930064.60,2480,F1,1,,,,,
2026-08-31,2026-08-31,CM,NSE,STK,2844,INE384A01010,RANEHOLDIN,EQ,,,,,RANE HOLDINGS LIMITED,1596.50,1596.50,1564.90,1566.80,1564.90,1598.90,,1567.08,,,10581,16656322.30,1228,F1,1,,,,,
2026-08-31,2026-08-31,CM,NSE,STK,30460,INE0QX901013,RAPIDFLEET,SM,,,,,RAPID FLEET MGT SERVICE L,227.00,241.00,225.00,236.10,241.00,225.00,,236.10,,,18000,4147470.00,27,F1,600,,,,,
2026-08-31,2026-08-31,CM,NSE,STK,25610,INE0MVO01012,RAPPID,SM,,,,,RAPPID VALVES (INDIA) LTD,298.00,304.95,298.00,304.95,304.95,299.00,,304.95,,,1800,544740.00,3,F1,600,,,,,
2026-08-31,2026-08-31,CM,NSE,STK,22670,INE0J1F01024,RPTECH,EQ,,,,,RASHI PERIPHERALS LIMITED,825.00,829.95,795.80,816.10,814.20,828.55,,816.38,,,283619,230566184.15,13445,F1,1,,,,,
2026-08-31,2026-08-31,CM,NSE,STK,2866,INE027A01015,RCF,EQ,,,,,RASHTRIYA CHEMICALS & FER,119.50,119.70,113.22,113.52,113.90,119.81,,113.52,,,7252796,828456088.52,37947,F1,1,,,,,
2026-08-31,2026-08-31,CM,NSE,STK,7177,INE0CLI01024,RATEGAIN,EQ,,,,,RATEGAIN TRAVEL TECHN LTD,935.00,953.00,915.75,937.70,930.45,933.95,,937.65,,,488881,459575500.60,22939,F1,1,,,,,
2026-08-31,2026-08-31,CM,NSE,STK,13451,INE703B01027,RATNAMANI,EQ,,,,,RATNAMANI MET & TUB LTD.,2616.10,2680.00,2533.40,2649.70,2660.90,2611.10,,2650.16,,,102160,268574416.20,16386,F1,1,,,,,
2026-08-31,2026-08-31,CM,NSE,STK,18423,INE05CZ01011,RATNAVEER,EQ,,,,,RATNAVEER PRECISION ENG L,297.00,314.90,296.00,306.02,305.80,294.95,,306.01,,,9205781,2811614319.29,59123,F1,1,,,,,
2026-08-31,2026-08-31,CM,NSE,STK,27297,INE834M01019,RTNINDIA,EQ,,,,,RATTANINDIA ENT LIMITED,30.24,30.24,30.00,30.04,30.10,30.24,,30.04,,,1932127,58040273.33,3950,F1,1,,,,,
2026-08-31,2026-08-31,CM,NSE,STK,17520,INE399K01017,RTNPOWER,EQ,,,,,RATTANINDIA POWER LIMITED,7.97,8.13,7.39,7.50,7.56,7.95,,7.50,,,126879538,962094739.30,64727,F1,1,,,,,
2026-08-31,2026-08-31,CM,NSE,STK,20950,INE722J01012,RKDL,EQ,,,,,RAVI KUMAR DIST. LTD.,18.55,19.30,18.07,18.39,18.29,18.55,,18.39,,,21241,397966.27,115,F1,1,,,,,
2026-08-31,2026-08-31,CM,NSE,STK,1565,INE09E501017,RVHL,EQ,,,,,RAVINDER HEIGHTS LIMITED,39.80,39.80,37.11,38.52,38.59,39.39,,38.52,,,20317,787803.11,141,F1,1,,,,,
2026-08-31,2026-08-31,CM,NSE,STK,24596,INE206N01018,RELTD,EQ,,,,,RAVINDRA ENERGY LIMITED,157.00,160.95,154.69,159.17,159.00,156.76,,159.18,,,208758,33032014.45,3480,F1,1,,,,,
2026-08-31,2026-08-31,CM,NSE,STK,25073,INE02ID01020,RAYMONDLSL,EQ,,,,,RAYMOND LIFESTYLE LIMITED,691.35,693.20,660.00,662.75,665.00,691.35,,662.80,,,282505,189482543.00,15957,F1,1,,,,,
2026-08-31,2026-08-31,CM,NSE,STK,2859,INE301A01014,RAYMOND,EQ,,,,,RAYMOND LTD,626.95,640.75,620.10,631.85,630.25,626.85,,631.84,,,363188,228925864.60,12797,F1,1,,,,,
2026-08-31,2026-08-31,CM,NSE,STK,758551,INE1SY401010,RAYMONDREL,EQ,,,,,RAYMOND REALTY LIMITED,556.00,559.00,528.05,532.20,536.00,557.05,,532.22,,,440478,237876541.50,11991,F1,1,,,,,
2026-08-31,2026-08-31,CM,NSE,STK,18391,INE976G01028,RBLBANK,EQ,,,,,RBL BANK LIMITED,380.00,384.00,378.40,380.35,380.35,382.00,,380.32,,,2117124,805736688.80,30196,F1,1,,,,,
2026-08-31,2026-08-31,CM,NSE,STK,13570,INE0NA301016,RBMINFRA,SM,,,,,RBM INFRACON LIMITED,235.10,247.00,235.10,241.20,244.40,235.10,,241.20,,,21600,5205910.00,78,F1,200,,,,,
2026-08-31,2026-08-31,CM,NSE,STK,20874,INE0PEQ01016,RBZJEWEL,EQ,,,,,RBZ JEWELLERS LIMITED,146.00,153.18,144.21,150.79,151.88,146.20,,150.79,,,146694,21994466.79,2783,F1,1,,,,,
2026-08-31,2026-08-31,CM,NSE,STK,764850,INE0AK901016,RRECL,EQ,,,,,RDB REAL ESTATE CONS L,134.50,145.00,130.00,144.90,144.80,134.50,,142.91,,,509,71479.70,25,F1,1,,,,,
2026-08-31,2026-08-31,CM,NSE,STK,29561,INE10QL01011,READYMIX,SM,,,,,READYMIX CONSTRU MACHI L,82.60,88.80,82.00,84.40,83.00,84.50,,84.40,,,29000,2469950.00,28,F1,1000,,,,,
2026-08-31,2026-08-31,CM,NSE,STK,15355,INE020B01018,RECLTD,EQ,,,,,REC LIMITED,316.85,323.30,311.10,323.30,323.30,316.80,,323.30,,,8007477,2524179468.55,48942,F1,1,,,,,
2026-08-31,2026-08-31,CM,NSE,STK,14255,INE891D01026,REDINGTON,EQ,,,,,REDINGTON LIMITED,366.50,367.60,355.35,357.75,360.20,366.00,,357.75,,,4353084,1560637118.80,50767,F1,1,,,,,
2026-08-31,2026-08-31,CM,NSE,STK,17859,INE0LXT01019,REDTAPE,EQ,,,,,REDTAPE LIMITED,126.03,126.83,123.00,124.15,123.17,126.01,,124.15,,,319986,39954310.68,5364,F1,1,,,,,
2026-08-31,2026-08-31,CM,NSE,STK,17764,INE056I01025,REFEX,EQ,,,,,REFEX INDUSTRIES LIMITED,285.00,289.45,280.25,282.50,284.40,287.55,,282.49,,,275016,78075728.45,6256,F1,1,,,,,
2026-08-31,2026-08-31,CM,NSE,STK,23718,INE0TNX01015,REFRACTORY,SM,,,,,REFRACTORY SHAPES LIMITED,28.35,28.35,28.30,28.30,28.30,27.00,,28.30,,,2000,56650.00,2,F1,1000,,,,,
2026-08-31,2026-08-31,CM,NSE,STK,758680,INE0MHO01029,REGAAL,EQ,,,,,REGAAL RESOURCES LIMITED,92.51,94.47,87.80,89.02,88.05,92.51,,88.94,,,675860,61087231.84,4004,F1,1,,,,,
2026-08-31,2026-08-31,CM,NSE,STK,4130,INE277C01012,REGENCERAM,EQ,,,,,REGENCY CERAMICS LTD.,33.01,35.31,33.00,33.98,35.00,33.00,,33.98,,,3454,116650.95,52,F1,1,,,,,
2026-08-31,2026-08-31,CM,NSE,STK,24225,INE131B01039,RELAXO,EQ,,,,,RELAXO FOOT LTD.,356.75,362.20,349.75,357.85,362.00,356.75,,357.85,,,312369,111088944.55,14235,F1,1,,,,,
2026-08-31,2026-08-31,CM,NSE,STK,3172,INF204KC1030,GILT5YBEES,EQ,,,,,RELCAPAMC - NETFGILT5Y,66.29,66.30,65.91,66.05,66.11,66.22,,66.05,,,100683,6648908.75,465,F1,1,,,,,
2026-08-31,2026-08-31,CM,NSE,STK,24378,INE375Y01018,RELIABLE,EQ,,,,,RELIABLE DATA SERVICE LTD,139.45,143.50,135.00,137.84,137.39,139.75,,137.92,,,48930,6814773.47,880,F1,1,,,,,
2026-08-31,2026-08-31,CM,NSE,STK,9652,INE750D01016,RELCHEMQ,EQ,,,,,RELIANCE CHEMOTEX IND LTD,116.50,118.00,113.00,113.85,113.99,115.33,,114.15,,,6937,801159.22,207,F1,1,,,,,
2026-08-31,2026-08-31,CM,NSE,STK,13188,INE330H01018,RCOM,BE,,,,,RELIANCE COMMUNICATIONS L,0.82,0.82,0.81,0.81,0.81,0.81,,0.81,,,2395111,1952645.37,1735,F1,1,,,,,
2026-08-31,2026-08-31,CM,NSE,STK,759204,INE217K01011,RHFL,BZ,,,,,RELIANCE HOME FINANCE LTD,1.89,1.90,1.81,1.81,1.81,1.87,,1.81,,,359965,661116.78,897,F1,1,,,,,
2026-08-31,2026-08-31,CM,NSE,STK,2912,INE046A01015,RIIL,EQ,,,,,RELIANCE INDUSTRIAL INFRA,757.00,763.80,746.50,752.45,751.80,761.45,,752.33,,,29613,22284008.40,1775,F1,1,,,,,
2026-08-31,2026-08-31,CM,NSE,STK,2885,INE002A01018,RELIANCE,EQ,,,,,RELIANCE INDUSTRIES LTD,1278.70,1297.60,1271.00,1277.00,1277.00,1287.00,,1277.00,,,34871137,44580283834.50,244866,F1,1,,,,,
2026-08-31,2026-08-31,CM,NSE,STK,4791,INE036A01016,RELINFRA,BE,,,,,RELIANCE INFRASTRUCTU LTD,59.65,61.40,59.39,59.39,59.39,60.60,,59.39,,,200400,11985499.04,1124,F1,1,,,,,
2026-08-31,2026-08-31,CM,NSE,STK,15259,INE614G01033,RPOWER,EQ,,,,,RELIANCE POWER LTD.,22.45,22.45,21.92,22.09,22.11,22.45,,22.09,,,11431023,252820540.39,25003,F1,1,,,,,
2026-08-31,2026-08-31,CM,NSE,STK,765330,INF205KA1CB9,IVZBANKNF,EQ,,,,,RELIGARAMC - IVZBANKNF,57.28,57.45,57.05,57.28,57.28,57.35,,57.28,,,2056,117763.75,13,F1,1,,,,,
2026-08-31,2026-08-31,CM,NSE,STK,765327,INF205KA1CA1,IVZSENSEX,EQ,,,,,RELIGARAMC - IVZSENSEX,78.40,78.40,75.53,75.96,76.00,79.20,,76.02,,,7330,560090.08,84,F1,1,,,,,
2026-08-31,2026-08-31,CM,NSE,STK,15068,INE621H01010,RELIGARE,EQ,,,,,RELIGARE ENTER. LTD.,238.00,246.80,234.00,242.80,244.00,233.05,,242.83,,,5288798,1267935129.25,49295,F1,1,,,,,
2026-08-31,2026-08-31,CM,NSE,STK,3965,INE474C01023,REMSONSIND,EQ,,,,,REMSONS INDUSTRIES LTD,86.60,99.70,86.29,98.48,98.60,86.49,,98.48,,,770390,73228812.85,8373,F1,1,,,,,
2026-08-31,2026-08-31,CM,NSE,STK,16154,INE0O5T01011,REMUS,SM,,,,,REMUS PHARMACEUTICALS L,900.30,915.00,883.00,899.45,906.00,925.00,,899.45,,,7000,6291190.00,34,F1,100,,,,,
2026-08-31,2026-08-31,CM,NSE,STK,15129,INE722H01024,RGL,EQ,,,,,RENAISSANCE GLOBAL LTD,139.39,139.57,134.06,135.22,135.90,139.39,,135.22,,,652607,89271356.97,6116,F1,1,,,,,
2026-08-31,2026-08-31,CM,NSE,STK,758157,INE0VZX01015,RNPL,SM,,,,,RENOL POLYCHEM LIMITED,75.00,78.50,72.20,78.25,78.25,75.25,,78.25,,,12000,907380.00,10,F1,1200,,,,,
2026-08-31,2026-08-31,CM,NSE,STK,29598,INE612J01015,REPCOHOME,EQ,,,,,REPCO HOME FINANCE LTD,365.30,367.50,361.10,363.00,363.50,365.50,,363.00,,,42944,15610430.55,1794,F1,1,,,,,
2026-08-31,2026-08-31,CM,NSE,STK,13126,INE461B01014,REPRO,EQ,,,,,REPRO INDIA LIMITED,312.80,312.95,301.60,306.10,310.90,307.95,,306.10,,,31415,9672679.15,700,F1,1,,,,,
2026-08-31,2026-08-31,CM,NSE,STK,20323,INE688D01026,RESPONIND,EQ,,,,,RESPONSIVE INDUSTRIES LTD,154.00,154.00,149.00,149.05,149.00,153.55,,149.05,,,49705,7446447.45,1133,F1,1,,,,,
2026-08-31,2026-08-31,CM,NSE,STK,1494,INE07T201019,RBA,EQ,,,,,RESTAURANT BRAND ASIA LTD,101.00,101.00,96.30,98.10,98.53,100.97,,98.09,,,3876506,380223227.60,18740,F1,1,,,,,
2026-08-31,2026-08-31,CM,NSE,STK,25157,INE0DAB01012,RVTH,EQ,,,,,REVATHI EQUIPMENT INDIA L,736.45,755.70,720.30,726.20,726.20,736.45,,726.20,,,301,221883.90,20,F1,1,,,,,
2026-08-31,2026-08-31,CM,NSE,STK,29270,INE113601012,REXPRO,SM,,,,,REXPRO ENTERPRISES LTD,38.35,38.35,37.95,37.95,37.95,39.90,,37.95,,,6000,228850.00,6,F1,1000,,,,,
2026-08-31,2026-08-31,CM,NSE,STK,763468,INE0V2V01015,RFBL,ST,,,,,RFBL FLEXI PACK LIMITED,90.70,90.70,90.70,90.70,90.70,95.45,,90.70,,,3000,272100.00,1,F1,3000,,,,,
2026-08-31,2026-08-31,CM,NSE,STK,759062,INE0KKN01029,RHETAN,EQ,,,,,RHETAN TMT LIMITED,20.27,20.43,19.10,19.11,19.12,20.31,,19.11,,,14156310,273439793.92,11421,F1,1,,,,,
2026-08-31,2026-08-31,CM,NSE,STK,31163,INE743M01012,RHIM,EQ,,,,,RHI MAGNESITA INDIA LTD,371.00,374.15,364.40,371.60,372.00,369.35,,371.59,,,200536,74125371.85,7731,F1,1,,,,,
2026-08-31,2026-08-31,CM,NSE,STK,8212,INE0J1P01015,RICHA,ST,,,,,RICHA INFO SYSTEMS LTD,73.15,76.20,73.15,75.40,76.20,73.15,,75.40,,,4000,299350.00,4,F1,1000,,,,,
2026-08-31,2026-08-31,CM,NSE,STK,2909,INE209B01025,RICOAUTO,EQ,,,,,RICO AUTO INDUSTRIES LTD,128.75,131.24,127.43,129.62,129.55,129.41,,129.62,,,686184,88696774.00,6063,F1,1,,,,,
2026-08-31,2026-08-31,CM,NSE,STK,764121,INE302D01024,RIR,EQ,,,,,RIR POWER ELECTRONICS L,160.97,161.60,157.92,159.27,160.50,159.83,,159.30,,,96898,15464055.77,2090,F1,1,,,,,
2026-08-31,2026-08-31,CM,NSE,STK,18417,INE0N2P01017,RISHABH,EQ,,,,,RISHABH INSTRUMENTS LTD,697.10,709.75,675.00,705.45,699.50,691.60,,705.50,,,182177,127277208.75,8412,F1,1,,,,,
2026-08-31,2026-08-31,CM,NSE,STK,8944,INE01EG01016,RITCO,EQ,,,,,RITCO LOGISTICS LIMITED,311.70,311.90,304.30,307.45,306.75,311.60,,307.45,,,35224,10848418.40,1117,F1,1,,,,,
2026-08-31,2026-08-31,CM,NSE,STK,3761,INE320J01015,RITES,EQ,,,,,RITES LIMITED,217.00,219.35,214.92,218.44,218.00,217.00,,218.43,,,367130,79687985.03,9119,F1,1,,,,,
2026-08-31,2026-08-31,CM,NSE,STK,1547,INE786W01010,RKEC,EQ,,,,,RKEC PROJECTS LIMITED,23.37,23.37,22.00,22.28,22.30,22.38,,22.28,,,11758,263408.78,153,F1,1,,,,,
2026-08-31,2026-08-31,CM,NSE,STK,762346,INE655V01019,RMC,EQ,,,,,RMC SWITCHGEARS LIMITED,246.45,247.05,239.05,240.35,241.90,246.45,,240.38,,,32943,7953355.85,1470,F1,1,,,,,
2026-08-31,2026-08-31,CM,NSE,STK,24589,INE0SA001017,RNFI,SM,,,,,RNFI SERVICES LIMITED,295.00,298.90,290.00,296.55,298.00,289.10,,296.55,,,180000,52501740.00,70,F1,600,,,,,
2026-08-31,2026-08-31,CM,NSE,STK,15157,INE508K01013,RHL,EQ,,,,,ROBUST HOTELS LIMITED,170.00,171.70,165.10,165.46,167.90,168.00,,165.47,,,2002,332707.09,44,F1,1,,,,,
2026-08-31,2026-08-31,CM,NSE,STK,760033,IN90PTR01010,ROCKPP,E1,,,,,ROCKINGDCE RS.5 PPD UP,72.00,80.80,72.00,78.70,73.60,74.00,,78.70,,,10000,788050.00,8,F1,1000,,,,,
2026-08-31,2026-08-31,CM,NSE,STK,20289,INE0PTR01012,ROCKINGDCE,SM,,,,,ROCKINGDEALS CIRCU ECO L,230.80,231.00,230.00,230.10,230.10,238.95,,230.10,,,1750,403225.00,7,F1,250,,,,,
2026-08-31,2026-08-31,CM,NSE,STK,5279,INE645S01024,ROLEXRINGS,EQ,,,,,ROLEX RINGS LIMITED,180.55,184.89,179.99,180.59,180.25,180.55,,180.60,,,1413873,257246135.14,13155,F1,1,,,,,
2026-08-31,2026-08-31,CM,NSE,STK,19108,INE927A01040,ROLLT,BE,,,,,ROLLATAINERS LIMITED,4.24,4.24,3.96,3.96,3.96,4.16,,3.97,,,325397,1306606.42,382,F1,1,,,,,
2026-08-31,2026-08-31,CM,NSE,STK,19410,INE02A801020,ROSSARI,EQ,,,,,ROSSARI BIOTECH LIMITED,498.10,504.70,482.50,485.15,485.00,498.10,,485.16,,,101837,50096671.55,4626,F1,1,,,,,
2026-08-31,2026-08-31,CM,NSE,STK,28913,INE847C01020,ROSSELLIND,EQ,,,,,ROSSELL INDIA LIMITED,59.88,59.88,57.55,58.46,58.90,59.62,,58.44,,,63801,3729719.11,857,F1,1,,,,,
2026-08-31,2026-08-31,CM,NSE,STK,27353,INE0OJW01016,ROSSTECH,EQ,,,,,ROSSELL TECHSYS LIMITED,1113.35,1139.95,1091.00,1109.95,1110.25,1104.60,,1109.91,,,171715,191888625.45,10801,F1,1,,,,,
2026-08-31,2026-08-31,CM,NSE,STK,9049,INE535D01037,ROTO,EQ,,,,,ROTO PUMPS LIMITED,64.31,64.31,62.50,62.85,62.60,64.52,,62.82,,,185844,11761893.37,2173,F1,1,,,,,
2026-08-31,2026-08-31,CM,NSE,STK,128,INE450U01017,ROUTE,EQ,,,,,ROUTE MOBILE LIMITED,507.25,507.95,497.90,500.00,498.85,509.35,,499.99,,,117673,58973666.60,4006,F1,1,,,,,
2026-08-31,2026-08-31,CM,NSE,STK,20167,INE0PDJ01013,ROXHITECH,SM,,,,,ROX HI TECH LIMITED,54.00,54.00,49.00,49.40,49.30,51.25,,49.40,,,48000,2415920.00,22,F1,1600,,,,,
2026-08-31,2026-08-31,CM,NSE,STK,13182,INE283H01019,ROHLTD,EQ,,,,,ROYAL ORCHID HOTELS LTD,303.00,304.00,295.00,296.35,296.50,302.35,,296.35,,,21976,6558218.00,839,F1,1,,,,,
2026-08-31,2026-08-31,CM,NSE,STK,16725,INE105J01010,RPGLIFE,EQ,,,,,RPG LIFE SCIENCES LTD,2525.00,2678.90,2509.10,2629.00,2645.00,2537.60,,2628.85,,,22012,57727258.00,3658,F1,1,,,,,
2026-08-31,2026-08-31,CM,NSE,STK,8119,INE425Y01011,RPSGVENT,EQ,,,,,RPSG VENTURES LIMITED,856.00,858.00,845.10,848.40,848.00,857.15,,848.39,,,30398,25810075.95,991,F1,1,,,,,
2026-08-31,2026-08-31,CM,NSE,STK,7292,INE611A01016,RSWM,BE,,,,,RSWM LIMITED,196.00,199.05,195.00,198.41,199.05,196.00,,198.41,,,14653,2880927.77,83,F1,1,,,,,
2026-08-31,2026-08-31,CM,NSE,STK,24730,INE642C01025,RUBFILA,EQ,,,,,RUBFILA INTERNATIONAL LTD,68.50,69.55,67.10,68.69,68.69,68.59,,68.69,,,15682,1082859.96,153,F1,1,,,,,
2026-08-31,2026-08-31,CM,NSE,STK,759316,INE506V01022,RUBICON,EQ,,,,,RUBICON RESEARCH LIMITED,1812.00,1855.00,1780.40,1819.60,1823.80,1804.40,,1819.54,,,319228,581869487.00,20590,F1,1,,,,,
2026-08-31,2026-08-31,CM,NSE,STK,4566,INE413B01023,RUCHINFRA,EQ,,,,,RUCHI INFRASTRUCTURE LTD,5.96,5.96,5.58,5.75,5.78,5.82,,5.75,,,41555,237322.25,227,F1,1,,,,,
2026-08-31,2026-08-31,CM,NSE,STK,13821,INE803H01014,RUCHIRA,EQ,,,,,RUCHIRA PAPERS LIMITED,103.49,103.87,102.21,102.53,103.00,102.64,,102.72,,,14605,1504096.66,285,F1,1,,,,,
2026-08-31,2026-08-31,CM,NSE,STK,760392,INE027T01023,RUDRA,EQ,,,,,RUDRA GLOBAL INFRA PROD L,20.76,21.00,20.25,20.59,20.99,20.76,,20.59,,,630678,12988814.10,196,F1,1,,,,,
2026-08-31,2026-08-31,CM,NSE,STK,1486,INE364Z01019,REPL,BE,,,,,RUDRABHISHEK ENTERP LTD,62.86,65.90,61.15,64.85,64.85,62.87,,64.85,,,2161,134624.86,25,F1,1,,,,,
2026-08-31,2026-08-31,CM,NSE,STK,23830,INE0R7301013,RULKA,SM,,,,,RULKA ELECTRICALS LIMITED,106.00,110.50,106.00,110.35,110.50,108.15,,110.35,,,12300,1344750.00,8,F1,300,,,,,
2026-08-31,2026-08-31,CM,NSE,STK,25724,INE895B01021,RUPA,EQ,,,,,RUPA & COMPANY LTD,148.90,149.44,146.50,147.65,148.00,149.49,,147.65,,,71172,10511670.31,2674,F1,1,,,,,
2026-08-31,2026-08-31,CM,NSE,STK,24595,INE573K01025,RUSHIL,EQ,,,,,RUSHIL DECOR LIMITED,16.79,16.79,16.25,16.40,16.39,16.79,,16.40,,,264244,4354514.87,686,F1,1,,,,,
2026-08-31,2026-08-31,CM,NSE,STK,764860,INE137M01017,SAB,EQ,,,,,S A B INDUSTRIES LTD.,165.00,170.00,165.00,170.00,170.00,170.00,,178.00,,,47,7760.00,4,F1,1,,,,,
2026-08-31,2026-08-31,CM,NSE,STK,24674,INE0BSN01013,SATECH,SM,,,,,S A TECH SOFTWARE INDIA L,39.45,39.45,39.40,39.40,39.40,38.35,,39.40,,,5000,197150.00,5,F1,1000,,,,,
2026-08-31,2026-08-31,CM,NSE,STK,20698,INE807K01035,SCHAND,EQ,,,,,S CHAND AND COMPANY LTD,137.97,138.99,135.01,137.76,136.13,137.97,,137.76,,,29511,4044861.13,859,F1,1,,,,,
2026-08-31,2026-08-31,CM,NSE,STK,25528,INE0X6F01017,SDREAMS,SM,,,,,S D RETAIL LIMITED,85.55,85.55,85.55,85.55,85.55,87.30,,85.55,,,1000,85550.00,1,F1,1000,,,,,
2026-08-31,2026-08-31,CM,NSE,STK,11212,INE500L01026,SHK,EQ,,,,,S H KELKAR AND CO. LTD.,152.48,152.88,150.01,151.46,150.55,152.43,,151.44,,,257115,38846868.65,4249,F1,1,,,,,
2026-08-31,2026-08-31,CM,NSE,STK,20542,INE0F3301020,SJLOGISTIC,SM,,,,,S J LOGISTICS (INDIA) LTD,334.35,336.00,325.70,328.20,326.00,334.35,,328.20,,,20250,6693137.50,61,F1,250,,,,,
2026-08-31,2026-08-31,CM,NSE,STK,764940,INE159L01013,SVGLOBAL,EQ,,,,,S V GLOBAL MILL LTD.,130.35,138.77,123.30,138.44,138.44,129.71,,137.65,,,172,22942.76,19,F1,1,,,,,
2026-08-31,2026-08-31,CM,NSE,STK,2951,INE902B01017,S&SPOWER,EQ,,,,,S&S POWER SWITCHGEARS LTD,347.30,353.60,335.00,341.60,345.00,338.75,,340.82,,,3498,1206056.95,160,F1,1,,,,,
2026-08-31,2026-08-31,CM,NSE,STK,18252,INE212I01016,SPAL,EQ,,,,,S. P. APPARELS LIMITED,1050.00,1073.55,1020.00,1050.25,1044.55,1022.00,,1050.36,,,263158,276041501.05,17917,F1,1,,,,,
2026-08-31,2026-08-31,CM,NSE,STK,11634,INE658G01014,SALSTEEL,EQ,,,,,S.A.L. STEEL LTD.,76.10,78.88,76.10,78.80,78.85,75.16,,78.80,,,435331,34128956.55,1834,F1,1,,,,,
2026-08-31,2026-08-31,CM,NSE,STK,19112,INE0PSK01027,SAAKSHI,ST,,,,,SAAKSHI MEDTEC N PANELS L,296.10,299.00,290.05,294.40,297.55,296.10,,294.40,,,93600,27867750.00,22,F1,600,,,,,
2026-08-31,2026-08-31,CM,NSE,STK,759057,INE13B501022,SAATVIKGL,EQ,,,,,SAATVIK GREEN ENERGY LTD,416.65,419.70,412.50,417.95,415.50,422.30,,417.76,,,47268,19662305.25,1662,F1,1,,,,,
2026-08-31,2026-08-31,CM,NSE,STK,10985,INE0DZ101013,SABAR,ST,,,,,SABAR FLEX INDIA LIMITED,7.90,7.90,7.90,7.90,7.90,7.55,,7.90,,,10000,79000.00,2,F1,5000,,,,,
2026-08-31,2026-08-31,CM,NSE,STK,757409,INE1ARD01016,SACHEEROME,SM,,,,,SACHEEROME LIMITED,454.00,464.00,440.00,442.15,440.00,455.65,,442.15,,,57900,26045295.00,106,F1,300,,,,,
2026-08-31,2026-08-31,CM,NSE,STK,13236,INE226H01026,SADBHAV,EQ,,,,,SADBHAV ENGINEERING LTD,9.25,9.25,8.45,8.45,8.45,8.89,,8.45,,,854014,7403243.30,518,F1,1,,,,,
2026-08-31,2026-08-31,CM,NSE,STK,10622,INE764L01010,SADBHIN,BE,,,,,SADBHAV INFRA PROJ LTD.,2.72,2.75,2.62,2.65,2.65,2.72,,2.65,,,129381,347950.34,174,F1,1,,,,,
2026-08-31,2026-08-31,CM,NSE,STK,15349,INE888C01040,SADHNANIQ,BE,,,,,SADHANA NITROCHEM LIMITED,2.81,2.82,2.80,2.80,2.80,2.85,,2.78,,,958277,2695768.16,399,F1,1,,,,,
2026-08-31,2026-08-31,CM,NSE,STK,22897,INE0K5H01010,SADHAV,SM,,,,,SADHAV SHIPPING LIMITED,115.00,115.20,107.05,110.30,107.05,113.45,,110.30,,,15000,1689000.00,23,F1,600,,,,,
2026-08-31,2026-08-31,CM,NSE,STK,13035,INE429E01023,SAFARI,EQ,,,,,SAFARI IND (INDIA) LTD,1509.00,1522.50,1488.10,1511.00,1518.90,1509.70,,1510.93,,,18988,28639163.80,4565,F1,1,,,,,
2026-08-31,2026-08-31,CM,NSE,STK,757583,INE17D601016,SAFEENTP,SM,,,,,SAFE ENTER RETAIL FIX LTD,254.80,260.00,252.00,256.70,255.65,251.65,,256.70,,,36000,9239300.00,61,F1,500,,,,,
2026-08-31,2026-08-31,CM,NSE,STK,14068,INE229C01021,SAGCEM,EQ,,,,,SAGAR CEMENTS LIMITED,163.45,168.00,159.10,159.62,160.00,162.96,,159.64,,,44025,7157792.51,1528,F1,1,,,,,
2026-08-31,2026-08-31,CM,NSE,STK,8175,INE976T01013,SAGARDEEP,EQ,,,,,SAGARDEEP ALLOYS LIMITED,23.62,24.44,23.61,23.64,23.61,23.62,,23.64,,,6693,159937.46,79,F1,1,,,,,
2026-08-31,2026-08-31,CM,NSE,STK,27052,INE0W2G01015,SAGILITY,EQ,,,,,SAGILITY LIMITED,46.50,47.49,45.85,47.05,47.05,46.34,,47.05,,,64918282,3032531907.80,71537,F1,1,,,,,
2026-08-31,2026-08-31,CM,NSE,STK,24478,INE0P4701011,SAHAJSOLAR,SM,,,,,SAHAJ SOLAR LIMITED,102.90,102.90,98.60,99.95,99.95,102.00,,99.95,,,13600,1356820.00,31,F1,400,,,,,
2026-08-31,2026-08-31,CM,NSE,STK,16711,INE0LEX01011,SAHANA,SM,,,,,SAHANA SYSTEM LIMITED,930.00,930.00,906.80,928.15,925.00,919.95,,928.15,,,16650,15273877.50,82,F1,150,,,,,
2026-08-31,2026-08-31,CM,NSE,STK,25671,INE0RBQ01018,SAHASRA,ST,,,,,SAHASRA ELECTRONIC SOLU L,315.00,319.00,311.20,314.40,315.00,315.35,,314.40,,,22000,6941340.00,51,F1,400,,,,,
2026-08-31,2026-08-31,CM,NSE,STK,14900,INE280H01015,SAHYADRI,EQ,,,,,SAHYADRI INDUSTRIES LTD,345.00,360.00,334.45,356.20,358.00,343.60,,356.10,,,24463,8448055.70,1305,F1,1,,,,,
2026-08-31,2026-08-31,CM,NSE,STK,764865,INE531X01018,SAICAPI,EQ,,,,,SAI CAPITAL LTD.,154.70,154.70,153.00,154.00,154.00,148.50,,156.75,,,298,45825.60,17,F1,1,,,,,
2026-08-31,2026-08-31,CM,NSE,STK,27839,INE570L01029,SAILIFE,EQ,,,,,SAI LIFE SCIENCES LIMITED,1485.00,1496.50,1453.20,1459.70,1463.00,1485.00,,1459.69,,,694617,1021965838.40,32511,F1,1,,,,,
2026-08-31,2026-08-31,CM,NSE,STK,761675,INE0H9F01037,SAIPARENT,EQ,,,,,SAI PARENTERALS LIMITED,525.00,525.00,512.60,520.20,520.90,521.35,,520.19,,,49261,25533628.60,2203,F1,1,,,,,
2026-08-31,2026-08-31,CM,NSE,STK,18755,INE438K01021,KALAMANDIR,EQ,,,,,SAI SILKS (KALAMANDIR) L,87.69,87.69,85.56,85.84,85.67,87.09,,85.84,,,173816,14947372.71,2226,F1,1,,,,,
2026-08-31,2026-08-31,CM,NSE,STK,764880,INE068B01017,SEKURITIND,EQ,,,,,SAINT GOBAIN SEKUR IND L,115.43,118.01,114.01,114.45,114.02,115.43,,114.83,,,21054,2421680.76,440,F1,1,,,,,
2026-08-31,2026-08-31,CM,NSE,STK,9539,INE732S01012,SAKAR,EQ,,,,,SAKAR HEALTHCARE LIMITED,856.30,883.45,856.30,863.35,864.00,875.70,,863.35,,,91765,79576211.50,5612,F1,1,,,,,
2026-08-31,2026-08-31,CM,NSE,STK,11794,INE667G01023,SAKSOFT,EQ,,,,,SAKSOFT LIMITED,160.20,160.20,154.92,155.35,155.60,160.64,,155.35,,,279505,43683909.38,4646,F1,1,,,,,
2026-08-31,2026-08-31,CM,NSE,STK,2969,INE623A01011,SAKHTISUG,EQ,,,,,SAKTHI SUGARS LTD,21.00,21.90,20.18,21.20,21.11,20.71,,21.20,,,593948,12562818.59,2450,F1,1,,,,,
2026-08-31,2026-08-31,CM,NSE,STK,13251,INE190H01024,SAKUMA,EQ,,,,,SAKUMA EXPORTS LIMITED,1.71,1.72,1.63,1.66,1.69,1.71,,1.66,,,906773,1518002.04,1040,F1,1,,,,,
2026-08-31,2026-08-31,CM,NSE,STK,21362,INE170V01027,SALASAR,EQ,,,,,SALASAR TECHNO ENGG. LTD.,5.97,6.02,5.85,5.91,5.89,5.92,,5.91,,,1530241,9028766.90,2163,F1,1,,,,,
2026-08-31,2026-08-31,CM,NSE,STK,17351,INE498E01010,SALONA,EQ,,,,,SALONA COTSPIN LTD.,268.00,281.00,266.00,266.02,273.80,272.99,,266.62,,,1040,281981.48,68,F1,1,,,,,
2026-08-31,2026-08-31,CM,NSE,STK,11399,INE457F01013,SALZERELEC,EQ,,,,,SALZER ELECTRONICS LTD,553.15,553.15,537.00,546.40,549.45,552.60,,546.44,,,38933,21191456.50,2329,F1,1,,,,,
2026-08-31,2026-08-31,CM,NSE,STK,756851,INE124101010,SAMAY,ST,,,,,SAMAY PROJECT SERVICES L,46.00,46.00,46.00,46.00,46.00,46.65,,46.00,,,4000,184000.00,1,F1,4000,,,,,
2026-08-31,2026-08-31,CM,NSE,STK,764870,INE304D01012,SAMBANDAM,EQ,,,,,SAMBANDAM SPINNING MILL L,121.90,121.90,115.05,116.02,116.00,120.98,,116.02,,,596,69275.35,31,F1,1,,,,,
2026-08-31,2026-08-31,CM,NSE,STK,4127,INE699B01027,SAMBHAAV,EQ,,,,,SAMBHAAV MEDIA LTD,6.47,6.47,6.05,6.06,6.15,6.10,,6.07,,,37192,227311.20,95,F1,1,,,,,
2026-08-31,2026-08-31,CM,NSE,STK,757767,INE12NJ01018,SAMBHV,EQ,,,,,SAMBHV STEEL TUBES LTD,127.42,132.34,124.17,127.91,128.00,127.41,,127.91,,,2152304,277682663.96,19689,F1,1,,,,,
2026-08-31,2026-08-31,CM,NSE,STK,21096,INE0PZA01015,SAIFL,SM,,,,,SAMEERA AGRO AND INFRA L,5.00,5.00,4.55,4.80,4.80,5.00,,4.80,,,404000,1959000.00,76,F1,4000,,,,,
2026-08-31,2026-08-31,CM,NSE,STK,18614,INE08U801020,SAMHI,EQ,,,,,SAMHI HOTELS LIMITED,156.43,157.00,154.56,156.36,156.90,156.01,,156.36,,,426311,66245731.67,8092,F1,1,,,,,
2026-08-31,2026-08-31,CM,NSE,STK,30125,INE148I01020,SAMMAANCAP,EQ,,,,,SAMMAAN CAPITAL LIMITED,145.27,147.35,143.86,146.31,145.58,145.80,,146.33,,,6659948,970775433.49,26159,F1,1,,,,,
2026-08-31,2026-08-31,CM,NSE,STK,27303,INE735M01018,SAMPANN,EQ,,,,,SAMPANN UTPADAN INDIA LTD,26.50,26.50,25.50,26.05,26.00,26.13,,26.06,,,8955,232432.63,78,F1,1,,,,,
2026-08-31,2026-08-31,CM,NSE,STK,4204,INE775A01035,MOTHERSON,EQ,,,,,SAMVRDHNA MTHRSN INTL LTD,164.69,170.68,163.74,170.68,170.68,165.60,,170.66,,,20098698,3336977113.07,62657,F1,1,,,,,
2026-08-31,2026-08-31,CM,NSE,STK,28805,INE0JPD01013,SANATHAN,EQ,,,,,SANATHAN TEXTILES LIMITED,446.55,460.90,441.90,452.25,447.55,448.05,,452.22,,,27871,12539772.00,1527,F1,1,,,,,
2026-08-31,2026-08-31,CM,NSE,STK,2988,INE583B01015,SANDESH,EQ,,,,,SANDESH LTD,1009.45,1100.05,980.00,1050.70,1098.00,1009.55,,1050.67,,,4202,4268202.25,774,F1,1,,,,,
2026-08-31,2026-08-31,CM,NSE,STK,2397,INE278H01035,SANDHAR,EQ,,,,,SANDHAR TECHNOLOGIES LTD,649.25,672.00,642.20,653.55,654.40,649.25,,653.54,,,174941,114948447.70,11206,F1,1,,,,,
2026-08-31,2026-08-31,CM,NSE,STK,18359,INE149K01016,SANDUMA,EQ,,,,,SANDUR MANG & IRON ORES L,205.44,205.44,200.57,202.39,202.70,205.45,,202.39,,,364416,73628643.98,6816,F1,1,,,,,
2026-08-31,2026-08-31,CM,NSE,STK,4184,INE495C01010,SANGAMIND,EQ,,,,,SANGAM (INDIA) LTD,602.95,603.00,586.10,600.20,603.00,603.15,,600.28,,,15394,9140895.35,1464,F1,1,,,,,
2026-08-31,2026-08-31,CM,NSE,STK,18035,INE0OVI01010,SANGANI,SM,,,,,SANGANI HOSPITALS LIMITED,52.50,52.50,52.50,52.50,52.50,53.15,,52.50,,,1500,78750.00,1,F1,1500,,,,,
2026-08-31,2026-08-31,CM,NSE,STK,14058,INE989A01032,SANGHVIMOV,EQ,,,,,SANGHVI MOVERS LTD,445.80,460.00,433.30,457.25,460.00,444.10,,457.26,,,413687,186185458.65,13874,F1,1,,,,,
2026-08-31,2026-08-31,CM,NSE,STK,11033,INE753W01010,SANGINITA,BE,,,,,SANGINITA CHEMICALS LTD,55.97,55.97,55.97,55.97,55.97,53.31,,55.97,,,47711,2670384.67,116,F1,1,,,,,
2026-08-31,2026-08-31,CM,NSE,STK,25222,INE0UOS01011,SANOFICONR,EQ,,,,,SANOFI CONS HEALTHC IND L,4202.80,4202.80,4131.10,4140.20,4135.00,4213.70,,4140.19,,,3110,12913093.40,1006,F1,1,,,,,
2026-08-31,2026-08-31,CM,NSE,STK,1442,INE058A01010,SANOFI,EQ,,,,,SANOFI INDIA LIMITED,3181.70,3193.40,3100.00,3124.00,3116.00,3181.60,,3124.03,,,65474,205247238.70,10128,F1,1,,,,,
2026-08-31,2026-08-31,CM,NSE,STK,5751,INE953O01021,SANSERA,EQ,,,,,SANSERA ENGINEERING LTD,3858.90,4051.00,3820.60,4018.00,4037.70,3859.00,,4018.39,,,292153,1162581247.10,30380,F1,1,,,,,
2026-08-31,2026-08-31,CM,NSE,STK,24582,INE08NE01025,SANSTAR,EQ,,,,,SANSTAR LIMITED,108.85,113.40,106.80,110.36,110.00,108.21,,110.36,,,326714,36241499.98,4132,F1,1,,,,,
2026-08-31,2026-08-31,CM,NSE,STK,46,INE890C01046,SANWARIA,BZ,,,,,SANWARIA CONSUMER LIMITED,0.20,0.20,0.19,0.19,0.19,0.20,,0.19,,,1520045,290337.73,158,F1,1,,,,,
2026-08-31,2026-08-31,CM,NSE,STK,6718,INE806T01020,SAPPHIRE,EQ,,,,,SAPPHIRE FOODS INDIA LTD,230.00,237.21,223.50,234.41,234.60,231.50,,234.42,,,1392904,321090739.59,29186,F1,1,,,,,
2026-08-31,2026-08-31,CM,NSE,STK,19863,INE0PUC01020,SARTELE,SM,,,,,SAR TELEVENTURE LIMITED,98.00,98.50,92.40,93.45,93.85,97.05,,93.45,,,160000,15071625.00,160,F1,500,,,,,
2026-08-31,2026-08-31,CM,NSE,STK,762985,INE967G01019,ZSARACOM,EQ,,,,,SARASWATI COMM (INDIA) L,10850.00,11000.00,10750.00,10980.00,10980.00,10991.00,,10990.00,,,20,217902.00,17,F1,1,,,,,
2026-08-31,2026-08-31,CM,NSE,STK,24856,INE0PQ101010,SSDL,EQ,,,,,SARASWATI SAREE DEPOT LTD,57.99,58.00,56.11,56.46,56.61,57.18,,56.44,,,14784,837988.29,358,F1,1,,,,,
2026-08-31,2026-08-31,CM,NSE,STK,17758,INE385C01021,SARDAEN,EQ,,,,,SARDA ENERGY & MIN LTD,508.00,508.30,497.10,498.90,497.50,508.25,,498.88,,,307887,154330478.45,11273,F1,1,,,,,
2026-08-31,2026-08-31,CM,NSE,STK,4892,INE979A01025,SAREGAMA,EQ,,,,,SAREGAMA INDIA LIMITED,492.00,492.00,475.00,479.90,475.00,492.80,,479.92,,,710963,343199395.40,24428,F1,1,,,,,
2026-08-31,2026-08-31,CM,NSE,STK,14043,INE453D01025,SARLAPOLY,EQ,,,,,SARLA PERF. FIBERS LTD,98.50,100.78,98.09,100.01,99.15,98.76,,100.01,,,62251,6194076.57,1081,F1,1,,,,,
2026-08-31,2026-08-31,CM,NSE,STK,18506,INE0PCL01011,SAROJA,SM,,,,,SAROJA PHARMA INDUS IND L,37.75,40.95,37.75,40.95,40.95,39.70,,40.95,,,4800,186400.00,3,F1,1600,,,,,
2026-08-31,2026-08-31,CM,NSE,STK,6843,INE017W01010,SMLT,EQ,,,,,SARTHAK METALS LIMITED,67.10,67.10,64.00,64.60,65.00,67.10,,64.60,,,9432,620068.09,355,F1,1,,,,,
2026-08-31,2026-08-31,CM,NSE,STK,12913,INE324X01026,SARVESHWAR,EQ,,,,,SARVESHWAR FOODS LIMITED,3.36,3.43,3.31,3.36,3.35,3.40,,3.36,,,1409424,4744157.39,1855,F1,1,,,,,
2026-08-31,2026-08-31,CM,NSE,STK,11983,INE231F01020,SASKEN,EQ,,,,,SASKEN TECHNOLOGIES LTD,1869.30,1913.00,1865.10,1899.50,1907.80,1901.00,,1899.28,,,11695,22124808.60,1627,F1,1,,,,,
2026-08-31,2026-08-31,CM,NSE,STK,29151,INE0NB801022,SATKARTAR,SM,,,,,SAT KARTAR LIFE LIMITED,137.10,137.10,120.00,125.40,125.50,139.00,,125.40,,,70400,9001760.00,82,F1,800,,,,,
2026-08-31,2026-08-31,CM,NSE,STK,24697,INE0RFP01011,SSEGL,SM,,,,,SATHLOKHAR SYN E&C GLOB L,418.00,419.85,395.25,405.80,405.05,415.95,,405.80,,,28600,11562900.00,109,F1,200,,,,,
2026-08-31,2026-08-31,CM,NSE,STK,24507,INE0RPM01017,SATIPOLY,ST,,,,,SATI POLY PLAST LIMITED,39.95,39.95,39.95,39.95,39.95,38.40,,39.95,,,3000,119850.00,3,F1,500,,,,,
2026-08-31,2026-08-31,CM,NSE,STK,11045,INE170E01023,SATIA,EQ,,,,,SATIA INDUSTRIES LIMITED,57.50,58.25,56.75,56.88,56.76,57.76,,56.89,,,143711,8215814.43,1546,F1,1,,,,,
2026-08-31,2026-08-31,CM,NSE,STK,10453,INE836B01017,SATIN,EQ,,,,,SATIN CREDIT NET LTD,219.10,225.00,218.03,224.02,223.00,222.37,,223.99,,,192731,42779924.93,3764,F1,1,,,,,
2026-08-31,2026-08-31,CM,NSE,STK,758960,INE14DW01018,SATTVAENGG,SM,,,,,SATTVA ENGINEERING CSTN L,62.80,62.80,61.00,61.00,61.00,65.50,,61.00,,,83200,5117600.00,51,F1,1600,,,,,
2026-08-31,2026-08-31,CM,NSE,STK,3018,INE626A01014,SAURASHCEM,EQ,,,,,SAURASHTRA CEMENT LIMITED,56.60,56.92,55.12,55.82,55.40,56.33,,55.83,,,72981,4082803.10,1275,F1,1,,,,,
2026-08-31,2026-08-31,CM,NSE,STK,3021,INE035D01020,SOTL,EQ,,,,,SAVITA OIL TECHNOLO. LTD,700.10,700.10,673.00,688.50,689.00,693.20,,688.47,,,181948,124761563.25,8445,F1,1,,,,,
2026-08-31,2026-08-31,CM,NSE,STK,758444,INE10VS01016,SAWALIYA,SM,,,,,SAWALIYA FOOD PRODUCTS L,153.00,153.00,153.00,153.00,153.00,169.95,,153.00,,,33000,5049000.00,49,F1,600,,,,,
2026-08-31,2026-08-31,CM,NSE,STK,762879,INE318C01014,SAYAJIHOTL,EQ,,,,,SAYAJI HOTELS LTD.,315.70,323.80,286.50,318.55,306.20,315.70,,323.38,,,321,97248.50,20,F1,1,,,,,
2026-08-31,2026-08-31,CM,NSE,STK,764875,INE327G01032,SAYAJIIND,EQ,,,,,SAYAJI INDUSTRIES LTD.,117.55,122.81,117.00,118.66,122.45,116.97,,117.88,,,4170,503801.61,47,F1,1,,,,,
2026-08-31,2026-08-31,CM,NSE,STK,6792,INE04AK01028,SBC,EQ,,,,,SBC EXPORTS LIMITED,42.09,42.92,41.50,42.15,42.00,41.93,,42.15,,,6715269,284572273.90,7874,F1,1,,,,,
2026-08-31,2026-08-31,CM,NSE,STK,18026,INE423Y01016,SBFC,EQ,,,,,SBFC FINANCE LIMITED,98.55,99.98,97.54,98.82,98.20,98.75,,98.82,,,1305140,128911402.62,12846,F1,1,,,,,
2026-08-31,2026-08-31,CM,NSE,STK,17971,INE018E01016,SBICARD,EQ,,,,,SBI CARDS & PAY SER LTD,632.90,668.45,632.90,644.75,644.75,641.05,,644.75,,,26270918,17010571860.45,100452,F1,1,,,,,
2026-08-31,2026-08-31,CM,NSE,STK,764173,INE640G01020,SBIFUNDS,EQ,,,,,SBI FUNDS MANAGEMENT LTD,564.55,579.00,557.20,577.50,576.25,563.80,,577.48,,,4691405,2690278786.35,94500,F1,1,,,,,
2026-08-31,2026-08-31,CM,NSE,STK,21808,INE123W01016,SBILIFE,EQ,,,,,SBI LIFE INSURANCE CO LTD,1760.00,1761.10,1739.00,1740.50,1740.50,1761.10,,1740.50,,,796284,1389086548.40,31474,F1,1,,,,,
2026-08-31,2026-08-31,CM,NSE,STK,17272,INF200KA16D8,SETFGOLD,EQ,,,,,SBI-ETF GOLD,132.30,132.30,130.04,131.45,131.20,135.02,,131.45,,,5441668,712932765.36,19142,F1,1,,,,,
2026-08-31,2026-08-31,CM,NSE,STK,10176,INF200KA1FS1,SETFNIF50,EQ,,,,,SBI-ETF NIFTY 50,257.89,261.06,257.89,259.76,260.00,260.49,,259.76,,,867183,225103035.78,5109,F1,1,,,,,
2026-08-31,2026-08-31,CM,NSE,STK,7361,INF200KA1580,SETFNIFBK,EQ,,,,,SBI-ETF NIFTY BANK,591.60,592.60,588.42,590.75,592.60,591.60,,590.75,,,91514,54067688.16,2428,F1,1,,,,,
2026-08-31,2026-08-31,CM,NSE,STK,7353,INF200KA1598,SETFNN50,EQ,,,,,SBI-ETF NIFTY NEXT 50,800.60,800.60,785.03,787.71,789.88,794.87,,787.71,,,29423,23183338.36,2067,F1,1,,,,,
2026-08-31,2026-08-31,CM,NSE,STK,19705,INF200KA13Z8,LIQUIDSBI,EQ,,,,,SBIAMC - LIQUIDSBI,999.99,1000.01,999.99,999.99,999.99,1000.00,,999.99,,,743,742999.19,18,F1,1,,,,,
2026-08-31,2026-08-31,CM,NSE,STK,30290,INF200KB1712,SBIBPB,EQ,,,,,SBIAMC - SBIBPB,50.22,50.27,49.00,49.29,49.50,49.80,,49.29,,,83572,4117402.99,515,F1,1,,,,,
2026-08-31,2026-08-31,CM,NSE,STK,5168,INF200KA1X17,SBIETFCON,EQ,,,,,SBIAMC - SBIETFCON,123.36,123.36,122.05,122.16,122.67,123.36,,122.16,,,3324,407238.41,118,F1,1,,,,,
2026-08-31,2026-08-31,CM,NSE,STK,740,INF200KA1S14,SBIETFIT,EQ,,,,,SBIAMC - SBIETFIT,348.90,349.44,340.32,344.14,341.65,345.45,,344.14,,,5760,1970492.08,280,F1,1,,,,,
2026-08-31,2026-08-31,CM,NSE,STK,722,INF200KA1S22,SBIETFPB,EQ,,,,,SBIAMC - SBIETFPB,285.68,285.68,282.89,283.45,283.45,283.64,,283.45,,,2698,766377.85,88,F1,1,,,,,
2026-08-31,2026-08-31,CM,NSE,STK,7218,INF200KA1WX6,SBIETFQLTY,EQ,,,,,SBIAMC - SBIETFQLTY,228.68,228.68,222.10,224.22,224.22,224.20,,224.22,,,2541,568386.46,65,F1,1,,,,,
2026-08-31,2026-08-31,CM,NSE,STK,758496,INF200KB1969,SBILIQETF,EQ,,,,,SBIAMC - SBILIQETF,1054.04,1054.06,1054.04,1054.05,1054.06,1053.90,,1054.05,,,27528,29016084.64,69,F1,1,,,,,
2026-08-31,2026-08-31,CM,NSE,STK,761095,INF200KB1AJ0,SBIMIDMOM,EQ,,,,,SBIAMC - SBIMIDMOM,65.42,65.44,64.33,64.54,64.58,65.00,,64.54,,,94378,6093745.41,271,F1,1,,,,,
2026-08-31,2026-08-31,CM,NSE,STK,24524,INF200KB1282,SBINEQWETF,EQ,,,,,SBIAMC - SBINEQWETF,33.94,33.94,33.26,33.45,33.35,33.62,,33.45,,,409974,13672442.87,307,F1,1,,,,,
2026-08-31,2026-08-31,CM,NSE,STK,761741,INF200KB1AK8,SBINMID150,EQ,,,,,SBIAMC - SBINMID150,23.79,23.79,23.29,23.49,23.44,23.56,,23.50,,,35328,825870.35,183,F1,1,,,,,
2026-08-31,2026-08-31,CM,NSE,STK,24366,INF200KB1217,SBISILVER,EQ,,,,,SBIAMC - SBISILVER,236.04,236.12,225.85,228.47,228.70,236.12,,228.47,,,2012180,457859424.03,10027,F1,1,,,,,
2026-08-31,2026-08-31,CM,NSE,STK,763543,INF200KB1AY9,SBISMLETF,EQ,,,,,SBIAMC - SBISMLETF,18.52,18.66,18.29,18.45,18.47,18.52,,18.45,,,44040,808379.94,276,F1,1,,,,,
2026-08-31,2026-08-31,CM,NSE,STK,763546,INF200KB1AX1,SBIVALETF,EQ,,,,,SBIAMC - SBIVALETF,14.94,15.80,14.57,15.06,14.70,14.80,,15.07,,,12628,185844.62,95,F1,1,,,,,
2026-08-31,2026-08-31,CM,NSE,STK,17395,INF200KA1JT1,SETF10GILT,EQ,,,,,SBIAMC - SETF10GILT,265.75,265.75,262.61,264.69,264.69,264.28,,264.69,,,2180,576953.99,48,F1,1,,,,,
2026-08-31,2026-08-31,CM,NSE,STK,762887,INE099G01011,SCANSTL,BE,,,,,SCAN STEELS LTD.,62.40,62.40,58.00,58.84,58.63,59.99,,58.79,,,22802,1349814.43,152,F1,1,,,,,
2026-08-31,2026-08-31,CM,NSE,STK,1011,INE513A01022,SCHAEFFLER,EQ,,,,,SCHAEFFLER INDIA LIMITED,4018.00,4040.30,3961.10,4014.80,4010.00,4033.40,,4014.87,,,51700,206795548.80,15389,F1,1,,,,,
2026-08-31,2026-08-31,CM,NSE,STK,31234,INE839M01018,SCHNEIDER,EQ,,,,,SCHNEIDER ELECTRIC INFRA,1203.00,1246.00,1173.90,1219.20,1226.70,1201.90,,1219.16,,,355115,426800288.10,21486,F1,1,,,,,
2026-08-31,2026-08-31,CM,NSE,STK,757462,INE148I07XX3,SCL01825,N6,,,,,SCL 0% 2027 SR III,1085.00,1085.00,1084.00,1084.00,1084.00,1078.00,,1084.00,,,100,108450.00,2,F1,1,,,,,
2026-08-31,2026-08-31,CM,NSE,STK,757460,INE148I07XG8,865SCL27,N4,,,,,SCL 8.65% 2027 SR II,999.00,999.00,994.00,999.00,999.00,993.75,,999.50,,,28,27922.00,3,F1,1,,,,,
2026-08-31,2026-08-31,CM,NSE,STK,760284,INE148I07YI2,879SCL30,N0,,,,,SCL 8.7923% 2030 SR I,98000.00,98000.00,98000.00,98000.00,98000.00,98000.00,,98000.00,,,5,490000.00,1,F1,1,,,,,
2026-08-31,2026-08-31,CM,NSE,STK,757458,INE148I07YA9,9SCL27,N2,,,,,SCL 9.00% 2027 SR I,991.00,1002.00,991.00,1002.00,1002.00,991.00,,1002.00,,,100,99650.00,2,F1,1,,,,,
2026-08-31,2026-08-31,CM,NSE,STK,28901,INE148I07VL2,925SCL26W,N1,,,,,SCL 9.25% 2026 SR II,992.07,992.07,992.07,992.07,992.07,999.00,,992.07,,,1,992.07,1,F1,1,,,,,
2026-08-31,2026-08-31,CM,NSE,STK,757464,INE148I07XP9,925SCL2028,N8,,,,,SCL 9.25% 2028 SR IV,999.00,999.50,999.00,999.36,999.50,999.00,,999.36,,,54,53965.50,2,F1,1,,,,,
2026-08-31,2026-08-31,CM,NSE,STK,757499,INE148I07XF0,955SCL35,NO,,,,,SCL 9.55% 2035 SR XIII,1005.00,1005.00,1005.00,1005.00,1005.00,1005.00,,1005.00,,,5,5025.00,1,F1,1,,,,,
2026-08-31,2026-08-31,CM,NSE,STK,30222,INE148I07WI6,990SCL28,N1,,,,,SCL 9.90% SR IV,1045.24,1045.24,1045.24,1045.24,1045.24,1045.24,,1045.24,,,50,52262.00,1,F1,1,,,,,
2026-08-31,2026-08-31,CM,NSE,STK,757497,INE148I07XY1,995SCL2035,NM,,,,,SCL 9.95% 2035 SR XII,1000.00,1000.00,1000.00,1000.00,1000.00,1022.00,,1000.00,,,500,500000.00,1,F1,1,,,,,
2026-08-31,2026-08-31,CM,NSE,STK,757478,INE090501011,SCODATUBES,EQ,,,,,SCODA TUBES LIMITED,131.80,131.80,126.92,128.38,129.00,132.59,,128.38,,,89144,11452160.77,1889,F1,1,,,,,
2026-08-31,2026-08-31,CM,NSE,STK,10846,IN1020220464,771AP42,SG,,,,,SDL AP 7.71% 2042,100.00,100.00,100.00,100.00,100.00,100.00,,100.00,,,400,40000.00,1,F1,100,,,,,
2026-08-31,2026-08-31,CM,NSE,STK,21164,IN1020230687,774AP36A,SG,,,,,SDL AP 7.74% 2036,99.00,99.00,95.00,95.00,95.00,95.00,,95.00,,,300,29300.00,2,F1,100,,,,,
2026-08-31,2026-08-31,CM,NSE,STK,22991,IN1220230214,742AS34,SG,,,,,SDL AS 7.42% 2034,95.00,95.00,95.00,95.00,95.00,100.00,,95.00,,,100,9500.00,1,F1,100,,,,,
2026-08-31,2026-08-31,CM,NSE,STK,21167,IN1320230155,773BR39,SG,,,,,SDL BR 7.73% 2039,99.00,99.00,99.00,99.00,99.00,95.00,,99.00,,,200,19800.00,1,F1,100,,,,,
2026-08-31,2026-08-31,CM,NSE,STK,12301,IN1420220072,769GA32A,SG,,,,,SDL GA 7.69% 2032,96.43,96.43,96.43,96.43,96.43,100.00,,96.43,,,1000,96430.00,1,F1,100,,,,,
2026-08-31,2026-08-31,CM,NSE,STK,21264,IN1520230195,766GJ32,SG,,,,,SDL GJ 7.66% 2032,95.92,95.92,95.92,95.92,95.92,95.92,,95.92,,,1000,95920.00,1,F1,100,,,,,
2026-08-31,2026-08-31,CM,NSE,STK,10855,IN1620220195,753HR30,SG,,,,,SDL HR 7.53% 2030,95.54,95.54,95.54,95.54,95.54,100.00,,95.54,,,200,19108.00,1,F1,100,,,,,
2026-08-31,2026-08-31,CM,NSE,STK,761647,IN2220260029,791MH39,SG,,,,,SDL MH 7.91% 2039,101.00,101.00,101.00,101.00,101.00,100.00,,101.00,,,100,10100.00,1,F1,100,,,,,
2026-08-31,2026-08-31,CM,NSE,STK,21166,IN2820230232,779PN38,SG,,,,,SDL PN 7.79% 2038,95.00,99.00,95.00,99.00,99.00,100.00,,99.00,,,200,19400.00,2,F1,100,,,,,
2026-08-31,2026-08-31,CM,NSE,STK,9532,IN2920220018,77RJ32,SG,,,,,SDL RJ 7.7% 2032,100.00,100.00,100.00,100.00,100.00,100.00,,100.00,,,100,10000.00,1,F1,100,,,,,
2026-08-31,2026-08-31,CM,NSE,STK,22990,IN3120230450,74TN34,SG,,,,,SDL TN 7.4% 2034,95.55,95.55,95.55,95.55,95.55,100.00,,95.55,,,100,9555.00,1,F1,100,,,,,
2026-08-31,2026-08-31,CM,NSE,STK,763285,IN3120260010,750TN32,SG,,,,,SDL TN 7.50% 2032,100.00,100.00,100.00,100.00,100.00,105.00,,100.00,,,100,10000.00,1,F1,100,,,,,
2026-08-31,2026-08-31,CM,NSE,STK,763735,IN3120260044,769TN33,SG,,,,,SDL TN 7.69% 2033,95.86,105.00,95.86,105.00,105.00,100.00,,105.00,,,200,20086.00,2,F1,100,,,,,
2026-08-31,2026-08-31,CM,NSE,STK,2616,INE497B01018,SEAMECLTD,EQ,,,,,SEAMEC LIMITED,1682.50,1690.80,1651.00,1674.80,1670.00,1676.60,,1674.99,,,37989,63446760.00,4231,F1,1,,,,,
2026-08-31,2026-08-31,CM,NSE,STK,6207,INE530B07187,IIFLZC26,NN,,,,,SEC RE NCD 0% SR.VII,1495.00,1495.00,1494.00,1495.00,1495.00,1495.00,,1485.06,,,396,591955.00,20,F1,1,,,,,
2026-08-31,2026-08-31,CM,NSE,STK,20771,INE413U07277,10ISFL26,N3,,,,,SEC RE NCD 10% SR 4,1062.00,1062.00,1060.00,1060.00,1060.00,1060.00,,1058.60,,,10,10616.00,5,F1,1,,,,,
2026-08-31,2026-08-31,CM,NSE,STK,20779,INE413U07269,1003ISFL28,N4,,,,,SEC RE NCD 10.03% SR 5,1010.50,1014.49,1010.50,1010.60,1014.49,1014.89,,1012.45,,,442,446688.88,4,F1,1,,,,,
2026-08-31,2026-08-31,CM,NSE,STK,21028,INE148I07RU1,875SCL23A,YI,,,,,SEC RE NCD 10.03% SR X,1010.00,1010.00,1010.00,1010.00,1010.00,1005.00,,1010.00,,,1,1010.00,1,F1,1,,,,,
2026-08-31,2026-08-31,CM,NSE,STK,15253,INE244L07523,890SFIL23A,NZ,,,,,SEC RE NCD 10.03% SR.VIII,381.01,381.01,381.01,381.01,381.01,405.00,,381.01,,,38,14478.38,4,F1,1,,,,,
2026-08-31,2026-08-31,CM,NSE,STK,21056,INE148I07RZ0,835SCL23B,YM,,,,,SEC RE NCD 10.25% SR XII,1020.00,1030.00,1020.00,1030.00,1030.00,1018.80,,1040.00,,,26,26580.00,2,F1,1,,,,,
2026-08-31,2026-08-31,CM,NSE,STK,18906,INE148I07PV3,888SCL25E,N4,,,,,SEC RE NCD 10.25% SR XII,948.00,948.00,948.00,948.00,948.00,930.00,,948.00,,,25,23700.00,1,F1,1,,,,,
2026-08-31,2026-08-31,CM,NSE,STK,20784,INE413U07251,1050ISFL28,N5,,,,,SEC RE NCD 10.50% SR 6,1067.00,1067.00,1067.00,1067.00,1067.00,1067.29,,1067.00,,,20,21340.00,1,F1,1,,,,,
2026-08-31,2026-08-31,CM,NSE,STK,18902,INE148I07PT7,1075SCL33A,N2,,,,,SEC RE NCD 10.75% SR XI,890.00,890.00,890.00,890.00,890.00,880.00,,890.00,,,40,35600.00,1,F1,1,,,,,
2026-08-31,2026-08-31,CM,NSE,STK,23970,INE148I07TP7,1075SCL34,ZR,,,,,SEC RE NCD 10.75% SR XI,1060.00,1060.00,1060.00,1060.00,1060.00,1045.00,,1060.00,,,10,10600.00,1,F1,1,,,,,
2026-08-31,2026-08-31,CM,NSE,STK,23125,INE342T07445,1119NFL27,ND,,,,,SEC RE NCD 11.19% SR.V,1054.80,1054.80,1054.80,1054.80,1054.80,1054.80,,1054.80,,,104,109699.20,3,F1,1,,,,,
2026-08-31,2026-08-31,CM,NSE,STK,11658,INE0H7R07017,79NHIT35,N1,,,,,SEC RE NCD 7.90% STRPP A,310.30,312.00,310.30,311.96,312.00,310.18,,311.96,,,908,283266.20,4,F1,1,,,,,
2026-08-31,2026-08-31,CM,NSE,STK,11665,INE0H7R07025,79NHIT40,N2,,,,,SEC RE NCD 7.90% STRPP B,312.00,312.02,312.00,312.02,312.02,312.07,,312.02,,,56,17472.28,4,F1,1,,,,,
2026-08-31,2026-08-31,CM,NSE,STK,11669,INE0H7R07033,79NHIT47,N3,,,,,SEC RE NCD 7.90% STRPP C,421.50,421.50,416.65,416.65,416.65,418.80,,416.65,,,21,8807.05,3,F1,1,,,,,
2026-08-31,2026-08-31,CM,NSE,STK,7648,INE477L07AN9,820IIFL27,N9,,,,,SEC RE NCD 8.20% SR.III,998.98,999.00,998.98,998.99,999.00,995.00,,998.98,,,255,254743.60,2,F1,1,,,,,
2026-08-31,2026-08-31,CM,NSE,STK,3464,INE219X07264,82IGT31,NJ,,,,,SEC RE NCD 8.20% SR.V,1030.50,1032.00,1030.50,1030.65,1030.65,1030.00,,1030.61,,,49,50504.85,3,F1,1,,,,,
2026-08-31,2026-08-31,CM,NSE,STK,6197,INE530B07161,842IIFL26,NL,,,,,SEC RE NCD 8.42% SR.V,997.99,997.99,995.04,997.55,997.55,995.04,,997.55,,,1259,1254327.78,18,F1,1,,,,,
2026-08-31,2026-08-31,CM,NSE,STK,7668,INE477L07AQ2,843IHFL29,NC,,,,,SEC RE NCD 8.43% SR.VI,985.00,985.00,985.00,985.00,985.00,990.98,,985.00,,,2,1970.00,2,F1,1,,,,,
2026-08-31,2026-08-31,CM,NSE,STK,13852,INE530B07310,865IIFL28,NS,,,,,SEC RE NCD 8.65% SR.V,990.00,994.00,990.00,992.00,992.00,994.00,,992.00,,,107,106332.00,5,F1,1,,,,,
2026-08-31,2026-08-31,CM,NSE,STK,7671,INE477L07AR0,875IHFL29,ND,,,,,SEC RE NCD 8.75% SR.VII,1027.40,1027.40,1020.00,1020.00,1020.00,1020.00,,1020.00,,,34,34694.80,2,F1,1,,,,,
2026-08-31,2026-08-31,CM,NSE,STK,5160,INE516Y07428,9PFL31A,NA,,,,,SEC RE NCD 9% SR.V,1038.00,1038.00,1038.00,1038.00,1038.00,1033.00,,1038.00,,,101,104838.00,3,F1,1,,,,,
2026-08-31,2026-08-31,CM,NSE,STK,17041,INE530B07377,9IIFL28,Y0,,,,,SEC RE NCD 9% SR.VI,1005.00,1005.00,1005.00,1005.00,1005.00,1028.00,,1005.00,,,200,201000.00,1,F1,1,,,,,
2026-08-31,2026-08-31,CM,NSE,STK,13854,INE530B07260,9IIFL28A,NT,,,,,SEC RE NCD 9% SR.VI,1040.00,1040.00,1040.00,1040.00,1040.00,1037.00,,1052.00,,,30,31200.00,1,F1,1,,,,,
2026-08-31,2026-08-31,CM,NSE,STK,11861,INE148I07MZ1,93SCL24A,ZN,,,,,SEC RE NCD 9.15% SR.VIII,995.40,999.90,995.40,999.90,999.90,1000.40,,999.90,,,70,69948.00,4,F1,1,,,,,
2026-08-31,2026-08-31,CM,NSE,STK,23710,INE338I07115,93MOFSL34,N6,,,,,SEC RE NCD 9.30% SR VII,1065.00,1070.00,1065.00,1070.00,1070.00,1065.00,,1069.50,,,438,467959.61,14,F1,1,,,,,
2026-08-31,2026-08-31,CM,NSE,STK,20075,INE148I07QK4,948SCL26A,NN,,,,,SEC RE NCD 9.48% SR V,333.30,333.30,333.30,333.30,333.30,333.90,,333.30,,,3,999.90,2,F1,1,,,,,
2026-08-31,2026-08-31,CM,NSE,STK,23948,INE148I07TL6,948SCL27A,ZJ,,,,,SEC RE NCD 9.48% SR V,1000.00,1001.00,1000.00,1001.00,1001.00,1000.00,,1001.00,,,76,76051.00,4,F1,1,,,,,
2026-08-31,2026-08-31,CM,NSE,STK,25552,INE148I07UC3,948SCL27D,N1,,,,,SEC RE NCD 9.48% SR V,1060.00,1060.00,1060.00,1060.00,1060.00,1060.00,,1060.00,,,3,3180.00,1,F1,1,,,,,
2026-08-31,2026-08-31,CM,NSE,STK,25287,INE423A07328,965AEL27,N4,,,,,SEC RE NCD 9.65% SR IV,1006.12,1030.00,1006.12,1009.99,1009.99,1011.18,,1009.57,,,131,132350.03,12,F1,1,,,,,
2026-08-31,2026-08-31,CM,NSE,STK,18487,INE741K07579,970CAGL28,ND,,,,,SEC RE NCD 9.70% SR VII,1023.99,1024.00,1023.99,1023.99,1023.99,1023.99,,1020.00,,,41,41983.69,6,F1,1,,,,,
2026-08-31,2026-08-31,CM,NSE,STK,20106,INE148I07QT5,971SCL28A,NT,,,,,SEC RE NCD 9.71% SR VIII,615.90,615.90,615.90,615.90,615.90,619.00,,615.90,,,5,3079.50,1,F1,1,,,,,
2026-08-31,2026-08-31,CM,NSE,STK,17564,INE148I07OT0,971SCL28I,BC,,,,,SEC RE NCD 9.71% SR VIII,475.00,475.00,475.00,475.00,475.00,402.00,,475.00,,,18,8550.00,1,F1,1,,,,,
2026-08-31,2026-08-31,CM,NSE,STK,14038,INE244L07416,985SFIL28,NO,,,,,SEC RE NCD 9.85% SR.VIII,375.20,375.20,375.20,375.20,375.20,375.10,,375.20,,,13,4877.60,1,F1,1,,,,,
2026-08-31,2026-08-31,CM,NSE,STK,23293,INE148I07SG8,990SCL27,YT,,,,,SEC RE NCD 9.9% SR IV,1030.20,1030.20,1030.20,1030.20,1030.20,1030.20,,1030.20,,,2,2060.40,1,F1,1,,,,,
2026-08-31,2026-08-31,CM,NSE,STK,19760,INE148I07PY7,990SCL26,N7,,,,,SEC RE NCD 9.90% SR IV,399.80,399.80,399.80,399.80,399.80,360.00,,399.80,,,1,399.80,1,F1,1,,,,,
2026-08-31,2026-08-31,CM,NSE,STK,25296,INE423A07344,99AEL29,N7,,,,,SEC RE NCD 9.90% SR VII,1051.00,1051.00,1050.10,1050.10,1050.10,1053.28,,1050.10,,,40,42013.00,3,F1,1,,,,,
2026-08-31,2026-08-31,CM,NSE,STK,15376,INE121A07QX1,CIFCZC28A,N5,,,,,SEC RE NCD SR.VI,1299.00,1299.01,1299.00,1299.01,1299.01,1299.00,,1299.01,,,55,71445.03,5,F1,1,,,,,
2026-08-31,2026-08-31,CM,NSE,STK,14224,INE00QS24027,IMC1,N2,,,,,SEC RE NCGB 8.25% STRPP C,252.00,252.00,251.86,251.86,251.86,252.00,,251.86,,,1400,352680.00,4,F1,1,,,,,
2026-08-31,2026-08-31,CM,NSE,STK,7975,INE804IA7014,1015ECL29,NR,,,,,SEC RED NCD 10.15% SR. VI,1015.00,1020.00,1013.00,1017.95,1018.00,1019.00,,1017.95,,,1798,1822906.03,16,F1,1,,,,,
2026-08-31,2026-08-31,CM,NSE,STK,16870,INE033L07GS6,81TCHF28,N8,,,,,SEC RED NCD 8.10% SR.IV,1018.80,1018.80,1018.39,1018.39,1018.39,1020.00,,1018.39,,,72,73340.70,4,F1,1,,,,,
2026-08-31,2026-08-31,CM,NSE,STK,18624,INE148I07GJ7,865SCL26,N8,,,,,SEC RED NCD 8.65% SR. V,1001.00,1001.00,999.85,1001.00,1001.00,999.62,,1011.91,,,115,115090.85,9,F1,1,,,,,
2026-08-31,2026-08-31,CM,NSE,STK,6149,INE721A07OC7,930SFL28,YP,,,,,SEC RED NCD 9.30% SR. II,1045.00,1050.00,1045.00,1045.00,1045.00,1040.00,,1045.00,,,32,33490.00,4,F1,1,,,,,
2026-08-31,2026-08-31,CM,NSE,STK,8625,INE721A07ON4,957ICCL25,YW,,,,,SEC RED NCD 9.30% SR. II,1070.00,1070.00,1070.00,1070.00,1070.00,1050.00,,1070.00,,,93,99510.00,1,F1,1,,,,,
2026-08-31,2026-08-31,CM,NSE,STK,4288,INE804I078Y8,943ECL28,NJ,,,,,SEC RED NCD 9.43% SR. VI,1008.00,1008.00,1003.00,1004.33,1003.00,1009.90,,1004.47,,,200,201050.00,5,F1,1,,,,,
2026-08-31,2026-08-31,CM,NSE,STK,4292,INE804I079Y6,985ECL28,NK,,,,,SEC RED NCD 9.85% SR. VII,1004.01,1004.70,1002.50,1002.97,1004.70,1004.00,,1002.97,,,603,605028.52,18,F1,1,,,,,
2026-08-31,2026-08-31,CM,NSE,STK,18630,INE148I07GN9,SCLZC26,NB,,,,,SEC RED NCD SR. VII,2351.00,2351.00,2351.00,2351.00,2351.00,2312.50,,2351.00,,,19,44669.00,1,F1,1,,,,,
2026-08-31,2026-08-31,CM,NSE,STK,19496,INE0BTM01013,SECMARK,EQ,,,,,SECMARK CONSULTANCY LTD,153.99,179.50,153.99,163.27,164.40,151.31,,163.23,,,111273,18670516.61,2260,F1,1,,,,,
2026-08-31,2026-08-31,CM,NSE,STK,11058,INE650K01021,SECURKLOUD,EQ,,,,,SECUREKLOUD TECH LIMITED,17.35,18.15,17.06,17.51,17.86,17.40,,17.56,,,25332,445222.37,267,F1,1,,,,,
2026-08-31,2026-08-31,CM,NSE,STK,761153,INE00XB01019,SEDEMAC,EQ,,,,,SEDEMAC MECHATRONICS LTD,3013.00,3182.00,2978.20,3089.40,3049.80,3011.60,,3089.46,,,782871,2415941801.30,57460,F1,1,,,,,
2026-08-31,2026-08-31,CM,NSE,STK,7091,INE955I01044,SEJALLTD,EQ,,,,,SEJAL GLASS LIMITED,682.85,707.00,673.55,707.00,707.00,673.35,,710.01,,,10759,7542791.45,607,F1,1,,,,,
2026-08-31,2026-08-31,CM,NSE,STK,6262,INE105I01020,SELMC,EQ,,,,,SEL MANUFACTURING CO LTD,27.71,28.50,27.31,27.35,27.32,27.71,,27.40,,,1817,49897.69,53,F1,1,,,,,
2026-08-31,2026-08-31,CM,NSE,STK,757982,INE0IJF01013,SELLOWRAP,SM,,,,,SELLOWRAP INDUSTRIES LTD,66.95,66.95,66.95,66.95,66.95,64.50,,66.95,,,1600,107120.00,1,F1,1600,,,,,
2026-08-31,2026-08-31,CM,NSE,STK,11961,INE617A01013,SEMAC,EQ,,,,,SEMAC CONSTRUCTION LTD,280.00,285.00,273.60,281.95,280.45,288.00,,281.95,,,2653,734881.85,87,F1,1,,,,,
2026-08-31,2026-08-31,CM,NSE,STK,17271,INE602W01027,SENCO,EQ,,,,,SENCO GOLD LIMITED,354.25,354.75,345.35,348.60,349.50,354.85,,348.61,,,579076,201980644.35,13871,F1,1,,,,,
2026-08-31,2026-08-31,CM,NSE,STK,28888,INE0RB801010,SENORES,EQ,,,,,SENORES PHARMACEUTICALS L,1484.80,1500.10,1423.10,1432.80,1444.70,1482.10,,1432.81,,,324239,470121195.20,22973,F1,1,,,,,
2026-08-31,2026-08-31,CM,NSE,STK,15308,INE964H01014,SEPC,EQ,,,,,SEPC LIMITED,5.51,5.56,5.36,5.44,5.43,5.56,,5.44,,,15935115,86440326.89,7555,F1,1,,,,,
2026-08-31,2026-08-31,CM,NSE,STK,20715,INE027E07BC8,865LTF26,NN,,,,,SERENCD 8.65% SR.VI OP12,1052.56,1062.00,1052.56,1060.00,1060.00,1052.55,,1060.51,,,173,182842.10,15,F1,1,,,,,
2026-08-31,2026-08-31,CM,NSE,STK,20691,INE027E07AN7,87LTF27,NH,,,,,SERENCD 8.70% SR.VII OPII,999.37,1025.00,999.37,1025.00,1025.00,1025.00,,1025.00,,,48,49148.74,6,F1,1,,,,,
2026-08-31,2026-08-31,CM,NSE,STK,20655,INE027E07998,898LTF29,N7,,,,,SERENCD 8.98% SR.VI OP2,1072.00,1072.00,1072.00,1072.00,1072.00,1084.99,,1072.50,,,19,20368.00,3,F1,1,,,,,
2026-08-31,2026-08-31,CM,NSE,STK,20687,INE027E07AL1,905LTF27,NF,,,,,SERENCD 9.05% SR.VI OPII,1049.00,1049.00,1049.00,1049.00,1049.00,1032.55,,1049.00,,,30,31470.00,3,F1,1,,,,,
2026-08-31,2026-08-31,CM,NSE,STK,21197,INE306N07LM5,865TCAPS27,N8,,,,,SERENCD8.65%SR.IIICIII&IV,1010.00,1011.80,1010.00,1011.60,1011.60,1009.50,,1011.72,,,346,349740.65,12,F1,1,,,,,
2026-08-31,2026-08-31,CM,NSE,STK,17399,INE0P1Q01015,SERVICE,SM,,,,,SERVICE CARE LIMITED,72.00,73.00,68.40,71.45,71.45,72.00,,71.45,,,44000,3065600.00,20,F1,2000,,,,,
2026-08-31,2026-08-31,CM,NSE,STK,5507,INE782X01033,SERVOTECH,EQ,,,,,SERVOTECH REN POW SYS LTD,80.97,80.97,79.58,79.79,79.90,80.97,,79.79,,,248549,19874709.53,3488,F1,1,,,,,
2026-08-31,2026-08-31,CM,NSE,STK,759934,INE04VU01023,STYL,EQ,,,,,SESHAASAI TECHNOLOGIES L,400.00,406.75,370.00,385.80,385.90,402.10,,385.80,,,166797,65465890.90,7185,F1,1,,,,,
2026-08-31,2026-08-31,CM,NSE,STK,3066,INE630A01024,SESHAPAPER,EQ,,,,,SESHASAYEE PAPER & BOARDS,227.80,231.58,226.99,229.34,229.90,229.61,,229.32,,,28496,6546945.86,817,F1,1,,,,,
2026-08-31,2026-08-31,CM,NSE,STK,17518,INE878E01021,SETCO,BE,,,,,SETCO AUTOMOTIVE LTD,18.30,18.30,17.16,17.70,18.20,17.93,,17.70,,,64762,1166161.04,224,F1,1,,,,,
2026-08-31,2026-08-31,CM,NSE,STK,18024,INE023M01027,SETUINFRA,BZ,,,,,SETUBANDHAN INFRA LTD,0.49,0.50,0.46,0.49,0.50,0.48,,0.49,,,104460,51142.09,136,F1,1,,,,,
2026-08-31,2026-08-31,CM,NSE,STK,10836,INE573R01012,SEYAIND,BE,,,,,SEYA INDUSTRIES LIMITED,12.44,12.44,12.20,12.20,12.20,12.44,,12.05,,,5777,70589.95,32,F1,1,,,,,
2026-08-31,2026-08-31,CM,NSE,STK,758853,INE618R01015,SGFIN,EQ,,,,,SG FINSERVE LIMITED,683.00,708.40,683.00,688.65,686.00,684.55,,688.66,,,278985,194175747.80,8845,F1,1,,,,,
2026-08-31,2026-08-31,CM,NSE,STK,758889,INE385F01024,SGMART,EQ,,,,,SG MART LIMITED,793.35,819.00,785.50,803.30,802.90,789.30,,803.31,,,715922,573680347.05,15963,F1,1,,,,,
2026-08-31,2026-08-31,CM,NSE,STK,765247,INE967B01028,SGLRES,EQ,,,,,SGL RESOURCES LIMITED,2.54,2.54,2.30,2.38,2.46,2.42,,2.37,,,54234,129267.54,143,F1,1,,,,,
2026-08-31,2026-08-31,CM,NSE,STK,761469,INE12UN01015,SHADOWFAX,EQ,,,,,SHADOWFAX TECHNOLOGIES L,246.70,260.00,244.66,258.48,257.50,245.36,,258.46,,,4368759,1112361796.54,47687,F1,1,,,,,
2026-08-31,2026-08-31,CM,NSE,STK,11856,INE640C01011,SHAHALLOYS,EQ,,,,,SHAH ALLOYS LIMITED,106.90,116.85,106.01,107.69,107.10,103.15,,107.68,,,1233591,135865218.50,14816,F1,1,,,,,
2026-08-31,2026-08-31,CM,NSE,STK,20296,INE482J01021,SHAH,EQ,,,,,SHAH METACORP LIMITED,3.83,3.83,3.49,3.61,3.61,3.74,,3.61,,,4193267,15199272.60,1763,F1,1,,,,,
2026-08-31,2026-08-31,CM,NSE,STK,8727,INE151G01028,SHAILY,EQ,,,,,SHAILY ENG PLASTICS LTD,3252.80,3349.00,3216.00,3272.30,3250.00,3270.40,,3272.34,,,197794,651078522.60,22231,F1,1,,,,,
2026-08-31,2026-08-31,CM,NSE,STK,25574,INE908D01010,SHAKTIPUMP,EQ,,,,,SHAKTI PUMPS (I) LTD,492.10,493.45,485.05,486.40,486.00,493.55,,486.39,,,222429,108668656.55,11392,F1,1,,,,,
2026-08-31,2026-08-31,CM,NSE,STK,714,INE597J01018,SHALBY,EQ,,,,,SHALBY LIMITED,154.42,156.79,153.02,155.27,156.59,154.65,,155.26,,,51062,7914626.15,1431,F1,1,,,,,
2026-08-31,2026-08-31,CM,NSE,STK,761688,INE861D01011,SAHLIBHFI,EQ,,,,,SHALIBHADRA FINANCE LTD,77.75,79.89,74.81,77.70,77.85,76.84,,77.84,,,10086,789689.79,217,F1,1,,,,,
2026-08-31,2026-08-31,CM,NSE,STK,15346,INE849C01026,SHALPAINTS,BE,,,,,SHALIM PAINTS LTD,80.45,81.95,78.70,80.84,80.10,78.63,,80.83,,,45942,3697268.27,311,F1,1,,,,,
2026-08-31,2026-08-31,CM,NSE,STK,25737,INE01NE01012,SRD,EQ,,,,,SHANKAR LAL RAMPAL LTD,40.69,40.70,39.72,39.95,40.00,40.24,,39.93,,,33814,1362048.36,113,F1,1,,,,,
2026-08-31,2026-08-31,CM,NSE,STK,20321,INE274V01019,SHANKARA,EQ,,,,,SHANKARA BLDG PRODUCT LTD,145.00,146.75,145.00,146.14,146.00,146.09,,146.14,,,33413,4872783.82,372,F1,1,,,,,
2026-08-31,2026-08-31,CM,NSE,STK,760594,INE24OJ01011,BUILDPRO,EQ,,,,,SHANKARA BUILDPRO LIMITED,1245.30,1275.80,1230.00,1254.00,1252.00,1243.70,,1253.89,,,18166,22721589.20,1612,F1,1,,,,,
2026-08-31,2026-08-31,CM,NSE,STK,765382,INE1WFC01025,SHANKESH,EQ,,,,,SHANKESH JEWELLERS LTD,91.50,94.00,89.32,93.22,93.30,91.73,,93.21,,,4454088,409264527.76,21420,F1,1,,,,,
2026-08-31,2026-08-31,CM,NSE,STK,19752,INE0Q9Q01017,SHANTHALA,SM,,,,,SHANTHALA FMCG PRODUCTS L,16.30,16.60,16.30,16.60,16.60,16.25,,16.60,,,2400,39480.00,2,F1,1200,,,,,
2026-08-31,2026-08-31,CM,NSE,STK,3078,INE631A01022,SHANTIGEAR,EQ,,,,,SHANTHI GEARS LTD,520.00,537.00,511.00,525.50,522.10,517.75,,525.49,,,188065,98980786.15,6520,F1,1,,,,,
2026-08-31,2026-08-31,CM,NSE,STK,762889,INE440T01028,SEIL,EQ,,,,,SHANTI EDU INITIATIVES L,206.67,206.67,200.30,203.26,203.30,206.67,,203.19,,,204552,41639936.91,2622,F1,1,,,,,
2026-08-31,2026-08-31,CM,NSE,STK,758002,INE06ZD01017,SHANTIGOLD,EQ,,,,,SHANTI GOLD INTERNATION L,242.30,251.50,239.90,246.67,244.66,242.29,,246.68,,,1752486,431722292.77,18761,F1,1,,,,,
2026-08-31,2026-08-31,CM,NSE,STK,5650,INE933X01016,SHANTI,EQ,,,,,SHANTI OVERSEAS INDIA LTD,6.14,7.57,6.08,6.59,6.30,6.31,,6.59,,,103643,690257.45,149,F1,1,,,,,
2026-08-31,2026-08-31,CM,NSE,STK,762904,INE220Z01013,SHINDL,EQ,,,,,SHARAT INDUSTRIES LTD.,163.50,165.96,160.30,162.79,161.80,164.13,,162.78,,,174580,28416098.36,795,F1,1,,,,,
2026-08-31,2026-08-31,CM,NSE,STK,4992,INE221J01015,SHARDACROP,EQ,,,,,SHARDA CROPCHEM LTD.,789.00,789.25,763.40,766.90,769.00,783.75,,766.89,,,113477,87392823.35,8709,F1,1,,,,,
2026-08-31,2026-08-31,CM,NSE,STK,10530,INE597I01028,SHARDAMOTR,EQ,,,,,SHARDA MOTOR INDS LTD,877.20,885.65,865.00,882.90,881.95,877.20,,883.33,,,23685,20763300.50,2812,F1,1,,,,,
2026-08-31,2026-08-31,CM,NSE,STK,762897,INE037B01020,SHARDUL,BE,,,,,SHARDUL SECURITIES LTD.,52.00,53.40,51.55,51.96,51.96,52.14,,51.97,,,10442,542862.19,56,F1,1,,,,,
2026-08-31,2026-08-31,CM,NSE,STK,104,INE932X01026,SHAREINDIA,EQ,,,,,SHARE IND. SECURITIES LTD,168.00,174.95,167.20,172.71,174.00,167.93,,172.70,,,497729,84405186.56,3095,F1,1,,,,,
2026-08-31,2026-08-31,CM,NSE,STK,19469,INE460Q01014,SCML,SM,,,,,SHARP CHUCKS N MACHINES L,85.30,86.00,85.30,86.00,86.00,84.90,,86.00,,,2000,171300.00,2,F1,1000,,,,,
2026-08-31,2026-08-31,CM,NSE,STK,759410,INE0YJV01017,SHEEL,ST,,,,,SHEEL BIOTECH LIMITED,61.35,61.65,61.35,61.65,61.65,58.75,,61.65,,,4000,246000.00,2,F1,2000,,,,,
2026-08-31,2026-08-31,CM,NSE,STK,19184,INE916U01025,SFL,EQ,,,,,SHEELA FOAM LIMITED,635.00,649.00,627.80,641.75,636.00,637.00,,641.75,,,136813,87434693.40,9344,F1,1,,,,,
2026-08-31,2026-08-31,CM,NSE,STK,12081,INE501Y01019,SCPL,BE,,,,,SHEETAL COOL PRODUCTS LTD,645.80,655.00,621.20,634.75,639.00,645.80,,634.15,,,7192,4554810.60,175,F1,1,,,,,
2026-08-31,2026-08-31,CM,NSE,STK,20415,INE04VX01019,SHEETAL,SM,,,,,SHEETAL UNIVERSAL LIMITED,339.20,340.00,333.20,335.00,335.00,339.80,,335.00,,,11500,3866775.00,17,F1,500,,,,,
2026-08-31,2026-08-31,CM,NSE,STK,21099,INE268L01046,SHEKHAWATI,BE,,,,,SHEKHAWATI INDUSTRIES LTD,15.93,16.48,15.35,16.44,16.45,15.93,,16.36,,,17152,273454.85,128,F1,1,,,,,
2026-08-31,2026-08-31,CM,NSE,STK,5072,INE363M01019,SHEMAROO,BE,,,,,SHEMAROO ENTER. LTD.,122.31,129.59,122.31,125.00,124.01,126.06,,125.00,,,5700,711004.22,32,F1,1,,,,,
2026-08-31,2026-08-31,CM,NSE,STK,14172,INE0MM001019,SHERA,SM,,,,,SHERA ENERGY LIMITED,186.00,186.00,176.00,176.05,176.10,181.85,,176.05,,,45000,8042550.00,43,F1,1000,,,,,
2026-08-31,2026-08-31,CM,NSE,STK,8394,INE03KJ01013,SHIGAN,SM,,,,,SHIGAN QUANTUM TECH LTD,79.95,79.95,77.50,77.50,77.50,71.00,,77.50,,,4500,355800.00,3,F1,1500,,,,,
2026-08-31,2026-08-31,CM,NSE,STK,759847,INE024F01011,SHILCTECH,EQ,,,,,SHILCHAR TECHNOLOGIES LTD,4084.20,4096.10,3996.10,4042.90,4034.00,4084.20,,4042.72,,,15750,63511269.10,3807,F1,1,,,,,
2026-08-31,2026-08-31,CM,NSE,STK,764895,INE960A01017,SHILGRAVQ,EQ,,,,,SHILP GRAVURES LTD.,170.07,171.00,152.50,155.87,154.43,170.07,,155.50,,,13125,2100802.17,184,F1,1,,,,,
2026-08-31,2026-08-31,CM,NSE,STK,17752,INE790G01031,SHILPAMED,EQ,,,,,SHILPA MEDICARE LTD,907.15,950.00,873.20,949.30,948.55,903.80,,949.32,,,2572207,2396040862.50,63203,F1,1,,,,,
2026-08-31,2026-08-31,CM,NSE,STK,23127,INE0PB301013,SCILAL,EQ,,,,,SHIPPING CORP OF ILA LTD,40.16,40.54,39.56,39.70,39.95,40.38,,39.69,,,224016,8977258.86,1347,F1,1,,,,,
2026-08-31,2026-08-31,CM,NSE,STK,3048,INE109A01011,SCI,EQ,,,,,SHIPPING CORP OF INDIA LT,299.00,299.00,288.55,289.60,289.75,299.05,,289.60,,,2271173,660144065.80,27787,F1,1,,,,,
2026-08-31,2026-08-31,CM,NSE,STK,765282,INE0FOO01011,SHIPROCKET,EQ,,,,,SHIPROCKET LIMITED,124.74,141.99,124.05,138.89,139.80,125.40,,138.90,,,55899452,7537395060.84,265736,F1,1,,,,,
2026-08-31,2026-08-31,CM,NSE,STK,759747,INE719F01016,SHIVAUM,EQ,,,,,SHIV AUM STEELS LIMITED,450.00,450.00,446.00,446.00,446.00,445.00,,446.00,,,905,404961.25,25,F1,1,,,,,
2026-08-31,2026-08-31,CM,NSE,STK,765160,INE555C01029,SHIVACEM,EQ,,,,,SHIVA CEMENT LTD.,16.79,16.79,16.00,16.12,16.37,16.61,,16.06,,,84227,1365166.02,453,F1,1,,,,,
2026-08-31,2026-08-31,CM,NSE,STK,764900,INE960E01019,SHIVAAGRO,EQ,,,,,SHIVA GLOBAL AGRO INDS. L,43.98,43.98,42.00,42.50,42.50,41.72,,41.50,,,990,42355.68,10,F1,1,,,,,
2026-08-31,2026-08-31,CM,NSE,STK,1497,INE644Y01017,SHIVAMILLS,EQ,,,,,SHIVA MILLS LIMITED,62.39,62.40,59.15,62.39,62.40,61.89,,62.39,,,1168,71947.14,25,F1,1,,,,,
2026-08-31,2026-08-31,CM,NSE,STK,804,INE705C01020,SHIVATEX,EQ,,,,,SHIVA TEXYARN LIMITED,177.00,192.30,174.00,181.17,182.46,176.40,,181.17,,,85297,15747789.18,1000,F1,1,,,,,
2026-08-31,2026-08-31,CM,NSE,STK,24249,INE0T7B01010,SPCL,SM,,,,,SHIVALIC POWER CONTROL L,62.00,62.00,60.30,61.60,62.00,62.15,,61.60,,,12000,738060.00,17,F1,600,,,,,
2026-08-31,2026-08-31,CM,NSE,STK,4656,INE386D01027,SBCL,EQ,,,,,SHIVALIK BIMETAL CON. LTD,1066.60,1100.90,1022.05,1070.00,1069.10,1049.20,,1070.00,,,466545,497025086.85,25946,F1,1,,,,,
2026-08-31,2026-08-31,CM,NSE,STK,7026,INE788J01021,SHIVALIK,BE,,,,,SHIVALIK RASAYAN LIMITED,311.95,322.19,305.80,322.19,322.19,306.85,,327.51,,,40579,12918769.65,492,F1,1,,,,,
2026-08-31,2026-08-31,CM,NSE,STK,13756,INE637H01024,SHIVAMAUTO,EQ,,,,,SHIVAM AUTO.LTD,17.99,18.50,17.20,17.63,17.37,16.94,,17.67,,,223747,3979875.68,756,F1,1,,,,,
2026-08-31,2026-08-31,CM,NSE,STK,758744,INE1DLF01018,SHIVASHRIT,SM,,,,,SHIVASHRIT FOODS LIMITED,127.00,127.00,127.00,127.00,127.00,123.95,,127.00,,,3000,381000.00,1,F1,1000,,,,,
2026-08-31,2026-08-31,CM,NSE,STK,11813,INE498B01024,SHOPERSTOP,EQ,,,,,SHOPPERS STOP LIMITED,379.70,391.00,376.60,383.85,384.50,382.85,,383.85,,,22333,8595762.80,1295,F1,1,,,,,
2026-08-31,2026-08-31,CM,NSE,STK,764905,INE311M01018,SHRADDHA,EQ,,,,,SHRADDHA PRIME PROJECTS L,164.00,167.99,161.50,165.82,166.00,162.90,,165.83,,,19969,3325039.18,359,F1,1,,,,,
2026-08-31,2026-08-31,CM,NSE,STK,708,INE715Y01031,SHRADHA,EQ,,,,,SHRADHA REALTY LIMITED,32.15,32.40,31.05,31.84,32.00,31.99,,31.84,,,12956,416421.48,121,F1,1,,,,,
2026-08-31,2026-08-31,CM,NSE,STK,10588,INE712K01011,SHREEPUSHK,EQ,,,,,SHRE PUSH CHEM & FERT LTD,450.00,491.00,440.80,470.50,466.10,451.40,,470.53,,,238347,113218336.75,10542,F1,1,,,,,
2026-08-31,2026-08-31,CM,NSE,STK,762874,INE185C01017,SAPPL,EQ,,,,,SHREE AJIT PULP & PAPER L,290.00,290.00,276.25,276.35,285.95,286.45,,276.31,,,412,113862.75,12,F1,1,,,,,
2026-08-31,2026-08-31,CM,NSE,STK,3103,INE070A01015,SHREECEM,EQ,,,,,SHREE CEMENT LIMITED,23950.00,23990.00,23200.00,23200.00,23200.00,24000.00,,23200.77,,,20510,482766375.00,6549,F1,1,,,,,
2026-08-31,2026-08-31,CM,NSE,STK,3099,INE232A01011,SHREDIGCEM,EQ,,,,,SHREE DIGVIJAY CEM CO LTD,77.99,77.99,74.50,75.03,75.50,78.19,,75.03,,,64609,4902940.18,1142,F1,1,,,,,
2026-08-31,2026-08-31,CM,NSE,STK,764885,INE414Y01015,SGRL,EQ,,,,,SHREE GANESH REMEDIES LTD,639.75,651.10,588.95,606.70,606.00,542.60,,606.58,,,143393,88666781.80,5384,F1,1,,,,,
2026-08-31,2026-08-31,CM,NSE,STK,23074,INE0S4Y01010,SHREEKARNI,SM,,,,,SHREE KARNI FABCOM LTD,373.15,398.00,373.15,397.65,398.00,375.00,,397.65,,,6900,2681655.00,27,F1,150,,,,,
2026-08-31,2026-08-31,CM,NSE,STK,20603,INE02S501018,SHREEOSFM,SM,,,,,SHREE OSFM E-MOBILITY LTD,61.00,61.00,58.80,58.80,58.80,62.50,,58.80,,,8000,477950.00,8,F1,1000,,,,,
2026-08-31,2026-08-31,CM,NSE,STK,760188,INE19GK01015,SRTL,EQ,,,,,SHREE RAM TWISTEX LIMITED,38.49,39.45,37.50,38.55,38.65,37.94,,38.54,,,34978,1343050.89,295,F1,1,,,,,
2026-08-31,2026-08-31,CM,NSE,STK,7627,INE879A01019,SHREERAMA,EQ,,,,,SHREE RAMA MULTI TECH LTD,43.85,43.85,41.20,41.57,41.78,42.89,,41.60,,,55022,2310805.80,904,F1,1,,,,,
2026-08-31,2026-08-31,CM,NSE,STK,13565,INE278B01020,RAMANEWS,EQ,,,,,SHREE RAMA NEWSPRINT LTD,30.57,32.35,30.57,31.32,31.31,31.80,,31.47,,,10106,316142.02,247,F1,1,,,,,
2026-08-31,2026-08-31,CM,NSE,STK,12026,INE087H01022,RENUKA,EQ,,,,,SHREE RENUKA SUGARS LTD,24.02,25.81,23.74,24.90,24.95,24.14,,24.90,,,49071835,1228511248.16,95330,F1,1,,,,,
2026-08-31,2026-08-31,CM,NSE,STK,25203,INE0S2G01011,BALAJEE,EQ,,,,,SHREE TIRUPATI BALAJEE L,27.00,27.00,25.65,26.18,26.20,26.51,,26.18,,,15162,397928.85,156,F1,1,,,,,
2026-08-31,2026-08-31,CM,NSE,STK,15126,INE00CE01017,SVLL,BE,,,,,SHREE VASU LOGISTICS LTD,785.00,824.25,785.00,815.55,817.00,785.00,,815.55,,,5765,4664560.70,79,F1,1,,,,,
2026-08-31,2026-08-31,CM,NSE,STK,762159,INE0K3301012,SHREEDHAR,ST,,,,,SHREEDHAR SPINNERS LTD,111.25,115.00,111.10,114.30,111.10,111.00,,114.30,,,24000,2736500.00,10,F1,2000,,,,,
2026-08-31,2026-08-31,CM,NSE,STK,759802,INE1FL101016,SHETHJI,SM,,,,,SHREEJI GLOBAL FMCG LTD,179.90,189.50,179.90,184.50,184.50,177.60,,184.50,,,162000,29717850.00,47,F1,1000,,,,,
2026-08-31,2026-08-31,CM,NSE,STK,759448,INE1B6101010,SHREEJISPG,EQ,,,,,SHREEJI SHIPPING GLOBAL L,652.00,657.60,628.00,644.60,641.60,652.50,,644.60,,,1384681,886331999.60,11682,F1,1,,,,,
2026-08-31,2026-08-31,CM,NSE,STK,14305,INE00IK01029,OSWALSEEDS,EQ,,,,,SHREEOSWAL S AND CHE LTD,12.04,12.04,11.33,11.75,11.80,12.07,,11.75,,,71325,834517.03,415,F1,1,,,,,
2026-08-31,2026-08-31,CM,NSE,STK,760252,INE632X01030,SHRENIK,BZ,,,,,SHRENIK LIMITED,0.30,0.31,0.29,0.30,0.30,0.30,,0.30,,,620075,184450.52,205,F1,1,,,,,
2026-08-31,2026-08-31,CM,NSE,STK,3126,INE231C01019,SHREYANIND,EQ,,,,,SHREYANS INDUSTRIES LTD,123.01,126.50,122.88,125.46,126.29,124.97,,125.47,,,6494,813449.79,126,F1,1,,,,,
2026-08-31,2026-08-31,CM,NSE,STK,756409,INE0DM401012,SHRIAHIMSA,ST,,,,,SHRI AHIMSA NATURALS LTD,498.00,498.10,482.10,482.15,482.10,493.75,,482.15,,,8400,4135440.00,14,F1,600,,,,,
2026-08-31,2026-08-31,CM,NSE,STK,762899,INE402H01015,SHBAJRG,EQ,,,,,SHRI BAJRANG ALLIANCE L,168.30,172.74,162.00,167.21,167.49,171.98,,167.21,,,5060,833863.02,129,F1,1,,,,,
2026-08-31,2026-08-31,CM,NSE,STK,758568,INE0NON01025,SHKSIL,SM,,,,,SHRI HARE-KRI SPO IRON L,33.20,33.50,33.00,33.50,33.50,34.05,,33.50,,,8000,265600.00,4,F1,2000,,,,,
2026-08-31,2026-08-31,CM,NSE,STK,764910,INE564J01026,SHRJAGP,EQ,,,,,SHRI JAGDAMBA POLYMERS L,590.05,660.00,590.05,632.00,640.00,673.10,,632.31,,,6084,3763472.00,385,F1,1,,,,,
2026-08-31,2026-08-31,CM,NSE,STK,760202,INE1V4601019,SHRIKANHA,SM,,,,,SHRI KANHA STAINLESS LTD,20.95,23.10,20.95,22.35,21.60,22.00,,22.35,,,32000,703600.00,18,F1,1600,,,,,
2026-08-31,2026-08-31,CM,NSE,STK,762909,INE997I01012,SHRIKRISH,EQ,,,,,SHRI KRISHNA DEVCON LTD.,41.10,41.10,36.07,36.55,36.60,39.90,,36.61,,,1465,57711.80,63,F1,1,,,,,
2026-08-31,2026-08-31,CM,NSE,STK,765210,INE574G01013,VASUPRADA,EQ,,,,,SHRI VASUPRADA PLANTATI L,97.00,97.00,97.00,97.00,97.00,94.50,,97.00,,,2005,194485.00,3,F1,1,,,,,
2026-08-31,2026-08-31,CM,NSE,STK,759093,INE1B3L01017,SHRINGARMS,EQ,,,,,SHRINGAR HOU OF MANGALS L,220.17,222.49,217.20,219.51,218.25,220.17,,219.51,,,219837,48284959.46,1673,F1,1,,,,,
2026-08-31,2026-08-31,CM,NSE,STK,24374,INF680P01422,LIQUIDSHRI,EQ,,,,,SHRIRAM - LIQUIDSHRI,1119.56,1119.58,1119.56,1119.57,1119.58,1119.42,,1119.57,,,1966,2201078.27,27,F1,1,,,,,
2026-08-31,2026-08-31,CM,NSE,STK,4306,INE721A01047,SHRIRAMFIN,EQ,,,,,SHRIRAM FINANCE LIMITED,1080.00,1109.90,1060.10,1109.90,1109.90,1086.90,,1109.65,,,5859843,6335801979.00,73236,F1,1,,,,,
2026-08-31,2026-08-31,CM,NSE,STK,7200,INE217L01019,SHRIRAMPPS,EQ,,,,,SHRIRAM PROPERTIES LTD,76.51,80.50,75.30,77.03,76.85,75.97,,77.03,,,1553689,121300162.17,8536,F1,1,,,,,
2026-08-31,2026-08-31,CM,NSE,STK,25240,INE0UL701015,SHUBHSHREE,SM,,,,,SHUBHSHREE BIOFUELS ENE L,335.00,335.00,334.90,335.00,335.00,335.75,,335.00,,,2700,904470.00,6,F1,300,,,,,
2026-08-31,2026-08-31,CM,NSE,STK,764537,INE551C01044,SHUKRAPHAR,EQ,,,,,SHUKRA PHARMACEUTICALS L,46.99,46.99,44.29,44.39,44.29,44.28,,44.39,,,1624555,72982293.81,3278,F1,1,,,,,
2026-08-31,2026-08-31,CM,NSE,STK,10192,INE979R01011,SHYAMCENT,BE,,,,,SHYAM CENTURY FERROUS LTD,4.90,4.99,4.85,4.92,4.92,4.94,,4.91,,,51497,253107.23,95,F1,1,,,,,
2026-08-31,2026-08-31,CM,NSE,STK,761213,INE1CRP01016,SHYAMDHANI,ST,,,,,SHYAM DHANI INDUSTRIES L,55.00,55.00,54.15,54.15,54.15,57.00,,54.15,,,46000,2508400.00,15,F1,2000,,,,,
2026-08-31,2026-08-31,CM,NSE,STK,4693,INE810G01011,SHYAMMETL,EQ,,,,,SHYAM METALICS AND ENGY L,1107.40,1107.40,1081.80,1093.50,1088.50,1099.80,,1093.49,,,482400,528171846.70,15380,F1,1,,,,,
2026-08-31,2026-08-31,CM,NSE,STK,13740,INE635A01023,SHYAMTEL,EQ,,,,,SHYAM TELECOM LIMITED,13.87,13.87,12.49,13.35,13.47,13.87,,13.37,,,5438,70169.77,51,F1,1,,,,,
2026-08-31,2026-08-31,CM,NSE,STK,16875,INE176J01011,SICAGEN,EQ,,,,,SICAGEN INDIA LIMITED,54.13,54.99,53.50,54.04,54.00,54.14,,53.97,,,17574,949863.09,342,F1,1,,,,,
2026-08-31,2026-08-31,CM,NSE,STK,19440,INE075B01020,SICALLOG,BE,,,,,SICAL LOGISTICS LIMITED,103.50,105.85,100.30,101.03,102.95,104.68,,101.05,,,37697,3869797.76,168,F1,1,,,,,
2026-08-31,2026-08-31,CM,NSE,STK,759053,INE0SVO01019,SIDDHICOTS,SM,,,,,SIDDHI COTSPIN LIMITED,27.10,27.90,27.10,27.50,27.50,27.90,,27.50,,,8400,232440.00,3,F1,1200,,,,,
2026-08-31,2026-08-31,CM,NSE,STK,3148,INE0A1E01018,SIDDHIKA,SM,,,,,SIDDHIKA COATINGS LIMITED,222.00,222.00,222.00,222.00,222.00,217.05,,222.00,,,500,111000.00,1,F1,500,,,,,
2026-08-31,2026-08-31,CM,NSE,STK,756871,INE1NPP01017,ENRIN,EQ,,,,,SIEMENS ENERGY INDIA LTD,3250.00,3298.00,3210.00,3229.60,3216.00,3242.60,,3229.83,,,688153,2241043017.50,64335,F1,1,,,,,
2026-08-31,2026-08-31,CM,NSE,STK,3150,INE003A01024,SIEMENS,EQ,,,,,SIEMENS LTD,4061.40,4068.70,3997.00,4030.00,4030.00,4089.00,,4030.00,,,222185,895432140.70,19636,F1,1,,,,,
2026-08-31,2026-08-31,CM,NSE,STK,6663,INE0D0K01022,SIGACHI,EQ,,,,,SIGACHI INDUSTRIES LTD,33.15,33.66,32.25,32.62,32.51,33.16,,32.62,,,2277888,74496629.83,6721,F1,1,,,,,
2026-08-31,2026-08-31,CM,NSE,STK,14797,INE933B01012,SIGMAADV,BE,,,,,SIGMA ADVANCED SYSTEM LTD,775.00,790.00,742.00,781.95,787.85,777.10,,780.58,,,284883,218365523.20,4960,F1,1,,,,,
2026-08-31,2026-08-31,CM,NSE,STK,16658,INE0A0S01028,SIGMA,EQ,,,,,SIGMA SOLVE LIMITED,47.90,49.43,47.21,48.35,48.49,47.25,,48.35,,,178401,8630632.37,2165,F1,1,,,,,
2026-08-31,2026-08-31,CM,NSE,STK,18743,INE903U01023,SIGNATURE,EQ,,,,,SIGNATUREGLOBAL INDIA LTD,776.25,785.60,755.40,769.90,761.50,779.25,,769.92,,,304138,232385626.55,11626,F1,1,,,,,
2026-08-31,2026-08-31,CM,NSE,STK,4517,INE529F01035,SIGIND,BE,,,,,SIGNET INDUSTRIES LIMITED,71.73,71.73,69.00,70.63,70.99,71.74,,70.63,,,4449,312482.26,69,F1,1,,,,,
2026-08-31,2026-08-31,CM,NSE,STK,23150,INE0RDE01010,SIGNORIA,ST,,,,,SIGNORIA CREATION LIMITED,161.00,166.00,161.00,166.00,166.00,162.00,,166.00,,,6000,986000.00,6,F1,1000,,,,,
2026-08-31,2026-08-31,CM,NSE,STK,22656,INE0KGZ01021,SIGNPOST,EQ,,,,,SIGNPOST INDIA LIMITED,259.00,259.50,252.30,254.75,254.85,260.15,,254.75,,,54760,13948448.25,1411,F1,1,,,,,
2026-08-31,2026-08-31,CM,NSE,STK,762914,INE438E01032,SIKA,EQ,,,,,SIKA INTERPLANT SYSTEMS L,1018.60,1018.80,984.50,995.90,990.00,1018.60,,995.81,,,22965,22951277.00,2167,F1,1,,,,,
2026-08-31,2026-08-31,CM,NSE,STK,6226,INE112X01025,SIKKO,BE,,,,,SIKKO INDUSTRIES LIMITED,5.07,5.12,4.92,5.02,5.09,5.12,,5.02,,,308488,1557285.58,391,F1,1,,,,,
2026-08-31,2026-08-31,CM,NSE,STK,4105,INE923A01015,SILINV,EQ,,,,,SIL INVESTMENTS LIMITED,490.05,494.70,480.00,488.75,488.20,490.05,,489.01,,,3191,1555833.50,191,F1,1,,,,,
2026-08-31,2026-08-31,CM,NSE,STK,2492,INE01II01013,SILGO,EQ,,,,,SILGO RETAIL LIMITED,76.19,76.90,72.20,72.83,73.63,75.63,,72.83,,,98442,7334298.03,817,F1,1,,,,,
2026-08-31,2026-08-31,CM,NSE,STK,23736,INE0STN01015,SILKFLEX,SM,,,,,SILKFLEX POLYMERS INDIA L,242.50,247.80,240.00,242.95,242.95,242.55,,242.95,,,22000,5312350.00,22,F1,1000,,,,,
2026-08-31,2026-08-31,CM,NSE,STK,757679,INE0SN801015,SILKY,SM,,,,,SILKY OVERSEAS LIMITED,72.95,72.95,69.00,69.00,69.00,66.55,,69.00,,,2400,170720.00,3,F1,800,,,,,
2026-08-31,2026-08-31,CM,NSE,STK,19097,INE203Y01012,SILLYMONKS,EQ,,,,,SILLY MONKS ENTERTAIN LTD,16.10,16.40,16.00,16.00,16.00,16.01,,16.00,,,7003,112268.98,38,F1,1,,,,,
2026-08-31,2026-08-31,CM,NSE,STK,9422,INE625X01026,SILVERTUC,EQ,,,,,SILVER TOUCH TECHNO LTD,178.22,182.00,168.25,172.27,173.00,178.22,,172.28,,,602062,103823975.58,12496,F1,1,,,,,
2026-08-31,2026-08-31,CM,NSE,STK,758836,INE748T01016,SIMBHALS,BZ,,,,,SIMBHAOLI SUGARS LTD.,8.56,8.60,8.43,8.43,8.43,8.60,,8.43,,,49256,417134.49,78,F1,1,,,,,
2026-08-31,2026-08-31,CM,NSE,STK,763378,INE1K4J01018,SIMCA,ST,,,,,SIMCA ADVERTISING LIMITED,268.70,268.70,259.90,260.10,259.90,259.80,,260.10,,,12600,3302610.00,11,F1,600,,,,,
2026-08-31,2026-08-31,CM,NSE,STK,3162,INE059B01024,SIMPLEXINF,EQ,,,,,SIMPLEX INFRASTRUCTURES L,279.99,282.59,265.00,268.83,265.36,277.59,,268.80,,,211640,58212610.00,4947,F1,1,,,,,
2026-08-31,2026-08-31,CM,NSE,STK,764915,INE167H01014,SIMPLXREA,EQ,,,,,SIMPLEX REALTY LTD.,136.68,136.68,136.68,136.68,136.68,136.00,,136.68,,,3,410.04,1,F1,1,,,,,
2026-08-31,2026-08-31,CM,NSE,STK,23480,INE985A01022,SINCLAIR,EQ,,,,,SINCLAIRS HOTELS LIMITED,82.01,84.00,80.00,82.38,81.65,81.51,,82.27,,,38575,3156182.61,661,F1,1,,,,,
2026-08-31,2026-08-31,CM,NSE,STK,16859,INE325D01025,SINDHUTRAD,EQ,,,,,SINDHU TRADE LINKS LTD,24.99,25.14,24.42,24.98,24.94,24.99,,24.98,,,1683690,41981636.52,1239,F1,1,,,,,
2026-08-31,2026-08-31,CM,NSE,STK,761420,INE638A01035,SINGERIND,EQ,,,,,SINGER INDIA LIMITED,77.99,79.00,76.00,76.45,77.25,77.25,,76.48,,,46618,3610485.02,1392,F1,1,,,,,
2026-08-31,2026-08-31,CM,NSE,STK,381,INE129Z01016,SINTERCOM,EQ,,,,,SINTERCOM INDIA LIMITED,85.70,85.70,78.05,78.81,78.05,79.35,,78.81,,,1818,148436.12,67,F1,1,,,,,
2026-08-31,2026-08-31,CM,NSE,STK,11050,INE792Z01011,SIRCA,EQ,,,,,SIRCA PAINT INDIA LIMITED,436.00,439.40,431.00,434.95,434.00,436.30,,434.95,,,311961,135831814.40,3988,F1,1,,,,,
2026-08-31,2026-08-31,CM,NSE,STK,21501,INE285J01028,SIS,EQ,,,,,SIS LIMITED,431.00,434.45,425.50,428.65,425.55,431.00,,428.69,,,191449,82528637.40,7636,F1,1,,,,,
2026-08-31,2026-08-31,CM,NSE,STK,29210,INE965H01011,SITINET,BZ,,,,,SITI NETWORKS LIMITED,0.28,0.29,0.28,0.29,0.29,0.28,,0.29,,,899263,256894.49,280,F1,1,,,,,
2026-08-31,2026-08-31,CM,NSE,STK,14096,INE076B01028,SIYSIL,EQ,,,,,SIYARAM SILK MILLS LTD,567.55,568.95,553.15,563.55,560.10,567.55,,563.55,,,32641,18243829.85,2314,F1,1,,,,,
2026-08-31,2026-08-31,CM,NSE,STK,6643,INE284S01014,SJS,EQ,,,,,SJS ENTERPRISES LIMITED,2517.90,2530.20,2447.00,2488.60,2493.20,2509.50,,2488.24,,,79007,195386132.00,9113,F1,1,,,,,
2026-08-31,2026-08-31,CM,NSE,STK,18883,INE002L01015,SJVN,EQ,,,,,SJVN LTD,64.60,65.09,64.00,64.71,64.92,64.88,,64.71,,,1918159,123432491.98,17834,F1,1,,,,,
2026-08-31,2026-08-31,CM,NSE,STK,760101,INE2J8701016,SKFINDUS,EQ,,,,,SKF IND (INDUSTRIAL) LTD,2952.20,3049.90,2878.60,2983.30,3048.00,2952.20,,2983.58,,,59895,177700774.40,10465,F1,1,,,,,
2026-08-31,2026-08-31,CM,NSE,STK,3186,INE640A01023,SKFINDIA,EQ,,,,,SKF INDIA LTD,1571.30,1571.30,1544.20,1553.90,1554.80,1571.30,,1553.92,,,47153,73335138.00,8514,F1,1,,,,,
2026-08-31,2026-08-31,CM,NSE,STK,24107,INE429F01012,SKIL,BZ,,,,,SKIL INFRASTRUCTURE LTD.,0.80,0.86,0.78,0.83,0.84,0.82,,0.83,,,52463,43740.81,78,F1,1,,,,,
2026-08-31,2026-08-31,CM,NSE,STK,9428,INE439E01022,SKIPPER,EQ,,,,,SKIPPER LIMITED,544.00,550.15,528.05,541.20,540.20,546.25,,541.20,,,996742,538030504.90,26602,F1,1,,,,,
2026-08-31,2026-08-31,CM,NSE,STK,4732,INE411D01023,SKMEGGPROD,EQ,,,,,SKM EGG PROD EXPORT(I) LT,257.10,274.30,255.10,267.90,267.00,257.55,,267.83,,,762059,204529525.10,15340,F1,1,,,,,
2026-08-31,2026-08-31,CM,NSE,STK,10325,INE0KZA01016,SKP,SM,,,,,SKP BEARING INDUSTRI. LTD,145.00,150.00,145.00,146.50,146.50,147.15,,146.50,,,32000,4714325.00,46,F1,500,,,,,
2026-08-31,2026-08-31,CM,NSE,STK,13631,INE01IU01018,SKYGOLD,EQ,,,,,SKY GOLD AND DIAMONDS LTD,811.95,829.00,795.05,807.10,808.00,811.40,,807.08,,,847848,689884675.60,28518,F1,1,,,,,
2026-08-31,2026-08-31,CM,NSE,STK,765336,INE0VFE01017,SKYTECH,ST,,,,,SKYTECH INFINITE PLATFM L,51.80,51.80,51.80,51.80,51.80,54.50,,51.80,,,27200,1408960.00,8,F1,1600,,,,,
2026-08-31,2026-08-31,CM,NSE,STK,23692,INE0SMA01017,SLONE,ST,,,,,SLONE INFOSYSTEMS LIMITED,172.00,178.00,170.00,174.50,178.00,172.00,,174.50,,,5200,902000.00,13,F1,400,,,,,
2026-08-31,2026-08-31,CM,NSE,STK,757622,INE14GK01016,SMARTEN,ST,,,,,SMARTEN POWER SYSTEMS LTD,58.00,58.00,57.10,57.30,57.30,59.80,,57.30,,,19200,1101840.00,7,F1,1200,,,,,
2026-08-31,2026-08-31,CM,NSE,STK,9893,INE178C01020,SMARTLINK,BE,,,,,SMARTLINK HOLDINGS LTD,229.45,233.00,215.65,216.52,216.00,227.00,,216.49,,,17615,3868416.08,133,F1,1,,,,,
2026-08-31,2026-08-31,CM,NSE,STK,757965,INE0NAZ01010,SMARTWORKS,EQ,,,,,SMARTWORKS COWORKING SP L,538.75,548.00,533.95,537.55,540.00,538.75,,537.77,,,21633,11713938.05,1431,F1,1,,,,,
2026-08-31,2026-08-31,CM,NSE,STK,2320,INE103C01036,SMCGLOBAL,EQ,,,,,SMC GLOBAL SECURITIES LTD,79.40,80.90,78.65,79.28,78.95,79.20,,79.28,,,440367,35031314.59,1872,F1,1,,,,,
2026-08-31,2026-08-31,CM,NSE,STK,3387,INE294B01019,SMLMAH,EQ,,,,,SML MAHINDRA LIMITED,5188.00,5194.00,5079.00,5108.00,5108.50,5186.50,,5107.75,,,35564,182090691.50,5339,F1,1,,,,,
2026-08-31,2026-08-31,CM,NSE,STK,14329,INE812G01025,SMSPHARMA,EQ,,,,,SMS PHARMACEUTICALS LTD.,354.05,378.50,350.55,371.85,372.45,355.55,,371.85,,,460761,170180159.00,9904,F1,1,,,,,
2026-08-31,2026-08-31,CM,NSE,STK,758946,INE1OIC01018,SNEHAA,SM,,,,,SNEHAA ORGANICS LIMITED,41.95,47.70,41.95,47.70,47.70,42.50,,47.70,,,10000,461250.00,9,F1,1000,,,,,
2026-08-31,2026-08-31,CM,NSE,STK,4843,INE734N01019,SNOWMAN,EQ,,,,,SNOWMAN LOGISTICS LTD.,37.93,37.93,36.82,37.30,37.43,37.66,,37.30,,,136219,5074679.33,1184,F1,1,,,,,
2026-08-31,2026-08-31,CM,NSE,STK,13826,INE671H01015,SOBHA,EQ,,,,,SOBHA LIMITED,1278.80,1278.80,1236.40,1255.90,1245.00,1270.20,,1255.88,,,147325,184272162.30,12061,F1,1,,,,,
2026-08-31,2026-08-31,CM,NSE,STK,8266,INE728Z01015,SOFTTECH,EQ,,,,,SOFTTECH ENGINEERS LTD,425.00,425.00,414.00,415.60,415.05,417.40,,415.58,,,5851,2447213.00,91,F1,1,,,,,
2026-08-31,2026-08-31,CM,NSE,STK,13332,INE343H01029,SOLARINDS,EQ,,,,,SOLAR INDUSTRIES (I) LTD,20400.00,20400.00,19959.00,20108.00,20108.00,20400.00,,20108.00,,,100997,2039091507.00,22988,F1,1,,,,,
2026-08-31,2026-08-31,CM,NSE,STK,3672,INE624Z01016,SOLARA,EQ,,,,,SOLARA ACTIVE PHA SCI LTD,626.00,642.45,615.35,632.65,632.00,623.70,,632.65,,,225921,142726771.90,10381,F1,1,,,,,
2026-08-31,2026-08-31,CM,NSE,STK,759929,INE0TY101024,SOLARWORLD,EQ,,,,,SOLARWORLD ENERGY SOL LTD,149.78,149.78,145.50,146.67,146.60,148.75,,146.67,,,174966,25713665.34,2885,F1,1,,,,,
2026-08-31,2026-08-31,CM,NSE,STK,759397,INE880Y01017,SOLEX,EQ,,,,,SOLEX ENERGY LIMITED,764.85,764.85,733.00,739.30,747.00,759.60,,739.36,,,41350,30632429.85,3598,F1,1,,,,,
2026-08-31,2026-08-31,CM,NSE,STK,1338,INE480C01038,SDBL,EQ,,,,,SOM DIST & BREW LTD,73.45,73.64,71.54,72.70,72.85,73.38,,72.70,,,352408,25480237.40,3121,F1,1,,,,,
2026-08-31,2026-08-31,CM,NSE,STK,4201,INE314C01013,SOMATEX,EQ,,,,,SOMA TEXTILES & INDUST LT,78.12,80.90,78.00,80.14,80.25,77.16,,80.14,,,9955,793395.74,263,F1,1,,,,,
2026-08-31,2026-08-31,CM,NSE,STK,3880,INE355A01028,SOMANYCERA,EQ,,,,,SOMANY CERAMICS LIMITED,567.00,575.10,555.50,557.30,562.90,564.50,,557.31,,,155520,87651411.50,6094,F1,1,,,,,
2026-08-31,2026-08-31,CM,NSE,STK,17794,INE323J01019,SOMICONVEY,EQ,,,,,SOMI CONVEYOR BELT. LTD.,90.05,98.40,90.05,91.27,91.70,91.58,,91.26,,,8810,809880.14,561,F1,1,,,,,
2026-08-31,2026-08-31,CM,NSE,STK,4684,INE073K01018,SONACOMS,EQ,,,,,SONA BLW PRECISION FRGS L,810.50,820.50,799.40,813.05,813.05,815.00,,813.05,,,1604737,1302532272.60,39872,F1,1,,,,,
2026-08-31,2026-08-31,CM,NSE,STK,23052,INE0Q6H01012,SONAMAC,SM,,,,,SONA MACHINERY LIMITED,33.95,33.95,32.50,33.20,32.50,32.60,,33.20,,,5000,168300.00,5,F1,1000,,,,,
2026-08-31,2026-08-31,CM,NSE,STK,762919,INE321M01017,SONAL,EQ,,,,,SONAL MERCANTILE LTD.,86.10,86.40,84.51,84.51,84.51,88.95,,84.51,,,193,16350.89,21,F1,1,,,,,
2026-08-31,2026-08-31,CM,NSE,STK,8806,INE00LM01029,SONAMLTD,EQ,,,,,SONAM LIMITED,74.40,80.00,74.01,77.82,77.50,73.17,,77.82,,,977687,76557260.33,5657,F1,1,,,,,
2026-08-31,2026-08-31,CM,NSE,STK,6596,INE269A01021,SONATSOFTW,EQ,,,,,SONATA SOFTWARE LTD,304.60,306.50,290.50,292.05,292.55,304.60,,292.07,,,1017371,300068555.45,20026,F1,1,,,,,
2026-08-31,2026-08-31,CM,NSE,STK,9463,INE0JZA01018,SONUINFRA,ST,,,,,SONU INFRATECH LIMITED,36.65,36.65,35.00,36.65,36.65,34.95,,36.65,,,45000,1631025.00,21,F1,1500,,,,,
2026-08-31,2026-08-31,CM,NSE,STK,9678,INE980Y01015,SOUTHWEST,EQ,,,,,SOUTH WEST PINNACLE LTD,208.70,208.75,203.11,204.92,205.75,209.06,,204.91,,,65549,13454589.57,1694,F1,1,,,,,
2026-08-31,2026-08-31,CM,NSE,STK,19372,INE970N01027,SPCENET,EQ,,,,,SPACENET ENTERS IND LTD,3.39,3.39,3.06,3.10,3.10,3.32,,3.10,,,1943272,6181251.81,1712,F1,1,,,,,
2026-08-31,2026-08-31,CM,NSE,STK,11435,INE572J01011,SPANDANA,EQ,,,,,SPANDANA SPHOORTY FIN LTD,244.00,244.30,240.10,240.95,240.55,244.30,,240.94,,,59366,14329754.70,2178,F1,1,,,,,
2026-08-31,2026-08-31,CM,NSE,STK,760135,INE1CW901027,SPEB,SM,,,,,SPEB ADHESIVES LIMITED,90.10,92.75,90.10,90.25,90.25,91.50,,90.25,,,18000,1635800.00,9,F1,2000,,,,,
2026-08-31,2026-08-31,CM,NSE,STK,27111,INE247M01014,SPECIALITY,BE,,,,,SPECIALITY REST LTD,145.00,145.00,137.25,140.17,140.00,143.87,,140.24,,,28613,4010594.79,225,F1,1,,,,,
2026-08-31,2026-08-31,CM,NSE,STK,30457,INE01EO01010,SPECTRUM,BE,,,,,SPECTRUM ELECTRIC IND LTD,2101.00,2169.90,2100.00,2120.50,2138.00,2116.90,,2120.65,,,1947,4167570.10,190,F1,1,,,,,
2026-08-31,2026-08-31,CM,NSE,STK,764920,INE252A01019,SPELS,EQ,,,,,SPEL SEMICONDUCTOR LTD,152.00,152.00,146.01,147.19,147.49,150.77,,147.21,,,39129,5794356.11,1155,F1,1,,,,,
2026-08-31,2026-08-31,CM,NSE,STK,8163,INE020801028,SPENCERS,EQ,,,,,SPENCER S RETAIL LIMITED,29.32,29.98,29.32,29.76,29.85,29.89,,29.77,,,20176,598896.00,241,F1,1,,,,,
2026-08-31,2026-08-31,CM,NSE,STK,3252,INE147A01011,SPIC,EQ,,,,,SPIC LTD,68.95,69.09,67.32,67.74,67.60,69.09,,67.74,,,271707,18448599.57,2699,F1,1,,,,,
2026-08-31,2026-08-31,CM,NSE,STK,11935,INE978G01016,SPLIL,EQ,,,,,SPL INDUSTRIES LIMITED,33.13,33.99,32.50,32.52,32.52,33.13,,32.52,,,1601,52798.81,35,F1,1,,,,,
2026-08-31,2026-08-31,CM,NSE,STK,3321,INE937A01023,SPMLINFRA,EQ,,,,,SPML INFRA LIMITED,180.00,182.99,176.81,181.50,180.07,179.88,,181.50,,,177644,31984508.23,3017,F1,1,,,,,
2026-08-31,2026-08-31,CM,NSE,STK,10733,INE885H01029,SPORTKING,EQ,,,,,SPORTKING INDIA LIMITED,223.00,230.00,218.74,226.71,227.00,222.94,,226.98,,,338311,76583890.20,7554,F1,1,,,,,
2026-08-31,2026-08-31,CM,NSE,STK,25306,INE0QR801013,SPPPOLY,SM,,,,,SPP POLYMER LIMITED,12.95,12.95,12.95,12.95,12.95,12.50,,12.95,,,2000,25900.00,1,F1,2000,,,,,
2026-08-31,2026-08-31,CM,NSE,STK,17186,INE526E01018,SHRIPISTON,EQ,,,,,SPR AUTO TECHNOLOGIES LTD,4572.20,4630.00,4469.60,4609.20,4570.00,4572.20,,4609.13,,,106315,487385949.20,17679,F1,1,,,,,
2026-08-31,2026-08-31,CM,NSE,STK,757865,INE19QH01010,SPUNWEB,SM,,,,,SPUNWEB NONWOVEN LIMITED,100.00,101.00,100.00,101.00,101.00,101.00,,101.00,,,6000,602460.00,5,F1,1200,,,,,
2026-08-31,2026-08-31,CM,NSE,STK,14582,INE917H01012,SRHHYPOLTD,EQ,,,,,SREE RAYALSEEMA HHP LTD.,474.00,504.60,474.00,501.55,498.00,473.95,,501.54,,,39367,19576383.65,2118,F1,1,,,,,
2026-08-31,2026-08-31,CM,NSE,STK,31837,INE099F01013,SREEL,EQ,,,,,SREELEATHERS LIMITED,245.00,250.99,243.64,247.80,249.00,249.48,,247.80,,,13275,3282263.79,1067,F1,1,,,,,
2026-08-31,2026-08-31,CM,NSE,STK,3273,INE647A01010,SRF,EQ,,,,,SRF LTD,2587.10,2595.70,2552.00,2560.40,2560.40,2589.90,,2560.40,,,311993,800322468.10,23952,F1,1,,,,,
2026-08-31,2026-08-31,CM,NSE,STK,18119,INE559N01010,SRGHFL,EQ,,,,,SRG HOUSING FINANCE L,256.05,259.90,255.60,259.35,259.25,254.90,,259.35,,,901,232824.15,51,F1,1,,,,,
2026-08-31,2026-08-31,CM,NSE,STK,7457,INE293B01029,HAVISHA,EQ,,,,,SRI HAVISHA HOSP & INFR L,1.37,1.40,1.30,1.31,1.32,1.37,,1.31,,,52919,69361.43,122,F1,1,,,,,
2026-08-31,2026-08-31,CM,NSE,STK,765165,INE009C01019,SRIKPRIND,EQ,,,,,SRI KPR INDUSTRIES LTD.,21.09,21.20,20.26,21.13,21.00,20.99,,21.13,,,3520,73570.57,30,F1,1,,,,,
2026-08-31,2026-08-31,CM,NSE,STK,758147,INE0V9Q01010,LOTUSDEV,BE,,,,,SRI LOTUS DEVLPRS N RTY L,185.50,187.30,180.02,182.86,182.06,186.61,,182.87,,,229344,42026910.19,1167,F1,1,,,,,
2026-08-31,2026-08-31,CM,NSE,STK,761393,INE0TPJ01019,SPCON,SM,,,,,SRINIBAS PRADHAN CONST L,153.00,153.00,153.00,153.00,153.00,150.00,,153.00,,,1200,183600.00,1,F1,1200,,,,,
2026-08-31,2026-08-31,CM,NSE,STK,18059,INE0ON201012,SSFL,ST,,,,,SRIVARI SPICES N FOODS L,250.00,262.00,246.00,260.95,262.00,250.00,,260.95,,,4500,1137450.00,9,F1,500,,,,,
2026-08-31,2026-08-31,CM,NSE,STK,14416,INE0NPI01014,SRIVASAVI,ST,,,,,SRIVASAVI ADHESIVE TAPE L,75.00,75.00,73.55,74.65,74.65,75.20,,74.65,,,5000,372350.00,5,F1,1000,,,,,
2026-08-31,2026-08-31,CM,NSE,STK,23402,INE0R6Z01013,SRM,EQ,,,,,SRM CONTRACTORS LIMITED,464.90,476.40,450.00,451.80,450.55,459.35,,451.88,,,134684,62325442.35,3897,F1,1,,,,,
2026-08-31,2026-08-31,CM,NSE,STK,29205,INE0RYC01010,STALLION,BE,,,,,STALLION IND FLUOROCHEM L,210.80,219.50,207.50,211.00,211.25,213.55,,210.98,,,294058,62524538.95,2864,F1,1,,,,,
2026-08-31,2026-08-31,CM,NSE,STK,29075,INE0M4D01010,SETL,EQ,,,,,STANDARD ENGNG TCNLGY LTD,372.40,382.40,356.45,369.50,368.50,364.20,,369.55,,,2536650,939556633.90,36448,F1,1,,,,,
2026-08-31,2026-08-31,CM,NSE,STK,11297,INE173A01025,SIL,EQ,,,,,STANDARD INDUSTRIES LTD.,19.22,19.78,18.90,19.15,19.19,19.22,,19.15,,,37093,707827.46,311,F1,1,,,,,
2026-08-31,2026-08-31,CM,NSE,STK,24226,INE01A001028,STANLEY,EQ,,,,,STANLEY LIFESTYLES LTD,137.39,138.95,136.00,136.57,136.90,137.39,,136.58,,,51723,7079223.82,1387,F1,1,,,,,
2026-08-31,2026-08-31,CM,NSE,STK,21091,INE460H01021,STARCEMENT,EQ,,,,,STAR CEMENT LIMITED,186.00,192.99,180.12,184.76,185.00,187.79,,184.77,,,2762342,509752535.92,59590,F1,1,,,,,
2026-08-31,2026-08-31,CM,NSE,STK,7083,INE575P01011,STARHEALTH,EQ,,,,,STAR HEALTH & AL INS CO L,570.10,578.00,562.20,567.75,566.95,573.50,,567.75,,,354531,202352545.80,25630,F1,1,,,,,
2026-08-31,2026-08-31,CM,NSE,STK,3291,INE733A01018,STARPAPER,EQ,,,,,STAR PAPER MILLS LTD,155.95,155.95,150.25,152.47,153.38,153.00,,152.42,,,5108,783908.19,141,F1,1,,,,,
2026-08-31,2026-08-31,CM,NSE,STK,9305,INE992I01013,STARTECK,EQ,,,,,STARTECK FINANCE LIMITED,256.15,260.90,253.15,253.80,253.50,253.45,,253.80,,,138,35274.45,56,F1,1,,,,,
2026-08-31,2026-08-31,CM,NSE,STK,3045,INE062A01020,SBIN,EQ,,,,,STATE BANK OF INDIA,1041.20,1060.00,1034.50,1060.00,1060.00,1047.50,,1060.00,,,5138732,5378557512.50,82284,F1,1,,,,,
2026-08-31,2026-08-31,CM,NSE,STK,2963,INE114A01011,SAIL,EQ,,,,,STEEL AUTHORITY OF INDIA,198.10,200.39,195.00,195.00,195.00,200.00,,195.01,,,22055932,4366640708.98,82649,F1,1,,,,,
2026-08-31,2026-08-31,CM,NSE,STK,10406,INE395H01011,STEELCITY,EQ,,,,,STEEL CITY SECURITIES LTD,85.50,85.50,82.35,83.88,83.80,84.16,,83.88,,,8464,711167.00,120,F1,1,,,,,
2026-08-31,2026-08-31,CM,NSE,STK,21339,INE503B01021,STEELXIND,EQ,,,,,STEEL EXCHANGE INDIA LTD,10.57,10.70,10.45,10.58,10.70,10.65,,10.58,,,837907,8844057.66,1468,F1,1,,,,,
2026-08-31,2026-08-31,CM,NSE,STK,765170,INE205F01016,STLSTRINF,EQ,,,,,STEEL STRIPS INFRA L,19.17,20.90,17.50,19.82,18.40,18.99,,19.81,,,2118,41173.09,31,F1,1,,,,,
2026-08-31,2026-08-31,CM,NSE,STK,11829,INE802C01033,SSWL,EQ,,,,,STEEL STRIPS WHEELS LTD.,295.45,307.70,291.25,305.65,306.20,295.50,,305.65,,,636712,192776970.00,10054,F1,1,,,,,
2026-08-31,2026-08-31,CM,NSE,STK,6803,INE124E01038,STEELCAS,EQ,,,,,STEELCAST LIMITED,344.80,351.75,332.00,349.80,350.00,342.30,,349.82,,,56252,19510010.00,1959,F1,1,,,,,
2026-08-31,2026-08-31,CM,NSE,STK,21484,INE577L01016,STEL,EQ,,,,,STEL HOLDINGS LIMITED,636.90,689.95,628.10,661.20,658.00,636.90,,661.20,,,19646,13051716.95,1281,F1,1,,,,,
2026-08-31,2026-08-31,CM,NSE,STK,6188,INE334A01023,STERTOOLS,BE,,,,,STERLING TOOLS LIMITED,217.50,221.80,215.00,217.30,218.00,219.95,,217.71,,,10522,2289860.25,325,F1,1,,,,,
2026-08-31,2026-08-31,CM,NSE,STK,9313,INE089C01029,STLTECH,BE,,,,,STERLITE TECHNOLOGIES LTD,745.00,757.70,715.20,728.45,730.00,723.75,,728.45,,,1785527,1313337346.90,36145,F1,1,,,,,
2026-08-31,2026-08-31,CM,NSE,STK,13367,INE353H01010,SGL,EQ,,,,,STL GLOBAL LIMITED,10.13,10.61,10.13,10.39,10.23,10.12,,10.39,,,5327,55263.02,56,F1,1,,,,,
2026-08-31,2026-08-31,CM,NSE,STK,758958,INE1VXE01018,STLNETWORK,EQ,,,,,STL NETWORKS LIMITED,27.67,28.64,27.55,28.15,28.12,27.28,,28.15,,,3890428,109708375.27,7887,F1,1,,,,,
2026-08-31,2026-08-31,CM,NSE,STK,2107,INE00IN01015,STOVEKRAFT,EQ,,,,,STOVE KRAFT LIMITED,797.50,859.00,795.00,849.20,846.70,797.50,,849.25,,,794805,669272415.75,31005,F1,1,,,,,
2026-08-31,2026-08-31,CM,NSE,STK,7374,INE939A01011,STAR,EQ,,,,,STRIDES PHARMA SCI LTD,1029.00,1038.10,1006.90,1025.00,1029.00,1019.90,,1025.00,,,426871,436772769.60,24292,F1,1,,,,,
2026-08-31,2026-08-31,CM,NSE,STK,12489,INE00M201021,SWSOLAR,EQ,,,,,STRLNG & WIL REN ENE LTD,194.50,195.17,188.00,189.33,189.20,195.37,,189.34,,,885872,168472309.62,11058,F1,1,,,,,
2026-08-31,2026-08-31,CM,NSE,STK,759587,INE00Q601028,STUDDS,EQ,,,,,STUDDS ACCESSORIES LTD,444.65,450.90,443.35,445.00,445.00,450.00,,445.00,,,23747,10588197.30,1957,F1,1,,,,,
2026-08-31,2026-08-31,CM,NSE,STK,758527,INE17VO01028,STUDIOLSD,SM,,,,,STUDIO LSD LIMITED,9.10,9.20,9.00,9.15,9.20,8.90,,9.15,,,18000,163900.00,8,F1,2000,,,,,
2026-08-31,2026-08-31,CM,NSE,STK,5186,INE239C01020,STYLAMIND,EQ,,,,,STYLAM INDUSTRIES LIMITED,3502.00,3517.00,3450.00,3464.50,3477.00,3507.50,,3464.52,,,24111,83771040.20,7056,F1,1,,,,,
2026-08-31,2026-08-31,CM,NSE,STK,19,INE189B01011,STYRENIX,EQ,,,,,STYRENIX PERFORMANCE LTD,2007.00,2020.80,1964.40,2002.20,1995.00,2020.80,,2008.86,,,40863,81646870.00,4973,F1,1,,,,,
2026-08-31,2026-08-31,CM,NSE,STK,760112,INE0RYR01018,SUBAHOTELS,SM,,,,,SUBA HOTELS LIMITED,105.00,105.50,103.80,103.80,103.80,105.80,,103.80,,,13200,1381200.00,8,F1,1200,,,,,
2026-08-31,2026-08-31,CM,NSE,STK,967,INE754A01055,SUBEXLTD,EQ,,,,,SUBEX LTD,18.13,18.69,17.61,18.48,18.55,18.13,,18.48,,,3529283,64261902.93,16836,F1,1,,,,,
2026-08-31,2026-08-31,CM,NSE,STK,3324,INE287B01021,SUBROS,EQ,,,,,SUBROS LIMITED,726.20,732.65,714.55,717.50,720.50,726.20,,717.56,,,27864,20028637.80,2131,F1,1,,,,,
2026-08-31,2026-08-31,CM,NSE,STK,3327,INE659A01023,SUDARSCHEM,EQ,,,,,SUDARSHAN CHEMICAL INDS L,1262.20,1275.00,1235.10,1266.80,1270.00,1256.90,,1266.81,,,796088,1003837209.50,36069,F1,1,,,,,
2026-08-31,2026-08-31,CM,NSE,STK,715,INE492A01029,SUDARCOLOR,EQ,,,,,SUDARSHAN COLORNT IND LTD,399.00,399.00,380.00,385.25,390.00,390.35,,385.24,,,9327,3614335.95,322,F1,1,,,,,
2026-08-31,2026-08-31,CM,NSE,STK,760039,INE0QPI01025,SUDEEPPHRM,EQ,,,,,SUDEEP PHARMA LIMITED,1179.00,1209.70,1143.65,1209.70,1209.70,1152.10,,1209.96,,,329218,390731606.55,17115,F1,1,,,,,
2026-08-31,2026-08-31,CM,NSE,STK,11804,INE450E01029,SUKHJITS,EQ,,,,,SUKHJIT STARCH & CHEM LTD,159.79,161.78,157.22,158.74,159.00,159.00,,158.74,,,5571,885374.26,128,F1,1,,,,,
2026-08-31,2026-08-31,CM,NSE,STK,13218,INE142Q01026,SULA,EQ,,,,,SULA VINEYARDS LIMITED,147.01,150.50,146.10,147.20,147.34,147.58,,147.23,,,250997,37246703.38,4284,F1,1,,,,,
2026-08-31,2026-08-31,CM,NSE,STK,765175,INE886B01012,SUMEDHA,EQ,,,,,SUMEDHA FISCAL SERVICES L,42.00,42.00,39.08,39.50,39.50,39.27,,39.53,,,13789,544826.63,19,F1,1,,,,,
2026-08-31,2026-08-31,CM,NSE,STK,20790,INE235C01036,SUMEETINDS,EQ,,,,,SUMEET IND LIMITED,12.68,12.78,12.21,12.28,12.27,12.68,,12.28,,,1512908,18839183.01,2003,F1,1,,,,,
2026-08-31,2026-08-31,CM,NSE,STK,11140,INE748Z01013,SUMIT,EQ,,,,,SUMIT WOODS LIMITED,51.00,52.77,49.83,50.14,50.96,51.72,,50.14,,,31781,1607545.26,801,F1,1,,,,,
2026-08-31,2026-08-31,CM,NSE,STK,17105,INE258G01013,SUMICHEM,EQ,,,,,SUMITOMO CHEM INDIA LTD,517.95,523.00,513.50,517.45,523.00,517.85,,517.41,,,133240,68976044.40,6302,F1,1,,,,,
2026-08-31,2026-08-31,CM,NSE,STK,21275,INE519C01017,SUMMITSEC,EQ,,,,,SUMMIT SECURITIES LTD,1438.50,1447.80,1399.80,1426.70,1421.80,1421.00,,1426.49,,,4680,6624033.30,520,F1,1,,,,,
2026-08-31,2026-08-31,CM,NSE,STK,14788,INE232I01014,SPARC,EQ,,,,,SUN PHARMA ADV.RES.CO.LTD,207.00,207.00,195.01,199.33,198.58,207.71,,199.35,,,2212493,440988525.10,31071,F1,1,,,,,
2026-08-31,2026-08-31,CM,NSE,STK,3351,INE044A01036,SUNPHARMA,EQ,,,,,SUN PHARMACEUTICAL IND L,1917.00,1984.80,1905.00,1984.80,1984.80,1920.00,,1984.48,,,2413221,4700094009.50,55998,F1,1,,,,,
2026-08-31,2026-08-31,CM,NSE,STK,13404,INE424H01027,SUNTV,EQ,,,,,SUN TV NETWORK LIMITED,473.80,476.30,458.60,466.15,466.00,474.50,,466.14,,,862089,400992121.40,50585,F1,1,,,,,
2026-08-31,2026-08-31,CM,NSE,STK,20956,INE0Q3R01026,SUNCLAY,EQ,,,,,SUNDARAM CLAYTON LIMITED,1260.10,1350.00,1248.00,1305.60,1293.00,1280.50,,1305.00,,,24505,31751568.40,2444,F1,1,,,,,
2026-08-31,2026-08-31,CM,NSE,STK,3339,INE660A01013,SUNDARMFIN,EQ,,,,,SUNDARAM FINANCE LTD,4574.40,4579.00,4502.10,4540.00,4570.00,4574.40,,4539.99,,,232053,1052551088.20,33575,F1,1,,,,,
2026-08-31,2026-08-31,CM,NSE,STK,18931,INE108E01023,SUNDARAM,EQ,,,,,SUNDARAM MULTI PAP LTD,1.28,1.28,1.24,1.25,1.26,1.27,,1.26,,,399498,502318.53,343,F1,1,,,,,
2026-08-31,2026-08-31,CM,NSE,STK,9848,INE073D01013,SUNDRMBRAK,BE,,,,,SUNDARAMBRAKE LININGS LTD,762.20,780.45,762.20,770.45,770.00,780.45,,769.76,,,542,417972.45,31,F1,1,,,,,
2026-08-31,2026-08-31,CM,NSE,STK,3345,INE387A01021,SUNDRMFAST,EQ,,,,,SUNDRAM FASTENERS LTD,1200.00,1213.90,1188.00,1203.90,1198.00,1200.00,,1203.96,,,194540,234287842.25,20910,F1,1,,,,,
2026-08-31,2026-08-31,CM,NSE,STK,761202,INE0CTB01014,SOCL,SM,,,,,SUNDREX OIL COMPANY LTD,29.00,29.00,29.00,29.00,29.00,29.80,,29.00,,,6400,185600.00,4,F1,1600,,,,,
2026-08-31,2026-08-31,CM,NSE,STK,1663,INE209A01019,SUNDROP,EQ,,,,,SUNDROP BRANDS LIMITED,653.00,670.00,648.00,660.10,657.00,652.70,,660.10,,,15620,10302219.65,574,F1,1,,,,,
2026-08-31,2026-08-31,CM,NSE,STK,3348,INE947A01014,SUNFLAG,EQ,,,,,SUNFLAG IRON AND STEEL CO,350.00,350.50,339.10,340.30,339.25,348.25,,340.29,,,137980,47341207.05,3008,F1,1,,,,,
2026-08-31,2026-08-31,CM,NSE,STK,18264,INE0O3O01017,SEL,SM,,,,,SUNGARNER ENERGIES LTD,310.35,318.00,294.85,308.40,318.00,310.35,,308.40,,,5400,1628430.00,27,F1,200,,,,,
2026-08-31,2026-08-31,CM,NSE,STK,765180,INE671C01016,SUNLOC,EQ,,,,,SUNIL HEALTHCARE LTD.,80.00,81.00,75.94,80.76,81.00,75.93,,80.71,,,4507,357446.57,114,F1,1,,,,,
2026-08-31,2026-08-31,CM,NSE,STK,24868,INE0U2N01013,SUNLITE,SM,,,,,SUNLITE RECYCLING IND LTD,546.00,550.00,528.00,546.10,544.05,534.35,,546.10,,,49800,26837250.00,140,F1,300,,,,,
2026-08-31,2026-08-31,CM,NSE,STK,764925,INE671K01027,SUNRAKSHAK,EQ,,,,,SUNRAKSHAKK INDUS IND L,372.50,374.00,365.00,367.70,368.00,373.00,,367.60,,,5767,2125157.70,165,F1,1,,,,,
2026-08-31,2026-08-31,CM,NSE,STK,764930,INE199E01014,SUNSHIEL,EQ,,,,,SUNSHIELD CHEMICALS LTD.,1182.00,1200.00,1130.00,1148.80,1155.00,1179.40,,1148.02,,,3753,4322677.90,343,F1,1,,,,,
2026-08-31,2026-08-31,CM,NSE,STK,765387,INE1B3O01011,SUNSHINE,EQ,,,,,SUNSHINE PICTURES LIMITED,440.95,467.95,428.80,455.75,452.30,429.75,,455.77,,,7625144,3414538789.15,102696,F1,1,,,,,
2026-08-31,2026-08-31,CM,NSE,STK,757763,INE0SGZ01016,SUNTECH,SM,,,,,SUNTECH INFRA SOLUTIONS L,52.75,52.75,47.50,47.90,47.50,52.75,,47.90,,,59200,2937360.00,27,F1,1600,,,,,
2026-08-31,2026-08-31,CM,NSE,STK,17641,INE805D01034,SUNTECK,EQ,,,,,SUNTECK REALTY LIMITED,306.00,306.00,300.45,302.75,303.80,306.00,,302.76,,,74196,22423126.05,1933,F1,1,,,,,
2026-08-31,2026-08-31,CM,NSE,STK,8931,INE662A01027,SUPERSPIN,BE,,,,,SUPER SPINNING MILLS LTD,6.42,6.42,6.09,6.42,6.42,6.12,,6.42,,,93202,596519.98,84,F1,1,,,,,
2026-08-31,2026-08-31,CM,NSE,STK,764938,INE460D01038,SUPTANERY,BE,,,,,SUPER TANNERY LTD.,14.71,14.71,14.71,14.71,14.71,14.01,,14.93,,,90405,1329857.55,241,F1,1,,,,,
2026-08-31,2026-08-31,CM,NSE,STK,20616,INE712B01010,SUPERHOUSE,EQ,,,,,SUPERHOUSE LIMITED,175.57,175.57,166.25,170.60,171.99,175.57,,170.60,,,6452,1098741.42,167,F1,1,,,,,
2026-08-31,2026-08-31,CM,NSE,STK,3147,INE843L01012,SIEL,EQ,,,,,SUPERIOR INDUSTRIAL ENT L,32.78,32.78,31.15,32.31,32.31,32.78,,33.80,,,2373,74645.18,31,F1,1,,,,,
2026-08-31,2026-08-31,CM,NSE,STK,11689,INE399C01030,SUPRAJIT,EQ,,,,,SUPRAJIT ENGINEERING LTD,503.00,509.65,499.60,503.50,509.65,505.25,,503.50,,,57697,29138375.80,3762,F1,1,,,,,
2026-08-31,2026-08-31,CM,NSE,STK,758997,INE319Z01021,SUPREMEENG,BZ,,,,,SUPREME ENGINEERING LTD,2.83,2.83,2.83,2.83,2.83,2.78,,2.83,,,213872,605257.76,88,F1,1,,,,,
2026-08-31,2026-08-31,CM,NSE,STK,29439,INE822E01011,SUPREME,EQ,,,,,SUPREME HOLDIN N HOSP I L,38.78,38.81,37.55,37.84,37.80,38.78,,37.84,,,25439,967338.98,265,F1,1,,,,,
2026-08-31,2026-08-31,CM,NSE,STK,3363,INE195A01028,SUPREMEIND,EQ,,,,,SUPREME INDUSTRIES LTD,3621.50,3681.00,3559.00,3559.00,3559.00,3636.90,,3559.00,,,580445,2077984090.70,20978,F1,1,,,,,
2026-08-31,2026-08-31,CM,NSE,STK,15002,INE550H01011,SUPREMEINF,EQ,,,,,SUPREME INFRA. LTD.,83.25,86.60,83.25,83.78,83.85,83.25,,83.78,,,37665,3206656.54,843,F1,1,,,,,
2026-08-31,2026-08-31,CM,NSE,STK,9617,INE663A01033,SPLPETRO,EQ,,,,,SUPREME PETROCHEM LIMITED,701.00,743.50,700.25,729.05,725.15,700.85,,729.05,,,1221778,895176273.50,47012,F1,1,,,,,
2026-08-31,2026-08-31,CM,NSE,STK,21067,INE0QHG01026,SUPREMEPWR,SM,,,,,SUPREME POWER EQUIPMENT L,226.00,228.75,222.35,223.20,222.80,226.20,,223.20,,,35500,8018975.00,65,F1,500,,,,,
2026-08-31,2026-08-31,CM,NSE,STK,7390,INE07RO01027,SUPRIYA,EQ,,,,,SUPRIYA LIFESCIENCE LTD,811.00,811.00,783.10,798.30,799.95,804.15,,798.33,,,178015,142057617.85,12920,F1,1,,,,,
2026-08-31,2026-08-31,CM,NSE,STK,20822,INE843S01025,SURAJEST,EQ,,,,,SURAJ ESTATE DEVELOPERS L,198.68,198.69,190.29,191.01,191.00,198.68,,191.01,,,160144,30889024.52,1312,F1,1,,,,,
2026-08-31,2026-08-31,CM,NSE,STK,24966,INE713C01016,SURAJLTD,EQ,,,,,SURAJ LIMITED,210.00,210.00,201.01,202.07,202.50,209.89,,202.07,,,853,175215.37,44,F1,1,,,,,
2026-08-31,2026-08-31,CM,NSE,STK,27334,INE877V01027,SURAKSHA,EQ,,,,,SURAKSHA DIAGNOSTIC LTD,341.00,348.95,335.45,338.55,341.00,340.20,,338.54,,,138365,47265923.25,6253,F1,1,,,,,
2026-08-31,2026-08-31,CM,NSE,STK,21077,INE272L01022,SURANASOL,EQ,,,,,SURANA SOLAR LIMITED,25.85,27.05,25.45,26.85,26.60,25.75,,26.83,,,84858,2238732.89,649,F1,1,,,,,
2026-08-31,2026-08-31,CM,NSE,STK,10700,INE130B01031,SURANAT&P,EQ,,,,,SURANA TELECOM AND POW LT,16.47,16.47,16.11,16.36,16.46,16.47,,16.36,,,65334,1064120.68,410,F1,1,,,,,
2026-08-31,2026-08-31,CM,NSE,STK,8513,INE01ZJ01015,SURANI,SM,,,,,SURANI STEEL TUBES LTD.,100.00,100.75,97.00,97.00,97.00,96.95,,97.00,,,3400,336180.00,10,F1,200,,,,,
2026-08-31,2026-08-31,CM,NSE,STK,14139,INE05ST01028,SBGLP,EQ,,,,,SURATWWALA BUS GROUP LTD,24.03,25.63,23.15,24.16,24.18,24.63,,24.16,,,17199,416793.93,147,F1,1,,,,,
2026-08-31,2026-08-31,CM,NSE,STK,3375,INE335A01020,SURYAROSNI,EQ,,,,,SURYA ROSHNI LTD,220.46,221.99,218.00,219.71,219.99,220.46,,219.71,,,217239,47670025.11,5511,F1,1,,,,,
2026-08-31,2026-08-31,CM,NSE,STK,11852,INE713B01026,SURYALAXMI,EQ,,,,,SURYALAKSHMI COT MIL LTD,57.00,61.30,57.00,60.16,59.51,58.05,,60.05,,,13957,834081.48,169,F1,1,,,,,
2026-08-31,2026-08-31,CM,NSE,STK,762924,INE132C01027,SURYALA,EQ,,,,,SURYALATA SPINNING MILL L,378.50,378.50,376.15,378.00,378.00,378.60,,378.00,,,281,106221.15,8,F1,1,,,,,
2026-08-31,2026-08-31,CM,NSE,STK,2970,INE428Q01011,SURYODAY,EQ,,,,,SURYODAY SMALL FIN BK LTD,154.25,157.49,153.00,154.69,154.35,154.26,,154.69,,,391182,60660985.13,8327,F1,1,,,,,
2026-08-31,2026-08-31,CM,NSE,STK,13804,INE645H01027,SUTLEJTEX,BE,,,,,SUTLEJ TEXT & INDUS LTD,38.51,40.25,38.16,40.07,40.25,39.30,,40.07,,,19342,752920.51,108,F1,1,,,,,
2026-08-31,2026-08-31,CM,NSE,STK,11233,INE495B01038,SUVEN,EQ,,,,,SUVEN LIFE SCIENCES LTD,365.50,395.00,363.15,392.05,392.00,364.95,,392.07,,,1703616,651439576.15,37032,F1,1,,,,,
2026-08-31,2026-08-31,CM,NSE,STK,2998,INE018401013,SUVIDHAA,EQ,,,,,SUVIDHAA INFOSERVE LTD,2.40,2.40,2.18,2.19,2.18,2.29,,2.19,,,164440,362527.25,294,F1,1,,,,,
2026-08-31,2026-08-31,CM,NSE,STK,24851,INE442P01014,SUYOG,EQ,,,,,SUYOG TELEMATICS LIMITED,745.30,753.65,732.90,740.75,732.90,745.30,,740.72,,,18146,13429549.60,991,F1,1,,,,,
2026-08-31,2026-08-31,CM,NSE,STK,12018,INE040H01021,SUZLON,EQ,,,,,SUZLON ENERGY LIMITED,46.79,47.52,45.92,47.52,47.52,46.79,,47.52,,,59911853,2787053394.05,106365,F1,1,,,,,
2026-08-31,2026-08-31,CM,NSE,STK,5020,INE308E01029,SVPGLOB,EQ,,,,,SVP GLOBAL TEXTILES LTD,3.75,3.86,3.60,3.62,3.61,3.73,,3.62,,,55484,207458.67,111,F1,1,,,,,
2026-08-31,2026-08-31,CM,NSE,STK,27095,INE665A01038,SWANCORP,EQ,,,,,SWAN CORP LIMITED,298.15,299.30,290.15,293.30,291.00,298.15,,293.30,,,755979,222762925.50,12533,F1,1,,,,,
2026-08-31,2026-08-31,CM,NSE,STK,29164,INE542F01020,SWANDEF,BE,,,,,SWAN DEFENCE N HEVY IND L,2455.10,2475.00,2401.00,2448.00,2449.00,2455.10,,2446.26,,,6341,15432403.00,543,F1,1,,,,,
2026-08-31,2026-08-31,CM,NSE,STK,3384,INE277A01016,SWARAJENG,EQ,,,,,SWARAJ ENGINES LTD,3545.00,3624.90,3532.10,3569.30,3570.00,3544.80,,3569.80,,,16022,57448500.70,2983,F1,1,,,,,
2026-08-31,2026-08-31,CM,NSE,STK,764496,INE0GMR01016,SWARAJ,BE,,,,,SWARAJ SUITING LIMITED,366.40,373.95,360.10,363.50,360.10,366.40,,365.09,,,82415,30200397.10,329,F1,1,,,,,
2026-08-31,2026-08-31,CM,NSE,STK,765185,INE967A01012,SWARNSAR,EQ,,,,,SWARNSARITA JEWELS IND L,35.95,36.00,33.85,35.35,34.26,34.41,,35.29,,,18810,650156.14,37,F1,1,,,,,
2026-08-31,2026-08-31,CM,NSE,STK,11497,INE0DGC01025,SWASTIK,ST,,,,,SWASTIK PIPE LIMITED,21.00,21.00,21.00,21.00,21.00,20.90,,21.00,,,2400,50400.00,2,F1,1200,,,,,
2026-08-31,2026-08-31,CM,NSE,STK,11909,INE409B01013,SWELECTES,EQ,,,,,SWELECT ENERGY SYS LTD,588.00,604.40,585.85,588.50,586.00,589.90,,588.56,,,16197,9639033.65,1425,F1,1,,,,,
2026-08-31,2026-08-31,CM,NSE,STK,27066,INE00H001014,SWIGGY,EQ,,,,,SWIGGY LIMITED,280.95,281.90,276.15,281.90,281.90,280.50,,281.90,,,16143985,4513312834.50,103694,F1,1,,,,,
2026-08-31,2026-08-31,CM,NSE,STK,765190,INE010C01025,SWISSMLTRY,EQ,,,,,SWISS MILITARY CON GOOD L,17.10,17.10,16.25,16.28,16.44,16.96,,16.29,,,98302,1624492.17,379,F1,1,,,,,
2026-08-31,2026-08-31,CM,NSE,STK,24267,INE01IH01015,SYLVANPLY,SM,,,,,SYLVAN PLYBOARD (INDIA) L,57.00,57.00,55.80,55.80,55.80,58.70,,55.80,,,4000,225600.00,2,F1,2000,,,,,
2026-08-31,2026-08-31,CM,NSE,STK,24190,INE225D01027,SYMPHONY,EQ,,,,,SYMPHONY LIMITED,592.00,594.40,584.00,586.45,585.80,591.15,,586.45,,,50055,29417164.30,3340,F1,1,,,,,
2026-08-31,2026-08-31,CM,NSE,STK,11992,INE312C01025,SYNCOMF,EQ,,,,,SYNCOM FORMU (I) LTD,19.58,19.95,19.16,19.49,19.50,19.46,,19.49,,,16267062,318745497.30,42798,F1,1,,,,,
2026-08-31,2026-08-31,CM,NSE,STK,5114,INE00QT01015,SGIL,EQ,,,,,SYNERGY GREEN IND. LTD,621.00,621.00,577.55,603.00,602.00,607.70,,603.11,,,5022,3029663.05,250,F1,1,,,,,
2026-08-31,2026-08-31,CM,NSE,STK,10243,INE398R01022,SYNGENE,EQ,,,,,SYNGENE INTERNATIONAL LTD,406.50,407.70,398.80,400.75,400.45,403.40,,400.76,,,493962,199027754.30,23253,F1,1,,,,,
2026-08-31,2026-08-31,CM,NSE,STK,17206,INE0BTR01012,SYNOPTICS,ST,,,,,SYNOPTICS TECHNOLOGIES L,55.05,55.05,54.75,54.75,54.75,57.60,,54.75,,,1800,98880.00,3,F1,600,,,,,
2026-08-31,2026-08-31,CM,NSE,STK,10793,INE0DYJ01015,SYRMA,EQ,,,,,SYRMA SGS TECHNOLOGY LTD,1474.30,1474.30,1392.60,1437.00,1445.00,1474.30,,1437.01,,,1596920,2274649408.20,77943,F1,1,,,,,
2026-08-31,2026-08-31,CM,NSE,STK,14506,INE0O7R01011,SYSTANGO,SM,,,,,SYSTANGO TECHNOLOGIES LTD,236.95,236.95,222.30,223.15,224.70,233.90,,223.15,,,27600,6277960.00,66,F1,400,,,,,
2026-08-31,2026-08-31,CM,NSE,STK,759358,INE356B01024,SYSTMTXC,BE,,,,,SYSTEMATIX CORP SERVICE L,58.78,58.78,57.15,57.90,57.90,57.12,,57.90,,,9344,542042.56,73,F1,1,,,,,
2026-08-31,2026-08-31,CM,NSE,STK,764955,INE284B01028,TGVSL,EQ,,,,,T G V SRAAC LTD.,105.24,106.02,103.24,104.40,104.06,105.24,,104.40,,,91107,9519876.21,952,F1,1,,,,,
2026-08-31,2026-08-31,CM,NSE,STK,14314,INE592B01024,TTL,EQ,,,,,T T LIMITED,6.50,6.88,6.49,6.64,6.70,6.66,,6.64,,,245577,1617266.33,306,F1,1,,,,,
2026-08-31,2026-08-31,CM,NSE,STK,762929,INE524T01011,TAALTECH,EQ,,,,,TAAL TECH LTD.,4592.00,4592.00,4495.00,4518.80,4520.00,4562.00,,4518.30,,,3895,17705315.90,497,F1,1,,,,,
2026-08-31,2026-08-31,CM,NSE,STK,23441,INE0SOY01013,TAC,ST,,,,,TAC INFOSEC LIMITED,426.45,426.45,413.20,416.65,416.50,423.20,,416.65,,,28000,11699280.00,104,F1,200,,,,,
2026-08-31,2026-08-31,CM,NSE,STK,3396,INE123C01018,TAINWALCHM,EQ,,,,,TAINWALA CHEMICAL AND PLA,215.70,215.70,209.00,209.94,209.15,213.00,,209.94,,,914,192237.08,37,F1,1,,,,,
2026-08-31,2026-08-31,CM,NSE,STK,9354,INE586B01026,TAJGVK,EQ,,,,,TAJ GVK HOTELS & RESORTS,341.10,341.10,334.00,335.65,334.55,340.00,,335.64,,,50366,16971981.20,2426,F1,1,,,,,
2026-08-31,2026-08-31,CM,NSE,STK,14917,INE142I01023,TAKE,EQ,,,,,TAKE LIMITED,15.34,15.34,15.34,15.34,15.34,16.14,,15.34,,,56992,874257.28,295,F1,1,,,,,
2026-08-31,2026-08-31,CM,NSE,STK,13648,INE187D01029,TALBROAUTO,EQ,,,,,TALBROS AUTO. COMP. LTD,400.00,414.00,394.50,411.40,412.00,401.35,,411.39,,,170040,68996370.05,4816,F1,1,,,,,
2026-08-31,2026-08-31,CM,NSE,STK,762937,INE864J01012,TAMBOLIIN,BE,,,,,TAMBOLI INDUSTRIES LTD.,264.62,264.62,251.15,255.00,255.00,259.43,,255.93,,,4129,1046845.05,28,F1,1,,,,,
2026-08-31,2026-08-31,CM,NSE,STK,10945,INE668A01016,TMB,EQ,,,,,TAMILNAD MERCA BANK LTD,886.05,941.85,878.95,932.60,929.00,886.05,,932.60,,,776594,718112600.40,29189,F1,1,,,,,
2026-08-31,2026-08-31,CM,NSE,STK,3980,INE107A01015,TNPL,EQ,,,,,TAMILNADU NEWSPRT & PAPER,141.26,141.76,140.06,140.88,141.25,141.22,,140.86,,,57978,8165936.23,1401,F1,1,,,,,
2026-08-31,2026-08-31,CM,NSE,STK,3509,INE148A01019,TNPETRO,EQ,,,,,TAMILNADU PETROPRODUCTS L,112.02,127.80,111.70,120.77,120.20,111.37,,120.76,,,21800591,2666171659.54,159994,F1,1,,,,,
2026-08-31,2026-08-31,CM,NSE,STK,3512,INE141D01018,TNTELE,EQ,,,,,TAMILNADU TELECOMMUNICATI,9.09,9.09,8.80,8.91,9.00,8.95,,8.92,,,32755,293487.89,222,F1,1,,,,,
2026-08-31,2026-08-31,CM,NSE,STK,764945,INE692C01020,TANAA,EQ,,,,,TANEJA AEROSPACE & AVIA L,293.10,296.80,288.55,289.95,289.80,293.05,,289.97,,,9888,2877343.50,362,F1,1,,,,,
2026-08-31,2026-08-31,CM,NSE,STK,756338,INE0Z7N01017,TANKUP,ST,,,,,TANKUP ENGINEERS LIMITED,1330.00,1433.25,1320.00,1430.30,1433.25,1365.00,,1430.30,,,24000,32435462.50,23,F1,250,,,,,
2026-08-31,2026-08-31,CM,NSE,STK,13976,INE483C01032,TANLA,EQ,,,,,TANLA PLATFORMS LIMITED,543.00,543.00,528.00,530.15,531.90,544.25,,530.14,,,399862,212430052.85,11572,F1,1,,,,,
2026-08-31,2026-08-31,CM,NSE,STK,10986,INE0M7001010,TAPIFRUIT,SM,,,,,TAPI FRUIT PROCESSING LTD,49.00,49.00,49.00,49.00,49.00,51.00,,49.00,,,1500,73500.00,2,F1,750,,,,,
2026-08-31,2026-08-31,CM,NSE,STK,23512,INE555Z01020,TARACHAND,EQ,,,,,TARA CHAND INFRA SOLN LTD,48.00,48.41,47.50,47.88,47.74,48.22,,47.88,,,75871,3630529.52,2018,F1,1,,,,,
2026-08-31,2026-08-31,CM,NSE,STK,18827,INE747K01017,TARAPUR,EQ,,,,,TARAPUR TRANSFORMERS LTD,14.43,15.18,12.99,13.40,13.95,14.43,,13.43,,,55683,775715.18,276,F1,1,,,,,
2026-08-31,2026-08-31,CM,NSE,STK,1581,INE0EK901012,TARC,EQ,,,,,TARC LIMITED,120.90,120.90,116.57,118.44,118.98,117.90,,118.43,,,334660,39416999.60,4255,F1,1,,,,,
2026-08-31,2026-08-31,CM,NSE,STK,14771,INE924H01018,TARMAT,EQ,,,,,TARMAT LIMITED,58.37,62.31,57.65,61.35,61.28,58.37,,61.35,,,63133,3856275.80,623,F1,1,,,,,
2026-08-31,2026-08-31,CM,NSE,STK,6943,INE144Z01023,TARSONS,EQ,,,,,TARSONS PRODUCTS LIMITED,330.00,335.00,323.60,331.65,330.60,332.25,,331.62,,,67668,22280485.75,2863,F1,1,,,,,
2026-08-31,2026-08-31,CM,NSE,STK,20092,INE488B01017,TASTYBITE,EQ,,,,,TASTY BITE EATABLES LTD,10071.50,10199.00,9950.00,10139.00,10198.00,10073.00,,10139.11,,,3378,34077875.50,949,F1,1,,,,,
2026-08-31,2026-08-31,CM,NSE,STK,759265,INE976I01016,TATACAP,EQ,,,,,TATA CAPITAL LIMITED,371.00,373.60,366.60,367.90,368.00,375.70,,367.90,,,545009,201164036.10,15888,F1,1,,,,,
2026-08-31,2026-08-31,CM,NSE,STK,3405,INE092A01019,TATACHEM,EQ,,,,,TATA CHEMICALS LTD,659.00,662.00,639.50,643.00,643.50,655.75,,642.99,,,592924,383618564.45,18198,F1,1,,,,,
2026-08-31,2026-08-31,CM,NSE,STK,3721,INE151A01013,TATACOMM,EQ,,,,,TATA COMMUNICATIONS LTD,1695.00,1733.00,1690.00,1723.40,1724.10,1694.70,,1723.39,,,325333,559353440.90,26595,F1,1,,,,,
2026-08-31,2026-08-31,CM,NSE,STK,11536,INE467B01029,TCS,EQ,,,,,TATA CONSULTANCY SERV LT,2342.00,2399.30,2306.20,2399.30,2399.30,2342.00,,2398.94,,,2905846,6844516701.50,69557,F1,1,,,,,
2026-08-31,2026-08-31,CM,NSE,STK,3432,INE192A01025,TATACONSUM,EQ,,,,,TATA CONSUMER PRODUCT LTD,1036.40,1045.10,1028.00,1037.50,1037.50,1040.70,,1037.50,,,1686812,1750208905.00,46100,F1,1,,,,,
2026-08-31,2026-08-31,CM,NSE,STK,3411,INE670A01012,TATAELXSI,EQ,,,,,TATA ELXSI LIMITED,3685.00,3685.10,3578.60,3578.60,3578.60,3685.00,,3578.73,,,168290,605794256.10,17921,F1,1,,,,,
2026-08-31,2026-08-31,CM,NSE,STK,1621,INE672A01026,TATAINVEST,EQ,,,,,TATA INVESTMENT CORP LTD,639.00,651.70,635.05,642.20,646.50,638.75,,642.24,,,235239,151191719.30,14886,F1,1,,,,,
2026-08-31,2026-08-31,CM,NSE,STK,759782,INE1TAE01010,TMCV,EQ,,,,,TATA MOTORS LIMITED,466.20,474.40,459.50,471.10,470.35,466.30,,471.09,,,15309357,7186790710.35,157187,F1,1,,,,,
2026-08-31,2026-08-31,CM,NSE,STK,3456,INE155A01022,TMPV,EQ,,,,,TATA MOTORS PASS VEH LTD,318.40,318.90,308.85,308.85,308.85,319.40,,308.85,,,9986158,3127988184.90,65490,F1,1,,,,,
2026-08-31,2026-08-31,CM,NSE,STK,3426,INE245A01021,TATAPOWER,EQ,,,,,TATA POWER CO LTD,351.60,351.85,347.00,347.00,347.00,351.85,,347.00,,,6003565,2093283136.75,72081,F1,1,,,,,
2026-08-31,2026-08-31,CM,NSE,STK,3499,INE081A01020,TATASTEEL,EQ,,,,,TATA STEEL LIMITED,185.35,185.82,181.40,184.35,184.35,186.50,,184.34,,,36802869,6718626126.96,197392,F1,1,,,,,
2026-08-31,2026-08-31,CM,NSE,STK,20293,INE142M01025,TATATECH,EQ,,,,,TATA TECHNOLOGIES LIMITED,833.00,840.00,813.00,831.05,830.50,834.35,,831.04,,,1402484,1158905444.00,45626,F1,1,,,,,
2026-08-31,2026-08-31,CM,NSE,STK,8954,INE517B01013,TTML,EQ,,,,,TATA TELESERV(MAHARASTRA),39.00,39.10,37.82,38.58,38.80,38.84,,38.58,,,3058020,116991029.74,12165,F1,1,,,,,
2026-08-31,2026-08-31,CM,NSE,STK,7838,INF277K015R5,NETF,EQ,,,,,TATAAML - NETF,262.19,263.50,260.00,262.25,263.00,262.19,,262.25,,,1254,328574.96,211,F1,1,,,,,
2026-08-31,2026-08-31,CM,NSE,STK,12978,INF277K010X4,NPBET,EQ,,,,,TATAAML - NPBET,287.90,294.65,285.75,286.73,285.75,287.90,,286.73,,,1046,303285.87,50,F1,1,,,,,
2026-08-31,2026-08-31,CM,NSE,STK,8882,INF277KA1364,TNIDETF,EQ,,,,,TATAAML - TNIDETF,91.64,91.77,91.00,91.30,91.20,91.78,,91.30,,,239956,21930681.94,579,F1,1,,,,,
2026-08-31,2026-08-31,CM,NSE,STK,21401,INF277KA1976,TATAGOLD,EQ,,,,,TATAAML-TATAGOLD,15.36,15.36,14.72,14.96,14.99,15.36,,14.96,,,71879880,1073099929.27,110171,F1,1,,,,,
2026-08-31,2026-08-31,CM,NSE,STK,21428,INF277KA1984,TATSILV,EQ,,,,,TATAAML-TATSILV,23.18,23.18,22.23,22.62,22.66,23.37,,22.62,,,55567507,1251057157.91,72510,F1,1,,,,,
2026-08-31,2026-08-31,CM,NSE,STK,5162,INE0GK401011,TATVA,EQ,,,,,TATVA CHIN PHARM CHEM LTD,1633.90,1650.00,1611.00,1626.70,1638.70,1630.00,,1626.70,,,32839,53373872.20,3741,F1,1,,,,,
2026-08-31,2026-08-31,CM,NSE,STK,759759,INE0XWS01018,TAURIAN,ST,,,,,TAURIAN MPS LIMITED,508.00,508.00,492.10,499.90,499.90,518.00,,499.90,,,25600,12663880.00,31,F1,800,,,,,
2026-08-31,2026-08-31,CM,NSE,STK,11754,INE053F07835,753IRFC30,NJ,,,,,TAX FREE  7.53% SR. 103 A,1133.15,1135.00,1132.00,1133.26,1133.26,1133.15,,1133.26,,,857,972345.92,12,F1,1,,,,,
2026-08-31,2026-08-31,CM,NSE,STK,15168,INE053F07900,764IRFC31,NO,,,,,TAX FREE  7.64% SR. 108A,1143.16,1148.00,1142.50,1148.00,1148.00,1148.90,,1146.50,,,414,473225.53,7,F1,1,,,,,
2026-08-31,2026-08-31,CM,NSE,STK,14529,INE906B07EP5,769NHAI31,NE,,,,,TAX FREE 7.69% SR. IIB,1148.50,1149.00,1148.50,1149.00,1149.00,1148.11,,1149.00,,,25,28720.00,2,F1,1,,,,,
2026-08-31,2026-08-31,CM,NSE,STK,11954,INE906B07EI0,735NHAI31,N9,,,,,TAX FREE7.35% SR.IIA,1107.30,1107.30,1107.30,1107.30,1107.30,1106.00,,1107.30,,,3613,4000674.90,1,F1,1,,,,,
2026-08-31,2026-08-31,CM,NSE,STK,11757,INE053F07843,750IRFC35,NK,,,,,TAX FREE7.50% SR.104 A,1233.99,1233.99,1233.00,1233.00,1233.00,1220.54,,1233.00,,,70,86329.80,2,F1,1,,,,,
2026-08-31,2026-08-31,CM,NSE,STK,12003,INE906B07EJ8,76NHAI31,NA,,,,,TAX FREE7.60% SR.IIB,1116.10,1116.10,1110.01,1111.97,1110.01,1117.90,,1111.85,,,754,839220.09,25,F1,1,,,,,
2026-08-31,2026-08-31,CM,NSE,STK,29111,INE020B07GX4,738REC27TF,N2,,,,,TAXFREE SEC NCD TR1 S2,1070.82,1070.82,1070.82,1070.82,1070.82,1070.03,,1071.85,,,500,535410.00,2,F1,1,,,,,
2026-08-31,2026-08-31,CM,NSE,STK,24019,INE0N2D01013,TBI,SM,,,,,TBI CORN LIMITED,72.00,73.00,67.50,70.35,70.50,70.70,,70.35,,,71400,5075010.00,92,F1,600,,,,,
2026-08-31,2026-08-31,CM,NSE,STK,23740,INE673O01025,TBOTEK,EQ,,,,,TBO TEK LIMITED,1677.70,1750.00,1651.50,1745.10,1735.00,1682.70,,1745.10,,,454414,784649353.10,44622,F1,1,,,,,
2026-08-31,2026-08-31,CM,NSE,STK,761814,INE887D01016,TCC,EQ,,,,,TCC CONCEPT LIMITED,225.35,229.30,219.15,225.15,225.30,223.25,,225.53,,,255986,57473957.85,3133,F1,1,,,,,
2026-08-31,2026-08-31,CM,NSE,STK,19223,INE586V01016,TCIEXP,EQ,,,,,TCI EXPRESS LIMITED,555.80,555.80,543.60,547.55,549.50,555.80,,547.54,,,15736,8620711.75,803,F1,1,,,,,
2026-08-31,2026-08-31,CM,NSE,STK,8722,INE911B01018,TCIFINANCE,BE,,,,,TCIFINANCELTD-ROLL SETT,15.00,15.89,14.84,15.25,15.25,15.23,,15.22,,,8728,134288.70,71,F1,1,,,,,
2026-08-31,2026-08-31,CM,NSE,STK,184,INE822C01015,TCPLPACK,EQ,,,,,TCPL PACKAGING LIMITED,3825.50,4043.80,3792.40,3908.10,3943.00,3821.70,,3907.99,,,17193,67320500.20,4308,F1,1,,,,,
2026-08-31,2026-08-31,CM,NSE,STK,25178,INE419M01035,TDPOWERSYS,EQ,,,,,TD POWER SYSTEMS LTD.,760.00,792.40,751.40,777.00,778.40,752.70,,776.99,,,3155375,2447449594.90,80648,F1,1,,,,,
2026-08-31,2026-08-31,CM,NSE,STK,10717,INE289C01025,TEAMGTY,EQ,,,,,TEAM INDIA GUARANTY LTD,235.00,249.50,235.00,242.06,243.00,240.33,,242.08,,,577,137927.61,49,F1,1,,,,,
2026-08-31,2026-08-31,CM,NSE,STK,12716,INE985S01024,TEAMLEASE,EQ,,,,,TEAMLEASE SERVICES LTD.,1280.60,1299.00,1258.70,1283.50,1280.00,1272.70,,1283.51,,,16899,21677759.20,2675,F1,1,,,,,
2026-08-31,2026-08-31,CM,NSE,STK,17000,INE065J01024,TPHQ,BE,,,,,TEAMO PRODUCTIONS HQ LTD,0.53,0.55,0.51,0.55,0.55,0.53,,0.55,,,1040886,549457.59,416,F1,1,,,,,
2026-08-31,2026-08-31,CM,NSE,STK,763571,INE2OL601013,TEAMTECH,ST,,,,,TEAMTECH FORMWORK SOL LTD,141.00,141.00,140.00,141.00,141.00,140.00,,141.00,,,36000,5072000.00,7,F1,2000,,,,,
2026-08-31,2026-08-31,CM,NSE,STK,13538,INE669C01036,TECHM,EQ,,,,,TECH MAHINDRA LIMITED,1640.00,1640.90,1609.10,1628.00,1628.00,1640.90,,1628.00,,,2975369,4829894367.30,68160,F1,1,,,,,
2026-08-31,2026-08-31,CM,NSE,STK,759138,INE0Y5H01014,TECHD,SM,,,,,TECHD CYBERSECURITY LTD,570.00,574.90,526.00,547.45,549.90,560.00,,547.45,,,24900,13703865.00,76,F1,300,,,,,
2026-08-31,2026-08-31,CM,NSE,STK,25652,INE0JQS01019,TECHERA,SM,,,,,TECHERA ENGINEER (IND) L,168.45,170.00,165.50,168.90,169.95,169.10,,168.90,,,33600,5651000.00,39,F1,800,,,,,
2026-08-31,2026-08-31,CM,NSE,STK,6445,INE285K01026,TECHNOE,EQ,,,,,TECHNO ELEC & ENG CO. LTD,1030.65,1031.00,978.00,982.05,984.25,1025.50,,982.08,,,219040,217410388.40,19374,F1,1,,,,,
2026-08-31,2026-08-31,CM,NSE,STK,14223,INE545H01011,TIIL,EQ,,,,,TECHNOCRAFT IND LTD,3303.90,3386.80,3271.00,3281.50,3271.50,3292.60,,3281.88,,,38183,126687987.60,7887,F1,1,,,,,
2026-08-31,2026-08-31,CM,NSE,STK,764532,INE1D0W01018,TECHNOCRAF,EQ,,,,,TECHNOCRAFT VENTURES LTD,375.68,377.80,361.45,369.12,370.00,373.83,,369.02,,,972438,359456176.05,18181,F1,1,,,,,
2026-08-31,2026-08-31,CM,NSE,STK,762939,INE314H01012,TECHNVISN,EQ,,,,,TECHNVISION VENTURES LTD.,5300.60,5550.00,5105.10,5249.60,5250.00,5373.70,,5248.65,,,521,2757352.30,182,F1,1,,,,,
2026-08-31,2026-08-31,CM,NSE,STK,3453,INE014B01011,TECILCHEM,EQ,,,,,TECIL CHEMICALS,9.62,9.98,9.10,9.43,9.41,9.58,,9.43,,,25091,241881.35,113,F1,1,,,,,
2026-08-31,2026-08-31,CM,NSE,STK,23530,INE0K6601012,TGL,ST,,,,,TEERTH GOPICON LIMITED,17.05,17.05,17.05,17.05,17.05,16.25,,17.05,,,36200,617210.00,29,F1,200,,,,,
2026-08-31,2026-08-31,CM,NSE,STK,7105,INE011K01018,TEGA,EQ,,,,,TEGA INDUSTRIES LIMITED,1658.70,1658.70,1581.00,1586.30,1583.00,1658.70,,1586.32,,,183472,294013008.30,11604,F1,1,,,,,
2026-08-31,2026-08-31,CM,NSE,STK,763825,INE0R1301019,TEJA,SM,,,,,TEJA ENGINEERING IND L,233.10,233.10,233.10,233.10,233.10,259.00,,233.10,,,1200,279720.00,2,F1,600,,,,,
2026-08-31,2026-08-31,CM,NSE,STK,29723,INE17WC01013,TEJASCARGO,SM,,,,,TEJAS CARGO INDIA LIMITED,420.00,420.00,420.00,420.00,420.00,410.00,,420.00,,,8400,3528000.00,2,F1,400,,,,,
2026-08-31,2026-08-31,CM,NSE,STK,21131,INE010J01012,TEJASNET,EQ,,,,,TEJAS NETWORKS LIMITED,550.15,566.80,539.15,559.75,559.00,550.15,,559.75,,,6707173,3741832835.10,119213,F1,1,,,,,
2026-08-31,2026-08-31,CM,NSE,STK,3275,INE869Y01028,TEMBO,EQ,,,,,TEMBO GLOBAL IND LTD,58.30,59.20,57.20,58.05,58.00,58.20,,58.05,,,1303121,76106155.45,3459,F1,1,,,,,
2026-08-31,2026-08-31,CM,NSE,STK,765426,INE1KZI01025,TEMPSENS,EQ,,,,,TEMPSENS INST (INDIA) LTD,579.00,585.00,557.10,563.60,560.00,586.65,,563.59,,,8261866,4727500156.30,166328,F1,1,,,,,
2026-08-31,2026-08-31,CM,NSE,STK,759880,INE19RI01016,TENNIND,EQ,,,,,TENNECO CLEAN AIR INDIA L,537.80,539.45,526.00,529.40,529.00,537.50,,529.40,,,1327955,704383749.35,26805,F1,1,,,,,
2026-08-31,2026-08-31,CM,NSE,STK,19292,INE482B01010,TERASOFT,EQ,,,,,TERA SOFTWARE LIMITED,296.30,303.60,283.00,287.20,288.30,297.80,,287.01,,,27513,8017520.55,1186,F1,1,,,,,
2026-08-31,2026-08-31,CM,NSE,STK,764950,INE390D01011,TERAI,EQ,,,,,TERAI TEA CO. LTD.,103.00,129.00,103.00,121.60,121.60,115.00,,122.50,,,276,34644.17,16,F1,1,,,,,
2026-08-31,2026-08-31,CM,NSE,STK,11549,INE435C01024,TEXINFRA,EQ,,,,,TEXMACO INFRA & HOLDG LTD,111.00,111.90,111.00,111.23,111.00,111.41,,111.23,,,72236,8025329.92,574,F1,1,,,,,
2026-08-31,2026-08-31,CM,NSE,STK,21828,INE621L01012,TEXRAIL,EQ,,,,,TEXMACO RAIL & ENG. LTD.,109.49,110.60,108.01,108.95,108.97,109.44,,108.95,,,1148942,125350828.36,8895,F1,1,,,,,
2026-08-31,2026-08-31,CM,NSE,STK,18214,INE141K01013,TEXMOPIPES,EQ,,,,,TEXMO PIPE & PRODUCTS LTD,46.90,47.24,45.24,45.60,45.47,46.24,,45.61,,,15433,705731.58,259,F1,1,,,,,
2026-08-31,2026-08-31,CM,NSE,STK,10744,INE733E07JT8,737NTPC35C,NA,,,,,TFB 7.37% 2035 SR. 3A,1229.00,1229.00,1229.00,1229.00,1229.00,1368.00,,1229.00,,,35,43015.00,1,F1,1,,,,,
2026-08-31,2026-08-31,CM,NSE,STK,10751,INE733E07JW2,762NTPC35F,ND,,,,,TFB 7.62% 2035 SR. 3B,1220.01,1220.01,1220.00,1220.00,1220.00,1220.15,,1220.00,,,117,142741.00,2,F1,1,,,,,
2026-08-31,2026-08-31,CM,NSE,STK,14607,INE797H01018,TGBHOTELS,EQ,,,,,TGB BANQUETS&HOTELS LTD,9.69,10.24,9.45,9.84,9.84,9.40,,9.84,,,54811,538655.66,196,F1,1,,,,,
2026-08-31,2026-08-31,CM,NSE,STK,22777,INE0QJL01014,TCL,SM,,,,,THAAI CASTING LIMITED,132.00,135.00,130.00,130.50,131.00,132.80,,130.50,,,21600,2837880.00,26,F1,800,,,,,
2026-08-31,2026-08-31,CM,NSE,STK,762947,INE077P01034,THACKER,BE,,,,,THACKER & CO. LTD.,1000.00,1000.00,990.00,990.00,990.00,999.60,,990.00,,,41,40641.00,8,F1,1,,,,,
2026-08-31,2026-08-31,CM,NSE,STK,762949,INE403F01017,THAKDEV,EQ,,,,,THAKKERS DEVELOPERS LTD.,140.65,149.97,140.65,149.97,149.97,140.65,,149.97,,,30,4405.90,2,F1,1,,,,,
2026-08-31,2026-08-31,CM,NSE,STK,18118,INE085J01014,THANGAMAYL,EQ,,,,,THANGAMAYIL JEWELLERY LTD,5430.00,5464.50,5302.50,5412.00,5416.00,5440.50,,5411.99,,,89821,483597479.00,12778,F1,1,,,,,
2026-08-31,2026-08-31,CM,NSE,STK,9014,INE294Z01018,ANUP,EQ,,,,,THE ANUP ENGINEERING LTD,1800.00,1801.90,1773.10,1793.50,1795.60,1800.50,,1793.47,,,15543,27771917.40,2780,F1,1,,,,,
2026-08-31,2026-08-31,CM,NSE,STK,7930,INE319B01014,BYKE,BE,,,,,THE BYKE HOSPITALITY LTD,31.08,32.27,30.31,32.27,32.27,30.74,,32.47,,,50534,1597489.45,172,F1,1,,,,,
2026-08-31,2026-08-31,CM,NSE,STK,13776,INE017A01032,GESHIP,EQ,,,,,THE GE SHPG.LTD,1340.00,1343.80,1294.00,1301.80,1301.40,1339.60,,1301.80,,,1373286,1794310825.10,55456,F1,1,,,,,
2026-08-31,2026-08-31,CM,NSE,STK,17770,INE646C01018,GROBTEA,EQ,,,,,THE GROB TEA COMPANY LTD,964.20,1035.00,964.20,996.65,975.45,991.60,,996.65,,,1355,1354834.90,80,F1,1,,,,,
2026-08-31,2026-08-31,CM,NSE,STK,8568,INE127B01011,HITECHGEAR,BE,,,,,THE HI-TECH GEARS LIMITED,585.00,590.50,552.10,563.60,560.00,578.35,,563.69,,,2758,1569692.65,77,F1,1,,,,,
2026-08-31,2026-08-31,CM,NSE,STK,1515,INE383A01012,INDIACEM,EQ,,,,,THE INDIA CEMENTS LIMITED,368.00,379.50,366.05,370.65,367.70,369.75,,370.64,,,424393,158501377.30,16449,F1,1,,,,,
2026-08-31,2026-08-31,CM,NSE,STK,1512,INE053A01029,INDHOTEL,EQ,,,,,THE INDIAN HOTELS CO. LTD,702.00,737.90,701.55,737.90,737.90,706.40,,737.90,,,5220998,3771182939.60,84222,F1,1,,,,,
2026-08-31,2026-08-31,CM,NSE,STK,21427,INE924D01017,THEINVEST,EQ,,,,,THE INVEST TRUST OF IND L,95.00,97.50,93.00,95.51,94.48,95.00,,95.36,,,8082,773872.77,100,F1,1,,,,,
2026-08-31,2026-08-31,CM,NSE,STK,399,INE470Y01017,NIACL,EQ,,,,,THE NEW INDIA ASSU CO LTD,186.34,199.99,186.34,191.23,191.90,186.34,,191.24,,,26274670,5152106727.09,194679,F1,1,,,,,
2026-08-31,2026-08-31,CM,NSE,STK,10321,INE431F01018,PKTEA,EQ,,,,,THE P K TEA PROD CO LTD,744.75,765.00,744.75,746.00,746.00,744.75,,746.00,,,336,254412.65,61,F1,1,,,,,
2026-08-31,2026-08-31,CM,NSE,STK,14552,INE211B01039,PHOENIXLTD,EQ,,,,,THE PHOENIX MILLS LTD,1917.00,1920.40,1875.50,1900.00,1900.00,1917.00,,1900.00,,,789449,1497185923.90,33015,F1,1,,,,,
2026-08-31,2026-08-31,CM,NSE,STK,2043,INE331A01037,RAMCOCEM,EQ,,,,,THE RAMCO CEMENTS LIMITED,899.00,899.50,877.15,879.55,880.00,895.65,,879.61,,,134238,118757519.00,13121,F1,1,,,,,
2026-08-31,2026-08-31,CM,NSE,STK,10123,INE301D01026,RUBYMILLS,BE,,,,,THE RUBY MILLS LTD,380.20,399.95,380.20,384.35,384.55,390.40,,384.40,,,4370,1719991.30,77,F1,1,,,,,
2026-08-31,2026-08-31,CM,NSE,STK,5948,INE683A01023,SOUTHBANK,EQ,,,,,THE SOUTH INDIAN BANK LTD,45.70,46.15,45.07,45.66,45.60,45.37,,45.66,,,12044453,550400555.12,29579,F1,1,,,,,
2026-08-31,2026-08-31,CM,NSE,STK,10948,INE655A01013,STCINDIA,EQ,,,,,THE STATE TRADING CORPN,117.70,117.70,116.10,116.29,116.21,116.88,,116.29,,,10845,1263053.82,286,F1,1,,,,,
2026-08-31,2026-08-31,CM,NSE,STK,19578,INE071E01023,UGARSUGAR,EQ,,,,,THE UGAR SUGAR WORKS LTD,54.19,58.00,53.25,55.59,55.49,54.13,,55.58,,,1211476,67769900.73,9552,F1,1,,,,,
2026-08-31,2026-08-31,CM,NSE,STK,20481,INE215F01023,WIPL,EQ,,,,,THE WESTERN INDIA PLY LTD,165.00,167.95,163.61,164.00,164.00,167.89,,164.00,,,43,7165.99,10,F1,1,,,,,
2026-08-31,2026-08-31,CM,NSE,STK,19279,INE121N01019,THEJO,EQ,,,,,THEJO ENGINEERING LIMITED,2075.50,2100.00,2025.00,2076.60,2100.00,2060.60,,2076.60,,,3146,6499296.80,438,F1,1,,,,,
2026-08-31,2026-08-31,CM,NSE,STK,14485,INE083B01024,THEMISMED,EQ,,,,,THEMIS MEDICARE LTD.,125.50,126.69,121.50,124.76,125.35,125.48,,124.75,,,131074,16295363.06,2299,F1,1,,,,,
2026-08-31,2026-08-31,CM,NSE,STK,3475,INE152A01029,THERMAX,EQ,,,,,THERMAX LTD,3964.00,3964.30,3875.00,3901.60,3919.50,3944.20,,3901.59,,,97468,380213653.60,19420,F1,1,,,,,
2026-08-31,2026-08-31,CM,NSE,STK,3496,INE338A01024,TIRUMALCHM,EQ,,,,,THIRUMALAI CHEMICALS LTD,163.10,166.39,159.00,160.06,159.91,160.32,,160.06,,,1243093,202060562.02,14903,F1,1,,,,,
2026-08-31,2026-08-31,CM,NSE,STK,3481,INE332A01027,THOMASCOOK,EQ,,,,,THOMAS COOK (INDIA) LTD,108.35,108.45,105.11,107.92,106.79,108.43,,107.91,,,737720,78792532.49,10537,F1,1,,,,,
2026-08-31,2026-08-31,CM,NSE,STK,31017,INE480M01011,THOMASCOTT,EQ,,,,,THOMAS SCOTT (INDIA) LTD,279.00,279.00,270.00,271.40,271.00,277.25,,271.40,,,25403,6908786.90,850,F1,1,,,,,
2026-08-31,2026-08-31,CM,NSE,STK,17032,INE594H01019,THYROCARE,EQ,,,,,THYROCARE TECH LTD,584.35,613.00,577.30,604.50,607.00,584.35,,604.35,,,647414,388286998.60,25982,F1,1,,,,,
2026-08-31,2026-08-31,CM,NSE,STK,759176,INE906O01029,TIGERLOGS,EQ,,,,,TIGER LOGISTICS (INDIA) L,28.65,29.63,28.06,28.26,28.06,29.45,,28.26,,,67699,1944108.29,545,F1,1,,,,,
2026-08-31,2026-08-31,CM,NSE,STK,25482,INE440L01017,TIJARIA,EQ,,,,,TIJARIA POLYPIPES LTD,6.48,6.48,5.67,6.21,6.23,6.02,,6.21,,,158657,964656.02,378,F1,1,,,,,
2026-08-31,2026-08-31,CM,NSE,STK,9802,INE806C01018,TIL,BE,,,,,TIL LTD,241.90,241.90,234.55,234.80,235.50,239.25,,235.59,,,47273,11184701.10,304,F1,1,,,,,
2026-08-31,2026-08-31,CM,NSE,STK,19196,INE133E01013,TI,EQ,,,,,TILAKNAGAR INDUSTRIES LTD,563.30,577.00,556.75,561.05,558.75,567.20,,561.06,,,910070,515448257.45,21684,F1,1,,,,,
2026-08-31,2026-08-31,CM,NSE,STK,14707,INE508G01029,TIMETECHNO,EQ,,,,,TIME TECHNOPLAST LTD.,185.00,189.00,183.00,187.19,188.65,186.29,,187.19,,,3297926,615397412.72,23383,F1,1,,,,,
2026-08-31,2026-08-31,CM,NSE,STK,762954,INE064A01026,TIMEX,EQ,,,,,TIMEX GROUP INDIA LTD.,659.95,687.80,646.80,679.45,678.80,653.75,,679.52,,,692144,462095133.30,28002,F1,1,,,,,
2026-08-31,2026-08-31,CM,NSE,STK,14198,INE325A01013,TIMKEN,EQ,,,,,TIMKEN INDIA LTD.,3145.90,3177.80,3118.00,3149.60,3154.00,3149.80,,3149.57,,,27757,87459324.40,9220,F1,1,,,,,
2026-08-31,2026-08-31,CM,NSE,STK,756020,INE015C01016,TINNARUBR,EQ,,,,,TINNA RUBBER AND INFR LTD,995.10,1008.80,977.50,997.10,1004.90,996.10,,997.14,,,51692,51351624.40,4470,F1,1,,,,,
2026-08-31,2026-08-31,CM,NSE,STK,11374,INE0LQS01015,TIPSFILMS,EQ,,,,,TIPS FILMS LIMITED,341.70,341.70,333.80,335.55,334.00,334.30,,335.84,,,1633,548554.40,153,F1,1,,,,,
2026-08-31,2026-08-31,CM,NSE,STK,9117,INE716B01029,TIPSMUSIC,EQ,,,,,TIPS MUSIC LIMITED,643.00,649.90,639.10,643.85,640.55,648.05,,643.81,,,122917,79127708.50,13915,F1,1,,,,,
2026-08-31,2026-08-31,CM,NSE,STK,22284,INE319Y01024,TIRUPATIFL,BE,,,,,TIRUPATI FORGE LIMITED,69.99,71.50,67.28,68.99,69.00,69.78,,68.99,,,141489,9778236.70,846,F1,1,,,,,
2026-08-31,2026-08-31,CM,NSE,STK,15414,INE615H01020,TITAGARH,EQ,,,,,TITAGARH RAIL SYSTEMS LTD,832.95,833.95,815.00,818.10,817.75,835.35,,818.12,,,323671,266888557.05,19440,F1,1,,,,,
2026-08-31,2026-08-31,CM,NSE,STK,3506,INE280A01028,TITAN,EQ,,,,,TITAN COMPANY LIMITED,5159.00,5159.00,5088.00,5102.40,5102.40,5169.20,,5102.40,,,630695,3224754429.80,39478,F1,1,,,,,
2026-08-31,2026-08-31,CM,NSE,STK,3837,INE932C01012,TOKYOPLAST,EQ,,,,,TOKYO PLAST INTL LTD,75.27,78.79,74.04,77.09,76.00,77.24,,77.09,,,919,69391.97,56,F1,1,,,,,
2026-08-31,2026-08-31,CM,NSE,STK,25262,INE0RWQ01014,TOLINS,EQ,,,,,TOLINS TYRES LIMITED,95.80,95.82,93.50,94.59,94.80,95.00,,94.58,,,43037,4063614.72,822,F1,1,,,,,
2026-08-31,2026-08-31,CM,NSE,STK,3518,INE685A01028,TORNTPHARM,EQ,,,,,TORRENT PHARMACEUTICALS L,5048.00,5066.00,4890.00,5066.00,5066.00,5050.00,,5065.89,,,650409,3241741691.50,40932,F1,1,,,,,
2026-08-31,2026-08-31,CM,NSE,STK,13786,INE813H01021,TORNTPOWER,EQ,,,,,TORRENT POWER LTD,1218.00,1226.10,1208.00,1215.10,1209.00,1217.70,,1215.07,,,486515,590365212.60,62192,F1,1,,,,,
2026-08-31,2026-08-31,CM,NSE,STK,22423,INE336X01012,TOTAL,EQ,,,,,TOTAL TRANSPORT SYS LTD,72.10,72.10,68.00,68.64,69.95,70.77,,68.64,,,23071,1601714.26,348,F1,1,,,,,
2026-08-31,2026-08-31,CM,NSE,STK,16908,INE486Y01013,TOUCHWOOD,EQ,,,,,TOUCHWOOD ENTERTAIN LTD.,62.94,62.94,59.00,59.13,59.11,60.69,,59.13,,,2924,176316.74,72,F1,1,,,,,
2026-08-31,2026-08-31,CM,NSE,STK,3466,INE305A01023,TFCILTD,EQ,,,,,TOURISM FINANCE CORP. OF,140.54,142.09,139.26,139.92,139.60,140.54,,139.92,,,5282135,740709175.67,17882,F1,1,,,,,
2026-08-31,2026-08-31,CM,NSE,STK,765195,INE457P01020,TOYAMSL,EQ,,,,,TOYAM SPORTS LTD.,0.64,0.64,0.62,0.63,0.64,0.63,,0.63,,,176790,112249.20,163,F1,1,,,,,
2026-08-31,2026-08-31,CM,NSE,STK,9219,INE413G01022,TPLPLASTEH,EQ,,,,,TPL PLASTECH LIMITED,73.95,75.29,70.95,71.50,70.95,73.40,,71.53,,,163895,11891592.66,1529,F1,1,,,,,
2026-08-31,2026-08-31,CM,NSE,STK,11582,INE0HMF01019,TRACXN,EQ,,,,,TRACXN TECHNOLOGIES LTD,29.77,31.30,29.77,30.14,30.01,29.76,,30.14,,,178657,5406777.03,790,F1,1,,,,,
2026-08-31,2026-08-31,CM,NSE,STK,15174,INE763I01026,TARIL,EQ,,,,,TRANS & RECTI. LTD,317.05,326.95,309.10,313.80,312.00,303.45,,313.79,,,11756303,3720447247.05,138212,F1,1,,,,,
2026-08-31,2026-08-31,CM,NSE,STK,765200,INE330E01023,TRANSCOR,EQ,,,,,TRANSCORP INTERNATIONAL L,25.30,26.25,24.00,26.14,26.14,24.70,,25.89,,,3997,100177.29,28,F1,1,,,,,
2026-08-31,2026-08-31,CM,NSE,STK,17795,INE0O3901029,TREL,EQ,,,,,TRANSINDIA REAL ESTATE L,27.18,27.39,26.50,26.93,27.00,27.18,,26.85,,,56610,1527351.42,3230,F1,1,,,,,
2026-08-31,2026-08-31,CM,NSE,STK,7669,INE687A01016,TRANSPEK,BE,,,,,TRANSPEK INDUSTRIES LTD,1369.80,1438.80,1369.40,1438.80,1438.80,1370.30,,1438.12,,,15061,21333622.40,378,F1,1,,,,,
2026-08-31,2026-08-31,CM,NSE,STK,10580,INE688A01022,TCI,EQ,,,,,TRANSPORT CORPN OF INDIA,888.10,904.95,863.00,868.00,869.95,888.10,,867.99,,,33254,29054320.15,5200,F1,1,,,,,
2026-08-31,2026-08-31,CM,NSE,STK,28714,INE454P01035,TRANSRAILL,EQ,,,,,TRANSRAIL LIGHTING LTD,453.00,453.95,435.65,437.90,439.60,452.75,,437.90,,,1425848,625606370.15,33606,F1,1,,,,,
2026-08-31,2026-08-31,CM,NSE,STK,19801,INE0NVI01020,TRANSTEEL,SM,,,,,TRANSTEEL SEATING TECH L,80.70,81.75,73.40,74.95,75.00,81.55,,74.95,,,2010000,151741700.00,809,F1,1000,,,,,
2026-08-31,2026-08-31,CM,NSE,STK,14319,INE804H01012,TFL,EQ,,,,,TRANSWARRANTY FIN. LTD.,11.93,12.97,11.91,11.93,11.91,12.46,,11.93,,,5700,69302.28,188,F1,1,,,,,
2026-08-31,2026-08-31,CM,NSE,STK,8619,INE757B01015,TRANSWORLD,BE,,,,,TRANSWORLD SHIP LINES LTD,173.20,173.20,173.20,173.20,173.20,176.73,,173.38,,,469,81230.80,22,F1,1,,,,,
2026-08-31,2026-08-31,CM,NSE,STK,757545,INE103V01028,TRAVELFOOD,EQ,,,,,TRAVEL FOOD SERVICES LTD,1304.90,1312.40,1269.00,1299.60,1298.20,1297.70,,1299.54,,,58878,75841067.20,6781,F1,1,,,,,
2026-08-31,2026-08-31,CM,NSE,STK,25082,INE040M01013,TREEHOUSE,EQ,,,,,TREE HOUSE EDU LTD,6.27,6.50,6.13,6.25,6.25,6.27,,6.28,,,12835,80888.93,78,F1,1,,,,,
2026-08-31,2026-08-31,CM,NSE,STK,7518,INE00CA01015,TREJHARA,EQ,,,,,TREJHARA SOLUTIONS LTD,146.00,154.00,143.45,146.75,148.00,144.20,,147.10,,,24730,3680991.34,709,F1,1,,,,,
2026-08-31,2026-08-31,CM,NSE,STK,1964,INE849A01020,TRENT,EQ,,,,,TRENT LTD,2895.90,2901.20,2865.10,2879.90,2879.90,2898.00,,2879.90,,,976926,2815597216.90,42322,F1,1,,,,,
2026-08-31,2026-08-31,CM,NSE,STK,17987,INE391D01019,TRF,EQ,,,,,TRF LIMITED,229.60,230.79,226.14,227.55,227.13,229.48,,227.55,,,7573,1728891.38,424,F1,1,,,,,
2026-08-31,2026-08-31,CM,NSE,STK,27037,INE760L01018,TBZ,EQ,,,,,TRIB BHIMJI ZAVERI LTD,309.85,309.85,292.65,305.70,304.40,301.70,,305.68,,,1158968,348632380.95,18830,F1,1,,,,,
2026-08-31,2026-08-31,CM,NSE,STK,9685,INE064C01022,TRIDENT,EQ,,,,,TRIDENT LIMITED,24.29,24.29,24.01,24.18,24.27,24.32,,24.18,,,2879797,69594928.42,10490,F1,1,,,,,
2026-08-31,2026-08-31,CM,NSE,STK,21078,INE0QD201012,TECHLABS,SM,,,,,TRIDENT TECHLABS LIMITED,114.45,119.75,113.55,116.40,114.90,119.50,,116.40,,,24250,2780043.75,113,F1,125,,,,,
2026-08-31,2026-08-31,CM,NSE,STK,17215,INE0LWY01029,TRIDHYA,ST,,,,,TRIDHYA TECH LIMITED,8.30,8.30,8.30,8.30,8.30,8.10,,8.30,,,6000,49800.00,2,F1,3000,,,,,
2026-08-31,2026-08-31,CM,NSE,STK,5428,INE948A01012,TRIGYN,EQ,,,,,TRIGYN TECHNOLOGIES LTD,63.45,64.80,60.55,60.76,60.76,62.85,,60.75,,,76071,4778796.18,1150,F1,1,,,,,
2026-08-31,2026-08-31,CM,NSE,STK,764960,INE440G01017,TRITONV,EQ,,,,,TRITON VALVES LTD.,1177.90,1177.90,1120.00,1139.90,1150.00,1148.50,,1138.57,,,3097,3553931.80,307,F1,1,,,,,
2026-08-31,2026-08-31,CM,NSE,STK,13081,INE256C01024,TRIVENI,EQ,,,,,TRIVENI ENGG. & INDS. LTD,282.45,297.99,282.00,295.64,297.00,283.82,,295.64,,,1896432,554553465.76,26462,F1,1,,,,,
2026-08-31,2026-08-31,CM,NSE,STK,25584,INE152M01016,TRITURBINE,EQ,,,,,TRIVENI TURBINE LIMITED,580.00,589.30,571.55,578.15,581.00,580.30,,578.16,,,359842,208908443.70,34984,F1,1,,,,,
2026-08-31,2026-08-31,CM,NSE,STK,24642,INE0SYV01018,TROM,SM,,,,,TROM INDUSTRIES LIMITED,53.00,53.95,52.00,52.40,52.90,53.40,,52.40,,,7200,382320.00,10,F1,600,,,,,
2026-08-31,2026-08-31,CM,NSE,STK,759210,INE0MWH01014,TRUALT,EQ,,,,,TRUALT BIOENERGY LIMITED,435.00,435.25,413.65,429.60,424.00,434.15,,429.58,,,308868,131368959.80,7254,F1,1,,,,,
2026-08-31,2026-08-31,CM,NSE,STK,9378,INE615R01029,TRU,EQ,,,,,TRUCAP FINANCE LIMITED,4.06,4.25,4.01,4.05,4.13,4.12,,4.06,,,123197,507843.46,227,F1,1,,,,,
2026-08-31,2026-08-31,CM,NSE,STK,23417,INE0SWN01019,TRUST,SM,,,,,TRUST FINTECH LIMITED,28.55,34.25,28.55,34.25,34.25,28.55,,34.25,,,74400,2431560.00,92,F1,600,,,,,
2026-08-31,2026-08-31,CM,NSE,STK,757861,INE16VK01010,TSC,ST,,,,,TSC INDIA LIMITED,43.00,45.00,42.75,43.45,45.00,45.00,,43.45,,,8000,347500.00,3,F1,2000,,,,,
2026-08-31,2026-08-31,CM,NSE,STK,2183,INE202Z01029,TSFINV,EQ,,,,,TSF INVESTMENTS LIMITED,406.60,407.10,398.40,401.20,401.00,407.20,,401.20,,,46952,18850398.70,2312,F1,1,,,,,
2026-08-31,2026-08-31,CM,NSE,STK,11369,INE910C01018,TTKHLTCARE,EQ,,,,,TTK HEALTHCARE LIMITED,1144.00,1193.80,1112.80,1159.70,1152.90,1134.20,,1159.74,,,100491,116456551.30,11599,F1,1,,,,,
2026-08-31,2026-08-31,CM,NSE,STK,3546,INE690A01028,TTKPRESTIG,EQ,,,,,TTK PRESTIGE LTD,594.00,594.45,581.00,583.80,585.95,593.70,,583.81,,,73699,43113104.70,4663,F1,1,,,,,
2026-08-31,2026-08-31,CM,NSE,STK,312,INE974X01010,TIINDIA,EQ,,,,,TUBE INVEST OF INDIA LTD,2828.00,2828.00,2766.00,2780.00,2780.00,2840.00,,2780.00,,,176869,492119449.80,17055,F1,1,,,,,
2026-08-31,2026-08-31,CM,NSE,STK,24520,INE0OXV01027,TUNWAL,SM,,,,,TUNWAL E-MOTORS LIMITED,25.85,25.90,25.25,25.50,25.50,25.80,,25.50,,,60000,1534300.00,28,F1,2000,,,,,
2026-08-31,2026-08-31,CM,NSE,STK,756090,INE0OC301013,TURTLEMINT,EQ,,,,,TURTLEMINT FINTECH SOLS L,151.00,151.87,143.21,144.12,143.99,152.65,,144.12,,,1007590,147053848.85,12046,F1,1,,,,,
2026-08-31,2026-08-31,CM,NSE,STK,765205,INE400A01014,TUTIALKA,EQ,,,,,TUTICORIN ALKAL CH & FE L,61.96,61.96,58.00,58.68,58.66,59.47,,58.67,,,7747,454912.94,96,F1,1,,,,,
2026-08-31,2026-08-31,CM,NSE,STK,11275,INE038F01029,TVTODAY,EQ,,,,,TV TODAY NETWORK LTD,112.99,115.83,110.00,114.16,113.00,112.04,,114.16,,,78515,8805079.35,1168,F1,1,,,,,
2026-08-31,2026-08-31,CM,NSE,STK,18508,INE871L01013,TVVISION,BE,,,,,TV VISION LIMITED,3.58,3.75,3.45,3.66,3.68,3.58,,3.66,,,45391,163282.79,71,F1,1,,,,,
2026-08-31,2026-08-31,CM,NSE,STK,11265,INE236G01019,TVSELECT,EQ,,,,,TVS ELECTRONICS LTD,438.95,439.95,425.75,428.35,428.00,437.40,,428.43,,,23319,10046537.85,1410,F1,1,,,,,
2026-08-31,2026-08-31,CM,NSE,STK,29008,INE105A01035,TVSHLTD,EQ,,,,,TVS HOLDINGS LIMITED,13580.00,13580.00,13113.00,13233.00,13230.00,13450.00,,13233.84,,,7306,97306618.00,3286,F1,1,,,,,
2026-08-31,2026-08-31,CM,NSE,STK,8479,INE494B01023,TVSMOTOR,EQ,,,,,TVS MOTOR COMPANY  LTD,4290.00,4341.30,4255.00,4341.30,4341.30,4304.20,,4341.29,,,1510029,6529087174.40,71200,F1,1,,,,,
2026-08-31,2026-08-31,CM,NSE,STK,14245,INE421C01016,TVSSRICHAK,EQ,,,,,TVS SRICHAKRA LIMITED,5292.30,5585.00,5240.10,5519.60,5480.00,5292.30,,5519.54,,,81248,443771443.70,17840,F1,1,,,,,
2026-08-31,2026-08-31,CM,NSE,STK,18151,INE395N01027,TVSSCS,EQ,,,,,TVS SUPPLY CHAIN SOL L,130.75,131.10,126.67,127.09,127.20,131.56,,127.09,,,493756,63249911.24,7636,F1,1,,,,,
2026-08-31,2026-08-31,CM,NSE,STK,19503,INE388G01026,TICL,BE,,,,,TWAMEV CONS AND INFRA LTD,9.19,9.19,8.64,8.65,8.70,9.09,,8.65,,,177787,1544210.09,392,F1,1,,,,,
2026-08-31,2026-08-31,CM,NSE,STK,764970,INE726E01014,UPHOT,EQ,,,,,U P HOTELS LTD.,1460.00,1464.00,1460.00,1461.80,1464.00,1464.90,,1461.80,,,18,26312.00,2,F1,1,,,,,
2026-08-31,2026-08-31,CM,NSE,STK,25629,INE152C01025,UYFINCORP,BE,,,,,U. Y. FINCORP LIMITED,20.00,20.24,18.90,19.52,19.49,19.86,,19.52,,,85828,1669283.30,230,F1,1,,,,,
2026-08-31,2026-08-31,CM,NSE,STK,7739,INE139B01016,UCAL,BE,,,,,UCAL LIMITED,158.30,158.30,148.90,149.89,149.10,156.73,,150.21,,,19165,2914722.40,179,F1,1,,,,,
2026-08-31,2026-08-31,CM,NSE,STK,756002,INE583D07588,1025UCL27A,NG,,,,,UCL 10.25% SR IV,1000.00,1000.00,1000.00,1000.00,1000.00,1000.00,,1000.00,,,4,4000.00,2,F1,1,,,,,
2026-08-31,2026-08-31,CM,NSE,STK,11223,INE691A01018,UCOBANK,EQ,,,,,UCO BANK,25.48,25.49,24.85,24.89,24.90,25.48,,24.89,,,4461307,111802291.33,16177,F1,1,,,,,
2026-08-31,2026-08-31,CM,NSE,STK,764965,INE551B01012,UDAYJEW,EQ,,,,,UDAY JEWELLERY INDS. LTD.,148.00,148.00,137.10,137.20,137.20,137.96,,138.58,,,1149,162822.23,31,F1,1,,,,,
2026-08-31,2026-08-31,CM,NSE,STK,14871,INE0N0Y01013,USK,EQ,,,,,UDAYSHIVAKUMAR INFRA LTD,21.65,21.65,21.01,21.16,21.29,21.54,,21.10,,,5809,123417.81,96,F1,1,,,,,
2026-08-31,2026-08-31,CM,NSE,STK,1053,INE516A01017,UFLEX,EQ,,,,,UFLEX LIMITED,638.35,653.35,627.00,649.10,648.00,634.35,,649.08,,,237317,152127044.75,7947,F1,1,,,,,
2026-08-31,2026-08-31,CM,NSE,STK,9039,INE527H01019,UFO,EQ,,,,,UFO MOVIEZ INDIA LTD.,66.12,67.15,65.85,66.35,66.45,66.49,,66.35,,,17996,1194115.35,487,F1,1,,,,,
2026-08-31,2026-08-31,CM,NSE,STK,5313,INE583D01011,UGROCAP,EQ,,,,,UGRO CAPITAL LIMITED,86.96,87.59,85.56,87.06,87.25,86.96,,87.06,,,146124,12684192.87,1896,F1,1,,,,,
2026-08-31,2026-08-31,CM,NSE,STK,23507,INE899L01030,UEL,EQ,,,,,UJAAS ENERGY LIMITED,198.79,198.79,184.74,198.79,198.79,189.33,,202.11,,,55208,10886943.01,553,F1,1,,,,,
2026-08-31,2026-08-31,CM,NSE,STK,15228,INE551W01018,UJJIVANSFB,EQ,,,,,UJJIVAN SMALL FINANC BANK,67.23,69.43,66.68,69.11,69.21,67.85,,69.11,,,8505500,580005411.26,32106,F1,1,,,,,
2026-08-31,2026-08-31,CM,NSE,STK,762963,INE405A01021,ULTRAMAR,BL,,,,,ULTRAMARINE & PIGMENTS L,400.00,400.00,400.00,400.00,400.00,418.95,,400.00,,,1460000,584000000.00,2,F1,999999999,,,,,
2026-08-31,2026-08-31,CM,NSE,STK,762961,INE405A01021,ULTRAMAR,EQ,,,,,ULTRAMARINE & PIGMENTS L,416.20,448.65,416.20,442.85,444.05,411.30,,442.76,,,465042,204565307.70,12998,F1,1,,,,,
2026-08-31,2026-08-31,CM,NSE,STK,11532,INE481G01011,ULTRACEMCO,EQ,,,,,ULTRATECH CEMENT LIMITED,11550.00,11560.00,11415.00,11450.00,11450.00,11589.00,,11450.05,,,381057,4369682462.00,36590,F1,1,,,,,
2026-08-31,2026-08-31,CM,NSE,STK,13349,INE067901012,UMA,SM,,,,,UMA CONVERTER LIMITED,19.95,19.95,18.55,18.55,18.55,19.05,,18.55,,,8000,154000.00,2,F1,4000,,,,,
2026-08-31,2026-08-31,CM,NSE,STK,8845,INE0GIU01018,UMAEXPORTS,BE,,,,,UMA EXPORTS LIMITED,26.58,26.62,25.95,25.95,25.95,26.47,,26.21,,,8639,227675.00,30,F1,1,,,,,
2026-08-31,2026-08-31,CM,NSE,STK,8998,INE398B01018,UMIYA-MRO,EQ,,,,,UMIYA BUILDCON LIMITED,96.75,98.80,94.64,96.14,96.51,94.64,,96.12,,,67320,6541931.79,701,F1,1,,,,,
2026-08-31,2026-08-31,CM,NSE,STK,3579,INE351A01035,UNICHEMLAB,EQ,,,,,UNICHEM LABORATORIES LTD,564.25,589.35,551.40,556.55,554.05,564.25,,556.54,,,321470,184554537.10,15038,F1,1,,,,,
2026-08-31,2026-08-31,CM,NSE,STK,24809,INE00U401027,UNIECOM,EQ,,,,,UNICOMMERCE ESOLUTIONS L,87.15,91.50,85.43,89.36,89.50,87.18,,89.36,,,845771,75712764.07,7295,F1,1,,,,,
2026-08-31,2026-08-31,CM,NSE,STK,18582,INE0PRF01011,UNIHEALTH,SM,,,,,UNIHEALTH HOSPITALS LTD,724.95,725.00,715.00,724.95,724.95,717.95,,724.95,,,5000,3610275.00,10,F1,500,,,,,
2026-08-31,2026-08-31,CM,NSE,STK,7791,INE481Z01011,UNIINFO,EQ,,,,,UNIINFO TELECOM SERVI LTD,10.92,11.48,10.44,11.18,11.44,10.97,,11.18,,,3155,34618.92,47,F1,1,,,,,
2026-08-31,2026-08-31,CM,NSE,STK,25633,INE0B2801011,UNILEX,SM,,,,,UNILEX COLOURS AND CHEM L,26.00,26.00,26.00,26.00,26.00,25.65,,26.00,,,1600,41600.00,1,F1,1600,,,,,
2026-08-31,2026-08-31,CM,NSE,STK,28960,INE0U3I01011,UNIMECH,EQ,,,,,UNIMECH AEROSPACE N MFG L,1500.00,1550.50,1458.10,1490.00,1489.90,1503.10,,1490.22,,,317241,476456611.80,23093,F1,1,,,,,
2026-08-31,2026-08-31,CM,NSE,STK,10753,INE692A01016,UNIONBANK,EQ,,,,,UNION BANK OF INDIA,184.68,188.63,181.80,188.63,188.63,186.00,,188.62,,,9767401,1803812518.82,34860,F1,1,,,,,
2026-08-31,2026-08-31,CM,NSE,STK,29687,INF582M01KS4,UNIONGOLD,EQ,,,,,UNIONAMC - UNIONGOLD,154.50,154.50,149.30,150.60,150.75,155.30,,150.60,,,2810,423190.80,136,F1,1,,,,,
2026-08-31,2026-08-31,CM,NSE,STK,13057,INE244O01017,UNIPARTS,EQ,,,,,UNIPARTS INDIA LIMITED,881.00,899.80,858.00,893.45,898.00,873.15,,893.43,,,443265,390551513.80,21518,F1,1,,,,,
2026-08-31,2026-08-31,CM,NSE,STK,11293,INE037A01022,UNIENTER,EQ,,,,,UNIPHOS ENTERPRISES LTD,95.89,96.70,92.70,93.51,93.50,94.10,,93.51,,,15001,1423350.17,96,F1,1,,,,,
2026-08-31,2026-08-31,CM,NSE,STK,3594,INE694A01020,UNITECH,EQ,,,,,UNITECH LTD,3.90,3.95,3.80,3.81,3.82,3.90,,3.81,,,3510786,13505096.16,2229,F1,1,,,,,
2026-08-31,2026-08-31,CM,NSE,STK,16713,INE686F01025,UBL,EQ,,,,,UNITED BREWERIES LTD,1334.10,1335.00,1301.50,1308.50,1302.00,1334.10,,1308.59,,,61021,80135071.70,6702,F1,1,,,,,
2026-08-31,2026-08-31,CM,NSE,STK,204,INE961D01019,UNIDT,BE,,,,,UNITED DRILLING TOOLS LTD,215.39,219.50,209.11,215.51,219.40,215.51,,215.51,,,3272,696555.71,66,F1,1,,,,,
2026-08-31,2026-08-31,CM,NSE,STK,3133,INE382M01027,UFBL,BE,,,,,UNITED FOODBRANDS LIMITED,758.80,758.80,725.65,727.60,727.00,763.80,,727.59,,,53249,38982863.75,1508,F1,1,,,,,
2026-08-31,2026-08-31,CM,NSE,STK,25938,INE0SMR01011,UHTL,ST,,,,,UNITED HEAT TRANSFER LTD,146.45,146.45,146.00,146.45,146.45,143.60,,146.45,,,10000,1463600.00,5,F1,2000,,,,,
2026-08-31,2026-08-31,CM,NSE,STK,17999,INE458F01011,UNITEDTEA,EQ,,,,,UNITED NILGIRI TEA LTD,445.20,461.00,445.20,452.25,454.50,454.00,,452.25,,,1069,483823.90,107,F1,1,,,,,
2026-08-31,2026-08-31,CM,NSE,STK,7560,INE368U01029,UNITEDPOLY,EQ,,,,,UNITED POLYFAB GUJ. LTD.,39.00,39.00,37.25,37.59,37.79,38.80,,37.58,,,58541,2219052.29,365,F1,1,,,,,
2026-08-31,2026-08-31,CM,NSE,STK,10447,INE854D01024,UNITDSPR,EQ,,,,,UNITED SPIRITS LIMITED,1510.00,1510.90,1479.70,1490.00,1490.00,1510.00,,1490.00,,,1523133,2265270991.10,31251,F1,1,,,,,
2026-08-31,2026-08-31,CM,NSE,STK,10366,INE275F01019,UNIVAFOODS,BE,,,,,UNIVA FOODS LIMITED,9.03,9.03,9.03,9.03,9.03,9.03,,9.03,,,541,4885.23,1,F1,1,,,,,
2026-08-31,2026-08-31,CM,NSE,STK,18979,INE562X01013,UNIVASTU,BE,,,,,UNIVASTU INDIA LIMITED,160.00,162.50,156.00,157.25,156.00,160.48,,157.25,,,41414,6601557.04,432,F1,1,,,,,
2026-08-31,2026-08-31,CM,NSE,STK,3607,INE279A01012,UNIVCABLES,EQ,,,,,UNIVERSAL CABLES LTD,1735.00,1735.00,1636.10,1648.20,1654.90,1693.20,,1648.41,,,167932,282428314.30,15613,F1,1,,,,,
2026-08-31,2026-08-31,CM,NSE,STK,17661,INE03V001013,UNIVPHOTO,BE,,,,,UNIVERSUS IMAGINGS LTD,446.45,452.10,446.45,449.10,449.10,456.05,,449.55,,,369,166257.10,16,F1,1,,,,,
2026-08-31,2026-08-31,CM,NSE,STK,14154,INE405E01023,UNOMINDA,EQ,,,,,UNO MINDA LIMITED,1276.00,1292.50,1261.10,1276.00,1276.00,1276.00,,1276.00,,,693607,888707731.30,29036,F1,1,,,,,
2026-08-31,2026-08-31,CM,NSE,STK,18632,INE148I08231,879SCL26,NC,,,,,UNS RED NCD 8.79% SR.VIII,955.12,955.12,955.12,955.12,955.12,1001.00,,955.12,,,1,955.12,1,F1,1,,,,,
2026-08-31,2026-08-31,CM,NSE,STK,2877,INE530B08102,96IIFL28A,NF,,,,,UNSE RE NCD 9.6% SR.II,1003.90,1003.90,1001.50,1003.59,1003.59,1003.88,,1001.80,,,1261,1263217.38,47,F1,1,,,,,
2026-08-31,2026-08-31,CM,NSE,STK,5212,INE477L08147,10IIFL28,N4,,,,,UNSEC RE NCD 10% SR.I,1005.00,1005.00,1003.00,1003.00,1003.00,1000.12,,1008.50,,,200,200800.00,4,F1,1,,,,,
2026-08-31,2026-08-31,CM,NSE,STK,5214,INE477L08154,96IIFL28,N5,,,,,UNSEC RE NCD 9.60% SR.II,1003.94,1003.94,1001.10,1002.00,1002.00,1001.05,,1002.00,,,394,394889.25,15,F1,1,,,,,
2026-08-31,2026-08-31,CM,NSE,STK,19045,INE866I08279,10IIFL29,N6,,,,,UNSEC RED NCD 10.0% SR. V,1025.00,1025.00,1025.00,1025.00,1025.00,1025.00,,1025.00,,,15,15375.00,1,F1,1,,,,,
2026-08-31,2026-08-31,CM,NSE,STK,19047,INE866I08295,105IIFL29,N7,,,,,UNSEC RED NCD 10.5% SR.VI,1069.00,1070.00,1069.00,1070.00,1070.00,1069.80,,1070.00,,,130,139042.60,3,F1,1,,,,,
2026-08-31,2026-08-31,CM,NSE,STK,21225,INE306N08292,910TCAP28,NA,,,,,UNSERENCD9.1%SRIIICIII&IV,1121.69,1121.69,1121.69,1121.69,1121.69,1121.69,,1125.85,,,378,423998.82,6,F1,1,,,,,
2026-08-31,2026-08-31,CM,NSE,STK,19113,INE851I01011,UDS,EQ,,,,,UPDATER SERVICES LIMITED,221.07,227.63,221.07,224.73,222.25,222.48,,224.73,,,297152,66677597.32,7178,F1,1,,,,,
2026-08-31,2026-08-31,CM,NSE,STK,11287,INE628A01036,UPL,EQ,,,,,UPL LIMITED,568.00,569.45,562.25,562.25,562.25,571.00,,562.25,,,2572084,1449819873.00,22719,F1,1,,,,,
2026-08-31,2026-08-31,CM,NSE,STK,10610,INE0CBM01019,USASEEDS,SM,,,,,UPSURGE SEEDS OF AGRI LTD,88.75,96.00,88.75,96.00,96.00,93.40,,96.00,,,856,79073.00,2,F1,428,,,,,
2026-08-31,2026-08-31,CM,NSE,STK,17081,INE568Z01015,URAVIDEF,BE,,,,,URAVI DEFENCE &TECH LTD,107.99,113.31,107.99,113.31,113.31,107.92,,113.35,,,15974,1778604.91,157,F1,1,,,,,
2026-08-31,2026-08-31,CM,NSE,STK,759084,INE0CAZ01013,URBANCO,EQ,,,,,URBAN COMPANY LIMITED,168.40,174.34,165.48,167.11,165.80,168.41,,167.11,,,22948972,3876270456.17,114090,F1,1,,,,,
2026-08-31,2026-08-31,CM,NSE,STK,16888,INE0O0201019,URBAN,SM,,,,,URBAN ENVIRO WASTE MGMT L,134.50,136.45,118.00,120.35,121.00,139.70,,120.35,,,140800,17527840.00,134,F1,800,,,,,
2026-08-31,2026-08-31,CM,NSE,STK,20203,INE550C01020,URJA,EQ,,,,,URJA GLOBAL LIMITED,9.19,9.23,9.15,9.16,9.18,9.19,,9.16,,,595780,5466246.71,1997,F1,1,,,,,
2026-08-31,2026-08-31,CM,NSE,STK,25952,INE0LS001014,USHAFIN,SM,,,,,USHA FINANCIAL SERVICES L,47.15,48.05,47.15,48.05,48.05,47.15,,48.05,,,51200,2453760.00,17,F1,1600,,,,,
2026-08-31,2026-08-31,CM,NSE,STK,19142,INE240C01028,UMESLTD,EQ,,,,,USHA MARTIN EDU & SOL LTD,5.30,5.65,4.93,5.45,5.46,5.30,,5.45,,,22729,121395.71,118,F1,1,,,,,
2026-08-31,2026-08-31,CM,NSE,STK,8840,INE228A01035,USHAMART,EQ,,,,,USHA MARTIN LTD.,493.90,501.30,485.85,498.95,499.50,492.45,,498.95,,,476372,236104150.90,16927,F1,1,,,,,
2026-08-31,2026-08-31,CM,NSE,STK,527,INE094J01016,UTIAMC,EQ,,,,,UTI ASSET MNGMT CO LTD,887.00,887.50,866.50,870.55,868.40,887.70,,870.59,,,228720,200390946.00,12847,F1,1,,,,,
2026-08-31,2026-08-31,CM,NSE,STK,764180,INF789F1AG68,LIQUIDBETA,EQ,,,,,UTIAMC - LIQUIDBETA,1006.32,1006.34,1006.32,1006.32,1006.32,1005.78,,1006.32,,,1231,1238779.96,5,F1,1,,,,,
2026-08-31,2026-08-31,CM,NSE,STK,765431,INF789F1AG76,NIF500BETA,EQ,,,,,UTIAMC - NIF500BETA,37.71,38.30,37.60,37.71,38.30,37.85,,37.71,,,3875,146146.28,26,F1,1,,,,,
2026-08-31,2026-08-31,CM,NSE,STK,22440,INF789F1AUV1,BANKBETA,EQ,,,,,UTIAMC-BANKBETA,59.31,59.78,59.16,59.46,59.20,59.48,,59.46,,,1553449,92138664.72,604,F1,1,,,,,
2026-08-31,2026-08-31,CM,NSE,STK,22524,INF789F1AZF3,GILT10BETA,EQ,,,,,UTIAMC-GILT10BETA,26.82,26.82,26.69,26.81,26.81,26.87,,26.79,,,5611,150360.46,20,F1,1,,,,,
2026-08-31,2026-08-31,CM,NSE,STK,22521,INF789F1AZE6,GILT5BETA,EQ,,,,,UTIAMC-GILT5BETA,66.55,66.74,66.50,66.74,66.74,66.50,,66.74,,,151,10059.18,8,F1,1,,,,,
2026-08-31,2026-08-31,CM,NSE,STK,22488,INF789F1AZD8,ITBETA,EQ,,,,,UTIAMC-ITBETA,328.00,328.00,323.00,325.87,325.87,328.00,,325.87,,,405,131167.16,33,F1,1,,,,,
2026-08-31,2026-08-31,CM,NSE,STK,18347,INF789F1AYX9,MIDCAPBETA,EQ,,,,,UTIAMC-MIDCAPBETA,239.32,239.32,235.08,236.84,236.84,238.13,,236.84,,,1023,241572.56,37,F1,1,,,,,
2026-08-31,2026-08-31,CM,NSE,STK,21478,INF789F1AUW9,NEXT50BETA,EQ,,,,,UTIAMC-NEXT50BETA,79.81,80.32,79.06,79.41,79.56,79.81,,79.46,,,52985,4206041.11,841,F1,1,,,,,
2026-08-31,2026-08-31,CM,NSE,STK,10511,INF789F1AZC0,NIFTYBETA,EQ,,,,,UTIAMC-NIFTYBETA,270.60,270.60,266.45,267.54,268.24,268.24,,267.56,,,53636,14330998.19,503,F1,1,,,,,
2026-08-31,2026-08-31,CM,NSE,STK,10515,INF789FB1X58,SENSEXBETA,EQ,,,,,UTIAMC-SENSEXBETA,867.67,867.67,846.30,854.33,852.05,863.35,,854.31,,,2264,1934083.05,285,F1,1,,,,,
2026-08-31,2026-08-31,CM,NSE,STK,15085,INF789F1AYK6,SILVERBETA,EQ,,,,,UTIAMC-SILVERBETA,225.10,225.72,222.42,225.14,225.42,232.73,,225.15,,,1329906,297708731.73,7360,F1,1,,,,,
2026-08-31,2026-08-31,CM,NSE,STK,9168,INF789F1AUU3,SNXT50BETA,EQ,,,,,UTIAMC-SNXT50BETA,96.24,96.79,94.05,94.63,94.71,96.24,,94.56,,,3837,365243.17,125,F1,1,,,,,
2026-08-31,2026-08-31,CM,NSE,STK,14535,INF789F1AUX7,GOLDBETA,EQ,,,,,UTIAMC-UTIGOLDBETA,136.60,136.60,128.55,129.95,130.00,133.30,,129.95,,,914843,118685637.05,6312,F1,1,,,,,
2026-08-31,2026-08-31,CM,NSE,STK,751580,INE1V1R01014,UTKAL,SM,,,,,UTKAL SPEC INDUS INDIA L,49.00,49.00,49.00,49.00,49.00,51.00,,49.00,,,2000,98000.00,1,F1,2000,,,,,
2026-08-31,2026-08-31,CM,NSE,STK,17358,INE735W01017,UTKARSHBNK,EQ,,,,,UTKARSH SMALL FIN BANK L,14.65,15.12,14.58,15.06,15.09,14.68,,15.06,,,12189024,182303921.06,12414,F1,1,,,,,
2026-08-31,2026-08-31,CM,NSE,STK,24729,INE06IJ01010,UTSSAV,ST,,,,,UTSSAV CZ GOLD JEWELS LTD,450.00,450.00,443.00,445.00,445.00,455.00,,445.00,,,7800,3474120.00,13,F1,600,,,,,
2026-08-31,2026-08-31,CM,NSE,STK,13376,INE786F01031,UTTAMSUGAR,EQ,,,,,UTTAM SUGAR MILLS LTD.,297.50,318.70,296.50,312.07,313.00,299.55,,312.08,,,553344,171690112.89,14808,F1,1,,,,,
2026-08-31,2026-08-31,CM,NSE,STK,3188,INE0GXK01018,VMARCIND,SM,,,,,V MARC INDIA LIMITED,375.05,384.00,353.50,359.15,361.35,376.00,,359.15,,,291000,105808050.00,181,F1,1500,,,,,
2026-08-31,2026-08-31,CM,NSE,STK,23018,INE0QQM01017,VR,SM,,,,,V R INFRASPACE LIMITED,111.50,113.00,111.50,113.00,113.00,117.35,,113.00,,,800,89800.00,2,F1,400,,,,,
2026-08-31,2026-08-31,CM,NSE,STK,765220,INE222F01029,VTMLTD,EQ,,,,,V T M LTD.,60.29,61.90,56.69,57.04,57.20,58.20,,57.04,,,109109,6489927.16,555,F1,1,,,,,
2026-08-31,2026-08-31,CM,NSE,STK,15362,INE951I01027,VGUARD,EQ,,,,,V-GUARD IND LTD.,333.00,348.25,329.85,346.35,347.75,333.25,,346.33,,,1794487,614826428.90,34682,F1,1,,,,,
2026-08-31,2026-08-31,CM,NSE,STK,24606,INE0QXL01015,VLINFRA,SM,,,,,V.L.INFRAPROJECTS LIMITED,26.65,26.65,26.60,26.60,26.60,27.70,,26.60,,,3000,79875.00,2,F1,1500,,,,,
2026-08-31,2026-08-31,CM,NSE,STK,14766,INE945H01021,V2RETAIL,EQ,,,,,V2 RETAIL LIMITED,221.94,224.94,219.33,222.68,221.31,221.32,,222.69,,,985755,218803526.81,17812,F1,1,,,,,
2026-08-31,2026-08-31,CM,NSE,STK,20188,INE956G01038,WABAG,EQ,,,,,VA TECH WABAG LTD,2085.00,2085.00,1965.00,1979.20,1974.00,2086.10,,1979.16,,,796370,1593964361.80,50682,F1,1,,,,,
2026-08-31,2026-08-31,CM,NSE,STK,764975,INE693D01018,VADILENT,EQ,,,,,VADILAL ENTERPRISES LTD.,10833.00,10833.00,10264.00,10500.00,10500.00,10833.00,,10553.86,,,62,652612.00,29,F1,1,,,,,
2026-08-31,2026-08-31,CM,NSE,STK,24196,INE694D01016,VADILALIND,EQ,,,,,VADILAL INDUSTRIES LTD,7898.50,7960.00,7610.50,7672.00,7690.00,7900.00,,7672.00,,,20143,156060272.00,6110,F1,1,,,,,
2026-08-31,2026-08-31,CM,NSE,STK,11364,INE884A01027,VAIBHAVGBL,EQ,,,,,VAIBHAV GLOBAL LIMITED,221.00,221.00,218.00,219.10,220.00,221.55,,219.10,,,186764,40898526.35,4879,F1,1,,,,,
2026-08-31,2026-08-31,CM,NSE,STK,8262,INE0JR301013,MADHAVBAUG,ST,,,,,VAIDYA SANE AYUR LAB LTD,169.00,169.00,168.80,169.00,169.00,169.45,,169.00,,,6000,1013920.00,7,F1,400,,,,,
2026-08-31,2026-08-31,CM,NSE,STK,16589,INE972X01022,VAISHALI,EQ,,,,,VAISHALI PHARMA LIMITED,8.02,8.40,7.98,8.06,8.00,8.31,,8.06,,,92425,744706.96,238,F1,1,,,,,
2026-08-31,2026-08-31,CM,NSE,STK,13342,INE051B01021,VAKRANGEE,EQ,,,,,VAKRANGEE LIMITED,5.93,5.93,5.77,5.82,5.81,5.89,,5.82,,,1159968,6751240.55,1791,F1,1,,,,,
2026-08-31,2026-08-31,CM,NSE,STK,19220,INE0JWS01017,VALIANTLAB,BE,,,,,VALIANT LABORATORIES LTD,102.30,102.30,94.67,96.34,96.03,99.65,,96.34,,,248647,23996137.38,456,F1,1,,,,,
2026-08-31,2026-08-31,CM,NSE,STK,334,INE565V01010,VALIANTORG,BE,,,,,VALIANT ORGANICS LIMITED,292.05,304.70,286.00,290.65,295.95,297.40,,290.64,,,39574,11517154.90,473,F1,1,,,,,
2026-08-31,2026-08-31,CM,NSE,STK,18124,INE879I01012,DBREALTY,EQ,,,,,VALOR ESTATE LIMITED,107.05,107.37,103.00,103.77,105.00,107.37,,103.77,,,6152381,638888266.41,21985,F1,1,,,,,
2026-08-31,2026-08-31,CM,NSE,STK,763304,INE1E7Y01018,VALUE360,SM,,,,,VALUE 360 COMMUNICATION L,75.00,75.00,75.00,75.00,75.00,72.95,,75.00,,,36000,2700000.00,2,F1,1200,,,,,
2026-08-31,2026-08-31,CM,NSE,STK,13403,INE116G01013,VARDHACRLC,BE,,,,,VARDHAMAN ACRYLICS LTD,44.50,44.50,43.20,43.41,43.41,44.50,,43.41,,,10013,435181.61,132,F1,1,,,,,
2026-08-31,2026-08-31,CM,NSE,STK,11892,INE701A01023,VHL,EQ,,,,,VARDHMAN HOLDINGS LIMITED,3401.00,3635.00,3401.00,3549.20,3550.00,3506.90,,3549.20,,,1207,4288663.90,264,F1,1,,,,,
2026-08-31,2026-08-31,CM,NSE,STK,3646,INE835A01029,VARDMNPOLY,EQ,,,,,VARDHMAN POLYTEX LTD.,5.98,6.13,5.89,5.97,6.00,5.98,,5.97,,,163280,975702.45,344,F1,1,,,,,
2026-08-31,2026-08-31,CM,NSE,STK,27067,INE050M01012,VSSL,EQ,,,,,VARDHMAN SPC STEEL LTD,349.90,364.00,348.80,356.15,354.00,348.55,,356.16,,,88356,31473549.85,3230,F1,1,,,,,
2026-08-31,2026-08-31,CM,NSE,STK,2073,INE825A01020,VTL,EQ,,,,,VARDHMAN TEXTILES LIMITED,592.20,595.00,567.00,572.05,574.90,592.75,,572.02,,,422933,244013368.40,21516,F1,1,,,,,
2026-08-31,2026-08-31,CM,NSE,STK,3857,INE665L01035,VARROC,EQ,,,,,VARROC ENGINEERING LTD.,826.00,869.40,809.60,862.00,869.00,821.85,,862.00,,,623239,528207646.20,32115,F1,1,,,,,
2026-08-31,2026-08-31,CM,NSE,STK,18921,INE200M01039,VBL,EQ,,,,,VARUN BEVERAGES LIMITED,413.85,413.85,400.45,400.45,400.45,414.00,,400.50,,,7714216,3147157953.00,53693,F1,1,,,,,
2026-08-31,2026-08-31,CM,NSE,STK,13771,INE273D01027,VGL,EQ,,,,,VARVEE GLOBAL LIMITED,59.39,59.50,58.06,59.12,59.01,58.22,,59.19,,,11164,656913.58,167,F1,1,,,,,
2026-08-31,2026-08-31,CM,NSE,STK,16454,INE0N5801013,DENTALKART,SM,,,,,VASA DENTICITY LIMITED,410.00,413.00,396.90,403.35,396.90,408.75,,403.35,,,25750,10440987.50,40,F1,250,,,,,
2026-08-31,2026-08-31,CM,NSE,STK,18110,INE893I01013,VASCONEQ,EQ,,,,,VASCON ENGINEERS LTD,30.98,31.09,29.92,30.38,30.55,30.98,,30.37,,,320657,9734024.17,1398,F1,1,,,,,
2026-08-31,2026-08-31,CM,NSE,STK,25340,INE590L01019,VASWANI,EQ,,,,,VASWANI IND LTD,49.79,49.79,48.03,48.91,48.75,48.98,,48.91,,,15619,767382.12,153,F1,1,,,,,
2026-08-31,2026-08-31,CM,NSE,STK,9027,INE098201036,VCL,BE,,,,,VAXTEX COTFAB LIMITED,1.92,1.92,1.92,1.92,1.92,2.02,,1.92,,,113928,218741.76,170,F1,1,,,,,
2026-08-31,2026-08-31,CM,NSE,STK,757413,INE04HY07294,1025VCCL28,N0,,,,,VCCL 10.25% 2028,96500.00,96500.00,96500.00,96500.00,96500.00,96500.00,,96500.00,,,1,96500.00,1,F1,1,,,,,
2026-08-31,2026-08-31,CM,NSE,STK,25464,INE04HY07161,12VCCL27,N0,,,,,VCCL 12% 2027 SR A,99500.00,99500.00,99500.00,99500.00,99500.00,99500.00,,99500.00,,,2,199000.00,2,F1,1,,,,,
2026-08-31,2026-08-31,CM,NSE,STK,756916,INE04HY07229,12VCCL29B,N0,,,,,VCCL 12% 2029,98000.00,99998.99,98000.00,99998.99,99998.99,99989.99,,99998.99,,,2,197998.99,2,F1,1,,,,,
2026-08-31,2026-08-31,CM,NSE,STK,760558,INE04HY08011,125VCCL31,N0,,,,,VCCL 12.5% 2031,97700.00,97700.00,97700.00,97700.00,97700.00,97599.00,,97700.00,,,1,97700.00,1,F1,1,,,,,
2026-08-31,2026-08-31,CM,NSE,STK,29274,INE04HY07203,12VCCL29A,N0,,,,,VCCL12% 2029,98933.80,98933.80,98933.80,98933.80,98933.80,95000.00,,98933.80,,,2,197867.60,2,F1,1,,,,,
2026-08-31,2026-08-31,CM,NSE,STK,25054,INE0U2M01015,VDEAL,SM,,,,,VDEAL SYSTEM LIMITED,158.90,167.00,158.90,162.80,162.80,160.50,,162.80,,,10800,1757010.00,17,F1,600,,,,,
2026-08-31,2026-08-31,CM,NSE,STK,8167,INE825V01034,MANYAVAR,EQ,,,,,VEDANT FASHIONS LIMITED,546.70,548.80,533.30,545.25,544.00,547.80,,545.24,,,365032,198038222.70,29000,F1,1,,,,,
2026-08-31,2026-08-31,CM,NSE,STK,750174,INE1CDF01017,VAML,EQ,,,,,VEDANTA ALUMINIUM METAL L,451.00,452.40,432.10,435.15,436.70,456.15,,435.15,,,18474216,8056994936.75,122932,F1,1,,,,,
2026-08-31,2026-08-31,CM,NSE,STK,750290,INE1CLE01013,VISL,EQ,,,,,VEDANTA IRON AND STEEL L,38.68,39.09,36.67,36.83,36.90,38.59,,36.83,,,30932406,1153976704.36,54084,F1,1,,,,,
2026-08-31,2026-08-31,CM,NSE,STK,3063,INE205A01025,VEDL,EQ,,,,,VEDANTA LIMITED,284.00,284.00,276.50,278.20,278.20,287.95,,278.20,,,16664814,4645978501.60,81605,F1,1,,,,,
2026-08-31,2026-08-31,CM,NSE,STK,750368,INE704J01044,VOGL,EQ,,,,,VEDANTA OIL AND GAS LTD,40.50,40.56,38.50,38.71,38.80,40.32,,38.71,,,41061258,1607027025.59,65599,F1,1,,,,,
2026-08-31,2026-08-31,CM,NSE,STK,750518,INE694L01019,VEDPOWER,EQ,,,,,VEDANTA POWER LIMITED,36.64,36.64,35.10,35.18,35.35,36.64,,35.18,,,17247572,612809108.41,39848,F1,1,,,,,
2026-08-31,2026-08-31,CM,NSE,STK,764980,INE359B01010,VEDAVAAG,EQ,,,,,VEDAVAAG SYSTEMS LTD.,18.77,19.00,16.98,18.38,18.49,18.33,,18.40,,,32690,604553.34,105,F1,1,,,,,
2026-08-31,2026-08-31,CM,NSE,STK,14019,INE484C01030,VEEDOL,EQ,,,,,VEEDOL CORPORATION LTD,1496.10,1496.10,1469.00,1472.60,1475.80,1496.10,,1472.70,,,6938,10272311.40,1076,F1,1,,,,,
2026-08-31,2026-08-31,CM,NSE,STK,10710,INE0KTW01013,VEEKAYEM,SM,,,,,VEEKAYEM FASH & APP LTD,108.15,108.15,108.15,108.15,108.15,103.00,,108.15,,,500,54075.00,1,F1,500,,,,,
2026-08-31,2026-08-31,CM,NSE,STK,762969,INE232E01013,VELJAN,BE,,,,,VELJAN DENISON LTD.,1820.00,1820.00,1802.00,1802.00,1802.00,1808.80,,1802.00,,,214,385690.00,19,F1,1,,,,,
2026-08-31,2026-08-31,CM,NSE,STK,3757,INE398A01010,VENKEYS,EQ,,,,,VENKY S (INDIA) LIMITED,1587.20,1747.40,1575.40,1702.00,1698.00,1571.90,,1702.03,,,1282528,2171990546.80,67433,F1,1,,,,,
2026-08-31,2026-08-31,CM,NSE,STK,28847,INE781S01027,VENTIVE,EQ,,,,,VENTIVE HOSPITALITY LTD,595.85,605.00,583.30,591.20,589.00,587.10,,591.20,,,22111,13123513.95,1407,F1,1,,,,,
2026-08-31,2026-08-31,CM,NSE,STK,9592,INE0JA001018,VENUSPIPES,EQ,,,,,VENUS PIPES & TUBES LTD,1648.90,1657.30,1605.10,1643.10,1638.10,1634.30,,1643.05,,,103085,169086234.20,11544,F1,1,,,,,
2026-08-31,2026-08-31,CM,NSE,STK,13856,INE411B01019,VENUSREM,BE,,,,,VENUS REMEDIES LIMITED,1619.90,1675.00,1571.10,1663.60,1660.00,1626.70,,1663.55,,,28895,47197098.10,1312,F1,1,,,,,
2026-08-31,2026-08-31,CM,NSE,STK,8890,INE0IQ001011,VERANDA,EQ,,,,,VERANDA LEARNING SOL LTD,239.80,255.20,237.60,249.30,246.50,240.65,,249.38,,,760542,189882482.25,12572,F1,1,,,,,
2026-08-31,2026-08-31,CM,NSE,STK,10757,INE0KXY23015,VERTIS,IV,,,,,VERTIS INFRASTRUCTURE TST,115.50,115.50,115.50,115.50,115.50,115.75,,115.50,,,50000,5775000.00,2,F1,25000,,,,,
2026-08-31,2026-08-31,CM,NSE,STK,18863,INE188Y01031,VERTOZ,EQ,,,,,VERTOZ LIMITED,40.90,40.90,37.11,38.21,38.25,39.30,,38.21,,,86873,3325838.01,512,F1,1,,,,,
2026-08-31,2026-08-31,CM,NSE,STK,3676,INE386A01023,VESUVIUS,EQ,,,,,VESUVIUS INDIA LTD,423.25,424.15,403.95,407.75,407.90,421.55,,407.79,,,96182,39506312.95,6006,F1,1,,,,,
2026-08-31,2026-08-31,CM,NSE,STK,8660,INE918N01018,VETO,BE,,,,,VETO SWITCHGEAR CABLE LTD,126.85,126.85,122.00,125.46,124.00,126.08,,125.40,,,41098,5072262.68,181,F1,1,,,,,
2026-08-31,2026-08-31,CM,NSE,STK,14316,INE0MO401019,VIAZ,SM,,,,,VIAZ TYRES LIMITED,73.00,73.50,73.00,73.50,73.50,70.00,,73.50,,,12000,881000.00,6,F1,2000,,,,,
2026-08-31,2026-08-31,CM,NSE,STK,22730,INE0QTF01015,VSTL,EQ,,,,,VIBHOR STEEL TUBES LTD,108.30,113.00,108.30,111.85,112.25,110.82,,111.85,,,22394,2491806.35,430,F1,1,,,,,
2026-08-31,2026-08-31,CM,NSE,STK,765252,INE761Q01015,VGCL,EQ,,,,,VIBRANT GLOBAL CAPITAL L,57.75,60.62,55.86,57.87,57.89,57.75,,57.88,,,22867,1333499.23,132,F1,1,,,,,
2026-08-31,2026-08-31,CM,NSE,STK,23386,INE048C01025,VHLTD,BE,,,,,VICEROY HOTELS LIMITED,117.49,117.49,115.30,115.79,116.87,117.95,,116.30,,,38714,4508614.57,125,F1,1,,,,,
2026-08-31,2026-08-31,CM,NSE,STK,13536,INE632C01026,VIDHIING,EQ,,,,,VIDHI SPCLTY F INGRDNTS L,356.95,356.95,347.70,354.55,355.00,355.70,,354.54,,,40625,14331846.05,1210,F1,1,,,,,
2026-08-31,2026-08-31,CM,NSE,STK,760224,INE14UN01029,VIDYAWIRES,EQ,,,,,VIDYA WIRES LIMITED,90.48,94.57,90.00,90.25,90.54,90.07,,90.27,,,2561121,236860042.63,17489,F1,1,,,,,
2026-08-31,2026-08-31,CM,NSE,STK,758908,INE1DM601016,VIGOR,ST,,,,,VIGOR PLAST INDIA LIMITED,100.70,100.70,100.70,100.70,100.70,100.70,,100.70,,,1600,161120.00,1,F1,1600,,,,,
2026-08-31,2026-08-31,CM,NSE,STK,764985,INE362D01010,VIJSOLX,EQ,,,,,VIJAY SOLVEX LTD.,690.00,690.00,665.60,680.00,680.00,690.00,,680.00,,,31,20979.35,7,F1,1,,,,,
2026-08-31,2026-08-31,CM,NSE,STK,5585,INE043W01024,VIJAYA,EQ,,,,,VIJAYA DIAGNOSTIC CEN LTD,1452.50,1525.00,1450.10,1518.40,1523.00,1452.50,,1518.45,,,336878,503739773.90,23634,F1,1,,,,,
2026-08-31,2026-08-31,CM,NSE,STK,760121,INE0WL901019,VIJAYPD,SM,,,,,VIJAYPD CEUTICAL LIMITED,72.75,72.75,70.10,70.10,70.10,72.75,,70.10,,,4000,285700.00,2,F1,2000,,,,,
2026-08-31,2026-08-31,CM,NSE,STK,17695,INE159N01027,VIJIFIN,BE,,,,,VIJI FINANCE LIMITED,15.34,15.34,15.34,15.34,15.34,15.04,,15.45,,,22666,347696.44,50,F1,1,,,,,
2026-08-31,2026-08-31,CM,NSE,STK,25756,INE806A01020,VIKASECO,EQ,,,,,VIKAS ECOTECH LIMITED,1.15,1.15,1.12,1.12,1.12,1.14,,1.12,,,1331593,1503919.52,1162,F1,1,,,,,
2026-08-31,2026-08-31,CM,NSE,STK,9931,INE161L01027,VIKASLIFE,EQ,,,,,VIKAS LIFECARE LIMITED,1.37,1.37,1.29,1.30,1.31,1.35,,1.30,,,2420189,3188850.51,9122,F1,1,,,,,
2026-08-31,2026-08-31,CM,NSE,STK,759453,INE078V01014,VIKRAMSOLR,EQ,,,,,VIKRAM SOLAR LIMITED,171.97,172.70,168.20,168.70,168.35,172.71,,168.70,,,1326868,224948492.55,14191,F1,1,,,,,
2026-08-31,2026-08-31,CM,NSE,STK,758973,INE01R501028,VIKRAN,EQ,,,,,VIKRAN ENGINEERING LTD,59.68,60.21,58.23,58.76,58.89,59.39,,58.76,,,889544,52391963.36,6724,F1,1,,,,,
2026-08-31,2026-08-31,CM,NSE,STK,23909,INE0AZY01017,VILAS,SM,,,,,VILAS TRANSCORE LIMITED,354.05,360.00,350.00,357.95,360.00,360.95,,357.95,,,26750,9463200.00,86,F1,250,,,,,
2026-08-31,2026-08-31,CM,NSE,STK,16954,INE0L4V01013,VILINBIO,SM,,,,,VILIN BIO MED LIMITED,45.00,46.90,45.00,46.90,46.90,44.70,,46.90,,,68000,3153200.00,15,F1,4000,,,,,
2026-08-31,2026-08-31,CM,NSE,STK,13101,INE579C01029,VIMTALABS,EQ,,,,,VIMTA LABS LIMITED,622.00,670.00,620.00,643.45,642.00,617.70,,643.49,,,2416378,1587641301.45,65732,F1,1,,,,,
2026-08-31,2026-08-31,CM,NSE,STK,17364,INE410B01037,VINATIORGA,EQ,,,,,VINATI ORGANICS LTD,1319.00,1357.70,1309.60,1329.90,1330.00,1325.20,,1329.87,,,54321,72477491.00,5804,F1,1,,,,,
2026-08-31,2026-08-31,CM,NSE,STK,3694,INE707A01012,VINDHYATEL,EQ,,,,,VINDHYA TELELINKS LTD,2582.40,2595.00,2510.00,2535.50,2534.40,2585.50,,2535.96,,,60287,153929107.10,7662,F1,1,,,,,
2026-08-31,2026-08-31,CM,NSE,STK,3807,INE505Y01010,VINEETLAB,EQ,,,,,VINEET LABORATORIES LTD,37.35,39.29,37.35,38.86,38.85,38.68,,38.86,,,203649,7867980.32,647,F1,1,,,,,
2026-08-31,2026-08-31,CM,NSE,STK,763821,INE27V201011,VMOBILE,SM,,,,,VINIT MOBILE LIMITED,62.00,62.05,62.00,62.00,62.00,64.90,,62.00,,,3200,198440.00,4,F1,800,,,,,
2026-08-31,2026-08-31,CM,NSE,STK,12490,INE01KI01027,VINNY,EQ,,,,,VINNY OVERSEAS LIMITED,1.05,1.06,1.05,1.05,1.05,1.05,,1.05,,,119659,125749.24,101,F1,1,,,,,
2026-08-31,2026-08-31,CM,NSE,STK,17905,INE0OSJ01014,VINSYS,ST,,,,,VINSYS IT SERVICES IND LT,610.00,610.00,607.00,607.00,607.00,604.00,,607.00,,,6500,3949750.00,22,F1,250,,,,,
2026-08-31,2026-08-31,CM,NSE,STK,25835,INE498Q01014,VINCOFE,EQ,,,,,VINTAGE COFFEE N BVRGS L,177.95,189.40,176.80,185.77,185.94,177.97,,185.77,,,10994745,2035646527.14,75516,F1,1,,,,,
2026-08-31,2026-08-31,CM,NSE,STK,19206,INE0OLS01010,VINYAS,SM,,,,,VINYAS INNOVATIVE TECH L,1589.95,1628.90,1543.25,1545.55,1545.00,1573.80,,1545.55,,,8300,13163890.00,57,F1,100,,,,,
2026-08-31,2026-08-31,CM,NSE,STK,16821,INE250B01029,VINYLINDIA,EQ,,,,,VINYL CHEMICALS (I) LTD.,236.30,236.99,232.01,232.67,232.50,234.25,,232.61,,,5214,1219712.36,197,F1,1,,,,,
2026-08-31,2026-08-31,CM,NSE,STK,14843,INE450G01024,VIPCLOTHNG,EQ,,,,,VIP CLOTHING LIMITED,20.60,20.80,19.55,20.10,20.18,20.37,,20.10,,,72964,1469542.55,148,F1,1,,,,,
2026-08-31,2026-08-31,CM,NSE,STK,3703,INE054A01027,VIPIND,EQ,,,,,VIP INDUSTRIES LTD,304.95,309.80,300.60,306.50,304.45,305.80,,306.50,,,386585,118765684.70,11579,F1,1,,,,,
2026-08-31,2026-08-31,CM,NSE,STK,8437,INE946H01037,VIPULLTD,BE,,,,,VIPUL LIMITED,15.14,15.14,15.14,15.14,15.14,15.44,,15.15,,,11066,167539.24,21,F1,1,,,,,
2026-08-31,2026-08-31,CM,NSE,STK,764990,INE467D01017,VIRAT,EQ,,,,,VIRAT INDUSTRIES LTD.,480.00,480.00,444.05,449.90,444.10,466.05,,450.52,,,2877,1322435.25,111,F1,1,,,,,
2026-08-31,2026-08-31,CM,NSE,STK,15295,INE539B01017,VIRINCHI,EQ,,,,,VIRINCHI LIMITED,15.29,15.29,14.50,14.66,14.90,14.98,,14.66,,,78258,1160172.65,352,F1,1,,,,,
2026-08-31,2026-08-31,CM,NSE,STK,757060,INE0VRH01015,VGINFOTECH,SM,,,,,VIRTUAL GALAXY INFOTECH L,148.80,148.85,145.05,145.65,145.60,148.50,,145.65,,,27000,3949900.00,25,F1,1000,,,,,
2026-08-31,2026-08-31,CM,NSE,STK,765215,INE247C01023,VIRTUALG,EQ,,,,,VIRTUAL GLOBAL EDU LTD,0.54,0.54,0.43,0.49,0.51,0.53,,0.49,,,2251800,1071140.68,473,F1,1,,,,,
2026-08-31,2026-08-31,CM,NSE,STK,761916,INE0I0T01010,VOEPL,EQ,,,,,VIRTUOSO OPTOELECTRONIC L,589.90,589.95,551.05,556.10,557.00,570.65,,556.10,,,189872,107289172.50,6031,F1,1,,,,,
2026-08-31,2026-08-31,CM,NSE,STK,13295,INE286H01012,VISACHROME,EQ,,,,,VISA CHROME LIMITED,41.02,41.02,41.02,41.02,41.02,39.07,,41.67,,,24122,989484.44,35,F1,1,,,,,
2026-08-31,2026-08-31,CM,NSE,STK,29877,INE370E01029,VIVIDHA,EQ,,,,,VISAGAR POLYTEX LTD,0.52,0.53,0.45,0.50,0.51,0.52,,0.50,,,342805,174167.19,212,F1,1,,,,,
2026-08-31,2026-08-31,CM,NSE,STK,4221,INE392A01021,VISAKAIND,EQ,,,,,VISAKA INDUSTRIES LIMITED,89.20,91.31,87.81,88.53,88.70,89.65,,88.53,,,294154,26211576.47,4064,F1,1,,,,,
2026-08-31,2026-08-31,CM,NSE,STK,24274,INE0BHK01012,VISAMAN,SM,,,,,VISAMAN GLOBAL SALES LTD,75.25,75.25,75.25,75.25,75.25,79.20,,75.25,,,1000,75250.00,1,F1,1000,,,,,
2026-08-31,2026-08-31,CM,NSE,STK,18708,INE0OWX01025,VISDEM,SM,,,,,VISDEM TECHNOSYS LIMITED,90.00,92.00,90.00,92.00,92.00,88.55,,92.00,,,14400,1305600.00,8,F1,1200,,,,,
2026-08-31,2026-08-31,CM,NSE,STK,11773,INE755Q01025,VISHAL,EQ,,,,,VISHAL FABRICS LTD.,21.94,21.94,19.00,19.27,19.44,18.70,,19.26,,,77372,1527300.38,462,F1,1,,,,,
2026-08-31,2026-08-31,CM,NSE,STK,27969,INE01EA01019,VMM,EQ,,,,,VISHAL MEGA MART LIMITED,107.18,110.64,105.80,110.64,110.64,107.00,,110.62,,,15208938,1642121544.91,58398,F1,1,,,,,
2026-08-31,2026-08-31,CM,NSE,STK,6908,INE270I01022,VISHNU,EQ,,,,,VISHNU CHEMICALS LIMITED,651.30,658.75,646.00,652.15,653.55,652.20,,652.16,,,91047,59576789.40,5419,F1,1,,,,,
2026-08-31,2026-08-31,CM,NSE,STK,18341,INE0AE001013,VPRPL,EQ,,,,,VISHNU PRAKASH R PUNGLI L,32.20,33.85,31.30,33.45,33.50,32.16,,33.45,,,518385,17037379.50,2676,F1,1,,,,,
2026-08-31,2026-08-31,CM,NSE,STK,19300,INE0PQ001012,VISHNUINFR,SM,,,,,VISHNUSURYA PROJ N INFR L,157.95,162.00,157.95,161.35,162.00,154.90,,161.35,,,19000,3039675.00,16,F1,500,,,,,
2026-08-31,2026-08-31,CM,NSE,STK,13702,INE430N01022,VISHWARAJ,EQ,,,,,VISHWARAJ SUGAR IND LTD,6.04,6.49,5.98,6.08,6.10,6.04,,6.09,,,1261474,7885904.70,2423,F1,1,,,,,
2026-08-31,2026-08-31,CM,NSE,STK,23373,INE0S2E01016,VISHWAS,ST,,,,,VISHWAS AGRI SEEDS LTD,42.10,42.10,42.10,42.10,42.10,42.95,,42.10,,,1600,67360.00,1,F1,1600,,,,,
2026-08-31,2026-08-31,CM,NSE,STK,25231,INE0TR001017,VIESL,SM,,,,,VISION INFRA EQUIP SOL L,351.70,367.95,351.70,365.80,364.75,351.45,,365.80,,,73600,26599160.00,77,F1,800,,,,,
2026-08-31,2026-08-31,CM,NSE,STK,761148,INE0L4K01016,VITAL,EQ,,,,,VITAL CHEMTECH LIMITED,55.99,55.99,53.02,53.06,55.00,55.48,,53.06,,,5676,307117.45,13,F1,1,,,,,
2026-08-31,2026-08-31,CM,NSE,STK,763637,INE0MEG01014,VIVIANA,BE,,,,,VIVIANA POWER TECH LTD,728.40,739.00,715.00,727.55,725.00,728.40,,727.55,,,14166,10332970.30,302,F1,1,,,,,
2026-08-31,2026-08-31,CM,NSE,STK,761768,INE24H301028,VIVIDEL,SM,,,,,VIVID ELECTROMECH LIMITED,1500.00,1550.00,1460.00,1514.35,1514.00,1503.70,,1514.35,,,24480,36988992.00,87,F1,240,,,,,
2026-08-31,2026-08-31,CM,NSE,STK,11968,INE526G01021,VIVIMEDLAB,BE,,,,,VIVIMED LABS LIMITED,7.21,7.21,6.93,6.93,6.93,7.07,,6.93,,,480048,3435782.80,171,F1,1,,,,,
2026-08-31,2026-08-31,CM,NSE,STK,764995,INE380K01017,VIVOBIOT,EQ,,,,,VIVO BIO TECH LTD.,18.93,18.94,17.76,18.55,18.47,18.11,,18.55,,,9857,180174.78,92,F1,1,,,,,
2026-08-31,2026-08-31,CM,NSE,STK,14296,INE807F01027,VIYASH,EQ,,,,,VIYASH SCIENTIFIC LIMITED,268.00,268.50,262.70,263.60,264.45,267.40,,263.60,,,3318934,882686821.55,25871,F1,1,,,,,
2026-08-31,2026-08-31,CM,NSE,STK,18021,INE03HW01020,VLEGOV,BE,,,,,VL E GOV AND IT SOL LTD,10.60,10.65,10.26,10.39,10.38,10.80,,10.40,,,100370,1039990.42,273,F1,1,,,,,
2026-08-31,2026-08-31,CM,NSE,STK,3715,INE709A01018,VLSFINANCE,EQ,,,,,VLS FINANCE LTD,244.10,247.20,241.90,243.15,243.25,243.75,,243.16,,,7548,1844029.60,295,F1,1,,,,,
2026-08-31,2026-08-31,CM,NSE,STK,29284,INE665J01013,VMART,EQ,,,,,VMART RETAIL LTD,820.00,855.00,804.50,847.45,853.50,819.65,,847.49,,,84716,70177839.05,9622,F1,1,,,,,
2026-08-31,2026-08-31,CM,NSE,STK,759152,INE0SJA01013,VMSTMT,EQ,,,,,VMS TMT LIMITED,46.00,46.44,45.48,45.54,45.48,46.05,,45.54,,,86224,3955429.97,421,F1,1,,,,,
2026-08-31,2026-08-31,CM,NSE,STK,14366,INE669E01016,IDEA,EQ,,,,,VODAFONE IDEA LIMITED,14.78,14.92,14.33,14.33,14.33,14.68,,14.33,,,419238465,6158554984.56,428456,F1,1,,,,,
2026-08-31,2026-08-31,CM,NSE,STK,765000,INE285C01015,VOITHPAPR,EQ,,,,,VOITH PAPER FABRICS IND L,1450.00,1497.90,1415.30,1442.70,1415.30,1451.70,,1437.69,,,1024,1487650.60,87,F1,1,,,,,
2026-08-31,2026-08-31,CM,NSE,STK,29658,INE241X01014,VOLERCAR,SM,,,,,VOLER CAR LIMITED,222.00,232.75,221.25,222.50,222.50,234.00,,222.50,,,9600,2150120.00,10,F1,800,,,,,
2026-08-31,2026-08-31,CM,NSE,STK,13577,INE540H01012,VOLTAMP,EQ,,,,,VOLTAMP TRANSFORMERS LTD,11127.00,11151.50,10841.00,10908.50,10952.50,11038.50,,10908.54,,,30404,334212480.50,12961,F1,1,,,,,
2026-08-31,2026-08-31,CM,NSE,STK,3718,INE226A01021,VOLTAS,EQ,,,,,VOLTAS LTD,1196.50,1205.80,1182.80,1194.40,1194.40,1200.00,,1194.40,,,1330259,1589162334.50,25019,F1,1,,,,,
2026-08-31,2026-08-31,CM,NSE,STK,24321,INE0S2V01010,VRAJ,EQ,,,,,VRAJ IRON AND STEEL LTD,126.30,129.00,125.59,126.66,126.96,125.47,,126.66,,,21648,2750079.11,480,F1,1,,,,,
2026-08-31,2026-08-31,CM,NSE,STK,8696,INE366I01010,VRLLOG,EQ,,,,,VRL LOGISTICS LIMITED,296.40,304.90,293.85,303.15,303.50,295.95,,303.15,,,261050,78564157.75,7795,F1,1,,,,,
2026-08-31,2026-08-31,CM,NSE,STK,3724,INE710A01016,VSTIND,EQ,,,,,VST INDUSTRIES LTD,210.45,210.63,208.00,209.74,209.00,210.45,,209.74,,,102871,21506845.56,3257,F1,1,,,,,
2026-08-31,2026-08-31,CM,NSE,STK,24292,INE764D01017,VSTTILLERS,EQ,,,,,VST TILLERS TRACTORS LTD,4383.80,4403.90,4330.00,4358.10,4380.90,4381.60,,4358.18,,,5798,25282859.90,1532,F1,1,,,,,
2026-08-31,2026-08-31,CM,NSE,STK,765005,INE855A01019,WHBRADY,EQ,,,,,W H BRADY & CO. LTD.,492.20,492.20,489.75,491.05,491.05,492.20,,491.05,,,29,14222.20,9,F1,1,,,,,
2026-08-31,2026-08-31,CM,NSE,STK,762978,INE765D01022,WPIL,EQ,,,,,W P I L LTD.,442.00,448.35,437.80,443.45,448.15,447.75,,443.57,,,25879,11436849.60,2429,F1,1,,,,,
2026-08-31,2026-08-31,CM,NSE,STK,14828,INE100D01014,WSI,EQ,,,,,W.S.INDUSTRIES (I) LTD.,59.50,62.49,59.50,61.47,61.25,61.86,,61.47,,,11175,688480.17,834,F1,1,,,,,
2026-08-31,2026-08-31,CM,NSE,STK,25907,INE377N01017,WAAREEENER,EQ,,,,,WAAREE ENERGIES LIMITED,2637.00,2637.00,2572.50,2605.00,2605.00,2640.00,,2605.00,,,951100,2466582394.20,46333,F1,1,,,,,
2026-08-31,2026-08-31,CM,NSE,STK,756038,INE299N01021,WAAREERTL,EQ,,,,,WAAREE RENEWABLE TECH LTD,877.30,877.30,866.75,872.50,872.00,878.70,,872.18,,,86342,75163395.10,7024,F1,1,,,,,
2026-08-31,2026-08-31,CM,NSE,STK,760259,INE0E7301029,WAKEFIT,EQ,,,,,WAKEFIT INNOVATIONS LTD,145.59,149.60,143.45,146.78,147.02,144.71,,146.79,,,625100,91969806.37,6712,F1,1,,,,,
2026-08-31,2026-08-31,CM,NSE,STK,3736,INE711A01022,WALCHANNAG,EQ,,,,,WALCHANDNAGAR INDUSTRIES,220.05,220.65,214.50,214.90,215.50,221.09,,214.84,,,483183,104584129.99,6519,F1,1,,,,,
2026-08-31,2026-08-31,CM,NSE,STK,5013,INE0G2G01015,WALPAR,SM,,,,,WALPAR NUTRITIONS LIMITED,25.70,25.70,25.70,25.70,25.70,27.05,,25.70,,,2000,51400.00,1,F1,2000,,,,,
2026-08-31,2026-08-31,CM,NSE,STK,14063,INE107F01022,WANBURY,EQ,,,,,WANBURY LIMITED,256.10,259.90,253.00,254.10,255.50,257.50,,254.14,,,81070,20728822.30,2275,F1,1,,,,,
2026-08-31,2026-08-31,CM,NSE,STK,765225,INE945P01024,WARDINMOBI,EQ,,,,,WARDWIZARD INNO & MOB L,5.92,5.97,5.76,5.89,5.90,5.87,,5.89,,,271129,1596914.35,689,F1,1,,,,,
2026-08-31,2026-08-31,CM,NSE,STK,3745,INE054C01015,WATERBASE,EQ,,,,,WATERBASE LTD.,50.87,51.00,48.57,49.03,49.00,49.89,,49.02,,,11823,585405.63,214,F1,1,,,,,
2026-08-31,2026-08-31,CM,NSE,STK,762163,INE0LZF01039,CORDELIA,EQ,,,,,WATERWAYS LEISURE TOUR L,104.25,104.80,99.80,103.65,104.00,105.05,,103.64,,,2331574,237881240.90,11475,F1,1,,,,,
2026-08-31,2026-08-31,CM,NSE,STK,759215,INE0A3007065,1075WCA28,N0,,,,,WCAPL 10.75% 2028,9785.00,9785.00,8190.00,9639.71,9639.71,9816.19,,9639.71,,,22,205601.45,8,F1,1,,,,,
2026-08-31,2026-08-31,CM,NSE,STK,9862,INE082W01014,WEWIN,EQ,,,,,WE WIN LIMITED,47.25,47.25,43.10,44.28,44.15,46.81,,44.28,,,3083,137230.87,61,F1,1,,,,,
2026-08-31,2026-08-31,CM,NSE,STK,760482,INF2F0001370,TWCGOLDETF,EQ,,,,,WEALTH - TWCGOLDETF,157.60,157.60,151.70,153.55,153.59,157.60,,153.55,,,56939,8738090.18,80,F1,1,,,,,
2026-08-31,2026-08-31,CM,NSE,STK,1923,INE658T01017,WEALTH,EQ,,,,,WEALTH FRST PORT. MG. LTD,848.30,862.00,840.00,851.25,846.00,848.30,,851.25,,,1205,1023713.10,113,F1,1,,,,,
2026-08-31,2026-08-31,CM,NSE,STK,14602,INE855C01023,WEBELSOLAR,EQ,,,,,WEBSOL ENERGY SYSTEM LTD,78.00,78.99,75.75,76.47,76.30,77.84,,76.49,,,1874235,144581241.49,16657,F1,1,,,,,
2026-08-31,2026-08-31,CM,NSE,STK,3748,INE080A01014,WEIZMANIND,EQ,,,,,WEIZMANN LTD,75.00,75.00,70.86,73.12,73.15,74.09,,73.69,,,4101,301361.18,126,F1,1,,,,,
2026-08-31,2026-08-31,CM,NSE,STK,11821,INE191B01025,WELCORP,EQ,,,,,WELSPUN CORP LIMITED,2350.50,2425.00,2328.00,2391.00,2370.10,2373.80,,2390.92,,,1286940,3062015512.60,57372,F1,1,,,,,
2026-08-31,2026-08-31,CM,NSE,STK,11626,INE625G01013,WELENT,EQ,,,,,WELSPUN ENTERPRISES LTD.,672.00,696.00,665.05,685.30,688.80,670.30,,685.48,,,336991,228553772.15,11015,F1,1,,,,,
2026-08-31,2026-08-31,CM,NSE,STK,19804,INE389K01018,WELINV,BE,,,,,WELSPUN INV & COMM LTD,2259.20,2304.00,2214.10,2214.10,2214.10,2259.20,,2138.25,,,646,1461818.20,35,F1,1,,,,,
2026-08-31,2026-08-31,CM,NSE,STK,11253,INE192B01031,WELSPUNLIV,EQ,,,,,WELSPUN LIVING LIMITED,189.00,198.00,187.31,196.21,195.10,190.46,,196.21,,,3865770,750233550.92,36207,F1,1,,,,,
2026-08-31,2026-08-31,CM,NSE,STK,762971,INE731F01037,WELSPLSOL,EQ,,,,,WELSPUN SPECIALTY SOL L,53.21,53.79,52.42,52.87,52.75,53.29,,52.89,,,246905,13123894.77,1903,F1,1,,,,,
2026-08-31,2026-08-31,CM,NSE,STK,4235,INE274C01019,WENDT,EQ,,,,,WENDT (INDIA) LIMITED,8201.00,8243.50,8104.00,8170.50,8159.00,8243.50,,8170.18,,,5830,47629582.00,1444,F1,1,,,,,
2026-08-31,2026-08-31,CM,NSE,STK,3799,INE976A01021,WSTCSTPAPR,EQ,,,,,WEST COAST PAPER MILLS LT,609.00,632.95,607.00,611.80,611.35,612.50,,610.25,,,254827,157797338.25,10199,F1,1,,,,,
2026-08-31,2026-08-31,CM,NSE,STK,25403,INE0CJF01024,WCIL,EQ,,,,,WESTERN CARRIERS (IND) L,85.98,86.19,83.75,84.01,83.76,85.74,,84.01,,,59890,5047407.51,1353,F1,1,,,,,
2026-08-31,2026-08-31,CM,NSE,STK,11580,INE274F01020,WESTLIFE,EQ,,,,,WESTLIFE FOODWORLD LTD,555.00,582.00,552.45,571.20,572.20,555.75,,571.14,,,111770,63227547.40,8860,F1,1,,,,,
2026-08-31,2026-08-31,CM,NSE,STK,759434,INE085001019,WEWORK,EQ,,,,,WEWORK INDIA MANAGEMENT L,691.60,710.10,672.00,684.65,678.50,691.60,,684.65,,,1751448,1203990893.00,56856,F1,1,,,,,
2026-08-31,2026-08-31,CM,NSE,STK,3766,INE715A01015,WHEELS,EQ,,,,,WHEELS INDIA LTD,1546.00,1578.00,1518.50,1546.40,1542.00,1547.70,,1546.39,,,117709,182366552.40,9562,F1,1,,,,,
2026-08-31,2026-08-31,CM,NSE,STK,18011,INE716A01013,WHIRLPOOL,EQ,,,,,WHIRLPOOL OF INDIA LTD,805.10,819.90,801.05,803.15,803.50,813.25,,803.15,,,273026,220252097.20,18154,F1,1,,,,,
2026-08-31,2026-08-31,CM,NSE,STK,3772,INE210A01017,WILLAMAGOR,EQ,,,,,WILLIAMSON MAGOR,24.07,25.49,23.52,23.75,25.30,24.00,,23.75,,,5064,120298.74,22,F1,1,,,,,
2026-08-31,2026-08-31,CM,NSE,STK,5366,INE0H5O01029,WINDLAS,EQ,,,,,WINDLAS BIOTECH LIMITED,998.55,1020.00,990.00,994.20,1000.00,998.55,,994.16,,,76645,77062251.70,6203,F1,1,,,,,
2026-08-31,2026-08-31,CM,NSE,STK,24969,INE052A01021,WINDMACHIN,EQ,,,,,WINDSOR MACHINES LIMITED,301.40,314.90,297.65,307.45,305.85,301.90,,307.38,,,36131,11006247.15,1229,F1,1,,,,,
2026-08-31,2026-08-31,CM,NSE,STK,23714,INE0S3D01016,WINSOL,SM,,,,,WINSOL ENGINEERS LIMITED,118.45,119.95,114.10,114.10,114.10,117.90,,114.10,,,6800,800160.00,12,F1,400,,,,,
2026-08-31,2026-08-31,CM,NSE,STK,3787,INE075A01022,WIPRO,EQ,,,,,WIPRO LTD,180.17,184.50,176.17,184.50,184.50,180.95,,184.50,,,16666567,3013541281.24,74522,F1,1,,,,,
2026-08-31,2026-08-31,CM,NSE,STK,22725,INE623Y01011,WTICAB,SM,,,,,WISE TRAVEL INDIA LIMITED,108.00,109.00,106.00,107.15,106.30,107.40,,107.15,,,13500,1462850.00,19,F1,500,,,,,
2026-08-31,2026-08-31,CM,NSE,STK,7506,INE049B01025,WOCKPHARMA,EQ,,,,,WOCKHARDT LIMITED,1974.90,1977.10,1872.00,1883.70,1885.00,1977.10,,1883.70,,,852543,1620851680.00,50625,F1,1,,,,,
2026-08-31,2026-08-31,CM,NSE,STK,19632,INE0Q9601016,WOMANCART,ST,,,,,WOMANCART LIMITED,120.00,121.95,113.25,113.25,113.25,119.20,,113.25,,,12400,1431320.00,29,F1,400,,,,,
2026-08-31,2026-08-31,CM,NSE,STK,7835,INE02WG01024,WEL,EQ,,,,,WONDER ELECTRICALS LTD,89.82,89.82,89.82,89.82,89.82,99.80,,89.82,,,1119920,100591214.40,2213,F1,1,,,,,
2026-08-31,2026-08-31,CM,NSE,STK,3002,INE066O01014,WONDERLA,EQ,,,,,WONDERLA HOLIDAYS LTD.,540.35,542.55,530.05,537.25,540.25,537.10,,537.30,,,81829,43972164.95,4512,F1,1,,,,,
2026-08-31,2026-08-31,CM,NSE,STK,22277,INE196Y01018,WORTHPERI,EQ,,,,,WORTH PERIPHERALS LIMITED,155.94,158.11,154.00,156.45,157.00,159.55,,156.40,,,8032,1256222.73,872,F1,1,,,,,
2026-08-31,2026-08-31,CM,NSE,STK,11705,INE692G01013,XCHANGING,EQ,,,,,XCHANGING SOLUTIONS LTD,61.29,61.92,60.45,60.94,60.99,61.38,,60.95,,,42468,2588911.80,690,F1,1,,,,,
2026-08-31,2026-08-31,CM,NSE,STK,8477,INE01P501012,XELPMOC,EQ,,,,,XELPMOC DESIGN & TECH LTD,82.80,82.80,78.50,80.94,81.45,81.64,,80.45,,,6555,528696.40,319,F1,1,,,,,
2026-08-31,2026-08-31,CM,NSE,STK,11407,INE445C01015,XPROINDIA,EQ,,,,,XPRO INDIA LIMITED,1124.80,1159.90,1119.00,1148.20,1141.10,1139.40,,1148.19,,,39344,44873167.30,3647,F1,1,,,,,
2026-08-31,2026-08-31,CM,NSE,STK,25235,INE547B01028,XTGLOBAL,EQ,,,,,XTGLOBAL INFOTECH LIMITED,32.80,33.00,30.50,30.90,30.91,32.16,,30.90,,,63021,2000479.02,812,F1,1,,,,,
2026-08-31,2026-08-31,CM,NSE,STK,764312,INE0NG701011,XTRANET,EQ,,,,,XTRANET TECHNOLOGIES LTD,200.77,206.39,190.07,194.82,196.80,197.11,,194.80,,,3347062,663610627.73,50671,F1,1,,,,,
2026-08-31,2026-08-31,CM,NSE,STK,760870,INE0U0J01015,YAAP,SM,,,,,YAAP DIGITAL LIMITED,130.00,130.00,117.00,122.30,124.80,130.00,,122.30,,,22000,2740700.00,22,F1,1000,,,,,
2026-08-31,2026-08-31,CM,NSE,STK,23451,INE0TO601017,YASHOPTICS,SM,,,,,YASH OPTICS & LENS LTD,120.00,128.00,119.00,124.75,128.00,117.30,,124.75,,,47200,5775240.00,39,F1,800,,,,,
2026-08-31,2026-08-31,CM,NSE,STK,18131,INE616Z01012,YASHO,EQ,,,,,YASHO INDUSTRIES LIMITED,4315.00,4371.00,4179.70,4208.50,4214.90,4338.80,,4209.52,,,25119,107057780.30,6348,F1,1,,,,,
2026-08-31,2026-08-31,CM,NSE,STK,17738,INE0JO301016,YATHARTH,EQ,,,,,YATHARTH HOSP & TRA C S L,969.00,1012.50,960.30,1001.90,1004.85,967.40,,1001.92,,,654071,648096676.85,29082,F1,1,,,,,
2026-08-31,2026-08-31,CM,NSE,STK,18760,INE0JR601024,YATRA,EQ,,,,,YATRA ONLINE LIMITED,109.00,109.00,105.55,106.42,106.45,109.82,,106.42,,,795986,84902989.67,7094,F1,1,,,,,
2026-08-31,2026-08-31,CM,NSE,STK,11915,INE528G01035,YESBANK,EQ,,,,,YES BANK LIMITED,22.07,22.83,21.98,22.83,22.83,22.10,,22.83,,,102020136,2271699155.18,72091,F1,1,,,,,
2026-08-31,2026-08-31,CM,NSE,STK,765010,INE290E01011,YOGI,EQ,,,,,YOGI LTD.,166.22,166.22,154.00,162.95,162.95,165.40,,155.01,,,1984,318510.55,43,F1,1,,,,,
2026-08-31,2026-08-31,CM,NSE,STK,18040,INE09FA01019,YUDIZ,SM,,,,,YUDIZ SOLUTIONS LIMITED,22.70,23.50,22.70,23.50,23.50,23.85,,23.50,,,7200,164720.00,3,F1,800,,,,,
2026-08-31,2026-08-31,CM,NSE,STK,5501,INE384C01016,YUKEN,EQ,,,,,YUKEN INDIA LIMITED,990.00,1009.00,976.60,989.10,1000.85,993.40,,989.12,,,12673,12518061.25,1092,F1,1,,,,,
2026-08-31,2026-08-31,CM,NSE,STK,4229,INE116C01012,ZFSTEERING,EQ,,,,,Z F STEERING GEAR (I) LTD,678.00,678.00,666.00,666.20,671.00,670.95,,666.20,,,1340,896659.60,91,F1,1,,,,,
2026-08-31,2026-08-31,CM,NSE,STK,23976,INE0ISZ01012,ZTECH,SM,,,,,Z-TECH (INDIA) LIMITED,481.00,482.00,475.00,480.05,480.00,473.65,,480.05,,,5100,2446305.00,15,F1,300,,,,,
2026-08-31,2026-08-31,CM,NSE,STK,18608,INE07K301024,ZAGGLE,EQ,,,,,ZAGGLE PREPA OCEAN SER L,190.05,190.25,183.10,184.50,184.75,190.26,,184.50,,,1444296,267528122.90,15661,F1,1,,,,,
2026-08-31,2026-08-31,CM,NSE,STK,3812,INE256A01028,ZEEL,EQ,,,,,ZEE ENTERTAINMENT ENT LTD,101.00,101.18,86.90,93.58,93.74,101.51,,93.58,,,109254600,10123028350.04,309613,F1,1,,,,,
2026-08-31,2026-08-31,CM,NSE,STK,20856,INE565L01011,ZEELEARN,BE,,,,,ZEE LEARN LIMITED,7.70,7.88,7.55,7.62,7.66,7.91,,7.62,,,357821,2740540.65,489,F1,1,,,,,
2026-08-31,2026-08-31,CM,NSE,STK,14003,INE966H01019,ZEEMEDIA,EQ,,,,,ZEE MEDIA CORPORATION LTD,8.71,9.20,8.30,8.65,8.67,8.93,,8.65,,,5363712,46130121.14,5084,F1,1,,,,,
2026-08-31,2026-08-31,CM,NSE,STK,7508,INE251B01027,ZENTEC,EQ,,,,,ZEN TECHNOLOGIES LIMITED,1814.00,1815.80,1759.80,1779.10,1780.00,1820.10,,1779.13,,,500169,890379595.80,40310,F1,1,,,,,
2026-08-31,2026-08-31,CM,NSE,STK,22803,INE0QWN01013,ZENITHDRUG,SM,,,,,ZENITH DRUGS LIMITED,42.10,42.10,42.10,42.10,42.10,44.35,,42.10,,,1600,67360.00,2,F1,800,,,,,
2026-08-31,2026-08-31,CM,NSE,STK,4176,INE058B01018,ZENITHEXPO,EQ,,,,,ZENITH EXPORTS LTD,214.78,214.78,205.40,214.33,214.40,214.78,,214.33,,,58,12389.28,9,F1,1,,,,,
2026-08-31,2026-08-31,CM,NSE,STK,14562,INE318D01020,ZENITHSTL,EQ,,,,,ZENITH STEEL PIP IND LTD,5.48,5.48,5.20,5.34,5.39,5.37,,5.35,,,63572,339082.14,270,F1,1,,,,,
2026-08-31,2026-08-31,CM,NSE,STK,1076,INE520A01027,ZENSARTECH,EQ,,,,,ZENSAR TECHNOLOGIES  LTD,470.60,475.70,456.00,460.35,463.00,470.60,,460.33,,,1334200,613168406.80,34778,F1,1,,,,,
2026-08-31,2026-08-31,CM,NSE,STK,22901,INF0R8F01042,GOLDCASE,EQ,,,,,ZERODHAAMC - GOLDCASE,25.40,25.40,23.96,24.22,24.23,24.90,,24.22,,,14675221,354783651.25,16313,F1,1,,,,,
2026-08-31,2026-08-31,CM,NSE,STK,21750,INF0R8F01034,LIQUIDCASE,EQ,,,,,ZERODHAAMC - LIQUIDCASE,115.71,115.73,115.71,115.71,115.72,115.70,,115.71,,,18542895,2145727308.65,15547,F1,1,,,,,
2026-08-31,2026-08-31,CM,NSE,STK,758705,INF0R8F01133,LTGILTCASE,EQ,,,,,ZERODHAAMC - LTGILTCASE,30.58,30.58,30.30,30.40,30.41,30.54,,30.40,,,120693,3671165.87,207,F1,1,,,,,
2026-08-31,2026-08-31,CM,NSE,STK,24077,INF0R8F01059,MID150CASE,EQ,,,,,ZERODHAAMC - MID150CASE,11.87,12.11,11.72,11.78,11.83,11.87,,11.78,,,1533526,18052852.21,5069,F1,1,,,,,
2026-08-31,2026-08-31,CM,NSE,STK,759302,INF0R8F01166,NIFTYCASE,EQ,,,,,ZERODHAAMC - NIFTYCASE,9.69,11.61,9.50,9.75,9.75,9.69,,9.75,,,1517025,14733019.36,2063,F1,1,,,,,
2026-08-31,2026-08-31,CM,NSE,STK,30274,INF0R8F01091,SILVERCASE,EQ,,,,,ZERODHAAMC - SILVERCASE,24.49,24.98,23.32,23.72,23.69,24.49,,23.72,,,10708909,252657277.34,11988,F1,1,,,,,
2026-08-31,2026-08-31,CM,NSE,STK,758955,INF0R8F01141,SML100CASE,EQ,,,,,ZERODHAAMC - SML100CASE,11.52,11.52,11.26,11.34,11.39,11.42,,11.34,,,2284608,25917899.89,2146,F1,1,,,,,
2026-08-31,2026-08-31,CM,NSE,STK,24081,INF0R8F01067,TOP100CASE,EQ,,,,,ZERODHAAMC - TOP100CASE,10.74,10.74,10.56,10.60,10.62,10.67,,10.60,,,823495,8725385.30,1506,F1,1,,,,,
2026-08-31,2026-08-31,CM,NSE,STK,16915,INE342J01019,ZFCVINDIA,EQ,,,,,ZF COM VE CTR SYS IND LTD,2554.40,2565.20,2505.80,2534.60,2538.00,2568.00,,2534.62,,,71018,179717902.60,17400,F1,1,,,,,
2026-08-31,2026-08-31,CM,NSE,STK,12384,INE518E01015,ZIMLAB,EQ,,,,,ZIM LABORATORIES LIMITED,125.46,127.04,120.51,122.69,125.00,125.46,,122.84,,,78786,9706366.73,652,F1,1,,,,,
2026-08-31,2026-08-31,CM,NSE,STK,3821,INE206B01013,ZODIACLOTH,EQ,,,,,ZODIAC CLOTHING CO. LTD.,73.00,74.50,72.12,73.40,73.89,73.19,,73.91,,,3485,254974.14,67,F1,1,,,,,
2026-08-31,2026-08-31,CM,NSE,STK,7129,INE761Y01019,ZODIAC,EQ,,,,,ZODIAC ENERGY LIMITED,236.00,246.00,236.00,243.65,245.95,247.25,,243.63,,,9639,2343540.80,435,F1,1,,,,,
2026-08-31,2026-08-31,CM,NSE,STK,11394,INE358U01012,ZOTA,EQ,,,,,ZOTA HEALTH CARE LIMITED,1077.00,1080.30,1050.00,1053.80,1057.00,1082.70,,1053.80,,,54364,57879919.30,3765,F1,1,,,,,
2026-08-31,2026-08-31,CM,NSE,STK,29050,INE840M01016,ZUARI,EQ,,,,,ZUARI AGRO CHEMICALS LTD,240.70,240.76,230.92,231.48,231.05,240.76,,231.48,,,176030,41320808.42,4277,F1,1,,,,,
2026-08-31,2026-08-31,CM,NSE,STK,3827,INE217A01012,ZUARIIND,EQ,,,,,ZUARI INDUSTRIES LIMITED,270.00,279.90,267.00,271.70,272.90,272.95,,271.69,,,96647,26378147.20,2655,F1,1,,,,,
2026-08-31,2026-08-31,CM,NSE,STK,7929,INE010B01027,ZYDUSLIFE,EQ,,,,,ZYDUS LIFESCIENCES LTD,1187.00,1187.00,1157.00,1161.30,1161.30,1191.00,,1161.30,,,1498294,1743094599.90,26855,F1,1,,,,,
2026-08-31,2026-08-31,CM,NSE,STK,17635,INE768C01028,ZYDUSWELL,EQ,,,,,ZYDUS WELLNESS LIMITED,530.00,535.00,518.15,530.40,531.00,526.55,,530.40,,,402088,211142314.30,37263,F1,1,,,,,
