,02-Sep-2026
The Nifty witnessed an intraday movement of about 127.65 points.The closing index was 0.59 % down as compared to the previous closing index.

, Traded Value (Rs. In Crores), 115184.52
, Traded Quantity (in Lakhs), 49579.15
, Number of Trades, 38764448
, Total Market Capitalisation (Rs. Crores), 48624627.50

,INDEX,PREVIOUS CLOSE,OPEN,HIGH,LOW,CLOSE,GAIN/LOSS
,Nifty 50,     24055.80,     23858.00,     23914.45,     23786.80,     23914.45,-141.35
,NIFTY50 EQL Wgt,     32834.80,     32594.15,     32664.15,     32440.85,     32664.15,-170.65
,NIFTY100 EQL Wgt,     34720.35,     34463.30,     34637.60,     34252.75,     34637.60,-82.75
,NIFTY100 LowVol30,     20153.35,     19985.80,     20033.80,     19911.45,     20033.80,-119.55
,NIFTY Alpha 50,     56678.40,     56373.65,     56489.75,     55945.00,     56455.85,-222.55
,NIFTY MIDCAP 150,     23252.70,     23139.05,     23140.00,     22935.35,     23114.75,-137.95
,NIFTY SMLCAP 50,      9909.05,      9865.20,      9874.10,      9794.80,      9865.80,-43.25
,NIFTY SMLCAP 250,     18363.10,     18288.50,     18293.30,     18153.60,     18256.30,-106.80
,NIFTY MIDSML 400,     21481.95,     21383.05,     21383.45,     21205.50,     21355.35,-126.60
,NIFTY200 QUALTY30,     20544.20,     20397.30,     20405.65,     20213.80,     20401.10,-143.10
,Nifty FinSrv25 50,     28159.30,     27906.25,     27973.45,     27779.75,     27956.55,-202.75
,NIFTY AlphaLowVol,     26939.50,     26760.50,     26821.10,     26606.70,     26821.10,-118.40
,Nifty200Momentm30,     30756.10,     30559.55,     30711.40,     30313.30,     30711.40,-44.70
,Nifty100ESGSecLdr,      4021.70,      3986.90,      4003.15,      3970.35,      4003.15,-18.55
,NIFTY100 ESG,      4994.55,      4952.60,      4967.55,      4924.90,      4967.55,-27.00
,NIFTY M150 QLTY50,     24514.15,     24383.75,     24388.80,     24102.65,     24238.20,-275.95
,NIFTY INDIA MFG,     16402.50,     16277.75,     16287.30,     16128.25,     16269.35,-133.15
,Nifty200 Alpha 30,     26633.55,     26476.55,     26615.45,     26240.05,     26615.45,-18.10
,NiftyM150Momntm50,     63949.90,     63666.95,     63690.90,     63148.15,     63680.10,-269.80
,Nifty50 USD,      8778.80,      8778.75,      8778.75,      8671.30,      8726.05,-52.75
,Nifty IT,     31496.70,     31164.30,     31241.15,     30668.10,     31102.90,-393.80
,Nifty Next 50,     72874.75,     72319.00,     72947.45,     71821.60,     72947.45,72.70
,Nifty Bank,     57409.60,     57006.45,     57221.10,     56823.20,     57172.00,-237.60
,NIFTY MIDCAP 100,     63334.50,     62988.85,     63007.25,     62445.15,     63001.60,-332.90
,Nifty 500,     23339.90,     23176.95,     23226.20,     23058.30,     23222.80,-117.10
,Nifty 100,     25157.40,     24953.35,     25041.65,     24861.15,     25041.65,-115.75
,Nifty Midcap 50,     18248.80,     18136.70,     18138.30,     17966.55,     18120.20,-128.60
,Nifty Realty,       891.30,       883.75,       894.25,       868.20,       893.15,1.85
,Nifty Infra,      9209.25,      9150.90,      9212.35,      9113.65,      9212.05,2.80
,Nifty Energy,     37806.10,     37706.20,     38034.95,     37504.70,     38028.40,222.30
,Nifty FMCG,     46457.15,     46186.90,     46294.10,     45880.65,     46240.55,-216.60
,Nifty MNC,     32513.70,     32291.85,     32301.75,     31945.50,     32246.60,-267.10
,Nifty Pharma,     26792.65,     26668.50,     26818.50,     26611.75,     26780.70,-11.95
,Nifty PSE,      9659.50,      9616.85,      9696.15,      9564.35,      9695.95,36.45
,Nifty PSU Bank,      8505.75,      8457.20,      8558.85,      8419.30,      8511.70,5.95
,Nifty Serv Sector,     30756.60,     30482.15,     30528.40,     30391.05,     30525.25,-231.35
,Nifty Auto,     28491.05,     28183.20,     28225.55,     27541.65,     27981.95,-509.10
,Nifty Metal,     13189.85,     13105.30,     13160.15,     13030.00,     13157.35,-32.50
,Nifty Media,      1561.45,      1554.10,      1556.20,      1530.00,      1534.10,-27.35
,NIFTY SMLCAP 100,     19886.25,     19803.40,     19833.20,     19662.15,     19812.25,-74.00
,Nifty 200,     13979.40,     13873.55,     13913.25,     13808.95,     13913.25,-66.15
,Nifty Div Opps 50,      5859.25,      5816.55,      5830.65,      5768.60,      5830.50,-28.75
,Nifty Commodities,      9704.20,      9647.00,      9756.90,      9601.80,      9756.90,52.70
,Nifty Consumption,     11782.30,     11679.30,     11703.60,     11584.85,     11703.60,-78.70
,Nifty Fin Service,     26003.90,     25777.20,     25842.40,     25670.85,     25813.05,-190.85
,Nifty50 Div Point,       189.56,       193.19,       193.19,       193.19,       193.19,3.63
,Nifty100 Liq 15,      7551.50,      7491.20,      7517.60,      7459.60,      7517.60,-33.90
,Nifty CPSE,      6387.00,      6378.20,      6432.35,      6350.80,      6429.80,42.80
,Nifty GrowSect 15,     11541.30,     11414.75,     11440.65,     11334.45,     11435.75,-105.55
,Nifty50 PR 2x Lev,     11858.95,     11662.35,     11718.00,     11593.35,     11718.00,-140.95
,Nifty50 PR 1x Inv,       221.25,       223.10,       223.75,       222.60,       222.60,1.35
,Nifty50 TR 2x Lev,     18069.55,     17775.45,     17860.20,     17670.30,     17860.20,-209.35
,Nifty50 TR 1x Inv,       179.55,       181.00,       181.55,       180.60,       180.60,1.05
,Nifty50 Value 20,     11864.00,     11772.50,     11834.60,     11737.45,     11811.20,-52.80
,Nifty Mid Liq 15,     17365.85,     17237.75,     17244.35,     16995.70,     17146.00,-219.85
,Nifty Pvt Bank,     27762.10,     27555.50,     27639.20,     27501.15,     27606.80,-155.30
,NIFTY100 Qualty30,      5696.05,      5651.25,      5656.65,      5606.55,      5656.65,-39.40
,Nifty GS 8 13Yr,      3040.76,      3041.32,      3041.33,      3034.06,      3036.32,-4.44
,Nifty GS 10Yr,      2660.72,      2661.23,      2661.23,      2654.48,      2657.48,-3.24
,Nifty GS 10Yr Cln,       867.56,       867.56,       867.56,       865.31,       866.31,-1.25
,Nifty GS 4 8Yr,      3332.35,      3332.95,      3333.68,      3329.56,      3333.20,0.85
,Nifty GS 11 15Yr,      3371.98,      3372.62,      3372.64,      3362.96,      3367.18,-4.80
,Nifty GS 15YrPlus,      3539.87,      3540.60,      3540.60,      3525.26,      3528.07,-11.80
,Nifty GS Compsite,      3131.78,      3132.38,      3132.38,      3125.33,      3127.62,-4.16
,NIFTY HEALTHCARE,     16669.85,     16580.95,     16661.35,     16547.50,     16629.10,-40.75
,NIFTY CONSR DURBL,     39864.90,     39562.70,     39768.55,     39192.50,     39741.65,-123.25
,NIFTY OIL AND GAS,     11142.30,     11080.65,     11182.45,     11025.60,     11178.85,36.55
,NIFTY500 MULTICAP,     16593.35,     16489.30,     16511.65,     16393.15,     16506.35,-87.00
,NIFTY LARGEMID250,     16729.70,     16621.30,     16642.75,     16518.00,     16641.45,-88.25
,NIFTY MID SELECT,     14813.35,     14715.45,     14719.95,     14551.90,     14663.65,-149.70
,NIFTY TOTAL MKT,     13190.25,     13100.10,     13125.70,     13032.60,     13123.55,-66.70
,NIFTY MICROCAP250,     26284.80,     26187.50,     26206.60,     26006.65,     26130.25,-154.55
,NIFTY IND DIGITAL,      8867.30,      8802.05,      8809.35,      8704.35,      8802.20,-65.10
,Nifty Tata 25 Cap,     14421.40,     14294.20,     14371.85,     14184.30,     14371.85,-49.55
,Nifty MidSml Hlth,     52155.25,     52018.25,     52132.30,     51729.30,     52075.20,-80.05
,Nifty Multi Mfg,     16945.60,     16831.70,     16839.30,     16687.80,     16808.95,-136.65
,Nifty Multi Infra,     14433.60,     14357.85,     14407.85,     14270.50,     14403.40,-30.20
,BHARATBOND-APR30,      1607.32,      1607.64,      1607.96,      1607.64,      1607.96,0.64
,BHARATBOND-APR31,      1457.38,      1457.67,      1457.68,      1457.67,      1457.68,0.30
,BHARATBOND-APR32,      1321.98,      1322.23,      1322.24,      1322.23,      1322.24,0.26
,BHARATBOND-APR33,      1280.75,      1281.00,      1281.01,      1281.00,      1281.01,0.26
,Nifty Ind Defence,      9647.65,      9598.20,      9623.50,      9497.80,      9621.35,-26.30
,Nifty Ind Tourism,      7814.65,      7753.45,      7794.95,      7666.50,      7792.10,-22.55
,Nifty Capital Mkt,      5391.00,      5356.30,      5378.30,      5295.00,      5352.60,-38.40
,Nifty500Momentm50,     55071.60,     54768.50,     54799.60,     54357.70,     54770.10,-301.50
,NiftyMS400 MQ 100,     51997.30,     51768.90,     51771.20,     51228.05,     51514.20,-483.10
,NiftySml250MQ 100,     48904.80,     48692.55,     48710.15,     48301.45,     48485.65,-419.15
,Nifty Top 10 EW,      8661.55,      8594.70,      8623.15,      8559.75,      8609.95,-51.60
,Nifty AQL 30,     22877.05,     22723.05,     22737.85,     22542.45,     22698.20,-178.85
,Nifty AQLV 30,     20124.15,     19998.65,     20010.75,     19888.50,     20010.75,-113.40
,Nifty EV,      3297.65,      3272.65,      3275.70,      3216.85,      3243.25,-54.40
,Nifty HighBeta 50,      4408.00,      4375.10,      4402.25,      4330.20,      4400.15,-7.85
,Nifty New Consump,     12070.90,     11971.40,     12005.80,     11846.90,     12003.40,-67.50
,Nifty Corp MAATR,     38592.55,     38304.30,     38561.45,     38024.10,     38558.90,-33.65
,Nifty Low Vol 50,     24528.00,     24351.90,     24379.60,     24231.25,     24376.55,-151.45
,Nifty Mobility,     23417.35,     23177.00,     23201.50,     22823.25,     23143.85,-273.50
,Nifty Qlty LV 30,     16651.65,     16538.30,     16549.35,     16436.50,     16525.40,-126.25
,Nifty Sml250 Q50,     25421.95,     25319.25,     25328.45,     25069.35,     25196.75,-225.20
,Nifty Top 15 EW,      9768.35,      9686.20,      9705.10,      9646.25,      9696.85,-71.50
,Nifty100 Alpha 30,     17982.20,     17830.20,     17949.55,     17701.95,     17949.55,-32.65
,Nifty100 Enh ESG,      5027.60,      4985.35,      5000.40,      4957.50,      5000.40,-27.20
,Nifty200 Value 30,     14746.50,     14669.55,     14806.35,     14604.15,     14806.35,59.85
,Nifty500 EW,     15000.80,     14932.20,     14934.90,     14812.75,     14925.25,-75.55
,Nifty Multi MQ 50,     41801.60,     41602.00,     41604.25,     41207.80,     41484.85,-316.75
,Nifty500 Value 50,     15892.70,     15815.10,     15948.70,     15742.55,     15946.00,53.30
,Nifty Top 20 EW,      8880.50,      8801.60,      8830.75,      8767.80,      8830.75,-49.75
,Nifty CoreHousing,     15559.70,     15478.40,     15479.45,     15283.20,     15460.45,-99.25
,Nifty FinSerExBnk,     31930.55,     31695.35,     31817.35,     31411.45,     31814.50,-116.05
,Nifty Housing,     11768.00,     11689.40,     11749.75,     11631.30,     11749.75,-18.25
,Nifty IPO,      2381.55,      2377.50,      2385.85,      2362.30,      2383.05,1.50
,Nifty MS Fin Serv,     22551.10,     22436.25,     22466.50,     22222.20,     22466.45,-84.65
,Nifty MS Ind Cons,     18636.80,     18520.75,     18540.40,     18324.40,     18539.55,-97.25
,Nifty MS IT Telcm,     10274.30,     10209.45,     10227.60,     10080.70,     10200.60,-73.70
,Nifty NonCyc Cons,     15158.85,     15040.00,     15093.35,     14959.10,     15093.35,-65.50
,Nifty Rural,     15214.80,     15107.30,     15112.70,     14980.65,     15112.70,-102.10
,Nifty Shariah 25,      8009.45,      7957.05,      7959.00,      7878.85,      7932.85,-76.60
,Nifty Trans Logis,     26136.65,     25873.75,     25902.25,     25434.70,     25783.60,-353.05
,Nifty50 Shariah,      4287.75,      4252.30,      4256.85,      4220.10,      4253.40,-34.35
,Nifty500 LMS Eql,     18598.45,     18493.10,     18505.05,     18371.30,     18497.00,-101.45
,Nifty500 Shariah,      7033.70,      6987.75,      6988.75,      6931.00,      6971.85,-61.85
,Nifty500 Qlty50,     19740.85,     19619.40,     19633.65,     19430.85,     19624.80,-116.05
,Nifty500 LowVol50,     22158.80,     22023.20,     22095.65,     21937.90,     22094.30,-64.50
,Nifty500 MQVLv50,     30397.15,     30267.75,     30413.40,     30116.50,     30404.60,7.45
,Nifty500 Flexicap,     10082.65,     10010.20,     10012.15,      9897.15,      9944.95,-137.70
,Nifty TMMQ 50,     44650.60,     44409.50,     44424.35,     43966.65,     44316.95,-333.65
,Nifty FPI 150,      1562.40,      1550.35,      1555.65,      1542.60,      1555.65,-6.75
,Nifty SME Emerge,     14571.70,     14560.00,     14643.55,     14546.50,     14622.75,51.05
,Nifty Internet,      1458.40,      1447.90,      1453.70,      1433.30,      1452.95,-5.45
,Nifty Chemicals,     30069.20,     29940.35,     30067.65,     29656.95,     30052.40,-16.80
,Nifty Waves,      1876.55,      1871.20,      1872.20,      1847.10,      1850.00,-26.55
,Nifty InfraLog,     11915.90,     11844.65,     11898.75,     11749.50,     11897.05,-18.85
,Nifty500 Health,     21696.55,     21607.85,     21683.30,     21549.60,     21655.80,-40.75
,Nifty RailwaysPSU,      2769.95,      2756.60,      2762.35,      2731.15,      2749.30,-20.65
,NiftyConglomerate,     15179.30,     15062.65,     15143.20,     14964.65,     15142.35,-36.95
,Nifty MidSmall 50 50,     20966.85,     20873.05,     20873.40,     20704.35,     20843.75,-123.10
,Nifty Cement,     14587.60,     14551.25,     14551.30,     14339.90,     14521.25,-66.35
,Nifty Smallcap 500,     20952.95,     20871.50,     20877.15,     20723.90,     20831.40,-121.55
,Nifty REITs Realty,      1928.55,      1921.45,      1931.35,      1907.15,      1929.00,0.45
,India VIX,11.4925,11.4925,12.1125,10.5475,11.5925,0.1000

,ADVANCES,1479
,DECLINES,2233
,UNCHANGED,107

,Total securities that have hit their price bands today,259

,TOP 25 Securities Today :
,SYMBOL,SERIES,PREV. CLOSE,CLOSE PRICE,%VAR,VALUE(Rs Crs)
,IFCI,EQ,        87.26,        98.32,12.67,4103.91
,HDFCBANK,EQ,       711.90,       700.80,-1.56,2594.71
,BSE,EQ,      3242.00,      3168.00,-2.28,2070.38
,RELIANCE,EQ,      1309.00,      1313.10,0.31,1766.81
,COALINDIA,EQ,       401.60,       417.85,4.05,1423.74
,SBIN,EQ,      1034.50,      1020.90,-1.31,1415.57
,MILKYMIST,EQ,       232.03,       252.04,8.62,1399.51
,KALYANKJIL,EQ,       573.00,       590.00,2.97,1228.33
,ICICIBANK,EQ,      1438.00,      1426.50,-0.80,1214.65
,TBZ,EQ,       366.80,       418.25,14.03,1127.77
,ANTELOPUS,EQ,       792.65,       951.15,20.00,1122.33
,ATHERENERG,EQ,      1725.60,      1686.10,-2.29,1073.56
,INFY,EQ,      1156.00,      1140.00,-1.38,972.05
,HEROMOTOCO,EQ,      5555.00,      5300.00,-4.59,919.44
,M&M,EQ,      3259.00,      3190.00,-2.12,916.25
,TEMPSENS,EQ,       539.05,       566.30,5.06,902.58
,SYMBIOTEC,EQ,      1097.70,      1092.80,-0.45,896.19
,EICHERMOT,EQ,      7970.00,      7711.50,-3.24,852.16
,AXISBANK,EQ,      1258.00,      1253.90,-0.33,809.00
,MCX,EQ,      3303.00,      3286.00,-0.51,806.55
,MARUTI,EQ,     12950.00,     12849.00,-0.78,781.70
,BHARTIARTL,EQ,      1877.20,      1862.80,-0.77,769.64
,IDEA,EQ,        14.06,        14.53,3.34,759.68
,DHOOTTRANS,EQ,      1450.10,      1522.10,4.97,737.97
,HSCL,EQ,       680.85,       659.60,-3.12,735.74

,Top Five Nifty 50 Gainers:
,SYMBOL,SERIES,CLOSE PRICE,PREV.CLOSE,%CHANGE
,COALINDIA,EQ,       417.85,       401.60,4.05
,ADANIPORTS,EQ,      1672.70,      1647.50,1.53
,ADANIENT,EQ,      2891.80,      2863.90,0.97
,BAJAJFINSV,EQ,      1990.00,      1972.00,0.91
,TMPV,EQ,       312.75,       310.00,0.89

,Top Five Nifty 50 Losers:
,SYMBOL,SERIES,CLOSE PRICE,PREV.CLOSE,%CHANGE
,EICHERMOT,EQ,      7711.50,      7970.00,-3.24
,WIPRO,EQ,       177.09,       181.70,-2.54
,M&M,EQ,      3190.00,      3259.00,-2.12
,BAJAJ-AUTO,EQ,     12130.00,     12361.00,-1.87
,ASIANPAINT,EQ,      2527.50,      2575.50,-1.86

,Securities Price Volume Data in Normal market
,SYMBOL,SERIES,CLOSE PRICE,TRADED VALUE,TRADED QUANTITY
,0SCL27,YW,      1233.60,                   123360.00,100
,1003SFIL28,NX,       446.41,                    21428.00,48
,1015ECL29,NR,      1018.25,                   376823.06,370
,1018GS2026,GS,       104.60,                     1677.20,16
,1025SCL34A,ZT,      1000.00,                     1000.00,1
,1025VCCL28,N0,     94000.00,                   286000.00,3
,1040UCL27B,N1,      1006.11,                    12069.82,12
,1050UCL28,NH,      1010.05,                   273404.20,270
,1060ECL29,NS,      1088.50,                    87057.00,82
,1065NFL27,NC,      1011.00,                   303235.00,300
,1075SCL33A,N2,       906.67,                    45333.50,50
,1075WCA28,N0,      9627.20,                   381641.50,40
,10CAGL27,N5,      1015.21,                   117767.00,116
,10IIFL28,N4,      1003.00,                   617182.50,619
,10IIFL28A,NE,      1041.00,                   478410.00,460
,10ISFL26,N3,      1062.00,                   313290.00,295
,10MWL29,N0,     99500.00,                    99500.00,1
,1119NFL27,ND,      1050.00,                    94353.00,90
,113ESFB31,N0,    100000.00,                   100000.00,1
,1150AFIL29,N0,      9909.20,                    49593.20,5
,125VCCL31,N0,     97511.00,                   580070.00,6
,12AFIL27,N0,      9980.84,                    30042.84,3
,12AFIL28,N0,      9974.00,                    29922.00,3
,20MICRONS,EQ,       211.36,                 19117720.14,90223
,21STCENMGM,EQ,        38.85,                   226747.72,5812
,360ONE,EQ,      1181.30,                765774597.80,666823
,364D031226,TB,        98.00,                  1479856.00,15100
,364D060527,TB,        95.60,                  6405200.00,67000
,364D170926,TB,        99.21,                   694495.00,7000
,3BBLACKBIO,EQ,      1478.60,                 78639719.10,50928
,3IINFOLTD,BE,        22.43,                  2931814.46,131772
,3MINDIA,EQ,     32895.00,                 61177925.00,1858
,3PLAND,EQ,        32.75,                    29027.23,911
,574GS2026,GS,       101.05,                      101.05,1
,591GS2028,GS,        99.78,                   374901.60,3760
,5PAISA,EQ,       336.55,                  9156686.85,26993
,601GS2030,GS,        99.00,                     9900.00,100
,603GS2029,GS,        98.50,                   493575.00,5000
,610GS2031,GS,        99.00,                   297898.89,3003
,620GS2029,GS,        99.98,                   105332.34,1056
,628GS2032,GS,        99.50,                   930225.50,9349
,636GS2031,GS,       100.00,                      100.00,1
,63MOONS,EQ,       805.10,                354647129.35,444235
,645GS2029,GS,       103.20,                      103.20,1
,667GS2050,GS,        92.25,                   491871.90,5339
,668GS2040,GS,        97.93,                    43330.66,442
,676GS2061,GS,        90.79,                 11401658.34,125937
,690GS2065,GS,        93.48,                  9518772.95,101928
,692GS2039,GS,        99.00,                    10890.00,110
,694GS2036,GS,       102.40,                   133067.00,1300
,695GS2061,GS,        93.00,                   639793.57,6901
,698GR2054,GS,        93.10,                     9310.00,100
,702GS2027,GS,       103.00,                   207030.00,2010
,706GS2028,GS,       104.20,                   473521.38,4560
,706GS2041,GS,        99.25,                   680348.60,6775
,709GS2054,GS,        95.65,                  1068908.00,11163
,709GS2074,GS,        95.50,                   886724.58,9285
,710GS2029,GS,       104.30,                  2622498.42,25148
,716GS2050,GS,       102.00,                    45900.00,450
,718GS2037,GS,       102.27,                  7814393.80,76402
,720PFCL36,N6,      1000.58,                    73042.34,73
,723GJ27,SG,       101.60,                   274320.00,2700
,724GS2055,GS,        97.15,                 13974185.80,144021
,724UP36,SG,        95.00,                    95000.00,1000
,725GS2063,GS,        96.81,                 47083794.88,486161
,726GS2032,GS,       103.00,                   452192.00,4400
,726GS2033,GS,       102.55,                  2338995.00,22850
,732GS2030,GS,       102.57,                    67386.50,650
,733GS2026,GS,       102.25,                   224293.00,2200
,734GS2064,GS,        98.83,                 16442149.08,166235
,734IRFC28,N4,      1088.00,                   151232.00,139
,735NABAR31,N1,      1110.00,                  1168869.15,1036
,736RJ37,SG,        93.10,                     9310.00,100
,737GS2028,GS,       106.58,                  1341684.72,12814
,738GS2027,GS,       102.63,                 17243431.38,168119
,739NHAI31A,ND,      1146.05,                    24067.05,21
,73GS2053,GS,        98.83,                  2063009.83,20989
,741GS2036,GS,       104.40,                  3925866.77,37549
,743GS2076,GS,        99.82,                  1638116.69,16473
,743REC35,NH,      1215.00,                  1206966.00,1000
,746GS2073,GS,       101.50,                   817810.00,8082
,747GJ28,SG,       100.73,                    10073.00,100
,74GS2062,GS,       102.99,                    21428.89,208
,753IRFC30,NJ,      1138.00,                   652407.16,575
,754GS2036,GS,       106.08,                 34269678.45,323043
,757GS2033,GS,       105.00,                   815325.00,7765
,760PFCL35,N3,      1211.11,                  1537697.99,1249
,762NTPC35F,ND,      1218.10,                  1310378.00,1066
,764HUDCO31,N8,      1117.00,                    39095.00,35
,764IRFC31,NO,      1146.00,                    57300.00,50
,764NABAR31,N2,      1115.00,                  1758832.65,1584
,769NHAI31,NE,      1150.15,                  1170683.26,1014
,769TN33,SG,       102.00,                    10200.00,100
,76KA38,SG,        99.00,                    19800.00,200
,76NHAI31,NA,      1112.27,                  1371916.55,1230
,771GS2066,GS,       103.83,                  1506991.07,14517
,774IREDA31,N7,      1124.18,                   292287.50,260
,777HP49,SG,        97.00,                     9700.00,100
,778HP44,SG,        99.00,                     9900.00,100
,77RJ32,SG,       102.00,                    10200.00,100
,783AP43,SG,        95.00,                   190460.00,2000
,788UP46,SG,        95.37,                    95370.00,1000
,797IGT31,NL,      1010.00,                    10100.00,10
,79IGT28,NF,      1020.00,                    76500.00,75
,79NHIT35,N1,       310.96,                  1713387.34,5527
,79NHIT40,N2,       311.53,                  2270105.08,7301
,79NHIT47,N3,       416.53,                   583168.10,1400
,807AP51,SG,       100.00,                    10000.00,100
,810IRFC27,N2,      1081.71,                   378657.50,350
,812REC27,NI,      1025.64,                    17444.44,17
,81ABCL33,N4,      1050.01,                    10500.10,10
,82HUDCO27,N2,      1051.10,                  1429429.42,1359
,82IGT31,NJ,      1032.00,                  1804944.80,1750
,830NHAI27,N2,      1085.91,                   756059.20,696
,842IIFL26,NL,       996.00,                    55956.14,56
,848AEL29,NJ,      1010.00,                    10100.00,10
,852IIFL29,Y5,       994.00,                      994.00,1
,85PFL26A,N7,      1086.01,                    20634.19,19
,862AEL31,NM,      1015.00,                     5075.00,5
,863IRFC29,NC,      1155.00,                   352275.00,305
,865IIFL28,NS,       995.25,                  1820996.50,1830
,865IIFL31,Y6,       987.00,                    19740.00,20
,865IRFC29,NA,      1105.85,                  2208210.10,1996
,865SCL26,N8,      1001.00,                    11010.97,11
,865TCAPS27,N8,      1010.50,                   123052.08,122
,871REC28,N9,      1123.00,                  1235553.50,1100
,875NHAI29,N6,      1111.11,                   322004.61,290
,876HUDCO28,ND,      1131.44,                  1520214.60,1343
,880IREDA29,N5,      1130.00,                    16950.00,15
,880IREDA34,N6,      1280.00,                  1280000.00,1000
,885AEL28,NB,      1035.00,                   118755.00,113
,885TCAPS29,NC,      1045.85,                    10458.50,10
,888ECL28,N1,       984.01,                   277855.25,282
,888IRFC29,NE,      1128.50,                   259759.00,230
,888REC29,NF,      1140.00,                    57000.00,50
,888SCL25E,N4,       939.00,                    10383.00,11
,890AEL31,NN,      1055.21,                  2909259.71,2761
,891IIFCL34,N4,      1255.01,                   376503.00,300
,892NHPC33,N6,      1260.00,                   113400.00,90
,892PFCL33,N8,      1286.87,                   484978.10,377
,893NHB29,N6,      5600.00,                     5600.00,1
,895AEL27,N9,      1010.50,                    50528.00,50
,897GS2030,GS,       111.50,                   273000.00,2450
,901HUDCO34,NE,      1284.99,                   385497.50,300
,901NHB34,N6,      6387.00,                  7996733.20,1240
,902SCL28,N1,       999.00,                   499556.50,500
,903SFL28,YI,      1034.00,                   165595.00,160
,905SC24B,Z9,       999.90,                      999.90,1
,905SCL36,N0,    101000.00,                 15150000.00,150
,910TCAP28,NA,      1114.99,                   569735.00,511
,915AEL28,NC,      1019.00,                    10190.00,10
,915APSBC28,N0,    101000.01,                   202000.02,2
,915APSBC31,N0,    103999.00,                  1041161.16,10
,915SCL26,NE,      1081.00,                    80933.20,75
,91D011026,TB,        99.44,                    19888.00,200
,91D081026,TB,        99.31,                     9931.00,100
,91D191126,TB,        98.25,                    88425.00,900
,925ECL28,N2,      1021.78,                   112306.80,110
,925ISF28,N0,      9605.55,                    48210.66,5
,925SCL27B,N1,      1001.00,                    10010.00,10
,92GS2030,GS,       116.98,                    17324.04,152
,930AEL30,NF,      1039.79,                   113965.35,110
,930APMD27,N0,     76615.00,                   153230.00,2
,930APMD29,N0,    103990.00,                   103990.00,1
,930SFL28,YP,      1048.00,                   162630.30,155
,935LTF29,N5,      1100.60,                    99173.70,90
,935TSIIC28,N0,    103799.97,                   103799.97,1
,93SCL24A,ZN,       999.90,                    39996.00,40
,948SCL27A,ZJ,      1000.00,                    47000.00,47
,948SCL27D,N1,      1060.00,                     5300.00,5
,950ISF27C,N0,      9916.00,                   208258.00,21
,956AEL29,N6,      1030.00,                   120510.00,117
,957ICCL25,YW,      1042.50,                   246134.00,237
,965AEL27,N4,      1011.50,                   679746.70,672
,96IIFL28,N5,      1002.10,                  2206191.05,2203
,96IIFL28A,NF,      1003.98,                  1088134.31,1085
,970CAGL28,ND,      1020.99,                    72494.10,71
,971SCL29T,N1,       998.00,                    29940.00,30
,971SCL30,N1,      1029.84,                    26775.84,26
,97SFL29,YZ,      1091.00,                   103645.00,95
,980SCL33D,YG,      1002.00,                     1002.00,1
,985ECL28,NK,      1002.00,                   191270.60,188
,985SFIL28,NO,       395.01,                    29287.70,75
,990SCL27,YT,      1030.20,                     3090.60,3
,990SCL28,N1,      1047.36,                    10473.60,10
,99AEL29,N7,      1059.75,                    33912.64,32
,9AEL30,NE,      1050.00,                   107068.04,102
,9IIFL28A,NT,      1040.00,                   650000.00,625
,9IIFL31,Y9,      1014.00,                   140607.00,138
,9PCPL28A,N0,      9713.00,                    29175.00,3
,9SCL26BA,NA,      1080.00,                    10800.00,10
,A2ZINFRA,EQ,        16.40,                  2747360.80,167484
,AAATECH,EQ,        93.07,                   912625.32,9744
,AADHARHFC,EQ,       475.40,                113903270.10,240290
,AAKAAR,SM,        62.00,                   698480.00,11200
,AAKASH,EQ,         8.67,                   629877.08,72356
,AARADHYA,SM,       102.95,                  3867720.00,38400
,AAREYDRUGS,EQ,        91.72,                 13557250.47,146358
,AARNAV,BE,        32.10,                   199278.03,6179
,AARON,EQ,       125.95,                  1085185.07,8560
,AARTECH,BE,        49.81,                  3382499.07,68063
,AARTIDRUGS,EQ,       417.80,                 71657332.55,170806
,AARTIIND,EQ,       505.20,                468212999.45,917705
,AARTIPHARM,EQ,       867.25,                298815762.85,343720
,AARTISURF,BE,       526.05,                 11500219.15,22238
,AARVI,EQ,       143.08,                  4276065.59,29676
,AASTHA,EQ,        79.19,                 24333623.49,304911
,AAVAS,EQ,      1258.70,                289446209.10,229811
,ABAN,BE,        14.83,                   895557.21,60782
,ABANSENT,EQ,        27.58,                   400529.81,14689
,ABBOTINDIA,EQ,     26045.00,                203992355.00,7827
,ABCAPITAL,EQ,       397.05,               1917482501.45,4883439
,ABCOTS,EQ,       209.57,                   519902.23,2466
,ABDL,EQ,       604.40,                 76343115.70,125467
,ABFRL,EQ,        50.47,                224515279.93,4428051
,ABGSEC,EQ,       113.51,                     5037.47,44
,ABH,ST,        89.35,                   107220.00,1200
,ABHAPOWER,SM,        23.90,                    38240.00,1600
,ABINFRA,BE,        11.27,                   978239.10,87389
,ABLBL,EQ,        82.78,                 71579741.56,860340
,ABMINTLLTD,BE,        56.10,                     7283.10,132
,ABMKNO,EQ,       190.90,                   204167.40,1070
,ABREL,EQ,      1331.10,                112772238.60,84555
,ABSL10BANK,EQ,       167.74,                     5710.68,34
,ABSLAMC,EQ,      1022.00,                406615971.00,398572
,ABSLBANETF,EQ,        58.64,                 53662493.52,916157
,ABSLLIQUID,EQ,       999.99,                  1032998.83,1033
,ABSLMSCIN,EQ,        29.37,                    16226.66,553
,ABSLNN50ET,EQ,        77.04,                  1506067.79,19744
,ABSLPSE,EQ,        10.07,                  1880840.20,186780
,ABSMARINE,SM,       289.60,                 15646500.00,54500
,ACC,EQ,      1266.60,                185400374.80,146429
,ACCELYA,EQ,      1135.10,                  5182656.60,4566
,ACCENTMIC,SM,       602.10,                 16222725.00,27000
,ACCPL,ST,       205.00,                   489600.00,2400
,ACCURACY,BE,         4.26,                   243457.39,57458
,ACE,EQ,      1090.90,                172909584.50,159180
,ACEINTEG,EQ,        17.27,                    93717.53,5445
,ACETEC,SM,       139.00,                   328800.00,2400
,ACGL,EQ,      1760.00,                  1111894.20,629
,ACI,EQ,       494.10,                312527221.15,635843
,ACL,EQ,        43.92,                   381712.16,8724
,ACMESOLAR,EQ,       398.25,                981928499.20,2449655
,ACSTECH,BE,        51.25,                  3034732.87,59299
,ACTIVEINFR,SM,       172.50,                   103500.00,600
,ACUTAAS,EQ,      3134.90,                598381006.20,190272
,ADDICTIVE,SM,        44.00,                   536525.00,12000
,ADDIND,EQ,        85.29,                    51428.48,595
,ADFFOODS,EQ,       267.70,                 28283632.50,107626
,ADISOFT,SM,       196.70,                 13251240.00,68000
,ADL,EQ,        76.40,                    99450.40,1341
,ADOR,EQ,      1730.30,                123197701.20,71667
,ADROITINFO,EQ,        10.26,                    82545.66,7962
,ADSL,EQ,       103.90,                  6297435.45,60736
,ADVAIT,EQ,      2139.00,                104860114.00,49312
,ADVANCE,EQ,       117.89,                 39437711.72,331320
,ADVANIHOTR,EQ,        49.43,                  1381435.11,27794
,ADVENTHTL,EQ,       136.89,                  6599581.45,48518
,ADVENZYMES,EQ,       292.90,                 55373719.85,188103
,ADVIKCA,EQ,         1.15,                  1034558.30,899571
,AEGISLOG,EQ,      1241.80,                887030241.60,722924
,AEGISVOPAK,EQ,       286.30,                881059623.25,3128778
,AEL120924A,N5,      1200.00,                   240000.00,200
,AEPL,EQ,        15.08,                  7234085.01,478365
,AEQUS,EQ,       245.62,                409466280.96,1668299
,AEROENTER,EQ,       140.46,                 58153834.54,413196
,AEROFLEX,EQ,       540.75,                614353472.55,1124008
,AERON,SM,        75.25,                  1483150.00,20000
,AERONEU,EQ,        80.70,                  5789495.62,72398
,AEROPLANE,EQ,       179.25,                127851571.61,711360
,AESTHETIK,SM,        69.00,                  1237300.00,18000
,AETHER,EQ,      1646.40,                386090180.40,232941
,AFCONS,EQ,       285.10,                114180321.30,402500
,AFFLE,EQ,      1517.90,                673928291.10,443298
,AFFORDABLE,EQ,       159.41,                  1185703.32,7436
,AFIL,EQ,         9.39,                  1844009.97,196038
,AFSL,EQ,       210.47,                  1450336.71,6924
,AGARIND,EQ,       450.55,                 21986780.60,49700
,AGARWALEYE,EQ,       514.25,                331031083.40,640862
,AGARWALFT,SM,        30.00,                   477975.00,16500
,AGARWALTUF,SM,       131.00,                  2690220.00,20400
,AGI,EQ,       749.45,                151500602.15,199603
,AGIIL,EQ,       280.75,                 64782529.90,231029
,AGL,EQ,        13.79,                 20858867.30,1532028
,AGRITECH,EQ,       100.90,                   380424.93,3722
,AGROPHOS,EQ,        24.99,                   835045.38,33087
,AGSTRA,BZ,         1.98,                   178499.81,89045
,AHCL,EQ,        15.56,                 25939742.49,1668193
,AHLADA,EQ,        37.27,                    95465.13,2566
,AHLEAST,EQ,       142.01,                   171161.54,1209
,AHLUCONT,EQ,       602.20,                 64217235.95,107402
,AHLWEST,BE,       535.00,                   171003.50,330
,AIAENG,EQ,      4159.70,                214239790.90,51399
,AIIL,EQ,       507.45,                530442541.70,1027128
,AILIMITED,SM,        20.25,                   121500.00,6000
,AIMTRON,SM,      1583.45,                 42163750.00,26600
,AIRAN,EQ,        14.83,                  1008041.86,68092
,AIROLAM,EQ,        86.51,                   305700.07,3469
,AISL,SM,        57.90,                    67140.00,1200
,AJANTPHARM,EQ,      3481.70,                343718499.60,99445
,AJAXENGG,EQ,       570.65,                 35820461.10,62498
,AJMERA,EQ,       115.69,                 37532153.55,326215
,AJOONI,EQ,         3.72,                   565670.47,151345
,AKANKSHA,SM,       124.00,                  2102100.00,17000
,AKASH,EQ,        25.20,                   129868.94,5134
,AKCAPIT,EQ,      1699.40,                  1800142.50,1057
,AKG,EQ,         9.21,                   128089.11,14000
,AKI,EQ,         5.48,                 16247651.57,3044554
,AKIKO,SM,       379.10,                  3628920.00,9600
,AKSHAR,EQ,         0.42,                   598183.02,1428759
,AKSHARCHEM,BE,       403.85,                 12859508.00,32662
,AKSHOPTFBR,BE,         7.41,                  2726676.99,370249
,AKUMS,EQ,       770.25,                582986947.70,750068
,ALANKIT,EQ,         7.96,                   666239.07,82889
,ALBERTDAVD,EQ,       871.70,                  3459518.10,3973
,ALEMBICLTD,EQ,       100.14,                 64295598.42,645226
,ALFREDHE,EQ,      2884.00,                   907980.60,310
,ALGOQUANT,EQ,        63.80,                 84433130.55,1328784
,ALICON,EQ,       665.50,                 15147741.05,22999
,ALIVUS,EQ,      1417.90,                800167251.10,561531
,ALKALI,BE,        68.86,                   386007.00,5599
,ALKEM,EQ,      5210.00,               1139838200.00,218220
,ALKYLAMINE,EQ,      1975.50,                277718254.50,138950
,ALLCARGO,EQ,        12.27,                198440556.99,16512418
,ALLDIGI,EQ,       796.55,                  8602456.45,10831
,ALLETEC,SM,       126.30,                   910500.00,7200
,ALLTIME,EQ,       199.61,                 36045556.15,180025
,ALMONDZ,EQ,        17.43,                  4940473.79,286311
,ALOKINDS,EQ,         7.73,                881579744.03,117258835
,ALPA,EQ,        63.13,                  1173405.47,18733
,ALPEXSOLAR,SM,       866.85,                 50735555.00,58700
,ALPHA,EQ,        53.94,                 85409724.13,1586344
,ALPHAETF,EQ,        26.45,                 20910551.14,794013
,ALPHAGEO,BE,       300.00,                  3838693.95,13023
,ALPINETEX,EQ,        51.09,                 15025405.05,293413
,ALPL30IETF,EQ,        27.62,                 30967298.97,1120581
,ALUFLUOR,EQ,       502.55,                  5573144.35,11146
,ALUWIND,SM,        47.10,                    70650.00,1500
,AMAGI,EQ,       572.80,                152376966.80,264517
,AMAL,EQ,       749.70,                 11356440.00,15022
,AMANTA,BE,       186.50,                  4543351.50,24024
,AMARJOTHI,EQ,       156.13,                    93091.54,598
,AMBAAUTO,SM,       111.85,                 11473950.00,104000
,AMBALALSA,BE,        44.10,                  1923485.90,44130
,AMBER,EQ,      7415.00,               1287333518.00,174407
,AMBICAAGAR,EQ,        24.75,                   662285.26,26635
,AMBIKCO,EQ,      1629.20,                 14985172.60,9215
,AMCL,SM,       365.00,                   436800.00,1200
,AMDIND,EQ,        57.39,                  2403556.82,42435
,AMJLAND,EQ,        38.61,                   231208.47,5934
,AMNPLST,EQ,       180.32,                  1060176.08,5863
,AMRUTANJAN,EQ,       500.25,                 16865759.85,33541
,ANANDRATHI,EQ,      2198.30,                403312548.40,183620
,ANANTAM,IV,       106.00,                  3841333.86,36274
,ANANTRAJ,EQ,       588.85,                745048273.70,1282254
,ANAWIL,SM,       390.00,                166902960.00,425200
,ANDHRAPAP,EQ,        61.09,                 14226698.99,234449
,ANDHRSUGAR,EQ,        99.20,                 48249316.18,490982
,ANDREWYU,EQ,        28.15,                  3460258.23,123709
,ANGELONE,EQ,       279.25,               1234820926.45,4437022
,ANIKINDS,EQ,        44.77,                   181964.25,4037
,ANKITMETAL,BZ,         1.71,                    14917.43,8722
,ANLON,SM,       645.00,                  4392100.00,6800
,ANMOL,EQ,         9.97,                   612218.43,61224
,ANNAPURNA,EQ,       143.73,                  3880617.05,26855
,ANNU,BE,        75.60,                460403554.31,6333016
,ANONDITA,SM,      1060.85,                117098050.00,109200
,ANSALAPI,BZ,         3.26,                    11076.10,3398
,ANSALBU,EQ,        78.91,                   114755.11,1443
,ANTELOPUS,EQ,       951.15,              11223349715.75,12446135
,ANTGRAPHIC,EQ,         0.73,                   306230.70,415805
,ANTHEM,EQ,       934.50,               1396101614.20,1484697
,ANUHPHR,EQ,        78.94,                 11004535.98,138379
,ANUP,EQ,      1799.80,                 32336913.90,18045
,ANURAS,EQ,      1240.30,                350624742.50,282041
,ANYA,SM,        15.40,                   152000.00,10000
,ANZEN,IV,       129.00,                  3225000.00,25000
,AONEGOLD,EQ,        13.98,                  5884466.29,420827
,AONELIQUID,EQ,      1075.16,                 26833878.64,24958
,AONENIFTY,EQ,         9.85,                  3023543.08,306263
,AONESILVER,EQ,         8.64,                  3291972.37,380983
,AONETMMQ50,EQ,        10.31,                   340226.17,33121
,AONETOTAL,EQ,        11.83,                  3538869.84,299224
,APARINDS,EQ,     16813.00,               1593915259.00,94227
,APCL,EQ,       100.00,                   794235.87,7960
,APCOTEXIND,EQ,       628.65,                 67479300.80,107750
,APEX,EQ,       367.25,                 51434506.55,140115
,APEXECO,ST,       256.00,                  1032720.00,4000
,APLAPOLLO,EQ,      2210.00,               1734884667.50,786402
,APLLTD,EQ,       826.90,                145248341.25,172875
,APOLLO,EQ,       382.65,               1640317300.80,4275794
,APOLLOPIPE,EQ,       599.05,                 95951124.05,159504
,APOLLOTYRE,EQ,       434.15,                144915833.00,333100
,APOLSINHOT,EQ,      1221.20,                  1595248.50,1311
,APOORVA,EQ,        25.25,                    12861.85,500
,APRAMEYA,SM,       120.60,                  1455750.00,12000
,APS,SM,       249.35,                  3603950.00,14500
,APSISAERO,ST,       587.60,                  2115360.00,3600
,APTECHT,BE,        90.78,                  3817385.34,42019
,APTUS,EQ,       254.28,                117864718.05,466564
,AQYLON,EQ,        20.61,                 14285808.64,684411
,ARABIAN,SM,        86.25,                   172500.00,2000
,ARCHIDPLY,EQ,       106.52,                  3583180.23,33961
,ARCHIES,EQ,        12.94,                   358070.81,27463
,ARCIIL,SM,        39.00,                   466400.00,12000
,ARCL,EQ,       230.00,                    55537.90,248
,ARDEE,EQ,        56.40,                152865176.65,2698066
,ARE&M,EQ,       871.25,                357631111.65,410795
,ARENTERP,EQ,        34.70,                    57378.46,1644
,ARFIN,EQ,        87.87,                 87404751.21,1010679
,ARHAM,SM,       206.10,                 13782500.00,68000
,ARIES,EQ,       495.35,                237748370.65,480377
,ARIHANT,EQ,       900.30,                  2184523.30,2447
,ARIHANTCAP,EQ,        78.48,                 10393993.15,132223
,ARIHANTSUP,EQ,       247.75,                   827497.00,3340
,ARIS,EQ,       128.31,                114847782.80,897946
,ARISTO,SM,       103.00,                   329600.00,3200
,ARKADE,EQ,       117.93,                 27612912.37,231541
,ARMANFIN,EQ,      1947.20,                 41119047.90,21151
,AROGRANITE,EQ,        24.61,                   104639.09,4239
,ARROWGREEN,BE,       771.20,                 20256801.20,26675
,ARSHIYA,BZ,         0.71,                    51435.24,72444
,ARSSBL,EQ,       508.30,                101315711.35,199206
,ARTEMISMED,EQ,       320.70,                 73219501.30,226615
,ARTNIRMAN,EQ,        40.25,                    65124.32,1607
,ARUNAYA,SM,        14.20,                    85000.00,6000
,ARVEE,EQ,       165.81,                   158830.80,962
,ARVIND,EQ,       574.05,                446988572.90,790352
,ARVINDFASN,EQ,       461.15,                 92873356.10,203097
,ARVINDPORT,SM,        33.50,                   402000.00,12000
,ARVSMART,EQ,       642.40,                 51386922.55,79766
,ARYAMAN,EQ,       639.95,                   146114.90,229
,ASAHIINDIA,EQ,       951.05,                203243262.05,213328
,ASAHISONG,BE,       367.90,                  4687757.75,12724
,ASAL,EQ,       473.40,                  6407050.80,13648
,ASALCBR,EQ,       703.80,                 10151115.20,14509
,ASHALOG,SM,        62.00,                   124000.00,2000
,ASHAPURMIN,EQ,       550.50,                125372380.80,226693
,ASHIANA,EQ,       368.30,                 14127462.00,38619
,ASHIKAG,BE,       425.95,                 14637387.85,34573
,ASHIMASYN,EQ,        17.83,                  1278555.08,71620
,ASHOKA,EQ,       117.39,                255198575.14,2169165
,ASHOKAMET,EQ,        13.49,                   248438.80,18438
,ASHOKLEY,EQ,       167.90,               2733440927.72,16412854
,ASHWINI,SM,       186.00,                  1314500.00,7000
,ASIANENE,EQ,       504.10,                459828138.95,919172
,ASIANHOTNR,EQ,       379.90,                  9875913.50,26364
,ASIANTILES,EQ,        50.16,                261525839.20,5231296
,ASIANTNE,EQ,         9.83,                    34191.38,3443
,ASKAUTOLTD,EQ,       623.85,                 83877686.10,134316
,ASMS,BE,         7.01,                  2279834.17,323359
,ASPINWALL,EQ,       259.85,                   285832.15,1099
,ASSAMENT,EQ,       819.00,                     2410.00,3
,ASTAR,EQ,       590.00,                    73606.55,124
,ASTEC,EQ,       572.55,                 21487954.55,37649
,ASTERDM,EQ,       759.90,                964500210.85,1275385
,ASTRAL,EQ,      1487.00,               1563724645.60,1046620
,ASTRAMICRO,EQ,      1641.80,                363702699.70,220101
,ASTRAZEN,EQ,      6868.00,                 32866384.00,4789
,ASTRON,BZ,         2.98,                    62434.29,20922
,ATALREAL,EQ,        25.53,                847229486.89,33201247
,ATAM,EQ,        54.78,                   451437.50,8221
,ATCENERGY,ST,        22.85,                    82320.00,3600
,ATGL,EQ,       614.95,                477658260.75,776942
,ATHERENERG,EQ,      1686.10,              10735584017.70,6312532
,ATL,EQ,        23.80,                 18882240.61,782831
,ATLANTAA,EQ,        39.21,                  2129056.12,53579
,ATLANTAELE,EQ,      1838.90,                127778882.80,70238
,ATLASCYCLE,EQ,        95.05,                   630933.40,6678
,ATLPP,E1,         9.09,                    36710.27,4028
,ATMASTCO,SM,       139.10,                  2297220.00,16400
,ATUL,EQ,      6485.50,                147399093.00,22848
,ATULAUTO,EQ,       466.40,                 58239350.55,124489
,AUBANK,EQ,      1077.90,                926229784.50,864436
,AUGMONT,EQ,       952.85,               4312425512.90,4700620
,AURIONPRO,EQ,       693.00,                118131664.30,170519
,AUROIMPEX,SM,        27.30,                   305680.00,11200
,AUROPHARMA,EQ,      1648.20,               1366317259.20,816419
,AURUM,EQ,       224.95,                 40063258.18,179857
,AURUS,EQ,         4.64,                   102183.56,22489
,AUSL,SM,        24.65,                   147600.00,6000
,AUSOMENT,EQ,       156.45,                  3021178.84,19464
,AUSTENG,EQ,       121.40,                     7207.69,59
,AUTOAXLES,EQ,      1732.50,                 16272753.50,9452
,AUTOBEES,EQ,       288.88,                130765621.78,454387
,AUTOIETF,EQ,        28.96,                 45484455.87,1576618
,AUTOIND,EQ,        84.68,                 16467137.98,193816
,AVADHSUGAR,EQ,       811.70,                 99244828.90,120202
,AVALON,EQ,      2189.60,               1476691088.90,662674
,AVANA,ST,       155.85,                  1218100.00,8000
,AVANCE,EQ,         0.82,                 14069621.66,17145793
,AVANTEL,EQ,       156.81,                 95851153.51,611755
,AVANTIFEED,EQ,       801.20,                324060698.40,400361
,AVG,BE,       171.42,                  1355566.32,7867
,AVIANSH,SM,       104.00,                   207500.00,2000
,AVIENCE,SM,       272.50,                  2408160.00,9000
,AVL,EQ,       599.85,                188933701.50,315136
,AVONMORE,EQ,        13.10,                  2538962.34,194160
,AVPINFRA,SM,        57.95,                  1493000.00,25600
,AVROIND,EQ,         9.13,                  3806750.36,422890
,AVTNPL,EQ,        87.16,                  8641504.27,99085
,AWFIS,EQ,       256.40,                 35021716.50,135933
,AWHCL,EQ,       372.95,                 23766819.85,63740
,AWL,EQ,       191.25,                561650499.91,2934970
,AXISCADES,EQ,      1689.70,                492487391.70,290857
,AXITA,EQ,         7.97,                  5352406.53,668683
,AXTEL,EQ,       396.75,                   730041.35,1840
,AYE,EQ,       171.34,                301504303.48,1770200
,AYMSYNTEX,EQ,       312.50,                186974280.70,601939
,AZAD,EQ,      2785.80,                709156129.50,254104
,AZADIND,EQ,        89.09,                  1756038.03,19649
,BABAFP,SM,        21.60,                    34560.00,1600
,BAFNAPH,BE,       308.00,                  2307645.50,7525
,BAGDIGITAL,SM,       106.00,                   169600.00,1600
,BAGFILMS,EQ,         4.32,                   371722.62,85276
,BAGMANE,RR,       106.13,                 95759549.79,901651
,BAHETI,SM,       840.90,                  9163650.00,10875
,BAIDFIN,EQ,         9.99,                   184910.19,18429
,BAJAJCON,EQ,       484.55,               1177149439.10,2420197
,BAJAJELEC,EQ,       323.60,                 32461014.10,100313
,BAJAJHCARE,EQ,       329.00,                 14415454.65,43921
,BAJAJHFL,EQ,        82.78,                187794215.93,2276868
,BAJAJHIND,EQ,        21.84,                632895810.35,28951286
,BAJAJINDEF,EQ,       221.34,                  2248126.12,10094
,BAJAJST,EQ,       352.00,                  1828707.75,5216
,BAJEL,EQ,       185.30,                 18699459.45,100603
,BALAJEE,EQ,        26.25,                   437066.22,16711
,BALAJIPHOS,SM,       116.00,                 15273600.00,130000
,BALAJITELE,EQ,        91.09,                 12156266.43,133306
,BALAMINES,EQ,      2390.10,               1112930754.70,455466
,BALAXI,EQ,        25.01,                  7501353.13,302797
,BALCO,SM,        18.45,                    44340.00,2400
,BALKRISHNA,EQ,        16.70,                    66313.63,3958
,BALKRISIND,EQ,      2329.10,                792291453.90,343301
,BALMLAWRIE,EQ,       176.06,                 17180908.03,97753
,BALPHARMA,EQ,        85.65,                  1267869.49,14659
,BALRAMCHIN,EQ,       669.75,               2641001827.80,4012425
,BALUFORGE,EQ,       578.40,               1380613144.00,2344406
,BANARBEADS,EQ,       114.15,                    40789.69,355
,BANARISUG,EQ,      3864.80,                  8230769.30,2140
,BANCOINDIA,EQ,       613.60,                 50104701.35,81619
,BANDHANBNK,EQ,       161.52,               1029111113.19,6396488
,BANG,EQ,        33.49,                   953548.54,28337
,BANK10ADD,EQ,        16.78,                 61369685.18,3657235
,BANK10BETF,EQ,        20.61,                    30820.84,1489
,BANKA,EQ,        77.20,                    83712.21,1069
,BANKADD,EQ,        58.56,                   573910.13,9796
,BANKBEES,EQ,       592.76,                619026333.91,1045041
,BANKBETA,EQ,        59.23,                 38229801.28,647961
,BANKBETF,EQ,        58.06,                   913195.09,15722
,BANKETF,EQ,       583.37,                 24095860.37,41320
,BANKIETF,EQ,        58.77,                  9877531.73,168198
,BANKINDIA,EQ,       143.10,                728010225.53,5132803
,BANKNIFTY1,EQ,        59.30,                 33240945.08,559906
,BANKPSU,EQ,        85.60,                  1817432.56,21223
,BANSALWIRE,EQ,       319.75,                 12534331.15,39275
,BANSWRAS,EQ,       118.99,                  4947227.08,41871
,BARFLEX,SM,        60.00,                   120000.00,2000
,BASF,EQ,      3811.00,                 58325307.30,15322
,BASILIC,SM,       192.05,                   980220.00,5100
,BASML,BE,        25.00,                  1608550.70,64332
,BATAINDIA,EQ,       670.45,                 58397600.95,87033
,BATLIBOI,EQ,        93.57,                 11271518.36,122105
,BAWEJA,ST,        25.80,                    20640.00,800
,BAYERCROP,EQ,      3979.50,                 66765099.10,16833
,BBETF0432,EQ,      1340.67,                  1446279.81,1080
,BBL,EQ,      2288.20,                 42692452.90,18647
,BBNPNBETF,EQ,        57.44,                   118847.49,2071
,BBNPPGOLD,EQ,       144.65,                   423885.05,2926
,BBOX,EQ,       725.20,                149741038.90,207783
,BBTC,EQ,      1492.70,                115856068.80,76820
,BBTCL,EQ,       223.45,                  2052325.32,9290
,BCG,EQ,         8.92,                 28559003.52,3198107
,BCLIND,EQ,        36.07,                 17160466.04,473912
,BCONCEPTS,EQ,       165.27,                  1223305.57,7512
,BCPL,EQ,        67.85,                   292753.04,4322
,BDL,EQ,      1253.70,                719270840.40,578257
,BEACON,SM,        86.65,                   426800.00,5000
,BEARDSELL,EQ,        24.94,                   567314.83,22548
,BECTORFOOD,EQ,       228.31,                217113131.81,963048
,BEDMUTHA,EQ,       107.96,                   395087.34,3679
,BEEKAY,EQ,       404.30,                  1518388.15,3760
,BELLACASA,EQ,       242.90,                  2006459.40,8193
,BELRISE,EQ,       234.31,                832044885.29,3569979
,BEML,EQ,      2032.40,               1945027835.20,966324
,BENARAS,EQ,     10155.00,                   450168.00,44
,BENGALASM,EQ,      6474.00,                  2199447.00,336
,BEPL,EQ,       127.29,                187212451.08,1468903
,BERGEPAINT,EQ,       488.05,                109558562.75,225836
,BESTAGRO,EQ,        18.82,                 40577198.04,2169874
,BETA,EQ,      2137.00,                 94428139.00,44647
,BEWLTD,SM,        48.50,                   952850.00,19500
,BFINVEST,EQ,       452.95,                 13687515.35,30551
,BFSI,EQ,        26.84,                  7123611.98,265420
,BFUTILITIE,EQ,       500.65,                 11559100.90,23073
,BGRENERGY,BE,       244.77,                 14869836.19,61270
,BHADORA,ST,       105.00,                  2556900.00,24000
,BHAGCHEM,EQ,       268.10,                 18853984.95,70506
,BHAGERIA,BE,       276.35,                167581499.95,613964
,BHAGYANGR,EQ,       380.40,                 52720053.90,140035
,BHANDARI,EQ,         2.98,                   595376.73,198728
,BHARATCOAL,EQ,        33.92,                418122384.49,12235859
,BHARATFORG,EQ,      2031.80,               2705460559.50,1341071
,BHARATGEAR,BE,       102.08,                   825987.60,8134
,BHARATRAS,EQ,      1203.30,                 31258970.20,25627
,BHARATSE,EQ,       214.00,                 38529841.75,180073
,BHARATWIRE,EQ,       175.76,                 43465438.97,247468
,BHARTIHEXA,EQ,      1531.10,                107858646.80,70741
,BHEL,EQ,       427.50,               2429609414.40,5742323
,BI,BE,        87.04,                  4093894.83,46584
,BIGBLOC,EQ,        41.24,                   995640.39,24121
,BIKAJI,EQ,       590.20,                210664004.80,356630
,BIKEWO,ST,       104.70,                 16649900.00,160000
,BIL,EQ,       893.20,                 16242739.35,18069
,BILVYAPAR,BE,         3.90,                     8586.94,2096
,BIMETAL,EQ,       638.90,                   209160.15,329
,BIOCON,EQ,       401.00,                574111674.95,1433504
,BIOFILCHEM,EQ,        31.95,                   156719.06,4881
,BIOPOL,SM,        41.55,                  2393280.00,57600
,BIRET,RR,       341.39,                 61720990.62,180992
,BIRLACABLE,BE,       341.60,                110416915.35,324909
,BIRLACORPN,EQ,       867.40,                 38198471.50,43993
,BIRLAMONEY,EQ,       126.47,                  1469928.22,11603
,BIRLANU,EQ,      1422.30,                  5515519.20,3869
,BIRLAPREC,EQ,        43.11,                  2285244.52,52217
,BLACKBUCK,EQ,       581.65,                134317110.75,232439
,BLACKROSE,BE,       112.64,                  1554361.72,13715
,BLAL,EQ,       163.27,                  3110055.04,19000
,BLBLIMITED,EQ,        17.11,                  5999057.28,361782
,BLEL,EQ,       445.25,                734702708.80,1657322
,BLIL,EQ,        72.11,                  4200710.02,58245
,BLISSGVS,BE,       648.65,                347920994.35,541997
,BLKASHYAP,EQ,        55.75,                 38617466.40,682619
,BLS,EQ,       235.22,                145890015.75,620128
,BLSE,EQ,       322.85,                 49457944.50,151988
,BLUECLOUDS,EQ,        19.89,                 22473130.01,1134230
,BLUECOAST,BE,        22.07,                    31472.61,1407
,BLUEDART,EQ,      5017.50,                118672691.70,23531
,BLUEJET,EQ,       580.35,                160327483.25,275975
,BLUEPEBBLE,SM,        69.05,                  1084740.00,16000
,BLUESTARCO,EQ,      1445.30,                954436126.80,657972
,BLUESTONE,EQ,       813.40,                283967628.20,351724
,BLUEWATER,ST,       487.00,                  5866100.00,12000
,BLUSPRING,EQ,       132.44,                134767730.77,1043522
,BMETRICS,SM,        35.85,                   142600.00,4000
,BMLL,SM,       160.90,                  4758450.00,30000
,BMWVENTLTD,EQ,        55.23,                  2831736.76,51206
,BNAGROCHEM,EQ,       225.00,                   384855.52,1745
,BNALTD,BE,       355.10,                   140899.40,394
,BNKETFAXIS,EQ,       589.07,                   118519.10,201
,BODALCHEM,EQ,       145.45,               4222352328.44,30271526
,BOHRAIND,EQ,        12.36,                   261430.73,21139
,BOMDYEING,EQ,       113.86,                 64393556.22,568186
,BONLON,EQ,        40.24,                   183515.18,4432
,BORANA,EQ,       304.90,                  5940396.55,19418
,BOROLTD,EQ,       249.92,                 76597138.40,310915
,BORORENEW,EQ,       495.75,                 85543256.05,172957
,BOROSCI,EQ,       131.31,                 12018711.73,92825
,BOSCH-HCIL,EQ,      1733.90,                 51441503.40,29791
,BOSS,SM,        54.00,                   108000.00,2000
,BPL,EQ,        49.78,                  2985485.36,59833
,BPLPHARMA,EQ,      1518.20,                   794639.20,524
,BRACEPORT,SM,        58.80,                   374560.00,6400
,BRAHMINFRA,EQ,       164.96,                  7643385.37,46742
,BRANDMAN,SM,       184.95,                 15526720.00,82400
,BRIGADE,EQ,       640.00,                163959242.50,258628
,BRIGHOTEL,EQ,        58.42,                  4483461.88,76485
,BRIGHTBR,EQ,       258.25,                   305584.85,1199
,BRNL,EQ,        17.11,                   601873.05,35170
,BROOKS,BE,        65.10,                  1523342.99,23544
,BSE,EQ,      3168.00,              20703811346.10,6510791
,BSE500IETF,EQ,        39.26,                  4120348.53,105175
,BSHSL,EQ,        89.91,                   270975.23,3027
,BSL,EQ,       122.12,                   211985.71,1740
,BSLGOLDETF,EQ,       131.74,                 57030824.76,432842
,BSLNIFTY,EQ,        28.10,                 48294755.78,1719207
,BSLSENETFG,EQ,        77.23,                    95651.44,1239
,BSOFT,EQ,       294.40,                376349990.10,1273310
,BTML,EQ,         8.08,                  3638670.12,453815
,BTTL,BE,        42.09,                   359430.40,8575
,BUILDPRO,EQ,      1261.80,                164235719.10,129285
,BULKCORP,ST,        72.00,                    86400.00,1200
,BURNPUR,EQ,        19.57,                  8981991.29,467871
,BUTTERFLY,EQ,       614.25,                  7554027.75,12254
,BVCL,EQ,        42.93,                   270820.17,6239
,BYKE,BE,        31.72,                   525815.27,16685
,C2C,SM,       224.50,                 20351737.50,91200
,CAGL28,NE,      1365.00,                    80535.00,59
,CALSOFT,EQ,        41.08,                 11551721.40,283152
,CAMLINFINE,EQ,       102.80,                 39300831.43,384536
,CAMPUS,EQ,       220.87,                 54980730.40,248414
,CAMS,EQ,       741.85,                937713833.20,1271642
,CANARYS,SM,        25.30,                   300800.00,12000
,CANFINHOME,EQ,       795.30,                136181888.60,171636
,CANHLIFE,EQ,       152.81,                 48111952.56,315187
,CANTABIL,EQ,       236.60,                 23121458.63,96859
,CAPACITE,EQ,       205.02,                 96442717.49,471954
,CAPILLARY,EQ,       484.00,                 38566350.20,79393
,CAPINVIT,IV,        76.25,                  9281086.38,121461
,CAPITALSFB,EQ,       283.25,                  3082532.65,10917
,CAPLIPOINT,EQ,      2720.50,               1007210751.00,373618
,CAPTRUST,BE,        19.76,                   511844.83,26227
,CARBORUNIV,EQ,      1071.50,                158238867.20,146299
,CARERATING,EQ,      1683.00,                173278557.40,101976
,CARRARO,EQ,       542.00,                 48081183.05,88463
,CARTRADE,EQ,      2932.30,                462094612.00,157344
,CARYSIL,EQ,      1139.20,                 49150447.60,43539
,CASHIETF,EQ,      1077.86,                370932259.49,344136
,CASTROLIND,EQ,       186.08,                159641253.90,858851
,CBAZAAR,ST,         4.50,                    72000.00,16000
,CCAVENUE,EQ,        15.50,                220080566.47,14217006
,CCCL,EQ,        14.31,                  1452755.31,102155
,CCHHL,EQ,        12.42,                   260572.72,20907
,CCL,EQ,      1086.10,                159081992.80,145991
,CDSL,EQ,      1365.20,               1171265708.10,858052
,CEATLTD,EQ,      3347.80,                157974262.10,47129
,CEDAAR,ST,        13.30,                   120050.00,9000
,CEIGALL,EQ,       340.60,                 69294239.15,203190
,CEINSYS,EQ,       697.90,                 45022677.05,63889
,CELEBRITY,EQ,         6.75,                    67794.73,10192
,CELLECOR,SM,        32.90,                 10067100.00,309000
,CELLO,EQ,       347.60,                 69868176.50,201808
,CELLPOINT,SM,        16.00,                    97860.00,6000
,CEMNTGROWW,EQ,        14.53,                  1719064.76,118820
,CEMPRO,EQ,      1235.80,                232424420.50,188580
,CENTENKA,EQ,       602.35,               5726296749.95,9590323
,CENTEXT,EQ,        22.49,                  4103741.60,184050
,CENTRALBK,EQ,        30.37,                206381716.20,6820964
,CENTRUM,EQ,        22.90,                  4546564.45,201793
,CENTUM,EQ,      3555.30,                417014929.40,117868
,CENTURYPLY,EQ,       748.45,                 19139521.70,25519
,CERA,EQ,      5662.50,                 11840478.00,2090
,CEREBRAINT,BZ,         2.57,                   220436.70,86970
,CESC,EQ,       146.44,                179679514.12,1227110
,CEWATER,EQ,       263.30,                 11659005.35,44650
,CFEL,EQ,        31.80,                   574124.04,18100
,CGCL,EQ,       256.60,                948727407.20,3713359
,CGRAPHICS,SM,       147.30,                  3521960.00,24000
,CGVAK,EQ,       148.93,                   199881.82,1333
,CHALET,EQ,       897.95,                 62974524.35,70205
,CHAMBLFERT,EQ,       411.45,                303398552.05,739003
,CHANDAN,SM,       211.40,                 10890320.00,51200
,CHAVDA,SM,       123.90,                  3688550.00,30000
,CHEMBOND,EQ,       167.67,                   654143.25,3886
,CHEMBONDCH,BE,       261.40,                  2315908.15,8614
,CHEMCON,BE,       199.61,                  3131713.89,15863
,CHEMCRUX,EQ,        81.52,                   288982.25,3519
,CHEMFAB,EQ,       355.25,                  1045641.55,2940
,CHEMICAL,EQ,        30.07,                  7672524.39,256088
,CHEMPLASTS,EQ,       169.83,                 21801102.16,128382
,CHENNPETRO,EQ,      1414.00,               2352088722.10,1672746
,CHETANA,SM,        43.90,                   893440.00,20800
,CHEVIOT,EQ,      1150.60,                  1758639.60,1549
,CHOICEGOLD,EQ,       148.39,                   999792.73,6727
,CHOICEIN,EQ,       763.40,                155248120.10,203010
,CHOLAHLDNG,EQ,      1489.00,                210993615.40,143781
,CIEINDIA,EQ,       385.00,                 73930745.15,191339
,CIFCZC28A,N5,      1305.00,                    33930.00,26
,CIFL,EQ,        20.41,                   180937.76,8872
,CINELINE,EQ,        88.18,                   760937.51,8621
,CINEVISTA,EQ,        14.40,                   166183.04,11609
,CITIUSINVT,IV,       114.52,                 12248730.10,106972
,CLASSICEIL,SM,        53.20,                   344400.00,6400
,CLAYCRAFT,SM,       161.80,                  6433500.00,40200
,CLEAN,EQ,       863.15,                945185695.00,1112817
,CLEANMAX,EQ,      1257.60,                131075384.20,104707
,CLEDUCATE,BE,        60.96,                  1009031.68,16196
,CLSEL,EQ,       301.40,                 21358180.85,70678
,CLSL,ST,        83.15,                   166300.00,2000
,CMLL,EQ,       495.45,                359693435.10,716590
,CMNL,SM,       120.00,                  2667900.00,22500
,CMPDI,EQ,       222.97,                202406615.20,906471
,CMRGREEN,EQ,       224.71,                 62664301.99,277896
,CMRSL,SM,        66.40,                   264680.00,4000
,CMSINFO,EQ,       249.30,                156584487.89,625944
,CNL,EQ,      1259.60,                 21508285.90,17267
,COASTCORP,EQ,        39.40,                  2380595.74,59914
,COCHINSHIP,EQ,      1463.00,                478579163.20,327832
,COCKERILL,EQ,      8005.00,                 32159039.00,4052
,COFFEEDAY,BE,        29.81,                  9586024.74,325805
,COFORGE,EQ,      1965.70,               3266885506.10,1665060
,COHANCE,EQ,       458.30,                191649532.45,417152
,COLPAL,EQ,      1861.50,                508056884.20,274685
,COMFINTE,EQ,         6.23,                   723434.10,116294
,COMMITTED,SM,       349.00,                  3350400.00,9600
,COMMOIETF,EQ,        99.26,                  2772022.73,28045
,COMPEAU,EQ,       354.00,                   203856.70,561
,COMPINFO,BZ,         1.07,                    12564.86,11679
,COMPUSOFT,EQ,        13.38,                   238944.83,17899
,COMSYN,EQ,       302.65,                 34629042.45,113506
,CONCOR,EQ,       510.00,               1130042576.50,2202359
,CONCORDBIO,EQ,      1444.80,                132628508.80,90956
,CONFIPET,EQ,        82.55,                421752523.02,5113322
,CONNPLEX,SM,       213.15,                  5484920.00,25600
,CONS,EQ,        12.06,                   254906.25,21260
,CONSOFINVT,BE,       266.25,                   490490.70,1836
,CONSUMAXIS,EQ,       120.12,                   642334.31,5359
,CONSUMBEES,EQ,       130.51,                 23281252.90,179006
,CONSUMER,EQ,        12.01,                  3598106.63,300957
,CONSUMIETF,EQ,       121.08,                   953598.17,7895
,CONTI,SM,        11.10,                  3225344.10,279972
,CONTROLPR,EQ,       603.30,                 38680739.35,64466
,COOLCAPS,ST,        22.50,                  3439062.50,157500
,CORALFINAC,EQ,        32.36,                   561947.44,17316
,CORDELIA,EQ,       101.89,                107317379.12,1054722
,CORDSCABLE,EQ,       315.50,                165104272.05,516769
,COROMANDEL,EQ,      1914.60,                183422588.90,95960
,CORONA,EQ,      2054.20,                 20497515.10,9979
,COSMOFIRST,EQ,       952.85,                130377897.50,136691
,COUNCODOS,BE,         6.70,                    92079.83,13720
,CPCAP,EQ,       115.16,                   914918.88,7926
,CPEDU,EQ,       186.93,                   406579.57,2202
,CPL,EQ,        61.87,                  9089225.99,144900
,CPPLUS,EQ,      3721.40,                825269509.30,222182
,CPS,SM,      1150.00,                  1395000.00,1200
,CPSEETF,EQ,        93.64,                115607642.83,1238289
,CRAFTSMAN,EQ,     10999.00,                474204732.00,43059
,CRAMC,EQ,       252.85,                 42112391.60,166410
,CRAVATEX,EQ,       339.00,                      339.00,1
,CREATIVEYE,EQ,         6.15,                     8190.60,1356
,CREDENT,ST,       355.60,                 49099560.00,140400
,CREDITACC,EQ,      1403.40,                553076978.40,394282
,CREST,EQ,       364.95,                  1475417.10,4044
,CRISIL,EQ,      4701.70,                192344469.00,40753
,CRIZAC,EQ,       165.30,                 63397557.33,380389
,CROMPTON,EQ,       227.72,                791309539.24,3476670
,CROWN,EQ,       108.27,                   813669.25,7390
,CRSL,BE,         2.74,                  1109620.43,397232
,CSBBANK,EQ,       331.65,                113358379.45,340893
,CSLFINANCE,EQ,       239.05,                 10861467.13,46180
,CSM,EQ,        95.94,                 12435527.70,130639
,CSSL,SM,        92.00,                   184050.00,2000
,CTE,BE,        43.16,                   296068.19,6771
,CUB,EQ,       230.61,                512135670.91,2227407
,CUBEINVIT,IV,       156.94,                113990938.67,727940
,CUBEXTUB,EQ,        76.07,                  1707204.18,22424
,CUDML,SM,       103.75,                  1225650.00,12000
,CUPID,EQ,       280.70,               2603590734.85,9328144
,CURAA,EQ,        67.04,                     2640.85,39
,CURIS,SM,       141.95,                  1432250.00,10000
,CURRENT,SM,        89.00,                   569600.00,6400
,CYBERMEDIA,EQ,        19.90,                  1616231.21,83153
,CYBERTECH,BE,       133.35,                   901664.61,6781
,CYIENT,EQ,      1122.20,                926084681.40,820374
,CYIENTDLM,EQ,       854.75,                495661987.05,581016
,DABUR,EQ,       379.00,                607084791.35,1597939
,DAICHI,EQ,       352.30,                  6283548.30,18127
,DALBHARAT,EQ,      1773.10,                104454310.10,58918
,DALMIASUG,EQ,       456.55,                155376174.20,337632
,DAMCAPITAL,EQ,       144.16,                 38757216.01,271119
,DAMODARIND,BE,        28.71,                   101722.14,3635
,DANGEE,EQ,         2.87,                   262315.14,91306
,DANISH,SM,       852.25,                 12910695.00,15300
,DATAMATICS,EQ,       763.95,                 22911002.30,29964
,DATAPATTNS,EQ,      4516.70,               1314560161.10,292275
,DAVANGERE,EQ,         2.09,                 19534333.62,9326102
,DBCORP,EQ,       194.27,                 18970174.31,97496
,DBEIL,BE,         6.11,                   964123.47,156716
,DBL,EQ,       395.05,                 23176065.25,58809
,DBOL,EQ,       128.18,                 17552206.27,136571
,DBREALTY,EQ,       102.81,                 76826426.32,752185
,DBSTOCKBRO,BE,        30.30,                   740956.42,24139
,DCAL,EQ,       176.85,                 40303776.04,225327
,DCBBANK,EQ,       222.34,                548785675.23,2487065
,DCCL,SM,        43.00,                    86000.00,2000
,DCG,SM,        74.65,                  8409840.00,116400
,DCI,EQ,       354.55,                 88767992.30,249417
,DCM,BE,        78.39,                  1148342.02,14889
,DCMFINSERV,EQ,         5.21,                    47221.30,9021
,DCMNVL,EQ,       185.47,                  6013453.51,31825
,DCMSHRIRAM,EQ,      1028.00,                 91944987.00,88712
,DCMSIL,EQ,        71.65,                  3938037.02,55181
,DCMSRIND,EQ,        46.81,                  7927575.56,170129
,DCW,EQ,        47.61,                288360396.63,6153160
,DCXINDIA,EQ,       171.23,                 36788688.46,215087
,DDEVPLSTIK,EQ,       274.05,                 17827818.90,64985
,DECCANCE,EQ,       571.30,                  1572788.70,2760
,DECCANTRAN,SM,        20.50,                   123120.00,6000
,DECNGOLD,EQ,       219.03,                165884092.69,757656
,DEEDEV,EQ,       643.85,                342737159.35,530818
,DEEP,EQ,        35.24,                   208641.71,5874
,DEEPAKFERT,EQ,      1416.70,                185166759.80,130758
,DEEPAKNTR,EQ,      1734.10,                679593570.30,389513
,DEEPINDS,EQ,       693.65,                306397436.40,450290
,DEFENCE,EQ,        80.63,                 19753489.33,246280
,DELAPLEX,SM,       101.25,                   896610.00,9000
,DELHIVERY,EQ,       454.80,                483047375.95,1061104
,DELPHIFX,BE,         6.09,                  1059434.87,172651
,DELTACORP,EQ,        56.95,                 36862875.84,647310
,DELTAMAGNT,EQ,        57.74,                   159287.34,2805
,DEN,EQ,        27.85,                  8400256.98,304255
,DENEERS,SM,       170.00,                   408570.00,2400
,DENORA,EQ,       816.95,                  1432194.65,1761
,DENTA,EQ,       270.50,                 30260584.60,111326
,DENTALKART,SM,       399.05,                   901237.50,2250
,DEVIT,EQ,        24.64,                   321467.16,12989
,DEVX,EQ,        33.01,                  3794044.01,114889
,DEVYANI,EQ,       138.07,                166166513.69,1211173
,DGCONTENT,EQ,        24.95,                  5322594.99,198027
,DHABRIYA,BE,       506.50,                 12099560.80,23368
,DHAMPURSUG,EQ,       170.67,                112837900.12,655398
,DHANBANK,EQ,        31.50,                 19383728.26,612773
,DHANLAXMI,SM,        24.25,                    48500.00,2000
,DHANSA,SM,        25.85,                   568600.00,22000
,DHANUKA,EQ,       995.70,                 16848152.00,17041
,DHARAN,BZ,         0.13,                  4308338.97,30671706
,DHARARAIL,ST,       145.35,                  1727500.00,12000
,DHARIWAL,SM,        22.70,                  1838700.00,81000
,DHARMAJ,EQ,       270.00,                 28584982.40,105881
,DHATRE,EQ,         4.32,                    69082.50,16175
,DHOOTTRANS,EQ,      1522.10,               7379713652.80,4833587
,DHRUV,EQ,        23.40,                   115052.90,4896
,DHUNINV,EQ,      1016.65,                  2152118.05,2140
,DIACABS,BE,       330.90,                286575888.35,857893
,DIAMINESQ,EQ,       243.65,                  1109055.82,4583
,DIAMONDYD,EQ,      1155.20,                  8220733.00,7145
,DICIND,EQ,       576.55,                  2822431.65,4900
,DIFFNKG,EQ,       476.80,                146450787.65,306772
,DIGIDRIVE,EQ,        17.69,                   183425.64,10459
,DIGIKORE,SM,        39.55,                  2026360.00,51200
,DIGISPICE,EQ,        16.97,                   844095.14,50007
,DIGITIDE,EQ,        95.88,                 14112186.09,146462
,DIGJAMLMTD,EQ,        49.01,                   103754.09,2110
,DISAQ,EQ,     12008.00,                  4091133.00,342
,DISHTV,EQ,         2.65,                  1973587.33,741311
,DIVGIITTS,EQ,      1244.40,                152144161.20,122025
,DIVIDEND,EQ,        35.51,                  1507628.52,42589
,DIVINEHIRA,ST,       110.00,                  2529000.00,22800
,DIVOPPBEES,EQ,        76.71,                  4482340.25,58412
,DIVYADHAN,ST,        40.85,                   878700.00,22000
,DIXON,EQ,     14590.00,               3135309538.00,216702
,DJML,EQ,        72.22,                 10592060.32,147754
,DLINKINDIA,EQ,       447.85,                184251847.80,411216
,DMCC,EQ,       293.35,                 18480537.65,63510
,DNAMEDIA,EQ,         2.53,                    66774.99,26237
,DODLA,EQ,      1065.30,                 37290599.70,34781
,DOLATALGO,EQ,        69.96,                 12510090.10,178494
,DOLLAR,EQ,       262.35,                 22303903.80,84900
,DOLLEX,SM,        36.15,                  1709200.00,48000
,DOLPHIN,EQ,       603.45,                 20309092.00,34269
,DOMS,EQ,      2206.30,                 64704143.80,29319
,DONEAR,EQ,        83.46,                   690305.44,8254
,DPABHUSHAN,EQ,      1370.40,                 33372260.30,24177
,DPEL,SM,       577.75,                 11556575.00,20000
,DPSCLTD,BE,         7.41,                   949515.30,130408
,DPWIRES,BE,       155.30,                   338663.63,2189
,DRAGARWQ,EQ,      5420.00,                 12471014.50,2319
,DRCSYSTEMS,EQ,        13.59,                   414934.28,30334
,DREAMFOLKS,EQ,        66.39,                  1757784.16,26461
,DREDGECORP,EQ,      1060.90,                 45910486.90,43034
,DRONE,SM,        34.70,                   363900.00,10500
,DSFCL,BE,        26.23,                   643848.40,24672
,DSKULKARNI,BE,        19.04,                       76.16,4
,DSSL,EQ,      1016.00,                 36967291.00,36263
,DTIL,EQ,       149.95,                  1807707.64,11996
,DTL,SM,       128.00,                   153600.00,1200
,DUCOL,SM,       115.00,                   273600.00,2400
,DUCON,EQ,         2.08,                  2108166.10,1030380
,DUGLOBAL,SM,        23.85,                   539000.00,22500
,DURLAX,SM,        63.00,                  2244400.00,36000
,DVL,EQ,       285.65,                  4219504.65,14922
,DWARKESH,EQ,        48.78,                192855678.21,3908597
,DYCL,EQ,       535.55,                587365618.45,1090048
,DYNAMATECH,EQ,     11425.00,                106992059.00,9361
,DYNAMIC,ST,       135.05,                  1714850.00,12500
,DYNPRO,EQ,       229.06,                  2360654.54,10344
,E2E,BE,       608.45,                378126002.25,626317
,E2ERAIL,SM,       347.70,                192844000.00,576000
,EASEMYTRIP,EQ,         6.00,                 70398318.79,11843898
,EASTSILK,BE,        61.28,                     5061.90,83
,EASTWEST,EQ,         2.45,                    65042.96,26674
,EBANK10,EQ,        16.71,                    44212.00,2651
,EBANKNIFTY,EQ,        57.83,                    34447.09,597
,EBBETF0430,EQ,      1606.00,                 15715145.24,9788
,EBBETF0431,EQ,      1431.77,                  2886703.29,2018
,EBBETF0433,EQ,      1309.22,                  2935980.52,2242
,EBGNG,EQ,       641.80,                820742668.85,1248083
,EBIX,EQ,        20.03,                  1551787.28,79184
,ECAPINSURE,EQ,        23.76,                   639906.64,27027
,ECLERX,EQ,      2004.50,                527786341.40,264722
,ECOLINE,ST,       178.25,                  3751700.00,21000
,ECORECO,EQ,       454.45,                  5995525.80,13107
,ECOSMOBLTY,EQ,       114.79,                 51090561.12,438547
,EDELWEISS,EQ,       126.18,                728893835.68,5705746
,EEPL,ST,       136.25,                  6155450.00,45000
,EFCIL,EQ,       199.12,                 40596043.25,203846
,EFFWA,ST,       352.80,                 11332200.00,32800
,EFORCE,SM,        20.35,                   331860.00,15600
,EGOLD,EQ,       149.15,                 12348217.10,82638
,EIDPARRY,EQ,       800.65,                284385697.65,358986
,EIEL,EQ,       192.36,                 85087523.35,446613
,EIFFL,BE,       284.25,                   119385.00,420
,EIHAHOTELS,EQ,       307.85,                 15086380.10,49556
,EIHOTEL,EQ,       285.80,                 50023656.25,174245
,EIMCOELECO,EQ,      2194.60,                 48592812.40,22028
,EKC,EQ,       106.25,                 13468465.76,127389
,EKI,EQ,        75.80,                  1246283.56,16532
,ELANTAS,EQ,     11904.00,                 98384254.00,8310
,ELCIDIN,EQ,    107000.00,                   320170.00,3
,ELDEHSG,EQ,       794.25,                   665233.75,838
,ELECON,EQ,       416.60,                136002346.90,329056
,ELECTCAST,EQ,        85.28,                310693666.22,3654988
,ELECTHERM,EQ,      1000.10,                  7578948.65,7593
,ELGIEQUIP,EQ,       616.75,                210388053.25,340531
,ELGIRUBCO,EQ,        60.88,                  3416957.63,56371
,ELGNZ,SM,        88.55,                  5024550.00,56000
,ELIN,EQ,        95.26,                 14026652.02,147098
,ELIQUID,EQ,      1046.13,                 17640873.54,16863
,ELITECON,EQ,         9.61,                  7780621.18,809638
,ELLEN,EQ,       313.30,                 72745007.05,232113
,ELM250,EQ,        16.50,                  4774985.93,287747
,ELMDIV,EQ,        36.08,                    84689.54,2336
,ELPROINTL,EQ,       173.86,                  3012071.76,17302
,EMAMILTD,EQ,       368.05,                437713419.85,1183546
,EMAMIPAP,BE,       109.31,                  1697470.61,15695
,EMAMIREAL,EQ,        67.98,                   988666.00,14408
,EMAPARTNER,SM,        83.55,                   343950.00,4000
,EMBASSY,RR,       435.23,                162380650.18,372037
,EMBDL,EQ,        59.18,                126573118.16,2150451
,EMCURE,EQ,      1858.40,                174479567.60,93727
,EMETAL,EQ,        13.15,                    76419.52,5814
,EMIL,EQ,       176.44,                165885342.78,942548
,EMKAY,EQ,       255.30,                  8986408.80,34967
,EMKAYTOOLS,SM,        92.00,                    96397.50,1050
,EMMBI,BE,        91.41,                  1528072.79,16813
,EMMIL,SM,       123.80,                   677687.50,5500
,EMMVEE,EQ,       324.70,                326960769.30,1011269
,EMPIND,EQ,      1196.90,                  9125924.20,7580
,EMPOWER,EQ,         1.91,                  3923630.87,2054257
,EMSLIMITED,EQ,       386.80,               3267242617.65,8214302
,EMUDHRA,EQ,       522.15,                 38113603.65,72368
,EMULTIMQ,EQ,        41.65,                   969989.91,23272
,ENCOMPAS,SM,       250.00,                   798600.00,3200
,ENDURANCE,EQ,      2755.90,                394705290.50,143316
,ENERGY,EQ,        38.22,                 24863471.16,651538
,ENERGYAXIS,EQ,        19.01,                   392781.19,20686
,ENERGYDEV,EQ,        15.65,                   268378.94,17038
,ENEXT50,EQ,        72.09,                   152345.33,2112
,ENFUSE,SM,       160.00,                   192000.00,1200
,ENGINERSIN,EQ,       276.60,               1882256305.05,6781901
,ENIFTY,EQ,        24.12,                   192233.02,7983
,ENIL,EQ,       100.28,                   899936.60,8961
,ENKEIWHEL,EQ,       389.20,                  1088696.10,2735
,ENSER,SM,        15.30,                   978500.00,65000
,ENTERO,EQ,      1797.40,                301981596.80,166967
,ENVIRO,SM,        70.00,                    70000.00,1000
,EPACK,EQ,       187.53,                 73878149.04,393677
,EPACKPEB,EQ,       225.04,                107699013.29,479629
,EPIGRAL,EQ,      1230.60,                 43217081.00,35163
,EPL,EQ,       236.30,               2511792275.80,10496347
,EPWINDIA,ST,       256.00,                   307200.00,1200
,EQUAL200,EQ,        13.79,                   337324.96,24530
,EQUAL50,EQ,       329.92,                  2551765.98,7747
,EQUAL50ADD,EQ,       341.16,                 17689679.36,51998
,EQUIPPP,BE,        23.19,                   340210.60,14860
,EQUITASBNK,EQ,        73.45,                 49169403.34,670856
,ERIS,EQ,      1288.90,                195852302.50,152755
,ESABINDIA,EQ,      6038.50,                 41129852.00,6800
,ESAFSFB,BE,        42.36,                 15195414.36,366036
,ESCONET,SM,       239.10,                 23832880.00,101200
,ESCORTS,EQ,      3019.40,                311136342.60,103177
,ESENSEX,EQ,        77.00,                    23441.55,304
,ESFL,SM,       117.10,                  2644884.00,22680
,ESG,EQ,        40.87,                   779767.02,19078
,ESILVER,EQ,       224.97,                 56516686.41,251202
,ESSARSHPNG,EQ,        16.73,                  2462990.65,147217
,ESSENTIA,EQ,         1.04,                  2522315.33,2411294
,ESTER,EQ,        94.05,                  8892204.64,95277
,ETHOSLTD,EQ,      2839.40,                 74122144.80,25873
,ETL,SM,      1100.00,                  1253445.00,1200
,ETML,SM,        80.80,                   582360.00,7200
,EUREKAFORB,EQ,       422.95,                 34384250.15,81366
,EUROBOND,EQ,       150.04,                  1110750.17,7429
,EUROPRATIK,EQ,       260.05,                 52631344.55,201379
,EVEREADY,EQ,       321.30,                 27833744.75,86932
,EVERESTIND,BE,       427.55,                  1574537.55,3705
,EVIETF,EQ,        32.53,                 15987450.63,492139
,EVINDIA,EQ,        32.61,                 28240065.53,868296
,EXCELINDUS,EQ,      1027.40,                  5694412.40,5547
,EXCELLENT,ST,       208.80,                   652480.00,3200
,EXCELSOFT,EQ,        69.62,                 11900391.06,171128
,EXICOM,EQ,       163.33,                113616886.87,698763
,EXIDEIND,EQ,       425.65,               1234629680.15,2878998
,EXIMROUTES,SM,       108.00,                   704800.00,6400
,EXPLEOSOL,EQ,       890.85,                387500194.35,431972
,EXXARO,EQ,         6.60,                  2510470.53,382891
,FABTECH,EQ,       147.84,                  9205299.88,62164
,FACT,EQ,       804.30,                113065588.05,140166
,FAIRCHEMOR,BE,       674.00,                  2054940.75,3070
,FALCONTECH,SM,        12.35,                   101700.00,8400
,FASCINATE,ST,        80.35,                   449960.00,5600
,FAZE3Q,EQ,       488.75,                  8365441.55,17325
,FCL,EQ,        49.19,                377210491.08,7723374
,FCSSOFT,EQ,         1.45,                  4406190.04,2997571
,FDC,EQ,       340.60,                 53658340.95,159404
,FEDDERSHOL,EQ,        45.99,                 43947190.42,954494
,FEDERALBNK,EQ,       353.35,               2198017162.10,6273256
,FEDFINA,EQ,       157.57,                110566902.16,704394
,FEL,BZ,         0.39,                    47913.96,123793
,FELDVR,BZ,         2.23,                      948.12,420
,FELIX,SM,       189.70,                 25451250.00,135000
,FERMENTA,EQ,       520.65,                 80978559.70,159537
,FIBERWEB,EQ,        25.76,                   322235.62,12490
,FIDEL,SM,       141.00,                   141000.00,1000
,FIEMIND,EQ,      2052.00,                113429164.10,55396
,FILATEX,EQ,        73.31,                136041502.41,1849818
,FILATFASH,EQ,         0.18,                  3878952.83,20978413
,FINBUD,SM,       126.00,                   637900.00,5000
,FINCABLES,EQ,      1191.20,                775250186.20,643658
,FINEORG,EQ,      5146.50,                 88244943.50,17127
,FINIETF,EQ,        32.43,                 14694694.15,455095
,FINKURVE,EQ,        69.53,                  4080542.50,58734
,FINOPB,EQ,       140.49,                123351086.83,871541
,FINPIPE,EQ,       157.84,                175350745.00,1132536
,FIRSTCRY,EQ,       170.82,                423857748.85,2461807
,FISCHER,EQ,        37.73,                 24408636.84,651361
,FIVESTAR,EQ,       524.85,                293485595.85,558691
,FLAIR,EQ,       247.14,                 16686377.25,67200
,FLEXIADD,EQ,        10.03,                   875012.64,87285
,FLEXITUFF,BE,         2.39,                   148958.58,62354
,FLFL,BZ,         1.23,                    34406.84,28609
,FLUOROCHEM,EQ,      4727.70,                549921973.50,116596
,FLYSBS,SM,       634.65,                 95996560.00,154400
,FMCGADD,EQ,        46.45,                   428478.78,9246
,FMCGIETF,EQ,        49.74,                 79911230.28,1609017
,FMGOETZE,EQ,       612.40,                938977023.90,1528240
,FMNL,EQ,         9.64,                   150266.32,15300
,FOCUS,BE,        64.53,                  2430838.01,37259
,FONEBOX,SM,        99.00,                    99000.00,1000
,FOODSIN,EQ,        54.78,                 20600442.56,374789
,FORCAS,ST,       239.95,                  2276960.00,9600
,FORCEMOT,EQ,     17600.00,               1818451279.00,103485
,FORGEAUTO,SM,        95.25,                   114300.00,1200
,FORTIS,EQ,       915.00,                659650471.60,725295
,FOSECOIND,EQ,      6183.00,                 76896499.00,12329
,FRACTAL,EQ,       821.40,                127240439.70,154219
,FREDUN,EQ,      1505.80,                 14546150.10,9712
,FRESHARA,ST,       461.30,                  8288190.00,18000
,FROG,ST,       259.15,                  7944840.00,30800
,FRONTSP,EQ,      1250.40,                 16991131.90,13571
,FSL,EQ,       270.40,                180839583.10,674372
,FUSION,EQ,       193.42,                 39837953.37,206791
,GABRIEL,EQ,      1384.90,                320206665.70,230274
,GAEL,EQ,       170.80,                 82734858.58,483798
,GAJA,EQ,       163.83,                393935364.56,2433047
,GALAPREC,EQ,      1040.50,                 36152158.70,35036
,GALAXYSURF,EQ,      2223.10,                 25052643.20,11285
,GALLANTT,EQ,       555.40,                 27461577.45,49632
,GANDHAR,EQ,       265.95,                270201078.35,1018241
,GANDHITUBE,EQ,       896.40,                  7165149.55,7989
,GANECOS,EQ,      1004.40,                 54317821.40,53502
,GANESHBE,BE,       122.18,                 22565494.66,186820
,GANESHCP,EQ,       167.47,                 11281445.56,67303
,GANESHHOU,EQ,       762.00,                  8652493.15,11344
,GANESHIN,ST,        97.70,                 10714720.00,108800
,GANGABATH,SM,        20.60,                  1562100.00,75000
,GANGAFORGE,EQ,         1.85,                 13059862.50,7078382
,GANGESSECU,EQ,       117.87,                   169540.08,1435
,GARFIBRES,EQ,       814.75,                 43240393.60,52451
,GARUDA,EQ,       174.34,                 80953979.79,459289
,GATECH,BE,         1.00,                  5654832.00,5654832
,GATECHDVR,BE,         0.52,                   226907.46,435438
,GATEWAY,EQ,        53.10,                 49233476.83,928175
,GAUDIUMIVF,BE,       123.40,                 19554045.31,159307
,GAYAHWS,EQ,         1.99,                   429825.51,215434
,GAYAPROJ,EQ,        21.46,                 11847261.86,549373
,GCHOTELS,ST,        98.45,                  6825990.00,71400
,GCSL,EQ,       571.85,                317496052.30,556823
,GEECEE,BE,       366.90,                   641902.00,1751
,GEEKAYWIRE,EQ,        27.86,                  9755335.08,334848
,GEMAROMA,EQ,       164.17,                 10474306.89,63560
,GENCON,EQ,        44.33,                 10958878.48,245355
,GENESYS,EQ,       219.87,                 87784456.75,396489
,GENSOL,BZ,        16.86,                   448724.10,26383
,GENUSPAPER,EQ,        11.96,                   504476.27,42138
,GENUSPOWER,EQ,       336.15,               1232072983.65,3705712
,GENXAI,SM,        81.90,                  8319120.00,102000
,GEOJITFSL,EQ,        82.76,                 18615802.46,225428
,GESHIP,EQ,      1305.60,                617527423.10,471098
,GFLLIMITED,EQ,        58.82,                 20184957.36,346841
,GGBL,SM,       225.85,                  6588435.00,29400
,GHCL,EQ,       435.10,                 23396895.55,53854
,GHCLTEXTIL,EQ,       139.35,                197013793.37,1397109
,GICHSGFIN,EQ,       145.82,                 22331565.59,155356
,GICL,EQ,        23.99,                  5575663.92,234510
,GICRE,EQ,       355.45,                639200063.20,1798962
,GILLANDERS,EQ,       105.02,                   349553.13,3326
,GILLETTE,EQ,      7346.00,                153207640.50,20760
,GILT10BETA,EQ,        26.75,                      561.41,21
,GILT5BETA,EQ,        65.69,                    30889.10,462
,GILT5YBEES,EQ,        66.09,                 13075087.90,198008
,GINNIFILA,BE,        43.97,                  1703784.65,38932
,GIPCL,EQ,       205.94,                311486717.75,1526007
,GIRIRAJ,SM,        74.90,                   955050.00,12750
,GJL,ST,       235.00,                  1368920.00,5600
,GKB,EQ,        65.80,                     4503.73,68
,GKENERGY,EQ,       131.04,                 29521378.59,225373
,GKSL,EQ,       168.30,                137223607.93,817412
,GKWLIMITED,EQ,      1593.30,                 40389574.70,26045
,GLAND,EQ,      2868.40,               1593070275.40,556481
,GLAXO,EQ,      2949.90,                174519690.80,59227
,GLENMARK,EQ,      2460.00,               1262181585.60,516029
,GLFL,EQ,         5.80,                    35968.21,6306
,GLOBAL,EQ,       117.31,                 56919399.46,496539
,GLOBALE,EQ,        11.23,                    38522.04,3568
,GLOBALPET,ST,       154.00,                   115500.00,750
,GLOBALVECT,EQ,       142.93,                   798216.62,5651
,GLOBE,EQ,         1.91,                  1159424.20,610832
,GLOBECIVIL,EQ,        46.84,                  7344378.37,158647
,GLOBUSSPR,EQ,       908.75,                 99579385.80,110360
,GLOSTERLTD,EQ,       585.35,                   756265.55,1284
,GLOTTIS,EQ,        62.22,                  1638087.73,26138
,GMBREW,EQ,       885.40,                 17091827.75,19456
,GMDCLTD,EQ,       557.65,                221030619.80,395940
,GML,SM,        17.85,                   321000.00,18000
,GMMPFAUDLR,EQ,      1070.00,                178941947.50,167948
,GMRAIRPORT,EQ,        93.99,                571802977.39,6108730
,GMRP&UI,EQ,        91.14,                201407773.49,2248453
,GNA,EQ,       532.40,                 82961474.50,155940
,GNFC,EQ,       576.95,                351684887.80,610680
,GNRL,EQ,        94.84,                  5540281.94,58303
,GOACARBON,EQ,       365.80,                  2375364.60,6453
,GOCLCORP,EQ,       391.70,                  8741376.40,22496
,GOCOLORS,EQ,       323.35,                 16590149.40,51374
,GODAVARIB,EQ,       237.30,                  7323741.50,31043
,GODFRYPHLP,EQ,      2025.40,                460660344.60,226079
,GODIGIT,EQ,       258.40,                 31421673.00,121329
,GODREJAGRO,EQ,       670.25,               1490500826.05,2230141
,GODREJIND,EQ,      1138.80,                 51760555.20,45406
,GODREJPROP,EQ,      1970.70,               1488405058.30,770610
,GOKEX,EQ,       770.10,                107172897.95,138716
,GOKUL,EQ,        41.37,                  9040378.31,219183
,GOKULAGRO,EQ,       234.19,                113625852.71,487548
,GOLD1,EQ,       124.77,                253804293.46,2034162
,GOLD360,EQ,       145.60,                  3378043.20,23092
,GOLDADD,EQ,        14.51,                182602112.53,12536983
,GOLDAXIS,EQ,       124.18,                105661644.28,850365
,GOLDBEES,EQ,       123.52,               4473034664.99,36173459
,GOLDBETA,EQ,       126.00,                117657544.45,933480
,GOLDBND,EQ,       149.22,                   596244.14,3995
,GOLDCASE,EQ,        23.51,                372049664.23,15798999
,GOLDENTOBC,BZ,        24.27,                   110245.15,4522
,GOLDETF,EQ,       145.52,                215990122.65,1483420
,GOLDIAM,EQ,       344.10,                111446868.85,326183
,GOLDIETF,EQ,       127.84,               1127684093.11,8804998
,GOLDKART,SM,       100.00,                   125000.00,1250
,GOLDSTAR,SM,         7.85,                   433687.50,56250
,GOLDTECH,BE,        47.28,                   573506.66,12252
,GOODLUCK,EQ,       474.75,                315126244.50,674267
,GOODYEAR,EQ,       736.10,                  2939078.70,3995
,GOPAL,EQ,       264.90,                 33604483.60,126055
,GOYALALUM,EQ,         6.23,                   211892.48,33923
,GOYALSALT,SM,       105.00,                   250800.00,2400
,GPECO,ST,       402.20,                  2810830.00,7000
,GPIL,EQ,       239.39,                476450164.32,1989265
,GPPL,EQ,       164.44,                356615735.39,2172344
,GPTHEALTH,EQ,       150.83,                  7564297.03,50195
,GPTINFRA,EQ,       110.71,                147691166.79,1296483
,GRADIENTE,EQ,         2.65,                  1607983.17,606549
,GRANDOAK,EQ,        34.58,                   245437.28,7029
,GRANULES,EQ,       831.75,                652459874.80,787511
,GRAPHISAD,SM,        26.00,                    61800.00,2400
,GRAPHITE,EQ,       726.60,                495573548.20,680122
,GRAUWEIL,EQ,        70.06,                 15402883.63,219735
,GRAVISSHO,EQ,        30.83,                     3946.75,128
,GRAVITA,EQ,      1749.10,                212934412.30,120612
,GRCL,SM,       590.00,                   886987.50,1500
,GREAVESCOT,EQ,       194.20,                153078627.36,785920
,GREENCHEF,SM,        63.40,                  1579760.00,25600
,GREENLAM,EQ,       242.06,                 12207394.74,50408
,GREENLEAF,ST,       112.80,                   665950.00,6000
,GREENPANEL,EQ,       158.00,                 43314945.18,274624
,GREENPLY,EQ,       283.70,                 21859052.50,76970
,GREENPOWER,EQ,         9.16,                 13603565.00,1495912
,GRINDWELL,EQ,      1967.50,                 28460323.20,14477
,GRINFRA,EQ,       873.90,                  9360801.70,10763
,GRMOVER,EQ,        86.03,                103893871.07,1220718
,GROBTEA,EQ,       965.50,                   119269.70,123
,GROWW,EQ,       189.88,               3964209774.40,21060867
,GROWWCAPM,EQ,        11.20,                  6288519.22,559055
,GROWWCHEM,EQ,        30.01,                248512139.47,8369265
,GROWWDEFNC,EQ,        95.89,                 26929355.55,281797
,GROWWEV,EQ,        32.60,                 18659794.60,574173
,GROWWGOLD,EQ,        14.58,                 65094458.00,4454236
,GROWWHOSPI,EQ,        51.85,                 11601845.24,223935
,GROWWLIQID,EQ,       110.59,                 54019983.23,488458
,GROWWLOVOL,EQ,        10.30,                   232365.63,22557
,GROWWMC150,EQ,       232.09,                   458558.21,1981
,GROWWMETAL,EQ,        12.48,                  5260972.85,421344
,GROWWMOM50,EQ,        11.01,                  2026661.15,184990
,GROWWN200,EQ,        11.31,                   649915.24,57672
,GROWWNET,EQ,        10.73,                  8781277.25,823244
,GROWWNIFTY,EQ,         9.67,                  8278168.74,856030
,GROWWNXT50,EQ,        73.23,                   464218.32,6365
,GROWWPOWER,EQ,        11.18,                 16684769.15,1494406
,GROWWPSE,EQ,        97.74,                   379511.56,3893
,GROWWPSUBK,EQ,        85.36,                   303965.37,3573
,GROWWRAIL,EQ,        27.90,                 38636351.54,1386286
,GROWWRLTY,EQ,         9.92,                  2932274.73,297808
,GROWWSC250,EQ,        10.58,                  1414407.20,134149
,GROWWSLVR,EQ,        22.08,                 34454681.03,1558535
,GRPLTD,EQ,      2008.90,                  1558598.60,771
,GRSE,EQ,      2495.10,                683286383.10,273379
,GRWRHITECH,EQ,      7202.50,                201776035.50,27984
,GSEC10ABSL,EQ,       111.61,                      337.29,3
,GSEC10IETF,EQ,       263.42,                     2644.54,10
,GSEC10YEAR,EQ,        30.55,                   223116.90,7377
,GSEC5IETF,EQ,        66.25,                   690621.91,10415
,GSFC,EQ,       159.95,                125662471.57,787261
,GSLSU,EQ,        25.74,                  4604253.20,180235
,GSMFOILS,SM,       123.15,                 95704150.00,754500
,GSPCROP,EQ,       625.95,                 32015468.70,51552
,GSS,EQ,        11.83,                   169922.84,14411
,GSTL,SM,        11.40,                    82400.00,7000
,GTECJAINX,BE,        28.90,                    66162.56,2322
,GTL,EQ,         7.23,                  1414309.73,196396
,GTLINFRA,EQ,         1.16,                 36396453.50,31318894
,GTPL,EQ,        56.17,                  3142684.25,55563
,GUFICBIO,EQ,       438.80,                307016506.70,693834
,GUJALKALI,EQ,       714.80,                 77462836.80,107798
,GUJAPOLLO,EQ,       337.70,                  1221452.65,3595
,GUJENERGY,EQ,       262.29,                587260835.34,2260654
,GUJRAFFIA,EQ,        40.00,                    51470.81,1260
,GUJTHEM,EQ,       413.05,                709264738.15,1719974
,GULFOILLUB,EQ,      1125.00,                 71968524.20,64023
,GULFPETRO,BE,        67.56,                  6057606.45,90692
,GULPOLY,EQ,       187.56,                 31961092.87,170753
,GVKPIL,BE,         2.06,                  1960297.93,956635
,GVPIL,EQ,       632.15,                 78541522.35,125940
,GVPTECH,EQ,         8.33,                  1954502.11,231970
,GVT&D,EQ,      4240.00,               3529375660.60,836148
,GYFTR,EQ,       183.00,                 18518146.55,102161
,HALDER,EQ,       293.90,                 10073863.10,34207
,HALDYNGL,BE,       142.55,                 10708938.37,75540
,HALEOSLABS,EQ,      1481.40,                  2217761.00,1498
,HAMPTON,EQ,         8.17,                    50578.32,6209
,HAPPSTMNDS,EQ,       354.85,               1775623883.80,4999399
,HAPPY,SM,        82.85,                  3156700.00,38000
,HAPPYFORGE,EQ,      2345.90,                247241074.30,102193
,HARDWYN,EQ,         9.12,                 12436487.45,1367993
,HARIOMPIPE,EQ,       348.60,                 46339715.65,134360
,HARRMALAYA,EQ,       188.98,                  2218614.49,11701
,HARSHA,EQ,       450.75,                109506827.35,241531
,HATHWAY,EQ,        10.34,                 14598918.89,1410954
,HATSUN,EQ,      1193.60,                293535850.50,244250
,HAVELLS,EQ,      1193.00,                897838338.70,752254
,HAVISHA,EQ,         1.28,                    61598.21,47158
,HAWKINCOOK,EQ,      8194.50,                  6561136.50,804
,HAZOOR,EQ,        18.95,                  3256918.34,171123
,HBESD,EQ,        75.00,                    16798.90,224
,HBLENGINE,EQ,       660.20,                340242752.60,519552
,HBPOR,EQ,        59.99,                    30493.25,515
,HBSL,EQ,        52.98,                    38970.97,730
,HCC,EQ,        23.08,                751745396.12,32414628
,HCG,EQ,       699.30,                 67326272.35,95423
,HCL-INSYS,EQ,        10.32,                  2485436.74,237943
,HDBFS,EQ,       675.20,                136745061.70,203242
,HDFCBSE500,EQ,        37.55,                241494483.16,6500475
,HDFCGOLD,EQ,       127.80,                566729846.64,4434615
,HDFCGROWTH,EQ,       119.13,                  3944592.44,33131
,HDFCLIQUID,EQ,      1076.27,                 19497220.00,18114
,HDFCLOWVOL,EQ,        20.57,                    42661.18,2076
,HDFCMID150,EQ,        23.40,                 14676937.89,629418
,HDFCMOMENT,EQ,        30.90,                  7744783.62,251617
,HDFCNEXT50,EQ,        74.47,                  9723852.66,131262
,HDFCNIF100,EQ,        25.90,                  2182043.79,84250
,HDFCNIFBAN,EQ,        58.88,                  8961398.31,152224
,HDFCNIFIT,EQ,        33.07,                  7487522.64,225637
,HDFCNIFTY,EQ,       269.77,                113324115.58,420555
,HDFCNIMEG,EQ,       131.19,                  2986335.50,22753
,HDFCPSUBK,EQ,        85.92,                  1372438.98,15985
,HDFCPVTBAN,EQ,        28.18,                  1632592.78,57961
,HDFCQUAL,EQ,        58.82,                   231921.29,3956
,HDFCSENSEX,EQ,        86.79,                  4195654.54,48366
,HDFCSILVER,EQ,       215.37,                625880753.52,2903676
,HDFCSML250,EQ,       184.13,                329252238.39,1788565
,HDFCVALUE,EQ,       125.43,                   229583.28,1842
,HDIL,BZ,         1.52,                   200084.39,133742
,HEADSUP,EQ,         6.83,                    64953.60,9607
,HEALTHADD,EQ,        16.73,                  1526617.57,91074
,HEALTHAXIS,EQ,       170.11,                   191297.56,1130
,HEALTHCARE,EQ,        21.71,                   486512.65,22485
,HEALTHIETF,EQ,       170.65,                 11960273.22,70188
,HEALTHX,EQ,       294.30,                   554469.95,1875
,HEALTHY,EQ,        17.08,                  4069359.64,238422
,HECPROJECT,EQ,       116.09,                   533805.85,4614
,HEG,EQ,       706.40,                728247931.15,1020619
,HEIDELBERG,EQ,       157.87,                 21910887.73,138843
,HEMIPROP,EQ,       126.61,                 32066685.31,253856
,HERANBA,EQ,       175.23,                  3591997.92,20511
,HERITGFOOD,EQ,       378.75,               1762793197.20,4731013
,HEROMOTOCO,EQ,      5300.00,               9194406579.00,1746768
,HESTERBIO,EQ,      2176.50,                 15253557.80,7011
,HEXAGON,BE,        66.14,                  7034700.74,107199
,HEXATRADEX,EQ,       157.91,                   124942.40,789
,HEXT,EQ,       543.60,                169675900.10,311273
,HFCL,EQ,       226.27,               3935043275.56,17046359
,HGINFRA,EQ,       471.80,                 43291460.80,91321
,HGM,EQ,        48.34,                   751866.05,15445
,HGS,EQ,       393.10,                  4765347.45,12083
,HIGREEN,SM,       124.80,                  1099480.00,8800
,HIKAL,EQ,       200.60,                 47529026.24,237919
,HILINFRA,EQ,        43.56,                  3026746.49,69280
,HILTON,EQ,        18.79,                  3799149.03,202367
,HIMATSEIDE,EQ,        69.66,                 18406988.21,266034
,HINDADH,EQ,       359.50,                   933321.65,2619
,HINDALUMI,EQ,        97.32,                   541758.30,5519
,HINDCOMPOS,EQ,       399.60,                  1839699.45,4600
,HINDCON,EQ,        23.16,                   358031.63,15529
,HINDCOPPER,EQ,       520.95,               3440496796.25,6616530
,HINDOILEXP,EQ,       166.18,                 92123403.71,551626
,HINDPETRO,EQ,       359.00,               2762912468.50,7705518
,HINDWAREAP,EQ,       182.08,                 13431301.27,74310
,HIRECT,EQ,      1218.50,                 32465661.30,26426
,HISARMETAL,EQ,       159.80,                   420287.70,2599
,HITECH,EQ,        76.54,                 85372416.31,1100863
,HITECHCORP,BE,       336.55,                  2619273.90,7808
,HITECHGEAR,BE,       569.20,                   586899.00,1031
,HLEGLAS,EQ,       314.10,                 22533589.95,71474
,HLVLTD,EQ,         6.30,                  1280102.58,203740
,HMAAGRO,EQ,        20.89,                 86242348.28,4096974
,HMT,BZ,        67.48,                  3103345.26,46803
,HMVL,BE,        87.33,                   741076.81,8500
,HNDFDS,EQ,       622.80,                148894372.45,239548
,HNGSNGBEES,EQ,       468.63,                 28457358.38,60755
,HOACFOODS,ST,       923.70,                  4554450.00,4875
,HOLMARC,SM,       107.00,                   541575.00,5250
,HOMEFIRST,EQ,      1196.70,                148980903.30,125641
,HOMESFY,SM,       111.30,                    33390.00,300
,HONASA,EQ,       469.95,                457035010.05,966603
,HONAUT,EQ,     35170.00,                 72831425.00,2073
,HONDAPOWER,EQ,      1976.10,                 10757820.50,5423
,HORIZONIND,EQ,        56.57,                647483422.57,11684390
,HPAL,EQ,        35.01,                  1577072.49,45020
,HPIL,EQ,       122.01,                    58901.68,484
,HPL,EQ,       297.35,                 22212514.55,74715
,HPTL,SM,       330.75,                 28804080.00,91800
,HRHNEXT,SM,        24.65,                   146250.00,6000
,HRYNSHP,EQ,       102.00,                    39884.04,395
,HSBCGOLD,EQ,       130.24,                  9424084.78,72337
,HSCL,EQ,       659.60,               7357376504.30,10982851
,HTEL,BE,        78.55,                318984319.37,4060604
,HTMEDIA,EQ,        26.19,                  3765846.45,143113
,HUBTOWN,EQ,       180.60,                 66401400.97,369887
,HUDCO,EQ,       178.35,                275615368.28,1558842
,HUHTAMAKI,EQ,       261.35,                 88303733.70,337585
,HVAX,SM,       660.00,                    99000.00,150
,HYBRIDETF,EQ,        10.03,                   623935.63,62333
,HYBRIDFIN,BE,        16.60,                   121272.46,7358
,IBLFL,SM,        58.00,                  1160000.00,20000
,IBULLSLTD,EQ,        25.96,                326898965.63,12745266
,ICDSLTD,EQ,        59.06,                  7029725.38,122072
,ICELCO,SM,       114.90,                 10332960.00,88800
,ICEMAKE,EQ,       739.70,                  5734281.00,7785
,ICICIAMC,EQ,      2973.30,               2619068559.50,880414
,ICICIB22,EQ,       113.81,                 18878905.28,166033
,ICICIGI,EQ,      1537.00,                929123727.20,605897
,ICICIPRULI,EQ,       499.50,                546121476.80,1099572
,ICIL,EQ,       447.15,                361814297.35,823554
,ICRA,EQ,      4891.30,                 79251880.60,16104
,IDBI,EQ,        91.55,                995347460.75,10822943
,IDEA,EQ,        14.53,               7596762787.77,527024719
,IDEAFORGE,EQ,       769.75,                166746228.70,214711
,IDEALTECHO,SM,       170.00,                    85000.00,500
,IDENTICAL,SM,        17.00,                   133500.00,8000
,IDFCFIRSTB,EQ,        85.09,               1281048088.33,15107630
,IDFNIFTYET,EQ,       267.14,                    90206.80,340
,IEML,ST,        41.30,                  1138475.00,28000
,IEX,EQ,       118.86,                471487125.82,3975640
,IFBAGRO,EQ,       897.65,                  2147980.45,2396
,IFBIND,EQ,      1296.00,                 45517005.50,35123
,IFCI,EQ,        98.32,              41039071131.68,428062214
,IFGLEXPOR,EQ,       207.95,                  3755328.70,18135
,IGARASHI,EQ,       415.00,                 13589823.85,32627
,IGCL,EQ,        73.27,                  5476304.00,75535
,IGIL,EQ,       327.20,                181853064.05,552217
,IGL,EQ,       147.94,                179067428.79,1206517
,IGPL,EQ,       546.40,                 40669759.90,75076
,IIFL,EQ,       633.25,               2863782993.40,4480751
,IIFL060326,YA,      1019.00,                    30570.00,30
,IIFL06326,YC,      1000.00,                  1031000.00,1031
,IIFLCAPS,EQ,       338.30,                127591923.80,375285
,IIFLZC28C,N6,      1586.30,                    47626.00,30
,IITL,EQ,       150.05,                 14814215.75,96731
,IKIO,EQ,       206.14,                 78149566.95,375682
,IKS,EQ,      1744.10,                136284811.30,78597
,IL&FSENGG,BZ,        34.10,                   268228.31,7834
,IL&FSTRANS,BZ,         2.19,                    63846.08,28924
,IMAGICAA,EQ,        54.61,                 26345911.61,484536
,IMC1,N3,       251.00,                    20833.00,83
,IMC1,N1,       250.50,                    32541.50,130
,IMFA,EQ,      1289.10,                 98728050.30,76217
,IMPAL,EQ,      1102.10,                  1660558.00,1509
,IMPEXFERRO,BZ,         4.54,                    44746.24,9856
,INA,EQ,        89.37,                 29354789.11,328762
,INCREDIBLE,EQ,        32.08,                   171197.88,5295
,INDBANK,EQ,        31.10,                   451854.95,14504
,INDGN,EQ,       600.15,                411662500.15,684806
,INDIACEM,EQ,       358.30,                 26075518.60,73072
,INDIAGLYCO,BE,       236.20,                 26332106.70,115189
,INDIAMART,EQ,      1740.80,                 83808592.70,48141
,INDIANB,EQ,       878.80,                784813863.10,898988
,INDIANCARD,EQ,       209.92,                    65006.22,313
,INDIANHUME,EQ,       388.70,                 35356311.35,91818
,INDIASHLTR,EQ,       651.20,                 60476643.55,94870
,INDIGOPNTS,EQ,      1171.00,                123334900.90,106322
,INDIGRID,IV,       175.22,                171852573.16,980911
,INDIQUBE,EQ,       193.17,                  7458749.23,38944
,INDNIPPON,EQ,      1064.30,                 10378069.10,9746
,INDOAMIN,BE,       122.38,                  4408359.09,36353
,INDOBORAX,EQ,       506.15,                 65940151.25,129523
,INDOCO,EQ,       273.77,               5294320339.46,19225160
,INDOFARM,EQ,       134.97,                  9027232.31,67157
,INDOKEM,EQ,       597.55,                  1461405.05,2412
,INDOMIM,EQ,       888.00,               2253150080.30,2583002
,INDORAMA,EQ,        66.77,                 29110018.05,435143
,INDOSTAR,EQ,       261.07,                 33796552.83,130359
,INDOTECH,EQ,      3577.20,                 74200879.90,20517
,INDOTHAI,EQ,        39.61,                259322473.66,6527923
,INDOUS,EQ,        78.15,                   396742.47,5087
,INDOWIND,EQ,         8.98,                   711581.12,79240
,INDPRUD,EQ,      6275.00,                   238472.00,38
,INDRAMEDCO,EQ,       352.35,                104225709.20,295932
,INDSWFTLAB,EQ,       366.85,                175118859.20,473769
,INDTERRAIN,EQ,        30.16,                   491165.57,16292
,INDUSINDBK,EQ,       978.00,               2607154743.40,2673391
,INDUSINVIT,IV,       133.43,                 11462736.94,85835
,INDUSTOWER,EQ,       379.00,               1020172280.45,2707843
,INFINIUM,SM,       259.95,                  1168225.00,4500
,INFLUX,SM,       283.85,                  6597660.00,23400
,INFOBEAN,EQ,       157.22,                 44665203.83,284603
,INFOLLION,SM,       156.25,                   377440.00,2400
,INFOMEDIA,EQ,         5.15,                    86870.33,16755
,INFRA,EQ,        11.90,                   426015.23,35960
,INFRABEES,EQ,       953.53,                 11943578.23,12570
,INFRAIETF,EQ,        94.55,                 37757609.30,399829
,INGERRAND,EQ,      4883.50,                381461895.40,78135
,INNOMET,ST,       271.55,                  4073250.00,15000
,INNOVACAP,EQ,      1108.60,                273749429.00,246228
,INNOVANA,EQ,       298.05,                   526364.70,1770
,INNOVISION,EQ,       258.75,                  1925876.65,7422
,INOXGREEN,EQ,       164.25,                110394011.01,673411
,INOXINDIA,EQ,      2099.40,                479907199.40,226228
,INOXWIND,EQ,        70.59,                948385451.12,13562084
,INSECTICID,EQ,       612.60,                 11125021.50,18329
,INSPIRISYS,EQ,        89.70,                   313095.94,3545
,INSUREIETF,EQ,        15.10,                 37606528.85,2499345
,INTEGRITY,ST,       174.00,                   208800.00,1200
,INTELLECT,EQ,       679.25,                233961727.90,342023
,INTENTECH,EQ,        80.09,                   997479.81,12426
,INTERARCH,EQ,      1687.50,                 94413559.20,55317
,INTERNET,EQ,        14.65,                  7125107.84,492182
,INTLCONV,EQ,        79.65,                  2145803.06,26946
,INVENTURE,EQ,         0.92,                   544128.72,590515
,INVICTA,SM,        69.90,                   779040.00,11200
,INVPRECQ,BE,      1275.00,                  3731392.00,2935
,IOB,EQ,        32.68,                124730700.83,3854357
,IOLCP,EQ,       188.38,                425302582.14,2248618
,IONEXCHANG,EQ,       382.10,                116570313.15,309897
,IPCALAB,EQ,      1956.50,                316938182.00,161648
,IPHL,SM,        69.80,                  5799300.00,81600
,IPL,EQ,       136.45,                  9032041.83,66187
,IPRINGLTD,EQ,       167.78,                  1311101.50,7719
,IRB,EQ,        19.18,                558061793.03,28951268
,IRBINVIT,IV,        64.30,                 20965074.38,324970
,IRCON,EQ,       118.25,                123314562.28,1047669
,IRCTC,EQ,       472.60,                545577076.65,1151968
,IREDA,EQ,       112.55,                530471872.32,4711096
,IRIS,EQ,       245.80,                  6354625.91,25963
,IRISDOREME,EQ,        58.39,                 39478636.22,676779
,IRMENERGY,EQ,       283.25,                 26949199.20,95221
,ISFT,EQ,        87.81,                  1775019.19,19820
,ISGEC,EQ,       777.55,                 15803751.25,20339
,ISHAN,SM,         0.50,                    96000.00,192000
,ISHANCH,EQ,        43.77,                  1001600.64,23202
,ISTLTD,EQ,       636.10,                   156576.95,246
,IT,EQ,        34.36,                  9472805.05,274892
,ITADD,EQ,        32.90,                   724098.77,22005
,ITALIANE,SM,        32.00,                    64000.00,2000
,ITAXIS,EQ,       343.11,                   747407.74,2185
,ITBEES,EQ,        34.39,                238186524.36,6917685
,ITBETA,EQ,       325.32,                   146292.23,448
,ITCHOTELS,EQ,       158.63,                371677277.18,2352334
,ITDC,EQ,       637.15,                 43172637.35,67907
,ITETF,EQ,        32.85,                  7858888.59,238991
,ITI,EQ,       267.70,                 35587974.40,133079
,ITIETF,EQ,        34.38,                 28638178.25,831659
,ITL,EQ,       363.20,                   310351.70,852
,ITTL,ST,        64.20,                     6741.00,105
,IVALUE,EQ,       238.38,                 41765743.66,176126
,IVC,EQ,         9.59,                 12729063.46,1346252
,IVP,BE,       209.80,                  4704729.19,22584
,IVZBANKNF,EQ,        57.00,                    56004.07,982
,IVZINGOLD,EQ,       129.65,                  2327287.55,17990
,IVZINNIFTY,EQ,       274.31,                    31271.16,114
,IVZSENSEX,EQ,        76.57,                   141405.34,1849
,IWARE,ST,       440.25,                  2379840.00,5400
,IWP,EQ,        34.96,                   104276.10,2965
,IXIGO,EQ,       156.42,                336165769.23,2142604
,IZMO,EQ,       938.80,                898911789.45,963349
,J&KBANK,EQ,       144.44,                269606591.37,1856552
,JAGRAN,EQ,        61.03,                 11600730.65,189910
,JAGSNPHARM,EQ,       237.03,                 13946970.82,58876
,JAIBALAJI,EQ,        70.60,                 39802057.07,563457
,JAICORPLTD,EQ,        98.01,                 22429492.92,230222
,JAINAM,SM,       224.90,                   224900.00,1000
,JAINIK,SM,       208.00,                   490800.00,2400
,JAINREC,EQ,       282.15,                398985445.15,1437062
,JAIPURKURT,EQ,        26.30,                   126735.46,4856
,JALAN,ST,         1.85,                    11100.00,6000
,JAMNAAUTO,EQ,       120.29,                109051621.22,910304
,JARO,EQ,       455.25,                 38701883.90,84913
,JASH,EQ,       470.35,                 35185209.10,75576
,JAYAGROGN,EQ,       229.57,                  4315965.37,18896
,JAYBARMARU,EQ,       122.44,                 13301506.43,108296
,JAYBEE,SM,        86.30,                   866650.00,10000
,JAYESH,SM,       132.65,                   530550.00,4000
,JAYKAY,EQ,       169.40,                156706478.41,937003
,JAYNECOIND,EQ,        98.19,                220050889.96,2257984
,JAYSREETEA,EQ,        99.79,                  6621202.31,67011
,JBMA,EQ,       621.50,                129215218.80,208269
,JENBURPH,EQ,      1043.90,                   600086.30,574
,JETFREIGHT,EQ,        21.17,                  4039478.27,188582
,JEYYAM,ST,        22.30,                   981700.00,44000
,JFLLIFE,SM,        10.15,                   430200.00,42000
,JGCHEM,EQ,       600.85,                222563602.25,364638
,JHS,EQ,         7.81,                   413750.99,52593
,JINDALPHOT,EQ,      1027.60,                  1049245.90,1024
,JINDALPOLY,EQ,       686.25,                 67710682.50,98538
,JINDALSAW,EQ,       309.15,                644877275.60,2082953
,JINDRILL,EQ,       642.10,                386251968.50,610029
,JINDWORLD,EQ,        40.19,                618213848.16,15067052
,JISLDVREQS,EQ,        20.97,                  2372484.61,113094
,JISLJALEQS,EQ,        28.24,                 39691428.51,1413119
,JITFINFRA,EQ,       304.25,                  4722624.75,15433
,JIWANRAM,SM,         4.35,                   158100.00,36000
,JKCEMENT,EQ,      4979.50,                316611459.50,63500
,JKIL,EQ,       483.50,                 27725499.15,56942
,JKIPL,EQ,       107.56,                  3058654.95,28408
,JKLAKSHMI,EQ,       514.30,                 72628574.55,141071
,JKPAPER,EQ,       395.20,                306965371.50,776388
,JKTYRE,EQ,       370.15,                135557296.00,367987
,JLHL,EQ,       287.65,                 60405459.25,210142
,JMA,EQ,        90.56,                   670111.25,7357
,JMFINANCIL,EQ,       129.39,                197121281.05,1534370
,JNKINDIA,EQ,       420.90,                 24940823.35,59074
,JNPR,EQ,       260.25,                 85331388.20,329482
,JOCIL,BE,       150.79,                   402318.19,2702
,JPOLYINVST,EQ,      1011.90,                  8182393.45,8189
,JPPOWER,EQ,        16.37,                357279808.22,21807243
,JSFB,EQ,       523.40,                131406660.70,250706
,JSL,EQ,       734.90,                353538074.80,485040
,JSLL,EQ,       513.65,                201043396.45,394505
,JSWCEMENT,EQ,       123.60,                101698662.68,822154
,JSWDULUX,EQ,      3163.30,                 91622345.80,29237
,JSWENERGY,EQ,       539.80,               1941829963.20,3635853
,JSWHL,EQ,     11441.00,                 15941236.00,1387
,JSWINFRA,EQ,       332.10,                553653136.25,1661891
,JTEKTINDIA,EQ,       121.38,                 92011641.56,765359
,JTLIND,EQ,        92.40,                922838820.81,10046013
,JUBLCPL,EQ,      2217.90,                 27430300.90,12367
,JUBLFOOD,EQ,       486.50,                469617316.90,976244
,JUBLINGREA,EQ,       683.60,                 63904644.95,93217
,JUBLPHARMA,EQ,       900.30,                 57580406.70,63912
,JUNIORBEES,EQ,       788.40,                441074636.86,563104
,JUNIPER,EQ,       218.50,                 82710398.54,383474
,JUSTDIAL,EQ,       697.85,                120081778.05,172227
,JWL,EQ,       239.37,                119272523.36,498860
,JYOTHYLAB,EQ,       202.09,               1644602899.85,8133068
,JYOTICNC,EQ,       955.65,                730776883.55,757084
,JYOTIRES,EQ,       857.60,                  8689580.40,10196
,JYOTISTRUC,EQ,         9.79,                 56000750.46,5733894
,K2INFRA,ST,        50.00,                   705450.00,14400
,KABRAEXTRU,EQ,       559.95,                178421378.25,315900
,KAJARIACER,EQ,      1261.10,                909588158.40,725742
,KAKATCEM,EQ,       110.50,                   753420.29,6804
,KALAMANDIR,EQ,        85.65,                 28793636.95,338173
,KALANA,SM,        20.25,                   202600.00,10000
,KALPATARU,EQ,       274.90,                  5130393.25,18702
,KALYANIFRG,EQ,      1113.65,                 86778212.85,82533
,KALYANKJIL,EQ,       590.00,              12283333654.45,21212135
,KAMAHOLD,EQ,      2344.90,                 15050713.70,6405
,KAMANWALA,EQ,        16.00,                   424290.22,25901
,KAMATHOTEL,EQ,       232.74,                 30062647.73,128608
,KAMDHENU,BE,        37.45,                 38090226.14,1034547
,KAMOPAINTS,EQ,         4.46,                   655982.50,147223
,KANANIIND,EQ,         1.53,                   193357.97,123510
,KANCHI,EQ,       410.95,                  1443037.55,3543
,KANCOTEA,EQ,        54.67,                     2509.09,46
,KANDARP,SM,        97.95,                   271900.00,3000
,KANORICHEM,BE,       154.75,                  7716186.39,49706
,KANPRPLA,EQ,       253.35,                  5174934.15,19999
,KANSAINER,EQ,       194.82,                 54070564.78,279290
,KAPSTON,EQ,       573.75,                 26811152.10,47094
,KARMAENG,EQ,        37.00,                    91480.36,2444
,KARNIKA,SM,       114.60,                  1742200.00,15000
,KARURVYSYA,EQ,       346.60,                457062420.15,1317009
,KATARIA,SM,       108.35,                   842850.00,7800
,KAUSHALYA,BE,       872.75,                   324188.80,376
,KAVDEFENCE,EQ,        55.31,                  3413181.65,61691
,KAYA,BE,       335.20,                  2682348.00,8079
,KAYNES,EQ,      3583.00,               2980776324.30,834972
,KAYTEX,SM,        56.00,                    44800.00,800
,KCEIL,SM,        80.55,                   895425.00,11000
,KCK,ST,        14.80,                  1425250.00,95000
,KCP,EQ,       165.81,                 14028160.83,84149
,KCPSUGIND,BE,        32.00,                  2414562.66,75406
,KDDL,EQ,      3852.90,                 67522117.50,17464
,KDL,SM,        89.00,                  1753065.00,19500
,KEC,EQ,       407.80,                287194464.10,701636
,KECL,EQ,       127.24,                 12222566.53,95939
,KEEPLEARN,EQ,         1.90,                    24407.06,12851
,KEI,EQ,      5170.00,               3462703624.00,666412
,KELLTONTEC,EQ,        14.01,                 31449740.71,2245431
,KEN,SM,        42.15,                   530400.00,13200
,KENNAMET,EQ,      4643.10,                167570801.10,35878
,KERNEX,EQ,      1736.40,                475758926.60,280085
,KESORAMIND,BE,        11.27,                  2592885.85,229868
,KEYFINSERV,EQ,       255.25,                    99386.20,391
,KFINTECH,EQ,       929.00,               1092581732.50,1181875
,KHADIM,BE,       116.11,                  5505352.82,47389
,KHAICHEM,EQ,        54.00,                  6557246.00,120726
,KHAITANLTD,EQ,       160.80,                  2981423.05,19103
,KHANDSE,EQ,        17.56,                    11659.41,674
,KHFM,SM,        44.25,                   331622.50,7750
,KICL,EQ,      5215.00,                  4348863.50,840
,KILITCH,BE,       171.37,                  4427046.27,25939
,KIMS,EQ,       753.65,                505492350.75,670696
,KINGFA,EQ,      5932.00,                 34051799.00,5721
,KIOCL,EQ,       380.55,                 28700527.45,75452
,KIRANVYPAR,EQ,       200.00,                   156757.31,778
,KIRIINDUS,EQ,       523.65,                509200406.20,977381
,KIRLFER,EQ,       460.00,                 57814756.90,126379
,KIRLOSBROS,EQ,      1847.70,                 65240344.10,35102
,KIRLOSENG,EQ,      2160.90,               1070760284.00,498719
,KIRLOSIND,EQ,      3699.00,                  6429235.40,1735
,KIRLPNU,EQ,       745.45,                163125893.70,220039
,KISSHT,EQ,       300.90,                553292311.65,1891855
,KITEX,EQ,       124.77,                 24515087.26,196813
,KJMCFIN,EQ,        64.37,                    39795.61,615
,KKCL,EQ,       499.65,                  4971365.80,9917
,KKJEWELS,SM,        97.10,                   194250.00,2000
,KLBRENG-B,EQ,       443.25,                196921093.00,450114
,KLL,SM,        24.75,                   774400.00,32000
,KMCSHIL,EQ,       133.19,                  8294814.55,62555
,KMEW,EQ,      2951.60,                102904889.40,35123
,KMSUGAR,EQ,        31.26,                  7555721.02,239654
,KNACK,EQ,       187.43,                205110808.96,1092839
,KNAGRI,EQ,       209.46,                  1520022.76,7223
,KNRCON,EQ,       117.07,                177928464.98,1522950
,KODYTECH,ST,      1542.65,                 29310730.00,19200
,KOHINOOR,EQ,        33.41,                  3559077.13,105947
,KOKUYOCMLN,EQ,        77.84,                  1576669.23,20142
,KOLTEPATIL,EQ,       440.80,                 33393321.65,77009
,KONSTELEC,ST,        62.35,                   379850.00,6000
,KOPRAN,EQ,       218.81,                 46192666.18,212685
,KORE,SM,       114.05,                  6983637.50,60500
,KOTARISUG,BE,        30.11,                  3132910.40,103522
,KOTHARIPET,EQ,       129.17,                  5736427.37,44226
,KOTHARIPRO,EQ,        68.19,                   262764.25,3873
,KOTIC,EQ,       136.47,                  1957127.16,14128
,KOTYARK,BE,        30.63,                  5551334.93,180309
,KOVAI,EQ,      6017.50,                 14335711.00,2393
,KPEL,EQ,       241.14,                 50262966.02,208427
,KPIGREEN,EQ,       304.60,                275762921.15,907949
,KPIL,EQ,      1410.50,                110158229.70,78306
,KPITTECH,EQ,       588.00,                419096566.60,715333
,KPL,EQ,      3390.10,                 86383888.70,25588
,KPRMILL,EQ,      1167.40,                359444497.30,308659
,KRBL,EQ,       424.40,                187599645.90,442674
,KREBSBIO,EQ,        54.91,                   295416.09,5283
,KRIDHANINF,BE,         2.06,                    49083.33,24110
,KRISHANA,EQ,       188.06,                 51637640.69,272212
,KRISHCA,SM,       164.70,                  2752425.00,17000
,KRISHIVAL,EQ,       410.35,                  2778490.55,6752
,KRISHNADEF,EQ,      1007.40,                 58759899.70,58316
,KRITI,EQ,        60.90,                   738206.96,12298
,KRITIKA,EQ,         5.39,                   436022.83,81083
,KRITINUT,EQ,        84.30,                  1153872.11,13595
,KRMAYURVED,SM,       291.15,                 20087550.00,69000
,KRN,EQ,      1534.80,                245180292.00,161090
,KRONOX,BE,       189.68,                 40699564.83,216651
,KROSS,EQ,       207.52,                 34526113.38,166705
,KRSNAA,EQ,       553.10,                 17911378.00,32269
,KRT,RR,       110.03,                566225064.50,5161351
,KRYSTAL,EQ,       667.00,                 72246655.40,108555
,KSB,EQ,       805.80,                161780924.45,200288
,KSCL,EQ,       738.75,                 83647190.90,112238
,KSE,EQ,       177.04,                  3349195.74,18978
,KSHINTL,EQ,       945.70,                116312906.65,123540
,KSHITIJ-RE,BE,         0.06,                   409005.42,6816757
,KSHITIJPOL,EQ,         3.00,                  3488315.06,1179895
,KSL,EQ,       904.30,                 99950981.60,110343
,KSOLVES,EQ,       273.20,                  6505065.00,23800
,KSR,EQ,        29.49,                   281569.05,9678
,KTKBANK,EQ,       330.35,                735806933.65,2245525
,KUANTUM,EQ,        71.23,                  4266108.25,59962
,KUSUMGAR,EQ,       571.15,                219169628.35,388168
,KWIL,EQ,        43.38,                834370154.92,19189455
,LADDERUP,EQ,        50.06,                     4953.60,102
,LAGNAM,EQ,        74.92,                   387994.93,5214
,LAHOTIOV,EQ,        41.98,                   280005.55,6724
,LAKPRE,BZ,         4.92,                     7185.96,1475
,LAKSHMIMIL,EQ,      7927.00,                  1759627.00,222
,LAKSHYA,SM,        83.55,                  1015240.00,12000
,LAL,EQ,         8.88,                   271157.34,30403
,LALITHAA,EQ,       264.35,               2240194222.30,8411510
,LALPATHLAB,EQ,      1916.10,                341391035.60,178401
,LAMBODHARA,EQ,       133.45,                  2015227.81,15039
,LAMOSAIC,ST,        60.90,                  5625090.00,92400
,LANCER,EQ,        12.91,                  6482418.09,506482
,LANCORHOL,EQ,        33.15,                  4735708.75,144455
,LANDMARK,EQ,       494.90,                 45643390.75,91762
,LANDSMILL,EQ,         0.68,                  1501887.79,2203565
,LAOPALA,EQ,       171.87,                 13605873.06,79552
,LARGEMID50,EQ,        36.34,                    47102.22,1300
,LASA,EQ,         6.78,                   140880.45,20793
,LASERPOWER,EQ,       303.55,                120728713.85,394417
,LATENTVIEW,EQ,       271.00,                 91039489.85,335930
,LATTEYS,EQ,        21.26,                   986673.90,46863
,LAURUSLABS,EQ,      1864.00,               4155162340.70,2265630
,LAXMICOT,EQ,        12.72,                   599811.79,49268
,LAXMIDENTL,EQ,       194.58,                  8341325.91,43016
,LAXMIINDIA,EQ,       125.93,                 17383062.15,137828
,LCCINFOTEC,EQ,         3.64,                   160174.02,44030
,LCL,EQ,       540.85,                 78585505.55,144632
,LEAPIND,EQ,       157.68,                650903490.92,4097242
,LEENEE,EQ,         8.89,                   484466.50,52757
,LEMERITE,EQ,        20.38,                  3001457.56,147751
,LEMONTREE,EQ,       106.18,                244677769.55,2312163
,LENSKART,EQ,       668.90,               5874957641.05,8766705
,LEXUS,EQ,        13.96,                   715187.34,51576
,LFIC,EQ,       135.91,                    64482.83,480
,LGBBROSLTD,EQ,      1699.90,                 38689477.50,22848
,LGEINDIA,EQ,      1653.20,                330960204.50,200141
,LGHL,EQ,       175.77,                  1685188.31,9420
,LIBAS,EQ,        10.49,                    61307.41,5823
,LIBERTSHOE,EQ,       234.79,                  3068754.47,13033
,LICHSGFIN,EQ,       541.25,               1495063611.05,2788144
,LICI,EQ,       408.25,               1109907925.80,2710302
,LICMFGOLD,EQ,       135.25,                 10828852.80,80058
,LICNETFGSC,EQ,        29.33,                  1338190.22,45660
,LICNETFN50,EQ,       267.60,                    75762.74,283
,LICNETFSEN,EQ,       861.96,                   123551.94,143
,LICNFNHGP,EQ,       274.97,                    29074.47,106
,LICNMID100,EQ,        63.19,                   437353.87,6896
,LIKHITHA,EQ,       202.76,                  5173573.82,25415
,LINC,EQ,        95.86,                   540903.58,5707
,LINCOLN,EQ,       618.35,                 34970875.45,56377
,LINDEINDIA,EQ,      6352.50,                105647233.00,16567
,LIQGRWBEES,EQ,      1054.02,                110292014.91,104639
,LIQUID,EQ,       999.99,                 97406498.10,97407
,LIQUID1,EQ,      1120.90,                799253738.39,713046
,LIQUIDADD,EQ,      1142.98,                615805834.73,538769
,LIQUIDBEES,EQ,      1000.00,               2397672981.05,2397673
,LIQUIDBETA,EQ,      1006.57,                    37243.11,37
,LIQUIDBETF,EQ,      1097.15,                288342039.85,262810
,LIQUIDCASE,EQ,       115.74,               1925495007.30,16635993
,LIQUIDETF,EQ,       999.99,                 94749940.51,94750
,LIQUIDIETF,EQ,       999.99,                245120285.14,245121
,LIQUIDPLUS,EQ,      1101.50,                424650160.73,385522
,LIQUIDSBI,EQ,      1000.00,                  5380039.89,5380
,LIQUIDSHRI,EQ,      1119.83,                  3675292.10,3282
,LKPSEC,EQ,        15.19,                   290693.80,19888
,LLOYDSENGG,EQ,        82.77,                653722402.17,7857744
,LLOYDSENT,EQ,        70.96,                171217848.54,2422934
,LLOYDSME,EQ,      1813.00,                664948223.30,369752
,LMW,EQ,     18783.00,                 65628670.00,3472
,LOKESHMACH,EQ,       339.90,                  8637963.25,25446
,LORDSCHLO,EQ,       138.28,                   357509.12,2603
,LOTUSCHO,EQ,       640.05,                  1745298.95,2761
,LOTUSDEV,BE,       175.95,                151603763.80,851992
,LOTUSEYE,EQ,       107.98,                  1342085.63,12570
,LOVABLE,EQ,        70.84,                   982500.97,13799
,LOWVOL,EQ,       206.20,                    45498.59,221
,LOWVOL1,EQ,        21.13,                  1436334.28,68147
,LOWVOLIETF,EQ,        22.04,                 16584887.88,751477
,LOYALTEX,EQ,       209.00,                    17141.27,80
,LPDC,EQ,         6.68,                   173207.00,25525
,LRRPL,SM,        86.35,                   777000.00,9000
,LTF,EQ,       312.80,               1891934115.90,6165981
,LTFOODS,EQ,       442.45,                313956651.65,718335
,LTGILTBEES,EQ,        29.82,                303826775.93,10199022
,LTGILTCASE,EQ,        30.36,                  3451891.97,113673
,LTTS,EQ,      3505.00,                144490191.90,41078
,LUMAXIND,EQ,      6347.00,                243925731.50,38591
,LUMAXTECH,EQ,      1986.50,                234436951.00,117029
,LUPIN,EQ,      2155.20,               1531450929.70,714232
,LUXIND,EQ,      1164.90,                 19384628.70,16563
,LXCHEM,EQ,       169.55,                106328059.61,639001
,LYKALABS,BE,        75.33,                  1134924.86,15303
,M&MFIN,EQ,       368.85,                444697754.25,1218704
,MAANALU,EQ,       118.15,                  3940005.14,33362
,MACOBSTECH,SM,       201.90,                   161520.00,800
,MACPOWER,EQ,      1883.60,                 57863140.10,30923
,MADHAV,EQ,        35.25,                    12509.62,349
,MADHAVIPL,EQ,         7.97,                   642197.38,80860
,MADHUCON,BE,         5.01,                    50500.79,10089
,MADHURKNIT,ST,        90.25,                   216600.00,2400
,MADHUSUDAN,ST,       231.00,                  5040150.00,22000
,MADRASFERT,EQ,        64.26,                  3282921.87,51060
,MAFANG,EQ,       209.39,                 82401523.70,392513
,MAFATIND,EQ,       122.57,                  3306823.16,27261
,MAGADSUGAR,EQ,       559.15,                 42579987.65,75176
,MAGNUM,EQ,        19.18,                   628475.74,32977
,MAHABANK,EQ,        82.40,               1470203166.47,17803645
,MAHAPEXLTD,EQ,        54.94,                   173375.68,3134
,MAHASTEEL,BE,      1324.40,                  4786079.00,3557
,MAHEPC,EQ,       101.95,                   891155.39,8705
,MAHESHWARI,BE,        71.88,                   733032.19,10168
,MAHICKRA,SM,       291.50,                  6895762.50,24750
,MAHKTECH,EQ,        22.50,                 10005517.33,443101
,MAHLIFE,EQ,       359.00,                 26080499.80,73364
,MAHLOG,EQ,       392.45,                 41115861.80,105720
,MAHSCOOTER,EQ,     13560.00,                 39029694.00,2871
,MAHSEAMLES,EQ,       665.05,                325866534.80,492471
,MAITHANALL,EQ,      1019.35,                446973317.70,435952
,MAITREYA,SM,       123.90,                   532880.00,4400
,MAJESAUT,BE,       353.65,                  1468979.20,4135
,MAKEINDIA,EQ,       164.96,                 14708992.05,89176
,MAKERSL,EQ,       182.70,                   360120.90,1964
,MAKS,SM,        13.75,                   101025.00,7500
,MAL,SM,        31.60,                   752720.00,24000
,MALLCOM,EQ,      1021.15,                 44316847.80,42842
,MALUPAPER,EQ,        31.05,                   943623.97,30518
,MAMATA,EQ,       401.15,                  7284463.00,18074
,MANAKALUCO,EQ,        37.12,                  3662353.79,97514
,MANAKCOAT,EQ,       121.56,                 87656193.61,736255
,MANAKSIA,EQ,        58.14,                  2211265.92,38440
,MANAKSTEEL,EQ,       109.30,                 55084414.14,509467
,MANALIPETC,EQ,        82.76,                691603580.21,8290147
,MANAPPURAM,EQ,       340.90,               1816853749.70,5411370
,MANAV,SM,        37.90,                   303200.00,8000
,MANBA,EQ,       128.31,                  7770425.01,60344
,MANBRO,EQ,        51.06,                 25057828.69,498508
,MANCREDIT,EQ,       227.79,                  2479946.16,10860
,MANGALAM,EQ,        30.33,                   856742.26,28610
,MANGLMCEM,EQ,      1092.90,                333667016.50,304145
,MANINDS,EQ,       744.85,                314043882.40,417411
,MANINFRA,EQ,       123.27,                378918301.52,3095001
,MANIPALHOS,EQ,       709.90,               2932566049.15,4066750
,MANKIND,EQ,      2391.50,                792952516.80,334009
,MANOMAY,EQ,       224.52,                 20477137.38,90681
,MANORAMA,EQ,      1813.10,                285930607.30,157707
,MANORG,EQ,       478.65,                  5568786.90,11497
,MANUFGBEES,EQ,       163.07,                  2013454.42,12385
,MANUGRAPH,BE,        14.38,                   220986.00,15297
,MANYAVAR,EQ,       544.10,                121566922.00,222703
,MAPMYINDIA,EQ,       982.60,                112348460.30,114018
,MARALOVER,EQ,        54.13,                   632269.67,11811
,MARATHON,EQ,       433.80,                 82261577.30,188885
,MARCO,SM,        33.70,                   906150.00,27000
,MARICO,EQ,       829.35,               1227327776.50,1477115
,MARINE,EQ,       431.50,                411667207.85,956684
,MARKOLINES,EQ,       172.66,                 87697933.67,506896
,MARKSANS,EQ,       332.50,               2187187027.35,6573003
,MARSONS,EQ,       122.84,                358471574.02,2909043
,MASFIN,EQ,       294.45,                 40299430.95,135767
,MASKINVEST,EQ,       146.00,                      730.00,5
,MASPTOP50,EQ,        80.22,                 11098031.36,138346
,MASTEK,EQ,      1763.00,                156622312.30,88631
,MASTER,SM,       430.65,                   215325.00,500
,MASTERTR,EQ,        80.85,                 18720429.13,231560
,MATRIMONY,EQ,       514.35,                  2957649.90,5735
,MAWANASUG,EQ,       147.87,                110058823.09,734892
,MAXESTATES,EQ,       520.65,                 98312293.60,193763
,MAXIND,EQ,       147.90,                 18910925.67,128088
,MAXPOSURE,SM,        29.00,                    58000.00,2000
,MAXVOLT,SM,       333.25,                 15323680.00,45600
,MAYASHEEL,SM,        37.90,                   113700.00,3000
,MAYURUNIQ,EQ,       728.75,                141398951.65,194948
,MAZDA,BE,       261.30,                 16169322.95,62477
,MBAPL,EQ,       159.07,                163581427.38,1021835
,MBECL,BE,       234.83,                  1292034.66,5502
,MBEL,EQ,       266.10,                 23119310.70,87436
,MBLINFRA,EQ,        23.34,                  1218639.36,53582
,MCCHRLS-B,EQ,       675.60,                   228272.40,345
,MCL,EQ,        56.17,                  2575250.17,45631
,MCLEODRUSS,EQ,        47.04,                 19246187.97,406637
,MCLOUD,EQ,        26.28,                 76202722.40,2883337
,MCON,SM,        42.50,                   169750.00,4000
,MCX,EQ,      3286.00,               8065507913.20,2448588
,MEDANTA,EQ,      1444.90,                327353494.00,224430
,MEDIASSIST,EQ,       338.75,                 44192167.60,131832
,MEDICAMEQ,EQ,       265.25,                 19723236.45,74789
,MEDICAPQ,EQ,        26.70,                   115566.67,4283
,MEDICO,EQ,        39.33,                 29919142.75,745016
,MEDIORG,SM,        25.65,                   414700.00,16000
,MEDISTEP,SM,        21.95,                   384000.00,18000
,MEDPLUS,EQ,       659.95,                 48488589.65,73117
,MEESHO,EQ,       211.60,               4845375648.51,23152746
,MEGASTAR,EQ,       305.45,                   286849.25,938
,MEGATHERM,SM,       209.55,                  2944800.00,14000
,MEIL,EQ,       278.90,                 17750970.95,63130
,MENNPIS,EQ,        74.20,                  5737103.34,76929
,MENONBE,BE,       293.90,                 15062644.00,51333
,MEP,BZ,         0.73,                   180248.00,244703
,MERCANTILE,EQ,        25.59,                  3596815.71,138793
,MERCURYEV,EQ,        36.66,                  3058823.68,83693
,METAL,EQ,        13.26,                 15674941.17,1184375
,METALIC,ST,       132.30,                 12630800.00,94400
,METALIETF,EQ,        13.19,                 85860908.42,6515057
,METROBRAND,EQ,       900.65,                 43403291.60,48088
,METROGLOBL,EQ,       132.95,                   375925.78,2818
,METROPOLIS,EQ,       582.20,                 79023156.35,135132
,MFML,EQ,        18.57,                    37835.46,2032
,MFSL,EQ,      1505.00,                830044126.90,547908
,MGEL,BE,        14.44,                   927921.13,64418
,MGL,EQ,      1065.20,                189312895.50,176423
,MGSL,SM,        77.55,                  3006420.00,39600
,MHHL,SM,        31.40,                    47100.00,1500
,MHLXMIRU,BE,       176.82,                  2051348.55,11796
,MHRIL,EQ,       206.59,                 19590712.31,94450
,MICEL,BE,        38.24,                   846595.36,22139
,MICROPRO,SM,        18.55,                    29680.00,1600
,MID150,EQ,        23.56,                  9076228.58,386920
,MID150BEES,EQ,       239.07,                235525321.65,987164
,MID150CASE,EQ,        11.63,                 19588694.92,1687555
,MIDBANKADD,EQ,        17.33,                    96962.30,5659
,MIDCAP,EQ,        18.47,                 16450001.82,891364
,MIDCAPADD,EQ,        23.17,                   362124.18,15682
,MIDCAPBETA,EQ,       234.00,                   568162.93,2439
,MIDCAPETF,EQ,        23.63,                 62618514.90,2657084
,MIDCAPIETF,EQ,        23.84,                 37497820.00,1571103
,MIDHANI,EQ,       414.40,                128536306.30,309511
,MIDQ50ADD,EQ,        25.10,                  3367025.89,134661
,MIDSELIETF,EQ,        19.88,                  6987832.62,352313
,MIDSMALL,EQ,        51.63,                 22556631.18,437066
,MIDWESTLTD,EQ,      1036.90,                 32668419.70,31260
,MIEL,SM,        12.40,                    48200.00,4000
,MIIL,EQ,       722.55,                 46638546.55,65224
,MILKYMIST,EQ,       252.04,              13995110489.61,56560370
,MINALIND,BE,         4.86,                   448859.88,92358
,MINDACORP,EQ,       707.85,                249631021.70,355440
,MINDSPACE,RR,       500.74,                236611931.70,474448
,MINDTECK,EQ,       170.32,                  2873411.34,16830
,MIRZAINT,EQ,        30.84,                  3316161.87,107709
,MITCON,BE,        78.76,                   267883.55,3467
,MITTAL,EQ,         0.81,                   298240.17,368821
,MKEXIM,EQ,        61.42,                   881999.04,14748
,MKPL,EQ,         4.00,                   564096.05,140220
,MLKFOOD,EQ,        83.15,                   183794.04,2213
,MMEL,SM,        23.10,                   391400.00,16000
,MMFL,EQ,       648.05,                114323702.05,172249
,MMP,EQ,       384.10,                 23439801.10,61096
,MMTC,EQ,        62.10,                 42814889.74,691082
,MMWL,EQ,        14.13,                   322574.71,22481
,MNC,EQ,        33.18,                  2936512.37,88687
,MOALPHA50,EQ,        56.15,                   577377.09,10330
,MOBANK10,EQ,        16.79,                    67192.82,3999
,MOBIKWIK,EQ,       185.32,                 87687154.81,472492
,MOCAPITAL,EQ,        53.55,                 43507408.88,812896
,MODEFENCE,EQ,       105.14,                140486424.12,1341539
,MODINATUR,EQ,       340.80,                  1515163.30,4439
,MODIRUBBER,EQ,       123.80,                  1003132.93,7993
,MODIS,EQ,       379.10,                  9398673.75,24944
,MODISONLTD,EQ,       520.65,                434433266.65,822776
,MODTHREAD,EQ,        52.61,                    93495.57,1791
,MOENERGY,EQ,        38.19,                  7435895.50,195264
,MOGOLD,EQ,       148.10,                  6993050.70,47239
,MOGSEC,EQ,        65.39,                  3406112.66,52315
,MOHEALTH,EQ,        52.02,                  4282550.81,83006
,MOHITE,EQ,         2.96,                    90101.66,29651
,MOHITIND,EQ,        23.72,                   230818.32,9634
,MOIL,EQ,       250.72,                125754837.58,503390
,MOINFRA,EQ,        58.23,                   275562.12,4758
,MOIPO,EQ,        48.32,                   363199.55,7530
,MOKSH,EQ,        10.15,                  1384235.14,134879
,MOL,EQ,        65.75,                149699856.12,2295235
,MOLBIO,EQ,      1107.80,               2055297654.60,1874333
,MOLDTECH,BE,       202.38,                 27116535.26,135934
,MOLDTKPAC,EQ,       694.55,                 28796876.90,41442
,MOLOWVOL,EQ,        35.98,                   791319.53,21973
,MOM100,EQ,        67.97,                 30518948.10,450687
,MOM30IETF,EQ,        31.15,                 30951586.04,997656
,MOM50,EQ,       250.39,                  1237178.84,4950
,MOMENTUM,EQ,        31.04,                  3054406.70,98792
,MOMENTUM30,EQ,        30.63,                   387276.26,12686
,MOMENTUM50,EQ,        54.08,                 18306858.54,339246
,MOMETAL,EQ,        13.15,                   118405.74,9072
,MOMGF,EQ,       161.80,                   524167.98,3235
,MOMIDMTM,EQ,        64.09,                  5270879.97,82218
,MOMMIDCAP,EQ,        12.98,                 23001469.89,1774384
,MOMNC,EQ,        32.29,                  2471447.57,76973
,MOMOMENTUM,EQ,        61.83,                  3796021.77,61532
,MON100,EQ,       328.83,                185285127.16,563732
,MON50EQUAL,EQ,        33.13,                   320163.85,9715
,MONARCH,EQ,       372.40,                 17734830.20,47758
,MONEXT50,EQ,        73.04,                  1162993.74,16074
,MONEYBOXX,EQ,        56.00,                  4601122.04,81508
,MONIFTY100,EQ,        25.21,                   821978.06,32667
,MONIFTY500,EQ,        23.73,                  9784645.66,412362
,MONOLITH,SM,      1256.70,                 72467375.00,60000
,MONOPHARMA,SM,         8.95,                    17900.00,2000
,MONQ50,EQ,       144.06,                  4321367.82,29997
,MONTECARLO,EQ,       544.20,                 16812510.35,31016
,MOOILGAS,EQ,        11.18,                    36303.29,3250
,MOPSE,EQ,        98.52,                   960779.14,9743
,MOQUALITY,EQ,       199.66,                   577400.84,2910
,MOREALTY,EQ,        88.68,                 76748563.38,871418
,MOREPENLAB,EQ,       111.97,               3990612928.27,36392769
,MOS,ST,         8.30,                  2390400.00,288000
,MOSCHIP,EQ,       215.84,                386377505.98,1794518
,MOSERVICE,EQ,        30.61,                    80162.29,2616
,MOSILVER,EQ,       222.79,                  6215161.83,27875
,MOSMALL250,EQ,        18.30,                 16094943.62,879562
,MOTILALOFS,EQ,      1017.60,               1053837836.10,1044243
,MOTISONS,EQ,        15.43,                447096735.39,28644230
,MOTOGENFIN,BE,        27.51,                   504899.74,18373
,MOTOUR,EQ,        77.00,                  1366463.62,17769
,MOVALUE,EQ,       112.33,                  8811454.16,78617
,MOXSH,SM,       103.60,                   344960.00,3200
,MPDL,BE,        31.65,                    54619.10,1792
,MPEL,ST,        24.85,                   652080.00,25600
,MPHASIS,EQ,      2480.00,               2237148664.90,900566
,MPSLTD,EQ,      2594.60,                 35989562.10,13801
,MRF,EQ,    131880.00,                558705410.00,4254
,MRPL,EQ,       175.22,               1695293745.38,9772096
,MSCI360,EQ,        10.07,                    90207.36,8982
,MSCIADD,EQ,        29.41,                    15656.71,534
,MSCIINDIA,EQ,        29.74,                   502458.93,16934
,MSL,EQ,       137.53,                    37415.06,272
,MSPL,EQ,        36.14,                 52702258.01,1475581
,MSTCLTD,EQ,       711.75,                118981216.15,166202
,MSUMI,EQ,        36.60,                212318266.06,5800135
,MTARTECH,BE,      6872.00,                661706526.50,97570
,MTEDUCARE,BE,         1.75,                    31305.33,17930
,MTNL,EQ,        26.43,                 10555024.72,398024
,MUFIN,EQ,       134.65,                 61837209.50,460508
,MUFTI,EQ,        72.13,                  7110776.01,98065
,MUKANDLTD,EQ,       134.18,                  6431934.99,47819
,MUKESHB,EQ,       133.76,                    69378.08,507
,MUKKA,EQ,        26.85,                 26125422.92,966096
,MUKTAARTS,BE,        57.50,                    46038.60,805
,MULTICAP,EQ,        16.68,                  1236932.40,74278
,MUNISH,SM,        83.15,                  5866320.00,69600
,MUNJALAU,EQ,       113.44,                 43918137.47,386696
,MUNJALSHOW,EQ,       129.20,                  3511438.93,27263
,MURUDCERA,EQ,        29.88,                   316441.14,10584
,MUTHOOTCAP,EQ,       241.22,                  2719143.73,11241
,MUTHOOTMF,EQ,       203.20,                 57993495.87,289137
,MVELECTRO,EQ,       686.05,               1012225582.80,1444414
,MVGJL,EQ,       161.76,                 13695561.99,84333
,MVKAGRO,SM,       214.40,                 20775360.00,96900
,MWL,EQ,        39.20,                 22799614.29,584088
,MYSORPETRO,BE,       120.05,                  1852554.42,15331
,NACLIND,EQ,       167.40,                 39414602.37,236134
,NAGREEKCAP,EQ,        23.24,                     7216.76,312
,NAGREEKEXP,EQ,        21.35,                   437984.97,20300
,NAHARCAP,EQ,       258.80,                   328895.95,1289
,NAHARINDUS,EQ,       133.86,                  1311254.62,9869
,NAHARPOLY,EQ,       250.37,                  2368536.25,9520
,NAHARSPING,EQ,       294.95,                  6510741.65,21882
,NAM-INDIA,EQ,      1171.50,               1856368012.40,1599776
,NAMAN,SM,        40.00,                    65200.00,1600
,NAMOEWASTE,ST,       264.00,                  3784680.00,14400
,NARMADA,EQ,        13.63,                  2949857.62,216101
,NATCAPSUQ,EQ,       216.18,                  6991096.64,32916
,NATCOPHARM,EQ,       843.25,                397680774.70,472795
,NATHBIOGEN,EQ,       152.55,                   734889.54,4814
,NATIONALUM,EQ,       370.00,               1646979920.15,4447742
,NATIONSTD,EQ,       103.94,                  2700339.47,25843
,NAUKRI,EQ,      1343.70,               1940878804.20,1456671
,NAVA,EQ,       560.75,                 60798511.00,108634
,NAVINFLUOR,EQ,      8542.50,               1842422589.00,217819
,NAVKARCORP,EQ,        95.47,                 17010369.68,178227
,NAVKARURB,BE,         0.89,                  1162299.69,1313053
,NAVNETEDUL,EQ,       133.91,                 47178821.81,356332
,NAZARA,EQ,       366.00,                310127589.60,851024
,NBCC,EQ,        85.00,                358623697.24,4241099
,NBIFIN,EQ,      1986.20,                   875377.80,444
,NCC,EQ,       142.53,                257396676.37,1800066
,NCLIND,EQ,       174.94,                  7431020.02,42536
,NDGL,EQ,      2743.90,                   421129.40,153
,NDL,EQ,         2.85,                  2599141.01,915190
,NDLVENTURE,EQ,       120.91,                   465211.80,3844
,NDRAUTO,EQ,       719.15,                  7329092.75,10211
,NDTV,EQ,        70.84,                  5365138.99,76014
,NECCLTD,BE,        16.90,                  9149332.15,541572
,NECLIFE,EQ,        12.31,                  3703323.58,306974
,NEELAM,SM,         6.65,                   642300.00,96000
,NELCAST,EQ,       117.58,                  8737348.41,74954
,NELCO,EQ,       929.65,                181174629.45,193155
,NEOGEN,EQ,      2136.40,                134506156.00,62823
,NEPHROCARE,SM,        97.00,                  5052520.00,54000
,NEPHROPLUS,EQ,       692.70,                116198321.30,168797
,NEPTUNE,SM,       178.50,                   178525.00,1000
,NESCO,EQ,      1038.40,                 20018998.30,19259
,NETF,EQ,       261.30,                   290883.08,1117
,NETWEB,EQ,      5110.00,               6529850636.50,1273170
,NETWORK18,EQ,        27.24,                126703041.25,4631562
,NEUEON,BE,        11.45,                   928294.71,80587
,NEULANDLAB,EQ,     22960.00,                914676040.00,39701
,NEWGEN,EQ,       519.30,                339840465.20,652094
,NEWJAISA,ST,        18.05,                    54525.00,3000
,NEXT30ADD,EQ,        42.60,                   331272.58,7799
,NEXT50,EQ,       752.34,                 45380648.64,60614
,NEXT50ADD,EQ,        73.56,                   313396.35,4293
,NEXT50BETA,EQ,        79.27,                 15641680.76,200059
,NEXT50ETF,EQ,        73.37,                  1298473.76,17794
,NEXT50IETF,EQ,        76.96,                 62112155.85,812202
,NEXTMEDIA,EQ,         4.21,                   195346.35,46900
,NFL,EQ,        69.98,                 29140676.19,417453
,NFPSAMPOOR,SM,        21.45,                   334200.00,16000
,NGIL,EQ,        39.41,                    34036.26,863
,NGLFINE,EQ,      2688.70,                 29883578.30,11220
,NH,EQ,      1922.70,                582199049.00,302703
,NHPC,EQ,        75.65,                991229668.83,13055359
,NIACL,EQ,       199.11,               4790999542.96,24334669
,NIBE,EQ,      1342.90,                 31541694.30,23503
,NIBL,EQ,        31.08,                    86097.99,2762
,NICCOPAR,EQ,        79.04,                 32091355.64,394310
,NIDAN,SM,        12.75,                    51550.00,4000
,NIF100BEES,EQ,       264.89,                  9026265.42,34050
,NIF100IETF,EQ,        27.96,                  2429783.25,87022
,NIF500BETA,EQ,        37.31,                   353786.52,9484
,NIFTY1,EQ,       265.54,                 63965950.25,241052
,NIFTY100EW,EQ,        34.95,                  3739435.68,107246
,NIFTYADD,EQ,       252.18,                  2005624.34,7958
,NIFTYAXIS,EQ,       264.93,                 59864151.99,226011
,NIFTYBEES,EQ,       272.56,               2097820385.22,7704816
,NIFTYBETA,EQ,       265.48,                 42521787.73,160139
,NIFTYBETF,EQ,       246.26,                  1042976.15,4236
,NIFTYCASE,EQ,         9.61,                  8691136.72,905524
,NIFTYETF,EQ,       260.05,                 93903234.53,360960
,NIFTYIETF,EQ,       271.22,                180575563.71,666394
,NIFTYJBLK,EQ,        12.29,                  2021173.76,165102
,NIFTYQLITY,EQ,        21.39,                   585050.23,27439
,NIITLTD,EQ,        97.33,                 28988073.59,295739
,NIITMTS,EQ,       223.47,                 29618682.87,131578
,NIKITA,SM,        75.05,                   812760.00,10800
,NILAINFRA,EQ,         6.71,                   709928.18,105470
,NILASPACES,EQ,        12.51,                 22474037.35,1795219
,NILE,EQ,      1471.50,                  6236531.20,4261
,NILKAMAL,EQ,      2063.10,                 33536142.30,16375
,NIMBSPROJ,EQ,       159.92,                 15656810.97,93586
,NINSYS,EQ,       710.95,                  6137106.70,8522
,NIPPOBATRY,EQ,       323.10,                   286039.25,885
,NIRAJ,EQ,        29.00,                   729691.80,25160
,NIRAJISPAT,EQ,       429.65,                   455842.15,1061
,NIRLON,EQ,       649.80,                 14094270.65,21690
,NIRMAN,SM,        28.60,                   391695.00,13800
,NITCO,EQ,        94.30,                 32697188.47,350076
,NITINSPIN,EQ,       623.85,                 64848499.80,103781
,NITIRAJ,EQ,       206.00,                   360520.29,1748
,NITTAGELA,EQ,      1618.20,                  5265674.40,3273
,NIVABUPA,EQ,        80.73,                 29738028.34,365819
,NKIND,EQ,        57.00,                    69179.75,1205
,NLCINDIA,EQ,       275.50,                517460465.65,1874329
,NMDC,EQ,        85.75,               1421988266.69,16726795
,NMSTEEL,SM,        22.90,                   109920.00,4800
,NOCIL,EQ,       169.95,                 70567846.12,416607
,NOIDATOLL,EQ,         4.11,                   252927.28,60960
,NORBTEAEXP,EQ,        65.29,                    15240.21,227
,NORTHARC,EQ,       299.70,                422768720.50,1420849
,NOVAAGRI,BE,        23.51,                  1787120.19,76744
,NOVARTIND,EQ,      1601.50,                 12417737.70,7814
,NPBET,EQ,       285.57,                    15775.16,55
,NPST,EQ,      1690.00,                136283506.80,79415
,NRAIL,EQ,       498.50,                  5792513.25,11677
,NRBBEARING,EQ,       453.55,                 67326552.10,147623
,NRL,BE,       122.00,                 19240899.30,159039
,NRVANDANA,SM,        70.00,                  3738150.00,54000
,NSIL,EQ,      5647.50,                  8220739.00,1451
,NSLNISP,EQ,        45.69,                471595637.94,10189200
,NTCIND,EQ,       134.95,                   284482.77,2148
,NTPCGREEN,EQ,        88.12,                297828306.04,3375911
,NUCLEUS,EQ,       740.65,                  8245437.70,11170
,NURECA,BE,       336.75,                   552776.40,1655
,NUVAMA,EQ,      1841.00,               2662485578.90,1438209
,NUVOCO,EQ,       328.15,                227534437.00,697182
,NV20,EQ,        13.91,                   725958.73,52240
,NV20BEES,EQ,       139.66,                  2046540.20,14681
,NV20IETF,EQ,        13.55,                  3324434.77,245360
,NXST,RR,       167.35,                122899409.83,735708
,NXT-INFRA,IV,        97.00,                  9737500.00,100000
,NYKAA,EQ,       337.40,               1090670648.90,3267663
,OAL,EQ,       457.95,                 23405662.05,51928
,OBCL,EQ,        54.77,                   432675.01,7881
,OBEROIRLTY,EQ,      1866.00,                700255371.60,378206
,OBSCP,SM,       848.05,                 26330620.00,30800
,OCCLLTD,BE,       163.35,                  5557329.29,34223
,ODIGMA,EQ,        23.09,                   232831.08,10264
,ODYCORP,EQ,         7.42,                   359248.38,46452
,OFSS,EQ,     12158.00,               2886689374.00,238698
,OIL,EQ,       498.15,               2131687304.05,4334724
,OILCOUNTUB,BE,        67.67,                 12928035.27,186901
,OILIETF,EQ,        11.30,                 61930030.51,5484945
,OLAELEC,EQ,        38.98,               1745217642.17,44552453
,OLECTRA,EQ,      1238.90,                285062001.30,230590
,OLIL,SM,       411.80,                 13090200.00,32000
,OMAXAUTO,EQ,       187.09,                  5005927.56,26860
,OMAXE,EQ,       132.67,               3870344519.62,29571125
,OMFREIGHT,BE,        88.08,                   150203.44,1697
,OMFURN,SM,        56.50,                   406860.00,7200
,OMINFRAL,EQ,        81.84,                  1632818.40,19943
,OMNI,EQ,       543.15,                201084241.20,373850
,OMPOWER,EQ,       171.86,                 13011424.70,76844
,ONDOOR,SM,       286.05,                  2666940.00,9300
,ONEGLOBAL,EQ,       502.05,                  9713488.75,19205
,ONELIFECAP,BE,        31.93,                   594005.57,18881
,ONEPOINT,EQ,        54.61,                 24376848.16,448452
,ONESOURCE,EQ,      1544.40,                209349895.80,136288
,ONIDA,EQ,        35.57,                  8586687.11,242327
,ONIXSOLAR,EQ,       365.75,                 91624490.45,252187
,ONMOBILE,BE,        48.51,                   764614.62,15762
,ONWARDTEC,EQ,       284.55,                  7432266.55,26315
,ONYX,ST,        39.90,                  2341700.00,60000
,OPTIEMUS,EQ,       571.00,                 40878393.40,70937
,OPTIFIN,EQ,        13.16,                   316650.38,24221
,OPTIMYSTIX,SM,       147.90,                 39329520.00,257600
,OPTIVALUE,ST,       168.00,                  9102640.00,54400
,ORBTEXP,BE,       240.76,                   346595.53,1452
,ORCHASP,EQ,         1.40,                   162706.13,116260
,ORCHPHARMA,EQ,       938.05,                 37653810.20,39875
,ORIANA,SM,      1221.90,                 41702595.00,34050
,ORICONENT,EQ,        54.20,                   463469.24,8648
,ORIENTALTL,EQ,         4.98,                   368378.64,74893
,ORIENTBELL,EQ,       400.65,                 18643447.55,46905
,ORIENTCEM,EQ,       127.70,                 15844778.28,124129
,ORIENTCER,EQ,        43.78,                  2387703.53,54517
,ORIENTELEC,EQ,       179.35,                 28961556.32,162963
,ORIENTHOT,EQ,       141.32,                170449333.68,1214254
,ORIENTLTD,BE,        82.50,                    61777.76,758
,ORIENTPPR,EQ,        16.65,                  2167407.89,130048
,ORIENTTECH,EQ,       236.36,                 19587477.77,83273
,ORIRAIL,EQ,       125.37,                  9535649.83,75670
,ORISSAMINE,EQ,      4308.60,                 20343131.40,4729
,ORKLAINDIA,EQ,       590.90,                 39251105.65,66831
,ORTINGLOBE,EQ,        15.43,                    45990.24,2952
,OSELDEVICE,SM,       363.55,                 10274550.00,27800
,OSIAHYPER,BE,         2.46,                   687280.41,282119
,OSWALAGRO,EQ,        36.89,                   890207.68,24071
,OSWALGREEN,EQ,        20.46,                  1226781.37,60322
,OSWALPUMPS,EQ,       278.30,                296621005.40,1056339
,OSWALSEEDS,EQ,        11.80,                   931039.93,80227
,OWAIS,ST,        82.40,                  3853875.00,48300
,PACEDIGITK,EQ,       164.88,                 90153758.97,547183
,PACIFICI,EQ,       137.05,                    40675.05,293
,PAGEIND,EQ,     36200.00,                698726110.00,19411
,PAISALO,EQ,        66.52,                657040474.20,9805048
,PAKKA,EQ,        75.80,                  4235295.26,55938
,PALASHSECU,EQ,        88.98,                   131016.92,1459
,PALREDTEC,BE,        52.80,                    53515.90,1064
,PANACEABIO,EQ,       382.35,                117894533.30,311504
,PANACHE,BE,       525.05,                  1022867.20,1973
,PANAMAPET,EQ,       489.75,                151640331.85,309631
,PANCHMAHQ,EQ,       300.00,                    86197.75,290
,PANORAMA,EQ,        41.59,                  5510617.92,131992
,PANSARI,EQ,       296.10,                   495638.20,1656
,PAR,EQ,       168.25,                240372058.77,1507861
,PARACABLES,EQ,        64.16,                 75844079.79,1184196
,PARADEEP,EQ,       156.19,                446438214.94,2874257
,PARAGMILK,EQ,       254.90,                523244355.65,2039126
,PARAGON,SM,        48.00,                   230400.00,4800
,PARAMOUNT,SM,        33.45,                   120420.00,3600
,PARAS,EQ,      1413.10,               1259362995.10,901120
,PARASPETRO,EQ,         2.11,                   265167.64,125641
,PARIN,SM,       712.50,                  2136212.50,3000
,PARKHOSPS,EQ,       276.75,                137782894.50,496312
,PARKHOTELS,EQ,       114.05,                 16033284.84,141887
,PARNAXLAB,EQ,       137.23,                  1306853.24,9197
,PARSVNATH,BE,         1.51,                  3791539.03,2510953
,PARTH,SM,       542.05,                 15507580.00,29200
,PASHUPATI,EQ,        83.06,                   730017.84,8777
,PASUPTAC,BE,        64.64,                  8085712.07,126973
,PATANJALI,EQ,       345.00,               1362629964.55,3980958
,PATELENG,EQ,        26.86,                 94330973.19,3474743
,PATELRMART,EQ,       216.42,                 48340712.62,222326
,PATILAUTOM,SM,       275.05,                 75916260.00,280200
,PATINTLOG,BE,        13.30,                  1888492.03,145528
,PAUSHAKLTD,EQ,       785.70,                 33113230.30,41615
,PAVNAIND,EQ,        17.23,                  1409573.97,83740
,PAYTM,EQ,      1619.00,               4830851624.30,3008191
,PBMPOLY,EQ,        59.26,                   102432.83,1728
,PCBL,EQ,       315.30,                272817627.40,867848
,PCCL,SM,       416.85,                  9261860.00,22400
,PCJEWELLER,EQ,        10.18,               2797179502.04,274840339
,PDMJEPAPER,EQ,        90.92,                  6762366.93,74507
,PDSL,EQ,       351.85,                 32230241.15,90855
,PEARLPOLY,EQ,        15.25,                   828228.86,54336
,PELATRO,SM,       354.50,                  4719825.00,13200
,PENIND,EQ,       165.90,                 60072454.43,360595
,PENINLAND,BE,        15.49,                  1390040.84,90151
,PENTAGON,SM,        62.40,                  1161650.00,20000
,PERFECT,SZ,         1.90,                    11400.00,6000
,PERMAGN,EQ,       871.55,                  4229027.65,4817
,PERSISTENT,EQ,      5690.00,               3472512475.50,610391
,PETRONET,EQ,       289.20,                428879643.30,1476710
,PFCL41A,NE,      1000.00,                    30000.00,30
,PFIZER,EQ,      4627.60,                 43649343.20,9434
,PFOCUS,EQ,       280.35,                144724120.75,515115
,PFS,EQ,        27.12,                 11514409.01,429299
,PGEL,EQ,       566.00,               1074316519.30,1907087
,PGHH,EQ,      7762.50,                158461245.00,20386
,PGHL,EQ,      5669.50,                 26102229.50,4582
,PGIL,EQ,      2361.60,                175380141.40,74186
,PGINVIT,IV,       100.07,                130536754.11,1304847
,PHANTOMFX,SM,       116.05,                  1786710.00,15300
,PHARMABEES,EQ,        27.56,                162874787.38,5928234
,PHOENIXLTD,EQ,      1920.10,                379970601.60,200132
,PHOENXINTL,EQ,        31.39,                    41019.29,1386
,PHOGLOBAL,SM,        14.20,                   112200.00,8000
,PICCADIL,EQ,       622.25,                 89437608.55,142699
,PIGL,EQ,        99.28,                  1697183.18,16989
,PIIND,EQ,      2393.00,                305336530.70,128403
,PILANIINVS,EQ,      4325.00,                  4254934.40,987
,PILITA,EQ,         7.95,                   236028.02,29807
,PINELABS,EQ,       162.32,               3288069087.46,20367566
,PIONEEREMB,EQ,        21.40,                    43335.14,2023
,PIONRINV,BE,        76.43,                    93588.82,1221
,PIRAMALFIN,EQ,      2186.50,               1288859976.40,588816
,PITTIENG,EQ,      1093.00,                 77390127.20,71422
,PIXTRANS,EQ,      1766.90,                 14886001.90,8408
,PKTEA,EQ,       728.65,                   126339.55,176
,PLASTIBLEN,EQ,       183.39,                  2851711.01,15465
,PLATIND,EQ,       229.69,                 13899621.22,61075
,PLAZACABLE,EQ,        61.80,                 17841964.11,303102
,PML,EQ,       483.85,                    47828.30,99
,PNBGILTS,EQ,        78.19,                 41685979.50,530316
,PNBHOUSING,EQ,      1141.00,                507916636.20,446878
,PNC,EQ,        16.37,                   647940.88,39970
,PNCINFRA,EQ,       180.89,                157038412.86,859041
,PNGJL,EQ,       592.10,                658285787.45,1137103
,PNGSREVA,EQ,       521.70,                 98790465.95,194259
,POCL,EQ,       479.20,                156829223.90,323807
,PODDARMENT,EQ,       253.90,                   555148.25,2199
,POEL,EQ,       144.62,                  4459956.58,30475
,POKARNA,EQ,       839.35,                 26439723.05,31652
,POLICYBZR,EQ,      1851.90,               1123846516.10,610594
,POLYCAB,EQ,      8804.00,               3830067920.00,434543
,POLYMED,EQ,      1783.80,               1348051428.50,744104
,POLYPLEX,EQ,      1190.40,                 54534409.90,46020
,POLYSIL,SM,        63.90,                 12101175.00,189500
,POLYSPIN,EQ,        28.77,                     6858.43,230
,PONNIERODE,EQ,       399.05,                 14012745.50,35699
,POONAWALLA,EQ,       459.65,                215715607.45,473536
,POSITRON,SM,       170.05,                  1519050.00,9000
,POWERICA,EQ,       494.55,                 49134085.95,98400
,POWERINDIA,EQ,     32200.00,               2715711490.00,84787
,POWERMECH,EQ,      2440.00,                 65154608.70,26551
,PPAP,BE,       261.05,                  3783340.25,14487
,PPL,BE,       257.10,                  5533104.45,21504
,PPLPHARMA,EQ,       213.78,                664652351.94,3102064
,PPSL,SM,         2.85,                   455400.00,159000
,PRABHA,EQ,       216.27,                 34748030.89,161854
,PRADPME,BE,       497.90,                  1143328.05,2320
,PRAENG,EQ,        24.86,                 10228906.41,407368
,PRAJIND,EQ,       334.50,                211584131.95,633023
,PRAKASH,EQ,       124.34,                 24543154.94,196922
,PRAKASHSTL,EQ,         3.80,                   605588.66,158017
,PRAMARA,SM,       105.45,                  2101075.00,19500
,PRAMODINI,SM,       117.10,                  9535440.00,81600
,PRANIK,SM,        39.90,                   319520.00,8000
,PRATHAM,SM,       122.00,                   388380.00,3200
,PRAVEG,EQ,       260.85,                  4383644.00,16745
,PRAXIS,EQ,         4.46,                   837335.94,186357
,PRECAM,EQ,       122.87,                 16980816.69,139788
,PRECOT,EQ,       692.20,                   838513.45,1212
,PRECWIRE,EQ,       483.10,                293691328.30,604171
,PREMCO,EQ,       383.75,                   430659.80,1114
,PREMEXPLN,EQ,       668.80,                554415887.85,817689
,PREMIER,BE,         2.76,                    15874.16,5669
,PREMIERENE,EQ,      1000.00,                829713593.10,827532
,PREMIERPOL,EQ,        89.79,                 14763111.42,163733
,PRESSTONIC,SM,        33.80,                  1096520.00,32000
,PRESTIGE,EQ,      1582.00,                847401468.50,546247
,PRICOLLTD,EQ,       767.75,                422965148.45,545899
,PRIMECAB,ST,       203.00,                  1641040.00,8000
,PRIMESECU,EQ,       287.30,                 25736916.75,89913
,PRIMO,EQ,        20.80,                  2545525.89,121947
,PRINCEPIPE,EQ,       285.00,                 35098185.65,122407
,PRISMX,EQ,         0.51,                    78411.96,148588
,PRITI,BE,        33.25,                   105776.57,3141
,PRITIKA,SM,        63.35,                  1012500.00,16000
,PRITIKAUTO,BE,        16.32,                  1834500.86,111868
,PRIVISCL,EQ,      3335.30,                212304411.60,63594
,PRIZOR,ST,      1153.85,                 20850240.00,18400
,PRLIND,SM,        41.50,                  1088000.00,26000
,PROFX,SM,        76.80,                   122880.00,1600
,PROLIFE,SM,        76.00,                   114000.00,1500
,PROPEQUITY,SM,       210.00,                   126000.00,600
,PROPSHOP,SM,        68.45,                  1887300.00,28000
,PROSTARM,EQ,       131.56,                 14777823.61,112415
,PROTEAN,EQ,       497.65,                160558720.75,320935
,PROZONER,EQ,        46.49,                 22998980.57,498977
,PRSMJOHNSN,EQ,       111.64,                 27116770.14,243544
,PRUDENT,EQ,      3237.40,                 92926473.00,28548
,PRUDMOULI,BE,        15.81,                    48520.62,3073
,PSB,EQ,        22.58,                 37591041.86,1678778
,PSFL,SM,        32.00,                   381000.00,12000
,PSPPROJECT,EQ,       858.00,                 68261172.05,79009
,PSUBANK,EQ,        85.25,                 63311705.23,743798
,PSUBANKADD,EQ,        85.97,                  3680366.26,42893
,PSUBNKBEES,EQ,        94.77,                 98823986.06,1041734
,PSUBNKIETF,EQ,        86.04,                  7639518.81,88783
,PTC,EQ,       155.44,                117775580.70,761035
,PTCIL,EQ,     22715.00,                767069490.00,33761
,PTL,EQ,        38.45,                  1062584.29,27631
,PUNJABCHEM,EQ,      1093.40,                  4051565.80,3693
,PURPLEUTED,ST,       405.70,                  5710812.50,14250
,PURVA,EQ,       209.79,                 21382218.54,102085
,PURVFLEXI,SM,        48.40,                   892920.00,18400
,PUSHPA,SM,       114.20,                  3737100.00,33000
,PVP,EQ,        61.81,                 43318624.44,700698
,PVRINOX,EQ,      1210.00,                380143191.40,311807
,PVSL,EQ,       102.39,                  3048445.28,30147
,PVTBANIETF,EQ,        27.84,                101710586.13,3650705
,PVTBANK,EQ,        27.60,                    67322.22,2433
,PVTBANKADD,EQ,        28.02,                   791527.82,28206
,PVTBKGROWW,EQ,        27.76,                   321403.19,11623
,PWL,EQ,       115.47,                632069395.48,5535743
,PYRAMID,EQ,       155.64,                  6680676.67,42803
,QGOLDHALF,EQ,       123.84,                 46597901.52,375724
,QLINE,SM,       619.55,                 98877880.00,164000
,QMSMEDI,BE,       158.33,                  1965704.54,12338
,QNIFTY,EQ,       263.41,                  1833361.02,6966
,QPOWER,EQ,      1455.60,                280905642.50,190928
,QUADFUTURE,EQ,       415.00,                124158528.55,294548
,QUAL30IETF,EQ,        21.10,                  3925559.01,186417
,QUALITY30,EQ,        20.74,                   124688.20,6019
,QUESS,EQ,       379.25,                149599590.75,401103
,QUESTLAB,SM,        84.00,                   509640.00,6000
,QUICKHEAL,BE,       137.96,                  4763735.63,34614
,QUICKTOUCH,SM,        15.50,                    23250.00,1500
,QUINT,EQ,        39.44,                    50402.69,1281
,QVCEL,SM,        23.75,                   585360.00,25600
,RACE,EQ,       100.36,                  1212075.44,12224
,RACLGEAR,EQ,      1516.60,                 35817484.70,23651
,RADAAN,EQ,         2.88,                    77449.90,27131
,RADHIKAJWE,EQ,        71.60,                 98242186.29,1365803
,RADIANTCMS,EQ,        39.18,                  9981851.33,254057
,RADICO,EQ,      4476.20,                814219945.80,183742
,RADIOCITY,EQ,         6.32,                   212917.12,33741
,RADIOWALLA,ST,        31.75,                   711200.00,22400
,RAILTEL,EQ,       271.55,                 82574669.70,303377
,RAIN,EQ,       205.66,                567361553.24,2767223
,RAINBOW,EQ,      1433.00,                 54916229.40,38375
,RAJESHEXPO,BZ,        79.49,                 23823118.39,300872
,RAJINDLTD,SM,        63.00,                  1051050.00,16500
,RAJMET,EQ,         3.10,                   767400.28,246319
,RAJOOENG,BE,        48.67,                  3887169.57,79982
,RAJPALAYAM,EQ,       794.10,                   668675.20,839
,RAJPUTANA,SM,       238.50,                  6139975.00,26500
,RAJRATAN,EQ,       490.45,                 15407935.00,31340
,RAJRILTD,BE,        22.43,                   875235.11,38997
,RAJSREESUG,EQ,        35.55,                   912232.49,25195
,RAJTV,EQ,         8.93,                   446446.42,49994
,RALLIS,EQ,       209.50,                150549804.24,724374
,RAMANEWS,EQ,        31.20,                   209527.13,6736
,RAMAPHO,EQ,       122.93,                   791122.63,6459
,RAMASTEEL,BE,         4.17,                  1711146.99,410347
,RAMBHAJO,EQ,       246.17,                302682034.82,1238324
,RAMCOCEM,EQ,       864.35,                 86719005.05,100528
,RAMCOIND,EQ,       319.50,                 39286247.85,122658
,RAMCOSYS,EQ,       579.00,                 50355753.20,86512
,RAMKY,EQ,       340.85,                  7713419.65,22632
,RAMRAT,EQ,       535.10,                219625292.90,400073
,RANASUG,EQ,        14.90,                  2893718.60,193282
,RANEHOLDIN,EQ,      1605.20,                 16463809.80,10389
,RAPIDFLEET,SM,       230.00,                  3933780.00,16800
,RAPPID,SM,       304.70,                  2181480.00,7200
,RATEGAIN,EQ,       875.35,                533025837.60,602952
,RATNA-RE,BE,        16.45,                  1911049.75,115644
,RATNAMANI,EQ,      2634.30,                116122415.70,44485
,RATNAVEER,EQ,       286.15,                567611076.35,1974512
,RAYMOND,EQ,       667.25,               1448368266.75,2180718
,RAYMONDLSL,EQ,       650.30,                146735121.15,225434
,RAYMONDREL,EQ,       506.05,                271389922.55,529641
,RBA,EQ,        97.75,                209998734.41,2134628
,RBLBANK,EQ,       389.40,               1659504821.05,4297189
,RBMINFRA,SM,       242.75,                  2318550.00,9800
,RBS,SM,        88.50,                   644640.00,7200
,RBZJEWEL,EQ,       161.47,               1732269959.65,10355122
,RCDL,SM,        14.55,                   527250.00,36000
,RCDL-RE,ST,         1.75,                   920250.00,453000
,RCF,EQ,       113.94,                 81660520.52,717999
,RCOM,BE,         0.79,                  2521892.93,3152372
,READYMIX,SM,        78.65,                  2191700.00,28000
,REDINGTON,EQ,       363.20,               3875485925.80,10766413
,REDTAPE,EQ,       118.99,                 37634493.31,314900
,REFEX,EQ,       277.45,                 59030510.40,212725
,REFRACTORY,SM,        26.50,                   266850.00,10000
,REGAAL,EQ,        90.78,                 74565506.27,826348
,REGENCERAM,EQ,        35.24,                    61233.07,1738
,RELAXO,EQ,       346.40,                 62655340.90,180409
,RELCHEMQ,EQ,       111.70,                   263102.28,2340
,RELIABLE,EQ,       138.74,                  7918827.17,57192
,RELIGARE,EQ,       248.06,                143095626.66,576451
,RELINFRA,BE,        57.05,                 19375271.97,333917
,RELTD,EQ,       152.13,                 21815840.59,142843
,REMSONSIND,EQ,        94.88,                  6570284.35,69007
,REMUS,SM,       885.30,                  3001385.00,3400
,RENUKA,EQ,        23.94,                289020465.66,12027252
,REPCOHOME,EQ,       359.60,                 27539031.35,76623
,REPL,BE,        64.30,                   110789.39,1691
,REPRO,EQ,       318.40,                  5323816.40,16541
,RESPONIND,EQ,       150.47,                  7792038.20,51938
,RETAIL,EQ,        17.29,                   199334.96,11270
,REXPRO,SM,        37.55,                   341050.00,9000
,RFBL,ST,        86.20,                   258600.00,3000
,RGL,EQ,       137.79,                 72040916.38,523746
,RHETAN,EQ,        21.02,                113398713.63,5392754
,RHFL,BZ,         1.75,                  1086415.73,618118
,RHIM,EQ,       370.50,                120774895.80,330000
,RHL,EQ,       172.71,                  1119502.68,6533
,RICHA,ST,        80.20,                   158200.00,2000
,RICOAUTO,EQ,       125.70,                 94846483.78,757096
,RIIL,EQ,       743.75,                 25562676.30,34494
,RIIT,IV,       121.48,                 27304909.60,224761
,RILINFRA,SM,        35.55,                   316535.00,8900
,RIR,EQ,       157.69,                 12293052.43,78631
,RISHABH,EQ,       746.00,                866207377.80,1177885
,RITCO,EQ,       303.80,                 14875637.85,49466
,RITES,EQ,       212.60,                 62243158.68,292047
,RITEZONE,SM,        18.75,                    60000.00,3200
,RKDL,EQ,        18.25,                   155221.05,8523
,RKEC,EQ,        21.56,                   724063.04,33170
,RKFORGE,EQ,       726.10,                443089514.35,604068
,RKSWAMY,EQ,        92.14,                  1791355.85,19499
,RMC,EQ,       221.42,                 18854866.37,83910
,RMDRIP,BE,        21.06,                  6903743.98,326982
,RML,EQ,      1103.70,                 10899453.70,9847
,RNBDENIMS,EQ,        11.37,                  1171200.96,103008
,RNFI,SM,       296.05,                 26533380.00,89400
,RNPL,SM,        79.90,                    95880.00,1200
,ROCKINGDCE,SM,       237.85,                  1479525.00,6250
,ROHLTD,EQ,       296.80,                  3177821.55,10656
,ROLEXRINGS,EQ,       173.01,                199244439.61,1140921
,ROLLT,BE,         3.98,                  1381446.55,354271
,ROML,EQ,        42.13,                    28891.99,677
,ROSSARI,EQ,       476.20,                 22788859.10,47960
,ROSSELLIND,EQ,        58.58,                  3301835.77,57008
,ROSSTECH,EQ,      1134.00,                186843138.30,164242
,ROTO,EQ,        64.80,                 15838881.66,244904
,ROUTE,EQ,       499.70,                 57769575.50,115619
,ROXHITECH,SM,        47.40,                  1660160.00,35200
,ROYALARC,SM,       159.00,                  1541220.00,9600
,RPEL,EQ,      1774.60,                 87604161.50,49856
,RPGLIFE,EQ,      2564.90,                 18001077.80,7011
,RPOWER,EQ,        22.05,                220918953.10,10033374
,RPPINFRA,EQ,        55.57,                  3162704.42,56432
,RPPL,BE,        22.89,                   407608.50,17997
,RPSGVENT,EQ,       839.70,                 12198148.85,14547
,RPTECH,EQ,       806.10,                136026712.90,167976
,RRECL,EQ,       138.85,                    71912.75,539
,RRIL,EQ,        16.64,                   109148.10,6550
,RRKABEL,EQ,      2630.40,               3109218551.00,1150212
,RSDFIN,BE,        95.37,                   180096.95,1895
,RSL,EQ,       178.98,                 28528644.57,159908
,RSSOFTWARE,EQ,        28.54,                  2653017.08,94746
,RSWM,BE,       206.94,                 12099150.78,59644
,RSYSTEMS,EQ,       253.96,                 83871961.77,333125
,RTNINDIA,EQ,        29.59,                 33096884.22,1119765
,RTNPOWER,EQ,         7.39,                111642602.67,15138484
,RTSPOWR,EQ,        88.66,                    90591.51,1028
,RUBFILA,EQ,        66.21,                  5171489.02,76795
,RUBICON,EQ,      1828.80,                223844245.30,123136
,RUBYMILLS,BE,       396.80,                  2331570.35,5981
,RUCHINFRA,EQ,         5.53,                   255432.71,46520
,RUCHIRA,EQ,       102.67,                   795150.80,7739
,RUDRA,EQ,        20.72,                   924104.09,45235
,RULKA,SM,       106.10,                    31830.00,300
,RUPA,EQ,       143.15,                 11508662.10,80144
,RUSHIL,EQ,        16.09,                  2530276.15,156900
,RUSTOMJEE,EQ,       379.15,                 11851875.65,31294
,RVHL,EQ,        39.28,                    91663.14,2310
,RVNL,EQ,       206.00,                779603834.34,3795701
,RVTH,EQ,       723.85,                   513046.15,707
,S&SPOWER,EQ,       322.00,                   293145.40,898
,SAAKSHI,ST,       310.90,                 13701360.00,44400
,SAATVIKGL,EQ,       417.25,                 13563197.10,32529
,SABAR,ST,         8.65,                    43250.00,5000
,SACHEEROME,SM,       420.10,                 15519000.00,36900
,SADBHAV,EQ,         8.07,                  5922758.72,711395
,SADBHIN,BE,         2.58,                   198068.95,76195
,SADHAV,SM,       111.25,                   728550.00,6600
,SADHNANIQ,BE,         2.71,                  2243172.69,827739
,SAFARI,EQ,      1497.20,                 40964280.00,27131
,SAFEENTP,SM,       265.30,                 61560900.00,241000
,SAGARDEEP,EQ,        23.66,                    53889.55,2274
,SAGCEM,EQ,       155.63,                  4641898.96,29660
,SAGILITY,EQ,        46.70,                765184946.32,16448512
,SAHAJSOLAR,SM,       100.25,                  4515000.00,45200
,SAHANA,SM,       916.90,                  4702537.50,5100
,SAHASRA,ST,       308.00,                  4691040.00,15200
,SAHLIBHFI,EQ,        86.36,                145411034.91,1697290
,SAHYADRI,EQ,       356.20,                  6214398.70,17544
,SAICAPI,EQ,       140.00,                   122518.37,863
,SAIFL,SM,         4.85,                   816600.00,172000
,SAIL,EQ,       196.50,               3781913739.80,19458118
,SAILIFE,EQ,      1587.00,               4299305610.50,2747154
,SAIPARENT,EQ,       515.55,                 22715277.55,44100
,SAKAR,EQ,       985.80,                382332078.05,385693
,SAKHTISUG,EQ,        20.37,                  3615083.21,176853
,SAKSOFT,EQ,       150.38,                 58406158.28,387000
,SAKUMA,EQ,         1.60,                  1781208.98,1107702
,SALASAR,EQ,         5.65,                 40783708.14,7181900
,SALONA,EQ,       262.45,                    54361.40,205
,SALSTEEL,EQ,        82.04,                 98346482.52,1174529
,SALZERELEC,EQ,       535.85,                 32200347.10,60215
,SAMBANDAM,EQ,       114.45,                     9585.00,84
,SAMBHAAV,EQ,         6.00,                    55968.20,9375
,SAMBHV,EQ,       126.18,                115487069.23,914541
,SAMHI,EQ,       151.45,                125960113.52,830168
,SAMMAANCAP,EQ,       152.31,               1574615172.75,10530796
,SAMPANN,EQ,        24.33,                   363911.23,14882
,SANATHAN,EQ,       434.00,                 26156532.35,60244
,SANDESH,EQ,      1050.00,                  1944240.10,1835
,SANDHAR,EQ,       633.75,                107065896.60,168187
,SANDUMA,EQ,       197.00,                 75305702.62,381024
,SANGAMIND,EQ,       569.80,                 37484273.60,65448
,SANGANI,SM,        54.60,                   732825.00,13500
,SANGHVIMOV,EQ,       452.30,                132677165.95,292649
,SANGINITA,BE,        57.20,                122871951.74,2064599
,SANOFI,EQ,      3157.40,                 43943960.50,13872
,SANOFICONR,EQ,      4182.40,                 19206913.80,4642
,SANSERA,EQ,      3810.60,                525575282.00,137509
,SANSTAR,EQ,       109.91,                 17185291.51,157555
,SANWARIA,BZ,         0.19,                    66965.23,343892
,SAPPHIRE,EQ,       228.21,                155339031.42,683474
,SAPPL,EQ,       280.00,                   705336.40,2539
,SARDAEN,EQ,       491.05,                 64145897.50,130326
,SAREGAMA,EQ,       477.30,                172796034.35,358580
,SARLAPOLY,EQ,       102.46,                  3752303.07,36715
,SAROJA,SM,        38.95,                   124640.00,3200
,SARTELE,SM,        89.85,                  9380450.00,104000
,SARVESHWAR,EQ,         3.34,                  3024675.08,908268
,SASKEN,EQ,      1885.50,                 29011848.40,15405
,SATECH,SM,        37.05,                   189450.00,5000
,SATIA,EQ,        57.12,                  2070128.60,36353
,SATIN,EQ,       218.52,                 33396929.25,153677
,SATIPOLY,ST,        37.05,                    37075.00,1000
,SATKARTAR,SM,       121.70,                  2861800.00,24000
,SATTVAENGG,SM,        62.00,                   501680.00,8000
,SAURASHCEM,EQ,        55.22,                  2574104.28,46410
,SAVY,SM,       135.00,                  3697800.00,27600
,SAWALIYA,SM,       143.25,                  6102180.00,42000
,SAYAJIHOTL,EQ,       303.00,                     3720.55,12
,SAYAJIIND,EQ,       117.48,                    37266.99,326
,SBC,EQ,        42.81,                335095934.22,7904399
,SBCL,EQ,      1050.90,                251561526.00,240612
,SBFC,EQ,        99.23,                173012999.49,1753870
,SBGLP,EQ,        23.29,                   888500.08,37505
,SBIBPB,EQ,        49.25,                  2927638.96,59438
,SBICARD,EQ,       635.15,               1242928086.65,1969265
,SBIETFCON,EQ,       121.20,                 13387487.31,111337
,SBIETFIT,EQ,       343.34,                  5182099.69,15075
,SBIETFPB,EQ,       282.98,                   870428.51,3085
,SBIETFQLTY,EQ,       222.40,                   839796.88,3784
,SBIFUNDS,EQ,       564.70,                434310390.60,772367
,SBILIQETF,EQ,      1054.30,                364131175.94,345377
,SBIMIDMOM,EQ,        63.59,                  5433503.79,85571
,SBINEQWETF,EQ,        33.13,                   350566.56,10591
,SBINMID150,EQ,        23.12,                   420130.69,18181
,SBISILVER,EQ,       220.81,                199397797.99,902253
,SBISMLETF,EQ,        18.24,                   921329.49,50460
,SBIVALETF,EQ,        14.65,                   192463.32,13175
,SCANSTL,BE,        58.02,                  1606739.14,28324
,SCHAEFFLER,EQ,      3967.10,                190567655.30,47965
,SCHAND,EQ,       134.20,                  3572661.83,26812
,SCHNEIDER,EQ,      1169.50,                221159954.10,190208
,SCI,EQ,       288.20,               1298361974.90,4450212
,SCILAL,EQ,        39.47,                  7101650.36,179599
,SCL0182025,NC,      1032.50,                     3112.90,3
,SCL01825,N6,      1078.00,                   214034.00,200
,SCLZC26,NB,      2351.00,                    54073.00,23
,SCML,SM,        83.95,                  6094700.00,73000
,SCODATUBES,EQ,       128.61,                 15654920.46,121615
,SCPL,BE,       637.20,                  4097153.00,6415
,SDBL,EQ,        72.58,                 22914643.56,320158
,SDREAMS,SM,        85.00,                   256100.00,3000
,SEAMECLTD,EQ,      1735.70,                288912064.50,168329
,SECMARK,EQ,       142.78,                   844410.18,5992
,SECURKLOUD,EQ,        17.35,                    81491.72,4671
,SEDEMAC,EQ,      2866.50,                650566407.80,226318
,SEIL,EQ,       201.56,                130993764.51,644724
,SEJALLTD,EQ,       672.85,                  4011802.50,5960
,SEKURITIND,EQ,       113.70,                  1757935.06,15293
,SEL,SM,       299.90,                   778620.00,2600
,SELECTIPO,EQ,        48.42,                  3324950.97,68948
,SELLOWRAP,SM,        66.50,                   106400.00,1600
,SELMC,EQ,        27.43,                   148852.22,5527
,SENCO,EQ,       348.60,                195871884.45,564599
,SENORES,EQ,      1449.50,                247501276.90,170199
,SENSEXADD,EQ,        79.03,                    38201.00,484
,SENSEXAXIS,EQ,        79.56,                    63536.67,799
,SENSEXBETA,EQ,       846.66,                  1118827.73,1320
,SENSEXETF,EQ,        78.96,                  1575626.45,19959
,SENSEXIETF,EQ,       881.04,                 24985812.59,28372
,SEPC,EQ,         5.43,                 48332763.83,9018965
,SERVICE,SM,        70.30,                  2356600.00,34000
,SERVOTECH,EQ,        79.47,                 24280026.63,308764
,SESHAPAPER,EQ,       229.67,                  8773186.24,37976
,SETCO,BE,        17.51,                   776811.32,43962
,SETF10GILT,EQ,       263.88,                   592208.94,2249
,SETFGOLD,EQ,       127.44,                897337414.76,7037496
,SETFNIF50,EQ,       257.65,                287987400.49,1118456
,SETFNIFBK,EQ,       587.97,                 31403403.07,53449
,SETFNN50,EQ,       779.13,                 26530168.49,34177
,SETL,EQ,       374.95,                332167451.45,882005
,SETUINFRA,BZ,         0.53,                    12848.26,24242
,SEYAIND,BE,        12.25,                    45944.86,3788
,SFL,EQ,       646.85,                118786560.00,183379
,SFML,SM,        21.65,                   136480.00,6400
,SGBAPR28I,GB,     14890.48,                  3524341.67,236
,SGBAUG27,GB,     14959.21,                  3554515.18,238
,SGBAUG28V,GB,     14871.55,                 12667152.86,850
,SGBAUG29V,GB,     15108.38,                  1552033.23,103
,SGBAUG30,GB,     15021.48,                  6244375.59,416
,SGBD29VIII,GB,     14961.64,                  3661787.02,244
,SGBDC27VII,GB,     15090.00,                   209460.96,14
,SGBDE30III,GB,     15105.81,                  2162881.41,143
,SGBDE31III,GB,     15314.62,                 23966262.10,1564
,SGBDEC26,GB,     15550.00,                   194851.15,13
,SGBFEB27,GB,     14849.00,                    44584.00,3
,SGBFEB28IX,GB,     14802.11,                    59024.42,4
,SGBFEB29XI,GB,     14849.66,                  2027674.28,136
,SGBFEB32IV,GB,     15553.55,                 34394634.92,2216
,SGBJ28VIII,GB,     14846.31,                  1458313.87,98
,SGBJAN27,GB,     14950.00,                    14950.00,1
,SGBJAN29IX,GB,     14865.81,                 10884168.92,731
,SGBJAN29X,GB,     14891.07,                  3318015.56,223
,SGBJAN30IX,GB,     14999.98,                  4269900.37,285
,SGBJU29III,GB,     14862.97,                  3092503.12,208
,SGBJUL27,GB,     15024.99,                    74729.97,5
,SGBJUL28IV,GB,     14843.67,                  7568780.68,509
,SGBJUL29IV,GB,     14895.64,                  5379103.94,361
,SGBJUN27,GB,     14950.00,                   403442.76,27
,SGBJUN28,GB,     14850.00,                  1532731.15,103
,SGBJUN29II,GB,     14868.88,                  3991313.85,268
,SGBJUN30,GB,     14940.62,                  2798454.32,187
,SGBJUN31I,GB,     15191.80,                 11811361.98,776
,SGBMAR28X,GB,     15000.00,                    75000.00,5
,SGBMAR30X,GB,     14998.00,                  2111000.92,141
,SGBMAR31IV,GB,     15234.75,                  1597457.20,105
,SGBMAY28,GB,     14861.71,                  2245374.73,151
,SGBMAY29I,GB,     14860.91,                 12643371.91,850
,SGBMR29XII,GB,     14903.17,                  2088971.45,140
,SGBN28VIII,GB,     14866.96,                  4093421.71,274
,SGBNV29VII,GB,     14885.57,                  2863500.58,192
,SGBOC28VII,GB,     14870.41,                  1997045.38,134
,SGBOCT26,GB,     15000.00,                    30000.00,2
,SGBOCT27,GB,     14962.00,                   226594.00,15
,SGBOCT27VI,GB,     14770.00,                    14770.00,1
,SGBSEP27,GB,     14915.02,                    89575.07,6
,SGBSEP28VI,GB,     14946.66,                  1902709.94,127
,SGBSEP29VI,GB,     14891.34,                  8517757.85,571
,SGBSEP31II,GB,     15303.26,                 12265612.86,802
,SGFIN,EQ,       674.60,                 78661728.35,116799
,SGIL,EQ,       590.65,                  3998144.75,6679
,SGL,EQ,        10.21,                    35932.92,3454
,SGLRES,EQ,         2.33,                    28159.33,12072
,SGMART,EQ,       827.20,                 93783073.20,112710
,SGRL,EQ,       685.65,                 19947353.05,29477
,SHADOWFAX,EQ,       253.55,                470669462.25,1855864
,SHAH,EQ,         3.57,                  3497698.96,976261
,SHAHALLOYS,EQ,       112.46,                 25050773.91,223823
,SHAILY,EQ,      3172.50,                481635004.70,151078
,SHAKTIPUMP,EQ,       472.35,                120561029.95,254955
,SHALBY,EQ,       151.33,                 14445821.56,95389
,SHALPAINTS,BE,        77.67,                  5271332.36,67729
,SHANKARA,EQ,       147.33,                 12486139.43,85064
,SHANKESH,EQ,        97.95,                891559336.68,9301184
,SHANTI,EQ,         6.29,                    87805.16,13911
,SHANTIGEAR,EQ,       529.85,                 37617856.75,71215
,SHANTIGOLD,EQ,       243.30,                295140225.74,1230246
,SHARDACROP,EQ,       778.30,                 46215860.90,59207
,SHARDAMOTR,EQ,       875.70,                 29434324.75,33554
,SHARDUL,BE,        53.03,                   671052.80,12696
,SHAREINDIA,EQ,       168.48,                 22828167.41,135258
,SHARIABEES,EQ,       456.97,                  3843683.13,8412
,SHBAJRG,EQ,       155.07,                   799627.60,5047
,SHEETAL,SM,       333.75,                  3688675.00,11000
,SHEKHAWATI,BE,        15.30,                   166285.89,10798
,SHEMAROO,BE,       126.78,                  1009271.20,7971
,SHERA,SM,       176.30,                  1409900.00,8000
,SHERVANI,EQ,       342.75,                    19879.50,58
,SHETHJI,SM,       186.55,                 13418050.00,72000
,SHIGAN,SM,        71.10,                   106650.00,1500
,SHILCTECH,EQ,      3995.40,                 70863159.40,17768
,SHILGRAVQ,EQ,       155.12,                   159656.17,1033
,SHILPAMED,EQ,       928.55,               1345123590.55,1465404
,SHINDL,EQ,       160.68,                 50182084.95,311659
,SHIPROCKET,EQ,       133.82,                973408147.87,7254180
,SHIVAAGRO,EQ,        40.80,                    39292.04,1056
,SHIVACEM,EQ,        15.99,                   659791.09,41292
,SHIVALIK,BE,       325.85,                 13429363.80,41241
,SHIVAMAUTO,EQ,        17.85,                   744617.72,41911
,SHIVAMILLS,EQ,        61.15,                    32391.49,534
,SHIVASHRIT,SM,       120.95,                   241500.00,2000
,SHIVATEX,EQ,       180.51,                  1225327.93,6823
,SHIVAUM,EQ,       448.20,                 46935804.60,109000
,SHK,EQ,       148.37,                 87780512.01,594034
,SHKSIL,SM,        33.80,                   402300.00,12000
,SHOPERSTOP,EQ,       381.25,                  6015402.00,15781
,SHRADDHA,EQ,       157.89,                   728182.32,4640
,SHRADHA,EQ,        31.63,                   183632.36,5791
,SHREDIGCEM,EQ,        70.95,                 16099288.07,225107
,SHREEDHAR,ST,       111.20,                  3258000.00,30000
,SHREEJISPG,EQ,       643.40,                499761575.30,772101
,SHREEKARNI,SM,       395.00,                  1254765.00,3150
,SHREEOSFM,SM,        59.00,                   177650.00,3000
,SHREEPUSHK,EQ,       468.05,                 33343172.05,71193
,SHREERAMA,EQ,        41.13,                  1654714.49,40231
,SHREMINVIT,IV,       101.00,                  2525000.00,25000
,SHRENIK,BZ,         0.28,                    80967.20,286599
,SHREYANIND,EQ,       125.71,                   556442.92,4428
,SHRIAHIMSA,ST,       485.60,                  7513920.00,15600
,SHRIKANHA,SM,        22.25,                   569040.00,25600
,SHRIKRISH,EQ,        39.81,                    35577.79,908
,SHRINGARMS,EQ,       216.23,                 31395207.41,144996
,SHRIPISTON,EQ,      4600.40,                430476707.30,95112
,SHRIRAMPPS,EQ,        75.68,                 18554067.76,245690
,SHRITECH,SM,        59.55,                  1665800.00,26000
,SHRJAGP,EQ,       615.55,                   553298.55,896
,SHUBHLAXMI,SM,        18.50,                    18500.00,1000
,SHUBHSHREE,SM,       347.50,                  2432340.00,7200
,SHUKRAPHAR,EQ,        46.79,                135806585.30,2933344
,SHYAMCENT,BE,         5.02,                   204102.67,40748
,SHYAMDHANI,ST,        52.95,                   319000.00,6000
,SHYAMMETL,EQ,      1072.60,                109812813.30,102401
,SHYAMTEL,EQ,        11.12,                   311079.93,27921
,SICAGEN,EQ,        57.93,                  2873798.20,50178
,SICALLOG,BE,       103.70,                  2513957.60,24246
,SIDDHICOTS,SM,        26.75,                   417720.00,15600
,SIDDHIKA,SM,       215.40,                   752900.00,3500
,SIEL,EQ,        32.50,                    13448.83,423
,SIGACHI,EQ,        32.53,                 55680253.17,1728224
,SIGIND,BE,        71.58,                  1875409.58,26413
,SIGMA,EQ,        46.85,                  2547377.60,54352
,SIGMAADV,BE,       772.95,                130288539.20,169732
,SIGNATURE,EQ,       765.30,                135725126.85,177375
,SIGNPOST,EQ,       242.70,                 40383278.30,164552
,SIKA,EQ,       987.40,                 16702969.45,16813
,SIKKO,BE,         5.19,                  2634226.64,515912
,SIL,EQ,        19.67,                  1145933.02,58178
,SILGO,EQ,        71.89,                 22486422.59,317809
,SILINV,EQ,       477.65,                  1154808.75,2397
,SILKFLEX,SM,       261.55,                  6448350.00,25000
,SILKY,SM,        69.40,                   812960.00,12000
,SILLYMONKS,EQ,        15.99,                     1721.59,107
,SILVER,EQ,       225.17,                157081353.12,697460
,SILVER001,EQ,        22.79,                  1383430.86,60488
,SILVER1,EQ,        21.87,                136618716.96,6245962
,SILVER360,EQ,       222.54,                  6789930.33,30512
,SILVERADD,EQ,        21.71,                 56064996.34,2578958
,SILVERAG,EQ,       219.49,                 65382035.84,297870
,SILVERAXIS,EQ,       223.98,                 99037340.08,441304
,SILVERBEES,EQ,       215.45,               4009810188.22,18590941
,SILVERBETA,EQ,       217.48,                178077913.07,818352
,SILVERBND,EQ,       226.02,                  5001131.06,22114
,SILVERCASE,EQ,        22.83,                163044358.62,7130133
,SILVERIETF,EQ,       225.65,                818643825.96,3634029
,SILVERTUC,EQ,       173.81,                 66503980.98,385462
,SIMBHALS,BZ,         8.11,                    92958.42,11462
,SIMCA,ST,       258.00,                  1238700.00,4800
,SIMPLEXINF,EQ,       265.20,                 28687114.30,109146
,SINCLAIR,EQ,        82.67,                  3433463.52,41291
,SINDHUTRAD,EQ,        23.86,                 19971180.68,833375
,SINGERIND,EQ,        74.64,                  2588825.00,34572
,SINTERCOM,EQ,        76.54,                    77381.70,1004
,SIRCA,EQ,       431.25,                 75136192.20,174471
,SIS,EQ,       430.00,                158395481.15,369279
,SITINET,BZ,         0.29,                   263837.54,891034
,SIYSIL,EQ,       550.35,                 21463103.25,39032
,SJLOGISTIC,SM,       315.00,                 14073012.50,44750
,SJS,EQ,      2403.80,                231213694.00,96297
,SJVN,EQ,        63.92,                113047720.12,1760999
,SKFINDIA,EQ,      1532.10,                 43390690.10,28428
,SKFINDUS,EQ,      3039.20,                238543611.00,78757
,SKIPPER,EQ,       537.15,                402369116.10,754042
,SKMEGGPROD,EQ,       261.75,                 49072475.00,186842
,SKP,SM,       148.10,                 10278000.00,68500
,SKYGOLD,EQ,       753.10,                802675998.30,1060004
,SKYTECH,ST,        46.80,                    74880.00,1600
,SKYWAYS,EQ,       129.31,               2291106917.94,17596762
,SLONE,ST,       174.20,                  1250220.00,7200
,SMALL250,EQ,        18.34,                  7063190.94,385602
,SMALLADD,EQ,        18.33,                   858978.56,46783
,SMALLCAP,EQ,        48.47,                 60202620.24,1242548
,SMALLGROWW,EQ,        48.58,                   533353.09,10965
,SMALLIETF,EQ,        18.33,                  1145848.63,62585
,SMARTLINK,BE,       209.37,                  1359332.77,6540
,SMARTWORKS,EQ,       525.45,                 21619074.90,41047
,SMCGLOBAL,EQ,        79.37,                 20842606.10,263104
,SML100CASE,EQ,        11.24,                 13173880.22,1173683
,SMLMAH,EQ,      5318.50,                862517849.50,157903
,SMLT,EQ,        64.61,                   577914.22,8912
,SMSPHARMA,EQ,       373.05,                 65565848.40,176928
,SNEHAA,SM,        46.00,                    46000.00,1000
,SNOWMAN,EQ,        36.07,                  4417404.27,121902
,SNXT30BEES,EQ,        42.60,                   774898.96,18341
,SNXT50BETA,EQ,        94.97,                   130734.26,1391
,SOBHA,EQ,      1230.10,                 92805314.70,75521
,SOCL,SM,        29.00,                   182880.00,6400
,SOFTTECH,EQ,       412.90,                   627023.00,1513
,SOLARA,EQ,       640.35,                224930426.80,350170
,SOLARWORLD,EQ,       142.83,                 30323327.30,213492
,SOLEX,EQ,       712.95,                 23355741.50,32821
,SOMANYCERA,EQ,       570.10,                102951974.25,180890
,SOMATEX,EQ,        88.34,                   826388.70,9355
,SOMICONVEY,EQ,        90.45,                   751948.86,8346
,SONACOMS,EQ,       782.65,               2818463467.45,3609368
,SONAL,EQ,        88.99,                     1417.48,16
,SONAMAC,SM,        32.50,                    32500.00,1000
,SONAMLTD,EQ,        71.44,                 14968668.62,212626
,SONATSOFTW,EQ,       289.30,                232878994.95,813831
,SONUINFRA,ST,        40.35,                   725175.00,18000
,SOTL,EQ,       752.60,               3957087341.90,5145071
,SOUTHBANK,EQ,        45.74,                262571258.81,5752468
,SOUTHWEST,EQ,       206.38,                 12652671.52,61416
,SPAL,EQ,      1072.40,                153385424.20,144792
,SPANDANA,EQ,       235.98,                 18259928.39,77756
,SPARC,EQ,       199.58,                490051777.35,2409904
,SPCENET,EQ,         3.10,                  4729729.63,1503707
,SPCL,SM,        60.70,                   474210.00,7800
,SPEB,SM,        92.00,                   184000.00,2000
,SPECIALITY,BE,       138.09,                  6430203.06,46224
,SPECTRUM,BE,      2148.30,                 12961813.90,6134
,SPECTSTM,SM,        58.45,                   883160.00,15200
,SPELS,EQ,       148.68,                  3756644.39,25327
,SPENCERS,EQ,        28.51,                  1049561.74,36449
,SPIC,EQ,        69.09,                 32352415.60,471117
,SPLIL,EQ,        31.45,                   222143.23,7069
,SPLPETRO,EQ,       721.85,                 60305446.75,83706
,SPMLINFRA,EQ,       174.24,                 35204778.75,201362
,SPORTKING,EQ,       225.74,                 69770150.17,306220
,SPUNWEB,SM,       101.05,                   121260.00,1200
,SRD,EQ,        38.63,                  1487426.40,38691
,SREEL,EQ,       253.70,                  4876632.47,19178
,SRF,EQ,      2598.40,                333951502.50,129379
,SRGHFL,EQ,       246.85,                   440547.50,1741
,SRHHYPOLTD,EQ,       498.20,                  3929316.65,7917
,SRIKPRIND,EQ,        30.42,                  6444630.20,221530
,SRIVASAVI,ST,        73.80,                  1813250.00,25000
,SRM,EQ,       458.30,                 45667007.95,100666
,SRTL,EQ,        36.99,                  4055252.90,108713
,SSDL,EQ,        56.03,                   682625.21,12140
,SSEGL,SM,       406.35,                 17348600.00,43600
,SSFL,ST,       253.00,                  1165500.00,4500
,SSWL,EQ,       349.70,               1554594483.15,4499959
,STALLION,BE,       212.45,                 76578198.87,362563
,STANLEY,EQ,       135.41,                  6594918.83,48527
,STAR,EQ,      1047.80,                339138841.80,327406
,STARCEMENT,EQ,       184.10,                 19582340.25,106376
,STARHEALTH,EQ,       562.95,                138253388.00,246774
,STARPAPER,EQ,       147.16,                  1039724.76,6997
,STARTECK,EQ,       247.90,                     6198.50,25
,STCINDIA,EQ,       112.97,                  5828601.65,51290
,STEELCAS,EQ,       330.75,                 20710178.10,61704
,STEELCITY,EQ,        82.31,                   476037.53,5769
,STEELXIND,EQ,        10.61,                 27959274.49,2631091
,STEL,EQ,       601.45,                  1774820.35,2919
,STERTOOLS,BE,       220.06,                  6174303.16,28250
,STLNETWORK,EQ,        28.01,                 38177492.74,1379678
,STLSTRINF,EQ,        19.57,                    24507.79,1251
,STLTECH,BE,       714.35,               1214078095.45,1724135
,STOVEKRAFT,EQ,       844.40,                101791161.45,120280
,STRIDERS,SM,        62.00,                  3670400.00,59200
,STUDDS,EQ,       433.40,                 25979140.35,60119
,STUDIOLSD,SM,         9.25,                   165900.00,18000
,STYL,EQ,       386.00,                 31075831.75,80614
,STYLAMIND,EQ,      3264.80,                131647339.70,39966
,STYLEBAAZA,EQ,       395.45,                403013692.45,1012868
,STYRENIX,EQ,      1990.80,                 99264066.60,49695
,SUBAHOTELS,SM,       102.35,                  2535060.00,25200
,SUBEXLTD,EQ,        17.57,                 29784139.14,1683676
,SUBROS,EQ,       706.80,                 26195071.50,37033
,SUDARCOLOR,EQ,       388.75,                  2281276.55,5938
,SUDARSCHEM,EQ,      1245.80,                464842297.60,376056
,SUDEEPPHRM,EQ,      1234.00,                433756048.40,344574
,SUKHJITS,EQ,       157.74,                  1723620.72,10837
,SULA,EQ,       148.36,                 30564422.84,207531
,SUMAX,ST,       110.45,                305001960.00,2726400
,SUMEDHA,EQ,        39.07,                    20306.61,520
,SUMEETINDS,EQ,        11.34,                 29358597.91,2604502
,SUMICHEM,EQ,       505.15,                 76577266.55,151724
,SUMIT,EQ,        50.68,                   893795.20,17785
,SUMMITSEC,EQ,      1413.30,                  1896565.10,1347
,SUNCLAY,EQ,      1272.60,                  5124230.80,4019
,SUNDARAM,EQ,         1.23,                   448304.27,361250
,SUNDARMFIN,EQ,      4557.20,                162547018.90,35627
,SUNDRMBRAK,BE,       748.00,                   657199.05,875
,SUNDRMFAST,EQ,      1200.70,                 92915532.40,77604
,SUNDROP,EQ,       653.80,                  4166630.20,6378
,SUNFLAG,EQ,       347.30,                116867089.25,335900
,SUNLITE,SM,       550.00,                  6397920.00,11700
,SUNLOC,EQ,        79.58,                    44562.41,565
,SUNRAKSHAK,EQ,       371.55,                  5003573.45,13513
,SUNREST,SM,        35.00,                   168000.00,4800
,SUNSHIEL,EQ,      1150.00,                  1585751.90,1386
,SUNSHINE,EQ,       445.80,               1104005781.00,2415155
,SUNTECH,SM,        43.85,                   870160.00,19200
,SUNTECK,EQ,       295.50,                 43051164.95,144955
,SUNTV,EQ,       460.60,                124400406.70,270939
,SUPERHOUSE,EQ,       168.37,                   572211.38,3375
,SUPERSPIN,BE,         6.51,                   157810.24,24050
,SUPRAJIT,EQ,       501.30,                 58553955.15,116904
,SUPREME,EQ,        36.96,                  1883703.31,51447
,SUPREMEENG,BZ,         2.93,                   553755.35,188995
,SUPREMEIND,EQ,      3530.60,                627242626.00,177650
,SUPREMEINF,EQ,        84.62,                  2985954.84,35271
,SUPREMEPWR,SM,       214.75,                  5197375.00,24000
,SUPRIYA,EQ,       841.20,                802475858.20,960564
,SUPTANERY,BE,        14.67,                 10408442.04,663473
,SURAJEST,EQ,       189.94,                 14875910.67,78507
,SURAJLTD,EQ,       204.15,                     5108.09,25
,SURAKSHA,EQ,       340.35,                 40056081.45,117448
,SURANASOL,EQ,        26.07,                   812790.76,31079
,SURANAT&P,EQ,        16.03,                   288143.09,17916
,SURANI,SM,       103.10,                   387910.00,3800
,SURYALA,EQ,       414.95,                  1242290.30,3061
,SURYALAXMI,EQ,        60.60,                   195846.98,3224
,SURYAROSNI,EQ,       216.30,                 65809992.25,303758
,SURYODAY,EQ,       151.81,                 22708751.06,150284
,SUTLEJTEX,BE,        38.77,                  1004351.77,25954
,SUVEN,EQ,       372.85,                209739140.10,556245
,SUVIDHAA,EQ,         2.11,                   582423.40,288944
,SUYOG,EQ,       731.35,                 14163789.30,19234
,SUZLON,EQ,        45.46,               2405067310.66,52679194
,SVGLOBAL,EQ,       120.01,                   140776.67,1146
,SVLL,BE,       807.00,                  1734669.15,2150
,SVPGLOB,EQ,         3.62,                    57900.25,15878
,SWANCORP,EQ,       285.40,                136408036.90,479500
,SWANDEF,BE,      2444.70,                 49513141.50,20462
,SWARAJ,BE,       357.40,                 29505363.35,82430
,SWARAJENG,EQ,      3540.90,                 26050856.70,7376
,SWARNSAR,EQ,        34.11,                   107395.25,3122
,SWASTIK,ST,        20.00,                   195840.00,9600
,SWELECTES,EQ,       584.35,                  9078261.80,15634
,SWIGGY,EQ,       267.70,               4534729640.30,16995573
,SWISSMLTRY,EQ,        15.89,                   817137.81,51395
,SWSOLAR,EQ,       187.16,                130681811.84,703828
,SYMBIOTEC,EQ,      1092.80,               8961901059.20,7998317
,SYMPHONY,EQ,       567.75,                 32121257.20,56565
,SYNCOMF,EQ,        21.39,                608480040.01,28986293
,SYNGENE,EQ,       398.60,                237582823.80,593732
,SYNOPTICS,ST,        49.45,                    29670.00,600
,SYRMA,EQ,      1434.00,               1129229063.60,785469
,SYSTANGO,SM,       232.25,                  8320820.00,36000
,SYSTMTXC,BE,        56.82,                    78480.22,1376
,TAALTECH,EQ,      4399.60,                 15807467.30,3630
,TAC,ST,       427.00,                 18929800.00,45400
,TAINWALCHM,EQ,       207.48,                   527363.41,2536
,TAJGVK,EQ,       343.45,                 34224575.75,101607
,TAKE,EQ,        13.86,                  1794232.44,129454
,TALBROAUTO,EQ,       407.40,                 30683475.20,74903
,TAMBOLIIN,BE,       253.00,                   272139.20,1089
,TANAA,EQ,       281.50,                  2517937.20,8882
,TANKUP,ST,      1576.85,                  3532112.50,2250
,TANLA,EQ,       527.85,                157018782.85,296338
,TAPIFRUIT,SM,        49.00,                    73500.00,1500
,TARACHAND,EQ,        47.63,                  2353743.05,49634
,TARAPUR,EQ,        13.04,                   485718.93,37307
,TARC,EQ,       121.29,                105062504.43,872528
,TARIL,EQ,       302.00,                300202138.45,992101
,TARMAT,EQ,        62.78,                  5166350.32,84089
,TARSONS,EQ,       345.35,                 38984769.75,113735
,TASTYBITE,EQ,     10008.00,                 24073797.00,2420
,TATACHEM,EQ,       633.95,                334780433.35,529669
,TATACOMM,EQ,      1710.00,                862875581.40,505913
,TATAELXSI,EQ,      3609.00,                650365305.80,181417
,TATAGOLD,EQ,        14.53,                800239525.06,55019240
,TATAINVEST,EQ,       628.10,                 70624511.00,112437
,TATATECH,EQ,       813.25,                764042918.05,947143
,TATSILV,EQ,        21.88,                714492265.42,32620921
,TATVA,EQ,      1616.90,                 66826498.20,41870
,TAURIAN,ST,       509.60,                 26458480.00,51200
,TBI,SM,        71.15,                  5058390.00,70800
,TBOTEK,EQ,      1700.00,                267231222.00,156687
,TBZ,EQ,       418.25,              11277729164.40,27976693
,TCC,EQ,       233.31,                 62420053.15,267452
,TCHF30,NB,      1090.00,                     2180.00,2
,TCI,EQ,       869.10,                 13010804.75,14924
,TCIEXP,EQ,       544.35,                 33824238.30,61910
,TCIFINANCE,BE,        15.20,                   120481.36,7965
,TCL,SM,       125.70,                  2415360.00,19200
,TCPLPACK,EQ,      4000.30,                 51192978.10,12897
,TDPOWERSYS,EQ,       735.05,                827897965.85,1116065
,TEAMGTY,EQ,       244.44,                    51467.57,211
,TEAMLEASE,EQ,      1252.70,                 17803157.70,14205
,TEAMTECH,ST,       141.00,                  4968100.00,36000
,TECH,EQ,        34.14,                  3656592.68,107714
,TECHD,SM,       535.70,                 10140810.00,18900
,TECHERA,SM,       166.95,                  2284840.00,13600
,TECHLABS,SM,       117.65,                  1323187.50,11500
,TECHNOCRAF,EQ,       376.10,                453378950.70,1206752
,TECHNOE,EQ,       969.95,                 76067295.90,78529
,TECHNVISN,EQ,      5112.00,                   927603.50,181
,TECILCHEM,EQ,         9.89,                  1232772.38,120586
,TEGA,EQ,      1539.70,                 93373922.50,60419
,TEJA,SM,       238.05,                 18980880.00,81000
,TEJASCARGO,SM,       405.00,                   162000.00,400
,TEJASNET,EQ,       548.85,               1127033766.90,2071490
,TEMBO,EQ,        56.67,                249574900.60,4407998
,TEMPSENS,EQ,       566.30,               9025753711.00,15878807
,TENNIND,EQ,       519.80,               1159935799.70,2271705
,TERAI,EQ,       133.98,                    48946.02,367
,TERASOFT,EQ,       290.55,                  4626615.40,15985
,TEXINFRA,EQ,       113.96,                 19300706.83,169201
,TEXMOPIPES,EQ,        45.67,                   803198.27,17558
,TEXRAIL,EQ,       113.65,                281131936.33,2481981
,TFCILTD,EQ,       146.14,               2140673443.29,14852059
,TFL,EQ,        12.44,                   100561.72,8146
,TGBHOTELS,EQ,         9.67,                   226424.23,24199
,TGL,ST,        18.75,                  1140550.00,61200
,TGVSL,EQ,       103.35,                  7498676.94,72480
,THACKER,BE,      1000.00,                   110550.00,102
,THAKDEV,EQ,       138.09,                   170057.03,1156
,THANGAMAYL,EQ,      5238.00,                612356722.00,116329
,THEINVEST,EQ,        94.60,                   280529.42,2915
,THEJO,EQ,      2098.70,                  5900321.70,2835
,THELEELA,EQ,       569.90,                 85915081.80,151712
,THEMISMED,EQ,       124.15,                 13557332.82,107957
,THERMAX,EQ,      3752.50,                509201279.60,134165
,THESL,ST,        17.00,                   153150.00,9000
,THOMASCOOK,EQ,       106.09,                134569728.53,1264084
,THOMASCOTT,EQ,       267.05,                  4862478.40,18552
,THYROCARE,EQ,       576.75,                199088902.15,344774
,TI,EQ,       552.35,                316325620.65,582156
,TICL,BE,         8.23,                   876925.62,108161
,TIGERLOGS,EQ,        28.25,                   811316.04,28811
,TIIL,EQ,      3262.00,                132078971.80,40346
,TIINDIA,EQ,      2720.00,                752559873.30,278336
,TIJARIA,EQ,         7.58,                  7792445.34,1007554
,TIL,BE,       233.34,                  9677158.32,41589
,TIMETECHNO,EQ,       188.02,                388469684.65,2037704
,TIMEX,EQ,       643.15,                104978467.15,162126
,TIMKEN,EQ,      3134.50,                163681372.70,52088
,TINNARUBR,EQ,      1020.05,                 32919709.15,32493
,TIPSFILMS,EQ,       330.45,                   777113.90,2364
,TIPSMUSIC,EQ,       631.45,                139603686.90,220603
,TIRUMALCHM,EQ,       159.82,                 96380733.12,609306
,TIRUPATI,SM,       310.00,                    38750.00,125
,TIRUPATIFL,BE,        66.33,                  9783343.28,146320
,TITAGARH,EQ,       824.95,                228498009.85,276233
,TMB,EQ,       906.60,                111938779.20,123515
,TNIDETF,EQ,        91.29,                  7668106.17,84293
,TNPETRO,EQ,       133.73,                654920554.59,4876318
,TNPL,EQ,       145.69,                 22937531.79,156122
,TNTELE,EQ,         9.00,                   208175.08,23183
,TOKYOPLAST,EQ,        77.00,                    26381.08,344
,TOLINS,EQ,        91.91,                  4892955.67,53130
,TOP100CASE,EQ,        10.51,                 10620216.99,1011728
,TOP10ADD,EQ,        87.87,                 15469013.61,176091
,TOP15IETF,EQ,         9.80,                   868714.51,88734
,TOP20,EQ,         8.90,                   639289.06,72034
,TORNTPOWER,EQ,      1248.90,               1645248182.20,1313132
,TOTAL,EQ,        69.06,                   397443.47,5814
,TOUCHWOOD,EQ,        58.13,                    38497.85,659
,TOYAMSL,EQ,         0.63,                   179905.03,284250
,TPHQ,BE,         0.57,                   760501.50,1294758
,TPLPLASTEH,EQ,        71.04,                  7855574.44,110344
,TRACXN,EQ,        30.02,                  2945402.41,98120
,TRANSCOR,EQ,        24.92,                   128850.00,5464
,TRANSPEK,BE,      1384.90,                  3698226.60,2669
,TRANSRAILL,EQ,       427.15,                139781521.55,326335
,TRANSTEEL,SM,        75.20,                 12921100.00,172000
,TRANSWORLD,BE,       166.35,                   515851.35,3101
,TRAVELFOOD,EQ,      1273.50,                131184275.10,102712
,TREEHOUSE,EQ,         6.12,                    85434.13,13632
,TREJHARA,EQ,       144.78,                  2675513.82,18416
,TREL,EQ,        26.96,                  3485525.25,128079
,TRF,EQ,       223.64,                   850865.31,3808
,TRIDENT,EQ,        24.06,                 44356035.56,1848117
,TRIDHYA,ST,         7.55,                    45300.00,6000
,TRIGYN,EQ,        59.36,                  2261607.49,37762
,TRITONV,EQ,      1124.40,                  1019933.20,900
,TRITURBINE,EQ,       565.20,                208514052.05,367778
,TRIVENI,EQ,       282.60,                354400483.15,1255483
,TROM,SM,        58.00,                   341820.00,6000
,TRU,EQ,         4.07,                   390668.18,97876
,TRUALT,EQ,       428.85,                 28862435.35,67695
,TRUST,SM,        32.85,                   324900.00,10200
,TSC,ST,        41.05,                   499900.00,12000
,TSFINV,EQ,       403.15,                 26708700.90,66092
,TTKHLTCARE,EQ,      1131.50,                 31603913.90,27903
,TTKPRESTIG,EQ,       586.25,                 23923440.30,41248
,TTL,EQ,         6.75,                  1061462.02,158754
,TTML,EQ,        38.00,                 66752299.49,1754985
,TUNWAL,SM,        25.10,                  1006300.00,40000
,TURTLEMINT,EQ,       144.08,                 84079579.93,580456
,TUTIALKA,EQ,        61.55,                  1675082.76,27698
,TVSELECT,EQ,       420.75,                 21154474.45,49562
,TVSHLTD,EQ,     13045.00,                 70241811.00,5389
,TVSSCS,EQ,       124.39,                 57920185.07,466646
,TVSSRICHAK,EQ,      5426.00,                 85951955.00,15811
,TVTODAY,EQ,       112.12,                  2037978.49,18298
,TVVISION,BE,         3.31,                   148390.61,44121
,TWCGOLDETF,EQ,       149.01,                   532240.76,3571
,UBL,EQ,      1282.60,                 78461906.50,60937
,UCAL,BE,       148.11,                  1843481.58,12495
,UCOBANK,EQ,        24.39,                163416026.53,6678091
,UDAYJEW,EQ,       133.31,                  1034717.23,7761
,UDS,EQ,       231.44,                 97634216.45,425241
,UEL,EQ,       219.15,                 10304144.51,47835
,UFBL,BE,       727.25,                 91894677.05,129643
,UFLEX,EQ,       701.80,               1714577439.80,2479035
,UFO,EQ,        65.38,                  1647864.08,25203
,UGARSUGAR,EQ,        55.01,                 30785562.73,562806
,UGROCAP,EQ,        85.10,                  5999270.73,70643
,UHTL,ST,       152.30,                  5178200.00,34000
,UJJIVANSFB,EQ,        63.64,               3098859056.97,49431916
,ULTRAMAR,EQ,       441.35,                 80524440.55,182999
,UMA,SM,        17.55,                    70200.00,4000
,UMAEXPORTS,BE,        24.94,                   287316.30,11520
,UMESLTD,EQ,         4.88,                    77717.13,15908
,UMIYA-MRO,EQ,        97.39,                  6782453.74,67934
,UNICHEMLAB,EQ,       559.65,                 88196906.55,155387
,UNIDT,BE,       221.27,                  1006003.93,4597
,UNIECOM,EQ,        85.83,                 18473741.13,213694
,UNIENTER,EQ,        93.74,                   202638.53,2151
,UNIHEALTH,SM,       717.60,                  8113225.00,11500
,UNIINFO,EQ,        11.45,                    25959.15,2283
,UNILEX,SM,        26.50,                  1780800.00,67200
,UNIMECH,EQ,      1451.90,                204112578.00,141142
,UNIONGOLD,EQ,       145.95,                  1140147.90,7779
,UNIPARTS,EQ,       886.35,                199035542.75,222773
,UNITECH,EQ,         3.74,                 13768493.44,3663595
,UNITEDPOLY,EQ,        38.04,                  1669922.75,44043
,UNITEDTEA,EQ,       442.95,                   953828.05,2143
,UNIVASTU,BE,       160.70,                 32200993.77,203175
,UNIVCABLES,EQ,      1628.00,                143375020.50,87261
,UNIVPHOTO,BE,       445.00,                   186069.60,417
,UNOMINDA,EQ,      1236.00,               1584329669.50,1278381
,UPHOT,EQ,      1459.00,                     2918.00,2
,UPL,EQ,       578.45,               2318491294.15,4050279
,URAVIDEF,BE,       124.05,                  2138340.19,17249
,URBAN,SM,       121.35,                  1362840.00,11200
,URBANCO,EQ,       171.84,               1159232333.07,6821540
,URJA,EQ,         9.03,                  6718083.47,745016
,USASEEDS,SM,        93.45,                    39996.60,428
,USHAFIN,SM,        49.40,                  2197120.00,44800
,USHAMART,EQ,       501.60,                934591747.50,1857600
,USK,EQ,        20.60,                   194212.26,9356
,UTIAMC,EQ,       877.00,                364513037.25,415847
,UTKAL,SM,        44.70,                   808900.00,18000
,UTKARSHBNK,EQ,        14.77,                 58662112.88,3974860
,UTLSOLAR,EQ,       434.40,                110560877.00,250798
,UTSSAV,ST,       445.00,                  3998340.00,9000
,UTTAMSUGAR,EQ,       292.55,                 76305683.70,256268
,UYFINCORP,BE,        19.30,                  1874992.80,96462
,V2RETAIL,EQ,       218.16,                105646756.44,483602
,VADILALIND,EQ,      7559.50,                179340017.50,23667
,VADILENT,EQ,     10019.00,                   271554.00,27
,VAIBHAVGBL,EQ,       214.79,                 46498784.22,215191
,VAISHALI,EQ,         8.06,                   656622.28,80519
,VAKRANGEE,EQ,         5.76,                  4864870.53,851507
,VAL30IETF,EQ,        15.08,                  1781525.15,118389
,VALIANTLAB,BE,        96.13,                 28421518.94,296583
,VALIANTORG,BE,       301.10,                 17542003.95,58968
,VALUE,EQ,        16.04,                    79272.32,4965
,VALUE360,SM,        74.90,                    89880.00,1200
,VALUEAXIS,EQ,        32.57,                  6273483.52,193282
,VAML,EQ,       437.10,               2655918221.20,6114791
,VARDHACRLC,BE,        42.70,                   545654.21,12692
,VARDMNPOLY,EQ,         5.98,                   384802.93,64616
,VARROC,EQ,       824.40,                445117285.45,535517
,VASCONEQ,EQ,        30.11,                  7579423.30,251078
,VASUPRADA,EQ,        97.20,                      291.60,3
,VASWANI,EQ,        47.82,                   501093.52,10414
,VCL,BE,         1.74,                  1259351.30,706068
,VDEAL,SM,       160.00,                   571230.00,3600
,VEDAVAAG,EQ,        18.28,                   227969.92,12389
,VEDPOWER,EQ,        34.72,                315634423.16,9127321
,VEEDOL,EQ,      1473.70,                 10628354.60,7185
,VEEKAYEM,SM,       110.35,                   496525.00,4500
,VELJAN,BE,      1803.10,                   814572.70,447
,VENKEYS,EQ,      1659.00,                116947917.80,70557
,VENTIVE,EQ,       578.80,                 10105182.40,17395
,VENUSPIPES,EQ,      1605.00,                162641729.40,100592
,VENUSREM,BE,      1620.90,                 40838995.10,25245
,VERANDA,EQ,       243.92,                 60454689.28,247127
,VERTIS,IV,       115.25,                 20168750.00,175000
,VERTOZ,EQ,        38.59,                  1888274.67,49065
,VESUVIUS,EQ,       412.90,                 12894139.45,31174
,VETO,BE,       126.02,                  1660672.95,13200
,VGCL,EQ,        53.59,                   494926.45,9221
,VGINFOTECH,SM,       144.65,                  2467000.00,17000
,VGL,EQ,        57.12,                   448137.16,7793
,VGUARD,EQ,       341.20,                177003803.30,517815
,VHL,EQ,      3570.40,                  2664238.50,748
,VHLTD,BE,       115.25,                  1614699.27,13990
,VIAZ,SM,        70.10,                   426200.00,6000
,VICTORYEV,SM,        15.15,                   274950.00,18000
,VIDHIING,EQ,       342.90,                  4597548.65,13344
,VIDYAWIRES,EQ,        88.51,                 64698852.02,724958
,VIESL,SM,       378.45,                 14699240.00,39200
,VIGOR,ST,        96.50,                  5622720.00,57600
,VIJAYA,EQ,      1481.10,                219449894.40,146439
,VIJAYPD,SM,        69.00,                  1234800.00,18000
,VIJIFIN,BE,        15.95,                   462438.35,28993
,VIJSOLX,EQ,       689.00,                    50286.70,74
,VIKASECO,EQ,         1.09,                  1274057.08,1168495
,VIKASLIFE,EQ,         1.26,                  2486199.12,1995003
,VIKRAMSOLR,EQ,       169.15,                196766709.37,1166360
,VIKRAN,EQ,        57.68,                 34209322.62,594959
,VILAS,SM,       349.00,                  5790087.50,16500
,VILINBIO,SM,        49.25,                  2286000.00,48000
,VIMTALABS,EQ,       655.35,                197370794.20,301111
,VINATIORGA,EQ,      1313.80,                 34482895.70,26348
,VINCOFE,EQ,       175.56,                377612753.14,2162670
,VINDHYATEL,EQ,      2737.10,                518057004.40,192191
,VINEETLAB,EQ,        37.57,                  2553754.32,67674
,VINNY,EQ,         1.03,                   343861.60,332495
,VINYAS,SM,      1537.45,                  5811720.00,3800
,VINYLINDIA,EQ,       225.18,                  1256694.30,5548
,VIPCLOTHNG,EQ,        20.23,                  1146093.38,57213
,VIPIND,EQ,       304.40,                 56225159.45,185156
,VIPULLTD,BE,        14.55,                    15946.80,1096
,VIRAT,EQ,       437.80,                   994103.75,2254
,VIRINCHI,EQ,        14.75,                  2220564.82,148532
,VIRTUALG,EQ,         0.46,                   401277.92,859494
,VISACHROME,EQ,        38.54,                  1522722.90,39349
,VISAKAIND,EQ,        87.84,                 15755532.90,178763
,VISAMAN,SM,        67.95,                    67950.00,1000
,VISDEM,SM,        94.70,                   783420.00,8400
,VISHAL,EQ,        18.96,                   563824.03,29604
,VISHNU,EQ,       659.55,                 75691481.05,114032
,VISHNUINFR,SM,       160.70,                   955050.00,6000
,VISHWARAJ,EQ,         5.87,                  2637814.23,447461
,VISL,EQ,        37.15,               1132236215.26,31066046
,VITAL,EQ,        54.50,                    11223.85,206
,VIVIANA,BE,       750.40,                 12589889.95,17022
,VIVIDEL,SM,      1595.35,                 87428748.00,55440
,VIVIDHA,EQ,         0.50,                   146556.25,291889
,VIVIMEDLAB,BE,         6.67,                   195457.68,29304
,VIVO,ST,       159.00,                   505600.00,3200
,VIVOBIOT,EQ,        18.21,                    77529.93,4252
,VIYASH,EQ,       259.10,                864645753.70,3330249
,VLEGOV,BE,        10.42,                   627955.89,60749
,VLSFINANCE,EQ,       244.32,                  1268198.53,5204
,VMARCIND,SM,       321.05,                162669150.00,489000
,VMART,EQ,       849.95,                 29526350.15,35124
,VMM,EQ,       108.57,               1488562071.60,13754007
,VMOBILE,SM,        60.50,                   290400.00,4800
,VMSTMT,EQ,        45.57,                  4233924.13,92983
,VOEPL,EQ,       548.55,                 35600884.55,65132
,VOGL,EQ,        38.57,               1275745742.43,33253547
,VOITHPAPR,EQ,      1466.00,                   606427.60,423
,VOLERCAR,SM,       209.50,                  2140800.00,10400
,VOLTAMP,EQ,     10682.00,                234576976.00,21874
,VOLTAS,EQ,      1152.10,               2304682873.30,1981487
,VPRPL,EQ,        35.15,                 57228057.02,1627741
,VR,SM,       104.00,                    41600.00,400
,VRAJ,EQ,       122.41,                  1265658.96,10291
,VRLLOG,EQ,       299.85,                 53510950.35,178174
,VSSL,EQ,       362.10,                 38134470.90,106991
,VSTIND,EQ,       207.59,                 16443797.32,79441
,VSTL,EQ,       113.76,                  2275993.47,20067
,VSTTILLERS,EQ,      4164.60,                 36722707.20,8804
,VTL,EQ,       587.45,                583418652.40,990696
,VTMLTD,EQ,        57.73,                   857049.25,14672
,WAAREEENER,EQ,      2581.10,               1918706294.30,741486
,WAAREEINDO,EQ,       264.95,                 13928324.95,51929
,WAAREERTL,EQ,       853.25,                 92653414.70,108714
,WABAG,EQ,      1987.80,                581742210.60,294457
,WAKEFIT,EQ,       152.47,                443106843.65,2880004
,WALCHANNAG,EQ,       206.09,                 83783065.40,405493
,WALPAR,SM,        24.70,                   296400.00,12000
,WANBURY,EQ,       245.00,                 28718577.55,116224
,WARDINMOBI,EQ,         5.74,                  2667115.06,460492
,WATERBASE,EQ,        47.31,                   651610.56,13651
,WCIL,EQ,        84.28,                  4874985.90,57609
,WEALTH,EQ,       846.60,                  1995232.55,2362
,WEBELSOLAR,EQ,        73.86,                225403042.07,3031926
,WEIZMANIND,EQ,        74.78,                    11455.50,153
,WEL,EQ,        75.98,                459464389.25,5897220
,WELCORP,EQ,      2523.50,               5753122863.70,2258642
,WELENT,EQ,       741.70,                744739618.10,1021703
,WELINV,BE,      2145.10,                  1009265.10,459
,WELSPLSOL,EQ,        53.22,                 32132562.74,612747
,WELSPUNLIV,EQ,       200.01,                686579657.43,3448721
,WENDT,EQ,      7991.50,                 36037270.00,4494
,WESTLIFE,EQ,       547.55,                 15627569.60,28617
,WEWIN,EQ,        42.76,                    46394.50,1077
,WEWORK,EQ,       661.10,                 43309777.35,65155
,WHBRADY,EQ,       497.00,                      994.00,2
,WHEELS,EQ,      1544.30,                154758193.00,100218
,WHIRLPOOL,EQ,       800.20,                130485607.55,163297
,WHITEFORCE,SM,        40.50,                   129600.00,3200
,WILLAMAGOR,EQ,        24.69,                    17207.05,705
,WINDLAS,EQ,      1096.60,               1694732741.00,1564975
,WINDMACHIN,EQ,       305.05,                  7480863.00,24441
,WINSOL,SM,       115.00,                    46000.00,400
,WIPL,EQ,       162.99,                    36627.82,224
,WOCKPHARMA,EQ,      1904.30,               1282248757.10,684958
,WOL3D,SM,       130.00,                  2471400.00,19000
,WOMANCART,ST,       108.50,                   782900.00,7200
,WONDERLA,EQ,       529.55,                 35475762.65,66709
,WORTHPERI,EQ,       155.55,                   541751.70,3491
,WPIL,EQ,       440.05,                 13318742.65,30472
,WSI,EQ,        61.04,                   958261.64,15759
,WSTCSTPAPR,EQ,       629.05,                195352154.95,309218
,WTICAB,SM,       107.00,                  9309600.00,88000
,XCHANGING,EQ,        60.84,                  2679603.84,44176
,XELPMOC,EQ,        80.62,                   266503.74,3321
,XPROINDIA,EQ,      1285.60,               1940195742.10,1517669
,XTGLOBAL,EQ,        29.73,                  1118654.82,37394
,XTRANET,EQ,       193.68,                782863030.90,3941896
,YAAP,SM,       124.00,                  1234100.00,10000
,YASHO,EQ,      4129.50,                 86369357.30,20753
,YASHOPTICS,SM,       121.10,                    96880.00,800
,YATHARTH,EQ,       966.50,                235910616.20,242009
,YATRA,EQ,       114.15,                304335547.93,2681062
,YESBANK,EQ,        22.15,                983985896.15,44781892
,YOGI,EQ,       155.05,                    97743.75,622
,YUDIZ,SM,        24.70,                   137960.00,5600
,YUKEN,EQ,       967.25,                 12256400.75,12576
,ZAGGLE,EQ,       184.33,                154625603.26,846978
,ZEAL,SM,        61.50,                    74400.00,1200
,ZEEL,EQ,        90.57,               1697332763.43,18542223
,ZEELEARN,BE,         7.36,                  1753343.69,238149
,ZEEMEDIA,EQ,         8.23,                 19437983.79,2384037
,ZENITHDRUG,SM,        40.00,                   194760.00,4800
,ZENITHEXPO,EQ,       204.07,                   174691.53,854
,ZENITHSTL,EQ,         5.29,                   271191.95,51372
,ZENSARTECH,EQ,       460.55,                218255316.00,470784
,ZENTEC,EQ,      1829.10,                783087826.20,433929
,ZFCVINDIA,EQ,      2572.20,                221663280.80,86753
,ZFSTEERING,EQ,       667.10,                  1090268.45,1632
,ZIMLAB,EQ,       133.95,                 89365425.28,680389
,ZODIAC,EQ,       240.30,                  1091078.31,4540
,ZODIACLOTH,EQ,        72.49,                   138729.86,1913
,ZOTA,EQ,      1078.00,                 90698881.60,86014
,ZSARACOM,EQ,     10437.00,                   629733.00,60
,ZTECH,SM,       503.00,                  3121605.00,6300
,ZUARI,EQ,       222.86,                 33797851.72,151094
,ZUARIIND,EQ,       270.80,                 11529417.45,42621
,ZYDUSWELL,EQ,       534.60,                 95059963.55,179000
