Trade Date,Symbol,Series,Security Name,Category,Last Trade Date,Face Value(Rs.),Issue Size,Close Price/Paid up value(Rs.),Market Cap(Rs.)              
02 SEP 2026,20MICRONS,EQ,20 MICRONS LTD           ,Listed    ,02 SEP 2026,               5.00,          35286502,            211.35,     7458155062.70 
02 SEP 2026,21STCENMGM,EQ,21ST CENTURY MGMT SERVICE,Listed    ,02 SEP 2026,              10.00,          10500000,             38.85,      407925000.00
02 SEP 2026,360ONE,EQ,360 ONE WAM LIMITED      ,Listed    ,02 SEP 2026,               1.00,         406486596,           1181.30,   480182615854.80    
02 SEP 2026,3BBLACKBIO,EQ,3B BLACKBIO DX LTD.      ,Permitted ,02 SEP 2026,              10.00,           8582670,           1478.60,    12690335862.00
02 SEP 2026,3IINFOLTD,BE,3I INFOTECH LIMITED      ,Listed    ,02 SEP 2026,              10.00,         207403767,             22.45,     4652066493.80 
02 SEP 2026,3MINDIA,EQ,3M INDIA LIMITED         ,Listed    ,02 SEP 2026,              10.00,          11265070,          32895.00,   370564477650.00   
02 SEP 2026,3PLAND,EQ,3P LAND HOLDINGS LIMITED ,Listed    ,02 SEP 2026,               2.00,          18000000,             32.75,      589500000.00    
02 SEP 2026,5PAISA,EQ,5PAISA CAPITAL LIMITED   ,Listed    ,02 SEP 2026,              10.00,          46882257,            336.55,    15778223593.35    
02 SEP 2026,63MOONS,EQ,63 MOONS TECHNOLOGIES LTD,Listed    ,02 SEP 2026,               2.00,          46078537,            805.10,    37097830138.70   
02 SEP 2026,A2ZINFRA,EQ,A2Z INFRA ENGINEERING LTD,Listed    ,02 SEP 2026,              10.00,         177522358,             16.40,     2911366671.20  
02 SEP 2026,AAATECH,EQ,AAA TECHNOLOGIES LIMITED ,Listed    ,02 SEP 2026,              10.00,          12826800,             93.05,     1193790276.00   
02 SEP 2026,AADHARHFC,EQ,AADHAR HOUSING FINANCE L ,Listed    ,02 SEP 2026,              10.00,         437298899,            475.40,   207891896584.60 
02 SEP 2026,AAKAAR,SM,AAKAAR MEDICAL TECHNO LTD,Listed    ,02 SEP 2026,              10.00,          14172816,             62.00,      878714592.00    
02 SEP 2026,AAKASH,EQ,AAKASH EXPLORATION SER L ,Listed    ,02 SEP 2026,               1.00,         101250000,              8.65,      877837500.00    
02 SEP 2026,AARADHYA,SM,AARADHYA DISPOSAL INDUS L,Listed    ,02 SEP 2026,              10.00,          14138000,            102.95,     1455507100.00  
02 SEP 2026,AAREYDRUGS,EQ,AAREY DRUGS & PHARM LTD  ,Listed    ,02 SEP 2026,              10.00,          28354303,             91.70,     2600656671.15
02 SEP 2026,AARNAV,BE,AARNAV FASHIONS LIMITED  ,Listed    ,02 SEP 2026,              10.00,          42238628,             32.10,     1355859958.80    
02 SEP 2026,AARON,EQ,AARON INDUSTRIES LIMITED ,Listed    ,02 SEP 2026,              10.00,          20946478,            125.95,     2638208904.10     
02 SEP 2026,AARTECH,BE,AARTECH SOLONICS LIMITED ,Listed    ,02 SEP 2026,               5.00,          31770375,             49.80,     1582482378.75   
02 SEP 2026,AARTIDRUGS,EQ,AARTI DRUGS LTD.         ,Listed    ,02 SEP 2026,              10.00,          91270000,            417.80,    38132606000.00
02 SEP 2026,AARTIIND,EQ,AARTI INDUSTRIES LTD     ,Listed    ,02 SEP 2026,               5.00,         362594491,            505.20,   183182736853.20  
02 SEP 2026,AARTIPHARM,EQ,AARTI PHARMALABS LIMITED ,Listed    ,02 SEP 2026,               5.00,          90657751,            867.25,    78622934554.75
02 SEP 2026,AARTISURF,BE,AARTI SURFACTANTS LIMITED,Listed    ,02 SEP 2026,              10.00,           8464995,            526.05,     4453010619.75 
02 SEP 2026,AARVI,EQ,AARVI ENCON LIMITED      ,Listed    ,02 SEP 2026,              10.00,          14844100,            143.10,     2123893828.00     
02 SEP 2026,AASTHA,EQ,AASTHA SPINTEX LIMITED   ,Listed    ,02 SEP 2026,              10.00,          44142190,             79.20,     3495620026.10    
02 SEP 2026,AATMAJ,SM,AATMAJ HEALTHCARE LIMITED,Listed    ,27 AUG 2026,               5.00,          22600000,             18.25,      412450000.00    
02 SEP 2026,AAVAS,EQ,AAVAS FINANCIERS LIMITED ,Listed    ,02 SEP 2026,              10.00,          79287782,           1258.70,    99799531203.40     
02 SEP 2026,ABAN,BE,ABAN OFFSHORE LTD.       ,Listed    ,02 SEP 2026,               2.00,          58365323,             14.85,      865557740.10      
02 SEP 2026,ABANSENT,EQ,ABANS ENTERPRISES LTD.   ,Permitted ,02 SEP 2026,               2.00,          69748880,             27.60,     1923674110.40  
02 SEP 2026,ABB,EQ,ABB INDIA LIMITED        ,Listed    ,02 SEP 2026,               2.00,         211908375,           7447.50,  1578187622812.50       
02 SEP 2026,ABBOTINDIA,EQ,ABBOTT INDIA LIMITED     ,Permitted ,02 SEP 2026,              10.00,          21249302,          26045.00,   553438070590.00
02 SEP 2026,ABCAPITAL,EQ,ADITYA BIRLA CAPITAL LTD.,Listed    ,02 SEP 2026,              10.00,        2621853064,            397.05,  1041006759061.20 
02 SEP 2026,ABCOTS,EQ,A B COTSPIN INDIA LIMITED,Listed    ,02 SEP 2026,              10.00,          21963620,            209.55,     4602915843.40    
02 SEP 2026,ABDL,EQ,ALLIED BLEND N DISTILS L ,Listed    ,02 SEP 2026,               2.00,         279710151,            604.40,   169056815264.40      
02 SEP 2026,ABFRL,EQ,ADITYA BIRLA FASHION & RT,Listed    ,02 SEP 2026,              10.00,        1220510115,             50.45,    61599145504.05     
02 SEP 2026,ABH,ST,ABH HEALTHCARE LIMITED   ,Listed    ,02 SEP 2026,              10.00,          11429600,             89.35,     1021234760.00       
02 SEP 2026,ABHAPOWER,SM,ABHA POWER N STEEL LTD   ,Listed    ,02 SEP 2026,              10.00,          18587830,             23.90,      444249137.00 
02 SEP 2026,ABINFRA,BE,A B INFRABUILD LIMITED   ,Listed    ,02 SEP 2026,               1.00,         638789360,             11.25,     7199156087.20   
02 SEP 2026,ABLBL,EQ,ADITYA BIRLA LIFES BRAN L,Listed    ,02 SEP 2026,              10.00,        1220521649,             82.80,   101034782104.20     
02 SEP 2026,ABMINTLLTD,BE,ABM INTERNATIONAL LTD    ,Listed    ,02 SEP 2026,              10.00,           9408000,             56.10,      527788800.00
02 SEP 2026,ABMKNO,EQ,A B M KNOWLEDGEWARE LTD. ,Permitted ,02 SEP 2026,               5.00,          20002200,            190.90,     3818419980.00    
02 SEP 2026,ABREL,EQ,ADITYA BIRLA REAL EST LTD,Listed    ,02 SEP 2026,              10.00,         111695680,           1331.10,   148678119648.00     
02 SEP 2026,ABSLAMC,EQ,ADIT BIRL SUN LIF AMC LTD,Listed    ,02 SEP 2026,               5.00,         289175042,           1022.00,   295536892924.00   
02 SEP 2026,ABSMARINE,SM,ABS MARINE SERVICES LTD  ,Listed    ,02 SEP 2026,              10.00,          24550000,            289.60,     7109680000.00 
02 SEP 2026,ACC,EQ,ACC LIMITED              ,Listed    ,02 SEP 2026,              10.00,         187787263,           1266.60,   237851347315.80       
02 SEP 2026,ACCELYA,EQ,ACCELYA SOLN INDIA LTD   ,Listed    ,02 SEP 2026,              10.00,          14926261,           1135.10,    16942798861.10   
02 SEP 2026,ACCENTMIC,SM,ACCENT MICROCELL LIMITED ,Listed    ,02 SEP 2026,              10.00,          23989020,            602.10,    14443788942.00 
02 SEP 2026,ACCORD,ST,ACCORD SYNERGY LIMITED   ,Listed    ,04 AUG 2026,              10.00,           3872000,            198.35,      768011200.00    
02 SEP 2026,ACCPL,ST,ACCRETION PHARMA LIMITED ,Listed    ,02 SEP 2026,              10.00,          11116000,            205.00,     2278780000.00     
02 SEP 2026,ACCURACY,BE,ACCURACY SHIPPING LIMITED,Listed    ,02 SEP 2026,               1.00,         150560000,              4.25,      641385600.00  
02 SEP 2026,ACE,EQ,ACTION CONST EQUIP LTD   ,Listed    ,02 SEP 2026,               2.00,         119083196,           1090.90,   129907858516.40       
02 SEP 2026,ACEINTEG,EQ,ACE INTEGRATED SOLU. LTD.,Listed    ,02 SEP 2026,              10.00,          10200000,             17.25,      176154000.00  
02 SEP 2026,ACETEC,SM,ACETECH E-COMMERCE LTD   ,Listed    ,02 SEP 2026,              10.00,          16383735,            139.00,     2277339165.00    
02 SEP 2026,ACGL,EQ,AUTOMOBILE CORPN OF GOA L,Permitted ,02 SEP 2026,              10.00,           6088622,           1760.00,    10715974720.00      
02 SEP 2026,ACI,EQ,ARCHEAN CHEMICAL IND LTD ,Listed    ,02 SEP 2026,               2.00,         123458394,            494.10,    61000792475.40       
02 SEP 2026,ACL,EQ,ANDHRA CEMENTS LIMITED   ,Listed    ,02 SEP 2026,              10.00,          92172140,             43.90,     4048200388.80       
02 SEP 2026,ACMESOLAR,EQ,ACME SOLAR HOLDINGS LTD  ,Listed    ,02 SEP 2026,               2.00,         706874336,            398.25,   281512704312.00 
02 SEP 2026,ACSTECH,BE,A C S TECHNOLOGIES LTD.  ,Permitted ,02 SEP 2026,              10.00,          60681608,             51.25,     3109932410.00   
02 SEP 2026,ACTIVEINFR,SM,ACTIVE INFRASTRUCTURES L ,Listed    ,02 SEP 2026,               5.00,          15015016,            172.50,     2590090260.00
02 SEP 2026,ACUTAAS,EQ,ACUTAAS CHEMICALS LIMITED,Listed    ,02 SEP 2026,               5.00,          81871122,           3134.90,   256657780357.80   
02 SEP 2026,ADANIENSOL,EQ,ADANI ENERGY SOLUTION LTD,Listed    ,02 SEP 2026,              10.00,        1201282642,           1396.60,  1677711337817.20
02 SEP 2026,ADANIENT,EQ,ADANI ENTERPRISES LIMITED,Listed    ,02 SEP 2026,               1.00,        1300905023,           2891.80,  3761957145511.40  
02 SEP 2026,ADANIGREEN,EQ,ADANI GREEN ENERGY LTD   ,Listed    ,02 SEP 2026,              10.00,        1647176155,           1296.00,  2134740296880.00
02 SEP 2026,ADANIPORTS,EQ,ADANI PORT & SEZ LTD     ,Listed    ,02 SEP 2026,               2.00,        2303959098,           1672.70,  3853832383224.60
02 SEP 2026,ADANIPOWER,EQ,ADANI POWER LTD          ,Listed    ,02 SEP 2026,               2.00,       19284694705,            207.70,  4005431090228.50
02 SEP 2026,ADDICTIVE,SM,ADDICTIVE LEARNING TECH L,Listed    ,02 SEP 2026,              10.00,          15909732,             44.00,      700028208.00 
02 SEP 2026,ADDIND,EQ,ADDI INDUSTRIES LTD.     ,Permitted ,02 SEP 2026,               5.00,          10796574,             85.30,      920839796.45    
02 SEP 2026,ADFFOODS,EQ,ADF FOODS LIMITED        ,Listed    ,02 SEP 2026,               2.00,         109863595,            267.70,    29410484381.50  
02 SEP 2026,ADISOFT,SM,ADISOFT TECHNOLOGIES LTD ,Listed    ,02 SEP 2026,              10.00,          16318000,            196.70,     3209750600.00   
02 SEP 2026,ADL,EQ,ARCHIDPLY DECOR LIMITED  ,Listed    ,02 SEP 2026,              10.00,           5566250,             76.40,      425261500.00       
02 SEP 2026,ADOR,EQ,ADOR WELDING LTD         ,Listed    ,02 SEP 2026,              10.00,          17402815,           1730.30,    30112090794.50      
02 SEP 2026,ADROITINFO,EQ,ADROIT INFOTECH LIMITED  ,Listed    ,02 SEP 2026,              10.00,          54177208,             10.25,      555858154.10
02 SEP 2026,ADSL,EQ,ALLIED DIGITAL SERV. LTD ,Listed    ,02 SEP 2026,               5.00,          56568528,            103.90,     5877470059.20      
02 SEP 2026,ADVAIT,EQ,ADVAIT ENRGY TRANSITION L,Listed    ,02 SEP 2026,              10.00,          10943011,           2139.00,    23407100529.00    
02 SEP 2026,ADVANCE,EQ,ADVANCE AGROLIFE LIMITED ,Listed    ,02 SEP 2026,              10.00,          64285720,            117.90,     7578643530.80   
02 SEP 2026,ADVANIHOTR,EQ,ADVANI HOT.& RES.(I) LTD ,Listed    ,02 SEP 2026,               2.00,          92438500,             49.45,     4569235055.00
02 SEP 2026,ADVENTHTL,EQ,ADVENT HOTELS INTERNATI L,Listed    ,02 SEP 2026,              10.00,          53942887,            136.90,     7384241801.45 
02 SEP 2026,ADVENZYMES,EQ,ADVANCED ENZYME TECH LTD ,Listed    ,02 SEP 2026,               2.00,         111976150,            292.90,    32797814335.00
02 SEP 2026,ADVIKCA,EQ,ADVIK CAPITAL LTD.       ,Permitted ,02 SEP 2026,               1.00,         608520425,              1.15,      699798488.75   
02 SEP 2026,AEGISLOG,EQ,AEGIS LOGISTICS LIMITED  ,Listed    ,02 SEP 2026,               1.00,         351000000,           1241.80,   435871800000.00  
02 SEP 2026,AEGISVOPAK,EQ,AEGIS VOPAK TERMINALS LTD,Listed    ,02 SEP 2026,              10.00,        1107991489,            286.30,   317217963300.70
02 SEP 2026,AEPL,EQ,ARTEMIS ELECTRICALS & P L,Listed    ,02 SEP 2026,               1.00,         251036900,             15.10,     3785636452.00      
02 SEP 2026,AEQUS,EQ,AEQUS LIMITED            ,Listed    ,02 SEP 2026,              10.00,         670665635,            245.60,   164728893268.70     
02 SEP 2026,AEROENTER,EQ,AEROFLEX ENTERPRISES LTD ,Listed    ,02 SEP 2026,               2.00,         113085000,            140.45,    15883919100.00 
02 SEP 2026,AEROFLEX,EQ,AEROFLEX INDUSTRIES LTD  ,Listed    ,02 SEP 2026,               2.00,         132330768,            540.75,    71557862796.00  
02 SEP 2026,AERON,SM,AERON COMPOSITE LIMITED  ,Listed    ,02 SEP 2026,              10.00,          17020000,             75.25,     1280755000.00     
02 SEP 2026,AERONEU,EQ,AEROFLEX NEU LIMITED     ,Listed    ,02 SEP 2026,              10.00,          25796000,             80.70,     2081737200.00   
02 SEP 2026,AEROPLANE,EQ,AMIR CHAND JAG KUM (E) L ,Listed    ,02 SEP 2026,              10.00,         103551556,            179.25,    18561616413.00 
02 SEP 2026,AESTHETIK,SM,AESTHETIK ENGINEERS LTD  ,Listed    ,02 SEP 2026,              10.00,          17220175,             69.00,     1188192075.00 
02 SEP 2026,AETHER,EQ,AETHER INDUSTRIES LIMITED,Listed    ,02 SEP 2026,              10.00,         132712576,           1646.40,   218497985126.40    
02 SEP 2026,AFCONS,EQ,AFCONS INFRASTRUCTURE LTD,Listed    ,02 SEP 2026,              10.00,         367784631,            285.10,   104855398298.10    
02 SEP 2026,AFFLE,EQ,AFFLE 3I LIMITED         ,Listed    ,02 SEP 2026,               2.00,         140796384,           1517.90,   213714831273.60     
02 SEP 2026,AFFORDABLE,EQ,AFFORD ROBO & AUTO LTD   ,Listed    ,02 SEP 2026,              10.00,          11851105,            159.40,     1889184648.05
02 SEP 2026,AFIL,EQ,AKME FINTRADE (INDIA) LTD,Listed    ,02 SEP 2026,               1.00,         426749960,              9.40,     4007182124.40      
02 SEP 2026,AFSL,EQ,ABANS FINANCIAL SRVCS LTD,Listed    ,02 SEP 2026,               2.00,          50792840,            210.45,    10690369034.80      
02 SEP 2026,AGARIND,EQ,AGARWAL INDS CORP LTD.   ,Listed    ,02 SEP 2026,              10.00,          14957789,            450.55,     6739231833.95   
02 SEP 2026,AGARWALEYE,EQ,DR AGARWALS HEALTH CARE L,Listed    ,02 SEP 2026,               1.00,         316983028,            514.25,   163008522149.00
02 SEP 2026,AGARWALFT,SM,AGARWAL FLOAT GLASS I LTD,Listed    ,02 SEP 2026,              10.00,           7243488,             30.00,      217304640.00 
02 SEP 2026,AGARWALTUF,SM,AGARWAL TOUGH GLASS IND L,Listed    ,02 SEP 2026,              10.00,          17674600,            131.00,     2315372600.00
02 SEP 2026,AGI,EQ,AGI GREENPAC LIMITED     ,Listed    ,02 SEP 2026,               2.00,          64697381,            749.45,    48487452190.45       
02 SEP 2026,AGIIL,EQ,AGI INFRA LIMITED        ,Listed    ,02 SEP 2026,               1.00,         124997388,            280.75,    35093016681.00     
02 SEP 2026,AGL,EQ,ALLCARGO GLOBAL LIMITED  ,Listed    ,02 SEP 2026,               2.00,         982782096,             13.80,    13552565103.85       
02 SEP 2026,AGNI,SM,AGNI GREEN POWER LTD     ,Listed    ,01 SEP 2026,              10.00,          19534800,             16.00,      312556800.00      
02 SEP 2026,AGRITECH,EQ,AGRI-TECH (INDIA) LIMITED,Listed    ,02 SEP 2026,              10.00,           5940000,            100.90,      599346000.00  
02 SEP 2026,AGROPHOS,EQ,AGRO PHOS INDIA LIMITED  ,Listed    ,02 SEP 2026,              10.00,          20274115,             25.00,      506650133.85  
02 SEP 2026,AGSTRA,BZ,AGS TRANSACT TECH LTD    ,Listed    ,02 SEP 2026,              10.00,         128433076,              2.00,      254297490.50    
02 SEP 2026,AGUL,SM,A G UNIVERSAL LIMITED    ,Listed    ,31 AUG 2026,              10.00,           5484000,             45.90,      251715600.00      
02 SEP 2026,AHCL,EQ,ANLON HEALTHCARE LIMITED ,Listed    ,02 SEP 2026,               2.00,         531515000,             15.55,     8270373400.00      
02 SEP 2026,AHIMSA,ST,AHIMSA INDUSTRIES LTD.   ,Listed    ,21 AUG 2026,              10.00,           5473990,             25.80,      141228942.00    
02 SEP 2026,AHLADA,EQ,AHLADA ENGINEERS LIMITED ,Listed    ,02 SEP 2026,              10.00,          12921000,             37.25,      481565670.00    
02 SEP 2026,AHLEAST,EQ,ASIAN HOTELS (EAST) LTD  ,Listed    ,02 SEP 2026,              10.00,          17291696,            142.00,     2455593748.95   
02 SEP 2026,AHLUCONT,EQ,AHLUWALIA CONT IND LTD   ,Listed    ,02 SEP 2026,               2.00,          66987560,            602.20,    40339908632.00  
02 SEP 2026,AHLWEST,BE,ASIAN HOTELS (WEST) LTD  ,Listed    ,02 SEP 2026,              10.00,          11651210,            535.00,     6233397350.00   
02 SEP 2026,AIAENG,EQ,AIA ENGINEERING LIMITED  ,Listed    ,02 SEP 2026,               2.00,          93320370,           4159.70,   388184743089.00    
02 SEP 2026,AIIL,EQ,AUTHUM INVEST & INFRA LTD,Listed    ,02 SEP 2026,               1.00,         849225500,            507.45,   430939479975.00      
02 SEP 2026,AILIMITED,SM,ABHISHEK INTEGRATIONS LTD,Listed    ,02 SEP 2026,              10.00,          12676140,             20.25,      256691835.00 
02 SEP 2026,AIMTRON,SM,AIMTRON ELECTRONICS LTD  ,Listed    ,02 SEP 2026,              10.00,          20609177,           1583.45,    32633601320.65   
02 SEP 2026,AIRAN,EQ,AIRAN LIMITED            ,Listed    ,02 SEP 2026,               2.00,         125020000,             14.85,     1854046600.00     
02 SEP 2026,AIROLAM,EQ,AIRO LAM LIMITED         ,Listed    ,02 SEP 2026,              10.00,          15002000,             86.50,     1297823020.00   
02 SEP 2026,AISL,SM,ANI INTEGRATED SERV LTD. ,Listed    ,02 SEP 2026,              10.00,          11687200,             57.90,      676688880.00      
02 SEP 2026,AJANTPHARM,EQ,AJANTA PHARMA LIMITED    ,Listed    ,02 SEP 2026,               2.00,         124935624,           3481.70,   434988362080.80
02 SEP 2026,AJAXENGG,EQ,AJAX ENGINEERING LIMITED ,Listed    ,02 SEP 2026,               1.00,         114406800,            570.65,    65286240420.00  
02 SEP 2026,AJMERA,EQ,AJMERA REALTY & INF I LTD,Listed    ,02 SEP 2026,               2.00,         196795650,            115.70,    22767288748.50    
02 SEP 2026,AJOONI,EQ,AJOONI BIOTECH LIMITED   ,Listed    ,02 SEP 2026,               2.00,         172243598,              3.70,      640746184.55    
02 SEP 2026,AKANKSHA,SM,AKANKSHA POWER N INFRA L ,Listed    ,02 SEP 2026,              10.00,          19580520,            124.00,     2427984480.00  
02 SEP 2026,AKASH,EQ,AKASH INFRA-PROJECTS LTD ,Listed    ,02 SEP 2026,              10.00,          16862534,             25.20,      424935856.80     
02 SEP 2026,AKCAPIT,EQ,A K CAPITAL SERVICES LTD.,Permitted ,02 SEP 2026,              10.00,           6600000,           1699.40,    11216040000.00   
02 SEP 2026,AKG,EQ,AKG EXIM LIMITED         ,Listed    ,02 SEP 2026,              10.00,          31776576,              9.20,      292662264.95       
02 SEP 2026,AKI,EQ,AKI INDIA LIMITED        ,Listed    ,02 SEP 2026,               2.00,         103205956,              5.50,      565568638.90       
02 SEP 2026,AKIKO,SM,AKIKO GLOBAL SERVICES L  ,Listed    ,02 SEP 2026,              10.00,          10769600,            379.10,     4082755360.00     
02 SEP 2026,AKSHAR,EQ,AKSHAR SPINTEX LIMITED   ,Listed    ,02 SEP 2026,               1.00,         787468500,              0.40,      330736770.00    
02 SEP 2026,AKSHARCHEM,BE,AKSHARCHEM INDIA LIMITED ,Listed    ,02 SEP 2026,              10.00,           8033099,            403.85,     3244167031.15
02 SEP 2026,AKSHOPTFBR,BE,AKSH OPTIFIBRE  LTD      ,Listed    ,02 SEP 2026,               5.00,         162697971,              7.40,     1205591965.10
02 SEP 2026,AKUMS,EQ,AKUMS DRUGS AND PHARMA L ,Listed    ,02 SEP 2026,               2.00,         157393988,            770.25,   121232719257.00     
02 SEP 2026,ALANKIT,EQ,ALANKIT LIMITED          ,Listed    ,02 SEP 2026,               1.00,         271158100,              7.95,     2158418476.00   
02 SEP 2026,ALBERTDAVD,EQ,ALBERT DAVID LIMITED     ,Listed    ,02 SEP 2026,              10.00,           5707162,            871.70,     4974933115.40
02 SEP 2026,ALCODIS,SM,ALCOKRAFT DISTILLERIE LTD,Listed    ,01 SEP 2026,              10.00,          10250000,             67.80,      694950000.00   
02 SEP 2026,ALEMBICLTD,EQ,ALEMBIC LIMITED          ,Listed    ,02 SEP 2026,               2.00,         256781828,            100.15,    25714132255.90
02 SEP 2026,ALFREDHE,EQ,ALFRED HERBERT INDIA L   ,Permitted ,02 SEP 2026,              10.00,            771429,           2884.00,     2224801236.00  
02 SEP 2026,ALGOQUANT,EQ,ALGOQUANT FINTECH LIMITED,Listed    ,02 SEP 2026,               1.00,         281096028,             63.80,    17933926586.40 
02 SEP 2026,ALICON,EQ,ALICON CASTALLOY LIMITED ,Listed    ,02 SEP 2026,               5.00,          16411840,            665.50,    10922079520.00    
02 SEP 2026,ALIVUS,EQ,ALIVUS LIFE SCIENCES LTD ,Listed    ,02 SEP 2026,               2.00,         122739448,           1417.90,   174032263319.20    
02 SEP 2026,ALKALI,BE,ALKALI METALS LTD        ,Listed    ,02 SEP 2026,              10.00,          10182506,             68.85,      701167363.15    
02 SEP 2026,ALKEM,EQ,ALKEM LABORATORIES LTD.  ,Listed    ,02 SEP 2026,               2.00,         119565000,           5210.00,   622933650000.00     
02 SEP 2026,ALKYLAMINE,EQ,ALKYL AMINES CHEM. LTD   ,Listed    ,02 SEP 2026,               2.00,          51144052,           1975.50,   101035074726.00
02 SEP 2026,ALLCARGO,EQ,ALLCARGO LOGISTICS LTD   ,Listed    ,02 SEP 2026,               2.00,        1497778469,             12.25,    18377741814.65  
02 SEP 2026,ALLDIGI,EQ,ALLDIGI TECH LIMITED     ,Listed    ,02 SEP 2026,              10.00,          15238326,            796.55,    12138088575.30   
02 SEP 2026,ALLETEC,SM,ALL E TECHNOLOGIES LTD   ,Listed    ,02 SEP 2026,              10.00,          20194176,            126.30,     2550524428.80   
02 SEP 2026,ALLTIME,EQ,ALL TIME PLASTICS LIMITED,Listed    ,02 SEP 2026,               2.00,          65507778,            199.60,    13076007566.60   
02 SEP 2026,ALMONDZ,EQ,ALMONDZ GLOBAL SEC LTD   ,Listed    ,02 SEP 2026,               1.00,         174899756,             17.45,     3048502747.10   
02 SEP 2026,ALOKINDS,EQ,ALOK INDUSTRIES LIMITED  ,Listed    ,02 SEP 2026,               1.00,        4965240401,              7.75,    38381308299.75  
02 SEP 2026,ALPA,EQ,ALPA LABORATORIES LTD    ,Listed    ,02 SEP 2026,              10.00,          21040600,             63.15,     1328293078.00      
02 SEP 2026,ALPEXSOLAR,SM,ALPEX SOLAR LIMITED      ,Listed    ,02 SEP 2026,              10.00,          25543000,            866.85,    22141949550.00
02 SEP 2026,ALPHAGEO,BE,ALPHAGEO (INDIA) LIMITED ,Listed    ,02 SEP 2026,              10.00,           6364767,            300.00,     1909430100.00  
02 SEP 2026,ALPINETEX,EQ,ALPINE TEXWORLD LIMITED  ,Listed    ,02 SEP 2026,              10.00,          38247000,             51.10,     1954039230.00 
02 SEP 2026,ALUFLUOR,EQ,ALUFLUORIDE LTD.         ,Permitted ,02 SEP 2026,              10.00,           7820482,            502.55,     3930183229.10  
02 SEP 2026,ALUWIND,SM,ALUWIND INFRA-TECH LTD   ,Listed    ,02 SEP 2026,              10.00,          24847420,             47.10,     1170313482.00   
02 SEP 2026,AMAGI,EQ,AMAGI MEDIA LABS LIMITED ,Listed    ,02 SEP 2026,               5.00,         216338944,            572.80,   123918947123.20     
02 SEP 2026,AMAL,EQ,AMAL LTD.                ,Permitted ,02 SEP 2026,              10.00,          12362662,            749.70,     9268287701.40      
02 SEP 2026,AMANTA,BE,AMANTA HEALTHCARE LIMITED,Listed    ,02 SEP 2026,              10.00,          38829351,            186.50,     7241673961.50    
02 SEP 2026,AMARJOTHI,EQ,AMARJOTHI SPINNING MILL L,Permitted ,02 SEP 2026,              10.00,           6750000,            156.15,     1053877500.00 
02 SEP 2026,AMBAAUTO,SM,AMBA AUTO SALES AND SER L,Listed    ,02 SEP 2026,              10.00,          18324000,            111.85,     2049539400.00  
02 SEP 2026,AMBALALSA,BE,AMBALAL SARABHAI ENT L   ,Permitted ,02 SEP 2026,              10.00,          76633296,             44.10,     3379528353.60 
02 SEP 2026,AMBANIORGO,SM,AMBANI ORGOCHEM LIMITED  ,Listed    ,27 AUG 2026,              10.00,           8638469,            110.00,      950231590.00
02 SEP 2026,AMBER,EQ,AMBER ENTERPRISES (I) LTD,Listed    ,02 SEP 2026,              10.00,          35267767,           7415.00,   261510492305.00     
02 SEP 2026,AMBICAAGAR,EQ,AMBICA AGAR & AROMAINDLTD,Listed    ,02 SEP 2026,              10.00,          17177400,             24.75,      425140650.00
02 SEP 2026,AMBIKCO,EQ,AMBIKA COTTON MILL LTD.  ,Listed    ,02 SEP 2026,              10.00,           5725000,           1629.20,     9327170000.00   
02 SEP 2026,AMBUJACEM,EQ,AMBUJA CEMENTS LTD       ,Listed    ,02 SEP 2026,               2.00,        2484817186,            402.70,  1000635880802.20 
02 SEP 2026,AMCL,SM,ANB METAL CAST LIMITED   ,Listed    ,02 SEP 2026,              10.00,          11834780,            365.00,     4319694700.00      
02 SEP 2026,AMDIND,EQ,AMD INDUSTRIES LIMITED   ,Listed    ,02 SEP 2026,              10.00,          19166749,             57.40,     1099979725.10    
02 SEP 2026,AMEYA,SM,AMEYA PRECISION ENG LTD  ,Listed    ,01 SEP 2026,              10.00,           7500000,            109.00,      817500000.00     
02 SEP 2026,AMIABLE,SM,AMIABLE LOGISTICS (I) LTD,Listed    ,13 AUG 2026,              10.00,           1748200,             65.00,      113633000.00   
02 SEP 2026,AMJLAND,EQ,AMJ LAND HOLDINGS LIMITED,Listed    ,02 SEP 2026,               2.00,          41000000,             38.60,     1583010000.00   
02 SEP 2026,AMNPLST,EQ,AMINES & PLASTICIZERS LTD,Listed    ,02 SEP 2026,               2.00,          55020000,            180.30,     9921206400.00   
02 SEP 2026,AMRUTANJAN,EQ,AMRUTAJAN HEALTH LTD     ,Listed    ,02 SEP 2026,               1.00,          28910630,            500.25,    14462542657.50
02 SEP 2026,ANANDRATHI,EQ,ANAND RATHI WEALTH LTD   ,Listed    ,02 SEP 2026,               5.00,         166041268,           2198.30,   365008519444.40
02 SEP 2026,ANANTAM,IV,ANANTAM HIGHWAYS TRUST   ,Listed    ,02 SEP 2026,             100.00,         217500000,            106.00,    23055000000.00   
02 SEP 2026,ANANTRAJ,EQ,ANANT RAJ LIMITED        ,Listed    ,02 SEP 2026,               2.00,         359876930,            588.85,   211913530230.50  
02 SEP 2026,ANAWIL,SM,ANAWIL WIRE AND ENGIN LTD,Listed    ,02 SEP 2026,              10.00,          24999800,            390.00,     9749922000.00    
02 SEP 2026,ANDHRAPAP,EQ,ANDHRA PAPER LIMITED     ,Listed    ,02 SEP 2026,               2.00,         198850195,             61.10,    12147758412.55 
02 SEP 2026,ANDHRSUGAR,EQ,ANDHRA SUGARS LTD        ,Listed    ,02 SEP 2026,               2.00,         135535390,             99.20,    13445110688.00
02 SEP 2026,ANDREWYU,EQ,ANDREW YULE & CO. LTD.   ,Permitted ,02 SEP 2026,               2.00,         488950978,             28.15,    13763970030.70  
02 SEP 2026,ANGELONE,EQ,ANGEL ONE LIMITED        ,Listed    ,02 SEP 2026,               1.00,         913349399,            279.25,   255052819670.75  
02 SEP 2026,ANIKINDS,EQ,ANIK INDUSTRIES LTD      ,Listed    ,02 SEP 2026,              10.00,          27753486,             44.75,     1242523568.20  
02 SEP 2026,ANKITMETAL,BZ,ANKIT MET & POW LTD      ,Listed    ,02 SEP 2026,              10.00,         141110500,              1.70,      241298955.00
02 SEP 2026,ANLON,SM,ANLON TECHNOLOGY SOL LTD ,Listed    ,02 SEP 2026,              10.00,           7509800,            645.00,     4843821000.00     
02 SEP 2026,ANMOL,EQ,ANMOL INDIA LIMITED      ,Listed    ,02 SEP 2026,              10.00,          56914150,              9.95,      567434075.50     
02 SEP 2026,ANNAPURNA,EQ,ANNAPURNA SWADISHT LTD   ,Listed    ,02 SEP 2026,              10.00,          21820000,            143.75,     3136188600.00 
02 SEP 2026,ANNU,BE,ANNU PROJECTS LIMITED    ,Listed    ,02 SEP 2026,              10.00,          65492670,             75.60,     4951245852.00      
02 SEP 2026,ANONDITA,SM,ANONDITA MEDICARE LIMITED,Listed    ,02 SEP 2026,              10.00,          19044784,           1060.85,    20203659106.40  
02 SEP 2026,ANSALAPI,BZ,ANSAL PROP & INFRA LTD   ,Listed    ,02 SEP 2026,               5.00,         157404876,              3.25,      513139895.75  
02 SEP 2026,ANSALBU,EQ,ANSAL BUILDWELL LTD.     ,Permitted ,02 SEP 2026,              10.00,           7383843,             78.90,      582659051.15   
02 SEP 2026,ANTELOPUS,EQ,ANTELOPUS SELAN ENRGY LTD,Listed    ,02 SEP 2026,              10.00,          35162358,            951.15,    33444676811.70 
02 SEP 2026,ANTGRAPHIC,EQ,ANTARCTICA LTD           ,Listed    ,02 SEP 2026,               1.00,         155009600,              0.75,      113157008.00
02 SEP 2026,ANTHEM,EQ,ANTHEM BIOSCIENCES LTD   ,Listed    ,02 SEP 2026,               2.00,         563195101,            934.50,   526305821884.50    
02 SEP 2026,ANUHPHR,EQ,ANUH PHARMA LIMITED      ,Listed    ,02 SEP 2026,               5.00,         100224000,             78.95,     7911682560.00   
02 SEP 2026,ANUP,EQ,THE ANUP ENGINEERING LTD ,Listed    ,02 SEP 2026,              10.00,          20031466,           1799.80,    36052632506.80      
02 SEP 2026,ANURAS,EQ,ANUPAM RASAYAN INDIA LTD ,Listed    ,02 SEP 2026,              10.00,         113848310,           1240.30,   141206058893.00    
02 SEP 2026,ANYA,SM,ANYA POLYTECH & FERTI LTD,Listed    ,02 SEP 2026,               2.00,         120000000,             15.40,     1848000000.00      
02 SEP 2026,ANZEN,IV,ANZEN IND ENE YLD PLU TRU,Listed    ,02 SEP 2026,             100.00,         336062900,            129.00,    43352114100.00     
02 SEP 2026,APARINDS,EQ,APAR INDUSTRIES LTD.     ,Listed    ,02 SEP 2026,              10.00,          40174235,          16813.00,   675449413055.00  
02 SEP 2026,APCL,EQ,ANJANI PORTLAND CEM LTD  ,Listed    ,02 SEP 2026,              10.00,          29374764,            100.00,     2937476400.00      
02 SEP 2026,APCOTEXIND,EQ,APCOTEX INDUSTRIES LIMITE,Listed    ,02 SEP 2026,               2.00,          51844960,            628.65,    32592334104.00
02 SEP 2026,APEX,EQ,APEX FROZEN FOODS LIMITED,Listed    ,02 SEP 2026,              10.00,          31250000,            367.25,    11476562500.00      
02 SEP 2026,APEXECO,ST,APEX ECOTECH LIMITED     ,Listed    ,02 SEP 2026,              10.00,          13185200,            256.00,     3375411200.00   
02 SEP 2026,APLAPOLLO,EQ,APL APOLLO TUBES LTD     ,Listed    ,02 SEP 2026,               2.00,         277658405,           2210.00,   613625075050.00 
02 SEP 2026,APLLTD,EQ,ALEMBIC PHARMA LTD       ,Listed    ,02 SEP 2026,               2.00,         196563124,            826.90,   162538047235.60    
02 SEP 2026,APOLLO,EQ,APOLLO MICRO SYSTEMS LTD ,Listed    ,02 SEP 2026,               1.00,         357305440,            382.65,   136722926616.00    
02 SEP 2026,APOLLOHOSP,EQ,APOLLO HOSPITALS ENTER. L,Listed    ,02 SEP 2026,               5.00,         143784657,           8719.00,  1253658424383.00
02 SEP 2026,APOLLOPIPE,EQ,APOLLO PIPES LIMITED     ,Listed    ,02 SEP 2026,              10.00,          44048206,            599.05,    26387077804.30
02 SEP 2026,APOLLOTYRE,EQ,APOLLO TYRES LTD         ,Listed    ,02 SEP 2026,               1.00,         635100946,            434.15,   275729075705.90
02 SEP 2026,APOLSINHOT,EQ,APOLLO SINDOORI HOTEL LTD,Listed    ,02 SEP 2026,               5.00,           2600400,           1221.20,     3175608480.00
02 SEP 2026,APOORVA,EQ,APOORVA LEAS F & INV C L ,Permitted ,02 SEP 2026,              10.00,          19974900,             25.25,      504366225.00   
02 SEP 2026,APRAMEYA,SM,APRAMEYA ENGINEERING LTD ,Listed    ,02 SEP 2026,              10.00,          19040000,            120.60,     2296224000.00  
02 SEP 2026,APS,SM,AUSTRALIAN PREM SOLAR I L,Listed    ,02 SEP 2026,              10.00,          20160000,            249.35,     5026896000.00       
02 SEP 2026,APSISAERO,ST,APSIS AEROCOM LIMITED    ,Listed    ,02 SEP 2026,              10.00,          12051921,            587.60,     7081708779.60 
02 SEP 2026,APTECHT,BE,APTECH LIMITED           ,Listed    ,02 SEP 2026,              10.00,          58002817,             90.80,     5265495727.25   
02 SEP 2026,APTUS,EQ,APTUS VALUE HSG FIN I LTD,Listed    ,02 SEP 2026,               2.00,         500742736,            254.30,   127328862910.10     
02 SEP 2026,AQYLON,EQ,AQYLON NEXUS LIMITED     ,Listed    ,02 SEP 2026,               1.00,         253730560,             20.60,     5229386841.60    
02 SEP 2026,ARABIAN,SM,ARABIAN PETROLEUM LIMITED,Listed    ,02 SEP 2026,              10.00,          10892000,             86.25,      939435000.00   
02 SEP 2026,ARCHIDPLY,EQ,ARCHIDPLY IND. LTD       ,Listed    ,02 SEP 2026,              10.00,          19865000,            106.50,     2116019800.00 
02 SEP 2026,ARCHIES,EQ,ARCHIES LTD              ,Listed    ,02 SEP 2026,               2.00,          33780000,             12.95,      437113200.00   
02 SEP 2026,ARCIIL,SM,ARC INSULATION & INSU LTD,Listed    ,02 SEP 2026,              10.00,          10297380,             39.00,      401597820.00    
02 SEP 2026,ARCL,EQ,ARCL ORGANICS LTD.       ,Permitted ,02 SEP 2026,              10.00,           8000000,            230.00,     1840000000.00      
02 SEP 2026,ARDEE,EQ,ARDEE INDUSTRIES LIMITED ,Listed    ,02 SEP 2026,               2.00,         315200950,             56.40,    17777333580.00     
02 SEP 2026,ARE&M,EQ,AMARA RAJA ENERGY MOB LTD,Listed    ,02 SEP 2026,               1.00,         183025364,            871.25,   159460848385.00     
02 SEP 2026,ARENTERP,EQ,RAJDARSHAN INDUSTRIES LTD,Listed    ,02 SEP 2026,              10.00,           3108300,             34.70,      107858010.00  
02 SEP 2026,ARFIN,EQ,ARFIN INDIA LIMITED      ,Listed    ,02 SEP 2026,               1.00,         168722482,             87.85,    14825644493.35     
02 SEP 2026,ARHAM,SM,ARHAM TECHNOLOGIES LTD   ,Listed    ,02 SEP 2026,              10.00,          21812000,            206.10,     4495453200.00     
02 SEP 2026,ARIES,EQ,ARIES AGRO LTD.          ,Listed    ,02 SEP 2026,              10.00,          13004339,            495.35,     6441699323.65     
02 SEP 2026,ARIHANT,EQ,ARIHANT FOUN & HOU LTD   ,Permitted ,02 SEP 2026,              10.00,           9965624,            900.30,     8972051287.20   
02 SEP 2026,ARIHANTACA,SM,ARIHANT ACADEMY LIMITED  ,Listed    ,01 SEP 2026,              10.00,           6055200,            477.00,     2888330400.00
02 SEP 2026,ARIHANTCAP,EQ,ARIHANT CAPITAL MKTS LTD ,Listed    ,02 SEP 2026,               1.00,         109612800,             78.50,     8602412544.00
02 SEP 2026,ARIHANTSUP,EQ,ARIHANT SUPERSTRUCT LTD  ,Listed    ,02 SEP 2026,              10.00,          43249991,            247.75,    10715185270.25
02 SEP 2026,ARIS,EQ,ARISINFRA SOLUTIONS LTD  ,Listed    ,02 SEP 2026,               2.00,          81761246,            128.30,    10490785474.25      
02 SEP 2026,ARISTO,SM,ARISTO BIO T AND LIFESC L,Listed    ,02 SEP 2026,              10.00,           6807800,            103.00,      701203400.00    
02 SEP 2026,ARKADE,EQ,ARKADE DEVELOPERS LIMITED,Listed    ,02 SEP 2026,              10.00,         185663617,            117.95,    21895310352.80    
02 SEP 2026,ARMANFIN,EQ,ARMAN FIN SERV LTD       ,Listed    ,02 SEP 2026,              10.00,          10514761,           1947.20,    20474342619.20  
02 SEP 2026,ARMOUR,ST,ARMOUR SECURITY (INDIA) L,Listed    ,01 SEP 2026,              10.00,          16870000,             18.00,      303660000.00    
02 SEP 2026,AROGRANITE,EQ,ARO GRANITE IND. LTD.    ,Listed    ,02 SEP 2026,              10.00,          15300000,             24.60,      376533000.00
02 SEP 2026,ARROWGREEN,BE,ARROW GREENTECH LIMITED  ,Listed    ,02 SEP 2026,              10.00,          15087938,            771.20,    11635817785.60
02 SEP 2026,ARSHIYA,BZ,ARSHIYA LIMITED          ,Listed    ,02 SEP 2026,               2.00,         263475915,              0.70,      187067899.65   
02 SEP 2026,ARSSBL,EQ,ANAND RATHI SH N STK BR L,Listed    ,02 SEP 2026,               5.00,          63026300,            508.30,    32036268290.00    
02 SEP 2026,ARTEMISMED,EQ,ARTEMIS MED SERVICE LTD  ,Listed    ,02 SEP 2026,               1.00,         158306247,            320.70,    50768813412.90
02 SEP 2026,ARTNIRMAN,EQ,ART NIRMAN LIMITED       ,Listed    ,02 SEP 2026,              10.00,          24956000,             40.25,     1004479000.00 
02 SEP 2026,ARUNAYA,SM,ARUNAYA ORGANICS LIMITED ,Listed    ,02 SEP 2026,              10.00,          17538432,             14.20,      249045734.40   
02 SEP 2026,ARVEE,EQ,ARVEE LABORATORIES I LTD ,Listed    ,02 SEP 2026,              10.00,          11020000,            165.80,     1827226200.00     
02 SEP 2026,ARVIND,EQ,ARVIND LIMITED           ,Listed    ,02 SEP 2026,              10.00,         262139640,            574.05,   150481260342.00    
02 SEP 2026,ARVINDFASN,EQ,ARVIND FASHIONS LIMITED  ,Listed    ,02 SEP 2026,               4.00,         133630192,            461.15,    61623563040.80
02 SEP 2026,ARVINDPORT,SM,ARVIND PORT AND INFRA LTD,Listed    ,02 SEP 2026,              10.00,          17798300,             33.50,      596243050.00
02 SEP 2026,ARVSMART,EQ,ARVIND SMARTSPACES LTD   ,Listed    ,02 SEP 2026,              10.00,          45866979,            642.40,    29464947309.60  
02 SEP 2026,ARYAMAN,EQ,ARYAMAN FINANCIAL SERV L ,Permitted ,02 SEP 2026,              10.00,          12247000,            639.95,     7837467650.00   
02 SEP 2026,ASAHIINDIA,EQ,ASAHI INDIA GLASS LIMITED,Listed    ,02 SEP 2026,               1.00,         254927192,            951.05,   242448505951.60
02 SEP 2026,ASAHISONG,BE,ASAHI SONGWON COLOR LTD  ,Listed    ,02 SEP 2026,              10.00,          11787262,            367.90,     4336533689.80 
02 SEP 2026,ASAL,EQ,AUTOMOTIVE STAMPINGS & AS,Listed    ,02 SEP 2026,              10.00,          15864397,            473.40,     7510205539.80      
02 SEP 2026,ASALCBR,EQ,ASSO ALCOHOLS & BREW LTD ,Listed    ,02 SEP 2026,              10.00,          20079200,            703.80,    14131740960.00   
02 SEP 2026,ASCOM,SM,ASCOM LEASIN & INVEST LTD,Listed    ,27 AUG 2026,              10.00,          11714179,            210.90,     2470520351.10     
02 SEP 2026,ASHALOG,SM,ASHAPURA LOGISTICS LTD   ,Listed    ,02 SEP 2026,              10.00,          13556121,             62.00,      840479502.00   
02 SEP 2026,ASHAPURMIN,EQ,ASHAPURA MINECHEM LTD    ,Listed    ,02 SEP 2026,               2.00,          95526098,            550.50,    52587116949.00
02 SEP 2026,ASHIANA,EQ,ASHIANA HOUSING LTD      ,Listed    ,02 SEP 2026,               2.00,         100524857,            368.30,    37023304833.10   
02 SEP 2026,ASHIKAG,BE,ASHIKA GLOBAL SEC LTD    ,Permitted ,02 SEP 2026,              10.00,          44724971,            425.95,    19050601397.45   
02 SEP 2026,ASHIMASYN,EQ,ASHIMA LTD               ,Listed    ,02 SEP 2026,              10.00,         191660078,             17.85,     3417299190.75 
02 SEP 2026,ASHOKA,EQ,ASHOKA BUILDCON LTD      ,Listed    ,02 SEP 2026,               5.00,         280723217,            117.40,    32954098443.65    
02 SEP 2026,ASHOKAMET,EQ,ASHOKA METCAST LIMITED   ,Listed    ,02 SEP 2026,              10.00,          24996000,             13.50,      337196040.00 
02 SEP 2026,ASHOKLEY,EQ,ASHOK LEYLAND LTD        ,Listed    ,02 SEP 2026,               1.00,        5873854552,            167.90,   986220179280.80  
02 SEP 2026,ASHWINI,SM,ASHWINI CONTAINER MOVER L,Listed    ,02 SEP 2026,              10.00,          15000000,            186.00,     2790000000.00   
02 SEP 2026,ASIANENE,EQ,ASIAN ENERGY SERVICES LTD,Listed    ,02 SEP 2026,              10.00,          48629641,            504.10,    24514202028.10  
02 SEP 2026,ASIANHOTNR,EQ,ASIAN HOTELS (NORTH) LTD ,Listed    ,02 SEP 2026,              10.00,          42633229,            379.90,    16196363697.10
02 SEP 2026,ASIANPAINT,EQ,ASIAN PAINTS LIMITED     ,Listed    ,02 SEP 2026,               1.00,         959197790,           2527.50,  2424372414225.00
02 SEP 2026,ASIANTILES,EQ,ASIAN GRANITO IND. LTD.  ,Listed    ,02 SEP 2026,              10.00,         231911649,             50.15,    11632688313.85
02 SEP 2026,ASIANTNE,EQ,ASIAN TEA & EXPORTS LTD. ,Permitted ,02 SEP 2026,              10.00,          24941800,              9.85,      245177894.00  
02 SEP 2026,ASKAUTOLTD,EQ,ASK AUTOMOTIVE LIMITED   ,Listed    ,02 SEP 2026,               2.00,         197142600,            623.85,   122987411010.00
02 SEP 2026,ASMS,BE,AVIO SMART MRKT STACK LTD,Listed    ,02 SEP 2026,               1.00,         304576740,              7.00,     2135082947.40      
02 SEP 2026,ASPINWALL,EQ,ASPINWALL & CO LTD       ,Listed    ,02 SEP 2026,              10.00,           7818288,            259.85,     2031582136.80 
02 SEP 2026,ASPIRE,SM,ASPIRE & INNOVATIVE ADV L,Listed    ,01 SEP 2026,              10.00,          15178000,             13.45,      204144100.00    
02 SEP 2026,ASSAMENT,EQ,ASSAM ENTRADE LIMITED    ,Permitted ,02 SEP 2026,              10.00,           1439790,            819.00,     1179188010.00  
02 SEP 2026,ASTAR,EQ,ASIAN STAR CO. LTD.      ,Permitted ,02 SEP 2026,              10.00,          16006800,            590.00,     9444012000.00     
02 SEP 2026,ASTEC,EQ,ASTEC LIFESCIENCES LTD   ,Listed    ,02 SEP 2026,              10.00,          22282820,            572.55,    12758028591.00     
02 SEP 2026,ASTERDM,EQ,ASTER DM QUALITY CARE LTD,Listed    ,02 SEP 2026,              10.00,         871672439,            759.90,   662383886396.10   
02 SEP 2026,ASTRAL,EQ,ASTRAL LIMITED           ,Listed    ,02 SEP 2026,               1.00,         268650163,           1487.00,   399482792381.00    
02 SEP 2026,ASTRAMICRO,EQ,ASTRA MICROWAVE LTD      ,Listed    ,02 SEP 2026,               2.00,          94945008,           1641.80,   155880714134.40
02 SEP 2026,ASTRAZEN,EQ,ASTRAZENECA PHARMA IND LT,Listed    ,02 SEP 2026,               2.00,          25000000,           6868.00,   171700000000.00  
02 SEP 2026,ASTRON,BZ,ASTRON PAPER BORD MIL LTD,Listed    ,02 SEP 2026,              10.00,          46500000,              3.00,      138570000.00    
02 SEP 2026,ATALREAL,EQ,ATAL REALTECH LIMITED    ,Listed    ,02 SEP 2026,               2.00,         123896250,             25.55,     3163071262.50  
02 SEP 2026,ATAM,EQ,ATAM VALVES LIMITED      ,Listed    ,02 SEP 2026,              10.00,          11463000,             54.80,      627943140.00      
02 SEP 2026,ATCENERGY,ST,ATC ENERGIES SYSTEM LTD  ,Listed    ,02 SEP 2026,              10.00,          20388600,             22.85,      465879510.00 
02 SEP 2026,ATGL,EQ,ADANI TOTAL GAS LIMITED  ,Listed    ,02 SEP 2026,               1.00,        1099810083,            614.95,   676328210540.85      
02 SEP 2026,ATHERENERG,EQ,ATHER ENERGY LIMITED     ,Listed    ,02 SEP 2026,               1.00,         383120970,           1686.10,   645980267517.00
02 SEP 2026,ATL,EQ,ALLCARGO TERMINALS LTD   ,Listed    ,02 SEP 2026,               2.00,         252060324,             23.80,     5999035711.20       
02 SEP 2026,ATLANTAA,EQ,ATLANTAA LIMITED         ,Listed    ,02 SEP 2026,               2.00,          81500000,             39.20,     3195615000.00  
02 SEP 2026,ATLANTAELE,EQ,ATLANTA ELECTRICALS LTD  ,Listed    ,02 SEP 2026,               2.00,          76896625,           1838.90,   141405203712.50
02 SEP 2026,ATLASCYCLE,EQ,ATLAS CYCLE (HARYANA) LTD,Listed    ,02 SEP 2026,               5.00,           6503838,             95.05,      618189801.90
02 SEP 2026,ATMASTCO,SM,ATMASTCO LIMITED         ,Listed    ,02 SEP 2026,              10.00,          24734690,            139.10,     3440595379.00  
02 SEP 2026,ATUL,EQ,ATUL LTD                 ,Listed    ,02 SEP 2026,              10.00,          29441755,           6485.50,   190944502052.50      
02 SEP 2026,ATULAUTO,EQ,ATUL AUTO LIMITED        ,Listed    ,02 SEP 2026,               5.00,          27751280,            466.40,    12943196992.00  
02 SEP 2026,AUBANK,EQ,AU SMALL FINANCE BANK LTD,Listed    ,02 SEP 2026,              10.00,         748739583,           1077.90,   807066396515.70    
02 SEP 2026,AUGMONT,EQ,AUGMONT ENTERPRISES LTD  ,Listed    ,02 SEP 2026,               5.00,          91373505,            952.85,    87065244239.25   
02 SEP 2026,AURIONPRO,EQ,AURIONPRO SOLN LTD       ,Listed    ,02 SEP 2026,              10.00,          55261664,            693.00,    38296333152.00 
02 SEP 2026,AUROIMPEX,SM,AURO IMPEX & CHEMICALS L ,Listed    ,02 SEP 2026,              10.00,          12200800,             27.30,      333081840.00 
02 SEP 2026,AUROPHARMA,EQ,AUROBINDO PHARMA LTD     ,Listed    ,02 SEP 2026,               1.00,         575377895,           1648.20,   948337846539.00
02 SEP 2026,AURUM,EQ,AURUM PROPTECH LIMITED   ,Listed    ,02 SEP 2026,               5.00,          76352367,            224.95,    17175464956.65     
02 SEP 2026,AURUS,EQ,AURUS GEM CORP LIMITED   ,Listed    ,02 SEP 2026,              10.00,          29484000,              4.65,      136805760.00     
02 SEP 2026,AUSL,SM,ADITYA ULTRA STEEL LTD   ,Listed    ,02 SEP 2026,              10.00,          24835568,             24.65,      612196751.20      
02 SEP 2026,AUSOMENT,EQ,AUSOM ENTERPRISE LIMITED ,Listed    ,02 SEP 2026,              10.00,          13623552,            156.45,     2131404710.40  
02 SEP 2026,AUSTENG,EQ,AUSTIN ENGINEERING CO. L ,Permitted ,02 SEP 2026,              10.00,           3477800,            121.40,      422204920.00   
02 SEP 2026,AUTOAXLES,EQ,AUTOMOTIVE AXLES LIMITED ,Listed    ,02 SEP 2026,              10.00,          15111975,           1732.50,    26181496687.50 
02 SEP 2026,AUTOIND,EQ,AUTOLINE INDUSTRIES LTD  ,Listed    ,02 SEP 2026,              10.00,          45375401,             84.70,     3842388956.70   
02 SEP 2026,AVADHSUGAR,EQ,AVADH SUG & ENERGY LTD   ,Listed    ,02 SEP 2026,              10.00,          20018420,            811.70,    16248951514.00
02 SEP 2026,AVALON,EQ,AVALON TECHNOLOGIES LTD  ,Listed    ,02 SEP 2026,               2.00,          66787697,           2189.60,   146238341351.20    
02 SEP 2026,AVANA,ST,AVANA ELECTROSYSTEMS LTD ,Listed    ,02 SEP 2026,              10.00,          22645408,            155.85,     3529286836.80     
02 SEP 2026,AVANCE,EQ,AVANCE TECHNOLOGIES LTD. ,Permitted ,02 SEP 2026,               1.00,        1981917430,              0.80,     1625172292.60    
02 SEP 2026,AVANTEL,EQ,AVANTEL LIMITED          ,Listed    ,02 SEP 2026,               2.00,         265710850,            156.80,    41666118388.50   
02 SEP 2026,AVANTIFEED,EQ,AVANTI FEEDS LIMITED     ,Listed    ,02 SEP 2026,               1.00,         136245630,            801.20,   109159998756.00
02 SEP 2026,AVATAR,ST,AVATAR INDUSTRIES LIMITED,Listed    ,26 AUG 2026,              10.00,          10417090,            242.40,     2525102616.00    
02 SEP 2026,AVG,BE,AVG LOGISTICS LIMITED    ,Listed    ,02 SEP 2026,              10.00,          18708076,            171.40,     3206938387.90       
02 SEP 2026,AVIANSH,SM,AVI ANSH TEXTILE LIMITED ,Listed    ,02 SEP 2026,              10.00,          13976930,            104.00,     1453600720.00   
02 SEP 2026,AVIENCE,SM,AVIENCE BIOMEDICALS LTD  ,Listed    ,02 SEP 2026,              10.00,           5485056,            272.50,     1494677760.00   
02 SEP 2026,AVL,EQ,ADITYA VISION LIMITED    ,Listed    ,02 SEP 2026,               1.00,         129138050,            599.85,    77463459292.50       
02 SEP 2026,AVONMORE,EQ,AVONMORE CAP&MGT SERV LTD,Listed    ,02 SEP 2026,               1.00,         282184741,             13.10,     3696620107.10  
02 SEP 2026,AVPINFRA,SM,AVP INFRACON LIMITED     ,Listed    ,02 SEP 2026,              10.00,          24979200,             57.95,     1447544640.00  
02 SEP 2026,AVROIND,EQ,AVRO INDIA LIMITED       ,Listed    ,02 SEP 2026,               1.00,         134171400,              9.15,     1224984882.00   
02 SEP 2026,AVSL,ST,AVSL INDUSTRIES LIMITED  ,Listed    ,01 SEP 2026,              10.00,           5331120,            119.70,      638135064.00      
02 SEP 2026,AVTNPL,EQ,AVT NATURAL PRODUCTS LTD ,Listed    ,02 SEP 2026,               1.00,         152284000,             87.15,    13273073440.00    
02 SEP 2026,AWFIS,EQ,AWFIS SPACE SOLUTIONS LTD,Listed    ,02 SEP 2026,              10.00,          71563186,            256.40,    18348800890.40     
02 SEP 2026,AWHCL,EQ,ANTONY WASTE HDG CELL LTD,Listed    ,02 SEP 2026,               5.00,          28382100,            372.95,    10585104195.00     
02 SEP 2026,AWL,EQ,AWL AGRI BUSINESS LIMITED,Listed    ,02 SEP 2026,               1.00,        1299678605,            191.25,   248563533206.25       
02 SEP 2026,AXISBANK,EQ,AXIS BANK LIMITED        ,Listed    ,02 SEP 2026,               2.00,        3110399674,           1253.90,  3900130151228.60  
02 SEP 2026,AXISCADES,EQ,AXISCADES TECH LTD       ,Listed    ,02 SEP 2026,               5.00,          42530989,           1689.70,    71864612113.30 
02 SEP 2026,AXITA,EQ,AXITA COTTON LIMITED     ,Listed    ,02 SEP 2026,               1.00,         382727951,              7.95,     3050341769.45     
02 SEP 2026,AXTEL,EQ,AXTEL INDUSTRIES LTD.    ,Permitted ,02 SEP 2026,              10.00,          16154800,            396.75,     6409416900.00     
02 SEP 2026,AYE,EQ,AYE FINANCE LIMITED      ,Listed    ,02 SEP 2026,               2.00,         246784266,            171.35,    42284016136.45       
02 SEP 2026,AYMSYNTEX,EQ,AYM SYNTEX LIMITED       ,Listed    ,02 SEP 2026,              10.00,          58614091,            312.50,    18316903437.50 
02 SEP 2026,AZAD,EQ,AZAD ENGINEERING LIMITED ,Listed    ,02 SEP 2026,               2.00,          64581743,           2785.80,   179911819649.40      
02 SEP 2026,AZADIND,EQ,AZAD INDIA MOBILITY LTD. ,Permitted ,02 SEP 2026,              10.00,          54443154,             89.10,     4850340589.85   
02 SEP 2026,BABAFP,SM,BABA FOOD PROCESSING     ,Listed    ,02 SEP 2026,              10.00,          16326403,             21.60,      352650304.80    
02 SEP 2026,BAFNAPH,BE,BAFNA PHARMACEUTICALS LTD,Listed    ,02 SEP 2026,              10.00,          23656335,            308.00,     7286151180.00   
02 SEP 2026,BAGDIGITAL,SM,B.A.G.CONVERGENCE LIMITED,Listed    ,02 SEP 2026,              10.00,          21218800,            106.00,     2249192800.00
02 SEP 2026,BAGFILMS,EQ,B.A.G FILMS AND MEDIA LTD,Listed    ,02 SEP 2026,               2.00,         207547749,              4.30,      896606275.70  
02 SEP 2026,BAGMANE,RR,BAGMANE PRIME OFFICE REIT,Listed    ,02 SEP 2026,             100.00,        3400000000,            106.15,   360842000000.00   
02 SEP 2026,BAHETI,SM,BAHETI RECYCLING IND LTD ,Listed    ,02 SEP 2026,              10.00,          10446905,            840.90,     8784802414.50    
02 SEP 2026,BAIDFIN,EQ,BAID FINSERV LIMITED     ,Listed    ,02 SEP 2026,               2.00,         154888107,             10.00,     1547332188.95   
02 SEP 2026,BAJAJ-AUTO,EQ,BAJAJ AUTO LIMITED       ,Listed    ,02 SEP 2026,              10.00,         279497838,          12130.00,  3390308774940.00
02 SEP 2026,BAJAJCON,EQ,BAJAJ CONSUMER CARE LTD  ,Listed    ,02 SEP 2026,               1.00,         130618321,            484.55,    63291107440.55  
02 SEP 2026,BAJAJELEC,EQ,BAJAJ ELECT.LTD          ,Listed    ,02 SEP 2026,               2.00,         115392769,            323.60,    37341100048.40 
02 SEP 2026,BAJAJFINSV,EQ,BAJAJ FINSERV LTD.       ,Listed    ,02 SEP 2026,               1.00,        1600549988,           1990.00,  3185094476120.00
02 SEP 2026,BAJAJHCARE,EQ,BAJAJ HEALTHCARE LIMITED ,Listed    ,02 SEP 2026,               5.00,          33662661,            329.00,    11075015469.00
02 SEP 2026,BAJAJHFL,EQ,BAJAJ HOUSING FINANCE LTD,Listed    ,02 SEP 2026,              10.00,        8332334619,             82.80,   689750659760.80  
02 SEP 2026,BAJAJHIND,EQ,BAJAJ HINDUSTHAN SUGAR LT,Listed    ,02 SEP 2026,               1.00,        2390666041,             21.85,    52212146335.45 
02 SEP 2026,BAJAJHLDNG,EQ,BAJAJ HOLDINGS & INVS LTD,Listed    ,02 SEP 2026,              10.00,         111293510,          11100.00,  1235357961000.00
02 SEP 2026,BAJAJINDEF,EQ,INDEF MANUFACTURING LTD  ,Listed    ,02 SEP 2026,               1.00,          32000000,            221.35,     7082880000.00
02 SEP 2026,BAJAJST,EQ,BAJAJ STEEL INDS. LTD.   ,Permitted ,02 SEP 2026,               5.00,          20800000,            352.00,     7321600000.00   
02 SEP 2026,BAJEL,EQ,BAJEL PROJECTS LIMITED   ,Listed    ,02 SEP 2026,               2.00,         115696935,            185.30,    21438642055.50     
02 SEP 2026,BAJFINANCE,EQ,BAJAJ FINANCE LIMITED    ,Listed    ,02 SEP 2026,               1.00,        6225954304,           1055.90,  6573985149593.60
02 SEP 2026,BALAJEE,EQ,SHREE TIRUPATI BALAJEE L ,Listed    ,02 SEP 2026,              10.00,          81570852,             26.25,     2141234865.00   
02 SEP 2026,BALAJIPHOS,SM,BALAJI PHOSPHATES LIMITED,Listed    ,02 SEP 2026,              10.00,          23777100,            116.00,     2758143600.00
02 SEP 2026,BALAJITELE,EQ,BALAJI TELEFILMS LIMITED.,Listed    ,02 SEP 2026,               2.00,         121902291,             91.10,    11104079687.20
02 SEP 2026,BALAMINES,EQ,BALAJI AMINES LIMITED    ,Listed    ,02 SEP 2026,               2.00,          32401000,           2390.10,    77441630100.00 
02 SEP 2026,BALAXI,EQ,BALAXI PHARMA LTD        ,Listed    ,02 SEP 2026,               2.00,          55207500,             25.00,     1380739575.00    
02 SEP 2026,BALCO,SM,SOLVE PLASTIC PRODUCTS L ,Listed    ,02 SEP 2026,              10.00,           4368250,             18.45,       80594212.50     
02 SEP 2026,BALKRISHNA,EQ,BALKRISHNA PAPER MILLS L ,Listed    ,02 SEP 2026,              10.00,          32219532,             16.70,      538066184.40
02 SEP 2026,BALKRISIND,EQ,BALKRISHNA IND. LTD      ,Listed    ,02 SEP 2026,               2.00,         193317190,           2329.10,   450255067229.00
02 SEP 2026,BALMLAWRIE,EQ,BALMER LAWRIE & CO LTD   ,Listed    ,02 SEP 2026,              10.00,         171003846,            176.05,    30106937126.75
02 SEP 2026,BALPHARMA,EQ,BAL PHARMA LTD.          ,Listed    ,02 SEP 2026,              10.00,          15920872,             85.65,     1363622686.80 
02 SEP 2026,BALRAMCHIN,EQ,BALRAMPUR CHINI MILLS LTD,Listed    ,02 SEP 2026,               1.00,         201950436,            669.75,   135256304511.00
02 SEP 2026,BALUFORGE,EQ,BALU FORGE INDUSTRIES LTD,Listed    ,02 SEP 2026,              10.00,         119681900,            578.40,    69224010960.00 
02 SEP 2026,BANARBEADS,EQ,BANARAS BEADS LTD        ,Listed    ,02 SEP 2026,              10.00,           6597522,            114.15,      753107136.30
02 SEP 2026,BANARISUG,EQ,BANNARI AMMAN SUGARS LTD ,Listed    ,02 SEP 2026,              10.00,          12539700,           3864.80,    48463432560.00 
02 SEP 2026,BANCOINDIA,EQ,BANCO PRODUCTS (I) LTD   ,Listed    ,02 SEP 2026,               2.00,         143037300,            613.60,    87767687280.00
02 SEP 2026,BANDHANBNK,EQ,BANDHAN BANK LIMITED     ,Listed    ,02 SEP 2026,              10.00,        1611017956,            161.50,   260211620253.10
02 SEP 2026,BANG,EQ,BANG OVERSEAS LTD.       ,Listed    ,02 SEP 2026,              10.00,          13560000,             33.50,      454124400.00      
02 SEP 2026,BANKA,EQ,BANKA BIOLOO LIMITED     ,Listed    ,02 SEP 2026,              10.00,          10922432,             77.20,      843211750.40     
02 SEP 2026,BANKBARODA,EQ,BANK OF BARODA           ,Listed    ,02 SEP 2026,               2.00,        5171362179,            241.20,  1247332557574.80
02 SEP 2026,BANKINDIA,EQ,BANK OF INDIA            ,Listed    ,02 SEP 2026,              10.00,        4552667866,            143.10,   651486771624.60 
02 SEP 2026,BANSALWIRE,EQ,BANSAL WIRE INDUSTRIES L ,Listed    ,02 SEP 2026,               5.00,         156555952,            319.75,    50058765652.00
02 SEP 2026,BANSWRAS,EQ,BANSWARA SYNTEX LIMITED  ,Listed    ,02 SEP 2026,               5.00,          34232084,            119.00,     4073275675.15  
02 SEP 2026,BARFLEX,SM,BARFLEX POLYFILMS LIMITED,Listed    ,02 SEP 2026,              10.00,          24749000,             60.00,     1484940000.00   
02 SEP 2026,BASF,EQ,BASF INDIA LTD           ,Listed    ,02 SEP 2026,              10.00,          43285640,           3811.00,   164961574040.00      
02 SEP 2026,BASILIC,SM,BASILIC FLY STUDIO LTD   ,Listed    ,02 SEP 2026,              10.00,          25265000,            192.05,     4852143250.00   
02 SEP 2026,BASML,BE,BANNARI AM SPIN MILL LTD.,Listed    ,02 SEP 2026,               5.00,          79921375,             25.00,     1998034375.00     
02 SEP 2026,BATAINDIA,EQ,BATA INDIA LTD           ,Listed    ,02 SEP 2026,               5.00,         128527540,            670.45,    86171289193.00 
02 SEP 2026,BATLIBOI,EQ,BATLIBOI LTD.            ,Permitted ,02 SEP 2026,               5.00,          47132510,             93.55,     4410188960.70  
02 SEP 2026,BAWEJA,ST,BAWEJA STUDIOS LIMITED   ,Listed    ,02 SEP 2026,              10.00,          18427001,             25.80,      475416625.80    
02 SEP 2026,BAYERCROP,EQ,BAYER CROPSCIENCE LTD    ,Permitted ,02 SEP 2026,              10.00,          44942092,           3979.50,   178847055114.00 
02 SEP 2026,BBL,EQ,BHARAT BIJLEE LTD        ,Listed    ,02 SEP 2026,               5.00,          11303120,           2288.20,    25863799184.00       
02 SEP 2026,BBOX,EQ,BLACK BOX LIMITED        ,Listed    ,02 SEP 2026,               2.00,         177599205,            725.20,   128794943466.00      
02 SEP 2026,BBTC,EQ,BOMBAY BURMAH TRADING COR,Listed    ,02 SEP 2026,               2.00,          69771900,           1492.70,   104148515130.00      
02 SEP 2026,BBTCL,EQ,B&B TRIPLEWALL CONT LTD  ,Listed    ,02 SEP 2026,              10.00,          20511240,            223.45,     4583236578.00     
02 SEP 2026,BCG,EQ,BRIGHTCOM GROUP LIMITED  ,Listed    ,02 SEP 2026,               2.00,        2017921873,              8.90,    17999863107.15       
02 SEP 2026,BCLIND,EQ,BCL INDUSTRIES LIMITED   ,Listed    ,02 SEP 2026,               1.00,         295163340,             36.05,    10646541673.80    
02 SEP 2026,BCONCEPTS,EQ,BRAND CONCEPTS LIMITED   ,Listed    ,02 SEP 2026,              10.00,          12481877,            165.25,     2062879811.80 
02 SEP 2026,BCPL,EQ,BCPL RAILWAY INFRA LTD   ,Listed    ,02 SEP 2026,              10.00,          16723638,             67.85,     1134698838.30      
02 SEP 2026,BDL,EQ,BHARAT DYNAMICS LIMITED  ,Listed    ,02 SEP 2026,               5.00,         366562500,           1253.70,   459559406250.00       
02 SEP 2026,BDR,IT,BDR BUILDCON LIMITED     ,Listed    ,10 MAR 2017,              10.00,           6645000,             87.65,      582434250.00       
02 SEP 2026,BEACON,SM,BEACON TRUSTEESHIP LTD   ,Listed    ,02 SEP 2026,              10.00,          18064913,             86.65,     1565324711.45    
02 SEP 2026,BEARDSELL,EQ,BEARDSELL LIMITED        ,Listed    ,02 SEP 2026,               2.00,          39437000,             24.95,      983558780.00 
02 SEP 2026,BECTORFOOD,EQ,MRS BECTORS FOOD SPE LTD ,Listed    ,02 SEP 2026,               2.00,         306990595,            228.30,    70089022744.45
02 SEP 2026,BEDMUTHA,EQ,BEDMUTHA INDUST LTD      ,Listed    ,02 SEP 2026,              10.00,          32263884,            107.95,     3483208916.65  
02 SEP 2026,BEEKAY,EQ,BEEKAY STEEL INDS. LTD.  ,Permitted ,02 SEP 2026,              10.00,          19072052,            404.30,     7710830623.60    
02 SEP 2026,BEL,EQ,BHARAT ELECTRONICS LTD   ,Listed    ,02 SEP 2026,               1.00,        7309778829,            405.75,  2965942759866.75       
02 SEP 2026,BELLACASA,EQ,BELLA CASA FASH AND RET L,Listed    ,02 SEP 2026,              10.00,          13387500,            242.90,     3251823750.00 
02 SEP 2026,BELRISE,EQ,BELRISE INDUSTRIES LTD   ,Listed    ,02 SEP 2026,               5.00,         967151919,            234.30,   226613366140.90   
02 SEP 2026,BEML,EQ,BEML LIMITED             ,Listed    ,02 SEP 2026,               5.00,          83289000,           2032.40,   169276563600.00      
02 SEP 2026,BENARAS,EQ,BENARES HOTELS LTD.      ,Permitted ,02 SEP 2026,              10.00,           1300000,          10155.00,    13201500000.00   
02 SEP 2026,BENGALASM,EQ,BENGAL & ASSAM CO. LTD.  ,Permitted ,02 SEP 2026,              10.00,          11403899,           6474.00,    73828842126.00 
02 SEP 2026,BEPL,EQ,BHANSALI ENG. POLYMERS LT,Listed    ,02 SEP 2026,               1.00,         248858460,            127.30,    31677193373.40      
02 SEP 2026,BERGEPAINT,EQ,BERGER PAINTS (I) LTD    ,Listed    ,02 SEP 2026,               1.00,        1166002812,            488.05,   569067672396.60
02 SEP 2026,BESTAGRO,EQ,BEST AGROLIFE LIMITED    ,Listed    ,02 SEP 2026,               1.00,         354671100,             18.80,     6674910102.00  
02 SEP 2026,BETA,EQ,BETA DRUGS LIMITED       ,Listed    ,02 SEP 2026,              10.00,          11085872,           2137.00,    23690508464.00      
02 SEP 2026,BEWLTD,SM,BEW ENGINEERING LIMITED  ,Listed    ,02 SEP 2026,              10.00,          13073324,             48.50,      634056214.00    
02 SEP 2026,BFINVEST,EQ,BF INVESTMENT LIMITED    ,Listed    ,02 SEP 2026,               5.00,          37667628,            452.95,    17061552102.60  
02 SEP 2026,BFUTILITIE,EQ,BF UTILITIES LIMITED     ,Listed    ,02 SEP 2026,               5.00,          37667628,            500.65,    18858297958.20
02 SEP 2026,BGRENERGY,BE,BGR ENERGY SYSTEMS LTD   ,Listed    ,02 SEP 2026,              10.00,          72161560,            244.75,    17662985041.20 
02 SEP 2026,BHADORA,ST,BHADORA INDUSTRIES LTD   ,Listed    ,02 SEP 2026,              10.00,          18600000,            105.00,     1953000000.00   
02 SEP 2026,BHAGCHEM,EQ,BHAGIRADHA CHEM & INDS L ,Listed    ,02 SEP 2026,               1.00,         129669080,            268.10,    34764280348.00  
02 SEP 2026,BHAGERIA,BE,BHAGERIA INDUSTRIES LTD  ,Listed    ,02 SEP 2026,               5.00,          43644180,            276.35,    12061069143.00  
02 SEP 2026,BHAGYANGR,EQ,BHAGYANAGAR INDIA LIMITED,Listed    ,02 SEP 2026,               2.00,          31995000,            380.40,    12170898000.00 
02 SEP 2026,BHANDARI,EQ,BHANDARI HOSIERY EXP LTD ,Listed    ,02 SEP 2026,               1.00,         432089374,              3.00,     1287626334.50  
02 SEP 2026,BHARATCOAL,EQ,BHARAT COKING COAL LTD   ,Listed    ,02 SEP 2026,              10.00,        4657000000,             33.90,   157965440000.00
02 SEP 2026,BHARATFORG,EQ,BHARAT FORGE LTD         ,Listed    ,02 SEP 2026,               2.00,         478088632,           2031.80,   971380482497.60
02 SEP 2026,BHARATGEAR,BE,BHARAT GEARS LTD         ,Listed    ,02 SEP 2026,              10.00,          15355058,            102.10,     1567444320.65
02 SEP 2026,BHARATRAS,EQ,BHARAT RASAYAN LTD       ,Listed    ,02 SEP 2026,               5.00,          16621072,           1203.30,    20000135937.60 
02 SEP 2026,BHARATSE,EQ,BHARAT SEATS LIMITED     ,Listed    ,02 SEP 2026,               2.00,          62800000,            214.00,    13439200000.00  
02 SEP 2026,BHARATWIRE,EQ,BHARAT WIRE ROPES LTD.   ,Listed    ,02 SEP 2026,              10.00,          68584648,            175.75,    12054437732.50
02 SEP 2026,BHARTIARTL,EQ,BHARTI AIRTEL LIMITED    ,Listed    ,02 SEP 2026,               5.00,        6093279384,           1862.80, 11350560836515.20
02 SEP 2026,BHARTIHEXA,EQ,BHARTI HEXACOM LIMITED   ,Listed    ,02 SEP 2026,               5.00,         500000000,           1531.10,   765550000000.00
02 SEP 2026,BHEL,EQ,BHEL                     ,Listed    ,02 SEP 2026,               2.00,        3482063355,            427.50,  1488582084262.50      
02 SEP 2026,BI,BE,BILCARE LTD.             ,Permitted ,02 SEP 2026,              10.00,          23545231,             87.05,     2049376906.25        
02 SEP 2026,BIGBLOC,EQ,BIGBLOC CONSTRUCTION LTD ,Listed    ,02 SEP 2026,               2.00,         141575750,             41.25,     5838583930.00   
02 SEP 2026,BIKAJI,EQ,BIKAJI FOODS INTERN LTD  ,Listed    ,02 SEP 2026,               1.00,         250736400,            590.20,   147984623280.00    
02 SEP 2026,BIKEWO,ST,BIKEWO GREEN TECH LIMITED,Listed    ,02 SEP 2026,              10.00,          13043250,            104.70,     1365628275.00    
02 SEP 2026,BIL,EQ,BHARTIYA INTERNATIONAL   ,Listed    ,02 SEP 2026,              10.00,          13410411,            893.20,    11978179105.20       
02 SEP 2026,BILVYAPAR,BE,BIL VYAPAR LIMITED       ,Listed    ,02 SEP 2026,              10.00,          31366175,              3.90,      122328082.50 
02 SEP 2026,BIMETAL,EQ,BIMETAL BEARINGS LTD.    ,Permitted ,02 SEP 2026,              10.00,           3825000,            638.90,     2443792500.00   
02 SEP 2026,BIOCON,EQ,BIOCON LIMITED.          ,Listed    ,02 SEP 2026,               5.00,        1620907773,            401.00,   649984016973.00    
02 SEP 2026,BIOFILCHEM,EQ,BIOFIL CHEM & PHARMA LTD ,Listed    ,02 SEP 2026,              10.00,          16273800,             31.95,      519947910.00
02 SEP 2026,BIOPOL,SM,BIOPOL CHEMICALS LIMITED ,Listed    ,02 SEP 2026,              10.00,          10805400,             41.55,      448964370.00    
02 SEP 2026,BIRDYS,SM,GRILL SPLENDOUR SER LTD  ,Listed    ,21 AUG 2026,              10.00,           6921800,             86.20,      596659160.00    
02 SEP 2026,BIRET,RR,BROOKFIELD INDIA RET     ,Listed    ,02 SEP 2026,             275.00,         829880869,            341.40,   283313029867.90     
02 SEP 2026,BIRLACABLE,BE,BIRLA CABLE LIMITED      ,Listed    ,02 SEP 2026,              10.00,          30000000,            341.60,    10248000000.00
02 SEP 2026,BIRLACORPN,EQ,BIRLA CORPORATION LTD    ,Listed    ,02 SEP 2026,              10.00,          77005347,            867.40,    66794437987.80
02 SEP 2026,BIRLAMONEY,EQ,ADITYA BIRLA MONEY LTD   ,Listed    ,02 SEP 2026,               1.00,          56509201,            126.45,     7146718650.45
02 SEP 2026,BIRLANU,EQ,BIRLANU LIMITED          ,Listed    ,02 SEP 2026,              10.00,           7540899,           1422.30,    10725420647.70   
02 SEP 2026,BIRLAPREC,EQ,BIRLA PRECISION TECH L   ,Permitted ,02 SEP 2026,               2.00,          68387637,             43.10,     2948191031.05 
02 SEP 2026,BLACKBUCK,EQ,BLACKBUCK LIMITED        ,Listed    ,02 SEP 2026,               1.00,         182077602,            581.65,   105905437203.30 
02 SEP 2026,BLACKROSE,BE,BLACK ROSE INDS. LTD.    ,Permitted ,02 SEP 2026,               1.00,          51000000,            112.65,     5744640000.00 
02 SEP 2026,BLAL,EQ,BEML LAND ASSETS LIMITED ,Listed    ,02 SEP 2026,              10.00,          41644500,            163.25,     6799297515.00      
02 SEP 2026,BLBLIMITED,EQ,BLB LIMITED              ,Listed    ,02 SEP 2026,               1.00,          52865258,             17.10,      904524564.40
02 SEP 2026,BLEL,EQ,BEHARI LAL ENGINEERING L ,Listed    ,02 SEP 2026,              10.00,          42302482,            445.25,    18835180110.50      
02 SEP 2026,BLIL,EQ,BALMER LAWRIE INVSTS. L  ,Permitted ,02 SEP 2026,               1.00,         221972690,             72.10,    16006450675.90      
02 SEP 2026,BLISSGVS,BE,BLISS GVS PHARMA LTD     ,Listed    ,02 SEP 2026,               1.00,         105788972,            648.65,    68620016687.80  
02 SEP 2026,BLKASHYAP,EQ,B.L.KASHYAP & SON LTD    ,Listed    ,02 SEP 2026,               1.00,         225440000,             55.75,    12568280000.00 
02 SEP 2026,BLS,EQ,BLS INTL SERVS LTD       ,Listed    ,02 SEP 2026,               1.00,         411740908,            235.20,    96849696379.75       
02 SEP 2026,BLSE,EQ,BLS E-SERVICES LIMITED   ,Listed    ,02 SEP 2026,              10.00,          90856485,            322.85,    29333016182.25      
02 SEP 2026,BLUECLOUDS,EQ,BLUE CLOUD SOFTECH SOLU L,Permitted ,02 SEP 2026,               1.00,         923081600,             19.90,    18360093024.00
02 SEP 2026,BLUECOAST,BE,BLUE COAST HOTELS LIMITED,Listed    ,02 SEP 2026,              10.00,          19679557,             22.05,      434327823.00 
02 SEP 2026,BLUEDART,EQ,BLUE DART EXPRESS LTD    ,Listed    ,02 SEP 2026,              10.00,          23727934,           5017.50,   119054908845.00  
02 SEP 2026,BLUEJET,EQ,BLUE JET HEALTHCARE LTD  ,Listed    ,02 SEP 2026,               2.00,         189275701,            580.35,   109846153075.35   
02 SEP 2026,BLUEPEBBLE,SM,BLUE PEBBLE LIMITED      ,Listed    ,02 SEP 2026,              10.00,           4080000,             69.05,      281724000.00
02 SEP 2026,BLUESTARCO,EQ,BLUE STAR LIMITED        ,Listed    ,02 SEP 2026,               2.00,         205614788,           1445.30,   297175053096.40
02 SEP 2026,BLUESTONE,EQ,BLUESTONE JEWEL LFSTL LTD,Listed    ,02 SEP 2026,               1.00,         152401781,            813.40,   123963608665.40 
02 SEP 2026,BLUEWATER,ST,BLUE WATER LOGISTICS LTD ,Listed    ,02 SEP 2026,              10.00,          11000000,            487.00,     5357000000.00 
02 SEP 2026,BLUSPRING,EQ,BLUSPRING ENTERPRISES LTD,Listed    ,02 SEP 2026,              10.00,         149440980,            132.45,    19791963391.20 
02 SEP 2026,BMETRICS,SM,BOMBAY METRICS S C LTD   ,Listed    ,02 SEP 2026,              10.00,          12313920,             35.85,      441454032.00  
02 SEP 2026,BMLL,SM,BIO MEDICA LABORATORIES L,Listed    ,02 SEP 2026,              10.00,          12575001,            160.90,     2023317660.90      
02 SEP 2026,BMWVENTLTD,EQ,BMW VENTURES LIMITED     ,Listed    ,02 SEP 2026,              10.00,          86715000,             55.25,     4789269450.00
02 SEP 2026,BNAGROCHEM,EQ,BN AGROCHEM LTD.         ,Permitted ,02 SEP 2026,              10.00,          97772941,            225.00,    21998911725.00
02 SEP 2026,BNALTD,BE,B & A LTD.               ,Permitted ,02 SEP 2026,              10.00,           3100000,            355.10,     1100810000.00    
02 SEP 2026,BODALCHEM,EQ,BODAL CHEMICALS LTD      ,Listed    ,02 SEP 2026,               2.00,         125944065,            145.45,    18318564254.25 
02 SEP 2026,BOHRAIND,EQ,BOHRA INDUSTRIES LIMITED ,Listed    ,02 SEP 2026,              10.00,          21172152,             12.35,      261687798.70  
02 SEP 2026,BOMDYEING,EQ,BOMBAY DYEING & MFG. CO L,Listed    ,02 SEP 2026,               2.00,         206534900,            113.85,    23516063714.00 
02 SEP 2026,BONLON,EQ,BONLON INDUSTRIES LIMITED,Listed    ,02 SEP 2026,              10.00,          16383358,             40.25,      659266325.90    
02 SEP 2026,BORANA,EQ,BORANA WEAVES LIMITED    ,Listed    ,02 SEP 2026,              10.00,          26645295,            304.90,     8124150445.50    
02 SEP 2026,BOROLTD,EQ,BOROSIL LIMITED          ,Listed    ,02 SEP 2026,               1.00,         119587629,            249.90,    29887340239.70   
02 SEP 2026,BORORENEW,EQ,BOROSIL RENEWABLES LTD   ,Listed    ,02 SEP 2026,               1.00,         140283183,            495.75,    69545387972.25 
02 SEP 2026,BOROSCI,EQ,BOROSIL SCIENTIFIC LTD   ,Listed    ,02 SEP 2026,               1.00,          88947050,            131.30,    11679637135.50   
02 SEP 2026,BOSCH-HCIL,EQ,BOSCH HOME COMFRT IND LTD,Listed    ,02 SEP 2026,              10.00,          27190884,           1733.90,    47146273767.60
02 SEP 2026,BOSCHLTD,EQ,BOSCH LIMITED            ,Listed    ,02 SEP 2026,              10.00,          29493640,          47250.00,  1393574490000.00  
02 SEP 2026,BOSS,SM,BOSS PACKAGING SOLU LTD  ,Listed    ,02 SEP 2026,              10.00,           4446260,             54.00,      240098040.00      
02 SEP 2026,BPCL,EQ,BHARAT PETROLEUM CORP  LT,Listed    ,02 SEP 2026,              10.00,        4338505488,            319.60,  1386586353964.80      
02 SEP 2026,BPL,EQ,BPL LTD                  ,Listed    ,02 SEP 2026,              10.00,          48975751,             49.80,     2438012884.80       
02 SEP 2026,BPLPHARMA,EQ,BHARAT PARENTERALS LTD.  ,Permitted ,02 SEP 2026,              10.00,           6891963,           1518.20,    10463378226.60 
02 SEP 2026,BRACEPORT,SM,BRACE PORT LOGISTICS LTD ,Listed    ,02 SEP 2026,              10.00,          11301200,             58.80,      664510560.00 
02 SEP 2026,BRAHMINFRA,EQ,BRAHMAPUTRA INFRA L      ,Permitted ,02 SEP 2026,              10.00,          29018400,            164.95,     4786875264.00
02 SEP 2026,BRANDMAN,SM,BRANDMAN RETAIL LIMITED  ,Listed    ,02 SEP 2026,              10.00,          18457186,            184.95,     3413656550.70  
02 SEP 2026,BRIGADE,EQ,BRIGADE ENTER. LTD       ,Listed    ,02 SEP 2026,              10.00,         326162380,            640.00,   208743923200.00   
02 SEP 2026,BRIGHOTEL,EQ,BRIGADE HOTEL VENTURE LTD,Listed    ,02 SEP 2026,              10.00,         379842565,             58.40,    22190402647.30 
02 SEP 2026,BRIGHTBR,EQ,BRIGHT BROTHERS LTD.     ,Permitted ,02 SEP 2026,              10.00,           5680235,            258.25,     1466920688.75  
02 SEP 2026,BRITANNIA,EQ,BRITANNIA INDUSTRIES LTD ,Listed    ,02 SEP 2026,               1.00,         240868296,           5154.00,  1241435197584.00 
02 SEP 2026,BRNL,EQ,BHARAT ROAD NETWORK LTD  ,Listed    ,02 SEP 2026,              10.00,          83950000,             17.10,     1436384500.00      
02 SEP 2026,BROOKS,BE,BROOKS LAB LIMITED       ,Listed    ,02 SEP 2026,              10.00,          29457248,             65.10,     1917666844.80    
02 SEP 2026,BSE,EQ,BSE LIMITED              ,Listed    ,02 SEP 2026,               2.00,         407884077,           3168.00,  1292176755936.00       
02 SEP 2026,BSHSL,EQ,BOMBAY SUPER HYBRID SEEDS,Listed    ,02 SEP 2026,               1.00,         104937280,             89.90,     9434910844.80     
02 SEP 2026,BSL,EQ,BSL LTD                  ,Listed    ,02 SEP 2026,              10.00,          10292168,            122.10,     1256879556.15       
02 SEP 2026,BSOFT,EQ,BIRLASOFT LIMITED        ,Listed    ,02 SEP 2026,               2.00,         279506288,            294.40,    82286651187.20     
02 SEP 2026,BTML,EQ,BODHI TREE MULTIMEDIA LTD,Listed    ,02 SEP 2026,               1.00,         181697777,              8.10,     1468118038.15      
02 SEP 2026,BTTL,BE,BHILWARA TECHNICAL TEXT L,Permitted ,02 SEP 2026,               1.00,          58373305,             42.10,     2456932407.45      
02 SEP 2026,BUILDPRO,EQ,SHANKARA BUILDPRO LIMITED,Listed    ,02 SEP 2026,              10.00,          24249326,           1261.80,    30597799546.80  
02 SEP 2026,BULKCORP,ST,BULKCORP INTERNATIONAL L ,Listed    ,02 SEP 2026,              10.00,           7514064,             72.00,      541012608.00  
02 SEP 2026,BURNPUR,EQ,BURNPUR CEMENT LIMITED   ,Listed    ,02 SEP 2026,              10.00,          17224873,             19.55,      337090764.60   
02 SEP 2026,BUTTERFLY,EQ,BTRFLY GANDHI APPL LTD   ,Listed    ,02 SEP 2026,              10.00,          17879551,            614.25,    10982514201.75 
02 SEP 2026,BVCL,EQ,BARAK VALLEY CEM. LTD.   ,Listed    ,02 SEP 2026,              10.00,          22160000,             42.95,      951328800.00      
02 SEP 2026,BYKE,BE,THE BYKE HOSPITALITY LTD ,Listed    ,02 SEP 2026,              10.00,          52279300,             31.70,     1658299396.00      
02 SEP 2026,C2C,SM,C2C ADVANCED SYSTEMS LTD ,Listed    ,02 SEP 2026,              10.00,          16968433,            224.50,     3809413208.50       
02 SEP 2026,CADSYS,ST,CADSYS (INDIA) LIMITED   ,Listed    ,31 AUG 2026,              10.00,          10002500,             46.45,      464616125.00    
02 SEP 2026,CALSOFT,EQ,CALIFORNIA SOFTWARE CO LT,Listed    ,02 SEP 2026,              10.00,          35035310,             41.10,     1439250534.80   
02 SEP 2026,CAMLINFINE,EQ,CAMLIN FINE SCIENCES LTD ,Listed    ,02 SEP 2026,               1.00,         192096613,            102.80,    19747531816.40
02 SEP 2026,CAMPUS,EQ,CAMPUS ACTIVEWEAR LIMITED,Listed    ,02 SEP 2026,               5.00,         305653746,            220.85,    67509742879.00    
02 SEP 2026,CAMS,EQ,COMPUTER AGE MNGT SER LTD,Listed    ,02 SEP 2026,               2.00,         247984498,            741.85,   183967299841.30      
02 SEP 2026,CANARYS,SM,CANARYS AUTOMATIONS LTD  ,Listed    ,02 SEP 2026,               2.00,          58744893,             25.30,     1486245792.90   
02 SEP 2026,CANBK,EQ,CANARA BANK              ,Listed    ,02 SEP 2026,               2.00,        9070651260,            126.30,  1145623254138.00     
02 SEP 2026,CANFINHOME,EQ,CAN FIN HOMES LTD        ,Listed    ,02 SEP 2026,               2.00,         133154591,            795.30,   105897846222.30
02 SEP 2026,CANHLIFE,EQ,CANARA HSBC LIFE INS CO L,Listed    ,02 SEP 2026,              10.00,         950000000,            152.80,   145169500000.00  
02 SEP 2026,CANTABIL,EQ,CANTABIL RETAIL LTD      ,Listed    ,02 SEP 2026,               2.00,          83638040,            236.60,    19788760264.00  
02 SEP 2026,CAPACITE,EQ,CAPACITE INFRAPROJECT LTD,Listed    ,02 SEP 2026,              10.00,          84604043,            205.00,    17345520895.85  
02 SEP 2026,CAPILLARY,EQ,CAPILLARY TECHNO INDIA L ,Listed    ,02 SEP 2026,               2.00,          79471983,            484.00,    38464439772.00 
02 SEP 2026,CAPINVIT,IV,CAPITAL INFRA TRUST      ,Listed    ,02 SEP 2026,              99.00,         491551733,             76.25,    37480819641.25  
02 SEP 2026,CAPITALSFB,EQ,CAPITAL SMALL FIN BANK L ,Listed    ,02 SEP 2026,              10.00,          45431585,            283.25,    12868496451.25
02 SEP 2026,CAPLIPOINT,EQ,CAPLIN POINT LAB LTD.    ,Listed    ,02 SEP 2026,               2.00,          76011696,           2720.50,   206789818968.00
02 SEP 2026,CAPTRUST,BE,CAPITAL TRUST LIMITED    ,Listed    ,02 SEP 2026,              10.00,          34019404,             19.75,      672223423.05  
02 SEP 2026,CARBORUNIV,EQ,CARBORUNDUM UNIVERSAL LTD,Listed    ,02 SEP 2026,               1.00,         190493502,           1071.50,   204113787393.00
02 SEP 2026,CARERATING,EQ,CARE RATINGS LIMITED     ,Listed    ,02 SEP 2026,              10.00,          30049163,           1683.00,    50572741329.00
02 SEP 2026,CARRARO,EQ,CARRARO INDIA LIMITED    ,Listed    ,02 SEP 2026,              10.00,          56851538,            542.00,    30813533596.00   
02 SEP 2026,CARTRADE,EQ,CARTRADE TECH LIMITED    ,Listed    ,02 SEP 2026,              10.00,          48023035,           2932.30,   140817945530.50  
02 SEP 2026,CARYSIL,EQ,CARYSIL LIMITED          ,Listed    ,02 SEP 2026,               2.00,          28442606,           1139.20,    32401816755.20   
02 SEP 2026,CASTROLIND,EQ,CASTROL INDIA LIMITED    ,Listed    ,02 SEP 2026,               5.00,         989122384,            186.10,   184055893214.70
02 SEP 2026,CBAZAAR,ST,NET AVENUE TECHNOLOGIES L,Listed    ,02 SEP 2026,               1.00,          21454078,              4.50,       96543351.00   
02 SEP 2026,CCAVENUE,EQ,AVENUESAI LIMITED        ,Listed    ,02 SEP 2026,               1.00,        3488229550,             15.50,    54067558025.00  
02 SEP 2026,CCCL,EQ,CONS. CONST. CONSORT LTD ,Listed    ,02 SEP 2026,               2.00,         446759451,             14.30,     6393127743.80      
02 SEP 2026,CCHHL,EQ,COUNTRY CLUB HOSP HOL LTD,Listed    ,02 SEP 2026,               2.00,         163464735,             12.40,     2030232008.70     
02 SEP 2026,CCL,EQ,CCL PRODUCTS (I) LTD     ,Listed    ,02 SEP 2026,               2.00,         133527920,           1086.10,   145024673912.00       
02 SEP 2026,CDSL,EQ,CENTRAL DEPO SER (I) LTD ,Listed    ,02 SEP 2026,              10.00,         209000000,           1365.20,   285326800000.00      
02 SEP 2026,CEATLTD,EQ,CEAT LIMITED             ,Listed    ,02 SEP 2026,              10.00,          40450092,           3347.80,   135418817997.60   
02 SEP 2026,CEDAAR,ST,CEDAAR TEXTILE LIMITED   ,Listed    ,02 SEP 2026,              10.00,          13878600,             13.30,      184585380.00    
02 SEP 2026,CEIGALL,EQ,CEIGALL INDIA LIMITED    ,Listed    ,02 SEP 2026,               5.00,         174204861,            340.60,    59334175656.60   
02 SEP 2026,CEINSYS,EQ,CEINSYS TECH LIMITED     ,Listed    ,02 SEP 2026,              10.00,          20937661,            697.90,    14612393611.90   
02 SEP 2026,CELEBRITY,EQ,CELEBRITY FASHIONS LTD   ,Listed    ,02 SEP 2026,              10.00,          64548346,              6.75,      435701335.50 
02 SEP 2026,CELLECOR,SM,CELLECOR GADGETS LIMITED ,Listed    ,02 SEP 2026,               1.00,         220677800,             32.90,     7260299620.00  
02 SEP 2026,CELLO,EQ,CELLO WORLD LIMITED      ,Listed    ,02 SEP 2026,               5.00,         220885034,            347.60,    76779637818.40     
02 SEP 2026,CELLPOINT,SM,CELL POINT (INDIA) LTD   ,Listed    ,02 SEP 2026,              10.00,          18685600,             16.00,      298969600.00 
02 SEP 2026,CEMPRO,EQ,CEMINDIA PROJECTS LIMITED,Listed    ,02 SEP 2026,               1.00,         171787584,           1235.80,   212295096307.20    
02 SEP 2026,CENTENKA,EQ,CENTURY ENKA LTD         ,Listed    ,02 SEP 2026,              10.00,          21850589,            602.35,    13161702284.15  
02 SEP 2026,CENTEXT,EQ,CENTURY EXTRUSIONS LTD   ,Listed    ,02 SEP 2026,               1.00,          80000000,             22.50,     1799200000.00   
02 SEP 2026,CENTRALBK,EQ,CENTRAL BANK OF INDIA    ,Listed    ,02 SEP 2026,              10.00,        9051401274,             30.35,   274891056691.40 
02 SEP 2026,CENTRUM,EQ,CENTRUM CAPITAL LIMITED  ,Listed    ,02 SEP 2026,               1.00,         486829194,             22.90,    11148388542.60   
02 SEP 2026,CENTUM,EQ,CENTUM ELECTRONICS LTD   ,Listed    ,02 SEP 2026,              10.00,          14759016,           3555.30,    52472729584.80    
02 SEP 2026,CENTURYPLY,EQ,CENTURY PLYBOARDS (I) LTD,Listed    ,02 SEP 2026,               1.00,         222172990,            748.45,   166285374365.50
02 SEP 2026,CERA,EQ,CERA SANITARYWARE LTD    ,Listed    ,02 SEP 2026,               5.00,          12897541,           5662.50,    73032325912.50      
02 SEP 2026,CEREBRAINT,BZ,CEREBRA INT TECH LTD     ,Listed    ,02 SEP 2026,              10.00,         111986482,              2.55,      287805258.75
02 SEP 2026,CESC,EQ,CESC LTD                 ,Listed    ,02 SEP 2026,               1.00,        1325570430,            146.45,   194116533769.20      
02 SEP 2026,CEWATER,EQ,CONCORD ENVIRO SYSTEMS L ,Listed    ,02 SEP 2026,               5.00,          20696233,            263.30,     5449318148.90   
02 SEP 2026,CFEL,EQ,CONFIDENCE FUTURIST ENE L,Permitted ,02 SEP 2026,               5.00,          25020000,             31.80,      795636000.00      
02 SEP 2026,CGCL,EQ,CAPRI GLOBAL CAPITAL LTD ,Listed    ,02 SEP 2026,               1.00,         962153962,            256.60,   246888706649.20      
02 SEP 2026,CGPOWER,EQ,CG POWER AND IND SOL LTD ,Listed    ,02 SEP 2026,               2.00,        1574979249,            877.75,  1382438035809.75   
02 SEP 2026,CGRAPHICS,SM,CREATIVE GRAPHICS S IND L,Listed    ,02 SEP 2026,              10.00,          24286000,            147.30,     3577327800.00 
02 SEP 2026,CGVAK,EQ,C G V A K SOFTWARE & EX L,Permitted ,02 SEP 2026,              10.00,           5050200,            148.95,      752126286.00     
02 SEP 2026,CHALET,EQ,CHALET HOTELS LIMITED    ,Listed    ,02 SEP 2026,              10.00,         218994127,            897.95,   196645776339.65    
02 SEP 2026,CHAMBLFERT,EQ,CHAMBAL FERTILIZERS LTD  ,Listed    ,02 SEP 2026,              10.00,         400652297,            411.45,   164848387600.65
02 SEP 2026,CHAMUNDA,SM,CHAMUNDA ELECTRICAL LTD  ,Listed    ,01 SEP 2026,              10.00,          11004594,             43.95,      483651906.30  
02 SEP 2026,CHANDAN,SM,CHANDAN HEALTHCARE LTD   ,Listed    ,02 SEP 2026,              10.00,          24452064,            211.40,     5169166329.60   
02 SEP 2026,CHAVDA,SM,CHAVDA INFRA LIMITED     ,Listed    ,02 SEP 2026,              10.00,          32656000,            123.90,     4046078400.00    
02 SEP 2026,CHEMBOND,EQ,CHEMBOND MATERIALTECH LTD,Listed    ,02 SEP 2026,               5.00,          13448288,            167.65,     2254874448.95  
02 SEP 2026,CHEMBONDCH,BE,CHEMBOND CHEMICAL LIMITED,Listed    ,02 SEP 2026,               5.00,          26896576,            261.40,     7030764966.40
02 SEP 2026,CHEMCON,BE,CHEMCON SPECIAL CHEM LTD ,Listed    ,02 SEP 2026,              10.00,          36630701,            199.60,     7311854226.60   
02 SEP 2026,CHEMCRUX,EQ,CHEMCRUX ENTERPRISES LTD.,Permitted ,02 SEP 2026,              10.00,          14808840,             81.50,     1207216636.80  
02 SEP 2026,CHEMFAB,EQ,CHEMFAB ALKALIS LIMITED  ,Listed    ,02 SEP 2026,              10.00,          14373702,            355.25,     5106257635.50   
02 SEP 2026,CHEMPLASTS,EQ,CHEMPLAST SANMAR LIMITED ,Listed    ,02 SEP 2026,               5.00,         158109574,            169.85,    26851748952.40
02 SEP 2026,CHENNPETRO,EQ,CHENNAI PETROLEUM CORP LT,Listed    ,02 SEP 2026,              10.00,         148911400,           1414.00,   210560719600.00
02 SEP 2026,CHETANA,SM,CHETANA EDUCATION LIMITED,Listed    ,02 SEP 2026,              10.00,          20400000,             43.90,      895560000.00   
02 SEP 2026,CHEVIOT,EQ,CHEVIOT COMPANY LIMITED  ,Listed    ,02 SEP 2026,              10.00,           5841875,           1150.60,     6721661375.00   
02 SEP 2026,CHOICEIN,EQ,CHOICE INTERNATIONAL LTD ,Listed    ,02 SEP 2026,              10.00,         222776500,            763.40,   170067580100.00  
02 SEP 2026,CHOLAFIN,EQ,CHOLAMANDALAM IN & FIN CO,Listed    ,02 SEP 2026,               2.00,         852488507,           1825.90,  1556558764931.30  
02 SEP 2026,CHOLAHLDNG,EQ,CHOLAMANDALAM FIN HOL LTD,Listed    ,02 SEP 2026,               1.00,         187777462,           1489.00,   279600640918.00
02 SEP 2026,CIEINDIA,EQ,CIE AUTOMOTIVE INDIA LTD ,Listed    ,02 SEP 2026,              10.00,         379362377,            385.00,   146054515145.00  
02 SEP 2026,CIFL,EQ,CAPITAL INDIA FINANCE LTD,Listed    ,02 SEP 2026,               2.00,         391056300,             20.40,     7981459083.00      
02 SEP 2026,CINELINE,EQ,CINELINE INDIA LIMITED   ,Listed    ,02 SEP 2026,               5.00,          34266434,             88.20,     3021614150.10  
02 SEP 2026,CINEVISTA,EQ,CINEVISTA LIMITED        ,Listed    ,02 SEP 2026,               2.00,          57436475,             14.40,      827085240.00 
02 SEP 2026,CIPLA,EQ,CIPLA LTD                ,Listed    ,02 SEP 2026,               2.00,         807845316,           1412.80,  1141323862444.80     
02 SEP 2026,CITIUSINVT,IV,CITIUS TRANSNET INV TRUST,Listed    ,02 SEP 2026,             100.00,         610000000,            114.50,    69857200000.00
02 SEP 2026,CKKRETAIL,SM,C K K RETAIL MART LIMITED,Listed    ,01 SEP 2026,              10.00,          19368000,            160.00,     3098880000.00 
02 SEP 2026,CLASSICEIL,SM,CLASSIC ELECTRODE (IND) L,Listed    ,02 SEP 2026,              10.00,          17964950,             53.20,      955735340.00
02 SEP 2026,CLAYCRAFT,SM,CLAY CRAFT INDIA LIMITED ,Listed    ,02 SEP 2026,              10.00,          20570280,            161.80,     3328271304.00 
02 SEP 2026,CLEAN,EQ,CLEAN SCIENCE & TECH LTD ,Listed    ,02 SEP 2026,               1.00,         106282520,            863.15,    91737757138.00     
02 SEP 2026,CLEANMAX,EQ,CLEAN MAX ENVIRO EN SOL L,Listed    ,02 SEP 2026,               1.00,         117126180,           1257.60,   147297883968.00  
02 SEP 2026,CLEDUCATE,BE,CL EDUCATE LIMITED       ,Listed    ,02 SEP 2026,               5.00,          54223958,             60.95,     3305492479.70 
02 SEP 2026,CLSEL,EQ,CHAMAN LAL SETIA EXP LTD ,Listed    ,02 SEP 2026,               2.00,          49725620,            301.40,    14987301868.00     
02 SEP 2026,CLSL,ST,CROP LIFE SCIENCE LIMITED,Listed    ,02 SEP 2026,              10.00,          17140000,             83.15,     1425191000.00      
02 SEP 2026,CMLL,EQ,CALIBER MINING AND LOG L ,Listed    ,02 SEP 2026,              10.00,          65375785,            495.45,    32390432678.25      
02 SEP 2026,CMNL,SM,CHAMAN METALLICS LIMITED ,Listed    ,02 SEP 2026,              10.00,          24134764,            120.00,     2896171680.00      
02 SEP 2026,CMPDI,EQ,CENTRAL MINE P N D INST L,Listed    ,02 SEP 2026,               2.00,         714000000,            222.95,   159200580000.00     
02 SEP 2026,CMRGREEN,EQ,CMR GREEN TECHNOLOGIES L ,Listed    ,02 SEP 2026,               2.00,         219055489,            224.70,    49223958933.20  
02 SEP 2026,CMRSL,SM,CYBER MEDIA RES & SER LTD,Listed    ,02 SEP 2026,              10.00,           2928000,             66.40,      194419200.00     
02 SEP 2026,CMSINFO,EQ,CMS INFO SYSTEMS LIMITED ,Listed    ,02 SEP 2026,              10.00,         164637541,            249.30,    41044138971.30   
02 SEP 2026,CNL,EQ,CREATIVE NEWTECH LIMITED ,Listed    ,02 SEP 2026,              10.00,          15016675,           1259.60,    18915003830.00       
02 SEP 2026,COALINDIA,EQ,COAL INDIA LTD           ,Listed    ,02 SEP 2026,              10.00,        6162728327,            417.85,  2575096031436.95 
02 SEP 2026,COASTCORP,EQ,COASTAL CORPORATION LTD  ,Listed    ,02 SEP 2026,               2.00,          66977230,             39.40,     2638902862.00 
02 SEP 2026,COCHINSHIP,EQ,COCHIN SHIPYARD LIMITED  ,Listed    ,02 SEP 2026,               5.00,         263080780,           1463.00,   384887181140.00
02 SEP 2026,COCKERILL,EQ,JOHN COCKERILL INDIA LTD.,Permitted ,02 SEP 2026,              10.00,           4937813,           8005.00,    39527193065.00 
02 SEP 2026,COFFEEDAY,BE,COFFEE DAY ENTERPRISE LTD,Listed    ,02 SEP 2026,              10.00,         211251719,             29.80,     6297413743.40 
02 SEP 2026,COFORGE,EQ,COFORGE LIMITED          ,Listed    ,02 SEP 2026,               2.00,         442648781,           1965.70,   870114708811.70   
02 SEP 2026,COHANCE,EQ,COHANCE LIFESCIENCES LTD ,Listed    ,02 SEP 2026,               1.00,         382567140,            458.30,   175330520262.00   
02 SEP 2026,COLPAL,EQ,COLGATE PALMOLIVE LTD.   ,Listed    ,02 SEP 2026,               1.00,         271985634,           1861.50,   506301257691.00    
02 SEP 2026,COMFINTE,EQ,COMFORT INTECH LTD.      ,Permitted ,02 SEP 2026,               1.00,         319938080,              6.25,     1993214238.40  
02 SEP 2026,COMMITTED,SM,COMMITTED CARGO CARE LTD ,Listed    ,02 SEP 2026,              10.00,          11574600,            349.00,     4039535400.00 
02 SEP 2026,COMPEAU,EQ,COMPETENT AUTOMOB CO. L  ,Permitted ,02 SEP 2026,              10.00,           6409500,            354.00,     2268963000.00   
02 SEP 2026,COMPINFO,BZ,COMPUAGE INFOCOM LTD     ,Listed    ,02 SEP 2026,               2.00,          85768064,              1.05,       91771828.50  
02 SEP 2026,COMPUSOFT,EQ,COMPUCOM SOFTWARE LTD    ,Listed    ,02 SEP 2026,               2.00,          79125188,             13.40,     1058695015.45 
02 SEP 2026,COMSYN,EQ,COMMERCIAL SYN BAGS LTD  ,Listed    ,02 SEP 2026,              10.00,          40339200,            302.65,    12208658880.00    
02 SEP 2026,CONCOR,EQ,CONTAINER CORP OF IND LTD,Listed    ,02 SEP 2026,               5.00,         761617935,            510.00,   388425146850.00    
02 SEP 2026,CONCORDBIO,EQ,CONCORD BIOTECH LIMITED  ,Listed    ,02 SEP 2026,               1.00,         104616204,           1444.80,   151149491539.20
02 SEP 2026,CONFIPET,EQ,CONFIDENCE PETRO IND LTD.,Listed    ,02 SEP 2026,               1.00,         332241043,             82.55,    27426498099.65  
02 SEP 2026,CONNPLEX,SM,CONNPLEX CINEMAS LIMITED ,Listed    ,02 SEP 2026,              10.00,          19100000,            213.15,     4071165000.00  
02 SEP 2026,CONSOFINVT,BE,CONSO. FIN. & HOLD. LTD. ,Listed    ,02 SEP 2026,              10.00,          32326366,            266.25,     8606894947.50
02 SEP 2026,CONTI,SM,CONTINENTAL SEED CHEM LTD,Listed    ,02 SEP 2026,              10.00,          13942414,             11.10,      154760795.40     
02 SEP 2026,CONTROLPR,EQ,CONTROL PRINT LIMITED    ,Listed    ,02 SEP 2026,              10.00,          15994212,            603.30,     9649308099.60 
02 SEP 2026,COOLCAPS,ST,COOL CAPS INDUSTRIES LTD ,Listed    ,02 SEP 2026,               2.00,         117624370,             22.50,     2646548325.00  
02 SEP 2026,CORALFINAC,EQ,CORAL INDIA FIN & HOUS LT,Listed    ,02 SEP 2026,               2.00,          40302225,             32.35,     1304180001.00
02 SEP 2026,CORDELIA,EQ,WATERWAYS LEISURE TOUR L ,Listed    ,02 SEP 2026,               1.00,         723945430,            101.90,    73762799862.70  
02 SEP 2026,CORDSCABLE,EQ,CORDS CABLE INDUS LTD.   ,Listed    ,02 SEP 2026,              10.00,          12927780,            315.50,     4078714590.00
02 SEP 2026,COROMANDEL,EQ,COROMANDEL INTERNTL. LTD ,Listed    ,02 SEP 2026,               1.00,         295014639,           1914.60,   564835027829.40
02 SEP 2026,CORONA,EQ,CORONA REMEDIES LIMITED  ,Listed    ,02 SEP 2026,              10.00,          61160088,           2054.20,   125635052769.60    
02 SEP 2026,COSMOFIRST,EQ,COSMO FIRST LIMITED      ,Listed    ,02 SEP 2026,              10.00,          26249727,            952.85,    25012052371.95
02 SEP 2026,COUNCODOS,BE,COUNTRY CONDO S LIMITED  ,Listed    ,02 SEP 2026,               1.00,          77597300,              6.70,      519901910.00 
02 SEP 2026,CPCAP,EQ,CP CAPITAL LIMITED       ,Listed    ,02 SEP 2026,              10.00,          18192939,            115.15,     2095098855.25     
02 SEP 2026,CPEDU,EQ,CAREER POINT EDUTECH LTD ,Listed    ,02 SEP 2026,              10.00,          18192939,            186.95,     3400806087.25     
02 SEP 2026,CPL,EQ,CAPTAIN POLYPLAST LIMITED,Listed    ,02 SEP 2026,               2.00,          60178790,             61.85,     3723261737.30       
02 SEP 2026,CPPLUS,EQ,ADITYA INFOTECH LIMITED  ,Listed    ,02 SEP 2026,               1.00,         117850485,           3721.40,   438568794879.00    
02 SEP 2026,CPS,SM,C P S SHAPERS LIMITED    ,Listed    ,02 SEP 2026,              10.00,           2278020,           1150.00,     2619723000.00       
02 SEP 2026,CRAFTSMAN,EQ,CRAFTSMAN AUTOMATION LTD ,Listed    ,02 SEP 2026,               5.00,          26154433,          10999.00,   287672608567.00 
02 SEP 2026,CRAMC,EQ,CANARA ROBECO AMC LIMITED,Listed    ,02 SEP 2026,              10.00,         199417428,            252.85,    50422696669.80     
02 SEP 2026,CRAVATEX,EQ,CRAVATEX LTD.            ,Permitted ,02 SEP 2026,              10.00,           2584160,            339.00,      876030240.00  
02 SEP 2026,CRAYONS,SM,CRAYONS ADVERTISING LTD  ,Listed    ,31 AUG 2026,              10.00,          24430000,             26.00,      635180000.00   
02 SEP 2026,CREATIVEYE,EQ,CREATIVE EYE LIMITED     ,Listed    ,02 SEP 2026,               5.00,          20058250,              6.15,      123358237.50
02 SEP 2026,CREDENT,ST,CREDENT CONNECT N CARE L ,Listed    ,02 SEP 2026,              10.00,          18222900,            355.60,     6480063240.00   
02 SEP 2026,CREDITACC,EQ,CREDITACCESS GRAMEEN LTD ,Listed    ,02 SEP 2026,              10.00,         160247885,           1403.40,   224891881809.00 
02 SEP 2026,CREST,EQ,CREST VENTURES LIMITED   ,Listed    ,02 SEP 2026,              10.00,          28449775,            364.95,    10382745386.25     
02 SEP 2026,CRISIL,EQ,CRISIL LTD               ,Listed    ,02 SEP 2026,               1.00,          73130017,           4701.70,   343835400928.90    
02 SEP 2026,CRIZAC,EQ,CRIZAC LIMITED           ,Listed    ,02 SEP 2026,               2.00,         174982500,            165.30,    28924607250.00    
02 SEP 2026,CROMPTON,EQ,CROMPT GREA CON ELEC LTD ,Listed    ,02 SEP 2026,               2.00,         643914875,            227.70,   146632295335.00  
02 SEP 2026,CROWN,EQ,CROWN LIFTERS LIMITED    ,Listed    ,02 SEP 2026,              10.00,          11590000,            108.25,     1254849300.00     
02 SEP 2026,CRSL,BE,CRESSANDA RAILWAY SOLUT L,Permitted ,02 SEP 2026,               1.00,         423144706,              2.75,     1159416494.45      
02 SEP 2026,CSBBANK,EQ,CSB BANK LIMITED         ,Listed    ,02 SEP 2026,              10.00,         173485827,            331.65,    57536574524.55   
02 SEP 2026,CSLFINANCE,EQ,CSL FINANCE LIMITED      ,Listed    ,02 SEP 2026,              10.00,          22782621,            239.05,     5446185550.05
02 SEP 2026,CSM,EQ,CSM TECHNOLOGIES LIMITED ,Listed    ,02 SEP 2026,              10.00,          51603472,             95.95,     4950837103.70       
02 SEP 2026,CSSL,SM,CLEAR SECURED SERVICES L ,Listed    ,02 SEP 2026,              10.00,          24047112,             92.00,     2212334304.00      
02 SEP 2026,CTE,BE,CAMBRIDGE TECH ENTER LTD ,Listed    ,02 SEP 2026,              10.00,          19631015,             43.15,      847274607.40       
02 SEP 2026,CUB,EQ,CITY UNION BANK LTD      ,Listed    ,02 SEP 2026,               1.00,         990787238,            230.60,   228485444955.20       
02 SEP 2026,CUBEINVIT,IV,CUBE HIGHWAYS TRUST      ,Listed    ,02 SEP 2026,             100.00,        1344069762,            156.95,   210938308448.30 
02 SEP 2026,CUBEXTUB,EQ,CUBEX TUBINGS LTD        ,Listed    ,02 SEP 2026,              10.00,          14318975,             76.05,     1089244428.25  
02 SEP 2026,CUDML,SM,CASH UR DRIVE MARKETING L,Listed    ,02 SEP 2026,              10.00,          17645800,            103.75,     1830751750.00     
02 SEP 2026,CUMMINSIND,EQ,CUMMINS INDIA LTD        ,Listed    ,02 SEP 2026,               2.00,         277200000,           5088.50,  1410532200000.00
02 SEP 2026,CUPID,EQ,CUPID LIMITED            ,Listed    ,02 SEP 2026,               1.00,        1344660700,            280.70,   377446258490.00     
02 SEP 2026,CURAA,EQ,CURA TECHNOLOGIES LIMITED,Listed    ,02 SEP 2026,              10.00,           9900000,             67.05,      663696000.00     
02 SEP 2026,CURIS,SM,CURIS LIFESCIENCES LTD   ,Listed    ,02 SEP 2026,              10.00,           8084434,            141.95,     1147585406.30     
02 SEP 2026,CURRENT,SM,CURRENT INFRAPROJECTS LTD,Listed    ,02 SEP 2026,              10.00,          19148000,             89.00,     1704172000.00   
02 SEP 2026,CYBERMEDIA,EQ,CYBER MEDIA (INDIA) LTD. ,Listed    ,02 SEP 2026,              10.00,          20658392,             19.90,      411102000.80
02 SEP 2026,CYBERTECH,BE,CYBERTECH SYSTEMS & SOFTW,Listed    ,02 SEP 2026,              10.00,          31130593,            133.35,     4151264576.55 
02 SEP 2026,CYIENT,EQ,CYIENT LIMITED           ,Listed    ,02 SEP 2026,               5.00,         104752989,           1122.20,   117553804255.80    
02 SEP 2026,CYIENTDLM,EQ,CYIENT DLM LIMITED       ,Listed    ,02 SEP 2026,              10.00,          79364396,            854.75,    67836717481.00 
02 SEP 2026,DABUR,EQ,DABUR INDIA LTD          ,Listed    ,02 SEP 2026,               1.00,        1773952388,            379.00,   672327955052.00     
02 SEP 2026,DAICHI,EQ,DAI-ICHI KARKARIA LTD.   ,Permitted ,02 SEP 2026,              10.00,           7451229,            352.30,     2625067976.70    
02 SEP 2026,DALBHARAT,EQ,DALMIA BHARAT LIMITED    ,Listed    ,02 SEP 2026,               2.00,         187565953,           1773.10,   332573191264.30 
02 SEP 2026,DALMIASUG,EQ,DALMIA BHARAT SUG IN LTD ,Listed    ,02 SEP 2026,               2.00,          80939303,            456.55,    36952838784.65 
02 SEP 2026,DAMCAPITAL,EQ,DAM CAPITAL ADVISORS LTD ,Listed    ,02 SEP 2026,               2.00,          70686000,            144.15,    10190093760.00
02 SEP 2026,DAMODARIND,BE,DAMODAR INDUSTRIES LTD   ,Listed    ,02 SEP 2026,               5.00,          23300000,             28.70,      668943000.00
02 SEP 2026,DANGEE,EQ,DANGEE DUMS LIMITED      ,Listed    ,02 SEP 2026,               1.00,         153975000,              2.85,      441908250.00    
02 SEP 2026,DANISH,SM,DANISH POWER LIMITED     ,Listed    ,02 SEP 2026,              10.00,          19691610,            852.25,    16782174622.50    
02 SEP 2026,DATAMATICS,EQ,DATAMATICS GLOBAL SER LTD,Listed    ,02 SEP 2026,               5.00,          59106389,            763.95,    45154325876.55
02 SEP 2026,DATAPATTNS,EQ,DATA PATTERNS INDIA LTD  ,Listed    ,02 SEP 2026,               2.00,          55983969,           4516.70,   252862792782.30
02 SEP 2026,DAVANGERE,EQ,DAVANGERE SUGAR COMPANY L,Listed    ,02 SEP 2026,               1.00,        1429990798,              2.10,     2988680767.80 
02 SEP 2026,DBCORP,EQ,D.B.CORP LTD             ,Listed    ,02 SEP 2026,              10.00,         178254679,            194.25,    34629536489.35    
02 SEP 2026,DBEIL,BE,DEEPAK BUILDERS & ENG I L,Listed    ,02 SEP 2026,               1.00,         465808600,              6.10,     2846090546.00     
02 SEP 2026,DBL,EQ,DILIP BUILDCON LIMITED   ,Listed    ,02 SEP 2026,              10.00,         162444833,            395.05,    64173831276.65       
02 SEP 2026,DBOL,EQ,DHAMPUR BIO ORGANICS LTD ,Listed    ,02 SEP 2026,              10.00,          66387590,            128.20,     8509561286.20      
02 SEP 2026,DBREALTY,EQ,VALOR ESTATE LIMITED     ,Listed    ,02 SEP 2026,              10.00,         542406761,            102.80,    55764839098.40  
02 SEP 2026,DBSTOCKBRO,BE,DB (INT) STOCK BROKERS   ,Listed    ,02 SEP 2026,               2.00,          35000000,             30.30,     1060500000.00
02 SEP 2026,DCAL,EQ,DISHMAN CARBO AMCIS LTD  ,Listed    ,02 SEP 2026,               2.00,         156783095,            176.85,    27727090350.75      
02 SEP 2026,DCBBANK,EQ,DCB BANK LIMITED         ,Listed    ,02 SEP 2026,              10.00,         322077427,            222.35,    71610695119.20   
02 SEP 2026,DCCL,SM,DAR CREDIT & CAPITAL LTD ,Listed    ,02 SEP 2026,              10.00,          14276000,             43.00,      613868000.00      
02 SEP 2026,DCG,SM,DCG CABLES & WIRES LTD   ,Listed    ,02 SEP 2026,              10.00,          18149600,             74.65,     1354867640.00       
02 SEP 2026,DCI,EQ,DC INFOTECH AND COMUN LTD,Listed    ,02 SEP 2026,              10.00,          16400000,            354.55,     5814620000.00       
02 SEP 2026,DCM,BE,DCM LIMITED              ,Listed    ,02 SEP 2026,              10.00,          18677749,             78.40,     1464148744.10       
02 SEP 2026,DCMFINSERV,EQ,DCM FINANCIAL SERVICES LT,Listed    ,02 SEP 2026,              10.00,          18781987,              5.20,       97854152.25
02 SEP 2026,DCMNVL,EQ,DCM NOUVELLE LIMITED     ,Listed    ,02 SEP 2026,              10.00,          18677749,            185.45,     3464162107.05    
02 SEP 2026,DCMSHRIRAM,EQ,DCM SHRIRAM LIMITED      ,Listed    ,02 SEP 2026,               2.00,         155942296,           1028.00,   160308680288.00
02 SEP 2026,DCMSIL,EQ,DCM SHRIRAM INTERNATNL L ,Listed    ,02 SEP 2026,               2.00,          86992185,             71.65,     6232990055.25    
02 SEP 2026,DCMSRIND,EQ,DCM SHRIRAM IND LTD      ,Listed    ,02 SEP 2026,               2.00,          86992185,             46.80,     4072104179.85  
02 SEP 2026,DCW,EQ,DCW LTD                  ,Listed    ,02 SEP 2026,               2.00,         295155017,             47.60,    14052330359.35       
02 SEP 2026,DCXINDIA,EQ,DCX SYSTEMS LIMITED      ,Listed    ,02 SEP 2026,               2.00,         111386427,            171.25,    19072697895.20  
02 SEP 2026,DDEVPLSTIK,EQ,DDEV PLASTIKS IND LTD    ,Listed    ,02 SEP 2026,               1.00,         103476664,            274.05,    28357779769.20
02 SEP 2026,DECCANCE,EQ,DECCAN CEMENTS LIMITED   ,Listed    ,02 SEP 2026,               5.00,          14007500,            571.30,     8002484750.00  
02 SEP 2026,DECCANTRAN,SM,DECCAN TRANSCON LEASING L,Listed    ,02 SEP 2026,              10.00,          22723448,             20.50,      465830684.00
02 SEP 2026,DECNGOLD,EQ,DECCAN GOLD MINES LTD.   ,Permitted ,02 SEP 2026,               1.00,         197901715,            219.05,    43346412636.45  
02 SEP 2026,DEEDEV,EQ,DEE DEVELOPMENT ENG LTD  ,Listed    ,02 SEP 2026,              10.00,          75239438,            643.85,    48442912156.30    
02 SEP 2026,DEEM,ST,DEEM ROLL TECH LIMITED   ,Listed    ,01 SEP 2026,              10.00,           8337272,             38.40,      320151244.80      
02 SEP 2026,DEEP,EQ,DEEP POLYMERS LTD.       ,Permitted ,02 SEP 2026,              10.00,          24180000,             35.25,      852103200.00      
02 SEP 2026,DEEPAKFERT,EQ,DEEPAK FERTILIZERS & PETR,Listed    ,02 SEP 2026,              10.00,         126237825,           1416.70,   178841126677.50
02 SEP 2026,DEEPAKNTR,EQ,DEEPAK NITRITE LTD       ,Listed    ,02 SEP 2026,               2.00,         136393041,           1734.10,   236519172398.10 
02 SEP 2026,DEEPINDS,EQ,DEEP INDUSTRIES LIMITED  ,Listed    ,02 SEP 2026,               5.00,          64000000,            693.65,    44393600000.00  
02 SEP 2026,DELAPLEX,SM,DELAPLEX LIMITED         ,Listed    ,02 SEP 2026,              10.00,           9110000,            101.25,      922387500.00  
02 SEP 2026,DELHIVERY,EQ,DELHIVERY LIMITED        ,Listed    ,02 SEP 2026,               1.00,         748848124,            454.80,   340576126795.20 
02 SEP 2026,DELPHIFX,BE,DELPHI WORLD MONEY LTD   ,Listed    ,02 SEP 2026,               2.00,         245267775,              6.10,     1493680749.75  
02 SEP 2026,DELTACORP,EQ,DELTA CORP LIMITED       ,Listed    ,02 SEP 2026,               1.00,         267771097,             56.95,    15249563974.15 
02 SEP 2026,DELTAMAGNT,EQ,DELTA MANUFACTURING LTD  ,Listed    ,02 SEP 2026,              10.00,          10851120,             57.75,      626543668.80
02 SEP 2026,DELTIC,SM,DELTA AUTOCORP LIMITED   ,Listed    ,01 SEP 2026,              10.00,          15289698,             35.25,      538961854.50    
02 SEP 2026,DEN,EQ,DEN NETWORKS LTD         ,Listed    ,02 SEP 2026,              10.00,         477223845,             27.85,    13290684083.25       
02 SEP 2026,DENEERS,SM,DE NEERS TOOLS LIMITED   ,Listed    ,02 SEP 2026,              10.00,           8846400,            170.00,     1503888000.00   
02 SEP 2026,DENORA,EQ,DE NORA INDIA LIMITED    ,Listed    ,02 SEP 2026,              10.00,           5308634,            816.95,     4336888546.30    
02 SEP 2026,DENTA,EQ,DENTA WATER N INFRA SOL L,Listed    ,02 SEP 2026,              10.00,          26700000,            270.50,     7222350000.00     
02 SEP 2026,DENTALKART,SM,VASA DENTICITY LIMITED   ,Listed    ,02 SEP 2026,              10.00,          17343549,            399.05,     6920943228.45
02 SEP 2026,DESTINY,SM,DESTINY LOGISTICS & I LTD,Listed    ,11 AUG 2026,              10.00,          22423000,            100.65,     2256874950.00   
02 SEP 2026,DEVIT,EQ,DEV INFO TECHNOLOGY LTD  ,Listed    ,02 SEP 2026,               2.00,          56363714,             24.65,     1388801912.95     
02 SEP 2026,DEVX,EQ,DEV ACCELERATOR LIMITED  ,Listed    ,02 SEP 2026,               2.00,          90187515,             33.00,     2977089870.15      
02 SEP 2026,DEVYANI,EQ,DEVYANI INTERNATIONAL LTD,Listed    ,02 SEP 2026,               1.00,        1232939791,            138.05,   170231996943.35   
02 SEP 2026,DGCONTENT,EQ,DIGICONTENT LIMITED      ,Listed    ,02 SEP 2026,               2.00,          58187078,             24.95,     1451767596.10 
02 SEP 2026,DHABRIYA,BE,DHABRIYA POLYWOOD LTD.   ,Permitted ,02 SEP 2026,              10.00,          10824245,            506.50,     5482480092.50  
02 SEP 2026,DHAMPURSUG,EQ,DHAMPUR SUGAR MILLS LTD. ,Listed    ,02 SEP 2026,              10.00,          64306509,            170.65,    10975191891.05
02 SEP 2026,DHANBANK,EQ,DHANLAXMI BANK LIMITED   ,Listed    ,02 SEP 2026,              10.00,         394698851,             31.50,    12433013806.50  
02 SEP 2026,DHANLAXMI,SM,DHANLAXMI CROP SCIENCE L ,Listed    ,02 SEP 2026,              10.00,          16328000,             24.25,      395954000.00 
02 SEP 2026,DHANSA,SM,DHANSA LABS LIMITED      ,Listed    ,02 SEP 2026,              10.00,          26903340,             25.85,      695451339.00    
02 SEP 2026,DHANUKA,EQ,DHANUKA AGRITECH LTD     ,Listed    ,02 SEP 2026,               2.00,          45078324,            995.70,    44884487206.80   
02 SEP 2026,DHARAN,BZ,DHARAN INFRA-EPC LIMITED ,Listed    ,02 SEP 2026,               1.00,        5228758452,              0.15,      679738598.75    
02 SEP 2026,DHARARAIL,ST,DHARA RAIL PROJECTS LTD  ,Listed    ,02 SEP 2026,              10.00,          15084000,            145.35,     2192459400.00 
02 SEP 2026,DHARIWAL,SM,DHARIWALCORP LIMITED     ,Listed    ,02 SEP 2026,               2.00,          94014000,             22.70,     2134117800.00  
02 SEP 2026,DHARMAJ,EQ,DHARMAJ CROP GUARD LTD   ,Listed    ,02 SEP 2026,              10.00,          33797296,            270.00,     9125269920.00   
02 SEP 2026,DHATRE,EQ,DHATRE UDYOG LTD.        ,Permitted ,02 SEP 2026,               1.00,         108954500,              4.30,      470683440.00    
02 SEP 2026,DHOOTTRANS,EQ,DHOOT TRANSMISSION LTD   ,Listed    ,02 SEP 2026,               2.00,         204548057,           1522.10,   311342597559.70
02 SEP 2026,DHRUV,EQ,DHRUV CONSULTANCY SER LTD,Listed    ,02 SEP 2026,              10.00,          18966569,             23.40,      443817714.60     
02 SEP 2026,DHTL,SM,DOCMODE HEALTH TECH LTD  ,Listed    ,01 SEP 2026,              10.00,           3142800,             32.60,      102455280.00      
02 SEP 2026,DHUNINV,EQ,DHUNSERI INVESTMENTS LTD ,Listed    ,02 SEP 2026,              10.00,           6097178,           1016.65,     6198696013.70   
02 SEP 2026,DIACABS,BE,DIAMOND POWER INFRA LTD  ,Listed    ,02 SEP 2026,               1.00,         598071060,            330.90,   197901713754.00   
02 SEP 2026,DIAMINESQ,EQ,DIAMINES & CHEMICALS LTD ,Listed    ,02 SEP 2026,              10.00,          10053392,            243.65,     2449508960.80 
02 SEP 2026,DIAMONDYD,EQ,PRATAAP SNACKS LIMITED   ,Listed    ,02 SEP 2026,               5.00,          23910527,           1155.20,    27621440790.40 
02 SEP 2026,DICIND,EQ,DIC INDIA LIMITED        ,Listed    ,02 SEP 2026,              10.00,           9178977,            576.55,     5292139189.35    
02 SEP 2026,DIFFNKG,EQ,DIFFUSION ENGINEERS LTD  ,Listed    ,02 SEP 2026,              10.00,          37426259,            476.80,    17844840291.20   
02 SEP 2026,DIGIDRIVE,EQ,DIGIDRIVE DISTRIBUTORS L ,Listed    ,02 SEP 2026,              10.00,          38561898,             17.70,      682159975.60 
02 SEP 2026,DIGIKORE,SM,DIGIKORE STUDIOS LIMITED ,Listed    ,02 SEP 2026,              10.00,          12665600,             39.55,      500924480.00  
02 SEP 2026,DIGISPICE,EQ,DIGISPICE TECHNOLOGIES LT,Listed    ,02 SEP 2026,               3.00,         234671106,             16.95,     3982368668.80 
02 SEP 2026,DIGITIDE,EQ,DIGITIDE SOLUTIONS LTD   ,Listed    ,02 SEP 2026,              10.00,         149110807,             95.90,    14296744175.15  
02 SEP 2026,DIGJAMLMTD,EQ,DIGJAM LTD               ,Listed    ,02 SEP 2026,              10.00,          20000000,             49.00,      980200000.00
02 SEP 2026,DIRL,SM,DHANUKA INFRA REALTY LTD ,Listed    ,19 AUG 2026,              10.00,           9540040,              9.50,       90630380.00      
02 SEP 2026,DISAQ,EQ,DISA INDIA LTD.          ,Permitted ,02 SEP 2026,              10.00,           1454205,          12008.00,    17462093640.00     
02 SEP 2026,DISHTV,EQ,DISH TV INDIA LTD.       ,Listed    ,02 SEP 2026,               1.00,        1841256054,              2.65,     4879328543.10    
02 SEP 2026,DIVGIITTS,EQ,DIVGI TORQTRANSFER SYST L,Listed    ,02 SEP 2026,               5.00,          30582927,           1244.40,    38057394358.80 
02 SEP 2026,DIVINEHIRA,ST,DIVINE HIRA JEWELLERS LTD,Listed    ,02 SEP 2026,              10.00,          39141300,            110.00,     4305543000.00
02 SEP 2026,DIVISLAB,EQ,DIVI S LABORATORIES LTD  ,Listed    ,02 SEP 2026,               2.00,         265468580,           9220.00,  2447620307600.00  
02 SEP 2026,DIVYADHAN,ST,DIVYADHAN RECYCLING IND L,Listed    ,02 SEP 2026,              10.00,          14306714,             40.85,      584429266.90 
02 SEP 2026,DIXON,EQ,DIXON TECHNO (INDIA) LTD ,Listed    ,02 SEP 2026,               2.00,          61085921,          14590.00,   891243587390.00     
02 SEP 2026,DJML,EQ,DJ MEDIAPRINT & LOG LTD  ,Listed    ,02 SEP 2026,              10.00,          34377851,             72.20,     2482768399.20      
02 SEP 2026,DKEGL,SM,D K ENTERPRISES GLOBAL L ,Listed    ,31 AUG 2026,              10.00,           7508000,             65.25,      489897000.00     
02 SEP 2026,DLF,EQ,DLF LIMITED              ,Listed    ,02 SEP 2026,               2.00,        2475315036,            673.55,  1667248442497.80       
02 SEP 2026,DLINKINDIA,EQ,D-LINK INDIA LTD         ,Listed    ,02 SEP 2026,               2.00,          35504850,            447.85,    15900847072.50
02 SEP 2026,DMART,EQ,AVENUE SUPERMARTS LIMITED,Listed    ,02 SEP 2026,              10.00,         652230157,           3813.40,  2487214480703.80     
02 SEP 2026,DMCC,EQ,DMCC SPECIALITY CHEMICALS,Listed    ,02 SEP 2026,              10.00,          24939933,            293.35,     7316129345.55      
02 SEP 2026,DNAMEDIA,EQ,DILIGENT MEDIA CORP LTD. ,Listed    ,02 SEP 2026,               1.00,         117708018,              2.55,      297801285.55  
02 SEP 2026,DODLA,EQ,DODLA DAIRY LIMITED      ,Listed    ,02 SEP 2026,              10.00,          60327809,           1065.30,    64267214927.70     
02 SEP 2026,DOLATALGO,EQ,DOLAT ALGOTECH LIMITED   ,Listed    ,02 SEP 2026,               1.00,         176000000,             69.95,    12312960000.00 
02 SEP 2026,DOLLAR,EQ,DOLLAR INDUSTRIES LIMITED,Listed    ,02 SEP 2026,               2.00,          56716120,            262.35,    14879474082.00    
02 SEP 2026,DOLLEX,SM,DOLLEX AGROTECH LIMITED  ,Listed    ,02 SEP 2026,              10.00,          39948800,             36.15,     1444149120.00    
02 SEP 2026,DOLPHIN,EQ,DOLPHIN OFF ENT (IND) L  ,Listed    ,02 SEP 2026,               1.00,          40004580,            603.45,    24140763801.00   
02 SEP 2026,DOMS,EQ,DOMS INDUSTRIES LIMITED  ,Listed    ,02 SEP 2026,              10.00,          60688336,           2206.30,   133896675716.80      
02 SEP 2026,DONEAR,EQ,DONEAR IND. LIMITED      ,Listed    ,02 SEP 2026,               2.00,          52000000,             83.45,     4339920000.00    
02 SEP 2026,DPABHUSHAN,EQ,D. P. ABHUSHAN LIMITED   ,Listed    ,02 SEP 2026,              10.00,          22827920,           1370.40,    31283381568.00
02 SEP 2026,DPEL,SM,DIVINE POWER ENERGY LTD  ,Listed    ,02 SEP 2026,              10.00,          24965080,            577.75,    14423574970.00      
02 SEP 2026,DPSCLTD,BE,DPSC LIMITED             ,Listed    ,02 SEP 2026,               1.00,         973789640,              7.40,     7215781232.40   
02 SEP 2026,DPWIRES,BE,D P WIRES LIMITED        ,Listed    ,02 SEP 2026,              10.00,          15500444,            155.30,     2407218953.20   
02 SEP 2026,DRAGARWQ,EQ,DR. AGARWAL'S EYE HOSP L ,Permitted ,02 SEP 2026,              10.00,           4832827,           5420.00,    26193922340.00  
02 SEP 2026,DRCSYSTEMS,EQ,DRC SYSTEMS INDIA LIMITED,Listed    ,02 SEP 2026,               1.00,         144081330,             13.60,     1958065274.70
02 SEP 2026,DREAMFOLKS,EQ,DREAMFOLKS SERVICES LTD  ,Listed    ,02 SEP 2026,               2.00,          53269862,             66.40,     3536586138.20
02 SEP 2026,DREDGECORP,EQ,DREDGING CORP OF INDIA   ,Listed    ,02 SEP 2026,              10.00,          28000000,           1060.90,    29705200000.00
02 SEP 2026,DRONE,SM,DRONE DESTINATION LIMITED,Listed    ,02 SEP 2026,              10.00,          24399998,             34.70,      846679930.60     
02 SEP 2026,DRREDDY,EQ,DR. REDDY S LABORATORIES ,Listed    ,02 SEP 2026,               1.00,         834669070,           1156.50,   965294779455.00   
02 SEP 2026,DRSCARGO,SM,DRS CARGO MOVERS LIMITED ,Listed    ,15 APR 2026,              10.00,           7531201,             21.80,      164180181.80  
02 SEP 2026,DRSDILIP,SM,DRS DILIP ROADLINES LTD. ,Listed    ,01 SEP 2026,              10.00,          15062403,            107.00,     1611677121.00  
02 SEP 2026,DSFCL,BE,DCM SHRIRAM FINE CHEM LTD,Listed    ,02 SEP 2026,               2.00,          86992185,             26.25,     2281805012.55     
02 SEP 2026,DSKULKARNI,BE,DS KULKARNI DEVELOPERS L ,Listed    ,02 SEP 2026,              10.00,          10000000,             19.05,      190400000.00
02 SEP 2026,DSSL,EQ,DYNACONS SYS & SOLN LTD  ,Listed    ,02 SEP 2026,              10.00,          12737080,           1016.00,    12940873280.00      
02 SEP 2026,DTIL,EQ,DHUNSERI TEA & IND. LTD. ,Listed    ,02 SEP 2026,              10.00,          10507427,            149.95,     1575588678.65      
02 SEP 2026,DTL,SM,DIENSTEN TECH LIMITED    ,Listed    ,02 SEP 2026,              10.00,           8260646,            128.00,     1057362688.00       
02 SEP 2026,DUCOL,SM,DUCOL ORGS AND COLOURS LT,Listed    ,02 SEP 2026,              10.00,          18058655,            115.00,     2076745325.00     
02 SEP 2026,DUCON,EQ,DUCON INFRATECHNOLOGIES L,Listed    ,02 SEP 2026,               1.00,         574868346,              2.10,     1195726159.70     
02 SEP 2026,DUGLOBAL,SM,DUDIGITAL GLOBAL LIMITED ,Listed    ,02 SEP 2026,               2.00,          71941741,             23.85,     1715810522.85  
02 SEP 2026,DURLAX,SM,DURLAX TOP SURFACE LTD   ,Listed    ,02 SEP 2026,              10.00,          28932198,             63.00,     1822728474.00    
02 SEP 2026,DVL,EQ,DHUNSERI VENTURES LIMITED,Listed    ,02 SEP 2026,              10.00,          35024754,            285.65,    10004820980.10       
02 SEP 2026,DWARKESH,EQ,DWARIKESH SUGAR IND LTD  ,Listed    ,02 SEP 2026,               1.00,         185301470,             48.80,     9039005706.60  
02 SEP 2026,DYCL,EQ,DYNAMIC CABLES LIMITED   ,Listed    ,02 SEP 2026,              10.00,          48458638,            535.55,    25952023580.90      
02 SEP 2026,DYNAMATECH,EQ,DYNAMATIC TECHNOLOGIES   ,Listed    ,02 SEP 2026,              10.00,           6791443,          11425.00,    77592236275.00
02 SEP 2026,DYNAMIC,ST,DYNAMIC SRVCS & SEC LTD  ,Listed    ,02 SEP 2026,              10.00,          23518192,            135.05,     3176131829.60   
02 SEP 2026,DYNPRO,EQ,DYNEMIC PRODUCTS LIMITED ,Listed    ,02 SEP 2026,              10.00,          12428387,            229.05,     2846846326.20    
02 SEP 2026,E2E,BE,E2E NETWORKS LIMITED     ,Listed    ,02 SEP 2026,               1.00,         205564890,            608.45,   125075957320.50       
02 SEP 2026,E2ERAIL,SM,E TO E TRANS INFRA LTD   ,Listed    ,02 SEP 2026,              10.00,          17257570,            347.70,     6000457089.00   
02 SEP 2026,EASEMYTRIP,EQ,EASY TRIP PLANNERS LTD   ,Listed    ,02 SEP 2026,               1.00,        3984651865,              6.00,    23907911190.00
02 SEP 2026,EASTSILK,BE,EASTERN SILK INDUSTRIES L,Listed    ,02 SEP 2026,               2.00,           5000000,             61.30,      306400000.00  
02 SEP 2026,EASTWEST,EQ,EAST WEST FREIGHT CARRI L,Permitted ,02 SEP 2026,               2.00,         127575000,              2.45,      312558750.00  
02 SEP 2026,EBGNG,EQ,GNG ELECTRONICS LIMITED  ,Listed    ,02 SEP 2026,               2.00,         114011517,            641.80,    73172591610.60     
02 SEP 2026,EBIX,EQ,EBIX LIMITED             ,Permitted ,02 SEP 2026,               1.00,         214294160,             20.05,     4292312024.80      
02 SEP 2026,ECLERX,EQ,ECLERX SERVICES LTD      ,Listed    ,02 SEP 2026,              10.00,          94050718,           2004.50,   188524664231.00    
02 SEP 2026,ECOLINE,ST,ECOLINE EXIM LIMITED     ,Listed    ,02 SEP 2026,              10.00,          20515376,            178.25,     3656865772.00   
02 SEP 2026,ECORECO,EQ,ECO RECYCLING LTD.       ,Permitted ,02 SEP 2026,              10.00,          19296750,            454.45,     8769408037.50   
02 SEP 2026,ECOSMOBLTY,EQ,ECOS (INDIA) MOB & HOSP L,Listed    ,02 SEP 2026,               2.00,          60000000,            114.80,     6887400000.00
02 SEP 2026,EDELWEISS,EQ,EDELWEISS FIN SERV LTD   ,Listed    ,02 SEP 2026,               1.00,         946531653,            126.20,   119433363975.55 
02 SEP 2026,EEPL,ST,EPPELTONE ENGINEERS LTD  ,Listed    ,02 SEP 2026,              10.00,          12959312,            136.25,     1765706260.00      
02 SEP 2026,EFACTOR,SM,E FACTOR EXPERIENCES LTD ,Listed    ,01 SEP 2026,              10.00,          13131398,            182.05,     2390571005.90   
02 SEP 2026,EFCIL,EQ,EFC (I) LIMITED          ,Listed    ,02 SEP 2026,               2.00,         147946162,            199.10,    29459039777.45     
02 SEP 2026,EFFWA,ST,EFFWA INFRA & RESEARCH L ,Listed    ,02 SEP 2026,              10.00,          23147167,            352.80,     8166320517.60     
02 SEP 2026,EFORCE,SM,ELECTRO FORCE (INDIA) LTD,Listed    ,02 SEP 2026,              10.00,          23400001,             20.35,      476190020.35    
02 SEP 2026,EICHERMOT,EQ,EICHER MOTORS LTD        ,Listed    ,02 SEP 2026,               1.00,         274497530,           7711.50,  2116787702595.00 
02 SEP 2026,EIDPARRY,EQ,EID PARRY INDIA LTD      ,Listed    ,02 SEP 2026,               1.00,         177926042,            800.65,   142456485527.30  
02 SEP 2026,EIEL,EQ,ENVIRO INFRA ENGINEERS L ,Listed    ,02 SEP 2026,              10.00,         175530000,            192.35,    33764950800.00      
02 SEP 2026,EIFFL,BE,EURO (I) FRESH FOODS LTD ,Listed    ,02 SEP 2026,              10.00,          24800000,            284.25,     7049400000.00     
02 SEP 2026,EIHAHOTELS,EQ,EIH ASSOCIATED HOTELS LTD,Listed    ,02 SEP 2026,              10.00,          60936294,            307.85,    18759238107.90
02 SEP 2026,EIHOTEL,EQ,EIH LIMITED              ,Listed    ,02 SEP 2026,               2.00,         625364182,            285.80,   178729083215.60   
02 SEP 2026,EIMCOELECO,EQ,EIMCO ELECON (INDIA) LTD ,Listed    ,02 SEP 2026,              10.00,           5768385,           2194.60,    12659297721.00
02 SEP 2026,EKC,EQ,EVEREST KANTO CYLINDERLTD,Listed    ,02 SEP 2026,               2.00,         112207682,            106.25,    11922066212.50       
02 SEP 2026,EKI,EQ,EKI ENERGY SERVICES LTD  ,Permitted ,02 SEP 2026,              10.00,          27686750,             75.80,     2098655650.00       
02 SEP 2026,ELANTAS,EQ,ELANTAS BECK INDIA LTD.  ,Permitted ,02 SEP 2026,              10.00,           7927682,          11904.00,    94371126528.00   
02 SEP 2026,ELCIDIN,EQ,ELCID INVESTMENTS LTD.   ,Permitted ,02 SEP 2026,              10.00,            200000,         107000.00,    21400000000.00   
02 SEP 2026,ELDEHSG,EQ,ELDECO HSG & IND LTD.    ,Listed    ,02 SEP 2026,               2.00,           9833000,            794.25,     7809860250.00   
02 SEP 2026,ELECON,EQ,ELECON ENG. CO. LTD      ,Listed    ,02 SEP 2026,               1.00,         224399930,            416.60,    93485010838.00    
02 SEP 2026,ELECTCAST,EQ,ELECTROSTEEL CASTINGS LTD,Listed    ,02 SEP 2026,               1.00,         618184591,             85.30,    52718781920.50 
02 SEP 2026,ELECTHERM,EQ,ELECTROTHERM (I) LTD.    ,Listed    ,02 SEP 2026,              10.00,          12742814,           1000.10,    12744088281.40 
02 SEP 2026,ELGIEQUIP,EQ,ELGI EQUIPMENTS LTD      ,Listed    ,02 SEP 2026,               1.00,         316909016,            616.75,   195453635618.00 
02 SEP 2026,ELGIRUBCO,EQ,ELGI RUBBER CO. LTD      ,Listed    ,02 SEP 2026,               1.00,          50050000,             60.90,     3047044000.00 
02 SEP 2026,ELGNZ,SM,ELEGANZ INTERIORS LIMITED,Listed    ,02 SEP 2026,              10.00,          22599626,             88.55,     2001196882.30     
02 SEP 2026,ELIN,EQ,ELIN ELECTRONICS LIMITED ,Listed    ,02 SEP 2026,               5.00,          49709220,             95.25,     4735300297.20      
02 SEP 2026,ELITECON,EQ,ELITECON INTERNATIONAL L ,Permitted ,02 SEP 2026,               1.00,        1598500000,              9.60,    15361585000.00  
02 SEP 2026,ELLEN,EQ,ELLENBARRIE INDUS GASES L,Listed    ,02 SEP 2026,               2.00,         140935600,            313.30,    44155123480.00     
02 SEP 2026,ELPROINTL,EQ,ELPRO INTERNATIONAL LTD  ,Permitted ,02 SEP 2026,               1.00,         169479130,            173.85,    29465641541.80 
02 SEP 2026,EMAMILTD,EQ,EMAMI LIMITED            ,Listed    ,02 SEP 2026,               1.00,         436500000,            368.05,   160653825000.00  
02 SEP 2026,EMAMIPAP,BE,EMAMI PAPER MILLS LIMITED,Listed    ,02 SEP 2026,               2.00,          60499050,            109.30,     6613151155.50  
02 SEP 2026,EMAMIREAL,EQ,EMAMI REALTY LIMITED     ,Listed    ,02 SEP 2026,               2.00,          52033889,             68.00,     3537263774.20 
02 SEP 2026,EMAPARTNER,SM,EMA PARTNERS INDIA LTD   ,Listed    ,02 SEP 2026,               5.00,          22521426,             83.55,     1881665142.30
02 SEP 2026,EMBASSY,RR,EMBASSY OFFICE PARKS REIT,Listed    ,02 SEP 2026,             300.00,         947893743,            435.25,   412551793765.90   
02 SEP 2026,EMBDL,EQ,EMBASSY DEVELOPMENTS LTD ,Listed    ,02 SEP 2026,               2.00,        1390633433,             59.20,    82297686564.95     
02 SEP 2026,EMCURE,EQ,EMCURE PHARMACEUTICALS L ,Listed    ,02 SEP 2026,              10.00,         189659547,           1858.40,   352463302144.80    
02 SEP 2026,EMIL,EQ,ELECTRONICS MART IND LTD ,Listed    ,02 SEP 2026,              10.00,         384748762,            176.45,    67885071567.30      
02 SEP 2026,EMKAY,EQ,EMKAY GLOBAL FIN SERV LTD,Listed    ,02 SEP 2026,              10.00,          27130131,            255.30,     6926322444.30     
02 SEP 2026,EMKAYTOOLS,SM,EMKAY TAP & CUT. TOOL LTD,Listed    ,02 SEP 2026,              10.00,          10671300,             92.00,      981759600.00
02 SEP 2026,EMMBI,BE,EMMBI INDUSTRIES LIMITED ,Listed    ,02 SEP 2026,              10.00,          19240250,             91.40,     1758751252.50     
02 SEP 2026,EMMIL,SM,ENERGY MISSION MACH IND L,Listed    ,02 SEP 2026,              10.00,          11326500,            123.80,     1402220700.00     
02 SEP 2026,EMMVEE,EQ,EMMVEE PHOTOVOLTAIC PWR L,Listed    ,02 SEP 2026,               2.00,         692345033,            324.70,   224804432215.10    
02 SEP 2026,EMPIND,EQ,EMPIRE INDUSTRIES LTD.   ,Permitted ,02 SEP 2026,              10.00,           5999998,           1196.90,     7181397606.20    
02 SEP 2026,EMPOWER,EQ,EMPOWER INDIA LTD.       ,Permitted ,02 SEP 2026,               1.00,        1163798560,              1.90,     2222855249.60   
02 SEP 2026,EMSLIMITED,EQ,EMS LIMITED              ,Listed    ,02 SEP 2026,              10.00,          55530807,            386.80,    21479316147.60
02 SEP 2026,EMUDHRA,EQ,EMUDHRA LIMITED          ,Listed    ,02 SEP 2026,               5.00,          82811707,            522.15,    43240132810.05   
02 SEP 2026,ENCOMPAS,SM,ENCOMPASS DESIGN INDIA L ,Listed    ,02 SEP 2026,              10.00,          14183544,            250.00,     3545886000.00  
02 SEP 2026,ENDURANCE,EQ,ENDURANCE TECHNO. LTD.   ,Listed    ,02 SEP 2026,              10.00,         140662848,           2755.90,   387652742803.20 
02 SEP 2026,ENERGYDEV,EQ,ENERGY DEVE. CO.LTD      ,Listed    ,02 SEP 2026,              10.00,          47500000,             15.65,      743375000.00 
02 SEP 2026,ENFUSE,SM,ENFUSE SOLUTIONS LIMITED ,Listed    ,02 SEP 2026,              10.00,           8847600,            160.00,     1415616000.00    
02 SEP 2026,ENGINERSIN,EQ,ENGINEERS INDIA LTD      ,Listed    ,02 SEP 2026,               5.00,         562042373,            276.60,   155460920371.80
02 SEP 2026,ENIL,EQ,ENTERTAIN NET. IND. LTD. ,Listed    ,02 SEP 2026,              10.00,          47670415,            100.30,     4780389216.20      
02 SEP 2026,ENKEIWHEL,EQ,ENKEI WHEELS (INDIA) LTD.,Permitted ,02 SEP 2026,               5.00,          17974895,            389.20,     6995829134.00 
02 SEP 2026,ENRIN,EQ,SIEMENS ENERGY INDIA LTD ,Listed    ,02 SEP 2026,               2.00,         356120505,           3119.30,  1110846691246.50     
02 SEP 2026,ENSER,SM,ENSER COMMUNICATIONS LTD ,Listed    ,02 SEP 2026,               2.00,          87160590,             15.30,     1333557027.00     
02 SEP 2026,ENTERO,EQ,ENTERO HEALTHCARE SOLU L ,Listed    ,02 SEP 2026,              10.00,          43518177,           1797.40,    78219571339.80    
02 SEP 2026,ENVIRO,SM,ENVIROTECH SYSTEMS LTD   ,Listed    ,02 SEP 2026,              10.00,          18790000,             70.00,     1315300000.00    
02 SEP 2026,EPACK,EQ,EPACK DURABLE LIMITED    ,Listed    ,02 SEP 2026,              10.00,          96228477,            187.55,    18045726291.80     
02 SEP 2026,EPACKPEB,EQ,EPACK PREFAB TECHN LTD   ,Listed    ,02 SEP 2026,               2.00,         100628849,            225.05,    22645516178.95  
02 SEP 2026,EPIGRAL,EQ,EPIGRAL LIMITED          ,Listed    ,02 SEP 2026,              10.00,          43141338,           1230.60,    53089730542.80   
02 SEP 2026,EPL,EQ,EPL LIMITED              ,Listed    ,02 SEP 2026,               2.00,         320336779,            236.30,    75695580877.70       
02 SEP 2026,EPWINDIA,ST,EPW INDIA LIMITED        ,Listed    ,02 SEP 2026,               5.00,          11479600,            256.00,     2938777600.00  
02 SEP 2026,EQUIPPP,BE,EQUIPPP SOC IMP TECH LTD ,Listed    ,02 SEP 2026,               1.00,         103095225,             23.20,     2390778267.75   
02 SEP 2026,EQUITASBNK,EQ,EQUITAS SMALL FIN BNK LTD,Listed    ,02 SEP 2026,              10.00,        1143721806,             73.45,    84006366650.70
02 SEP 2026,ERIS,EQ,ERIS LIFESCIENCES LIMITED,Listed    ,02 SEP 2026,               1.00,         138567256,           1288.90,   178599336258.40      
02 SEP 2026,ESABINDIA,EQ,ESAB INDIA LTD           ,Listed    ,02 SEP 2026,              10.00,          15393020,           6038.50,    92950751270.00 
02 SEP 2026,ESAFSFB,BE,ESAF SMALL FINANCE BANK L,Listed    ,02 SEP 2026,              10.00,         515951795,             42.35,    21855718036.20   
02 SEP 2026,ESCONET,SM,ESCONET TECHNOLOGIES LTD ,Listed    ,02 SEP 2026,              10.00,          13196238,            239.10,     3155220505.80   
02 SEP 2026,ESCORTS,EQ,ESCORTS KUBOTA LIMITED   ,Listed    ,02 SEP 2026,              10.00,         111877754,           3019.40,   337803690427.60   
02 SEP 2026,ESFL,SM,ESSEN SPECIALITY FILMS L ,Listed    ,02 SEP 2026,              10.00,          24839040,            117.10,     2908651584.00      
02 SEP 2026,ESPRIT,SM,ESPRIT STONES LIMITED    ,Listed    ,01 SEP 2026,              10.00,          21945200,             65.00,     1426438000.00    
02 SEP 2026,ESSARSHPNG,EQ,ESSAR SHIPPING LTD       ,Listed    ,02 SEP 2026,              10.00,         206976072,             16.75,     3462709684.55
02 SEP 2026,ESSENTIA,EQ,INTEGRA ESSENTIA LIMITED ,Listed    ,02 SEP 2026,               1.00,        1755283254,              1.05,     1825494584.15  
02 SEP 2026,ESTER,EQ,ESTER INDUSTRIES LTD     ,Listed    ,02 SEP 2026,               5.00,         104295042,             94.05,     9808948700.10     
02 SEP 2026,ETERNAL,EQ,ETERNAL LIMITED          ,Listed    ,02 SEP 2026,               1.00,        9650350647,            327.30,  3158559766763.10   
02 SEP 2026,ETHOSLTD,EQ,ETHOS LIMITED            ,Listed    ,02 SEP 2026,              10.00,          26757693,           2839.40,    75975793504.20  
02 SEP 2026,ETL,SM,EMKAY TOOLS LIMITED      ,Listed    ,02 SEP 2026,               1.00,          10671300,           1100.00,    11738430000.00       
02 SEP 2026,ETML,SM,EMERALD TYRE MANUF LTD   ,Listed    ,02 SEP 2026,              10.00,          19476512,             80.80,     1573702169.60      
02 SEP 2026,EUREKAFORB,EQ,EUREKA FORBES LIMITED    ,Listed    ,02 SEP 2026,              10.00,         193419186,            422.95,    81806644718.70
02 SEP 2026,EUROBOND,EQ,EURO PANEL PRODUCTS LTD  ,Listed    ,02 SEP 2026,              10.00,          24500000,            150.05,     3675980000.00  
02 SEP 2026,EUROPRATIK,EQ,EURO PRATIK SALES LIMITED,Listed    ,02 SEP 2026,               1.00,         102200000,            260.05,    26577110000.00
02 SEP 2026,EUROTEXIND,BE,EUROTEX IND & EXPORTS LTD,Listed    ,01 SEP 2026,              10.00,           8749865,             14.00,      122410611.35
02 SEP 2026,EVEREADY,EQ,EVEREADY INDS. IND.  LTD.,Listed    ,02 SEP 2026,               5.00,          72687260,            321.30,    23354416638.00  
02 SEP 2026,EVERESTIND,BE,EVEREST INDUSTRIES LTD   ,Listed    ,02 SEP 2026,              10.00,          15855754,            427.55,     6779127622.70
02 SEP 2026,EXCELINDUS,EQ,EXCEL INDUSTRIES LTD     ,Listed    ,02 SEP 2026,               5.00,          12570692,           1027.40,    12915128960.80
02 SEP 2026,EXCELLENT,ST,EXCELLENT WIRES N PACK L ,Listed    ,02 SEP 2026,              10.00,           4470000,            208.80,      933336000.00 
02 SEP 2026,EXCELSOFT,EQ,EXCELSOFT TECHNOLOGIES L ,Listed    ,02 SEP 2026,              10.00,         115084164,             69.60,     8012159497.70 
02 SEP 2026,EXICOM,EQ,EXICOM TELE SYSTEMS LTD  ,Listed    ,02 SEP 2026,              10.00,         139079771,            163.35,    22715898997.45    
02 SEP 2026,EXIDEIND,EQ,EXIDE INDUSTRIES LTD     ,Listed    ,02 SEP 2026,               1.00,         850000000,            425.65,   361802500000.00  
02 SEP 2026,EXIMROUTES,SM,EXIM ROUTES LIMITED      ,Listed    ,02 SEP 2026,               5.00,          18752000,            108.00,     2025216000.00
02 SEP 2026,EXPLEOSOL,EQ,EXPLEO SOLUTIONS LIMITED ,Listed    ,02 SEP 2026,              10.00,          15519739,            890.85,    13825759488.15 
02 SEP 2026,EXXARO,EQ,EXXARO TILES LIMITED     ,Listed    ,02 SEP 2026,               1.00,         447410700,              6.60,     2952910620.00    
02 SEP 2026,FABTECH,EQ,FABTECH TECHNOLOGIES LTD ,Listed    ,02 SEP 2026,              10.00,          44450794,            147.85,     6571605384.95   
02 SEP 2026,FACT,EQ,FACT LTD                 ,Listed    ,02 SEP 2026,              10.00,         647071974,            804.30,   520439988688.20      
02 SEP 2026,FAIRCHEMOR,BE,FAIRCHEM ORGANICS LIMITED,Listed    ,02 SEP 2026,              10.00,          12595902,            674.00,     8489637948.00
02 SEP 2026,FALCONTECH,SM,FALCON TECHNOPROJ IND LTD,Listed    ,02 SEP 2026,              10.00,          26783965,             12.35,      330781967.75
02 SEP 2026,FASCINATE,ST,FASCINATE TEXTILES LTD   ,Listed    ,02 SEP 2026,              10.00,          13760893,             80.35,     1105687752.55 
02 SEP 2026,FAZE3Q,EQ,FAZE THREE LIMITED       ,Listed    ,02 SEP 2026,              10.00,          24319000,            488.75,    11885911250.00    
02 SEP 2026,FCL,EQ,FINEOTEX CHEMICAL LIMITED,Listed    ,02 SEP 2026,               1.00,        1164500900,             49.20,    57281799271.00       
02 SEP 2026,FCSSOFT,EQ,FCS SOFTWARE SOLN. LTD.  ,Listed    ,02 SEP 2026,               1.00,        1709553100,              1.45,     2478851995.00   
02 SEP 2026,FDC,EQ,FDC LIMITED              ,Listed    ,02 SEP 2026,               1.00,         162810084,            340.60,    55453114610.40       
02 SEP 2026,FEDDERSHOL,EQ,FEDDERS HOLDING LTD.     ,Permitted ,02 SEP 2026,               1.00,         201415970,             46.00,     9263120460.30
02 SEP 2026,FEDERALBNK,EQ,FEDERAL BANK LTD         ,Listed    ,02 SEP 2026,               2.00,        2468325038,            353.35,   872182652177.30
02 SEP 2026,FEDFINA,EQ,FEDBANK FINANCIAL SER L  ,Listed    ,02 SEP 2026,              10.00,         374511445,            157.55,    59011768388.65   
02 SEP 2026,FEL,BZ,FUTURE ENTERPRISES LTD   ,Listed    ,02 SEP 2026,               2.00,         454930401,              0.40,      177422856.40       
02 SEP 2026,FELDVR,BZ,FUTURE ENTERPRISES LTD   ,Listed    ,02 SEP 2026,               2.00,          39374679,              2.25,       87805534.15    
02 SEP 2026,FELIX,SM,FELIX INDUSTRIES LTD.    ,Listed    ,02 SEP 2026,              10.00,          17206350,            189.70,     3264044595.00     
02 SEP 2026,FERMENTA,EQ,FERMENTA BIOTECH LTD.    ,Listed    ,02 SEP 2026,               5.00,          29430987,            520.65,    15323243381.55  
02 SEP 2026,FIBERWEB,EQ,FIBERWEB INDIA LIMITED   ,Listed    ,02 SEP 2026,              10.00,          28791710,             25.75,      741674449.60  
02 SEP 2026,FIDEL,SM,FIDEL SOFTECH LIMITED    ,Listed    ,02 SEP 2026,              10.00,          13750560,            141.00,     1938828960.00     
02 SEP 2026,FIEMIND,EQ,FIEM INDUSTRIES LIMITED  ,Listed    ,02 SEP 2026,              10.00,          26319660,           2052.00,    54007942320.00   
02 SEP 2026,FILATEX,EQ,FILATEX INDIA LTD        ,Listed    ,02 SEP 2026,               1.00,         444058375,             73.30,    32553919471.25   
02 SEP 2026,FILATFASH,EQ,FILATEX FASHIONS LIMITED ,Listed    ,02 SEP 2026,               1.00,        8334072725,              0.20,     1500133090.50 
02 SEP 2026,FINBUD,SM,FINBUD FINANCIAL SERV LTD,Listed    ,02 SEP 2026,              10.00,          19049480,            126.00,     2400234480.00    
02 SEP 2026,FINCABLES,EQ,FINOLEX CABLES LTD       ,Listed    ,02 SEP 2026,               2.00,         152939345,           1191.20,   182181347764.00 
02 SEP 2026,FINEORG,EQ,FINE ORGANIC IND. LTD.   ,Listed    ,02 SEP 2026,               5.00,          30659976,           5146.50,   157791566484.00   
02 SEP 2026,FINKURVE,EQ,FINKURVE FINANCIAL SERV L,Listed    ,02 SEP 2026,               1.00,         140143988,             69.55,     9744211485.65  
02 SEP 2026,FINOPB,EQ,FINO PAYMENTS BANK LTD   ,Listed    ,02 SEP 2026,              10.00,          83218402,            140.50,    11691353297.00    
02 SEP 2026,FINPIPE,EQ,FINOLEX INDUSTRIES LTD   ,Listed    ,02 SEP 2026,               2.00,         620476905,            157.85,    97936074685.20   
02 SEP 2026,FIRSTCRY,EQ,BRAINBEES SOLUTIONS LTD  ,Listed    ,02 SEP 2026,               2.00,         522066865,            170.80,    89179461879.30  
02 SEP 2026,FISCHER,EQ,FISCHER MEDICAL VENTURE L,Listed    ,02 SEP 2026,               1.00,         648515470,             37.75,    24468488683.10   
02 SEP 2026,FIVESTAR,EQ,FIVE-STAR BUS FIN LTD    ,Listed    ,02 SEP 2026,               1.00,         295179788,            524.85,   154925111731.80  
02 SEP 2026,FLAIR,EQ,FLAIR WRITING INDUST LTD ,Listed    ,02 SEP 2026,               5.00,         105395378,            247.15,    26047413718.90     
02 SEP 2026,FLEXITUFF,BE,FLEXITUFF VENTURES INT L ,Listed    ,02 SEP 2026,              10.00,          32822806,              2.40,       78446506.35 
02 SEP 2026,FLFL,BZ,FUT LIFESTYLE FASH LTD   ,Listed    ,02 SEP 2026,               2.00,         201774874,              1.25,      248183095.00      
02 SEP 2026,FLUOROCHEM,EQ,GUJARAT FLUOROCHEM LTD   ,Listed    ,02 SEP 2026,               1.00,         109850000,           4727.70,   519337845000.00
02 SEP 2026,FLYSBS,SM,FLYSBS AVIATION LIMITED  ,Listed    ,02 SEP 2026,              10.00,          17303751,            634.65,    10981825572.15    
02 SEP 2026,FMGOETZE,EQ,FEDERAL-MOGUL GOETZE (IND,Listed    ,02 SEP 2026,              10.00,          55632130,            612.40,    34069116412.00  
02 SEP 2026,FMNL,EQ,FUTURE MKT NETWORKS LTD  ,Listed    ,02 SEP 2026,              10.00,          60644381,              9.65,      584611832.85      
02 SEP 2026,FOCE,SM,FOCE INDIA LIMITED       ,Listed    ,31 AUG 2026,              10.00,          11743020,            512.00,     6012426240.00      
02 SEP 2026,FOCUS,BE,FOCUS LIGHTG & FIXTRS LTD,Listed    ,02 SEP 2026,               2.00,          67444950,             64.55,     4352222623.50     
02 SEP 2026,FONEBOX,SM,FONEBOX RETAIL LIMITED   ,Listed    ,02 SEP 2026,              10.00,          10260000,             99.00,     1015740000.00   
02 SEP 2026,FOODSIN,EQ,FOODS & INNS LIMITED     ,Listed    ,02 SEP 2026,               1.00,          73531558,             54.80,     4028058747.25   
02 SEP 2026,FORCAS,ST,FORCAS STUDIO LIMITED    ,Listed    ,02 SEP 2026,              10.00,          17580000,            239.95,     4218321000.00    
02 SEP 2026,FORCEMOT,EQ,FORCE MOTORS LIMITED     ,Listed    ,02 SEP 2026,              10.00,          13032914,          17600.00,   229379286400.00  
02 SEP 2026,FORGEAUTO,SM,FORGE AUTO INTERNATION L ,Listed    ,02 SEP 2026,              10.00,          10920000,             95.25,     1040130000.00 
02 SEP 2026,FORTIS,EQ,FORTIS HEALTHCARE LTD    ,Listed    ,02 SEP 2026,              10.00,         754958148,            915.00,   690786705420.00    
02 SEP 2026,FOSECOIND,EQ,FOSECO INDIA LTD         ,Listed    ,02 SEP 2026,              10.00,           7537259,           6183.00,    46602872397.00 
02 SEP 2026,FRACTAL,EQ,FRACTAL ANALYTICS LIMITED,Listed    ,02 SEP 2026,               1.00,         171965112,            821.40,   141252142996.80   
02 SEP 2026,FREDUN,EQ,FREDUN PHARMACEUTICALS L ,Permitted ,02 SEP 2026,              10.00,          16538070,           1505.80,    24903025806.00    
02 SEP 2026,FRESHARA,ST,FRESHARA AGRO EXPORTS LTD,Listed    ,02 SEP 2026,              10.00,          23499200,            461.30,    10840180960.00  
02 SEP 2026,FROG,ST,FROG INNOVATIONS LIMITED ,Listed    ,02 SEP 2026,              10.00,          15554300,            259.15,     4030896845.00      
02 SEP 2026,FRONTSP,EQ,FRONTIER SPRINGS LTD.    ,Permitted ,02 SEP 2026,              10.00,          11815533,           1250.40,    14774142463.20   
02 SEP 2026,FSL,EQ,FIRSTSOURCE SOLU. LTD.   ,Listed    ,02 SEP 2026,              10.00,         696990826,            270.40,   188466319350.40       
02 SEP 2026,FUSION,EQ,FUSION FINANCE LIMITED   ,Listed    ,02 SEP 2026,              10.00,         161683984,            193.40,    31272916185.30    
02 SEP 2026,FWSTC,SM,FLYWINGS SIMULAT T C LTD ,Listed    ,31 AUG 2026,              10.00,          10177128,            197.00,     2004894216.00     
02 SEP 2026,GABRIEL,EQ,GABRIEL INDIA LTD        ,Listed    ,02 SEP 2026,               1.00,         177230023,           1384.90,   245445858852.70   
02 SEP 2026,GAEL,EQ,GUJARAT AMBUJA EXPORTS LT,Listed    ,02 SEP 2026,               1.00,         458670660,            170.80,    78340948728.00      
02 SEP 2026,GAIL,EQ,GAIL (INDIA) LTD         ,Listed    ,02 SEP 2026,              10.00,        6575099644,            173.00,  1137492238412.00      
02 SEP 2026,GAJA,EQ,GAJA ALT ASSET MGT LTD   ,Listed    ,02 SEP 2026,               5.00,         141010230,            163.85,    23101705980.90      
02 SEP 2026,GAJANAND,SM,GAJANAND INTERNATIONAL L ,Listed    ,01 SEP 2026,              10.00,          18835568,              9.15,      172345447.20  
02 SEP 2026,GALAPREC,EQ,GALA PRECISION ENG LTD   ,Listed    ,02 SEP 2026,              10.00,          12797550,           1040.50,    13315850775.00  
02 SEP 2026,GALAXYSURF,EQ,GALAXY SURFACTANTS LTD   ,Listed    ,02 SEP 2026,              10.00,          35454752,           2223.10,    78819459171.20
02 SEP 2026,GALLANTT,EQ,GALLANTT ISPAT LIMITED   ,Listed    ,02 SEP 2026,              10.00,         241280945,            555.40,   134007436853.00  
02 SEP 2026,GANDHAR,EQ,GANDHAR OIL REFINE IND L ,Listed    ,02 SEP 2026,               2.00,          97879530,            265.95,    26031061003.50   
02 SEP 2026,GANDHITUBE,EQ,GANDHI SPL. TUBES LTD    ,Listed    ,02 SEP 2026,               5.00,          12152000,            896.40,    10893052800.00
02 SEP 2026,GANECOS,EQ,GANESHA ECOSPHERE LIMITED,Listed    ,02 SEP 2026,              10.00,          26795984,           1004.40,    26913886329.60   
02 SEP 2026,GANESHBE,BE,GANESH BENZOPLAST LIMITED,Listed    ,02 SEP 2026,               1.00,          71989421,            122.20,     8795667457.80  
02 SEP 2026,GANESHCP,EQ,GANESH CONSUMER PRODUCT L,Listed    ,02 SEP 2026,              10.00,          40412946,            167.45,     6767956066.60  
02 SEP 2026,GANESHHOU,EQ,GANESH HOUSING LIMITED   ,Listed    ,02 SEP 2026,              10.00,          83387090,            762.00,    63540962580.00 
02 SEP 2026,GANESHIN,ST,GANESH INFRAWORLD LIMITED,Listed    ,02 SEP 2026,               5.00,          42721397,             97.70,     4173880486.90  
02 SEP 2026,GANGABATH,SM,GANGA BATH FITTINGS LTD  ,Listed    ,02 SEP 2026,              10.00,          22207848,             20.60,      457481668.80 
02 SEP 2026,GANGAFORGE,EQ,GANGA FORGING LIMITED    ,Listed    ,02 SEP 2026,               1.00,         337005575,              1.85,      623460313.75
02 SEP 2026,GANGESSECU,EQ,GANGES SECURITIES LIMITED,Listed    ,02 SEP 2026,              10.00,          10003687,            117.85,     1179134586.70
02 SEP 2026,GARFIBRES,EQ,GARWARE TECH FIBRES LTD  ,Listed    ,02 SEP 2026,              10.00,          99265845,            814.75,    80876847213.75 
02 SEP 2026,GARUDA,EQ,GARUDA CONSTRUCT N ENG L ,Listed    ,02 SEP 2026,               5.00,          93041742,            174.35,    16220897300.30    
02 SEP 2026,GATECH,BE,GACM TECHNOLOGIES LIMITED,Listed    ,02 SEP 2026,               1.00,        1597742236,              1.00,     1597742236.00    
02 SEP 2026,GATECHDVR,BE,GACM TECHNOLOGIES LIMITED,Listed    ,02 SEP 2026,               1.00,         189665894,              0.50,       98626264.90 
02 SEP 2026,GATEWAY,EQ,GATEWAY DISTRIPARKS LTD  ,Listed    ,02 SEP 2026,              10.00,         499643836,             53.10,    26531087691.60   
02 SEP 2026,GAUDIUMIVF,BE,GAUDIUM IVF N WOMEN H L  ,Listed    ,02 SEP 2026,               5.00,          72786884,            123.40,     8981901485.60
02 SEP 2026,GAYAHWS,EQ,GAYATRI HIGHWAYS LIMITED ,Listed    ,02 SEP 2026,               2.00,         239651900,              2.00,      476907281.00   
02 SEP 2026,GAYAPROJ,EQ,GAYATRI PROJECTS LTD     ,Listed    ,02 SEP 2026,               2.00,         464299000,             21.45,     9963856540.00  
02 SEP 2026,GCHOTELS,ST,GRAND CONTINENT HOTELS L ,Listed    ,02 SEP 2026,              10.00,          24919403,             98.45,     2453315225.35  
02 SEP 2026,GCSL,EQ,GRETEX CORPORATE SERVICES,Listed    ,02 SEP 2026,              10.00,          24159346,            571.85,    13815522010.10      
02 SEP 2026,GEECEE,BE,GEECEE VENTURES LIMITED  ,Listed    ,02 SEP 2026,              10.00,          20911729,            366.90,     7672513370.10    
02 SEP 2026,GEEKAYWIRE,EQ,GEEKAY WIRES LIMITED     ,Listed    ,02 SEP 2026,               1.00,         104520000,             27.85,     2911927200.00
02 SEP 2026,GEMAROMA,EQ,GEM AROMATICS LIMITED    ,Listed    ,02 SEP 2026,               2.00,          52237138,            164.15,     8575770945.45  
02 SEP 2026,GENCON,EQ,GENERIC ENG CONS PROJ LTD,Listed    ,02 SEP 2026,               5.00,          56986219,             44.35,     2526199088.25    
02 SEP 2026,GENESYS,EQ,GENESYS INTL CORPN LTD   ,Listed    ,02 SEP 2026,               5.00,          66864603,            219.85,    14701520261.60   
02 SEP 2026,GENSOL,BZ,GENSOL ENGINEERING LTD   ,Listed    ,02 SEP 2026,              10.00,          38002434,             16.85,      640721037.25    
02 SEP 2026,GENUSPAPER,EQ,GENUS P&B LIMITED        ,Listed    ,02 SEP 2026,               1.00,         257125940,             11.95,     3075226242.40
02 SEP 2026,GENUSPOWER,EQ,GENUS POWER INFRASTRU LTD,Listed    ,02 SEP 2026,               1.00,         304242615,            336.15,   102271155032.25
02 SEP 2026,GENXAI,SM,GENXAI ANALYTICS LIMITED ,Listed    ,02 SEP 2026,              10.00,          17943610,             81.90,     1469581659.00    
02 SEP 2026,GEOJITFSL,EQ,GEOJIT FINANCIAL SER L   ,Listed    ,02 SEP 2026,               1.00,         279122119,             82.75,    23100146568.45 
02 SEP 2026,GESHIP,EQ,THE GE SHPG.LTD          ,Listed    ,02 SEP 2026,              10.00,         142767161,           1305.60,   186396805401.60    
02 SEP 2026,GFLLIMITED,EQ,GFL LIMITED              ,Listed    ,02 SEP 2026,               1.00,         109850000,             58.80,     6461377000.00
02 SEP 2026,GGBL,SM,GANESH GREEN BHARAT LTD  ,Listed    ,02 SEP 2026,              10.00,          24801000,            225.85,     5601305850.00      
02 SEP 2026,GHCL,EQ,GHCL LIMITED             ,Listed    ,02 SEP 2026,              10.00,          92130655,            435.10,    40086047990.50      
02 SEP 2026,GHCLTEXTIL,EQ,GHCL TEXTILES LIMITED    ,Listed    ,02 SEP 2026,               2.00,          95585786,            139.35,    13319879279.10
02 SEP 2026,GICHSGFIN,EQ,GIC HOUSING FINANCE LTD  ,Listed    ,02 SEP 2026,              10.00,          53851066,            145.80,     7852562444.10 
02 SEP 2026,GICL,EQ,GLOBE INTL CARRIERS LTD  ,Listed    ,02 SEP 2026,               5.00,         111954588,             24.00,     2685790566.10      
02 SEP 2026,GICRE,EQ,GENERAL INS CORP OF INDIA,Listed    ,02 SEP 2026,               5.00,        1754400000,            355.45,   623601480000.00     
02 SEP 2026,GILLANDERS,EQ,GILLANDERS ARBUTHNOT LTD ,Listed    ,02 SEP 2026,              10.00,          21342346,            105.00,     2241373176.90
02 SEP 2026,GILLETTE,EQ,GILLETTE INDIA LTD       ,Listed    ,02 SEP 2026,              10.00,          32585217,           7346.00,   239371004082.00  
02 SEP 2026,GINNIFILA,BE,GINNIFILAMENTS LTD.      ,Listed    ,02 SEP 2026,              10.00,          85650065,             43.95,     3766033358.05 
02 SEP 2026,GIPCL,EQ,GUJ IND POW CO. LTD      ,Listed    ,02 SEP 2026,              10.00,         155215944,            205.95,    31965171507.35     
02 SEP 2026,GIRIRAJ,SM,GIRIRAJ CIVIL DEVP LTD   ,Listed    ,02 SEP 2026,              10.00,          23920500,             74.90,     1791645450.00   
02 SEP 2026,GJL,ST,GROVER JEWELLS LIMITED   ,Listed    ,02 SEP 2026,              10.00,          14507200,            235.00,     3409192000.00       
02 SEP 2026,GKB,EQ,GKB OPHTHALMICS LTD.     ,Permitted ,02 SEP 2026,              10.00,           5040580,             65.80,      331670164.00       
02 SEP 2026,GKENERGY,EQ,GK ENERGY LIMITED        ,Listed    ,02 SEP 2026,               2.00,         202817266,            131.05,    26577174536.65  
02 SEP 2026,GKSL,EQ,GUJARAT KIDNEY N SUP SP L,Listed    ,02 SEP 2026,               2.00,          78843250,            168.30,    13269318975.00      
02 SEP 2026,GKWLIMITED,EQ,GKW LIMITED              ,Listed    ,02 SEP 2026,              10.00,           5966500,           1593.30,     9506424450.00
02 SEP 2026,GLAND,EQ,GLAND PHARMA LIMITED     ,Listed    ,02 SEP 2026,               1.00,         164959682,           2868.40,   473170351848.80     
02 SEP 2026,GLAXO,EQ,GLAXOSMITHKLINE PHARMA LT,Listed    ,02 SEP 2026,              10.00,         169406034,           2949.90,   499730859696.60     
02 SEP 2026,GLENMARK,EQ,GLENMARK PHARMACEUTICALS ,Listed    ,02 SEP 2026,               1.00,         282200809,           2460.00,   694213990140.00  
02 SEP 2026,GLFL,EQ,GUJARAT LEASE FINANCING L,Listed    ,02 SEP 2026,              10.00,          27125767,              5.80,      157329448.60      
02 SEP 2026,GLOBAL,EQ,GLOBAL EDUCATION LIMITED ,Listed    ,02 SEP 2026,               2.00,          50901500,            117.30,     5971254965.00    
02 SEP 2026,GLOBALE,EQ,GLOBALE TESSILE LIMITED  ,Listed    ,02 SEP 2026,              10.00,          10620275,             11.25,      119265688.25   
02 SEP 2026,GLOBALPET,ST,GLOBAL PET INDUSTRIES LTD,Listed    ,02 SEP 2026,              10.00,          11787408,            154.00,     1815260832.00 
02 SEP 2026,GLOBALVECT,EQ,GLOBAL VEC HELICORP LTD  ,Listed    ,02 SEP 2026,              10.00,          14000000,            142.95,     2001020000.00
02 SEP 2026,GLOBE,EQ,GLOBE ENTERPRISE (I) LTD ,Listed    ,02 SEP 2026,               2.00,         450418788,              1.90,      860299885.10     
02 SEP 2026,GLOBECIVIL,EQ,GLOBE CIVIL PROJECTS LTD ,Listed    ,02 SEP 2026,              10.00,          59718999,             46.85,     2797237913.15
02 SEP 2026,GLOBUSSPR,EQ,GLOBUS SPIRITS LTD       ,Listed    ,02 SEP 2026,              10.00,          31461293,            908.75,    28590450013.75 
02 SEP 2026,GLOSTERLTD,EQ,GLOSTER LIMITED          ,Listed    ,02 SEP 2026,              10.00,          10943260,            585.35,     6405637241.00
02 SEP 2026,GLOTTIS,EQ,GLOTTIS LIMITED          ,Listed    ,02 SEP 2026,               2.00,          92403000,             62.20,     5749314660.00   
02 SEP 2026,GMBREW,EQ,G M BREWERIES LTD        ,Listed    ,02 SEP 2026,              10.00,          22846923,            885.40,    20228665624.20    
02 SEP 2026,GMDCLTD,EQ,GUJARAT MINERAL DEV CORP ,Listed    ,02 SEP 2026,               2.00,         318000000,            557.65,   177332700000.00   
02 SEP 2026,GML,SM,GALAXY MEDICARE LIMITED  ,Listed    ,02 SEP 2026,              10.00,          15171983,             17.85,      270819896.55       
02 SEP 2026,GMMPFAUDLR,EQ,GMM PFAUDLER LIMITED     ,Listed    ,02 SEP 2026,               2.00,          44957224,           1070.00,    48104229680.00
02 SEP 2026,GMRAIRPORT,EQ,GMR AIRPORTS LIMITED     ,Listed    ,02 SEP 2026,               1.00,       10558975952,             94.00,   992438149728.50
02 SEP 2026,GMRP&UI,EQ,GMR POW AND URBAN INFRA L,Listed    ,02 SEP 2026,               5.00,         781017529,             91.15,    71181937593.05   
02 SEP 2026,GNA,EQ,GNA AXLES LIMITED        ,Listed    ,02 SEP 2026,              10.00,          42930800,            532.40,    22856357920.00       
02 SEP 2026,GNFC,EQ,GUJ NAR VAL FER & CHEM L ,Listed    ,02 SEP 2026,              10.00,         146940683,            576.95,    84777427056.85      
02 SEP 2026,GNRL,EQ,GUJARAT NATURAL RES L    ,Permitted ,02 SEP 2026,              10.00,         128402632,             94.85,    12177705618.90      
02 SEP 2026,GOACARBON,EQ,GOA CARBON LIMITED       ,Listed    ,02 SEP 2026,              10.00,           9151052,            365.80,     3347454821.60 
02 SEP 2026,GOCLCORP,EQ,GOCL CORPORATION LIMITED ,Listed    ,02 SEP 2026,               2.00,          49572490,            391.70,    19417544333.00  
02 SEP 2026,GOCOLORS,EQ,GO FASHION INDIA LTD     ,Listed    ,02 SEP 2026,              10.00,          54008984,            323.35,    17463804976.40  
02 SEP 2026,GODAVARIB,EQ,GODAVARI BIOREFINERIES L ,Listed    ,02 SEP 2026,              10.00,          51175977,            237.30,    12144059342.10 
02 SEP 2026,GODFRYPHLP,EQ,GODFREY PHILLIPS INDIA LT,Listed    ,02 SEP 2026,               2.00,         155981760,           2025.40,   315925456704.00
02 SEP 2026,GODIGIT,EQ,GO DIGIT GENERAL INS LTD ,Listed    ,02 SEP 2026,              10.00,         924575576,            258.40,   238910328838.40   
02 SEP 2026,GODREJAGRO,EQ,GODREJ AGROVET LIMITED   ,Listed    ,02 SEP 2026,              10.00,         192359967,            670.25,   128929267881.75
02 SEP 2026,GODREJCP,EQ,GODREJ CONSUMER PRODUCTS ,Listed    ,02 SEP 2026,               1.00,        1023244581,            905.00,   926036345805.00  
02 SEP 2026,GODREJIND,EQ,GODREJ INDUSTRIES LTD    ,Listed    ,02 SEP 2026,               1.00,         336804842,           1138.80,   383553354069.60 
02 SEP 2026,GODREJPROP,EQ,GODREJ PROPERTIES LTD    ,Listed    ,02 SEP 2026,               5.00,         301225962,           1970.70,   593626003313.40
02 SEP 2026,GOKEX,EQ,GOKALDAS EXPORTS LTD.    ,Listed    ,02 SEP 2026,               5.00,          73273628,            770.10,    56428020922.80     
02 SEP 2026,GOKUL,EQ,GOKUL REFOILS & SOLV LTD ,Listed    ,02 SEP 2026,               2.00,          98995000,             41.35,     4095423150.00     
02 SEP 2026,GOKULAGRO,EQ,GOKUL AGRO RESOURCES LTD ,Listed    ,02 SEP 2026,               1.00,         295086716,            234.20,    69106358020.05 
02 SEP 2026,GOLDENTOBC,BZ,GOLDEN TOBACCO LIMITED   ,Listed    ,02 SEP 2026,              10.00,          17608802,             24.25,      427365624.55
02 SEP 2026,GOLDIAM,EQ,GOLDIAM INTERNATIONAL LTD,Listed    ,02 SEP 2026,               2.00,         150557125,            344.10,    51806706712.50   
02 SEP 2026,GOLDKART,SM,GOLDKART JEWELS LIMITED  ,Listed    ,02 SEP 2026,              10.00,          16785350,            100.00,     1678535000.00  
02 SEP 2026,GOLDSTAR,SM,GOLDSTAR POWER LIMITED   ,Listed    ,02 SEP 2026,               1.00,         286198500,              7.85,     2246658225.00  
02 SEP 2026,GOLDTECH,BE,AION-TECH SOLUTIONS LTD  ,Listed    ,02 SEP 2026,              10.00,          52261836,             47.30,     2470939606.10  
02 SEP 2026,GOODLUCK,EQ,GOODLUCK INDIA LIMITED   ,Listed    ,02 SEP 2026,               2.00,          99715527,            474.75,    47339946443.25  
02 SEP 2026,GOODYEAR,EQ,GOODYEAR INDIA LIMITED   ,Permitted ,02 SEP 2026,              10.00,          23066507,            736.10,    16979255802.70  
02 SEP 2026,GOPAL,EQ,GOPAL SNACKS LIMITED     ,Listed    ,02 SEP 2026,               1.00,         124666819,            264.90,    33024240353.10     
02 SEP 2026,GOYALALUM,EQ,GOYAL ALUMINIUMS LIMITED ,Listed    ,02 SEP 2026,               1.00,         142732780,              6.25,      889225219.40 
02 SEP 2026,GOYALSALT,SM,GOYAL SALT LIMITED       ,Listed    ,02 SEP 2026,              10.00,          17900250,            105.00,     1879526250.00 
02 SEP 2026,GPECO,ST,GP ECO SOLUTIONS INDIA L ,Listed    ,02 SEP 2026,              10.00,          11830800,            402.20,     4758347760.00     
02 SEP 2026,GPIL,EQ,GODAWARI POW & ISP LTD   ,Listed    ,02 SEP 2026,               1.00,         673097430,            239.40,   161132793767.70      
02 SEP 2026,GPPL,EQ,GUJARAT PIPAVAV PORT LTD ,Listed    ,02 SEP 2026,              10.00,         483439910,            164.45,    79496858800.40      
02 SEP 2026,GPTHEALTH,EQ,GPT HEALTHCARE LIMITED   ,Listed    ,02 SEP 2026,              10.00,          82054823,            150.85,    12376328953.10 
02 SEP 2026,GPTINFRA,EQ,GPT INFRAPROJECTS LTD    ,Listed    ,02 SEP 2026,              10.00,         126364600,            110.70,    13989824866.00  
02 SEP 2026,GRADIENTE,EQ,GRADIENTE INFOTAINMENT L ,Listed    ,02 SEP 2026,              10.00,         332400000,              2.65,      880860000.00 
02 SEP 2026,GRANDOAK,EQ,GRAND OAK CANYONS DIST L ,Permitted ,02 SEP 2026,              10.00,         518883550,             34.60,    17942993159.00  
02 SEP 2026,GRANULES,EQ,GRANULES INDIA LIMITED   ,Listed    ,02 SEP 2026,               1.00,         247796921,            831.75,   206105089041.75  
02 SEP 2026,GRAPHISAD,SM,GRAPHISADS LIMITED       ,Listed    ,02 SEP 2026,              10.00,          18276500,             26.00,      475189000.00 
02 SEP 2026,GRAPHITE,EQ,GRAPHITE INDIA LTD       ,Listed    ,02 SEP 2026,               2.00,         195375594,            726.60,   141959906600.40  
02 SEP 2026,GRASIM,EQ,GRASIM INDUSTRIES LTD    ,Listed    ,02 SEP 2026,               2.00,         680524682,           3294.90,  2242260774721.80    
02 SEP 2026,GRAUWEIL,EQ,GRAUER & WEIL IND LTD    ,Permitted ,02 SEP 2026,               1.00,         453411500,             70.05,    31766009690.00  
02 SEP 2026,GRAVISSHO,EQ,GRAVISS HOSPITALITY LTD. ,Permitted ,02 SEP 2026,               2.00,          70519135,             30.85,     2174104932.05 
02 SEP 2026,GRAVITA,EQ,GRAVITA INDIA LIMITED    ,Listed    ,02 SEP 2026,               2.00,          73808451,           1749.10,   129098361644.10   
02 SEP 2026,GRCL,SM,GAYATRI RUBB AND CHEM LTD,Listed    ,02 SEP 2026,              10.00,           5738000,            590.00,     3385420000.00      
02 SEP 2026,GREAVESCOT,EQ,GREAVES COTTON LTD.      ,Listed    ,02 SEP 2026,               2.00,         232951434,            194.20,    45239168482.80
02 SEP 2026,GREENCHEF,SM,GREENCHEF APPLIANCES LTD ,Listed    ,02 SEP 2026,              10.00,          23271840,             63.40,     1475434656.00 
02 SEP 2026,GREENLAM,EQ,GREENLAM INDUSTRIES LTD. ,Listed    ,02 SEP 2026,               1.00,         255147702,            242.05,    61761052746.10  
02 SEP 2026,GREENLEAF,ST,GREENLEAF ENVIROTECH LTD ,Listed    ,02 SEP 2026,              10.00,           5929250,            112.80,      668819400.00 
02 SEP 2026,GREENPANEL,EQ,GREENPANEL INDUSTRIES LTD,Listed    ,02 SEP 2026,               1.00,         122627395,            158.00,    19375128410.00
02 SEP 2026,GREENPLY,EQ,GREENPLY INDUSTRIES LTD  ,Listed    ,02 SEP 2026,               1.00,         124902045,            283.70,    35434710166.50  
02 SEP 2026,GREENPOWER,EQ,ORIENT GREEN POWER CO LTD,Listed    ,02 SEP 2026,              10.00,        1173022796,              9.15,    10744888811.35
02 SEP 2026,GRETEX,SM,GRETEX INDUSTRIES LTD.   ,Listed    ,01 SEP 2026,              10.00,          15506060,            260.00,     4031575600.00    
02 SEP 2026,GRINDWELL,EQ,GRINDWELL NORTON LIMITED ,Listed    ,02 SEP 2026,               5.00,         110720000,           1967.50,   217841600000.00 
02 SEP 2026,GRINFRA,EQ,G R INFRAPROJECTS LIMITED,Listed    ,02 SEP 2026,               5.00,          96760529,            873.90,    84559026293.10   
02 SEP 2026,GRMOVER,EQ,GRM OVERSEAS LIMITED     ,Listed    ,02 SEP 2026,               2.00,         207210000,             86.05,    17826276300.00   
02 SEP 2026,GROBTEA,EQ,THE GROB TEA COMPANY LTD ,Listed    ,02 SEP 2026,              10.00,           1162330,            965.50,     1122229615.00   
02 SEP 2026,GROWW,EQ,BILLIONBRAINS GARAGE VN L,Listed    ,02 SEP 2026,               2.00,        6273596631,            189.90,  1191230528294.30     
02 SEP 2026,GRPLTD,EQ,GRP LIMITED              ,Listed    ,02 SEP 2026,              10.00,           5333332,           2008.90,    10714130654.80    
02 SEP 2026,GRSE,EQ,GARDEN REACH SHIP&ENG LTD,Listed    ,02 SEP 2026,              10.00,         114552000,           2495.10,   285818695200.00      
02 SEP 2026,GRWRHITECH,EQ,GARWARE HI-TECH FILMS LTD,Listed    ,02 SEP 2026,              10.00,          23232394,           7202.50,   167331317785.00
02 SEP 2026,GSFC,EQ,GUJ STATE FERT & CHEM LTD,Listed    ,02 SEP 2026,               2.00,         398477530,            159.95,    63736480923.50      
02 SEP 2026,GSLSU,EQ,GLOBAL SURFACES LIMITED  ,Listed    ,02 SEP 2026,              10.00,          42381818,             25.75,     1090907995.30     
02 SEP 2026,GSMFOILS,SM,GSM FOILS LIMITED        ,Listed    ,02 SEP 2026,              10.00,          14092749,            123.15,     1735522039.35  
02 SEP 2026,GSPCROP,EQ,GSP CROP SCIENCE LIMITED ,Listed    ,02 SEP 2026,              10.00,          46518750,            625.95,    29118411562.50   
02 SEP 2026,GSS,EQ,GSS INFOTECH LIMITED     ,Listed    ,02 SEP 2026,              10.00,          26156843,             11.85,      309435452.70       
02 SEP 2026,GSTL,SM,GLOBESECURE TECHNO LTD   ,Listed    ,02 SEP 2026,              10.00,          15939349,             11.40,      181708578.60      
02 SEP 2026,GTECJAINX,BE,G-TEC JAINX EDUCATION LTD,Listed    ,02 SEP 2026,              10.00,          10189098,             28.90,      294464932.20 
02 SEP 2026,GTL,EQ,GTL LTD                  ,Listed    ,02 SEP 2026,              10.00,         157296781,              7.25,     1137255726.65       
02 SEP 2026,GTLINFRA,EQ,GTL INFRA.LTD            ,Listed    ,02 SEP 2026,              10.00,       12809111895,              1.15,    14858569798.20  
02 SEP 2026,GTPL,EQ,GTPL HATHWAY LIMITED     ,Listed    ,02 SEP 2026,              10.00,         112463038,             56.15,     6317048844.45      
02 SEP 2026,GUFICBIO,EQ,GUFIC BIOSCIENCES LTD.   ,Listed    ,02 SEP 2026,               1.00,         100282506,            438.80,    44003963632.80  
02 SEP 2026,GUJALKALI,EQ,GUJARAT ALKALIES & CHEM  ,Listed    ,02 SEP 2026,              10.00,          73445242,            714.80,    52498658981.60 
02 SEP 2026,GUJAPOLLO,EQ,GUJ. APOLLO IND. LTD.    ,Listed    ,02 SEP 2026,              10.00,          12970000,            337.70,     4379969000.00 
02 SEP 2026,GUJENERGY,EQ,GUJARAT ENERGY LIMITED   ,Listed    ,02 SEP 2026,               2.00,         959087130,            262.30,   251558963327.70 
02 SEP 2026,GUJRAFFIA,EQ,GUJARAT RAFFIA INDUST LTD,Listed    ,02 SEP 2026,              10.00,           5404500,             40.00,      216180000.00 
02 SEP 2026,GUJTHEM,EQ,GUJARAT THEMIS BIOSYN LTD,Listed    ,02 SEP 2026,               1.00,         108965265,            413.05,    45008102708.25   
02 SEP 2026,GULFOILLUB,EQ,GULF OIL LUB. IND. LTD.  ,Listed    ,02 SEP 2026,               2.00,          49516775,           1125.00,    55706371875.00
02 SEP 2026,GULFPETRO,BE,GP PETROLEUMS LIMITED    ,Listed    ,02 SEP 2026,               5.00,          50984383,             67.55,     3444504915.50 
02 SEP 2026,GULPOLY,EQ,GULSHAN POLYOLS LIMITED  ,Listed    ,02 SEP 2026,               1.00,          62370586,            187.55,    11698227110.15   
02 SEP 2026,GURUNANAK,SM,GURUNANAK AGRICULTUR IN L,Listed    ,01 SEP 2026,              10.00,          12000000,             36.90,      442800000.00 
02 SEP 2026,GVKPIL,BE,GVK POW. & INFRA LTD.    ,Listed    ,02 SEP 2026,               1.00,        1578620550,              2.05,     3251958333.00    
02 SEP 2026,GVPIL,EQ,GE POWER INDIA LIMITED   ,Listed    ,02 SEP 2026,              10.00,          67227471,            632.15,    42497845792.65     
02 SEP 2026,GVPTECH,EQ,GVP INFOTECH LIMITED     ,Listed    ,02 SEP 2026,               2.00,         182644280,              8.35,     1521426852.40   
02 SEP 2026,GVT&D,EQ,GE VERNOVA T&D INDIA LTD ,Listed    ,02 SEP 2026,               2.00,         256046535,           4240.00,  1085637308400.00     
02 SEP 2026,GYFTR,EQ,GYFTR LIMITED            ,Listed    ,02 SEP 2026,              10.00,          76808250,            183.00,    14055909750.00     
02 SEP 2026,HAL,EQ,HINDUSTAN AERONAUTICS LTD,Listed    ,02 SEP 2026,               5.00,         668775000,           4780.00,  3196744500000.00       
02 SEP 2026,HALDER,EQ,HALDER VENTURE LIMITED   ,Listed    ,02 SEP 2026,              10.00,          12438135,            293.90,     3655567876.50    
02 SEP 2026,HALDYNGL,BE,HALDYN GLASS LTD.        ,Permitted ,02 SEP 2026,               1.00,          53751700,            142.55,     7662304835.00  
02 SEP 2026,HALEOSLABS,EQ,HALEOS LABS LIMITED      ,Listed    ,02 SEP 2026,              10.00,           3023287,           1481.40,     4478697361.80
02 SEP 2026,HAMPTON,EQ,HAMPTON SKY REALTY LTD.  ,Permitted ,02 SEP 2026,               1.00,         274207700,              8.15,     2240276909.00   
02 SEP 2026,HAPPSTMNDS,EQ,HAPPIEST MINDS TECHNO LTD,Listed    ,02 SEP 2026,               2.00,         152274811,            354.85,    54034716683.35
02 SEP 2026,HAPPY,SM,HAPPY STEELS LIMITED     ,Listed    ,02 SEP 2026,              10.00,          14286180,             82.85,     1183610013.00     
02 SEP 2026,HAPPYFORGE,EQ,HAPPY FORGINGS LIMITED   ,Listed    ,02 SEP 2026,               2.00,          94350461,           2345.90,   221336746459.90
02 SEP 2026,HARDWYN,EQ,HARDWYN INDIA LIMITED    ,Listed    ,02 SEP 2026,               1.00,         683807676,              9.10,     6236326005.10   
02 SEP 2026,HARIOMPIPE,EQ,HARIOM PIPE INDUSTRIES L ,Listed    ,02 SEP 2026,              10.00,          30967289,            348.60,    10795196945.40
02 SEP 2026,HARRMALAYA,EQ,HARRISON MALAYALAM LTD   ,Listed    ,02 SEP 2026,              10.00,          18455405,            189.00,     3487702436.90
02 SEP 2026,HARSHA,EQ,HARSHA ENGINEERS INT LTD ,Listed    ,02 SEP 2026,              10.00,          91044105,            450.75,    41038130328.75    
02 SEP 2026,HATHWAY,EQ,HATHWAY CABLE & DATACOM  ,Listed    ,02 SEP 2026,               2.00,        1770104500,             10.35,    18302880530.00   
02 SEP 2026,HATSUN,EQ,HATSUN AGRO PRODUCT LTD. ,Listed    ,02 SEP 2026,               1.00,         222748268,           1193.60,   265872332684.80    
02 SEP 2026,HAVELLS,EQ,HAVELLS INDIA LIMITED    ,Listed    ,02 SEP 2026,               1.00,         627561652,           1193.00,   748681050836.00   
02 SEP 2026,HAVISHA,EQ,SRI HAVISHA HOSP & INFR L,Listed    ,02 SEP 2026,               2.00,         153535800,              1.30,      196525824.00   
02 SEP 2026,HAWKINCOOK,EQ,HAWKINS COOKERS LTD      ,Permitted ,02 SEP 2026,              10.00,           5287815,           8194.50,    43331000017.50
02 SEP 2026,HAZOOR,EQ,HAZOOR MULTI PROJECTS LTD,Permitted ,02 SEP 2026,               1.00,         287627340,             18.95,     5450538093.00    
02 SEP 2026,HBESD,EQ,H B ESTATE DEVELOPERS L  ,Permitted ,02 SEP 2026,              10.00,          22959947,             75.00,     1721996025.00     
02 SEP 2026,HBLENGINE,EQ,HBL ENGINEERING LTD      ,Listed    ,02 SEP 2026,               1.00,         277194946,            660.20,   183004103349.20 
02 SEP 2026,HBPOR,EQ,HB PORTFOLIO LTD.        ,Permitted ,02 SEP 2026,              10.00,          10764230,             60.00,      645746157.70     
02 SEP 2026,HBSL,EQ,HB STOCKHOLDINGS LIMITED ,Listed    ,02 SEP 2026,              10.00,           7137665,             53.00,      378153491.70      
02 SEP 2026,HCC,EQ,HINDUSTAN CONSTRUCTION CO,Listed    ,02 SEP 2026,               1.00,        2619468062,             23.10,    60457322870.95       
02 SEP 2026,HCG,EQ,HEALTHCARE GLOB. ENT. LTD,Listed    ,02 SEP 2026,              10.00,         149302203,            699.30,   104407030557.90       
02 SEP 2026,HCL-INSYS,EQ,HCL INFOSYSTEMS LTD      ,Listed    ,02 SEP 2026,               2.00,         329209928,             10.30,     3397446456.95 
02 SEP 2026,HCLTECH,EQ,HCL TECHNOLOGIES LTD     ,Listed    ,02 SEP 2026,               2.00,        2713665096,           1331.50,  3613245075324.00   
02 SEP 2026,HDBFS,EQ,HDB FINANCIAL SERVICES L ,Listed    ,02 SEP 2026,              10.00,         830348568,            675.20,   560651353113.60     
02 SEP 2026,HDFCAMC,EQ,HDFC AMC LIMITED         ,Listed    ,02 SEP 2026,               5.00,         428653254,           2525.70,  1082649523627.80   
02 SEP 2026,HDFCBANK,EQ,HDFC BANK LTD            ,Listed    ,02 SEP 2026,               1.00,       15400809456,            700.80, 10792887266764.80  
02 SEP 2026,HDFCLIFE,EQ,HDFC LIFE INS CO LTD     ,Listed    ,02 SEP 2026,              10.00,        2157951075,            533.00,  1150187922975.00  
02 SEP 2026,HDIL,BZ,HOUSING DEV & INFRA LTD  ,Listed    ,02 SEP 2026,              10.00,         474003986,              1.50,      720486058.70      
02 SEP 2026,HEADSUP,EQ,HEADS UP VENTURES LIMITED,Listed    ,02 SEP 2026,              10.00,          22082609,              6.85,      150824219.45   
02 SEP 2026,HEALTHX,EQ,HEALTH X PLATFORM LIMITED,Listed    ,02 SEP 2026,              10.00,          31810500,            294.30,     9361830150.00   
02 SEP 2026,HECPROJECT,EQ,HEC INFRA PROJECTS LTD   ,Listed    ,02 SEP 2026,              10.00,          10838160,            116.10,     1258201994.40
02 SEP 2026,HEG,EQ,HEG LTD                  ,Listed    ,02 SEP 2026,               2.00,         192977530,            706.40,   136319327192.00       
02 SEP 2026,HEIDELBERG,EQ,HEIDELBERGCEMENT (I) LTD ,Listed    ,02 SEP 2026,              10.00,         226613116,            157.85,    35775412622.90
02 SEP 2026,HEMIPROP,EQ,HEMISPHERE PROP IND LTD  ,Listed    ,02 SEP 2026,              10.00,         285000000,            126.60,    36083850000.00  
02 SEP 2026,HERANBA,EQ,HERANBA INDUSTRIES LTD   ,Listed    ,02 SEP 2026,              10.00,          40013467,            175.25,     7011559822.40   
02 SEP 2026,HERITGFOOD,EQ,HERITAGE FOODS LTD       ,Listed    ,02 SEP 2026,               5.00,          92796000,            378.75,    35146485000.00
02 SEP 2026,HEROMOTOCO,EQ,HERO MOTOCORP LIMITED    ,Listed    ,02 SEP 2026,               2.00,         200092938,           5300.00,  1060492571400.00
02 SEP 2026,HESTERBIO,EQ,HESTER BIOSCIENCES LTD   ,Listed    ,02 SEP 2026,              10.00,           8506865,           2176.50,    18515191672.50 
02 SEP 2026,HEXAGON,BE,HEXAGON NUTRITION LIMITED,Listed    ,02 SEP 2026,               1.00,         122918109,             66.15,     8129803729.25   
02 SEP 2026,HEXATRADEX,EQ,HEXA TRADEX LIMITED      ,Listed    ,02 SEP 2026,               2.00,          55244704,            157.90,     8723691208.65
02 SEP 2026,HEXT,EQ,HEXAWARE TECHNOLOGIES LTD,Listed    ,02 SEP 2026,               1.00,         611015992,            543.60,   332148293251.20      
02 SEP 2026,HFCL,EQ,HFCL LIMITED             ,Listed    ,02 SEP 2026,               1.00,        1530602463,            226.25,   346329419303.00      
02 SEP 2026,HGINFRA,EQ,H.G.INFRA ENGINEERING LTD,Listed    ,02 SEP 2026,              10.00,          65171111,            471.80,    30747730169.80   
02 SEP 2026,HGM,EQ,HANDSON GBL MNGMNT LTD   ,Listed    ,02 SEP 2026,              10.00,          12594972,             48.35,      608840946.50       
02 SEP 2026,HGS,EQ,HINDUJA GLOBAL SOLS. LTD.,Listed    ,02 SEP 2026,              10.00,          46520285,            393.10,    18287124033.50       
02 SEP 2026,HIGREEN,SM,HI GREEN CARBON LIMITED  ,Listed    ,02 SEP 2026,              10.00,          24990000,            124.80,     3118752000.00   
02 SEP 2026,HIKAL,EQ,HIKAL LIMITED            ,Listed    ,02 SEP 2026,               2.00,         123300750,            200.60,    24734130450.00     
02 SEP 2026,HILINFRA,EQ,HIGHWAY INFRASTRUCTURE L ,Listed    ,02 SEP 2026,               5.00,          71720632,             43.55,     3124150729.90  
02 SEP 2026,HILTON,EQ,HILTON METAL FORGING LTD ,Listed    ,02 SEP 2026,              10.00,          51466551,             18.80,      967056493.30    
02 SEP 2026,HIMATSEIDE,EQ,HIMATSINGKA SEIDE LTD    ,Listed    ,02 SEP 2026,               5.00,         125742289,             69.65,     8759207851.75
02 SEP 2026,HINDADH,EQ,HINDUSTAN ADHESIVES LTD. ,Permitted ,02 SEP 2026,              10.00,           5116300,            359.50,     1839309850.00   
02 SEP 2026,HINDALCO,EQ,HINDALCO  INDUSTRIES  LTD,Listed    ,02 SEP 2026,               1.00,        2247226523,           1009.70,  2269024620273.10  
02 SEP 2026,HINDALUMI,EQ,HIND ALUMINIUM INDS. LTD.,Permitted ,02 SEP 2026,              10.00,           6300200,             97.30,      613135464.00 
02 SEP 2026,HINDCOMPOS,EQ,HINDUSTAN COMPOSITES LTD.,Listed    ,02 SEP 2026,               5.00,          14769000,            399.60,     5901692400.00
02 SEP 2026,HINDCON,EQ,HINDCON CHEMICALS LIMITED,Listed    ,02 SEP 2026,               2.00,          51190625,             23.15,     1185574875.00   
02 SEP 2026,HINDCOPPER,EQ,HINDUSTAN COPPER LTD     ,Listed    ,02 SEP 2026,               5.00,         967024020,            520.95,   503771163219.00
02 SEP 2026,HINDOILEXP,EQ,HINDUSTAN OIL EXPLORATION,Listed    ,02 SEP 2026,              10.00,         132294300,            166.20,    21984666774.00
02 SEP 2026,HINDPETRO,EQ,HINDUSTAN PETROLEUM CORP ,Listed    ,02 SEP 2026,              10.00,        2127822518,            359.00,   763888283962.00 
02 SEP 2026,HINDUNILVR,EQ,HINDUSTAN UNILEVER LTD.  ,Listed    ,02 SEP 2026,               1.00,        2349591262,           1975.00,  4640442742450.00
02 SEP 2026,HINDWAREAP,EQ,HINDWARE HME INOVATON LTD,Listed    ,02 SEP 2026,               2.00,          83646357,            182.10,    15230328682.55
02 SEP 2026,HINDZINC,EQ,HINDUSTAN ZINC LIMITED   ,Listed    ,02 SEP 2026,               2.00,        4225319000,            588.40,  2486177699600.00  
02 SEP 2026,HIRECT,EQ,HIRECT LIMITED           ,Listed    ,02 SEP 2026,               2.00,          34372239,           1218.50,    41882573221.50    
02 SEP 2026,HISARMETAL,EQ,HISAR METAL IND. LIMITED ,Listed    ,02 SEP 2026,              10.00,           5400000,            159.80,      862920000.00
02 SEP 2026,HITECH,EQ,HI-TECH PIPES LIMITED    ,Listed    ,02 SEP 2026,               1.00,         203107734,             76.55,    15545865960.35    
02 SEP 2026,HITECHCORP,BE,HITECH CORPORATION LTD   ,Listed    ,02 SEP 2026,              10.00,          17175700,            336.55,     5780481835.00
02 SEP 2026,HITECHGEAR,BE,THE HI-TECH GEARS LIMITED,Permitted ,02 SEP 2026,              10.00,          18813547,            569.20,    10708670952.40
02 SEP 2026,HLEGLAS,EQ,HLE GLASCOAT LIMITED     ,Listed    ,02 SEP 2026,               2.00,          69454739,            314.10,    21815733519.90   
02 SEP 2026,HLVLTD,EQ,HLV LIMITED              ,Listed    ,02 SEP 2026,               2.00,         659259899,              6.30,     4153337363.70    
02 SEP 2026,HMAAGRO,EQ,HMA AGRO INDUSTRIES LTD  ,Listed    ,02 SEP 2026,               1.00,         500769770,             20.90,    10461080495.30   
02 SEP 2026,HMT,BZ,HMT LTD -                ,Listed    ,02 SEP 2026,              10.00,         470670740,             67.50,    31760861535.20       
02 SEP 2026,HMVL,BE,HINDUSTAN MEDIA VENT LTD ,Listed    ,02 SEP 2026,              10.00,          73671548,             87.35,     6433736286.85      
02 SEP 2026,HNDFDS,EQ,HINDUSTAN FOODS LIMITED  ,Listed    ,02 SEP 2026,               2.00,         119481762,            622.80,    74413241373.60    
02 SEP 2026,HOACFOODS,ST,HOAC FOODS INDIA LIMITED ,Listed    ,02 SEP 2026,              10.00,           4340460,            923.70,     4009282902.00 
02 SEP 2026,HOLMARC,SM,HOLMARC OPTO MECHATRO L  ,Listed    ,02 SEP 2026,              10.00,          10050000,            107.00,     1075350000.00   
02 SEP 2026,HOMEFIRST,EQ,HOME FIRST FIN CO IND LTD,Listed    ,02 SEP 2026,               2.00,         104525221,           1196.70,   125085331970.70 
02 SEP 2026,HOMESFY,SM,HOMESFY REALTY LIMITED   ,Listed    ,02 SEP 2026,              10.00,           3226200,            111.30,      359076060.00   
02 SEP 2026,HONASA,EQ,HONASA CONSUMER LIMITED  ,Listed    ,02 SEP 2026,              10.00,         326024216,            469.95,   153215080309.20    
02 SEP 2026,HONAUT,EQ,HONEYWELL AUTOMATION IND ,Listed    ,02 SEP 2026,              10.00,           8841523,          35170.00,   310956363910.00    
02 SEP 2026,HONDAPOWER,EQ,HONDA I POWER PRODUCT LTD,Listed    ,02 SEP 2026,              10.00,          10143071,           1976.10,    20043722603.10
02 SEP 2026,HORIZONIND,EQ,HORIZON INDUSTRIAL PRKS L,Listed    ,02 SEP 2026,              10.00,        2882902834,             56.55,   163085813319.40
02 SEP 2026,HPAL,EQ,HP ADHESIVES LIMITED     ,Listed    ,02 SEP 2026,               2.00,          91874735,             35.00,     3216534472.35      
02 SEP 2026,HPIL,EQ,HINDPRAKASH INDUSTRY LTD ,Listed    ,02 SEP 2026,              10.00,          11424110,            122.00,     1393855661.10      
02 SEP 2026,HPL,EQ,HPL ELECTRIC & POWER LTD ,Listed    ,02 SEP 2026,              10.00,          64300486,            297.35,    19119749512.10       
02 SEP 2026,HPTL,SM,HP TELECOM INDIA LIMITED ,Listed    ,02 SEP 2026,              10.00,          11914710,            330.75,     3940790332.50      
02 SEP 2026,HRHNEXT,SM,HRH NEXT SERVICES LIMITED,Listed    ,02 SEP 2026,              10.00,          13204438,             24.65,      325489396.70   
02 SEP 2026,HRYNSHP,EQ,HARIYANA SHIP BREAKERS L ,Permitted ,02 SEP 2026,              10.00,           6166667,            102.00,      629000034.00   
02 SEP 2026,HSCL,EQ,HIMADRI SPECIALITY CHEM L,Listed    ,02 SEP 2026,               1.00,         504541599,            659.60,   332795638700.40      
02 SEP 2026,HTEL,BE,HY-TECH ENGINEERS LIMITED,Listed    ,02 SEP 2026,               5.00,          94852594,             78.55,     7450671258.70      
02 SEP 2026,HTMEDIA,EQ,HT MEDIA LIMITED         ,Listed    ,02 SEP 2026,               2.00,         182655286,             26.20,     4783741940.35   
02 SEP 2026,HUBTOWN,EQ,HUBTOWN LIMITED          ,Listed    ,02 SEP 2026,              10.00,         142100657,            180.60,    25663378654.20   
02 SEP 2026,HUDCO,EQ,HSG & URBAN DEV CORPN LTD,Listed    ,02 SEP 2026,              10.00,        2001900000,            178.35,   357038865000.00     
02 SEP 2026,HUHTAMAKI,EQ,HUHTAMAKI INDIA LIMITED  ,Listed    ,02 SEP 2026,               2.00,          75521934,            261.35,    19737657450.90 
02 SEP 2026,HVAX,SM,HVAX TECHNOLOGIES LIMITED,Listed    ,02 SEP 2026,              10.00,           2776875,            660.00,     1832737500.00      
02 SEP 2026,HYBRIDFIN,BE,HYBRID FINANCIAL SERVICE ,Listed    ,02 SEP 2026,               5.00,          29436275,             16.60,      488642165.00 
02 SEP 2026,HYUNDAI,EQ,HYUNDAI MOTOR INDIA LTD  ,Listed    ,02 SEP 2026,              10.00,         812541100,           2154.40,  1750538545840.00   
02 SEP 2026,IBLFL,SM,IBL FINANCE LIMITED      ,Listed    ,02 SEP 2026,              10.00,          24730650,             58.00,     1434377700.00     
02 SEP 2026,IBULLSLTD,EQ,INDIABULLS LIMITED       ,Listed    ,02 SEP 2026,               2.00,        2324382138,             25.95,    60340960302.50 
02 SEP 2026,ICDSLTD,EQ,ICDS LTD                 ,Listed    ,02 SEP 2026,              10.00,          13026700,             59.05,      769356902.00   
02 SEP 2026,ICELCO,SM,IC ELECTRICALS COMPANY L ,Listed    ,02 SEP 2026,              10.00,          18261600,            114.90,     2098257840.00    
02 SEP 2026,ICEMAKE,EQ,ICE MAKE REFRIGERAT LTD  ,Listed    ,02 SEP 2026,              10.00,          15779735,            739.70,    11672269979.50   
02 SEP 2026,ICICIAMC,EQ,ICICI PRUDENTIAL AMC LTD ,Listed    ,02 SEP 2026,               1.00,         494258520,           2973.30,  1469578857516.00  
02 SEP 2026,ICICIBANK,EQ,ICICI BANK LTD.          ,Listed    ,02 SEP 2026,               2.00,        7173504860,           1426.50, 10233004682790.00 
02 SEP 2026,ICICIGI,EQ,ICICI LOMBARD GIC LIMITED,Listed    ,02 SEP 2026,              10.00,         499172227,           1537.00,   767227712899.00   
02 SEP 2026,ICICIPRULI,EQ,ICICI PRU LIFE INS CO LTD,Listed    ,02 SEP 2026,              10.00,        1450717046,            499.50,   724633164477.00
02 SEP 2026,ICIL,EQ,INDO COUNT INDUSTRIES LTD,Listed    ,02 SEP 2026,               2.00,         198054340,            447.15,    88559998131.00      
02 SEP 2026,ICRA,EQ,ICRA LIMITED             ,Listed    ,02 SEP 2026,              10.00,           9651231,           4891.30,    47207066190.30      
02 SEP 2026,IDBI,EQ,IDBI BANK LIMITED        ,Listed    ,02 SEP 2026,              10.00,       10752402175,             91.55,   984382419121.25      
02 SEP 2026,IDEA,EQ,VODAFONE IDEA LIMITED    ,Listed    ,02 SEP 2026,              10.00,      108343035001,             14.55,  1574224298564.55      
02 SEP 2026,IDEAFORGE,EQ,IDEAFORGE TECHNO LTD     ,Listed    ,02 SEP 2026,              10.00,          49685597,            769.75,    38245488290.75 
02 SEP 2026,IDEALTECHO,SM,IDEAL TECHNOPLAST IND LTD,Listed    ,02 SEP 2026,              10.00,           5000000,            170.00,      850000000.00
02 SEP 2026,IDENTICAL,SM,IDENTICAL BRAINS STUDIO L,Listed    ,02 SEP 2026,              10.00,          14025958,             17.00,      238441286.00 
02 SEP 2026,IDFCFIRSTB,EQ,IDFC FIRST BANK LIMITED  ,Listed    ,02 SEP 2026,              10.00,        8613225416,             85.10,   732899350647.45
02 SEP 2026,IEML,ST,INDIAN EMULSIFIERS LTD   ,Listed    ,02 SEP 2026,              10.00,          18333333,             41.30,      757166652.90      
02 SEP 2026,IEX,EQ,INDIAN ENERGY EXC LTD    ,Listed    ,02 SEP 2026,               1.00,         891692735,            118.85,   105986598482.10       
02 SEP 2026,IFBAGRO,EQ,IFB AGRO INDUSTRIES LTD  ,Listed    ,02 SEP 2026,              10.00,           9367111,            897.65,     8408387189.15   
02 SEP 2026,IFBIND,EQ,IFB INDUSTRIES LTD       ,Listed    ,02 SEP 2026,              10.00,          40518796,           1296.00,    52512359616.00    
02 SEP 2026,IFCI,EQ,IFCI LTD                 ,Listed    ,02 SEP 2026,              10.00,        2694314331,             98.30,   264904985023.90      
02 SEP 2026,IFGLEXPOR,EQ,IFGL REFRACTORIES LIMITED,Listed    ,02 SEP 2026,              10.00,          72078624,            207.95,    14988749860.80 
02 SEP 2026,IGARASHI,EQ,IGARASHI MOTORS INDIA LTD,Listed    ,02 SEP 2026,              10.00,          31475048,            415.00,    13062144920.00  
02 SEP 2026,IGCL,EQ,INDOGULF CROPSCIENCES LTD,Listed    ,02 SEP 2026,              10.00,          63223997,             73.25,     4632422260.20      
02 SEP 2026,IGIL,EQ,INTL GEMOLOGICAL INST LTD,Listed    ,02 SEP 2026,               2.00,         432159696,            327.20,   141402652531.20      
02 SEP 2026,IGL,EQ,INDRAPRASTHA GAS LTD     ,Listed    ,02 SEP 2026,               2.00,        1400001600,            147.95,   207116236704.00       
02 SEP 2026,IGPL,EQ,I G PETROCHEMICALS LTD   ,Listed    ,02 SEP 2026,              10.00,          30794850,            546.40,    16826306040.00      
02 SEP 2026,IIFL,EQ,IIFL FINANCE LIMITED     ,Listed    ,02 SEP 2026,               2.00,         425324987,            633.25,   269337048017.75      
02 SEP 2026,IIFLCAPS,EQ,IIFL CAPITAL SERVICES LTD,Listed    ,02 SEP 2026,               2.00,         311669964,            338.30,   105437948821.20  
02 SEP 2026,IITL,EQ,INDUSTRIAL INV TRUST LTD ,Listed    ,02 SEP 2026,              10.00,          21827550,            150.05,     3275223877.50      
02 SEP 2026,IKIO,EQ,IKIO TECHNOLOGIES LIMITED,Listed    ,02 SEP 2026,              10.00,          77280701,            206.15,    15930643704.15      
02 SEP 2026,IKS,EQ,INVENTURUS KNOWLEDGE SO L,Listed    ,02 SEP 2026,               1.00,         171573159,           1744.10,   299240746611.90       
02 SEP 2026,IL&FSENGG,BZ,IL&FS ENG AND CONS CO LTD,Listed    ,02 SEP 2026,              10.00,         131121078,             34.10,     4471228759.80 
02 SEP 2026,IL&FSTRANS,BZ,IL&FS TRANS NET LTD      ,Listed    ,02 SEP 2026,              10.00,         328960027,              2.20,      720422459.15
02 SEP 2026,IMAGICAA,EQ,IMAGICAAWORLD ENT LTD    ,Listed    ,02 SEP 2026,              10.00,         565861447,             54.60,    30901693620.65  
02 SEP 2026,IMFA,EQ,INDIAN METALS & FERRO    ,Listed    ,02 SEP 2026,              10.00,          53954106,           1289.10,    69552238044.60      
02 SEP 2026,IMPAL,EQ,IND MOTOR PART & ACC LTD ,Listed    ,02 SEP 2026,              10.00,          12480000,           1102.10,    13754208000.00     
02 SEP 2026,IMPEXFERRO,BZ,IMPEX FERRO TECH LIMITED ,Listed    ,02 SEP 2026,              10.00,          87931604,              4.55,      399209482.15
02 SEP 2026,INA,EQ,INSOLATION ENERGY LIMITED,Listed    ,02 SEP 2026,               1.00,         220394625,             89.35,    19696667636.25       
02 SEP 2026,INCREDIBLE,EQ,INCREDIBLE INDUSTRIES LTD,Listed    ,02 SEP 2026,              10.00,          46763750,             32.10,     1500181100.00
02 SEP 2026,INDBANK,EQ,INDBANK MERCH BANK       ,Listed    ,02 SEP 2026,              10.00,          44378200,             31.10,     1380162020.00   
02 SEP 2026,INDGN,EQ,INDEGENE LIMITED         ,Listed    ,02 SEP 2026,               2.00,         240954305,            600.15,   144608726145.75     
02 SEP 2026,INDHOTEL,EQ,THE INDIAN HOTELS CO. LTD,Listed    ,02 SEP 2026,               1.00,        1423432227,            727.70,  1035831631587.90  
02 SEP 2026,INDIACEM,EQ,THE INDIA CEMENTS LIMITED,Listed    ,02 SEP 2026,              10.00,         309897201,            358.30,   111036167118.30  
02 SEP 2026,INDIAGLYCO,BE,INDIA GLYCOLS LTD        ,Listed    ,02 SEP 2026,               5.00,          67026765,            236.20,    15831721893.00
02 SEP 2026,INDIAMART,EQ,INDIAMART INTERMESH LTD  ,Listed    ,02 SEP 2026,              10.00,          60143148,           1740.80,   104697192038.40 
02 SEP 2026,INDIANB,EQ,INDIAN BANK              ,Listed    ,02 SEP 2026,              10.00,        1346963981,            878.80,  1183711946502.80   
02 SEP 2026,INDIANCARD,EQ,INDIAN CARD CLOTHING CO. ,Listed    ,02 SEP 2026,              10.00,           5941120,            209.90,     1247159910.40
02 SEP 2026,INDIANHUME,EQ,INDIAN HUME PIPE CO. LTD.,Listed    ,02 SEP 2026,               2.00,          52681770,            388.70,    20477403999.00
02 SEP 2026,INDIASHLTR,EQ,INDIA SHELTER FIN CORP L ,Listed    ,02 SEP 2026,               5.00,         108785099,            651.20,    70840856468.80
02 SEP 2026,INDIFRA,SM,INDIFRA LIMITED          ,Listed    ,01 SEP 2026,              10.00,           7290000,             12.85,       93676500.00   
02 SEP 2026,INDIGO,EQ,INTERGLOBE AVIATION LTD  ,Listed    ,02 SEP 2026,              10.00,         386657498,           5020.00,  1941020639960.00    
02 SEP 2026,INDIGOPNTS,EQ,INDIGO PAINTS LIMITED    ,Listed    ,02 SEP 2026,              10.00,          47675662,           1171.00,    55828200202.00
02 SEP 2026,INDIGRID,IV,INDIGRID INFRASTRUCT TRST,Listed    ,02 SEP 2026,             100.00,         952564719,            175.20,   166908390063.20  
02 SEP 2026,INDIQUBE,EQ,INDIQUBE SPACES LIMITED  ,Listed    ,02 SEP 2026,               1.00,         211997634,            193.15,    40951582959.80  
02 SEP 2026,INDNIPPON,EQ,INDIA NIPPON ELECT  LTD  ,Listed    ,02 SEP 2026,               5.00,          22621424,           1064.30,    24075981563.20 
02 SEP 2026,INDOAMIN,BE,INDO AMINES LIMITED      ,Listed    ,02 SEP 2026,               5.00,          72587560,            122.40,     8883265592.80  
02 SEP 2026,INDOBORAX,EQ,INDO BORAX & CHEMICAL LTD,Listed    ,02 SEP 2026,               1.00,          32090000,            506.15,    16242353500.00 
02 SEP 2026,INDOCO,EQ,INDOCO REMEDIES LTD.     ,Listed    ,02 SEP 2026,               2.00,          92303605,            273.75,    25269957940.85    
02 SEP 2026,INDOFARM,EQ,INDO FARM EQUIPMENT LTD  ,Listed    ,02 SEP 2026,              10.00,          48051600,            134.95,     6485524452.00  
02 SEP 2026,INDOKEM,EQ,INDOKEM LTD.             ,Permitted ,02 SEP 2026,              10.00,          27888255,            597.55,    16664626775.25   
02 SEP 2026,INDOMIM,EQ,INDO-MIM LIMITED         ,Listed    ,02 SEP 2026,               1.00,         494480907,            888.00,   439099045416.00   
02 SEP 2026,INDORAMA,EQ,INDO RAMA SYNTHETICS LTD ,Listed    ,02 SEP 2026,              10.00,         261113151,             66.75,    17434525092.25  
02 SEP 2026,INDOSTAR,EQ,INDOSTAR CAPITAL FIN LTD ,Listed    ,02 SEP 2026,              10.00,         161616023,            261.05,    42193095124.60  
02 SEP 2026,INDOTECH,EQ,INDO TECH TRANSFORM LTD. ,Listed    ,02 SEP 2026,              10.00,          10620000,           3577.20,    37989864000.00  
02 SEP 2026,INDOTHAI,EQ,INDO THAI SEC LTD        ,Listed    ,02 SEP 2026,               1.00,         128618190,             39.60,     5094566505.90  
02 SEP 2026,INDOUS,EQ,INDO US BIOTECH LTD      ,Listed    ,02 SEP 2026,              10.00,          20052000,             78.15,     1567063800.00    
02 SEP 2026,INDOWIND,EQ,INDOWIND ENERGY LTD      ,Listed    ,02 SEP 2026,              10.00,         161002170,              9.00,     1445799486.60  
02 SEP 2026,INDPRUD,EQ,INDUSTRIAL & PRU INV CO L,Permitted ,02 SEP 2026,              10.00,           1675840,           6275.00,    10515896000.00   
02 SEP 2026,INDRAMEDCO,EQ,INDRAPRASTHA MEDICAL CORP,Listed    ,02 SEP 2026,              10.00,          91673000,            352.35,    32300981550.00
02 SEP 2026,INDSWFTLAB,EQ,IND SWIFT LABORATORIES LT,Listed    ,02 SEP 2026,              10.00,          86836558,            366.85,    31855991302.30
02 SEP 2026,INDTERRAIN,EQ,IND TERRAIN FASHIONS LTD ,Listed    ,02 SEP 2026,               2.00,          50667367,             30.15,     1528127788.70
02 SEP 2026,INDUSINDBK,EQ,INDUSIND BANK LIMITED    ,Listed    ,02 SEP 2026,              10.00,         779132752,            978.00,   761991831456.00
02 SEP 2026,INDUSINVIT,IV,INDUS INFRA TRUST        ,Listed    ,02 SEP 2026,             100.00,         611005831,            133.45,    81526508030.35
02 SEP 2026,INDUSTOWER,EQ,INDUS TOWERS LIMITED     ,Listed    ,02 SEP 2026,              10.00,        2638162757,            379.00,   999863684903.00
02 SEP 2026,INFINIUM,SM,INFINIUM PHARMACHEM LTD  ,Listed    ,02 SEP 2026,              10.00,          15583120,            259.95,     4050832044.00  
02 SEP 2026,INFLUX,SM,INFLUX HEALTHTECH LIMITED,Listed    ,02 SEP 2026,              10.00,          23150400,            283.85,     6571241040.00    
02 SEP 2026,INFOBEAN,EQ,INFOBEANS TECHNO. LTD.   ,Listed    ,02 SEP 2026,              10.00,          96959440,            157.20,    15243963156.80  
02 SEP 2026,INFOLLION,SM,INFOLLION RESEARCH SER L ,Listed    ,02 SEP 2026,              10.00,           9706759,            156.25,     1516681093.75 
02 SEP 2026,INFOMEDIA,EQ,INFOMEDIA PRESS LIMITED  ,Listed    ,02 SEP 2026,              10.00,          50194172,              5.15,      258499985.80 
02 SEP 2026,INFY,EQ,INFOSYS LIMITED          ,Listed    ,02 SEP 2026,               5.00,        4057255905,           1140.00,  4625271731700.00      
02 SEP 2026,INGERRAND,EQ,INGERSOLL-RAND INDIA LTD ,Listed    ,02 SEP 2026,              10.00,          31568000,           4883.50,   154162328000.00 
02 SEP 2026,INM,SM,INTERIORS & MORE LIMITED ,Listed    ,28 AUG 2026,              10.00,          13990800,            156.00,     2182564800.00       
02 SEP 2026,INNOMET,ST,INNOMET ADVANCED MATERI L,Listed    ,02 SEP 2026,              10.00,          12940138,            271.55,     3513894473.90   
02 SEP 2026,INNOVACAP,EQ,INNOVA CAPTAB LIMITED    ,Listed    ,02 SEP 2026,              10.00,          57224929,           1108.60,    63439556289.40 
02 SEP 2026,INNOVANA,EQ,INNOVANA THINKLABS LTD   ,Listed    ,02 SEP 2026,              10.00,          20660000,            298.05,     6157713000.00  
02 SEP 2026,INNOVISION,EQ,INNOVISION LIMITED       ,Listed    ,02 SEP 2026,              10.00,          23813294,            258.75,     6161689822.50
02 SEP 2026,INOXGREEN,EQ,INOX GREEN ENERGY SER LTD,Listed    ,02 SEP 2026,              10.00,         401492045,            164.25,    65945068391.25 
02 SEP 2026,INOXINDIA,EQ,INOX INDIA LIMITED       ,Listed    ,02 SEP 2026,               2.00,          90763500,           2099.40,   190548891900.00 
02 SEP 2026,INOXWIND,EQ,INOX WIND LIMITED        ,Listed    ,02 SEP 2026,              10.00,        1728237822,             70.60,   121996307855.00  
02 SEP 2026,INSECTICID,EQ,INSECTICIDES (I) LTD     ,Listed    ,02 SEP 2026,              10.00,          29097837,            612.60,    17825334946.20
02 SEP 2026,INSPIRE,SM,INSPIRE FILMS LIMITED    ,Listed    ,01 SEP 2026,              10.00,          13609299,              8.05,      109554856.95   
02 SEP 2026,INSPIRISYS,EQ,INSPIRISYS SOLUTIONS LTD ,Listed    ,02 SEP 2026,              10.00,          39616873,             89.70,     3553633508.10
02 SEP 2026,INTEGRITY,ST,INTEGRITY INFRABUILD DE L,Listed    ,02 SEP 2026,              10.00,           4400000,            174.00,      765600000.00 
02 SEP 2026,INTELLECT,EQ,INTELLECT DESIGN ARENA   ,Listed    ,02 SEP 2026,               5.00,         140010738,            679.25,    95102293786.50 
02 SEP 2026,INTENTECH,EQ,INTENSE TECHNOLOGIES LTD ,Listed    ,02 SEP 2026,               2.00,          23624449,             80.10,     1892082120.40 
02 SEP 2026,INTERARCH,EQ,INTERARCH BLDNG SOLTN LTD,Listed    ,02 SEP 2026,              10.00,          16771853,           1687.50,    28302501937.50 
02 SEP 2026,INTERISE,IV,INTERISE TRUST           ,Listed    ,16 SEP 2025,             100.00,        1042411177,            107.20,   111725629950.85  
02 SEP 2026,INTLCONV,EQ,INTL CONVEYORS LIMITED   ,Listed    ,02 SEP 2026,               1.00,          63781000,             79.65,     5080156650.00  
02 SEP 2026,INVENTURE,EQ,INVENTURE GRO & SEC LTD  ,Listed    ,02 SEP 2026,               1.00,        1050000000,              0.90,      966000000.00 
02 SEP 2026,INVICTA,SM,INVICTA DIAGNOSTIC LTD   ,Listed    ,02 SEP 2026,              10.00,          12571973,             69.90,      878780912.70   
02 SEP 2026,INVPRECQ,BE,INVESTMENT & PREC CAST L ,Permitted ,02 SEP 2026,              10.00,          10000000,           1275.00,    12750000000.00  
02 SEP 2026,IOB,EQ,INDIAN OVERSEAS BANK     ,Listed    ,02 SEP 2026,              10.00,       19256589795,             32.70,   629305354500.60       
02 SEP 2026,IOC,EQ,INDIAN OIL CORP LTD      ,Listed    ,02 SEP 2026,              10.00,       14121238383,            137.00,  1934609658471.00       
02 SEP 2026,IOLCP,EQ,IOL CHEM AND PHARMA LTD  ,Listed    ,02 SEP 2026,               2.00,         293527510,            188.40,    55294712333.80     
02 SEP 2026,IONEXCHANG,EQ,ION EXCHANGE (INDIA) LTD ,Listed    ,02 SEP 2026,               1.00,         146666590,            382.10,    56041304039.00
02 SEP 2026,IPCALAB,EQ,IPCA LABORATORIES LTD    ,Listed    ,02 SEP 2026,               1.00,         253704218,           1956.50,   496372302517.00   
02 SEP 2026,IPHL,SM,INDIAN PHOSPHATE LIMITED ,Listed    ,02 SEP 2026,              10.00,          24989609,             69.80,     1744274708.20      
02 SEP 2026,IPL,EQ,INDIA PESTICIDES LIMITED ,Listed    ,02 SEP 2026,               1.00,         115163508,            136.45,    15714060666.60       
02 SEP 2026,IPRINGLTD,EQ,IP RINGS LTD.            ,Permitted ,02 SEP 2026,              10.00,          12675865,            167.80,     2126756629.70 
02 SEP 2026,IPSL,SM,INTEGRATED PERSO SER LTD ,Listed    ,01 SEP 2026,              10.00,          10213010,            210.00,     2144732100.00      
02 SEP 2026,IRB,EQ,IRB INFRA DEV LTD.       ,Listed    ,02 SEP 2026,               1.00,       12078000000,             19.20,   231656040000.00       
02 SEP 2026,IRBINVIT,IV,IRB INVIT FUND           ,Listed    ,02 SEP 2026,             102.00,        1281600000,             64.30,    82406880000.00  
02 SEP 2026,IRBIT,IV,IRB INFRASTRUCTURE TRUST ,Listed    ,13 JUN 2024,             100.00,        1172093265,            214.25,   251097540160.95     
02 SEP 2026,IRCON,EQ,IRCON INTERNATIONAL LTD  ,Listed    ,02 SEP 2026,               2.00,         940515740,            118.25,   111215986255.00     
02 SEP 2026,IRCTC,EQ,INDIAN RAIL TOUR CORP LTD,Listed    ,02 SEP 2026,               2.00,         800000000,            472.60,   378080000000.00     
02 SEP 2026,IREDA,EQ,INDIAN RENEWABLE ENERGY  ,Listed    ,02 SEP 2026,              10.00,        2809231268,            112.55,   316178979213.40     
02 SEP 2026,IRFC,EQ,INDIAN RAILWAY FIN CORP L,Listed    ,02 SEP 2026,              10.00,       13068506000,             82.50,  1077890374880.00      
02 SEP 2026,IRIS,EQ,IRIS REGTECH SOLUTION LTD,Listed    ,02 SEP 2026,              10.00,          20568247,            245.80,     5055675112.60      
02 SEP 2026,IRISDOREME,EQ,IRIS CLOTHINGS LIMITED   ,Listed    ,02 SEP 2026,               2.00,         190331470,             58.40,    11113454533.30
02 SEP 2026,IRMENERGY,EQ,IRM ENERGY LIMITED       ,Listed    ,02 SEP 2026,              10.00,          41059677,            283.25,    11630153510.25 
02 SEP 2026,ISFT,EQ,INTRASOFT TECH. LTD      ,Listed    ,02 SEP 2026,              10.00,          16311678,             87.80,     1432328445.20      
02 SEP 2026,ISGEC,EQ,ISGEC HEAVY ENG LTD      ,Listed    ,02 SEP 2026,               1.00,          73529510,            777.55,    57172870500.50     
02 SEP 2026,ISHAN,SM,ISHAN INTERNATIONAL LTD  ,Listed    ,02 SEP 2026,               1.00,         216235290,              0.50,      108117645.00     
02 SEP 2026,ISHANCH,EQ,ISHAN DYES N CHEMICALS L ,Listed    ,02 SEP 2026,              10.00,          27304397,             43.75,     1195113456.70   
02 SEP 2026,ISTLTD,EQ,I S T LTD.               ,Permitted ,02 SEP 2026,               5.00,          11664112,            636.10,     7419541643.20    
02 SEP 2026,ITALIANE,SM,ITALIAN EDIBLES LIMITED  ,Listed    ,02 SEP 2026,              10.00,          14777151,             32.00,      472868832.00  
02 SEP 2026,ITC,EQ,ITC LTD                  ,Listed    ,02 SEP 2026,               1.00,       12529468232,            266.30,  3336597390181.60       
02 SEP 2026,ITCHOTELS,EQ,ITC HOTELS LIMITED       ,Listed    ,02 SEP 2026,               1.00,        2082976309,            158.65,   330422531896.65 
02 SEP 2026,ITDC,EQ,INDIA TOUR. DEV. CO. LTD.,Listed    ,02 SEP 2026,              10.00,          85769400,            637.15,    54647973210.00      
02 SEP 2026,ITI,EQ,ITI LTD                  ,Listed    ,02 SEP 2026,              10.00,         962851967,            267.70,   257755471565.90       
02 SEP 2026,ITL,EQ,ITL INDUSTRIES LTD.      ,Permitted ,02 SEP 2026,              10.00,           3204300,            363.20,     1163801760.00       
02 SEP 2026,ITTL,ST,INNOVATIVE TYRE & TUBE LT,Listed    ,02 SEP 2026,              10.00,          10000000,             64.20,      642000000.00      
02 SEP 2026,IVALUE,EQ,IVALUE INFOSOLUTIONS LTD ,Listed    ,02 SEP 2026,               2.00,          54630380,            238.40,    13022789984.40    
02 SEP 2026,IVC,EQ,IL&FS INVESTMENT MANAGERS,Listed    ,02 SEP 2026,               2.00,         314032740,              9.60,     3011573976.60       
02 SEP 2026,IVP,BE,IVP LIMITED              ,Listed    ,02 SEP 2026,              10.00,          10326263,            209.80,     2166449977.40       
02 SEP 2026,IWARE,ST,IWARE SUPPLYCHAIN SER LTD,Listed    ,02 SEP 2026,              10.00,          11506800,            440.25,     5065868700.00     
02 SEP 2026,IWP,EQ,INDIAN WOOD PRODUCTS CO L,Permitted ,02 SEP 2026,               2.00,          63972720,             34.95,     2236486291.20       
02 SEP 2026,IXIGO,EQ,LE TRAVENUES TECHNOLOGY L,Listed    ,02 SEP 2026,               1.00,         438669111,            156.40,    68616622342.60     
02 SEP 2026,IZMO,EQ,IZMO LIMITED             ,Listed    ,02 SEP 2026,              10.00,          14962576,            938.80,    14046866348.80      
02 SEP 2026,J&KBANK,EQ,J & K BANK LTD.          ,Listed    ,02 SEP 2026,               1.00,        1101182463,            144.45,   159054794955.70   
02 SEP 2026,JAGRAN,EQ,JAGRAN PRAKASHAN LIMITED ,Listed    ,02 SEP 2026,               2.00,         217654272,             61.05,    13283440220.15    
02 SEP 2026,JAGSNPHARM,EQ,JAGSONPAL PHARMACEUTICALS,Listed    ,02 SEP 2026,               2.00,          65835470,            237.05,    15604981454.10
02 SEP 2026,JAIBALAJI,EQ,JAI BALAJI INDUSTRIES LTD,Listed    ,02 SEP 2026,               2.00,         912256930,             70.60,    64405339258.00 
02 SEP 2026,JAICORPLTD,EQ,JAI CORP LIMITED         ,Listed    ,02 SEP 2026,               1.00,         175504995,             98.00,    17201244559.95
02 SEP 2026,JAINAM,SM,JAINAM FER ALLOYS (I) LTD,Listed    ,02 SEP 2026,              10.00,          11711200,            224.90,     2633848880.00    
02 SEP 2026,JAINIK,SM,JAINIK POWER CABLES LTD  ,Listed    ,02 SEP 2026,              10.00,          14347700,            208.00,     2984321600.00    
02 SEP 2026,JAINREC,EQ,JAIN RESOURCE RECYCLING L,Listed    ,02 SEP 2026,               2.00,         345085814,            282.15,    97365962420.10   
02 SEP 2026,JAIPURKURT,EQ,NANDANI CREATION LIMITED ,Listed    ,02 SEP 2026,              10.00,          19090714,             26.30,      502085778.20
02 SEP 2026,JAKHARIA,ST,JAKHARIA FABRIC LIMITED  ,Listed    ,16 OCT 2025,              10.00,          12191490,             60.50,      737585145.00  
02 SEP 2026,JALAN,ST,JALAN TRANSOLU. INDIA LTD,Listed    ,02 SEP 2026,              10.00,          14537220,              1.85,       26893857.00     
02 SEP 2026,JAMNAAUTO,EQ,JAMNA AUTO IND LTD       ,Listed    ,02 SEP 2026,               1.00,         399786635,            120.30,    48090334324.15 
02 SEP 2026,JARO,EQ,JARO INS OF TEC MG N RE L,Listed    ,02 SEP 2026,              10.00,          22270387,            455.25,    10138593681.75      
02 SEP 2026,JASH,EQ,JASH ENGINEERING LIMITED ,Listed    ,02 SEP 2026,               2.00,          63193720,            470.35,    29723166202.00      
02 SEP 2026,JAYAGROGN,EQ,JAYANT AGRO ORGANICS LTD ,Listed    ,02 SEP 2026,               5.00,          30000000,            229.55,     6887100000.00 
02 SEP 2026,JAYBARMARU,EQ,JAY BHARAT MARUTI LTD    ,Listed    ,02 SEP 2026,               2.00,         108250000,            122.45,    13254130000.00
02 SEP 2026,JAYBEE,SM,JAY BEE LAMINATIONS LTD  ,Listed    ,02 SEP 2026,              10.00,          22567600,             86.30,     1947583880.00    
02 SEP 2026,JAYESH,SM,JAYESH LOGISTICS LIMITED ,Listed    ,02 SEP 2026,              10.00,           8691449,            132.65,     1152920709.85    
02 SEP 2026,JAYKAY,EQ,JAYKAY ENTERPRISES LTD   ,Listed    ,02 SEP 2026,               1.00,         130287066,            169.40,    22070628980.40    
02 SEP 2026,JAYNECOIND,EQ,JAYASWAL NECO INDUSTR LTD,Listed    ,02 SEP 2026,              10.00,         970998244,             98.20,    95342317578.35
02 SEP 2026,JAYSREETEA,EQ,JAYSHREE TEA & INDUSTRIES,Listed    ,02 SEP 2026,               5.00,          28877488,             99.80,     2881684527.50
02 SEP 2026,JBMA,EQ,JBM AUTO LIMITED         ,Listed    ,02 SEP 2026,               1.00,         236494264,            621.50,   146981185076.00      
02 SEP 2026,JENBURPH,EQ,JENBURKT PHARMACEUTICAL L,Permitted ,02 SEP 2026,              10.00,           4413300,           1043.90,     4607043870.00  
02 SEP 2026,JETFREIGHT,EQ,JET FREIGHT LOGISTICS LTD,Listed    ,02 SEP 2026,               5.00,          46403784,             21.15,      982368107.30
02 SEP 2026,JETKNIT,ST,JET KNITWEARS LTD.       ,Listed    ,27 AUG 2026,              10.00,           4083200,             48.45,      197831040.00   
02 SEP 2026,JEYYAM,ST,JEYYAM GLOBAL FOODS LTD  ,Listed    ,02 SEP 2026,               5.00,          47496756,             22.30,     1059177658.80    
02 SEP 2026,JFLLIFE,SM,JFL LIFE SCIENCES LIMITED,Listed    ,02 SEP 2026,              10.00,          65990646,             10.15,      669805056.90   
02 SEP 2026,JGCHEM,EQ,J.G.CHEMICALS LIMITED    ,Listed    ,02 SEP 2026,              10.00,          39186063,            600.85,    23544945953.55    
02 SEP 2026,JHS,EQ,JHS SVEND. LAB. LTD      ,Listed    ,02 SEP 2026,              10.00,          87405767,              7.80,      682639040.25       
02 SEP 2026,JINDALPHOT,EQ,JINDAL PHOTO LIMITED     ,Listed    ,02 SEP 2026,              10.00,          10258326,           1027.60,    10541455797.60
02 SEP 2026,JINDALPOLY,EQ,JINDAL POLY FILMS LIMITED,Listed    ,02 SEP 2026,              10.00,          43786413,            686.25,    30048425921.25
02 SEP 2026,JINDALSAW,EQ,JINDAL SAW LIMITED       ,Listed    ,02 SEP 2026,               1.00,         639508234,            309.15,   197703970541.10 
02 SEP 2026,JINDALSTEL,EQ,JINDAL STEEL LIMITED     ,Listed    ,02 SEP 2026,               1.00,        1020088097,           1159.40,  1182690139661.80
02 SEP 2026,JINDRILL,EQ,JINDAL DRILLING IND. LTD ,Listed    ,02 SEP 2026,               5.00,          28981104,            642.10,    18608766878.40  
02 SEP 2026,JINDWORLD,EQ,JINDAL WORLDWIDE LTD     ,Listed    ,02 SEP 2026,               1.00,        1002602000,             40.20,    40294574380.00 
02 SEP 2026,JIOFIN,EQ,JIO FIN SERVICES LTD     ,Listed    ,02 SEP 2026,              10.00,        6603141623,            236.90,  1564284250488.70    
02 SEP 2026,JISLDVREQS,EQ,JAIN DVR EQUITY SHARES   ,Listed    ,02 SEP 2026,               2.00,          19294304,             20.95,      404601554.90
02 SEP 2026,JISLJALEQS,EQ,JAIN IRRIGATION SYSTEMS  ,Listed    ,02 SEP 2026,               2.00,         714609991,             28.25,    20180586145.85
02 SEP 2026,JITFINFRA,EQ,JITF INFRALOGISTICS LTD  ,Listed    ,02 SEP 2026,               2.00,          25703706,            304.25,     7820352550.50 
02 SEP 2026,JIWANRAM,SM,JIWANRAM SHEODUTTRA IND L,Listed    ,02 SEP 2026,              10.00,          24748225,              4.35,      107654778.75  
02 SEP 2026,JKCEMENT,EQ,JK CEMENT LIMITED        ,Listed    ,02 SEP 2026,              10.00,          77268251,           4979.50,   384757255854.50  
02 SEP 2026,JKIL,EQ,JKUMAR INFR.LTD.         ,Listed    ,02 SEP 2026,               5.00,          75665506,            483.50,    36584272151.00      
02 SEP 2026,JKIPL,EQ,JINKUSHAL INDUSTRIES LTD ,Listed    ,02 SEP 2026,              10.00,          38386000,            107.55,     4128798160.00     
02 SEP 2026,JKLAKSHMI,EQ,JK LAKSHMI CEMENT LTD    ,Listed    ,02 SEP 2026,               5.00,         124144426,            514.30,    63847478291.80 
02 SEP 2026,JKPAPER,EQ,JK PAPER LIMITED         ,Listed    ,02 SEP 2026,              10.00,         181318771,            395.20,    71657178299.20   
02 SEP 2026,JKTYRE,EQ,JK TYRE & INDUSTRIES LTD ,Listed    ,02 SEP 2026,               2.00,         288289511,            370.15,   106710362496.65    
02 SEP 2026,JLHL,EQ,JUPITER LIFE LINE HOSP L ,Listed    ,02 SEP 2026,               2.00,         327830110,            287.65,    94300331141.50      
02 SEP 2026,JMA,EQ,JULLUNDUR MOT AGENCY LTD ,Listed    ,02 SEP 2026,               2.00,          22841054,             90.55,     2068485850.25       
02 SEP 2026,JMFINANCIL,EQ,JM FINANCIAL LIMITED     ,Listed    ,02 SEP 2026,               1.00,         956466194,            129.40,   123757160841.65
02 SEP 2026,JNKINDIA,EQ,JNK INDIA LIMITED        ,Listed    ,02 SEP 2026,               2.00,          55953915,            420.90,    23551002823.50  
02 SEP 2026,JNPR,EQ,JUNIPER GREEN ENERGY LTD ,Listed    ,02 SEP 2026,              10.00,         568998442,            260.25,   148081844530.50      
02 SEP 2026,JOCIL,BE,JOCIL LIMITED            ,Listed    ,02 SEP 2026,              10.00,           8881150,            150.80,     1339188608.50     
02 SEP 2026,JPOLYINVST,EQ,JIND POL INV & FIN CO LTD,Listed    ,02 SEP 2026,              10.00,          10511929,           1011.90,    10637020955.10
02 SEP 2026,JPPOWER,EQ,JAIPRAKASH POWER VEN. LTD,Listed    ,02 SEP 2026,              10.00,        6853458827,             16.35,   112191120998.00   
02 SEP 2026,JSFB,EQ,JANA SMALL FIN BANK LTD  ,Listed    ,02 SEP 2026,              10.00,         105341046,            523.40,    55135503476.40      
02 SEP 2026,JSL,EQ,JINDAL STAINLESS LIMITED ,Listed    ,02 SEP 2026,               2.00,         824419588,            734.90,   605865955221.20       
02 SEP 2026,JSLL,EQ,JEENA SIKHO LIFECARE LTD ,Listed    ,02 SEP 2026,               2.00,         124300730,            513.65,    63847069964.50      
02 SEP 2026,JSWCEMENT,EQ,JSW CEMENT LIMITED       ,Listed    ,02 SEP 2026,              10.00,        1363364936,            123.60,   168511906089.60 
02 SEP 2026,JSWDULUX,EQ,JSW DULUX LIMITED        ,Listed    ,02 SEP 2026,              10.00,          45540314,           3163.30,   144057675276.20  
02 SEP 2026,JSWENERGY,EQ,JSW ENERGY LIMITED       ,Listed    ,02 SEP 2026,              10.00,        1833482736,            539.80,   989713980892.80 
02 SEP 2026,JSWHL,EQ,JSW HOLDINGS LIMITED     ,Listed    ,02 SEP 2026,              10.00,          11099625,          11441.00,   126990809625.00     
02 SEP 2026,JSWINFRA,EQ,JSW INFRASTRUCTURE LTD   ,Listed    ,02 SEP 2026,               2.00,        2330001567,            332.10,   773793520400.70  
02 SEP 2026,JSWSTEEL,EQ,JSW STEEL LIMITED        ,Listed    ,02 SEP 2026,               1.00,        2445453966,           1306.00,  3193762879596.00  
02 SEP 2026,JTEKTINDIA,EQ,JTEKT INDIA LIMITED      ,Listed    ,02 SEP 2026,               1.00,         277396890,            121.40,    33670434508.20
02 SEP 2026,JTLIND,EQ,JTL INDUSTRIES LIMITED   ,Listed    ,02 SEP 2026,               1.00,         393081630,             92.40,    36320742612.00    
02 SEP 2026,JUBLCPL,EQ,JUBILANT AGRI N CON PRO L,Listed    ,02 SEP 2026,              10.00,          15152493,           2217.90,    33606714224.70   
02 SEP 2026,JUBLFOOD,EQ,JUBILANT FOODWORKS LTD   ,Listed    ,02 SEP 2026,               2.00,         659845200,            486.50,   321014689800.00  
02 SEP 2026,JUBLINGREA,EQ,JUBILANT INGREVIA LIMITED,Listed    ,02 SEP 2026,               1.00,         159281139,            683.60,   108884586620.40
02 SEP 2026,JUBLPHARMA,EQ,JUBILANT PHARMOVA LTD    ,Listed    ,02 SEP 2026,               1.00,         159281139,            900.30,   143400809441.70
02 SEP 2026,JUNIPER,EQ,JUNIPER HOTELS LIMITED   ,Listed    ,02 SEP 2026,              10.00,         222502384,            218.50,    48616770904.00   
02 SEP 2026,JUSTDIAL,EQ,JUSTDIAL LTD.            ,Listed    ,02 SEP 2026,              10.00,          85049032,            697.85,    59351466981.20  
02 SEP 2026,JWL,EQ,JUPITER WAGONS LIMITED   ,Listed    ,02 SEP 2026,              10.00,         427370389,            239.35,   102299650014.95       
02 SEP 2026,JYOTHYLAB,EQ,JYOTHY LABS LIMITED      ,Listed    ,02 SEP 2026,               1.00,         367214511,            202.10,    74210380528.00 
02 SEP 2026,JYOTICNC,EQ,JYOTI CNC AUTOMATION LTD ,Listed    ,02 SEP 2026,               2.00,         227423096,            955.65,   217336881692.40  
02 SEP 2026,JYOTIGLOBL,SM,JYOTI GLOBAL PLAST LTD   ,Listed    ,28 AUG 2026,              10.00,          19820000,             37.30,      739286000.00
02 SEP 2026,JYOTIRES,EQ,JYOTI RESINS & ADHESIVE L,Permitted ,02 SEP 2026,              10.00,          12000000,            857.60,    10291200000.00  
02 SEP 2026,JYOTISTRUC,EQ,JYOTI STRUCTURES LTD     ,Listed    ,02 SEP 2026,               2.00,        1193659937,              9.80,    11685930783.25
02 SEP 2026,K2INFRA,ST,K2 INFRAGEN LIMITED      ,Listed    ,02 SEP 2026,              10.00,          12618394,             50.00,      630919700.00   
02 SEP 2026,KABRAEXTRU,EQ,KABRA EXTRUSION TECHNIK L,Listed    ,02 SEP 2026,               5.00,          34972836,            559.95,    19583039518.20
02 SEP 2026,KAJARIACER,EQ,KAJARIA CERAMICS LTD     ,Listed    ,02 SEP 2026,               1.00,         159272290,           1261.10,   200858284919.00
02 SEP 2026,KAKATCEM,EQ,KAKATIYA CEM SUGAR &IND L,Listed    ,02 SEP 2026,              10.00,           7773858,            110.50,      859011309.00  
02 SEP 2026,KALAMANDIR,EQ,SAI SILKS (KALAMANDIR) L ,Listed    ,02 SEP 2026,               2.00,         153366112,             85.65,    13135807492.80
02 SEP 2026,KALANA,SM,KALANA ISPAT LIMITED     ,Listed    ,02 SEP 2026,              10.00,          13039185,             20.25,      264043496.25    
02 SEP 2026,KALPATARU,EQ,KALPATARU LIMITED        ,Listed    ,02 SEP 2026,              10.00,         205913993,            274.90,    56605756675.70 
02 SEP 2026,KALYANI,BE,KALYANI COMMERCIALS LTD  ,Listed    ,28 AUG 2026,              10.00,           1000000,            145.00,      144990000.00   
02 SEP 2026,KALYANIFRG,EQ,KALYANI FORGE LIMITED    ,Listed    ,02 SEP 2026,              10.00,           3638000,           1113.65,     4051458700.00
02 SEP 2026,KALYANKJIL,EQ,KALYAN JEWELLERS IND LTD ,Listed    ,02 SEP 2026,              10.00,        1032740207,            590.00,   609316722130.00
02 SEP 2026,KAMAHOLD,EQ,KAMA HOLDINGS LTD.       ,Permitted ,02 SEP 2026,              10.00,          32090575,           2344.90,    75249189317.50  
02 SEP 2026,KAMANWALA,EQ,KAMANWALA HOUSING CONST L,Permitted ,02 SEP 2026,              10.00,          14093160,             16.00,      225490560.00 
02 SEP 2026,KAMATHOTEL,EQ,KAMAT HOTELS (I) LTD     ,Listed    ,02 SEP 2026,              10.00,          29480072,            232.75,     6861191957.30
02 SEP 2026,KAMDHENU,BE,KAMDHENU LIMITED         ,Listed    ,02 SEP 2026,               1.00,         281883000,             37.45,    10556518350.00  
02 SEP 2026,KAMOPAINTS,EQ,KAMDHENU VENTURES LIMITED,Listed    ,02 SEP 2026,               1.00,         329000000,              4.45,     1467340000.00
02 SEP 2026,KANANIIND,EQ,KANANI INDUSTRIES LTD    ,Listed    ,02 SEP 2026,               1.00,         197868000,              1.55,      302738040.00 
02 SEP 2026,KANCHI,EQ,KANCHI KARPOORAM LTD.    ,Permitted ,02 SEP 2026,              10.00,           4343891,            410.95,     1785122006.45    
02 SEP 2026,KANCOTEA,EQ,KANCO TEA & INDS. LTD.   ,Permitted ,02 SEP 2026,              10.00,           5122827,             54.65,      280064952.10  
02 SEP 2026,KANDARP,SM,KANDARP DG SMART BPO LTD ,Listed    ,02 SEP 2026,              10.00,           8973000,             97.95,      878905350.00   
02 SEP 2026,KANORICHEM,BE,KANORIACHEMICALS-        ,Listed    ,02 SEP 2026,               5.00,          43693333,            154.75,     6761543281.75
02 SEP 2026,KANPRPLA,EQ,KANPUR PLASTIPACK LIMITED,Listed    ,02 SEP 2026,              10.00,          24478958,            253.35,     6201744009.30  
02 SEP 2026,KANSAINER,EQ,KANSAI NEROLAC PAINTS LTD,Listed    ,02 SEP 2026,               1.00,         808714470,            194.80,   157553753045.40 
02 SEP 2026,KAPSTON,EQ,KAPSTON SERVICES LIMITED ,Listed    ,02 SEP 2026,               5.00,          30432183,            573.75,    17460464996.25   
02 SEP 2026,KARMAENG,EQ,KARMA ENERGY LIMITED     ,Listed    ,02 SEP 2026,              10.00,          11569918,             37.00,      428086966.00  
02 SEP 2026,KARNIKA,SM,KARNIKA INDUSTRIES LTD   ,Listed    ,02 SEP 2026,              10.00,          61997500,            114.60,     7104913500.00   
02 SEP 2026,KARURVYSYA,EQ,KARUR VYSYA BANK LTD     ,Listed    ,02 SEP 2026,               2.00,         966493959,            346.60,   334986806189.40
02 SEP 2026,KATARIA,SM,KATARIA INDUSTRIES LTD   ,Listed    ,02 SEP 2026,              10.00,          21531234,            108.35,     2332909203.90   
02 SEP 2026,KAUSHALYA,BE,KAUSHALYA INFRA DEV LTD. ,Listed    ,02 SEP 2026,            1000.00,            346306,            872.75,      302238561.50 
02 SEP 2026,KAVDEFENCE,EQ,KAVVERI DFS & WIR TEC LTD,Listed    ,02 SEP 2026,              10.00,          60124260,             55.30,     3325472820.60
02 SEP 2026,KAYA,BE,KAYA LIMITED             ,Listed    ,02 SEP 2026,              10.00,          15187609,            335.20,     5090886536.80      
02 SEP 2026,KAYNES,EQ,KAYNES TECHNOLOGY IND LTD,Listed    ,02 SEP 2026,              10.00,          67034654,           3583.00,   240185165282.00    
02 SEP 2026,KAYTEX,SM,KAYTEX FABRICS LIMITED   ,Listed    ,02 SEP 2026,              10.00,          14699200,             56.00,      823155200.00    
02 SEP 2026,KCEIL,SM,KAY CEE ENERGY & INFRA L ,Listed    ,02 SEP 2026,              10.00,          12224000,             80.55,      984643200.00     
02 SEP 2026,KCK,ST,KCK INDUSTRIES LTD       ,Listed    ,02 SEP 2026,               2.00,          63601700,             14.80,      941305160.00       
02 SEP 2026,KCP,EQ,KCP LTD                  ,Listed    ,02 SEP 2026,               1.00,         128921160,            165.80,    21376417539.60       
02 SEP 2026,KCPSUGIND,BE,KCPSUGARINDUS            ,Listed    ,02 SEP 2026,               1.00,         113385050,             32.00,     3628321600.00 
02 SEP 2026,KDDL,EQ,KDDL LIMITED             ,Listed    ,02 SEP 2026,              10.00,          12299280,           3852.90,    47387895912.00      
02 SEP 2026,KDL,SM,KORE DIGITAL LIMITED     ,Listed    ,02 SEP 2026,              10.00,          12024000,             89.00,     1070136000.00       
02 SEP 2026,KEC,EQ,KEC INTL. LIMITED        ,Listed    ,02 SEP 2026,               2.00,         266200000,            407.80,   108556360000.00       
02 SEP 2026,KECL,EQ,KIRLOSKAR ELECTRIC CO LTD,Listed    ,02 SEP 2026,              10.00,          66414071,            127.25,     8450526394.05      
02 SEP 2026,KEEPLEARN,EQ,DSJ KEEP LEARNING LTD    ,Listed    ,02 SEP 2026,               1.00,         155712083,              1.90,      295852957.70 
02 SEP 2026,KEI,EQ,KEI INDUSTRIES LTD.      ,Listed    ,02 SEP 2026,               2.00,          95600595,           5170.00,   494255076150.00       
02 SEP 2026,KELLTONTEC,EQ,KELLTON TECH SOL LTD     ,Listed    ,02 SEP 2026,               1.00,         527804670,             14.00,     7394543426.70
02 SEP 2026,KEN,SM,KEN ENTERPRISES LIMITED  ,Listed    ,02 SEP 2026,              10.00,          24565480,             42.15,     1035434982.00       
02 SEP 2026,KENNAMET,EQ,KENNAMETAL INDIA LIMITED ,Permitted ,02 SEP 2026,              10.00,          21978240,           4643.10,   102047166144.00  
02 SEP 2026,KERNEX,EQ,KERNEX MICROSYS(I) LTD   ,Listed    ,02 SEP 2026,              10.00,          16802422,           1736.40,    29175725560.80    
02 SEP 2026,KESORAMIND,BE,KESORAM INDUSTRIES LTD   ,Listed    ,02 SEP 2026,              10.00,         310663663,             11.25,     3501179482.00
02 SEP 2026,KEYFINSERV,EQ,KEYNOTE FIN SERV LTD.    ,Listed    ,02 SEP 2026,              10.00,           5566637,            255.25,     1420884094.25
02 SEP 2026,KFINTECH,EQ,KFIN TECHNOLOGIES LIMITED,Listed    ,02 SEP 2026,              10.00,         172827638,            929.00,   160556875702.00  
02 SEP 2026,KHADIM,BE,KHADIM INDIA LIMITED     ,Listed    ,02 SEP 2026,              10.00,          18378382,            116.10,     2133913934.00    
02 SEP 2026,KHAICHEM,EQ,KHAITAN CHEM & FERT LTD  ,Listed    ,02 SEP 2026,               1.00,          96989200,             54.00,     5237416800.00  
02 SEP 2026,KHAITANLTD,EQ,KHAITAN (INDIA)LTD.      ,Listed    ,02 SEP 2026,              10.00,           4750000,            160.80,      763800000.00
02 SEP 2026,KHANDSE,EQ,KHANDWALA SECURITIES LTD ,Listed    ,02 SEP 2026,              10.00,          15253805,             17.55,      267856815.80   
02 SEP 2026,KHFM,SM,KHFM HOS FAC MANA SER LTD,Listed    ,02 SEP 2026,              10.00,          23110499,             44.25,     1022639580.75      
02 SEP 2026,KICL,EQ,KALYANI INVEST CO LTD    ,Listed    ,02 SEP 2026,              10.00,           4365306,           5215.00,    22765070790.00      
02 SEP 2026,KILITCH,BE,KILITCH DRUGS INDIA LTD  ,Listed    ,02 SEP 2026,              10.00,          34961564,            171.35,     5991363222.70   
02 SEP 2026,KIMS,EQ,KRISHNA INST OF MED SCI L,Listed    ,02 SEP 2026,               2.00,         420006484,            753.65,   316537886666.60      
02 SEP 2026,KINGFA,EQ,KINGFA SCI & TEC IND LTD.,Listed    ,02 SEP 2026,              10.00,          13551381,           5932.00,    80386792092.00    
02 SEP 2026,KIOCL,EQ,KIOCL LIMITED            ,Listed    ,02 SEP 2026,              10.00,         607751096,            380.55,   231279679582.80     
02 SEP 2026,KIRANVYPAR,EQ,KIRAN VYAPAR LTD.        ,Permitted ,02 SEP 2026,              10.00,          27284211,            200.00,     5456842200.00
02 SEP 2026,KIRIINDUS,EQ,KIRI INDUSTRIES LIMITED  ,Listed    ,02 SEP 2026,              10.00,          65168000,            523.65,    34125223200.00 
02 SEP 2026,KIRLFER,EQ,KIRLOSKAR FERROUS IND LTD,Permitted ,02 SEP 2026,               5.00,         164921643,            460.00,    75863955780.00   
02 SEP 2026,KIRLOSBROS,EQ,KIRLOSKAR BROTHERS LTD   ,Listed    ,02 SEP 2026,               2.00,          79408926,           1847.70,   146723872570.20
02 SEP 2026,KIRLOSENG,EQ,KIRLOSKAR OIL ENG LTD    ,Listed    ,02 SEP 2026,               2.00,         145379944,           2160.90,   314151520989.60 
02 SEP 2026,KIRLOSIND,EQ,KIRLOSKAR INDUSTRIES LTD ,Listed    ,02 SEP 2026,              10.00,          10509372,           3699.00,    38874167028.00 
02 SEP 2026,KIRLPNU,EQ,KIRLOSKAR PNEUMATIC COM L,Listed    ,02 SEP 2026,               1.00,         129916380,            745.45,    96846165471.00   
02 SEP 2026,KISSHT,EQ,ONEMI TECHNOLOGY SOL LTD ,Listed    ,02 SEP 2026,               1.00,         168483022,            300.90,    50696541319.80    
02 SEP 2026,KITEX,EQ,KITEX GARMENTS LTD       ,Listed    ,02 SEP 2026,               1.00,         199500000,            124.75,    24891615000.00     
02 SEP 2026,KJMCFIN,EQ,K J M C FINANCIAL SERV L ,Permitted ,02 SEP 2026,              10.00,           4785740,             64.35,      308058083.80   
02 SEP 2026,KKCL,EQ,KEWAL KIRAN CLOTHING LTD ,Listed    ,02 SEP 2026,              10.00,          61625185,            499.65,    30791023685.25      
02 SEP 2026,KKJEWELS,SM,KABRA JEWELS LIMITED     ,Listed    ,02 SEP 2026,              10.00,          10485000,             97.10,     1018093500.00  
02 SEP 2026,KKVAPOW,SM,KKV AGRO POWERS LTD.     ,Listed    ,26 AUG 2026,              10.00,            623562,            368.00,      229470816.00   
02 SEP 2026,KLBRENG-B,EQ,KILBURN ENGINEERING LTD. ,Permitted ,02 SEP 2026,              10.00,          52312858,            443.25,    23187674308.50 
02 SEP 2026,KLL,SM,KAUSHALYA LOGISTICS LTD  ,Listed    ,02 SEP 2026,              10.00,          18530000,             24.75,      458617500.00       
02 SEP 2026,KMCSHIL,EQ,K M C SPECIALITY HOSP I L,Permitted ,02 SEP 2026,               1.00,         163085000,            133.20,    21721291150.00   
02 SEP 2026,KMEW,EQ,KNOWLEDGE MARINE & EN W L,Listed    ,02 SEP 2026,               5.00,          24444108,           2951.60,    72149229172.80      
02 SEP 2026,KMSUGAR,EQ,K M SUGAR MILLS LTD      ,Listed    ,02 SEP 2026,               2.00,          92000170,             31.25,     2875925314.20   
02 SEP 2026,KNACK,EQ,KNACK PACKAGING LIMITED  ,Listed    ,02 SEP 2026,              10.00,         122365164,            187.45,    22934902688.50     
02 SEP 2026,KNAGRI,EQ,KN AGRI RESOURCES LIMITED,Listed    ,02 SEP 2026,              10.00,          24998910,            209.45,     5236271688.60    
02 SEP 2026,KNRCON,EQ,KNR CONSTRU LTD.         ,Listed    ,02 SEP 2026,               2.00,         281234600,            117.05,    32924134622.00    
02 SEP 2026,KODYTECH,ST,KODY TECHNOLAB LIMITED   ,Listed    ,02 SEP 2026,              10.00,          14293460,           1542.65,    22049806069.00  
02 SEP 2026,KOHINOOR,EQ,KOHINOOR FOODS LIMITED   ,Listed    ,02 SEP 2026,              10.00,          37071530,             33.40,     1238559817.30  
02 SEP 2026,KOKUYOCMLN,EQ,KOKUYO CAMLIN LIMITED    ,Listed    ,02 SEP 2026,               1.00,         100303806,             77.85,     7807648259.05
02 SEP 2026,KOLTEPATIL,EQ,KOLTE PATIL DEV. LTD.    ,Listed    ,02 SEP 2026,              10.00,          88680094,            440.80,    39090185435.20
02 SEP 2026,KONSTELEC,ST,KONSTELEC ENGINEERS LTD  ,Listed    ,02 SEP 2026,              10.00,          15100000,             62.35,      941485000.00 
02 SEP 2026,KONTOR,SM,KONTOR SPACE LIMITED     ,Listed    ,01 SEP 2026,              10.00,           6180000,             55.95,      345771000.00    
02 SEP 2026,KOPRAN,EQ,KOPRAN LTD               ,Listed    ,02 SEP 2026,              10.00,          48287601,            218.80,    10565809974.80    
02 SEP 2026,KORE,SM,JAY JALARAM TECHNO LTD   ,Listed    ,02 SEP 2026,              10.00,          12125000,            114.05,     1382856250.00      
02 SEP 2026,KOTAKBANK,EQ,KOTAK MAHINDRA BANK LTD  ,Listed    ,02 SEP 2026,               1.00,        9946508970,            423.50,  4212346548795.00 
02 SEP 2026,KOTARISUG,BE,KOTHARI SUG & CHEM LTD.  ,Listed    ,02 SEP 2026,              10.00,          82888580,             30.10,     2495775143.80 
02 SEP 2026,KOTHARIPET,EQ,KOTHARI PETROCHEM LTD    ,Listed    ,02 SEP 2026,              10.00,          58846400,            129.15,     7601189488.00
02 SEP 2026,KOTHARIPRO,EQ,KOTHARI PRODUCTS LTD     ,Listed    ,02 SEP 2026,              10.00,          59687730,             68.20,     4070106308.70
02 SEP 2026,KOTIC,EQ,KOTHARI INDUSTRIAL CORP L,Permitted ,02 SEP 2026,               5.00,         108021773,            136.45,    14741731361.30     
02 SEP 2026,KOTYARK,BE,KOTYARK INDUSTRIES LTD   ,Listed    ,02 SEP 2026,              10.00,         113070276,             30.65,     3463342553.90   
02 SEP 2026,KOVAI,EQ,KOVAI MEDICAL CENTER & HO,Permitted ,02 SEP 2026,              10.00,          10942262,           6017.50,    65845061585.00     
02 SEP 2026,KPEL,EQ,K.P. ENERGY LIMITED      ,Listed    ,02 SEP 2026,               5.00,          67798099,            241.15,    16348833592.85      
02 SEP 2026,KPIGREEN,EQ,KPI GREEN ENERGY LIMITED ,Listed    ,02 SEP 2026,               5.00,         197671968,            304.60,    60210881452.80  
02 SEP 2026,KPIL,EQ,KALPATARU PROJECT INT LTD,Listed    ,02 SEP 2026,               2.00,         170772546,           1410.50,   240874676133.00      
02 SEP 2026,KPITTECH,EQ,KPIT TECHNOLOGIES LIMITED,Listed    ,02 SEP 2026,              10.00,         274143808,            588.00,   161196559104.00  
02 SEP 2026,KPL,EQ,KWALITY PHARMACEUTICALS L,Permitted ,02 SEP 2026,              10.00,          10376198,           3390.10,    35176348839.80       
02 SEP 2026,KPRMILL,EQ,KPR MILL LTD.            ,Listed    ,02 SEP 2026,               1.00,         341814000,           1167.40,   399033663600.00   
02 SEP 2026,KRBL,EQ,KRBL LIMITED             ,Listed    ,02 SEP 2026,               1.00,         228889892,            424.40,    97140870164.80      
02 SEP 2026,KREBSBIO,EQ,KREBS BIOCHEMICALS & IND ,Listed    ,02 SEP 2026,              10.00,          21560586,             54.90,     1183891777.25  
02 SEP 2026,KRIDHANINF,BE,KRIDHAN INFRA LIMITED    ,Listed    ,02 SEP 2026,               2.00,          94779205,              2.05,      195245162.30
02 SEP 2026,KRISHANA,EQ,KRISHANA PHOSCHEM LIMITED,Listed    ,02 SEP 2026,               2.00,         309138000,            188.05,    58136492280.00  
02 SEP 2026,KRISHCA,SM,KRISHCA STRAPPING SLTN L ,Listed    ,02 SEP 2026,              10.00,          15927750,            164.70,     2623300425.00   
02 SEP 2026,KRISHIVAL,EQ,KRISHIVAL FOODS LIMITED  ,Listed    ,02 SEP 2026,              10.00,          25067236,            410.35,    10286340292.60 
02 SEP 2026,KRISHNADEF,EQ,KRISHNA DEF AND ALD IND L,Listed    ,02 SEP 2026,              10.00,          14933388,           1007.40,    15043895071.20
02 SEP 2026,KRITI,EQ,KRITI INDUSTRIES IND LTD ,Listed    ,02 SEP 2026,               1.00,          52696000,             60.90,     3209186400.00     
02 SEP 2026,KRITIKA,EQ,KRITIKA WIRES LIMITED    ,Listed    ,02 SEP 2026,               2.00,         266280000,              5.40,     1435249200.00   
02 SEP 2026,KRITINUT,EQ,KRITI NUTRIENTS LIMITED  ,Listed    ,02 SEP 2026,               1.00,          50103520,             84.30,     4223726736.00  
02 SEP 2026,KRMAYURVED,SM,KRM AYURVEDA LIMITED     ,Listed    ,02 SEP 2026,              10.00,          21260800,            291.15,     6190081920.00
02 SEP 2026,KRN,EQ,KRN HEAT EXCHANGE N REF L,Listed    ,02 SEP 2026,              10.00,          65458486,           1534.80,   100465684312.80       
02 SEP 2026,KRONOX,BE,KRONOX LAB SCIENCES LTD  ,Listed    ,02 SEP 2026,              10.00,          37104000,            189.70,     7037886720.00    
02 SEP 2026,KROSS,EQ,KROSS LIMITED            ,Listed    ,02 SEP 2026,               5.00,          64509422,            207.50,    13386995253.45     
02 SEP 2026,KRSNAA,EQ,KRSNAA DIAGNOSTICS LTD   ,Listed    ,02 SEP 2026,               5.00,          32438672,            553.10,    17941829483.20    
02 SEP 2026,KRT,RR,KNOWLEDGE REALTY TRUST   ,Listed    ,02 SEP 2026,             100.00,        4434399541,            110.05,   487916981496.25       
02 SEP 2026,KRYSTAL,EQ,KRYSTAL INTEGRATED SER L ,Listed    ,02 SEP 2026,              10.00,          13971952,            667.00,     9319291984.00   
02 SEP 2026,KSB,EQ,KSB LIMITED              ,Listed    ,02 SEP 2026,               2.00,         174039220,            805.80,   140240803476.00       
02 SEP 2026,KSCL,EQ,KAVERI SEED CO. LTD.     ,Listed    ,02 SEP 2026,               2.00,          51439071,            738.75,    38000613701.25      
02 SEP 2026,KSE,EQ,KSE LTD.                 ,Permitted ,02 SEP 2026,               1.00,          32000000,            177.05,     5665280000.00       
02 SEP 2026,KSHINTL,EQ,KSH INTERNATIONAL LIMITED,Listed    ,02 SEP 2026,               5.00,          67755700,            945.70,    64076565490.00   
02 SEP 2026,KSHITIJ-RE,BE,KSHITIJ POLYLINE LTD     ,Permitted ,02 SEP 2026,               2.00,          61697950,              0.05,        3701877.00
02 SEP 2026,KSHITIJPOL,EQ,KSHITIJ POLYLINE LIMITED ,Listed    ,02 SEP 2026,               2.00,         215942824,              3.00,      647828472.00
02 SEP 2026,KSL,EQ,KALYANI STEELS LIMITED   ,Listed    ,02 SEP 2026,               5.00,          43653060,            904.30,    39475462158.00       
02 SEP 2026,KSOLVES,EQ,KSOLVES INDIA LIMITED    ,Listed    ,02 SEP 2026,               5.00,          23720400,            273.20,     6480413280.00   
02 SEP 2026,KSR,EQ,KSR FOOTWEAR LIMITED     ,Listed    ,02 SEP 2026,              10.00,          18378382,             29.50,      541978485.20       
02 SEP 2026,KTKBANK,EQ,KARNATAKA BANK LIMITED   ,Listed    ,02 SEP 2026,              10.00,         378203335,            330.35,   124939471717.25   
02 SEP 2026,KUANTUM,EQ,KUANTUM PAPERS LIMITED   ,Listed    ,02 SEP 2026,               1.00,          87263630,             71.25,     6215788364.90   
02 SEP 2026,KUSUMGAR,EQ,KUSUMGAR LIMITED         ,Listed    ,02 SEP 2026,               1.00,         104991372,            571.15,    59965822117.80  
02 SEP 2026,KWIL,EQ,KWALITY WALL'S (INDIA) L ,Listed    ,02 SEP 2026,               1.00,        2349591262,             43.40,   101925268945.55      
02 SEP 2026,LADDERUP,EQ,LADDERUP FINANCE LTD.    ,Permitted ,02 SEP 2026,              10.00,          10602477,             50.05,      530759998.60  
02 SEP 2026,LAGNAM,EQ,LAGNAM SPINTEX LIMITED   ,Listed    ,02 SEP 2026,              10.00,          17669000,             74.90,     1323761480.00    
02 SEP 2026,LAHOTIOV,EQ,LAHOTI OVERSEAS LTD.     ,Permitted ,02 SEP 2026,               2.00,          29171500,             42.00,     1224619570.00  
02 SEP 2026,LAKPRE,BZ,LAKSHMI PRE SCRE LTD     ,Listed    ,02 SEP 2026,              10.00,          10941667,              4.90,       53833001.65    
02 SEP 2026,LAKSHMIMIL,EQ,LAKSHMI MILLS CO. LTD.   ,Permitted ,02 SEP 2026,             100.00,            695915,           7927.00,     5516518205.00
02 SEP 2026,LAKSHYA,SM,LAKSHYA POWERTECH LIMITED,Listed    ,02 SEP 2026,              10.00,          10083920,             83.55,      842511516.00   
02 SEP 2026,LAL,EQ,LORENZINI APPARELS LTD   ,Listed    ,02 SEP 2026,               1.00,         172736551,              8.90,     1533900572.90       
02 SEP 2026,LALITHAA,EQ,LALITHAA JEWELLERY MART L,Listed    ,02 SEP 2026,               5.00,         559709811,            264.35,   147959288537.85  
02 SEP 2026,LALPATHLAB,EQ,DR. LAL PATH LABS LTD.   ,Listed    ,02 SEP 2026,              10.00,         167637770,           1916.10,   321210731097.00
02 SEP 2026,LAMBODHARA,EQ,LAMBODHARA TEXTILES LTD. ,Listed    ,02 SEP 2026,               5.00,          10377600,            133.45,     1384890720.00
02 SEP 2026,LAMOSAIC,ST,LAMOSAIC INDIA LIMITED   ,Listed    ,02 SEP 2026,              10.00,          10338008,             60.90,      629584687.20  
02 SEP 2026,LANCER,EQ,LANCER CONTAINER LINES L ,Permitted ,02 SEP 2026,               5.00,         353263718,             12.90,     4560634599.40    
02 SEP 2026,LANCORHOL,EQ,LANCOR HOLDINGS LIMITED  ,Listed    ,02 SEP 2026,               2.00,          73550560,             33.15,     2438201064.00 
02 SEP 2026,LANDMARK,EQ,LANDMARK CARS LIMITED    ,Listed    ,02 SEP 2026,               5.00,          41464910,            494.90,    20520983959.00  
02 SEP 2026,LANDSMILL,EQ,LANDSMILL GREEN LIMITED  ,Listed    ,02 SEP 2026,               1.00,        1410695055,              0.70,      959272637.40 
02 SEP 2026,LAOPALA,EQ,LA OPALA RG LIMITED      ,Listed    ,02 SEP 2026,               2.00,         111000000,            171.85,    19077570000.00   
02 SEP 2026,LASA,EQ,LASA SUPERGENERICS LTD   ,Listed    ,02 SEP 2026,              10.00,          50101239,              6.80,      339686400.40      
02 SEP 2026,LASERPOWER,EQ,LASER POWER & INFRA LTD  ,Listed    ,02 SEP 2026,               5.00,         140368342,            303.55,    42608810214.10
02 SEP 2026,LATENTVIEW,EQ,LATENT VIEW ANALYTICS LTD,Listed    ,02 SEP 2026,               1.00,         206924980,            271.00,    56076669580.00
02 SEP 2026,LATTEYS,EQ,LATTEYS INDUSTRIES LTD   ,Listed    ,02 SEP 2026,               2.00,          57495825,             21.25,     1222361239.50   
02 SEP 2026,LAURUSLABS,EQ,LAURUS LABS LIMITED      ,Listed    ,02 SEP 2026,               2.00,         539856582,           1864.00,  1006292668848.00
02 SEP 2026,LAXMICOT,EQ,LAXMI COTSPIN LIMITED    ,Listed    ,02 SEP 2026,              10.00,          17147670,             12.70,      218118362.40  
02 SEP 2026,LAXMIDENTL,EQ,LAXMI DENTAL LIMITED     ,Listed    ,02 SEP 2026,               2.00,          54962149,            194.60,    10694534952.40
02 SEP 2026,LAXMIINDIA,EQ,LAXMI INDIA FINANCE LTD  ,Listed    ,02 SEP 2026,               5.00,          52393078,            125.95,     6597860312.55
02 SEP 2026,LCCINFOTEC,EQ,LCC INFOTECH LTD         ,Listed    ,02 SEP 2026,               2.00,         168593350,              3.65,      613679794.00
02 SEP 2026,LCL,EQ,LOHIA CORP LIMITED       ,Listed    ,02 SEP 2026,               1.00,         105650000,            540.85,    57140802500.00       
02 SEP 2026,LEAPIND,EQ,LEAP INDIA LIMITED       ,Listed    ,02 SEP 2026,               1.00,         440536458,            157.70,    69463788697.45   
02 SEP 2026,LEENEE,EQ,LEE & NEE SOFTWARES (E) L,Permitted ,02 SEP 2026,              10.00,          55774000,              8.90,      495830860.00    
02 SEP 2026,LEMERITE,EQ,LE MERITE EXPORTS LIMITED,Listed    ,02 SEP 2026,               2.00,         125168000,             20.40,     2550923840.00  
02 SEP 2026,LEMONTREE,EQ,LEMON TREE HOTELS LTD    ,Listed    ,02 SEP 2026,              10.00,         792246464,            106.20,    84120729547.50 
02 SEP 2026,LENSKART,EQ,LENSKART SOLUTIONS LTD   ,Listed    ,02 SEP 2026,               2.00,        1738720607,            668.90,  1163030214022.30  
02 SEP 2026,LEXUS,EQ,LEXUS GRANITO (INDIA) LTD,Listed    ,02 SEP 2026,              10.00,          20790724,             13.95,      290238507.05     
02 SEP 2026,LFIC,EQ,LAKSHMI FIN IND CORP LTD ,Listed    ,02 SEP 2026,              10.00,           3000000,            135.90,      407730000.00      
02 SEP 2026,LGBBROSLTD,EQ,LG BALAKRISHNAN & BROS   ,Listed    ,02 SEP 2026,              10.00,          31892416,           1699.90,    54213917958.40
02 SEP 2026,LGEINDIA,EQ,LG ELECTRONICS INDIA LTD ,Listed    ,02 SEP 2026,              10.00,         678772392,           1653.20,  1122146518454.40  
02 SEP 2026,LGHL,EQ,LAXMI GOLDORNA HOUSE LTD ,Listed    ,02 SEP 2026,              10.00,          50092560,            175.75,     8804769271.20      
02 SEP 2026,LIBAS,EQ,LIBAS CONSU PRODUCTS LTD ,Listed    ,02 SEP 2026,              10.00,          26344580,             10.50,      276354644.20     
02 SEP 2026,LIBERTSHOE,EQ,LIBERTY SHOES LTD        ,Listed    ,02 SEP 2026,              10.00,          17040000,            234.80,     4000821600.00
02 SEP 2026,LICHSGFIN,EQ,LIC HOUSING FINANCE LTD  ,Listed    ,02 SEP 2026,               2.00,         550063000,            541.25,   297721598750.00 
02 SEP 2026,LICI,EQ,LIFE INSURA CORP OF INDIA,Listed    ,02 SEP 2026,              10.00,       12649995402,            408.25,  5164360622866.50      
02 SEP 2026,LIKHITHA,EQ,LIKHITHA INFRASTRUC LTD  ,Listed    ,02 SEP 2026,               5.00,          39450000,            202.75,     7998882000.00  
02 SEP 2026,LINC,EQ,LINC LIMITED             ,Listed    ,02 SEP 2026,               5.00,          59489164,             95.85,     5702631261.05      
02 SEP 2026,LINCOLN,EQ,LINCOLN PHARMA LTD       ,Listed    ,02 SEP 2026,              10.00,          20029728,            618.35,    12385382308.80   
02 SEP 2026,LINDEINDIA,EQ,LINDE INDIA LIMITED      ,Listed    ,02 SEP 2026,              10.00,          85284223,           6352.50,   541768026607.50
02 SEP 2026,LKPSEC,EQ,L K P SECURITIES LTD.    ,Permitted ,02 SEP 2026,               2.00,          82738029,             15.20,     1256790660.50    
02 SEP 2026,LLOYDS,SM,LLOYDS LUXURIES LIMITED  ,Listed    ,01 SEP 2026,              10.00,          24134873,             57.00,     1375687761.00    
02 SEP 2026,LLOYDSENGG,EQ,LLOYDS ENGG WORK LIMITED ,Listed    ,02 SEP 2026,               1.00,        1460757205,             82.75,   120906873857.85
02 SEP 2026,LLOYDSENT,EQ,LLOYDS ENTERPRISES LTD   ,Listed    ,02 SEP 2026,               1.00,        1503044790,             70.95,   106656058298.40 
02 SEP 2026,LLOYDSME,EQ,LLOYDS METALS N ENERGY L ,Listed    ,02 SEP 2026,               1.00,         562785088,           1813.00,  1020329364544.00  
02 SEP 2026,LMW,EQ,LMW LIMITED              ,Listed    ,02 SEP 2026,              10.00,          10683000,          18783.00,   200658789000.00       
02 SEP 2026,LODHA,EQ,LODHA DEVELOPERS LIMITED ,Listed    ,02 SEP 2026,              10.00,         999060060,           1208.30,  1207164270498.00     
02 SEP 2026,LOKESHMACH,EQ,LOKESH MACHINES LTD      ,Listed    ,02 SEP 2026,              10.00,          21296770,            339.90,     7238772123.00
02 SEP 2026,LORDSCHLO,EQ,LORDS CHLORO ALKALI LTD  ,Listed    ,02 SEP 2026,              10.00,          28653861,            138.30,     3962255899.10 
02 SEP 2026,LOTUSCHO,EQ,LOTUS CHOCOLATE CO. LTD. ,Permitted ,02 SEP 2026,              10.00,          12841049,            640.05,     8218913412.45  
02 SEP 2026,LOTUSDEV,BE,SRI LOTUS DEVLPRS N RTY L,Listed    ,02 SEP 2026,               1.00,         488723710,            175.95,    85990936774.50  
02 SEP 2026,LOTUSEYE,EQ,LOTUS EYE HOSP & INST L  ,Listed    ,02 SEP 2026,              10.00,          20796330,            108.00,     2245587713.40  
02 SEP 2026,LOVABLE,EQ,LOVABLE LINGERIE LTD     ,Listed    ,02 SEP 2026,              10.00,          14800000,             70.85,     1048432000.00   
02 SEP 2026,LOYALTEX,EQ,LOYAL TEXTILE MILLS LTD  ,Listed    ,02 SEP 2026,              10.00,           4816446,            209.00,     1006637214.00  
02 SEP 2026,LPDC,EQ,LANDMARK PR.DEV.CO.LTD   ,Listed    ,02 SEP 2026,               1.00,         134143160,              6.70,      896076308.80      
02 SEP 2026,LRRPL,SM,LEAD REC AND RUB PROD LTD,Listed    ,02 SEP 2026,              10.00,           8640675,             86.35,      746122286.25     
02 SEP 2026,LT,EQ,LARSEN & TOUBRO LTD.     ,Listed    ,02 SEP 2026,               2.00,        1375729178,           3981.00,  5476777857618.00        
02 SEP 2026,LTF,EQ,L&T FINANCE LIMITED      ,Listed    ,02 SEP 2026,              10.00,        2505506199,            312.80,   783722339047.20       
02 SEP 2026,LTFOODS,EQ,LT FOODS LIMITED         ,Listed    ,02 SEP 2026,               1.00,         347252944,            442.45,   153642065072.80   
02 SEP 2026,LTM,EQ,LTM LIMITED              ,Listed    ,02 SEP 2026,               1.00,         296621321,           4588.00,  1360898620748.00       
02 SEP 2026,LTTS,EQ,L&T TECHNOLOGY SER. LTD. ,Listed    ,02 SEP 2026,               2.00,         106068593,           3505.00,   371770418465.00      
02 SEP 2026,LUMAXIND,EQ,LUMAX INDUSTRIES LTD     ,Listed    ,02 SEP 2026,              10.00,           9347732,           6347.00,    59330055004.00  
02 SEP 2026,LUMAXTECH,EQ,LUMAX AUTO TECH LTD      ,Listed    ,02 SEP 2026,               2.00,          68157705,           1986.50,   135395280982.50 
02 SEP 2026,LUPIN,EQ,LUPIN LIMITED            ,Listed    ,02 SEP 2026,               2.00,         457232536,           2155.20,   985427561587.20     
02 SEP 2026,LUXIND,EQ,LUX INDUSTRIES LIMITED   ,Listed    ,02 SEP 2026,               2.00,          30071681,           1164.90,    35030501196.90    
02 SEP 2026,LXCHEM,EQ,LAXMI ORGANIC INDUS LTD  ,Listed    ,02 SEP 2026,               2.00,         277211567,            169.55,    47001221184.85    
02 SEP 2026,LYKALABS,BE,LYKA LABS LTD.           ,Listed    ,02 SEP 2026,              10.00,          35690000,             75.35,     2688527700.00  
02 SEP 2026,M&M,EQ,MAHINDRA & MAHINDRA LTD  ,Listed    ,02 SEP 2026,               5.00,        1243528831,           3190.00,  3966856970890.00       
02 SEP 2026,M&MFIN,EQ,M&M FIN. SERVICES LTD    ,Listed    ,02 SEP 2026,               2.00,        1389971160,            368.85,   512690862366.00    
02 SEP 2026,MAANALU,EQ,MAAN ALUMINIUM LIMITED   ,Listed    ,02 SEP 2026,               5.00,          59984864,            118.15,     7087211681.60   
02 SEP 2026,MACOBSTECH,SM,MACOBS TECHNOLOGIES LTD  ,Listed    ,02 SEP 2026,              10.00,           9795200,            201.90,     1977650880.00
02 SEP 2026,MACPOWER,EQ,MACPOWER CNC MACHINES LTD,Listed    ,02 SEP 2026,              10.00,          10004160,           1883.60,    18843835776.00  
02 SEP 2026,MADHAV,EQ,MADHAV MARBLE & GRANITE  ,Listed    ,02 SEP 2026,              10.00,           8947000,             35.25,      315381750.00    
02 SEP 2026,MADHAVBAUG,ST,VAIDYA SANE AYUR LAB LTD ,Listed    ,01 SEP 2026,              10.00,          10513450,            160.80,     1690562760.00
02 SEP 2026,MADHAVIPL,EQ,MADHAV INFRA PROJECTS L  ,Permitted ,02 SEP 2026,               1.00,         269581560,              7.95,     2148565033.20 
02 SEP 2026,MADHUCON,BE,MADHUCON PROJECTS LTD.   ,Listed    ,02 SEP 2026,               1.00,          73794940,              5.00,      369712649.40  
02 SEP 2026,MADHURKNIT,ST,MADHUR KNIT CRAFTS LTD   ,Listed    ,02 SEP 2026,              10.00,          19009232,             90.25,     1715583188.00
02 SEP 2026,MADHUSUDAN,ST,MADHUSUDAN MASALA LIMITED,Listed    ,02 SEP 2026,              10.00,          16135000,            231.00,     3727185000.00
02 SEP 2026,MADRASFERT,EQ,MADRAS FERTILISERS LTD   ,Listed    ,02 SEP 2026,              10.00,         161101300,             64.25,    10352369538.00
02 SEP 2026,MAFATIND,EQ,MAFATLAL INDUSTRIES LTD. ,Permitted ,02 SEP 2026,               2.00,          72163930,            122.55,     8845132900.10  
02 SEP 2026,MAGADSUGAR,EQ,MAGADH SUGAR & ENERGY LTD,Listed    ,02 SEP 2026,              10.00,          14091630,            559.15,     7879334914.50
02 SEP 2026,MAGNUM,EQ,MAGNUM VENTURES LTD.     ,Listed    ,02 SEP 2026,              10.00,          68411317,             19.20,     1312129060.05    
02 SEP 2026,MAGSON,SM,MAGSON RETAIL AND DIST L ,Listed    ,31 AUG 2026,              10.00,          13368454,            181.05,     2420358596.70    
02 SEP 2026,MAHABANK,EQ,BANK OF MAHARASHTRA      ,Listed    ,02 SEP 2026,              10.00,        7691554950,             82.40,   633784127880.00  
02 SEP 2026,MAHAPEXLTD,EQ,MAHA RASHTRA APEX COPR. L,Listed    ,02 SEP 2026,              10.00,          28183792,             54.95,     1548417532.50
02 SEP 2026,MAHASTEEL,BE,MAHAMAYA STEEL INDS LTD  ,Listed    ,02 SEP 2026,              10.00,          16434400,           1324.40,    21765719360.00 
02 SEP 2026,MAHEPC,EQ,MAHINDRA EPC IRRIG LTD   ,Listed    ,02 SEP 2026,              10.00,          27950753,            101.95,     2849579268.35    
02 SEP 2026,MAHESHWARI,BE,MAHESHWARI LOGISTICS LTD.,Listed    ,02 SEP 2026,              10.00,          29597200,             71.90,     2127446736.00
02 SEP 2026,MAHICKRA,SM,MAHICKRA CHEMICAL LIMITED,Listed    ,02 SEP 2026,              10.00,           9775910,            291.50,     2849677765.00  
02 SEP 2026,MAHLIFE,EQ,MAHINDRA LIFESPACE DEVLTD,Listed    ,02 SEP 2026,              10.00,         213342715,            359.00,    76590034685.00   
02 SEP 2026,MAHLOG,EQ,MAHINDRA LOGISTIC LIMITED,Listed    ,02 SEP 2026,              10.00,          99222483,            392.45,    38939863453.35    
02 SEP 2026,MAHSCOOTER,EQ,MAHARASHTRA SCOOTERS LTD ,Listed    ,02 SEP 2026,              10.00,          11428568,          13560.00,   154971382080.00
02 SEP 2026,MAHSEAMLES,EQ,MAHARASHTRA SEAMLESS LTD ,Listed    ,02 SEP 2026,               5.00,         133999252,            665.05,    89116202542.60
02 SEP 2026,MAITHANALL,EQ,MAITHAN ALLOYS LTD       ,Listed    ,02 SEP 2026,              10.00,          29111550,           1019.35,    29674858492.50
02 SEP 2026,MAITREYA,SM,MAITREYA MEDICARE LIMITED,Listed    ,02 SEP 2026,              10.00,           6776000,            123.90,      839546400.00  
02 SEP 2026,MAJESAUT,BE,MAJESTIC AUTO LTD.       ,Permitted ,02 SEP 2026,              10.00,          10397478,            353.65,     3677068094.70  
02 SEP 2026,MAKERSL,EQ,MAKERS LABORATORIES LTD. ,Permitted ,02 SEP 2026,              10.00,           5900376,            182.70,     1077998695.20   
02 SEP 2026,MAKS,SM,MAKS ENERGY SOL INDIA LTD,Listed    ,02 SEP 2026,              10.00,           6934790,             13.75,       95353362.50      
02 SEP 2026,MAL,SM,MANGALAM ALLOYS LIMITED  ,Listed    ,02 SEP 2026,              10.00,          24685927,             31.60,      780075293.20       
02 SEP 2026,MALLCOM,EQ,MALLCOM (INDIA) LIMITED  ,Listed    ,02 SEP 2026,              10.00,           6240000,           1021.15,     6371976000.00   
02 SEP 2026,MALUPAPER,EQ,MALU PAPER MILLS LIMITED ,Listed    ,02 SEP 2026,              10.00,          17059250,             31.05,      529689712.50 
02 SEP 2026,MAMATA,EQ,MAMATA MACHINERY LIMITED ,Listed    ,02 SEP 2026,              10.00,          24607800,            401.15,     9871418970.00    
02 SEP 2026,MANAKALUCO,EQ,MANAK ALUMINIUM CO. LTD. ,Listed    ,02 SEP 2026,               1.00,          65534050,             37.10,     2432623936.00
02 SEP 2026,MANAKCOAT,EQ,MAN COAT METAL & IND LTD ,Listed    ,02 SEP 2026,               1.00,         105834050,            121.55,    12865187118.00 
02 SEP 2026,MANAKSIA,EQ,MANAKSIA LTD.            ,Listed    ,02 SEP 2026,               2.00,          65534050,             58.15,     3810149667.00  
02 SEP 2026,MANAKSTEEL,EQ,MANAKSIA STEELS LTD      ,Listed    ,02 SEP 2026,               1.00,          65534050,            109.30,     7162871665.00
02 SEP 2026,MANALIPETC,EQ,MANALI PETROCHEMICALS LT ,Listed    ,02 SEP 2026,               5.00,         171999229,             82.75,    14234656192.05
02 SEP 2026,MANAPPURAM,EQ,MANAPPURAM FINANCE LTD   ,Listed    ,02 SEP 2026,               2.00,         939336102,            340.90,   320219677171.80
02 SEP 2026,MANAV,SM,MANAV INFRA PROJECTS LTD ,Listed    ,02 SEP 2026,              10.00,          13160000,             37.90,      498764000.00     
02 SEP 2026,MANBA,EQ,MANBA FINANCE LIMITED    ,Listed    ,02 SEP 2026,              10.00,          50239410,            128.30,     6446218697.10     
02 SEP 2026,MANBRO,EQ,MANBRO INDUSTRIES LTD.   ,Permitted ,02 SEP 2026,               1.00,          58010500,             51.05,     2962016130.00    
02 SEP 2026,MANCREDIT,EQ,MANGAL CREDIT N FINCORP L,Listed    ,02 SEP 2026,              10.00,          21113986,            227.80,     4809554870.95 
02 SEP 2026,MANDEEP,SM,MANDEEP AUTO INDUSTRIES L,Listed    ,01 SEP 2026,              10.00,          11437894,             18.20,      208169670.80   
02 SEP 2026,MANGALAM,EQ,MANGALAM DRUG & CHEM LTD ,Listed    ,02 SEP 2026,              10.00,          15828248,             30.35,      480070761.85  
02 SEP 2026,MANGLMCEM,EQ,MANGALAM CEMENT LTD      ,Listed    ,02 SEP 2026,              10.00,          27497298,           1092.90,    30051796984.20 
02 SEP 2026,MANILAM,SM,MANILAM INDUSTRIES IND L ,Listed    ,26 AUG 2026,              10.00,          21848000,             48.00,     1048704000.00   
02 SEP 2026,MANINDS,EQ,MAN INDUSTRIES (I) LTD.  ,Listed    ,02 SEP 2026,               5.00,          75009571,            744.85,    55870878959.35   
02 SEP 2026,MANINFRA,EQ,MAN INFRA LTD            ,Listed    ,02 SEP 2026,               2.00,         403666505,            123.25,    49759970071.35  
02 SEP 2026,MANIPALHOS,EQ,MANIPAL HEALTH ENTERPRI L,Listed    ,02 SEP 2026,               2.00,        1315377202,            709.90,   933786275699.80
02 SEP 2026,MANKIND,EQ,MANKIND PHARMA LIMITED   ,Listed    ,02 SEP 2026,               1.00,         412995978,           2391.50,   987679881387.00   
02 SEP 2026,MANOMAY,EQ,MANOMAY TEX INDIA LTD    ,Listed    ,02 SEP 2026,              10.00,          18048735,            224.50,     4052301982.20   
02 SEP 2026,MANORAMA,EQ,MANORAMA INDUSTRIES LTD  ,Listed    ,02 SEP 2026,               2.00,          63122390,           1813.10,   114447205309.00  
02 SEP 2026,MANORG,EQ,MANGALAM ORGANICS LIMITED,Listed    ,02 SEP 2026,              10.00,           8564440,            478.65,     4099369206.00    
02 SEP 2026,MANUGRAPH,BE,MANUGRAPH INDIA LIMITED  ,Listed    ,02 SEP 2026,               2.00,          30415061,             14.40,      437368577.20 
02 SEP 2026,MANYAVAR,EQ,VEDANT FASHIONS LIMITED  ,Listed    ,02 SEP 2026,               1.00,         242977245,            544.10,   132203919004.50  
02 SEP 2026,MAPMYINDIA,EQ,C.E. INFO SYSTEMS LIMITED,Listed    ,02 SEP 2026,               2.00,          54761056,            982.60,    53808213625.60
02 SEP 2026,MARALOVER,EQ,MARAL OVERSEAS LTD       ,Listed    ,02 SEP 2026,              10.00,          41508000,             54.15,     2246828040.00 
02 SEP 2026,MARATHON,EQ,MARATHON NXTGEN REALT LTD,Listed    ,02 SEP 2026,               5.00,          67420546,            433.80,    29247032854.80  
02 SEP 2026,MARC,SM,MARC TECHNOCRATS LIMITED ,Listed    ,01 SEP 2026,              10.00,          17313383,            148.60,     2572768713.80      
02 SEP 2026,MARCO,SM,MARCO CABLE & CONDUCTOR L,Listed    ,02 SEP 2026,              10.00,          18699000,             33.70,      630156300.00     
02 SEP 2026,MARICO,EQ,MARICO LIMITED           ,Listed    ,02 SEP 2026,               1.00,        1298375399,            829.35,  1076807637160.65    
02 SEP 2026,MARINE,EQ,MARINE ELECTRICAL (I) LTD,Listed    ,02 SEP 2026,               2.00,         139944410,            431.50,    60386012915.00    
02 SEP 2026,MARINETRAN,ST,MARINETRANS INDIA LIMITED,Listed    ,Not Traded ,              10.00,          12726000,             16.10,      204888600.00
02 SEP 2026,MARKOLINES,EQ,MARKOLINES PAVEMENT TEC L,Listed    ,02 SEP 2026,              10.00,          22203720,            172.65,     3833694295.20
02 SEP 2026,MARKSANS,EQ,MARKSANS PHARMA LIMITED  ,Listed    ,02 SEP 2026,               1.00,         453288438,            332.50,   150718405635.00  
02 SEP 2026,MARSONS,EQ,MARSONS LIMITED          ,Listed    ,02 SEP 2026,               1.00,         172100000,            122.85,    21140764000.00   
02 SEP 2026,MARUSHIKA,SM,MARUSHIKA TECHNOLOGY LTD ,Listed    ,01 SEP 2026,              10.00,           8536768,            110.00,      939044480.00 
02 SEP 2026,MARUTI,EQ,MARUTI SUZUKI INDIA LTD. ,Listed    ,02 SEP 2026,               5.00,         314402574,          12849.00,  4039758673326.00    
02 SEP 2026,MASFIN,EQ,MAS FINANCIAL SERV LTD   ,Listed    ,02 SEP 2026,              10.00,         181453377,            294.45,    53428946857.65    
02 SEP 2026,MASKINVEST,EQ,MASK INVESTMENTS LIMITED ,Listed    ,02 SEP 2026,              10.00,           3051500,            146.00,      445519000.00
02 SEP 2026,MASON,SM,MASON INFRATECH LIMITED  ,Listed    ,01 SEP 2026,              10.00,          23940000,            116.90,     2798586000.00     
02 SEP 2026,MASTEK,EQ,MASTEK LTD               ,Listed    ,02 SEP 2026,               5.00,          31000782,           1763.00,    54654378666.00    
02 SEP 2026,MASTER,SM,MASTER COMPONENTS LIMITED,Listed    ,02 SEP 2026,              10.00,           4000000,            430.65,     1722600000.00    
02 SEP 2026,MASTERTR,EQ,MASTER TRUST LIMITED     ,Listed    ,02 SEP 2026,               1.00,         123016000,             80.85,     9945843600.00  
02 SEP 2026,MATRIMONY,EQ,MATRIMONY.COM LIMITED    ,Listed    ,02 SEP 2026,               5.00,          20673393,            514.35,    10633359689.55 
02 SEP 2026,MAWANASUG,EQ,MAWANA SUGARS LIMITED    ,Listed    ,02 SEP 2026,              10.00,          39116864,            147.85,     5784210679.70 
02 SEP 2026,MAXESTATES,EQ,MAX ESTATES LIMITED      ,Listed    ,02 SEP 2026,              10.00,         163487626,            520.65,    85119832476.90
02 SEP 2026,MAXHEALTH,EQ,MAX HEALTHCARE INS LTD   ,Listed    ,02 SEP 2026,              10.00,         973243789,            994.00,   967404326266.00 
02 SEP 2026,MAXIND,EQ,MAX INDIA LIMITED        ,Listed    ,02 SEP 2026,              10.00,          52522862,            147.90,     7768131289.80    
02 SEP 2026,MAXPOSURE,SM,MAXPOSURE LIMITED        ,Listed    ,02 SEP 2026,              10.00,          22740950,             29.00,      659487550.00 
02 SEP 2026,MAXVOLT,SM,MAXVOLT ENERGY INDUS L   ,Listed    ,02 SEP 2026,              10.00,          10903928,            333.25,     3633734006.00   
02 SEP 2026,MAYASHEEL,SM,MAYASHEEL VENTURES LTD   ,Listed    ,02 SEP 2026,              10.00,          22050000,             37.90,      835695000.00 
02 SEP 2026,MAYURUNIQ,EQ,MAYUR UNIQUOTERS LTD     ,Listed    ,02 SEP 2026,               5.00,          43452600,            728.75,    31666082250.00 
02 SEP 2026,MAZDA,BE,MAZDA LIMITED            ,Listed    ,02 SEP 2026,               2.00,          20025000,            261.30,     5232532500.00     
02 SEP 2026,MAZDOCK,EQ,MAZAGON DOCK SHIPBUIL LTD,Listed    ,02 SEP 2026,               5.00,         403380000,           2459.00,   991911420000.00   
02 SEP 2026,MBAPL,EQ,MADHYA BHARAT AGRO P. LTD,Listed    ,02 SEP 2026,               2.00,         438134700,            159.05,    69694086729.00     
02 SEP 2026,MBECL,BE,MCNALLY BHARAT ENGIN CO L,Listed    ,02 SEP 2026,              10.00,          33333334,            234.85,     7827666823.20     
02 SEP 2026,MBEL,EQ,M AND B ENGINEERING LTD  ,Listed    ,02 SEP 2026,              10.00,          57148215,            266.10,    15207140011.50      
02 SEP 2026,MBLINFRA,EQ,MBL INFRASTRUCTURE LTD   ,Listed    ,02 SEP 2026,              10.00,         152529256,             23.35,     3560032835.05  
02 SEP 2026,MCCHRLS-B,EQ,MAC CHARLES (INDIA) LTD. ,Permitted ,02 SEP 2026,              10.00,          13100452,            675.60,     8850665371.20 
02 SEP 2026,MCL,EQ,M TEK COPPER LIMITED     ,Listed    ,02 SEP 2026,               5.00,          27142800,             56.15,     1524611076.00       
02 SEP 2026,MCLEODRUSS,EQ,MCLEOD RUSSEL INDIA LTD. ,Listed    ,02 SEP 2026,               5.00,         104455735,             47.05,     4913597774.40
02 SEP 2026,MCLOUD,EQ,MAGELLANIC CLOUD LIMITED ,Listed    ,02 SEP 2026,               2.00,         589067120,             26.30,    15480683913.60    
02 SEP 2026,MCON,SM,MCON RASAYAN INDIA LTD   ,Listed    ,02 SEP 2026,              10.00,           7335388,             42.50,      311753990.00      
02 SEP 2026,MCX,EQ,MULTI COMMODITY EXCHANGE ,Permitted ,02 SEP 2026,               2.00,         254991845,           3286.00,   837903202670.00       
02 SEP 2026,MDL,ST,MARVEL DECOR LIMITED     ,Listed    ,28 AUG 2026,              10.00,          17740140,             61.95,     1099001673.00       
02 SEP 2026,MEDANTA,EQ,GLOBAL HEALTH LIMITED    ,Listed    ,02 SEP 2026,               2.00,         268867782,           1444.90,   388487058211.80   
02 SEP 2026,MEDIASSIST,EQ,MEDI ASSIST HEALTH SER L ,Listed    ,02 SEP 2026,               5.00,          74701842,            338.75,    25305248977.50
02 SEP 2026,MEDICAMEQ,EQ,MEDICAMEN BIOTECH LIMITED,Listed    ,02 SEP 2026,              10.00,          13562815,            265.25,     3597536678.75 
02 SEP 2026,MEDICAPQ,EQ,MEDI CAPS LTD.           ,Permitted ,02 SEP 2026,              10.00,          12469956,             26.70,      332947825.20  
02 SEP 2026,MEDICO,EQ,MEDICO REMEDIES LIMITED  ,Listed    ,02 SEP 2026,               2.00,          82984000,             39.35,     3263760720.00    
02 SEP 2026,MEDIORG,SM,MEDICAMEN ORGANICS LTD   ,Listed    ,02 SEP 2026,              10.00,          12165910,             25.65,      312055591.50   
02 SEP 2026,MEDISTEP,SM,MEDISTEP HEALTHCARE LTD  ,Listed    ,02 SEP 2026,              10.00,          14209546,             21.95,      311899534.70  
02 SEP 2026,MEDPLUS,EQ,MEDPLUS HEALTH SERV LTD  ,Listed    ,02 SEP 2026,               2.00,         120137061,            659.95,    79284453406.95   
02 SEP 2026,MEESHO,EQ,MEESHO LIMITED           ,Listed    ,02 SEP 2026,               1.00,        4598301651,            211.60,   973000629351.60    
02 SEP 2026,MEGAFLEX,SM,MEGA FLEX PLASTICS LTD   ,Listed    ,01 SEP 2026,              10.00,          12131025,             95.00,     1152447375.00  
02 SEP 2026,MEGASTAR,EQ,MEGASTAR FOODS LIMITED   ,Listed    ,02 SEP 2026,              10.00,          11293700,            305.45,     3449660665.00  
02 SEP 2026,MEGATHERM,SM,MEGATHERM INDUCTION LTD  ,Listed    ,02 SEP 2026,              10.00,          18840729,            209.55,     3948074761.95 
02 SEP 2026,MEIL,EQ,MANGAL ELECTRICAL IND L  ,Listed    ,02 SEP 2026,              10.00,          27630124,            278.90,     7706041583.60      
02 SEP 2026,MENNPIS,EQ,MENON PISTONS LTD.       ,Permitted ,02 SEP 2026,               1.00,          51000000,             74.20,     3784200000.00   
02 SEP 2026,MENONBE,BE,MENON BEARINGS LIMITED   ,Listed    ,02 SEP 2026,               1.00,          56040000,            293.90,    16470156000.00   
02 SEP 2026,MEP,BZ,MEP INFRA. DEVELOPERS LTD,Listed    ,02 SEP 2026,              10.00,         183446051,              0.75,      133915617.25       
02 SEP 2026,MERCANTILE,EQ,MERCANTILE VENTURES LTD. ,Permitted ,02 SEP 2026,              10.00,         111918195,             25.60,     2863986610.05
02 SEP 2026,MERCURYEV,EQ,MERCURY EV-TECH LIMITED  ,Listed    ,02 SEP 2026,               1.00,         189973058,             36.65,     6964412306.30 
02 SEP 2026,METALIC,ST,METALIC TECHNOFORGE LTD  ,Listed    ,02 SEP 2026,              10.00,          23984400,            132.30,     3173136120.00   
02 SEP 2026,METROBRAND,EQ,METRO BRANDS LIMITED     ,Listed    ,02 SEP 2026,               5.00,         272561468,            900.65,   245482486154.20
02 SEP 2026,METROGLOBL,EQ,METROGLOBAL LTD.         ,Permitted ,02 SEP 2026,              10.00,          12334375,            132.95,     1639855156.25
02 SEP 2026,METROPOLIS,EQ,METROPOLIS HEALTHCARE LTD,Listed    ,02 SEP 2026,               2.00,         207327768,            582.20,   120706226529.60
02 SEP 2026,MFML,EQ,MAHALAXMI FABRIC MILLS LT,Listed    ,02 SEP 2026,              10.00,          10620275,             18.55,      197218506.75      
02 SEP 2026,MFSL,EQ,MAX FINANCIAL SERV LTD   ,Listed    ,02 SEP 2026,               2.00,         345114771,           1505.00,   519397730355.00      
02 SEP 2026,MGEL,BE,MANGALAM GLOBAL ENT LTD  ,Listed    ,02 SEP 2026,               1.00,         329555600,             14.45,     4758782864.00      
02 SEP 2026,MGL,EQ,MAHANAGAR GAS LTD.       ,Listed    ,02 SEP 2026,              10.00,          98777778,           1065.20,   105218089125.60       
02 SEP 2026,MGSL,SM,MATRIX GEO SOLUTIONS LTD ,Listed    ,02 SEP 2026,              10.00,          14581832,             77.55,     1130821071.60      
02 SEP 2026,MHHL,SM,MOHINI HEALTH&HYGIENE LTD,Listed    ,02 SEP 2026,              10.00,          18235900,             31.40,      572607260.00      
02 SEP 2026,MHLXMIRU,BE,MAHALAXMI RUBTECH LIMITED,Listed    ,02 SEP 2026,              10.00,          10620275,            176.80,     1877877025.50  
02 SEP 2026,MHRIL,EQ,MAHINDRA HOLIDAYS LTD    ,Listed    ,02 SEP 2026,              10.00,         202056152,            206.60,    41742780441.70     
02 SEP 2026,MICEL,BE,MIC ELECTRONICS LTD      ,Listed    ,02 SEP 2026,               2.00,         241011560,             38.25,     9216282054.40     
02 SEP 2026,MICROPRO,SM,MICROPRO SOFTWARE SOL L  ,Listed    ,02 SEP 2026,              10.00,          14299400,             18.55,      265253870.00  
02 SEP 2026,MIDHANI,EQ,MISHRA DHATU NIGAM LTD   ,Listed    ,02 SEP 2026,              10.00,         187340000,            414.40,    77633696000.00   
02 SEP 2026,MIDWESTLTD,EQ,MIDWEST LIMITED          ,Listed    ,02 SEP 2026,               5.00,          36160816,           1036.90,    37495150110.40
02 SEP 2026,MIEL,SM,MANGLAM INFRA & ENG LTD  ,Listed    ,02 SEP 2026,              10.00,          17596700,             12.40,      218199080.00      
02 SEP 2026,MIIL,EQ,MEGHNA INFRACON INFRA L  ,Permitted ,02 SEP 2026,              10.00,          21723750,            722.55,    15696495562.50      
02 SEP 2026,MILKYMIST,EQ,MILKY MIST DAIRY FOOD L  ,Listed    ,02 SEP 2026,               2.00,         769843411,            252.05,   194031333308.45 
02 SEP 2026,MILTON,SM,MILTON INDUSTRIES LIMITED,Listed    ,01 SEP 2026,              10.00,          16995000,             36.50,      620317500.00    
02 SEP 2026,MINALIND,BE,MINAL INDUSTRIES LTD.    ,Permitted ,02 SEP 2026,               2.00,         191900650,              4.85,      932637159.00  
02 SEP 2026,MINDACORP,EQ,MINDA CORPORATION LTD    ,Listed    ,02 SEP 2026,               2.00,         239079428,            707.85,   169232373109.80 
02 SEP 2026,MINDPOOL,SM,MINDPOOL TECHNOLOGIES LTD,Listed    ,28 AUG 2026,              10.00,           4237500,             71.10,      301286250.00  
02 SEP 2026,MINDSPACE,RR,MINDSPACE BUSINESS P REIT,Listed    ,02 SEP 2026,             275.00,         661993482,            500.75,   331486616176.70 
02 SEP 2026,MINDTECK,EQ,MINDTECK (INDIA) LIMITED ,Listed    ,02 SEP 2026,              10.00,          31954221,            170.30,     5442442920.70  
02 SEP 2026,MIRZAINT,EQ,MIRZA INTERNATIONAL LIMIT,Listed    ,02 SEP 2026,               2.00,         138201900,             30.85,     4262146596.00  
02 SEP 2026,MITCON,BE,MITCON CON & ENG SER LTD ,Listed    ,02 SEP 2026,              10.00,          17418418,             78.75,     1371874601.70    
02 SEP 2026,MITTAL,EQ,MITTAL LIFE STYLE LIMITED,Listed    ,02 SEP 2026,               1.00,         224016720,              0.80,      181453543.20    
02 SEP 2026,MKEXIM,EQ,M K EXIM (INDIA) LTD.    ,Permitted ,02 SEP 2026,              10.00,          40367250,             61.40,     2479356495.00    
02 SEP 2026,MKPL,EQ,M K PROTEINS LIMITED     ,Listed    ,02 SEP 2026,               1.00,         375372000,              4.00,     1501488000.00      
02 SEP 2026,MLKFOOD,EQ,MILKFOOD LTD.            ,Permitted ,02 SEP 2026,               5.00,          25596180,             83.15,     2128322367.00   
02 SEP 2026,MMEL,SM,MOVING MEDIA ENTER LTD   ,Listed    ,02 SEP 2026,              10.00,          18806336,             23.10,      434426361.60      
02 SEP 2026,MMFL,EQ,MM FORGINGS LTD          ,Listed    ,02 SEP 2026,              10.00,          48281600,            648.05,    31288890880.00      
02 SEP 2026,MMP,EQ,MMP INDUSTRIES LIMITED   ,Listed    ,02 SEP 2026,              10.00,          25402613,            384.10,     9757143653.30       
02 SEP 2026,MMTC,EQ,MMTC LIMITED             ,Listed    ,02 SEP 2026,               1.00,        1500000000,             62.10,    93150000000.00      
02 SEP 2026,MMWL,EQ,MEDIA MATRIX WORLDWIDE L ,Permitted ,02 SEP 2026,               1.00,        1132742219,             14.15,    16005647554.45      
02 SEP 2026,MOBIKWIK,EQ,ONE MOBIKWIK SYSTEMS LTD ,Listed    ,02 SEP 2026,               2.00,          78730262,            185.30,    14590292153.85  
02 SEP 2026,MOBILISE,SM,MOBILISE APP LAB LIMITED ,Listed    ,01 SEP 2026,              10.00,           9512000,            119.70,     1138586400.00  
02 SEP 2026,MODINATUR,EQ,MODI NATURALS LIMITED    ,Listed    ,02 SEP 2026,              10.00,          13306397,            340.80,     4534820097.60 
02 SEP 2026,MODIRUBBER,EQ,MODI RUBBER LTD          ,Listed    ,02 SEP 2026,              10.00,          25040532,            123.80,     3100017861.60
02 SEP 2026,MODIS,EQ,MODIS NAVNIRMAN LTD      ,Listed    ,02 SEP 2026,              10.00,          19591200,            379.10,     7427023920.00     
02 SEP 2026,MODISONLTD,EQ,MODISON LIMITED          ,Listed    ,02 SEP 2026,               1.00,          32450000,            520.65,    16895092500.00
02 SEP 2026,MODTHREAD,EQ,MODERN THREADS INDIA LTD ,Listed    ,02 SEP 2026,              10.00,          34775160,             52.60,     1829521167.60 
02 SEP 2026,MOHITE,EQ,MOHITE INDUSTRIES LTD.   ,Permitted ,02 SEP 2026,               1.00,         200997000,              2.95,      594951120.00    
02 SEP 2026,MOHITIND,EQ,MOHIT INDUSTRIES LTD     ,Listed    ,02 SEP 2026,              10.00,          14157575,             23.70,      335817679.00  
02 SEP 2026,MOIL,EQ,MOIL LIMITED             ,Listed    ,02 SEP 2026,              10.00,         203485211,            250.70,    51017812101.90      
02 SEP 2026,MOKSH,EQ,MOKSH ORNAMENTS LIMITED  ,Listed    ,02 SEP 2026,               2.00,          88248967,             10.15,      895727015.05     
02 SEP 2026,MOL,EQ,MEGHMANI ORGANICS LIMITED,Listed    ,02 SEP 2026,               1.00,         254314211,             65.75,    16721159373.25       
02 SEP 2026,MOLBIO,EQ,MOLBIO DIAGNOSTICS LTD   ,Listed    ,02 SEP 2026,               1.00,         115239996,           1107.80,   127662867568.80    
02 SEP 2026,MOLDTECH,BE,MOLD-TEK TECHNOLOGIES LTD,Listed    ,02 SEP 2026,               2.00,          28805118,            202.40,     5829579780.85  
02 SEP 2026,MOLDTKPAC,EQ,MOLD-TEK PACKAGING LTD   ,Listed    ,02 SEP 2026,               5.00,          33120639,            694.55,    23003939817.45 
02 SEP 2026,MONARCH,EQ,MONARCH NETWORTH CAP LTD ,Listed    ,02 SEP 2026,              10.00,          73947387,            372.40,    27538006918.80   
02 SEP 2026,MONEYBOXX,EQ,MONEYBOXX FINANCE LIMITED,Listed    ,02 SEP 2026,              10.00,          69809200,             56.00,     3909315200.00 
02 SEP 2026,MONOLITH,SM,MONOLITHISCH INDIA LTD   ,Listed    ,02 SEP 2026,              10.00,          21736000,           1256.70,    27315631200.00  
02 SEP 2026,MONOPHARMA,SM,MONO PHARMACARE LIMITED  ,Listed    ,02 SEP 2026,              10.00,          17668564,              8.95,      158133647.80
02 SEP 2026,MONTECARLO,EQ,MONTE CARLO FASHIONS LTD.,Listed    ,02 SEP 2026,              10.00,          20732064,            544.20,    11282389228.80
02 SEP 2026,MOREPENLAB,EQ,MOREPEN LAB. LTD         ,Listed    ,02 SEP 2026,               2.00,         547953699,            111.95,    61354375677.05
02 SEP 2026,MOS,ST,MOS UTILITY LIMITED      ,Listed    ,02 SEP 2026,               2.00,         257440410,              8.30,     2136755403.00       
02 SEP 2026,MOSCHIP,EQ,MOSCHIP TECHNOLOGIES LTD ,Listed    ,02 SEP 2026,               2.00,         194219080,            215.85,    41920246227.20   
02 SEP 2026,MOTHERSON,EQ,SAMVRDHNA MTHRSN INTL LTD,Listed    ,02 SEP 2026,               1.00,       10554442601,            163.30,  1723540476743.30 
02 SEP 2026,MOTILALOFS,EQ,MOTILAL OSWAL FIN LTD    ,Listed    ,02 SEP 2026,               1.00,         602146704,           1017.60,   612744485990.40
02 SEP 2026,MOTISONS,EQ,MOTISONS JEWELLERS LTD   ,Listed    ,02 SEP 2026,               1.00,        1137506600,             15.45,    17551726838.00  
02 SEP 2026,MOTOGENFIN,BE,MOTOR & GENERAL FINANCE L,Listed    ,02 SEP 2026,               5.00,          38727190,             27.50,     1065384996.90
02 SEP 2026,MOXSH,SM,MOXSH OVERSEAS EDUCON LTD,Listed    ,02 SEP 2026,              10.00,           9340800,            103.60,      967706880.00     
02 SEP 2026,MPDL,BE,MPDL LTD.                ,Permitted ,02 SEP 2026,              10.00,           7412524,             31.65,      234606384.60      
02 SEP 2026,MPEL,ST,MANAS POLYMER N ENERGIE L,Listed    ,02 SEP 2026,              10.00,          23328000,             24.85,      579700800.00      
02 SEP 2026,MPHASIS,EQ,MPHASIS LIMITED          ,Listed    ,02 SEP 2026,              10.00,         190873137,           2480.00,   473365379760.00   
02 SEP 2026,MPSLTD,EQ,MPS LIMITED              ,Listed    ,02 SEP 2026,              10.00,          17105816,           2594.60,    44382750193.60    
02 SEP 2026,MPTODAY,SM,M P TODAY MEDIA LIMITED  ,Listed    ,01 SEP 2026,              10.00,           4568000,             41.55,      189800400.00   
02 SEP 2026,MRF,EQ,MRF LTD                  ,Listed    ,02 SEP 2026,              10.00,           4241143,         131880.00,   559321938840.00       
02 SEP 2026,MRIL,ST,MAHENDRA REALTO & INFRA L,Listed    ,28 AUG 2026,              10.00,          22103900,             60.15,     1329549585.00      
02 SEP 2026,MRPL,EQ,MRPL                     ,Listed    ,02 SEP 2026,              10.00,        1752598777,            175.20,   307090357705.95      
02 SEP 2026,MSL,EQ,MANGALAM SEEDS LTD.      ,Permitted ,02 SEP 2026,              10.00,          10980158,            137.55,     1510101129.75       
02 SEP 2026,MSPL,EQ,MSP STEEL & POWER LTD.   ,Listed    ,02 SEP 2026,              10.00,         566796645,             36.15,    20484030750.30      
02 SEP 2026,MSTCLTD,EQ,MSTC LIMITED             ,Listed    ,02 SEP 2026,              10.00,          70400000,            711.75,    50107200000.00   
02 SEP 2026,MSUMI,EQ,MOTHERSON SUMI WRNG IND L,Listed    ,02 SEP 2026,               1.00,        6631661898,             36.60,   242718825466.80     
02 SEP 2026,MTARTECH,BE,MTAR TECHNOLOGIES LIMITED,Listed    ,02 SEP 2026,              10.00,          30759591,           6872.00,   211379909352.00  
02 SEP 2026,MTEDUCARE,BE,MT EDUCARE LTD           ,Listed    ,02 SEP 2026,              10.00,          72228054,              1.75,      126399094.50 
02 SEP 2026,MTNL,EQ,MAHANAGAR TELEPHONE NIGAM,Listed    ,02 SEP 2026,              10.00,         630000000,             26.45,    16650900000.00      
02 SEP 2026,MUFIN,EQ,MUFIN GREEN FINANCE LTD  ,Listed    ,02 SEP 2026,               1.00,         198162188,            134.65,    26682538614.20     
02 SEP 2026,MUFTI,EQ,CREDO BRANDS MARKETING L ,Listed    ,02 SEP 2026,               2.00,          65394103,             72.15,     4716876649.40     
02 SEP 2026,MUKANDLTD,EQ,MUKAND LTD.              ,Listed    ,02 SEP 2026,              10.00,         144495563,            134.20,    19388414643.35 
02 SEP 2026,MUKESHB,EQ,MUKESH BABU FINANC SER L ,Permitted ,02 SEP 2026,              10.00,           6970900,            133.75,      932427584.00   
02 SEP 2026,MUKKA,EQ,MUKKA PROTEINS LIMITED   ,Listed    ,02 SEP 2026,               1.00,         300000000,             26.85,     8055000000.00     
02 SEP 2026,MUKTAARTS,BE,MUKTA ARTS LIMITED       ,Listed    ,02 SEP 2026,               5.00,          22585200,             57.50,     1298649000.00 
02 SEP 2026,MUNISH,SM,MUNISH FORGE LIMITED     ,Listed    ,02 SEP 2026,              10.00,          24070263,             83.15,     2001442368.45    
02 SEP 2026,MUNJALAU,EQ,MUNJAL AUTO IND. LTD.    ,Listed    ,02 SEP 2026,               2.00,         100000000,            113.45,    11344000000.00  
02 SEP 2026,MUNJALSHOW,EQ,MUNJAL SHOWA LTD         ,Listed    ,02 SEP 2026,               2.00,          39995000,            129.20,     5167354000.00
02 SEP 2026,MURUDCERA,EQ,MURUDESHWAR CERAMICS LTD ,Listed    ,02 SEP 2026,              10.00,          60545260,             29.90,     1809092368.80 
02 SEP 2026,MUTHOOTCAP,EQ,MUTHOOT CAP SERV LTD     ,Listed    ,02 SEP 2026,              10.00,          16447533,            241.20,     3967473910.25
02 SEP 2026,MUTHOOTFIN,EQ,MUTHOOT FINANCE LIMITED  ,Listed    ,02 SEP 2026,              10.00,         401468476,           2937.70,  1179393941945.20
02 SEP 2026,MUTHOOTMF,EQ,MUTHOOT MICROFIN LIMITED ,Listed    ,02 SEP 2026,              10.00,         170492176,            203.20,    34644010163.20 
02 SEP 2026,MVELECTRO,EQ,MV ELECTROSYSTEMS LIMITED,Listed    ,02 SEP 2026,               5.00,          27282728,            686.05,    18717315544.40 
02 SEP 2026,MVGJL,EQ,MANOJ VAIBHAV GEM N JEW L,Listed    ,02 SEP 2026,              10.00,          48847441,            161.75,     7901562056.15     
02 SEP 2026,MVKAGRO,SM,M.V.K. AGRO FOOD PROD LTD,Listed    ,02 SEP 2026,              10.00,          50503900,            214.40,    10828036160.00   
02 SEP 2026,MWL,EQ,MANGALAM WORLDWIDE LTD   ,Listed    ,02 SEP 2026,               1.00,         297006740,             39.20,    11642664208.00       
02 SEP 2026,MYMUDRA,SM,MY MUDRA FINCORP LIMITED ,Listed    ,01 SEP 2026,              10.00,          11391800,             71.00,      808817800.00   
02 SEP 2026,MYSORPETRO,BE,MYSORE PETRO CHEMICALS L ,Permitted ,02 SEP 2026,              10.00,           6583488,            120.05,      790347734.40
02 SEP 2026,NACLIND,EQ,NACL INDUSTRIES LIMITED  ,Listed    ,02 SEP 2026,               1.00,         234243330,            167.40,    39212333442.00   
02 SEP 2026,NAGREEKCAP,EQ,NAGREEKA CAP & INFR.LTD  ,Listed    ,02 SEP 2026,               5.00,          12615300,             23.25,      293179572.00
02 SEP 2026,NAGREEKEXP,EQ,NAGREEKA EXPORTS LTD.    ,Listed    ,02 SEP 2026,               5.00,          31249250,             21.35,      667171487.50
02 SEP 2026,NAHARCAP,EQ,NAHAR CAP & FIN.         ,Listed    ,02 SEP 2026,               5.00,          16746167,            258.80,     4333908019.60  
02 SEP 2026,NAHARINDUS,EQ,NAHAR INDS ENT LTD       ,Listed    ,02 SEP 2026,              10.00,          43205581,            133.85,     5783499072.65
02 SEP 2026,NAHARPOLY,EQ,NAHAR POLY FILMS LIMITED ,Listed    ,02 SEP 2026,               5.00,          24587991,            250.35,     6156095306.65 
02 SEP 2026,NAHARSPING,EQ,NAHAR SPINNING MILLS LTD.,Listed    ,02 SEP 2026,               5.00,          36065303,            294.95,    10637461119.85
02 SEP 2026,NAM-INDIA,EQ,NIPPON L I A M LTD       ,Listed    ,02 SEP 2026,              10.00,         638780167,           1171.50,   748330965640.50 
02 SEP 2026,NAMAN,SM,NAMAN INDUSTRE PRXIMA LTD,Listed    ,02 SEP 2026,              10.00,          13065980,             40.00,      522639200.00     
02 SEP 2026,NAMOEWASTE,ST,NAMO EWASTE MANAGEMENT L ,Listed    ,02 SEP 2026,              10.00,          22867515,            264.00,     6037023960.00
02 SEP 2026,NARMADA,EQ,NARMADA AGROBASE LIMITED ,Listed    ,02 SEP 2026,               5.00,          75872798,             13.65,     1034146236.75   
02 SEP 2026,NATCAPSUQ,EQ,NATURAL CAPSULES LIMITED ,Listed    ,02 SEP 2026,              10.00,          10411154,            216.20,     2250683271.70 
02 SEP 2026,NATCOPHARM,EQ,NATCO PHARMA LTD.        ,Listed    ,02 SEP 2026,               2.00,         179109870,            843.25,   151034397877.50
02 SEP 2026,NATHBIOGEN,EQ,NATH BIO-GENES (I) LTD   ,Listed    ,02 SEP 2026,              10.00,          19004000,            152.55,     2899060200.00
02 SEP 2026,NATIONALUM,EQ,NATIONAL ALUMINIUM CO LTD,Listed    ,02 SEP 2026,               5.00,        1836631787,            370.00,   679553761190.00
02 SEP 2026,NATIONSTD,EQ,NATIONAL STAND (INDIA) L ,Permitted ,02 SEP 2026,              10.00,          20000000,            103.95,     2078800000.00 
02 SEP 2026,NAUKRI,EQ,INFO EDGE (I) LTD        ,Listed    ,02 SEP 2026,               2.00,         648420600,           1343.70,   871282760220.00    
02 SEP 2026,NAVA,EQ,NAVA LIMITED             ,Listed    ,02 SEP 2026,               1.00,         283001276,            560.75,   158692965517.00      
02 SEP 2026,NAVINFLUOR,EQ,NAVIN FLUORINE INT. LTD  ,Listed    ,02 SEP 2026,               2.00,          51275419,           8542.50,   438020266807.50
02 SEP 2026,NAVKARCORP,EQ,NAVKAR CORPORATION LTD.  ,Listed    ,02 SEP 2026,              10.00,         150519181,             95.45,    14370066210.05
02 SEP 2026,NAVKARURB,BE,NAVKAR URBANSTRUCTURE LTD,Listed    ,02 SEP 2026,               1.00,        1122090422,              0.90,      998660475.60 
02 SEP 2026,NAVNETEDUL,EQ,NAVNEET EDUCATION LTD    ,Listed    ,02 SEP 2026,               2.00,         221213181,            133.90,    29622657067.70
02 SEP 2026,NAZARA,EQ,NAZARA TECHNOLOGIES LTD  ,Listed    ,02 SEP 2026,               2.00,         370465024,            366.00,   135590198784.00    
02 SEP 2026,NBCC,EQ,NBCC (INDIA) LIMITED     ,Listed    ,02 SEP 2026,               1.00,        2700000000,             85.00,   229500000000.00      
02 SEP 2026,NBIFIN,EQ,N.B.I. IND. FIN. CO. LTD ,Listed    ,02 SEP 2026,               5.00,           2954850,           1986.20,     5868923070.00    
02 SEP 2026,NCC,EQ,NCC LIMITED              ,Listed    ,02 SEP 2026,               2.00,         627846588,            142.55,    89486974187.65       
02 SEP 2026,NCLIND,EQ,NCL INDUSTRIES LIMITED   ,Listed    ,02 SEP 2026,              10.00,          45232790,            174.95,     7913024282.60    
02 SEP 2026,NDGL,EQ,NAGA DHUNSERI GROUP LTD  ,Listed    ,02 SEP 2026,              10.00,           1000000,           2743.90,     2743900000.00      
02 SEP 2026,NDL,EQ,NANDAN DENIM LIMITED     ,Listed    ,02 SEP 2026,               1.00,        1441471680,              2.85,     4108194288.00       
02 SEP 2026,NDLVENTURE,EQ,NDL VENTURES LIMITED     ,Listed    ,02 SEP 2026,              10.00,          33671621,            120.90,     4071235695.10
02 SEP 2026,NDRAUTO,EQ,NDR AUTO COMPONENTS LTD  ,Listed    ,02 SEP 2026,              10.00,          23785304,            719.15,    17105201371.60   
02 SEP 2026,NDRINVIT,IV,NDR INVIT TRUST          ,Listed    ,31 AUG 2026,             100.00,         458039043,            143.00,    65499583149.00  
02 SEP 2026,NDTV,EQ,NDTV LTD                 ,Listed    ,02 SEP 2026,               4.00,         112824717,             70.85,     7992502952.30      
02 SEP 2026,NEAGI,EQ,NEELAMALAI AGRO INDS. L  ,Permitted ,01 SEP 2026,              10.00,            622062,           3370.10,     2096411146.20     
02 SEP 2026,NECCLTD,BE,NORTH EAST CARRY CORP LTD,Listed    ,02 SEP 2026,              10.00,         104500000,             16.90,     1766050000.00   
02 SEP 2026,NECLIFE,EQ,NECTAR LIFESCIENCES LTD. ,Listed    ,02 SEP 2026,               1.00,         194260970,             12.30,     2391352540.70   
02 SEP 2026,NEELAM,SM,NEELAM LINENS & GAR (I) L,Listed    ,02 SEP 2026,              10.00,          20218000,              6.65,      134449700.00    
02 SEP 2026,NELCAST,EQ,NELCAST LIMITED          ,Listed    ,02 SEP 2026,               2.00,          87001200,            117.60,    10229601096.00   
02 SEP 2026,NELCO,EQ,NELCO LTD                ,Listed    ,02 SEP 2026,              10.00,          22818400,            929.65,    21213125560.00     
02 SEP 2026,NEOCHEM,SM,NEOCHEM BIO SOLUTIONS LTD,Listed    ,01 SEP 2026,              10.00,          17120753,             98.50,     1686394170.50   
02 SEP 2026,NEOGEN,EQ,NEOGEN CHEMICALS LIMITED ,Listed    ,02 SEP 2026,              10.00,          27381674,           2136.40,    58498208333.60    
02 SEP 2026,NEPHROCARE,SM,NEPHRO CARE INDIA LIMITED,Listed    ,02 SEP 2026,              10.00,          16486400,             97.00,     1599180800.00
02 SEP 2026,NEPHROPLUS,EQ,NEPHROCARE HEALTH SERV L ,Listed    ,02 SEP 2026,               2.00,         100340717,            692.70,    69506014665.90
02 SEP 2026,NEPTUNE,SM,NEPTUNE PETROCHEMICALS L ,Listed    ,02 SEP 2026,              10.00,          22653500,            178.50,     4043649750.00   
02 SEP 2026,NESCO,EQ,NESCO LTD.               ,Listed    ,02 SEP 2026,               2.00,          70459960,           1038.40,    73165622464.00     
02 SEP 2026,NESTLEIND,EQ,NESTLE INDIA LIMITED     ,Listed    ,02 SEP 2026,               1.00,        1928314320,           1425.00,  2747847906000.00 
02 SEP 2026,NETWEB,EQ,NETWEB TECH INDIA LTD    ,Listed    ,02 SEP 2026,               2.00,          56940687,           5110.00,   290966910570.00    
02 SEP 2026,NETWORK18,EQ,NETWORK18 MEDIA & INV LTD,Listed    ,02 SEP 2026,               5.00,        1542000018,             27.25,    42004080490.30 
02 SEP 2026,NEUEON,BE,NEUEON CORPORATION LTD   ,Listed    ,02 SEP 2026,               1.00,         565445520,             11.45,     6474351204.00    
02 SEP 2026,NEULANDLAB,EQ,NEULAND LAB LTD.         ,Listed    ,02 SEP 2026,              10.00,          12829889,          22960.00,   294574251440.00
02 SEP 2026,NEWGEN,EQ,NEWGEN SOFTWARE TECH LTD ,Listed    ,02 SEP 2026,              10.00,         142510002,            519.30,    74005444038.60    
02 SEP 2026,NEWJAISA,ST,NEWJAISA TECHNOLOGIES LTD,Listed    ,02 SEP 2026,               5.00,          35774694,             18.05,      645733226.70  
02 SEP 2026,NEXTMEDIA,EQ,NEXT MEDIAWORKS LIMITED  ,Listed    ,02 SEP 2026,              10.00,          66892908,              4.20,      281619142.70 
02 SEP 2026,NFL,EQ,NATIONAL FERT. LTD       ,Listed    ,02 SEP 2026,              10.00,         490578400,             70.00,    34330676432.00       
02 SEP 2026,NFPSAMPOOR,SM,NFP SAMPOORNA FOODS LTD  ,Listed    ,02 SEP 2026,              10.00,          12634128,             21.45,      271002045.60
02 SEP 2026,NGIL,EQ,NAKODA GROUP OF IND. LTD ,Listed    ,02 SEP 2026,              10.00,          17538052,             39.40,      691174629.30      
02 SEP 2026,NGLFINE,EQ,NGL FINE CHEM LIMITED    ,Listed    ,02 SEP 2026,               5.00,           6178024,           2688.70,    16610853128.80   
02 SEP 2026,NH,EQ,NARAYANA HRUDAYALAYA LTD.,Listed    ,02 SEP 2026,              10.00,         204360804,           1922.70,   392924517850.80        
02 SEP 2026,NHIT,IV,NATIONAL HIGHW INFRA TRUS,Listed    ,28 AUG 2026,             100.00,        2138550600,            171.00,   365692152600.00      
02 SEP 2026,NHPC,EQ,NHPC LTD                 ,Listed    ,02 SEP 2026,              10.00,       10045034805,             75.65,   759906882998.25      
02 SEP 2026,NIACL,EQ,THE NEW INDIA ASSU CO LTD,Listed    ,02 SEP 2026,               5.00,        1648000000,            199.10,   328133280000.00     
02 SEP 2026,NIBE,EQ,NIBE LIMITED             ,Listed    ,02 SEP 2026,              10.00,          14941273,           1342.90,    20064635511.70      
02 SEP 2026,NIBL,EQ,NRB INDUS. BEARINGS LTD. ,Listed    ,02 SEP 2026,               2.00,          24230650,             31.10,      753088602.00      
02 SEP 2026,NICCOPAR,EQ,NICCO PARKS & RESORTS LTD,Permitted ,02 SEP 2026,               1.00,          46800000,             79.05,     3699072000.00  
02 SEP 2026,NIDAN,SM,NIDAN LABS AND HEALTH LTD,Listed    ,02 SEP 2026,              10.00,          13900000,             12.75,      177225000.00     
02 SEP 2026,NIITLTD,EQ,NIIT LIMITED             ,Listed    ,02 SEP 2026,               2.00,         136653763,             97.35,    13300510752.80   
02 SEP 2026,NIITMTS,EQ,NIIT LEARNING SYSTEMS LTD,Listed    ,02 SEP 2026,               2.00,         137671443,            223.45,    30765437367.20   
02 SEP 2026,NIKITA,SM,NIKITA GRENTEC RECYCL LTD,Listed    ,02 SEP 2026,              10.00,          24667900,             75.05,     1851325895.00    
02 SEP 2026,NILAINFRA,EQ,NILA INFRASTRUCTURES LTD ,Listed    ,02 SEP 2026,               1.00,         393889200,              6.70,     2642996532.00 
02 SEP 2026,NILASPACES,EQ,NILA SPACES LIMITED      ,Listed    ,02 SEP 2026,               1.00,         393889200,             12.50,     4927553892.00
02 SEP 2026,NILE,EQ,NILE LTD.                ,Permitted ,02 SEP 2026,              10.00,           3001900,           1471.50,     4417295850.00      
02 SEP 2026,NILKAMAL,EQ,NILKAMAL LIMITED         ,Listed    ,02 SEP 2026,              10.00,          14922525,           2063.10,    30786661327.50  
02 SEP 2026,NIMBSPROJ,EQ,NIMBUS PROJECTS LIMITED  ,Listed    ,02 SEP 2026,              10.00,          19318735,            159.90,     3089452101.20 
02 SEP 2026,NINSYS,EQ,NINTEC SYSTEMS LIMITED   ,Listed    ,02 SEP 2026,              10.00,          18576000,            710.95,    13206607200.00    
02 SEP 2026,NIPPOBATRY,EQ,INDO-NATIONAL LIMITED    ,Listed    ,02 SEP 2026,               5.00,           7500000,            323.10,     2423250000.00
02 SEP 2026,NIRAJ,EQ,NIRAJ CEMENT STRUC LTD   ,Listed    ,02 SEP 2026,              10.00,          59694340,             29.00,     1731135860.00     
02 SEP 2026,NIRAJISPAT,EQ,NIRAJ ISPAT IND LTD      ,Listed    ,02 SEP 2026,              10.00,            600000,            429.65,      257790000.00
02 SEP 2026,NIRLON,EQ,NIRLON LTD               ,Permitted ,02 SEP 2026,              10.00,          90118040,            649.80,    58558702392.00    
02 SEP 2026,NIRMAN,SM,NIRMAN AGRI GENTICS LTD  ,Listed    ,02 SEP 2026,              10.00,           8009676,             28.60,      229076733.60    
02 SEP 2026,NITCO,EQ,NITCO LIMITED            ,Listed    ,02 SEP 2026,              10.00,         240516105,             94.30,    22680668701.50     
02 SEP 2026,NITINSPIN,EQ,NITIN SPINNERS LIMITED   ,Listed    ,02 SEP 2026,              10.00,          56220000,            623.85,    35072847000.00 
02 SEP 2026,NITIRAJ,EQ,NITIRAJ ENGINEERS LTD    ,Listed    ,02 SEP 2026,              10.00,          10251000,            206.00,     2111706000.00   
02 SEP 2026,NITTAGELA,EQ,NITTA GELATIN INDIA LTD. ,Permitted ,02 SEP 2026,              10.00,           9079160,           1618.20,    14691896712.00 
02 SEP 2026,NIVABUPA,EQ,NIVA BUPA HEALTH INS CO L,Listed    ,02 SEP 2026,              10.00,        1847757271,             80.75,   149169444487.85  
02 SEP 2026,NKIND,EQ,NK INDUSTRIES LTD        ,Listed    ,02 SEP 2026,              10.00,           6009900,             57.00,      342564300.00     
02 SEP 2026,NLCINDIA,EQ,NLC INDIA LIMITED        ,Listed    ,02 SEP 2026,              10.00,        1386636609,            275.50,   382018385779.50  
02 SEP 2026,NMDC,EQ,NMDC LTD.                ,Listed    ,02 SEP 2026,               1.00,        8791817550,             85.75,   753898354912.50      
02 SEP 2026,NMSTEEL,SM,NEWMALAYALAM STEEL LTD   ,Listed    ,02 SEP 2026,              10.00,          17287600,             22.90,      395886040.00   
02 SEP 2026,NOCIL,EQ,NOCIL LIMITED            ,Listed    ,02 SEP 2026,              10.00,         167024930,            169.95,    28385886853.50     
02 SEP 2026,NOIDATOLL,EQ,NOIDA TOLL BRIDGE CO LTD ,Listed    ,02 SEP 2026,              10.00,         186195002,              4.10,      765261458.20 
02 SEP 2026,NORBTEAEXP,EQ,NORBEN TEA & EXPORTS LTD ,Listed    ,02 SEP 2026,              10.00,          15544100,             65.30,     1014874289.00
02 SEP 2026,NORTHARC,EQ,NORTHERN ARC CAPITAL LTD ,Listed    ,02 SEP 2026,              10.00,         161612375,            299.70,    48435228787.50  
02 SEP 2026,NOVAAGRI,BE,NOVA AGRITECH LIMITED    ,Listed    ,02 SEP 2026,               2.00,          92519813,             23.50,     2175140803.65  
02 SEP 2026,NOVARTIND,EQ,NOVARTIS INDIA LIMITED   ,Permitted ,02 SEP 2026,               5.00,          24690797,           1601.50,    39542311395.50 
02 SEP 2026,NPST,EQ,NETWORK PEOPLE SRV TECH L,Listed    ,02 SEP 2026,              10.00,          20850650,           1690.00,    35237598500.00      
02 SEP 2026,NRAIL,EQ,N R AGARWAL INDS LTD     ,Listed    ,02 SEP 2026,              10.00,          17019100,            498.50,     8484021350.00     
02 SEP 2026,NRBBEARING,EQ,NRB BEARING LIMITED      ,Listed    ,02 SEP 2026,               2.00,          96922600,            453.55,    43959245230.00
02 SEP 2026,NRL,BE,NUPUR RECYCLERS LIMITED  ,Listed    ,02 SEP 2026,              10.00,          69068995,            122.00,     8426417390.00       
02 SEP 2026,NRVANDANA,SM,N R VANDANA TEX IND LTD  ,Listed    ,02 SEP 2026,              10.00,          23294809,             70.00,     1630636630.00 
02 SEP 2026,NSIL,EQ,NALWA SONS INVESTMENT LTD,Listed    ,02 SEP 2026,              10.00,           5136163,           5647.50,    29006480542.50      
02 SEP 2026,NSLNISP,EQ,NMDC STEEL LIMITED       ,Listed    ,02 SEP 2026,              10.00,        2930605850,             45.70,   133899381286.50   
02 SEP 2026,NTCIND,EQ,N T C INDUSTRIES LTD.    ,Permitted ,02 SEP 2026,              10.00,          14519000,            134.95,     1959339050.00    
02 SEP 2026,NTPC,EQ,NTPC LTD                 ,Listed    ,02 SEP 2026,              10.00,        9696666134,            330.00,  3199899824220.00      
02 SEP 2026,NTPCGREEN,EQ,NTPC GREEN ENERGY LIMITED,Listed    ,02 SEP 2026,              10.00,        8426329669,             88.10,   742528170432.30 
02 SEP 2026,NUCLEUS,EQ,NUCLEUS SOFTWARE EXPORTS ,Listed    ,02 SEP 2026,              10.00,          26325306,            740.65,    19497837888.90   
02 SEP 2026,NURECA,BE,NURECA LIMITED           ,Listed    ,02 SEP 2026,              10.00,           9541920,            336.75,     3213241560.00    
02 SEP 2026,NUVAMA,EQ,NUVAMA WEALTH MANAGE LTD ,Listed    ,02 SEP 2026,               2.00,         182485118,           1841.00,   335955102238.00    
02 SEP 2026,NUVOCO,EQ,NUVOCO VISTAS CORP LTD   ,Listed    ,02 SEP 2026,              10.00,         357156153,            328.15,   117200791606.95    
02 SEP 2026,NXST,RR,NEXUS SELECT TRUST       ,Listed    ,02 SEP 2026,             100.00,        1515000000,            167.35,   253535250000.00      
02 SEP 2026,NXT-INFRA,IV,NXT-INFRA TRUST          ,Listed    ,02 SEP 2026,             100.00,         531270725,             97.00,    51533260325.00 
02 SEP 2026,NYKAA,EQ,FSN E COMMERCE VENTURES  ,Listed    ,02 SEP 2026,               1.00,        2863824106,            337.40,   966254253364.40     
02 SEP 2026,OAL,EQ,ORIENTAL AROMATICS LTD   ,Listed    ,02 SEP 2026,               5.00,          33653576,            457.95,    15411655129.20       
02 SEP 2026,OBCL,EQ,OBCL LIMITED             ,Listed    ,02 SEP 2026,              10.00,          21082790,             54.75,     1154704408.30      
02 SEP 2026,OBEROIRLTY,EQ,OBEROI REALTY LIMITED    ,Listed    ,02 SEP 2026,              10.00,         363602237,           1866.00,   678481774242.00
02 SEP 2026,OBSCP,SM,OBSC PERFECTION LIMITED  ,Listed    ,02 SEP 2026,              10.00,          25845600,            848.05,    21918361080.00     
02 SEP 2026,OCCLLTD,BE,OCCL LIMITED             ,Listed    ,02 SEP 2026,               2.00,          49950460,            163.35,     8159407641.00   
02 SEP 2026,ODIGMA,EQ,ODIGMA CONSULTANCY SOL L ,Listed    ,02 SEP 2026,               1.00,          31258450,             23.10,      721757610.50    
02 SEP 2026,ODYCORP,EQ,ODYSSEY CORPORATION LTD. ,Permitted ,02 SEP 2026,               5.00,          89498486,              7.40,      664078766.10   
02 SEP 2026,OFSS,EQ,ORACLE FIN SERV SOFT LTD.,Listed    ,02 SEP 2026,               5.00,          87064329,          12158.00,  1058528111982.00      
02 SEP 2026,OIL,EQ,OIL INDIA LTD            ,Listed    ,02 SEP 2026,              10.00,        1626607791,            498.15,   810294671086.65       
02 SEP 2026,OILCOUNTUB,BE,OIL COUNTRY TUBULAR LTD. ,Listed    ,02 SEP 2026,              10.00,          51989530,             67.65,     3518131495.10
02 SEP 2026,OLAELEC,EQ,OLA ELECTRIC MOBILITY LTD,Listed    ,02 SEP 2026,              10.00,        4628408313,             39.00,   180415356040.75   
02 SEP 2026,OLECTRA,EQ,OLECTRA GREENTECH LIMITED,Listed    ,02 SEP 2026,               4.00,          82080737,           1238.90,   101689825069.30   
02 SEP 2026,OLIL,SM,ONECLICK LOGISTICS IND L ,Listed    ,02 SEP 2026,              10.00,           6711723,            411.80,     2763887531.40      
02 SEP 2026,OMAXAUTO,EQ,OMAX AUTOS LTD           ,Listed    ,02 SEP 2026,              10.00,          21371213,            187.10,     3998340240.15  
02 SEP 2026,OMAXE,EQ,OMAXE LIMITED            ,Listed    ,02 SEP 2026,              10.00,         182900540,            132.65,    24265414641.80     
02 SEP 2026,OMFREIGHT,BE,OM FREIGHT FORWARDERS LTD,Listed    ,02 SEP 2026,              10.00,          33675442,             88.10,     2966132931.35 
02 SEP 2026,OMFURN,SM,OMFURN INDIA LIMITED     ,Listed    ,02 SEP 2026,              10.00,          11774400,             56.50,      665253600.00    
02 SEP 2026,OMINFRAL,EQ,OM INFRA LIMITED         ,Listed    ,02 SEP 2026,               1.00,          96303809,             81.85,     7881503728.55  
02 SEP 2026,OMNI,EQ,OMNITECH ENGINEERING LTD ,Listed    ,02 SEP 2026,               5.00,         123666020,            543.15,    67169198763.00      
02 SEP 2026,OMPOWER,EQ,OM POWER TRANSMISSION LTD,Listed    ,02 SEP 2026,              10.00,          34245000,            171.85,     5885345700.00   
02 SEP 2026,ONDOOR,SM,ON DOOR CONCEPTS LIMITED ,Listed    ,02 SEP 2026,              10.00,           7000512,            286.05,     2002496457.60    
02 SEP 2026,ONEGLOBAL,EQ,ONE GLOBAL SERVICE PROV L,Permitted ,02 SEP 2026,              10.00,          19543003,            502.05,     9811564656.15 
02 SEP 2026,ONELIFECAP,BE,ONELIFE CAP ADVISORS LTD ,Listed    ,02 SEP 2026,              10.00,          37360000,             31.95,     1192904800.00
02 SEP 2026,ONEPOINT,EQ,ONE POINT ONE SOL LTD    ,Listed    ,02 SEP 2026,               2.00,         262936776,             54.60,    14358977337.35  
02 SEP 2026,ONESOURCE,EQ,ONESOURCE SPECL PHARMA L ,Listed    ,02 SEP 2026,               1.00,         114645801,           1544.40,   177058975064.40 
02 SEP 2026,ONGC,EQ,OIL AND NATURAL GAS CORP.,Listed    ,02 SEP 2026,               5.00,       12580279206,            237.50,  2987816311425.00      
02 SEP 2026,ONIDA,EQ,ONIDA ELECTRONICS LIMITED,Listed    ,02 SEP 2026,               1.00,         369392364,             35.55,    13139286387.50     
02 SEP 2026,ONIXSOLAR,EQ,ONIX SOLAR ENERGY LTD.   ,Permitted ,02 SEP 2026,              10.00,          36867926,            365.75,    13484443934.50 
02 SEP 2026,ONMOBILE,BE,ONMOBILE GLOBAL LTD.     ,Listed    ,02 SEP 2026,              10.00,         106321351,             48.50,     5157648737.00  
02 SEP 2026,ONWARDTEC,EQ,ONWARD TECHNOLOGIES LTD  ,Listed    ,02 SEP 2026,              10.00,          22211890,            284.55,     6320393299.50 
02 SEP 2026,ONYX,ST,ONYX BIOTEC LIMITED      ,Listed    ,02 SEP 2026,              10.00,          18132200,             39.90,      723474780.00      
02 SEP 2026,OPTIEMUS,EQ,OPTIEMUS INFRACOM LTD    ,Listed    ,02 SEP 2026,              10.00,          88688783,            571.00,    50641295093.00  
02 SEP 2026,OPTIFIN,EQ,OPTIMUS FINANCE LTD.     ,Permitted ,02 SEP 2026,               1.00,          74723000,             13.15,      983354680.00   
02 SEP 2026,OPTIMYSTIX,SM,OPTIMYSTIX ENT INDIA LTD ,Listed    ,02 SEP 2026,              10.00,          23268900,            147.90,     3441470310.00
02 SEP 2026,OPTIVALUE,ST,OPTIVALUE TEK CONSULT LTD,Listed    ,02 SEP 2026,              10.00,          23411400,            168.00,     3933115200.00 
02 SEP 2026,ORBTEXP,BE,ORBIT EXPORTS LIMITED    ,Listed    ,02 SEP 2026,              10.00,          26511152,            240.75,     6382824955.50   
02 SEP 2026,ORCHASP,EQ,ORCHASP LIMITED          ,Listed    ,02 SEP 2026,               2.00,         346425366,              1.40,      484995512.40   
02 SEP 2026,ORCHPHARMA,EQ,ORCHID PHARMA LIMITED    ,Listed    ,02 SEP 2026,              10.00,          50719105,            938.05,    47577056445.25
02 SEP 2026,ORIANA,SM,ORIANA POWER LIMITED     ,Listed    ,02 SEP 2026,              10.00,          20319150,           1221.90,    24827969385.00    
02 SEP 2026,ORICONENT,EQ,ORICON ENTERPRISES LTD   ,Listed    ,02 SEP 2026,               2.00,         157047715,             54.20,     8511986153.00 
02 SEP 2026,ORIENTALTL,EQ,ORIENTAL TRIMEX LTD      ,Listed    ,02 SEP 2026,              10.00,          73507265,              5.00,      366066179.70
02 SEP 2026,ORIENTBELL,EQ,ORIENT BELL LIMITED      ,Listed    ,02 SEP 2026,              10.00,          14710476,            400.65,     5893752209.40
02 SEP 2026,ORIENTCEM,EQ,ORIENT CEMENT LTD.       ,Listed    ,02 SEP 2026,               1.00,         205459873,            127.70,    26237225782.10 
02 SEP 2026,ORIENTCER,EQ,ORIENT CERATECH LIMITED  ,Listed    ,02 SEP 2026,               1.00,         119639200,             43.80,     5237804176.00 
02 SEP 2026,ORIENTELEC,EQ,ORIENT ELECTRIC LIMITED  ,Listed    ,02 SEP 2026,               1.00,         213365899,            179.35,    38267173985.65
02 SEP 2026,ORIENTHOT,EQ,ORIENT HOTELS LTD        ,Listed    ,02 SEP 2026,               1.00,         178599180,            141.30,    25239636117.60 
02 SEP 2026,ORIENTLTD,BE,ORIENT PRESS LIMITED     ,Listed    ,02 SEP 2026,              10.00,          10000000,             82.50,      825000000.00 
02 SEP 2026,ORIENTPPR,EQ,ORIENT PAPER AND INDS LTD,Listed    ,02 SEP 2026,               1.00,         212185822,             16.65,     3532893936.30 
02 SEP 2026,ORIENTTECH,EQ,ORIENT TECHNOLOGIES LTD  ,Listed    ,02 SEP 2026,              10.00,          45805916,            236.35,    10826686305.75
02 SEP 2026,ORIRAIL,EQ,ORIENTAL RAIL INFRA L    ,Permitted ,02 SEP 2026,               1.00,          67059000,            125.35,     8407186830.00   
02 SEP 2026,ORISSAMINE,EQ,ORISSA MIN DEV CO LTD    ,Listed    ,02 SEP 2026,               1.00,           6000000,           4308.60,    25851600000.00
02 SEP 2026,ORKLAINDIA,EQ,ORKLA INDIA LIMITED      ,Listed    ,02 SEP 2026,               1.00,         136989230,            590.90,    80946936007.00
02 SEP 2026,ORTINGLOBE,EQ,ORTIN GLOBAL LIMITED     ,Listed    ,02 SEP 2026,              10.00,           8131392,             15.45,      125467378.55
02 SEP 2026,OSEINTRUST,IV,ORIENTAL INFRATRUST      ,Listed    ,Not Traded ,             100.00,         583483081,             80.60,    47040405990.20
02 SEP 2026,OSELDEVICE,SM,OSEL DEVICES LIMITED     ,Listed    ,02 SEP 2026,              10.00,          17794600,            363.55,     6469226830.00
02 SEP 2026,OSIAHYPER,BE,OSIA HYPER RETAIL LIMITED,Listed    ,02 SEP 2026,               1.00,         176958900,              2.45,      435318894.00 
02 SEP 2026,OSWALAGRO,EQ,OSWAL AGRO MILLS LTD     ,Listed    ,02 SEP 2026,              10.00,         134234776,             36.90,     4951920886.65 
02 SEP 2026,OSWALGREEN,EQ,OSWAL GREENTECH LIMITED  ,Listed    ,02 SEP 2026,              10.00,         256809159,             20.45,     5254315393.15
02 SEP 2026,OSWALPUMPS,EQ,OSWAL PUMPS LIMITED      ,Listed    ,02 SEP 2026,               1.00,         114004897,            278.30,    31727562835.10
02 SEP 2026,OSWALSEEDS,EQ,SHREEOSWAL S AND CHE LTD ,Listed    ,02 SEP 2026,               2.00,          91470000,             11.80,     1079346000.00
02 SEP 2026,OWAIS,ST,OWAIS METAL & MINERAL    ,Listed    ,02 SEP 2026,              10.00,          18182398,             82.40,     1498229595.20     
02 SEP 2026,PACEDIGITK,EQ,PACE DIGITEK LIMITED     ,Listed    ,02 SEP 2026,               2.00,         215851327,            164.90,    35589566795.75
02 SEP 2026,PACIFICI,EQ,PACIFIC INDUSTRIES LTD.  ,Permitted ,02 SEP 2026,              10.00,           6892650,            137.05,      944637682.50  
02 SEP 2026,PAGEIND,EQ,PAGE INDUSTRIES LTD      ,Listed    ,02 SEP 2026,              10.00,          11153874,          36200.00,   403770238800.00   
02 SEP 2026,PAISALO,EQ,PAISALO DIGITAL LIMITED  ,Listed    ,02 SEP 2026,               1.00,         909521874,             66.50,    60501395058.50   
02 SEP 2026,PAKKA,EQ,PAKKA LIMITED            ,Listed    ,02 SEP 2026,              10.00,          44948100,             75.80,     3407065980.00     
02 SEP 2026,PALASHSECU,EQ,PALASH SECURITIES LTD    ,Listed    ,02 SEP 2026,              10.00,          10003102,             89.00,      890076015.95
02 SEP 2026,PALREDTEC,BE,PALRED TECHNOLOGIES LTD  ,Listed    ,02 SEP 2026,              10.00,          12232566,             52.80,      645879484.80 
02 SEP 2026,PANACEABIO,EQ,PANACEA BIOTEC LTD       ,Listed    ,02 SEP 2026,               1.00,          61250746,            382.35,    23419222733.10
02 SEP 2026,PANACHE,BE,PANACHE DIGILIFE LIMITED ,Listed    ,02 SEP 2026,              10.00,          16014000,            525.05,     8408150700.00   
02 SEP 2026,PANAMAPET,EQ,PANAMA PETROCHEM LTD     ,Listed    ,02 SEP 2026,               2.00,          60493598,            489.75,    29626739620.50 
02 SEP 2026,PANCHMAHQ,EQ,PANCHMAHAL STEEL LTD.    ,Permitted ,02 SEP 2026,              10.00,          19078329,            300.00,     5723498700.00 
02 SEP 2026,PANORAMA,EQ,PANORAMA STUDIOS INTL. L ,Permitted ,02 SEP 2026,               2.00,         260535625,             41.60,    10835676643.75  
02 SEP 2026,PANSARI,EQ,PANSARI DEVELOPERS LTD   ,Listed    ,02 SEP 2026,              10.00,          17446800,            296.10,     5165997480.00   
02 SEP 2026,PAR,EQ,PAR DRUGS AND CHEM LTD   ,Listed    ,02 SEP 2026,              10.00,          12304636,            168.25,     2070255007.00       
02 SEP 2026,PARACABLES,EQ,PARAMOUNT COMM LTD       ,Listed    ,02 SEP 2026,               2.00,         327239473,             64.15,    20995684587.70
02 SEP 2026,PARADEEP,EQ,PARADEEP PHOSPHATES LTD  ,Listed    ,02 SEP 2026,              10.00,        1038170594,            156.20,   162151865076.85  
02 SEP 2026,PARAGMILK,EQ,PARAG MILK FOODS LTD.    ,Listed    ,02 SEP 2026,              10.00,         125609554,            254.90,    32017875314.60 
02 SEP 2026,PARAGON,SM,PARAGON FINE S.C. LTD.   ,Listed    ,02 SEP 2026,              10.00,          19566000,             48.00,      939168000.00   
02 SEP 2026,PARAMATRIX,SM,PARAMATRIX TECHNOLOGIES L,Listed    ,01 SEP 2026,              10.00,          11048000,             60.35,      666746800.00
02 SEP 2026,PARAMOUNT,SM,PARAMOUNT DYE TEC LIMITED,Listed    ,02 SEP 2026,              10.00,           6942651,             33.45,      232231675.95 
02 SEP 2026,PARAMPARA,SM,PARAMPARA DAIRY DLGHT LTD,Listed    ,28 JUL 2026,              10.00,          10500000,             11.15,      117075000.00 
02 SEP 2026,PARAS,EQ,PARAS DEF AND SPCE TECH L,Listed    ,02 SEP 2026,               5.00,          80587330,           1413.10,   113877956023.00     
02 SEP 2026,PARASPETRO,EQ,PARAS PETROFILS LTD.     ,Listed    ,02 SEP 2026,               1.00,         334221000,              2.10,      705206310.00
02 SEP 2026,PARIN,SM,PARIN ENTERPRISES LIMITED,Listed    ,02 SEP 2026,              10.00,          11118000,            712.50,     7921575000.00     
02 SEP 2026,PARKHOSPS,EQ,PARK MEDI WORLD LIMITED  ,Listed    ,02 SEP 2026,               2.00,         431930864,            276.75,   119536866612.00 
02 SEP 2026,PARKHOTELS,EQ,PARKHOTELS               ,Listed    ,02 SEP 2026,               1.00,         213374246,            114.05,    24335332756.30
02 SEP 2026,PARNAXLAB,EQ,PARNAX LAB LTD.          ,Permitted ,02 SEP 2026,              10.00,          11485616,            137.25,     1576171083.70 
02 SEP 2026,PARSVNATH,BE,PARSVNATH DEVELOPER LTD  ,Listed    ,02 SEP 2026,               5.00,         435181170,              1.50,      657123566.70 
02 SEP 2026,PARTH,SM,PARTH ELEC & ENG LTD     ,Listed    ,02 SEP 2026,              10.00,          13667955,            542.05,     7408715007.75     
02 SEP 2026,PARTYCRUS,SM,PARTY CRUISERS LIMITED   ,Listed    ,01 SEP 2026,              10.00,          11985113,             85.00,     1018734605.00 
02 SEP 2026,PASHUPATI,EQ,PASHUPATI COTSPIN LIMITED,Listed    ,02 SEP 2026,               1.00,         157840000,             83.05,    13110190400.00 
02 SEP 2026,PASUPTAC,BE,PASUPATI ACRYLON LIMITED ,Listed    ,02 SEP 2026,              10.00,          89133121,             64.65,     5761564941.45  
02 SEP 2026,PATANJALI,EQ,PATANJALI FOODS LIMITED  ,Listed    ,02 SEP 2026,               2.00,        1088108595,            345.00,   375397465275.00 
02 SEP 2026,PATELENG,EQ,PATEL ENGINEERING LTD.   ,Listed    ,02 SEP 2026,               1.00,         992141937,             26.85,    26648932427.80  
02 SEP 2026,PATELRMART,EQ,PATEL RETAIL LIMITED     ,Listed    ,02 SEP 2026,              10.00,          33400528,            216.40,     7228542269.75
02 SEP 2026,PATILAUTOM,SM,PATIL AUTOMATION LIMITED ,Listed    ,02 SEP 2026,              10.00,          21820800,            275.05,     6001811040.00
02 SEP 2026,PATINTLOG,BE,PATEL INT. LOG. LTD      ,Listed    ,02 SEP 2026,              10.00,          64185746,             13.30,      853670421.80 
02 SEP 2026,PATTECH,SM,PATTECH FITWELL TUB COM L,Listed    ,Not Traded ,              10.00,           9397187,            114.85,     1079266926.95   
02 SEP 2026,PAUSHAKLTD,EQ,PAUSHAK LIMITED          ,Listed    ,02 SEP 2026,               5.00,          24656912,            785.70,    19372935758.40
02 SEP 2026,PAVNAIND,EQ,PAVNA INDUSTRIES LIMITED ,Listed    ,02 SEP 2026,               1.00,         139530000,             17.25,     2404101900.00  
02 SEP 2026,PAYTM,EQ,ONE 97 COMMUNICATIONS LTD,Listed    ,02 SEP 2026,               1.00,         640337006,           1619.00,  1036705612714.00     
02 SEP 2026,PBMPOLY,EQ,P B M POLYTEX LTD.       ,Permitted ,02 SEP 2026,              10.00,           6879020,             59.25,      407650725.20   
02 SEP 2026,PCBL,EQ,PCBL CHEMICAL LIMITED    ,Listed    ,02 SEP 2026,               1.00,         393462604,            315.30,   124058759041.20      
02 SEP 2026,PCCL,SM,PETRO CARBON AND CHEMI L ,Listed    ,02 SEP 2026,              10.00,          24700000,            416.85,    10296195000.00      
02 SEP 2026,PCJEWELLER,EQ,PC JEWELLER LTD          ,Listed    ,02 SEP 2026,               1.00,        9710534855,             10.20,    98853244823.90
02 SEP 2026,PDMJEPAPER,EQ,PUDUMJEE PAPER PRO. LTD  ,Listed    ,02 SEP 2026,               1.00,          94950000,             90.90,     8632854000.00
02 SEP 2026,PDSL,EQ,PDS LIMITED              ,Listed    ,02 SEP 2026,               2.00,         141442133,            351.85,    49766414496.05      
02 SEP 2026,PEARLPOLY,EQ,PEARL POLYMERS LTD       ,Listed    ,02 SEP 2026,              10.00,          16834932,             15.25,      256732713.00 
02 SEP 2026,PELATRO,SM,PELATRO LIMITED          ,Listed    ,02 SEP 2026,              10.00,          10597399,            354.50,     3756777945.50   
02 SEP 2026,PENIND,EQ,PENNAR INDUSTRIES LTD    ,Listed    ,02 SEP 2026,               5.00,         134946231,            165.90,    22387579722.90    
02 SEP 2026,PENINLAND,BE,PENINSULA LAND LIMITED   ,Listed    ,02 SEP 2026,               2.00,         331728220,             15.50,     5138470127.80 
02 SEP 2026,PENTAGON,SM,PENTAGON RUBBER LIMITED  ,Listed    ,02 SEP 2026,              10.00,           7710000,             62.40,      481104000.00  
02 SEP 2026,PERFECT,SZ,PERFECT INFRAENGINEER LTD,Listed    ,02 SEP 2026,              10.00,          17495778,              1.90,       33241978.20   
02 SEP 2026,PERMAGN,EQ,PERMANENT MAGNETS LTD.   ,Permitted ,02 SEP 2026,              10.00,           8598453,            871.55,     7493981712.15   
02 SEP 2026,PERSISTENT,EQ,PERSISTENT SYSTEMS LTD   ,Listed    ,02 SEP 2026,               5.00,         157750000,           5690.00,   897597500000.00
02 SEP 2026,PETRONET,EQ,PETRONET LNG LIMITED     ,Listed    ,02 SEP 2026,              10.00,        1500000088,            289.20,   433800025449.60  
02 SEP 2026,PFC,EQ,POWER FIN CORP LTD.      ,Listed    ,02 SEP 2026,              10.00,        3300101760,            346.50,  1143485259840.00       
02 SEP 2026,PFIZER,EQ,PFIZER LTD               ,Listed    ,02 SEP 2026,              10.00,          45747732,           4627.60,   211702204603.20    
02 SEP 2026,PFOCUS,EQ,PRIME FOCUS LIMITED      ,Listed    ,02 SEP 2026,               1.00,         775990547,            280.35,   217548949851.45    
02 SEP 2026,PFS,EQ,PTC INDIA FIN SERV LTD   ,Listed    ,02 SEP 2026,              10.00,         642283335,             27.10,    17418724045.20       
02 SEP 2026,PGEL,EQ,PG ELECTROPLAST LTD      ,Listed    ,02 SEP 2026,               1.00,         285342658,            566.00,   161503944428.00      
02 SEP 2026,PGHH,EQ,P&G HYGIENE & HEALTH CARE,Listed    ,02 SEP 2026,              10.00,          32460736,           7762.50,   251976463200.00      
02 SEP 2026,PGHL,EQ,PROCTER & GAMBLE HEALTH L,Listed    ,02 SEP 2026,              10.00,          16599382,           5669.50,    94110196249.00      
02 SEP 2026,PGIL,EQ,PEARL GLOBAL IND LIMITED ,Listed    ,02 SEP 2026,               5.00,          46179567,           2361.60,   109057665427.20      
02 SEP 2026,PGINVIT,IV,POWERGRID INFRA. INVITS  ,Listed    ,02 SEP 2026,             100.00,         909999200,            100.05,    91063619944.00   
02 SEP 2026,PHANTOMFX,SM,PHANTOM DIGITAL EFF LTD  ,Listed    ,02 SEP 2026,              10.00,          15922800,            116.05,     1847840940.00 
02 SEP 2026,PHOENIXLTD,EQ,THE PHOENIX MILLS LTD    ,Listed    ,02 SEP 2026,               2.00,         357639425,           1920.10,   686703459942.50
02 SEP 2026,PHOENXINTL,EQ,PHOENIX INTERNATIONAL LTD,Permitted ,02 SEP 2026,              10.00,          16789560,             31.40,      527024288.40
02 SEP 2026,PHOGLOBAL,SM,PHOENIX OVERSEAS LIMITED ,Listed    ,02 SEP 2026,              10.00,          19346018,             14.20,      274713455.60 
02 SEP 2026,PICCADIL,EQ,PICCADILY AGRO INDUSTRI L,Listed    ,02 SEP 2026,              10.00,          98572144,            622.25,    61336516604.00  
02 SEP 2026,PIDILITIND,EQ,PIDILITE INDUSTRIES LTD  ,Listed    ,02 SEP 2026,               1.00,        1017775348,           1637.00,  1666098244676.00
02 SEP 2026,PIGL,EQ,POWER INSTRUMENT (G) LTD ,Listed    ,02 SEP 2026,              10.00,          20978900,             99.30,     2082785192.00      
02 SEP 2026,PIIND,EQ,PI INDUSTRIES LTD        ,Listed    ,02 SEP 2026,               1.00,         151718118,           2393.00,   363061456374.00     
02 SEP 2026,PILANIINVS,EQ,PILANI INV & IND COR LTD ,Listed    ,02 SEP 2026,              10.00,          11072250,           4325.00,    47887481250.00
02 SEP 2026,PILITA,EQ,PIL ITALICA LIFESTYLE LTD,Listed    ,02 SEP 2026,               1.00,         235000000,              7.95,     1868250000.00    
02 SEP 2026,PINELABS,EQ,PINE LABS LIMITED        ,Listed    ,02 SEP 2026,               1.00,        1148276377,            162.30,   186388221514.65  
02 SEP 2026,PIONEEREMB,EQ,PIONEER EMBROIDERIES LTD ,Listed    ,02 SEP 2026,              10.00,          30807192,             21.40,      659273908.80
02 SEP 2026,PIONRINV,BE,PIONEER INVESTCORP LTD.  ,Permitted ,02 SEP 2026,              10.00,          12296908,             76.45,      939852678.45  
02 SEP 2026,PIRAMALFIN,EQ,PIRAMAL FINANCE LIMITED  ,Listed    ,02 SEP 2026,               2.00,         226677700,           2186.50,   495630791050.00
02 SEP 2026,PITTIENG,EQ,PITTI ENGINEERING LIMITED,Listed    ,02 SEP 2026,               5.00,          37653588,           1093.00,    41155371684.00  
02 SEP 2026,PIXTRANS,EQ,PIX TRANSMISSIONS LIMITED,Listed    ,02 SEP 2026,              10.00,          13625200,           1766.90,    24074365880.00  
02 SEP 2026,PKTEA,EQ,THE P K TEA PROD CO LTD  ,Listed    ,02 SEP 2026,              10.00,           3095879,            728.65,     2255812233.35     
02 SEP 2026,PLADAINFO,SM,PLADA INFOTECH SERVICES L,Listed    ,01 SEP 2026,              10.00,           8574000,             10.35,       88740900.00 
02 SEP 2026,PLASTIBLEN,EQ,PLASTIBLENDS INDIA LTD   ,Listed    ,02 SEP 2026,               5.00,          25989200,            183.40,     4766159388.00
02 SEP 2026,PLATIND,EQ,PLATINUM INDUSTRIES LTD  ,Listed    ,02 SEP 2026,              10.00,          54924873,            229.70,    12615694079.35   
02 SEP 2026,PLAZACABLE,EQ,PLAZA WIRES LIMITED      ,Listed    ,02 SEP 2026,              10.00,          43752078,             61.80,     2703878420.40
02 SEP 2026,PML,EQ,PAUL MERCHANTS LTD.      ,Permitted ,02 SEP 2026,              10.00,           3084000,            483.85,     1492193400.00       
02 SEP 2026,PNB,EQ,PUNJAB NATIONAL BANK     ,Listed    ,02 SEP 2026,               2.00,       11492943268,            117.00,  1344674362356.00       
02 SEP 2026,PNBGILTS,EQ,PNB GILTS LIMITED        ,Listed    ,02 SEP 2026,              10.00,         180010134,             78.20,    14074992377.45  
02 SEP 2026,PNBHOUSING,EQ,PNB HOUSING FIN LTD.     ,Listed    ,02 SEP 2026,              10.00,         260589923,           1141.00,   297333102143.00
02 SEP 2026,PNC,EQ,PRITISH NANDY COMMUNICATI,Listed    ,02 SEP 2026,              10.00,          14467000,             16.35,      236824790.00       
02 SEP 2026,PNCINFRA,EQ,PNC INFRATECH LTD.       ,Listed    ,02 SEP 2026,               2.00,         256539165,            180.90,    46405369556.85  
02 SEP 2026,PNGJL,EQ,P N GADGIL JEWELLERS LTD ,Listed    ,02 SEP 2026,              10.00,         147202585,            592.10,    87158650578.50     
02 SEP 2026,PNGSREVA,EQ,PNGS REVA DIAMOND JEWEL L,Listed    ,02 SEP 2026,              10.00,          31698400,            521.70,    16537055280.00  
02 SEP 2026,POCL,EQ,PONDY OXIDES & CHEM LTD  ,Listed    ,02 SEP 2026,               2.00,          76278198,            479.20,    36552512481.60      
02 SEP 2026,PODDARMENT,EQ,PODDAR PIGMENTS LIMITED  ,Listed    ,02 SEP 2026,              10.00,          10610000,            253.90,     2693879000.00
02 SEP 2026,POEL,EQ,P O C L ENTERPRISES LTD. ,Permitted ,02 SEP 2026,               2.00,          30766083,            144.60,     4449390923.45      
02 SEP 2026,POKARNA,EQ,POKARNA LIMITED          ,Listed    ,02 SEP 2026,               2.00,          31004000,            839.35,    26023207400.00   
02 SEP 2026,POLICYBZR,EQ,PB FINTECH LIMITED       ,Listed    ,02 SEP 2026,               2.00,         462693070,           1851.90,   856861296333.00 
02 SEP 2026,POLYCAB,EQ,POLYCAB INDIA LIMITED    ,Listed    ,02 SEP 2026,              10.00,         150635053,           8804.00,  1326191006612.00   
02 SEP 2026,POLYMED,EQ,POLY MEDICURE LIMITED    ,Listed    ,02 SEP 2026,               5.00,         101359490,           1783.80,   180805058262.00   
02 SEP 2026,POLYPLEX,EQ,POLYPLEX CORPORATION LTD ,Listed    ,02 SEP 2026,              10.00,          31392462,           1190.40,    37369586764.80  
02 SEP 2026,POLYSIL,SM,POLYSIL IRRIGATION SYST L,Listed    ,02 SEP 2026,              10.00,          26505090,             63.90,     1693675251.00   
02 SEP 2026,POLYSPIN,EQ,POLYSPIN EXPORTS LTD.    ,Permitted ,02 SEP 2026,               5.00,          10000000,             28.75,      287700000.00  
02 SEP 2026,PONNIERODE,EQ,PONNIE SUGARS (ERODE) LTD,Listed    ,02 SEP 2026,              10.00,           8598418,            399.05,     3431198702.90
02 SEP 2026,POONAWALLA,EQ,POONAWALLA FINCORP LTD   ,Listed    ,02 SEP 2026,               2.00,         880479991,            459.65,   404712627863.15
02 SEP 2026,POSITRON,SM,POSITRON ENERGY LIMITED  ,Listed    ,02 SEP 2026,              10.00,           7600400,            170.05,     1292448020.00  
02 SEP 2026,POWERGRID,EQ,POWER GRID CORP. LTD.    ,Listed    ,02 SEP 2026,              10.00,        9300603819,            266.80,  2481401098909.20 
02 SEP 2026,POWERICA,EQ,POWERICA LIMITED         ,Listed    ,02 SEP 2026,               5.00,         126551877,            494.55,    62586230770.35  
02 SEP 2026,POWERINDIA,EQ,HITACHI ENERGY INDIA LTD ,Listed    ,02 SEP 2026,               2.00,          44572363,          32200.00,  1435230088600.00
02 SEP 2026,POWERMECH,EQ,POWER MECH PROJECTS LTD. ,Listed    ,02 SEP 2026,              10.00,          31616292,           2440.00,    77143752480.00 
02 SEP 2026,PPAP,BE,PPAP AUTOMOTIVE LIMITED  ,Listed    ,02 SEP 2026,              10.00,          14152987,            261.05,     3694637256.35      
02 SEP 2026,PPL,BE,PRAKASH PIPES LIMITED    ,Listed    ,02 SEP 2026,              10.00,          23918354,            257.10,     6149408813.40       
02 SEP 2026,PPLPHARMA,EQ,PIRAMAL PHARMA LIMITED   ,Listed    ,02 SEP 2026,              10.00,        1331348130,            213.80,   284615603231.40 
02 SEP 2026,PPSL,SM,PICTUREPOST STUDIOS LTD  ,Listed    ,02 SEP 2026,               1.00,          29300000,              2.85,       83505000.00      
02 SEP 2026,PRABHA,EQ,PRABHA ENERGY LIMITED    ,Listed    ,02 SEP 2026,               1.00,         136905531,            216.25,    29608559189.35    
02 SEP 2026,PRADPME,BE,PRADEEP METALS LTD.      ,Permitted ,02 SEP 2026,              10.00,          17270000,            497.90,     8598733000.00   
02 SEP 2026,PRAENG,EQ,PRAJAY ENG. SYN. LTD.    ,Listed    ,02 SEP 2026,              10.00,          69935791,             24.85,     1738603764.25    
02 SEP 2026,PRAJIND,EQ,PRAJ INDUSTRIES LTD      ,Listed    ,02 SEP 2026,               2.00,         183813088,            334.50,    61485477936.00   
02 SEP 2026,PRAKASH,EQ,PRAKASH INDUSTRIES LTD   ,Listed    ,02 SEP 2026,              10.00,         179081839,            124.35,    22267035861.25   
02 SEP 2026,PRAKASHSTL,EQ,PRAKASH STEELAGE LTD     ,Listed    ,02 SEP 2026,               1.00,         175000390,              3.80,      665001482.00
02 SEP 2026,PRAMARA,SM,PRAMARA PROMOTIONS LTD   ,Listed    ,02 SEP 2026,              10.00,          13944168,            105.45,     1470412515.60   
02 SEP 2026,PRAMODINI,SM,PRAMODINI MEDICARE LTD   ,Listed    ,02 SEP 2026,              10.00,          22045595,            117.10,     2581539174.50 
02 SEP 2026,PRANIK,SM,PRANIK LOGISTICS LIMITED ,Listed    ,02 SEP 2026,              10.00,          11010150,             39.90,      439304985.00    
02 SEP 2026,PRATHAM,SM,PRATHAM EPC PROJECTS LTD ,Listed    ,02 SEP 2026,              10.00,          18212489,            122.00,     2221923658.00   
02 SEP 2026,PRAVEG,EQ,PRAVEG LTD.              ,Permitted ,02 SEP 2026,              10.00,          26140695,            260.85,     6818800290.75    
02 SEP 2026,PRAXIS,EQ,PRAXIS HOME RETAIL LTD   ,Listed    ,02 SEP 2026,               5.00,         185812210,              4.45,      828722456.60    
02 SEP 2026,PRECAM,EQ,PRECISION CAMSHAFTS LTD. ,Listed    ,02 SEP 2026,              10.00,          94985835,            122.85,    11670909546.45    
02 SEP 2026,PRECISION,ST,PRECISION METALIKS LTD   ,Listed    ,01 SEP 2026,              10.00,          22959066,              6.75,      154973695.50 
02 SEP 2026,PRECOT,EQ,PRECOT LIMITED           ,Listed    ,02 SEP 2026,              10.00,          12000000,            692.20,     8306400000.00    
02 SEP 2026,PRECWIRE,EQ,PRECISION WIRES INDIA LTD,Listed    ,02 SEP 2026,               1.00,         182807975,            483.10,    88314532722.50  
02 SEP 2026,PREMCO,EQ,PREMCO GLOBAL LTD.       ,Permitted ,02 SEP 2026,              10.00,           3304800,            383.75,     1268217000.00    
02 SEP 2026,PREMEXPLN,EQ,PREMIER EXPLOSIVES LTD   ,Listed    ,02 SEP 2026,               2.00,          53761195,            668.80,    35955487216.00 
02 SEP 2026,PREMIER,BE,PREMIER LIMITED          ,Listed    ,02 SEP 2026,              10.00,          30372570,              2.75,       83828293.20   
02 SEP 2026,PREMIERENE,EQ,PREMIER ENERGIES LIMITED ,Listed    ,02 SEP 2026,               1.00,         452994368,           1000.00,   452994368000.00
02 SEP 2026,PREMIERPOL,EQ,PREMIER POLYFILM LTD     ,Listed    ,02 SEP 2026,               1.00,         104742475,             89.80,     9404826830.25
02 SEP 2026,PREMIUM,SM,PREMIUM PLAST LIMITED    ,Listed    ,31 AUG 2026,              10.00,          19097100,             40.00,      763884000.00   
02 SEP 2026,PRESSTONIC,SM,PRESSTONIC ENGINEERING L ,Listed    ,02 SEP 2026,              10.00,          15241080,             33.80,      515148504.00
02 SEP 2026,PRESTIGE,EQ,PRESTIGE ESTATE LTD      ,Listed    ,02 SEP 2026,              10.00,         430730232,           1582.00,   681415227024.00  
02 SEP 2026,PRICOLLTD,EQ,PRICOL LIMITED           ,Listed    ,02 SEP 2026,               1.00,         121881498,            767.75,    93574520089.50 
02 SEP 2026,PRIMECAB,ST,PRIME CABLE INDUSTRIES L ,Listed    ,02 SEP 2026,               5.00,          18324060,            203.00,     3719784180.00  
02 SEP 2026,PRIMESECU,EQ,PRIME SECURITIES LIMITED ,Listed    ,02 SEP 2026,               5.00,          33940325,            287.30,     9751055372.50 
02 SEP 2026,PRIMO,EQ,PRIMO CHEMICALS LIMITED  ,Listed    ,02 SEP 2026,               2.00,         242343220,             20.80,     5040738976.00     
02 SEP 2026,PRINCEPIPE,EQ,PRINCE PIPES FITTINGS LTD,Listed    ,02 SEP 2026,              10.00,         110561079,            285.00,    31509907515.00
02 SEP 2026,PRISMX,EQ,PRISMX GLOBAL VENTURES L ,Permitted ,02 SEP 2026,               1.00,         439096811,              0.50,      223939373.60    
02 SEP 2026,PRITI,BE,PRITI INTERNATIONAL LTD  ,Listed    ,02 SEP 2026,              10.00,          13353328,             33.25,      443998156.00     
02 SEP 2026,PRITIKA,SM,PRITIKA ENG COMPO LTD    ,Listed    ,02 SEP 2026,               5.00,          26365030,             63.35,     1670224650.50   
02 SEP 2026,PRITIKAUTO,BE,PRITIKA AUTO INDUS LTD   ,Listed    ,02 SEP 2026,               2.00,         166512667,             16.30,     2717486725.45
02 SEP 2026,PRIVISCL,EQ,PRIVI SPECIALITY CHE LTD ,Listed    ,02 SEP 2026,              10.00,          39062706,           3335.30,   130285843321.80  
02 SEP 2026,PRIZOR,ST,PRIZOR VIZTECH LIMITED   ,Listed    ,02 SEP 2026,              10.00,          10796203,           1153.85,    12457198831.55    
02 SEP 2026,PRLIND,SM,PREMIER ROADLINES LIMITED,Listed    ,02 SEP 2026,              10.00,          22862547,             41.50,      948795700.50    
02 SEP 2026,PROFX,SM,PRO FX TECH LIMITED      ,Listed    ,02 SEP 2026,              10.00,          17503686,             76.80,     1344283084.80     
02 SEP 2026,PROLIFE,SM,PROLIFE INDUSTRIES LTD   ,Listed    ,02 SEP 2026,              10.00,           4094080,             76.00,      311150080.00   
02 SEP 2026,PROPEQUITY,SM,P. E. ANALYTICS LIMITED  ,Listed    ,02 SEP 2026,              10.00,          10482104,            210.00,     2201241840.00
02 SEP 2026,PROPSHOP,SM,PROPSHOP EVENTS AND EXH L,Listed    ,02 SEP 2026,              10.00,          14630804,             68.45,     1001478533.80  
02 SEP 2026,PROSTARM,EQ,PROSTARM INFO SYSTEMS LTD,Listed    ,02 SEP 2026,              10.00,          58874592,            131.55,     7745541323.50  
02 SEP 2026,PROTEAN,EQ,PROTEAN EGOV TECHNO LTD  ,Listed    ,02 SEP 2026,              10.00,          40616731,            497.65,    20212916182.15   
02 SEP 2026,PROV,SM,PROVENTUS AGROCOM LIMITED,Listed    ,01 SEP 2026,              10.00,           3453416,           1875.00,     6475155000.00      
02 SEP 2026,PROZONER,EQ,PROZONE REALTY LIMITED   ,Listed    ,02 SEP 2026,               2.00,         152602883,             46.50,     7094508030.65  
02 SEP 2026,PRSMJOHNSN,EQ,PRISM JOHNSON LIMITED    ,Listed    ,02 SEP 2026,              10.00,         503356580,            111.65,    56194728591.20
02 SEP 2026,PRUDENT,EQ,PRUDENT CORP ADV SER LTD ,Listed    ,02 SEP 2026,               5.00,          41406680,           3237.40,   134049985832.00   
02 SEP 2026,PRUDMOULI,BE,PRUDENTIAL SUGAR CORPORAT,Listed    ,02 SEP 2026,              10.00,          32252000,             15.80,      509904120.00 
02 SEP 2026,PSB,EQ,PUNJAB & SIND BANK       ,Listed    ,02 SEP 2026,              10.00,        7095585220,             22.60,   160218314267.60       
02 SEP 2026,PSFL,SM,PARAMOUNT SPECIALI FORG L,Listed    ,02 SEP 2026,              10.00,          19682000,             32.00,      629824000.00      
02 SEP 2026,PSPPROJECT,EQ,PSP PROJECTS LIMITED     ,Listed    ,02 SEP 2026,              10.00,          39641791,            858.00,    34012656678.00
02 SEP 2026,PSRAJ,ST,P S RAJ STEELS LIMITED   ,Listed    ,01 SEP 2026,               2.00,          37691570,             76.35,     2877751369.50     
02 SEP 2026,PTC,EQ,PTC INDIA LIMITED        ,Listed    ,02 SEP 2026,              10.00,         296008321,            155.45,    46011533416.25       
02 SEP 2026,PTCIL,EQ,PTC INDUSTRIES LIMITED   ,Listed    ,02 SEP 2026,              10.00,          14992549,          22715.00,   340555750535.00     
02 SEP 2026,PTL,EQ,PTL ENTERPRISES LTD      ,Listed    ,02 SEP 2026,               1.00,         132377000,             38.45,     5089895650.00       
02 SEP 2026,PULZ,SM,PULZ ELECTRONICS LIMITED ,Listed    ,01 SEP 2026,              10.00,          21808000,             22.95,      500493600.00      
02 SEP 2026,PUNJABCHEM,EQ,PUNJAB CHEM & CROP PROT L,Listed    ,02 SEP 2026,              10.00,          12262185,           1093.40,    13407473079.00
02 SEP 2026,PURPLEUTED,ST,PURPLE UNITED SALES LTD  ,Listed    ,02 SEP 2026,              10.00,           9609800,            405.70,     3898695860.00
02 SEP 2026,PURVA,EQ,PURAVANKARA LIMITED      ,Listed    ,02 SEP 2026,               5.00,         237149686,            209.80,    49751632625.95     
02 SEP 2026,PURVFLEXI,SM,PURV FLEXIPACK LIMITED   ,Listed    ,02 SEP 2026,              10.00,          20982750,             48.40,     1015565100.00 
02 SEP 2026,PUSHPA,SM,PUSHPA JEWELLERS LIMITED ,Listed    ,02 SEP 2026,              10.00,          24222912,            114.20,     2766256550.40    
02 SEP 2026,PVP,EQ,PVP VENTURES LIMITED     ,Listed    ,02 SEP 2026,              10.00,         260403681,             61.80,    16095551522.60       
02 SEP 2026,PVRINOX,EQ,PVR INOX LIMITED         ,Listed    ,02 SEP 2026,              10.00,          98199962,           1210.00,   118821954020.00   
02 SEP 2026,PVSL,EQ,POPULAR VEHICLES N SER L ,Listed    ,02 SEP 2026,               2.00,          71198198,            102.40,     7289983493.20      
02 SEP 2026,PWL,EQ,PHYSICSWALLAH LIMITED    ,Listed    ,02 SEP 2026,               1.00,        2896392376,            115.45,   334446427656.70       
02 SEP 2026,PYRAMID,EQ,PYRAMID TECHNOPLAST LTD  ,Listed    ,02 SEP 2026,              10.00,          36784800,            155.65,     5725186272.00   
02 SEP 2026,QFIL,SM,QUALITY FOILS (INDIA) LTD,Listed    ,17 AUG 2026,              10.00,           2854000,             60.00,      171240000.00      
02 SEP 2026,QLINE,SM,Q-LINE BIOTECH LIMITED   ,Listed    ,02 SEP 2026,              10.00,          23328199,            619.55,    14452985690.45     
02 SEP 2026,QMSMEDI,BE,QMS MEDICAL ALLIED S LTD ,Listed    ,02 SEP 2026,              10.00,          19337443,            158.35,     3061697350.20   
02 SEP 2026,QPOWER,EQ,QUALITY POWER ELEC EQUP L,Listed    ,02 SEP 2026,              10.00,          77444100,           1455.60,   112727631960.00    
02 SEP 2026,QUADFUTURE,EQ,QUADRANT FUTURE TEK LTD  ,Listed    ,02 SEP 2026,              10.00,          40000000,            415.00,    16600000000.00
02 SEP 2026,QUADPRO,SM,QUADPRO ITES LIMITED     ,Listed    ,01 SEP 2026,               2.00,          50550000,              2.45,      123847500.00   
02 SEP 2026,QUESS,EQ,QUESS CORP LIMITED       ,Listed    ,02 SEP 2026,              10.00,         149359849,            379.25,    56644722733.25     
02 SEP 2026,QUESTLAB,SM,QUEST LABORATORIES LTD   ,Listed    ,02 SEP 2026,              10.00,          16387200,             84.00,     1376524800.00  
02 SEP 2026,QUICKHEAL,BE,QUICK HEAL TECH LTD      ,Listed    ,02 SEP 2026,              10.00,          54248216,            137.95,     7484083879.35 
02 SEP 2026,QUICKTOUCH,SM,QUICKTOUCH TECHNOLOGIES L,Listed    ,02 SEP 2026,              10.00,          12815996,             15.50,      198647938.00
02 SEP 2026,QUINT,EQ,QUINT DIGITAL LTD.       ,Permitted ,02 SEP 2026,              10.00,          47208008,             39.45,     1861883835.50     
02 SEP 2026,QVCEL,SM,QVC EXPORTS LIMITED      ,Listed    ,02 SEP 2026,              10.00,          10451292,             23.75,      248218185.00     
02 SEP 2026,RACE,EQ,RACE ECO CHAIN LIMITED   ,Listed    ,02 SEP 2026,              10.00,          17257200,            100.35,     1731932592.00      
02 SEP 2026,RACLGEAR,EQ,RACL GEARTECH LIMITED    ,Listed    ,02 SEP 2026,              10.00,          11788080,           1516.60,    17877802128.00  
02 SEP 2026,RADAAN,EQ,RADAAN MEDIAWORKS (I) LTD,Listed    ,02 SEP 2026,               2.00,          54161540,              2.90,      155985235.20    
02 SEP 2026,RADHIKAJWE,EQ,RADHIKA JEWELTECH LIMITED,Listed    ,02 SEP 2026,               2.00,         118000000,             71.60,     8448800000.00
02 SEP 2026,RADIANTCMS,EQ,RADIANT CASH MGMT SER LTD,Listed    ,02 SEP 2026,               1.00,         106707906,             39.20,     4180815757.10
02 SEP 2026,RADICO,EQ,RADICO KHAITAN LTD       ,Listed    ,02 SEP 2026,               2.00,         133931350,           4476.20,   599503508870.00    
02 SEP 2026,RADIOCITY,EQ,MUSIC BROADCAST LIMITED  ,Listed    ,02 SEP 2026,               2.00,         345685625,              6.30,     2184733150.00 
02 SEP 2026,RADIOWALLA,ST,RADIOWALLA NETWORK LTD   ,Listed    ,02 SEP 2026,              10.00,           7048236,             31.75,      223781493.00
02 SEP 2026,RAILTEL,EQ,RAILTEL CORP OF IND LTD  ,Listed    ,02 SEP 2026,              10.00,         320938407,            271.55,    87150824420.85   
02 SEP 2026,RAIN,EQ,RAIN INDUSTRIES LIMITED  ,Listed    ,02 SEP 2026,               2.00,         336345679,            205.65,    69172852343.15      
02 SEP 2026,RAINBOW,EQ,RAINBOW CHILDRENS MED LTD,Listed    ,02 SEP 2026,              10.00,         101559156,           1433.00,   145534270548.00   
02 SEP 2026,RAJESHEXPO,BZ,RAJESH EXPORTS LTD       ,Listed    ,02 SEP 2026,               1.00,         295259959,             79.50,    23470214140.90
02 SEP 2026,RAJINDLTD,SM,RAJPUTANA INDUSTRIES LTD ,Listed    ,02 SEP 2026,              10.00,          22215000,             63.00,     1399545000.00 
02 SEP 2026,RAJMET,EQ,RAJNANDINI METAL LIMITED ,Listed    ,02 SEP 2026,               1.00,         276480000,              3.10,      857088000.00    
02 SEP 2026,RAJOOENG,BE,RAJOO ENGINEERS LIMITED  ,Listed    ,02 SEP 2026,               1.00,         178675293,             48.65,     8696126510.30  
02 SEP 2026,RAJPALAYAM,EQ,RAJAPALAYAM MILLS LTD.   ,Permitted ,02 SEP 2026,              10.00,           9220200,            794.10,     7321760820.00
02 SEP 2026,RAJPUTANA,SM,RAJPUTANA BIODIESEL LTD  ,Listed    ,02 SEP 2026,              10.00,           7033500,            238.50,     1677489750.00 
02 SEP 2026,RAJRATAN,EQ,RAJRATAN GLOBAL WIRE LTD ,Listed    ,02 SEP 2026,               2.00,          50771000,            490.45,    24900636950.00  
02 SEP 2026,RAJRILTD,BE,RAJ RAYON INDUSTRIES LTD ,Listed    ,02 SEP 2026,               1.00,         556082495,             22.45,    12472930362.85  
02 SEP 2026,RAJSREESUG,EQ,RAJSHREE SUGAR & CHEMICAL,Listed    ,02 SEP 2026,              10.00,          33135606,             35.55,     1177970793.30
02 SEP 2026,RAJTV,EQ,RAJ TV NETWORK LTD       ,Listed    ,02 SEP 2026,               5.00,          51913344,              8.95,      463586161.90     
02 SEP 2026,RALLIS,EQ,RALLIS INDIA LTD         ,Listed    ,02 SEP 2026,               1.00,         194468890,            209.50,    40741232455.00    
02 SEP 2026,RAMANEWS,EQ,SHREE RAMA NEWSPRINT LTD ,Listed    ,02 SEP 2026,              10.00,         147522032,             31.20,     4602687398.40  
02 SEP 2026,RAMAPHO,EQ,RAMA PHOSPHATES LIMITED  ,Listed    ,02 SEP 2026,               5.00,          35386426,            122.95,     4350053348.20   
02 SEP 2026,RAMASTEEL,BE,RAMA STEEL TUBES LIMITED ,Listed    ,02 SEP 2026,               1.00,        1636040979,              4.15,     6822290882.45 
02 SEP 2026,RAMBHAJO,EQ,ADVIT JEWELS LIMITED     ,Listed    ,02 SEP 2026,              10.00,          45810000,            246.15,    11277047700.00  
02 SEP 2026,RAMCOCEM,EQ,THE RAMCO CEMENTS LIMITED,Listed    ,02 SEP 2026,               1.00,         236292380,            864.35,   204239318653.00  
02 SEP 2026,RAMCOIND,EQ,RAMCO INDUSTRIES LIMITED ,Listed    ,02 SEP 2026,               1.00,          86841560,            319.50,    27745878420.00  
02 SEP 2026,RAMCOSYS,EQ,RAMCO SYSTEMS LTD.       ,Listed    ,02 SEP 2026,              10.00,          37583978,            579.00,    21761123262.00  
02 SEP 2026,RAMKY,EQ,RAMKY INFRA LTD          ,Listed    ,02 SEP 2026,              10.00,          69197791,            340.85,    23586067062.35     
02 SEP 2026,RAMRAT,EQ,RAM RATNA WIRES LIMITED  ,Listed    ,02 SEP 2026,               5.00,          93349072,            535.10,    49951088427.20    
02 SEP 2026,RANASUG,EQ,RANA SUGARS LTD.         ,Listed    ,02 SEP 2026,              10.00,         153567820,             14.90,     2288160518.00   
02 SEP 2026,RANEHOLDIN,EQ,RANE HOLDINGS LIMITED    ,Listed    ,02 SEP 2026,              10.00,          14277809,           1605.20,    22918739006.80
02 SEP 2026,RAPIDFLEET,SM,RAPID FLEET MGT SERVICE L,Listed    ,02 SEP 2026,              10.00,           7434800,            230.00,     1710004000.00
02 SEP 2026,RAPPID,SM,RAPPID VALVES (INDIA) LTD,Listed    ,02 SEP 2026,              10.00,           5191984,            304.70,     1581997524.80    
02 SEP 2026,RATEGAIN,EQ,RATEGAIN TRAVEL TECHN LTD,Listed    ,02 SEP 2026,               1.00,         118425559,            875.35,   103663813070.65  
02 SEP 2026,RATNA-RE,BE,RATNAVEER PRECISION LTD  ,Permitted ,02 SEP 2026,              10.00,          12474130,             16.45,      205199438.50  
02 SEP 2026,RATNAMANI,EQ,RATNAMANI MET & TUB LTD. ,Listed    ,02 SEP 2026,               2.00,          70092000,           2634.30,   184643355600.00 
02 SEP 2026,RATNAVEER,EQ,RATNAVEER PRECISION ENG L,Listed    ,02 SEP 2026,              10.00,          83926350,            286.15,    24015525052.50 
02 SEP 2026,RAYMOND,EQ,RAYMOND LTD              ,Listed    ,02 SEP 2026,              10.00,          66573731,            667.25,    44421322009.75   
02 SEP 2026,RAYMONDLSL,EQ,RAYMOND LIFESTYLE LIMITED,Listed    ,02 SEP 2026,               2.00,          60923629,            650.30,    39618635938.70
02 SEP 2026,RAYMONDREL,EQ,RAYMOND REALTY LIMITED   ,Listed    ,02 SEP 2026,              10.00,          66573731,            506.05,    33689636572.55
02 SEP 2026,RBA,EQ,RESTAURANT BRAND ASIA LTD,Listed    ,02 SEP 2026,              10.00,         711718862,             97.75,    69570518760.50       
02 SEP 2026,RBLBANK,EQ,RBL BANK LIMITED         ,Listed    ,02 SEP 2026,              10.00,        1548558033,            389.40,   603008498050.20   
02 SEP 2026,RBMINFRA,SM,RBM INFRACON LIMITED     ,Listed    ,02 SEP 2026,              10.00,          10633000,            242.75,     2581160750.00  
02 SEP 2026,RBS,SM,RAMDEVBABA SOLVENT LTD   ,Listed    ,02 SEP 2026,              10.00,          22861350,             88.50,     2023229475.00       
02 SEP 2026,RBZJEWEL,EQ,RBZ JEWELLERS LIMITED    ,Listed    ,02 SEP 2026,              10.00,          40000000,            161.45,     6458800000.00  
02 SEP 2026,RCDL,SM,RAJGOR CASTOR DERIVATI L ,Listed    ,02 SEP 2026,              10.00,          47831704,             14.55,      695951293.20      
02 SEP 2026,RCDL-RE,ST,RAJGOR CAST DERIVATI LTD ,Permitted ,02 SEP 2026,              10.00,          23895000,              1.75,       41816250.00   
02 SEP 2026,RCF,EQ,RASHTRIYA CHEMICALS & FER,Listed    ,02 SEP 2026,              10.00,         551688100,            113.95,    62859342114.00       
02 SEP 2026,RCOM,BE,RELIANCE COMMUNICATIONS L,Listed    ,02 SEP 2026,               5.00,        2765533050,              0.80,     2184771109.50      
02 SEP 2026,READYMIX,SM,READYMIX CONSTRU MACHI L ,Listed    ,02 SEP 2026,              10.00,          10958500,             78.65,      861886025.00  
02 SEP 2026,RECLTD,EQ,REC LIMITED              ,Listed    ,02 SEP 2026,              10.00,        2633224000,            316.45,   833283734800.00    
02 SEP 2026,REDINGTON,EQ,REDINGTON LIMITED        ,Listed    ,02 SEP 2026,               2.00,         781774431,            363.20,   283940473339.20 
02 SEP 2026,REDTAPE,EQ,REDTAPE LIMITED          ,Listed    ,02 SEP 2026,               2.00,         552807600,            119.00,    65778576324.00   
02 SEP 2026,REFEX,EQ,REFEX INDUSTRIES LIMITED ,Listed    ,02 SEP 2026,               2.00,         137219448,            277.45,    38071535847.60     
02 SEP 2026,REFRACTORY,SM,REFRACTORY SHAPES LIMITED,Listed    ,02 SEP 2026,              10.00,          21800000,             26.50,      577700000.00
02 SEP 2026,REGAAL,EQ,REGAAL RESOURCES LIMITED ,Listed    ,02 SEP 2026,               5.00,         102723460,             90.80,     9325235698.80    
02 SEP 2026,REGENCERAM,EQ,REGENCY CERAMICS LTD.    ,Listed    ,02 SEP 2026,              10.00,          26441586,             35.25,      931801490.65
02 SEP 2026,RELAXO,EQ,RELAXO FOOT LTD.         ,Listed    ,02 SEP 2026,               1.00,         248938586,            346.40,    86232326190.40    
02 SEP 2026,RELCHEMQ,EQ,RELIANCE CHEMOTEX IND LTD,Listed    ,02 SEP 2026,              10.00,           7543563,            111.70,      842615987.10  
02 SEP 2026,RELIABLE,EQ,RELIABLE DATA SERVICE LTD,Listed    ,02 SEP 2026,              10.00,          10320000,            138.75,     1431796800.00  
02 SEP 2026,RELIANCE,EQ,RELIANCE INDUSTRIES LTD  ,Listed    ,02 SEP 2026,              10.00,       13532538722,           1313.10, 17769576595858.20  
02 SEP 2026,RELIGARE,EQ,RELIGARE ENTER. LTD.     ,Listed    ,02 SEP 2026,              10.00,         332890479,            248.05,    82576812220.75  
02 SEP 2026,RELINFRA,BE,RELIANCE INFRASTRUCTU LTD,Listed    ,02 SEP 2026,              10.00,         408631194,             57.05,    23312409617.70  
02 SEP 2026,RELTD,EQ,RAVINDRA ENERGY LIMITED  ,Listed    ,02 SEP 2026,              10.00,         198549404,            152.15,    30205320830.50     
02 SEP 2026,REMSONSIND,EQ,REMSONS INDUSTRIES LTD   ,Listed    ,02 SEP 2026,               2.00,          34878785,             94.90,     3309299120.80
02 SEP 2026,REMUS,SM,REMUS PHARMACEUTICALS L  ,Listed    ,02 SEP 2026,              10.00,          11784000,            885.30,    10432375200.00     
02 SEP 2026,RENUKA,EQ,SHREE RENUKA SUGARS LTD  ,Listed    ,02 SEP 2026,               1.00,        2128489773,             23.95,    50956045165.60    
02 SEP 2026,REPCOHOME,EQ,REPCO HOME FINANCE LTD   ,Listed    ,02 SEP 2026,              10.00,          62561362,            359.60,    22497065775.20 
02 SEP 2026,REPL,BE,RUDRABHISHEK ENTERP LTD  ,Listed    ,02 SEP 2026,              10.00,          18122500,             64.30,     1165276750.00      
02 SEP 2026,REPRO,EQ,REPRO INDIA LIMITED      ,Listed    ,02 SEP 2026,              10.00,          14345338,            318.40,     4567555619.20     
02 SEP 2026,RESPONIND,EQ,RESPONSIVE INDUSTRIES LTD,Listed    ,02 SEP 2026,               1.00,         266608544,            150.45,    40116587615.70 
02 SEP 2026,RETAIL,EQ,JHS SVENDGAARD RETAIL V L,Listed    ,02 SEP 2026,              10.00,           8204600,             17.30,      141857534.00    
02 SEP 2026,REXPIPES,SM,REX PIPES AND CABLES LTD ,Listed    ,24 AUG 2026,              10.00,           9450000,            160.65,     1518142500.00  
02 SEP 2026,REXPRO,SM,REXPRO ENTERPRISES LTD   ,Listed    ,02 SEP 2026,              10.00,          11206460,             37.55,      420802573.00    
02 SEP 2026,RFBL,ST,RFBL FLEXI PACK LIMITED  ,Listed    ,02 SEP 2026,              10.00,          23315000,             86.20,     2009753000.00      
02 SEP 2026,RGL,EQ,RENAISSANCE GLOBAL LTD   ,Listed    ,02 SEP 2026,               2.00,         107333881,            137.80,    14789535463.00       
02 SEP 2026,RHETAN,EQ,RHETAN TMT LIMITED       ,Listed    ,02 SEP 2026,               1.00,         796875000,             21.00,    16750312500.00    
02 SEP 2026,RHFL,BZ,RELIANCE HOME FINANCE LTD,Listed    ,02 SEP 2026,              10.00,         484555683,              1.75,      847972445.25      
02 SEP 2026,RHIM,EQ,RHI MAGNESITA INDIA LTD  ,Listed    ,02 SEP 2026,               1.00,         206501426,            370.50,    76508778333.00      
02 SEP 2026,RHL,EQ,ROBUST HOTELS LIMITED    ,Listed    ,02 SEP 2026,              10.00,          17291696,            172.70,     2986448816.15       
02 SEP 2026,RICHA,ST,RICHA INFO SYSTEMS LTD   ,Listed    ,02 SEP 2026,              10.00,          13762833,             80.20,     1103779206.60     
02 SEP 2026,RICOAUTO,EQ,RICO AUTO INDUSTRIES LTD ,Listed    ,02 SEP 2026,               1.00,         135285000,            125.70,    17005324500.00  
02 SEP 2026,RIIL,EQ,RELIANCE INDUSTRIAL INFRA,Listed    ,02 SEP 2026,              10.00,          15100000,            743.75,    11230625000.00      
02 SEP 2026,RIIT,IV,RAAJMARG INFRA INVEST T  ,Listed    ,02 SEP 2026,             100.00,         600000000,            121.50,    72888000000.00      
02 SEP 2026,RILINFRA,SM,RACHANA INFRA LTD        ,Listed    ,02 SEP 2026,              10.00,          18605000,             35.55,      661407750.00  
02 SEP 2026,RIR,EQ,RIR POWER ELECTRONICS L  ,Listed    ,02 SEP 2026,               2.00,          79572400,            157.70,    12547771756.00       
02 SEP 2026,RISHABH,EQ,RISHABH INSTRUMENTS LTD  ,Listed    ,02 SEP 2026,              10.00,          38623455,            746.00,    28813097430.00   
02 SEP 2026,RITCO,EQ,RITCO LOGISTICS LIMITED  ,Listed    ,02 SEP 2026,              10.00,          28622757,            303.80,     8695593576.60     
02 SEP 2026,RITES,EQ,RITES LIMITED            ,Listed    ,02 SEP 2026,              10.00,         480603774,            212.60,   102176362352.40     
02 SEP 2026,RITEZONE,SM,RITE ZONE CHEMCON IND LTD,Listed    ,02 SEP 2026,              10.00,           4230270,             18.75,       79317562.50  
02 SEP 2026,RKDL,EQ,RAVI KUMAR DIST. LTD.    ,Listed    ,02 SEP 2026,              10.00,          24000000,             18.25,      438000000.00      
02 SEP 2026,RKEC,EQ,RKEC PROJECTS LIMITED    ,Listed    ,02 SEP 2026,              10.00,          25820600,             21.55,      556692136.00      
02 SEP 2026,RKFORGE,EQ,RAMKRISHNA FORGINGS LTD  ,Listed    ,02 SEP 2026,               2.00,         181835017,            726.10,   132030405843.70   
02 SEP 2026,RKSWAMY,EQ,R K SWAMY LIMITED        ,Listed    ,02 SEP 2026,               5.00,          50477241,             92.15,     4650972985.75   
02 SEP 2026,RMC,EQ,RMC SWITCHGEARS LIMITED  ,Listed    ,02 SEP 2026,              10.00,          10576850,            221.40,     2341926127.00       
02 SEP 2026,RMDRIP,BE,R M DRIP & SPRINK SYS LTD,Listed    ,02 SEP 2026,               1.00,         428228571,             21.05,     9018493705.25    
02 SEP 2026,RML,EQ,RANE (MADRAS) LIMITED    ,Listed    ,02 SEP 2026,              10.00,          27637137,           1103.70,    30503108106.90       
02 SEP 2026,RNBDENIMS,EQ,R&B DENIMS LIMITED       ,Listed    ,02 SEP 2026,               1.00,         269920320,             11.35,     3068994038.40 
02 SEP 2026,RNFI,SM,RNFI SERVICES LIMITED    ,Listed    ,02 SEP 2026,              10.00,          25060651,            296.05,     7419205728.55      
02 SEP 2026,RNPL,SM,RENOL POLYCHEM LIMITED   ,Listed    ,02 SEP 2026,              10.00,          12084462,             79.90,      965548513.80      
02 SEP 2026,ROADSTAR,IV,ROADSTAR INFRA INVT TRUST,Listed    ,Not Traded ,             100.00,         455477143,            100.00,    45547714300.00  
02 SEP 2026,ROCKINGDCE,SM,ROCKINGDEALS CIRCU ECO L ,Listed    ,02 SEP 2026,              10.00,           5659000,            237.85,     1345993150.00
02 SEP 2026,ROHLTD,EQ,ROYAL ORCHID HOTELS LTD  ,Listed    ,02 SEP 2026,              10.00,          27425215,            296.80,     8139803812.00    
02 SEP 2026,ROLEXRINGS,EQ,ROLEX RINGS LIMITED      ,Listed    ,02 SEP 2026,               1.00,         272333120,            173.00,    47116353091.20
02 SEP 2026,ROLLT,BE,ROLLATAINERS LIMITED     ,Listed    ,02 SEP 2026,               1.00,         250130000,              4.00,      995517400.00     
02 SEP 2026,ROML,EQ,RAJ OIL MILLS LIMITED    ,Listed    ,02 SEP 2026,              10.00,          14988684,             42.15,      631473256.90      
02 SEP 2026,ROSSARI,EQ,ROSSARI BIOTECH LIMITED  ,Listed    ,02 SEP 2026,               2.00,          55391616,            476.20,    26377487539.20   
02 SEP 2026,ROSSELLIND,EQ,ROSSELL INDIA LIMITED    ,Listed    ,02 SEP 2026,               2.00,          62428270,             58.60,     3657048056.60
02 SEP 2026,ROSSTECH,EQ,ROSSELL TECHSYS LIMITED  ,Listed    ,02 SEP 2026,               2.00,          37696475,           1134.00,    42747802650.00  
02 SEP 2026,ROTO,EQ,ROTO PUMPS LIMITED       ,Listed    ,02 SEP 2026,               1.00,         188445660,             64.80,    12211278768.00      
02 SEP 2026,ROUTE,EQ,ROUTE MOBILE LIMITED     ,Listed    ,02 SEP 2026,              10.00,          63003082,            499.70,    31482640075.40     
02 SEP 2026,ROXHITECH,SM,ROX HI TECH LIMITED      ,Listed    ,02 SEP 2026,              10.00,          22937688,             47.40,     1087246411.20 
02 SEP 2026,ROYALARC,SM,ROYAL ARC ELECTRODES LTD ,Listed    ,02 SEP 2026,              10.00,          11100200,            159.00,     1764931800.00  
02 SEP 2026,RPEL,EQ,RAGHAV PRODUCTIVITY ENH L,Listed    ,02 SEP 2026,              10.00,          45921950,           1774.60,    81493092470.00      
02 SEP 2026,RPGLIFE,EQ,RPG LIFE SCIENCES LTD    ,Listed    ,02 SEP 2026,               8.00,          16539015,           2564.90,    42420919573.50   
02 SEP 2026,RPOWER,EQ,RELIANCE POWER LTD.      ,Listed    ,02 SEP 2026,              10.00,        4135770966,             22.05,    91193749800.30    
02 SEP 2026,RPPINFRA,EQ,R.P.P INFRA PROJECTS LTD ,Listed    ,02 SEP 2026,              10.00,          49585918,             55.55,     2755489463.25  
02 SEP 2026,RPPL,BE,RAJSHREE POLYPACK LTD    ,Listed    ,02 SEP 2026,               5.00,          74244000,             22.90,     1699445160.00      
02 SEP 2026,RPSGVENT,EQ,RPSG VENTURES LIMITED    ,Listed    ,02 SEP 2026,              10.00,          33086409,            839.70,    27782657637.30  
02 SEP 2026,RPTECH,EQ,RASHI PERIPHERALS LIMITED,Listed    ,02 SEP 2026,               5.00,          65899665,            806.10,    53121719956.50    
02 SEP 2026,RRECL,EQ,RDB REAL ESTATE CONS L   ,Permitted ,02 SEP 2026,              10.00,          26308400,            138.85,     3652921340.00     
02 SEP 2026,RRIL,EQ,R R I L LTD.             ,Permitted ,02 SEP 2026,               5.00,         121214290,             16.65,     2017005785.60      
02 SEP 2026,RRKABEL,EQ,R R KABEL LIMITED        ,Listed    ,02 SEP 2026,               5.00,         113105505,           2630.40,   297512720352.00   
02 SEP 2026,RSDFIN,BE,R S D FINANCE LTD.       ,Permitted ,02 SEP 2026,               5.00,          12946480,             95.35,     1234705797.60    
02 SEP 2026,RSL,EQ,RAJPUTANA STAINLESS LTD  ,Listed    ,02 SEP 2026,              10.00,          83567658,            179.00,    14956939428.85       
02 SEP 2026,RSSOFTWARE,EQ,R. S. SOFTWARE (INDIA) LI,Listed    ,02 SEP 2026,               5.00,          25831211,             28.55,      737222761.95
02 SEP 2026,RSWM,BE,RSWM LIMITED             ,Listed    ,02 SEP 2026,              10.00,          47101684,            206.95,     9747222486.95      
02 SEP 2026,RSYSTEMS,EQ,R SYS INTERNATIONAL LTD  ,Listed    ,02 SEP 2026,               1.00,         118486475,            253.95,    30090825191.00  
02 SEP 2026,RTL,SM,RAMA TELECOM LIMITED     ,Listed    ,26 AUG 2026,              10.00,          13199349,             83.25,     1098845804.25       
02 SEP 2026,RTNINDIA,EQ,RATTANINDIA ENT LIMITED  ,Listed    ,02 SEP 2026,               2.00,        1382269592,             29.60,    40901357227.30  
02 SEP 2026,RTNPOWER,EQ,RATTANINDIA POWER LIMITED,Listed    ,02 SEP 2026,              10.00,        5370105860,              7.40,    39685082305.40  
02 SEP 2026,RTSPOWR,EQ,R T S POWER CORPN. LTD.  ,Permitted ,02 SEP 2026,              10.00,           9168500,             88.65,      812879210.00   
02 SEP 2026,RUBFILA,EQ,RUBFILA INTERNATIONAL LTD,Listed    ,02 SEP 2026,               5.00,          54267529,             66.20,     3593053095.10   
02 SEP 2026,RUBICON,EQ,RUBICON RESEARCH LIMITED ,Listed    ,02 SEP 2026,               1.00,         165382750,           1828.80,   302451973200.00   
02 SEP 2026,RUBYMILLS,BE,THE RUBY MILLS LTD       ,Listed    ,02 SEP 2026,               5.00,          33440000,            396.80,    13268992000.00 
02 SEP 2026,RUCHINFRA,EQ,RUCHI INFRASTRUCTURE LTD ,Listed    ,02 SEP 2026,               1.00,         236024942,              5.55,     1305217929.25 
02 SEP 2026,RUCHIRA,EQ,RUCHIRA PAPERS LIMITED   ,Listed    ,02 SEP 2026,              10.00,          29844985,            102.65,     3064184609.95   
02 SEP 2026,RUDRA,EQ,RUDRA GLOBAL INFRA PROD L,Listed    ,02 SEP 2026,               5.00,         100343828,             20.70,     2079124116.15     
02 SEP 2026,RULKA,SM,RULKA ELECTRICALS LIMITED,Listed    ,02 SEP 2026,              10.00,           4258400,            106.10,      451816240.00     
02 SEP 2026,RUPA,EQ,RUPA & COMPANY LTD       ,Listed    ,02 SEP 2026,               1.00,          79524560,            143.15,    11383940764.00      
02 SEP 2026,RUSHIL,EQ,RUSHIL DECOR LIMITED     ,Listed    ,02 SEP 2026,               1.00,         293416820,             16.10,     4721076633.80    
02 SEP 2026,RUSTOMJEE,EQ,KEYSTONE REALTORS LIMITED,Listed    ,02 SEP 2026,              10.00,         126240412,            379.15,    47864052209.80 
02 SEP 2026,RVHL,EQ,RAVINDER HEIGHTS LIMITED ,Listed    ,02 SEP 2026,               1.00,          61325746,             39.30,     2408875302.90      
02 SEP 2026,RVNL,EQ,RAIL VIKAS NIGAM LIMITED ,Listed    ,02 SEP 2026,              10.00,        2085020100,            206.00,   429514140600.00      
02 SEP 2026,RVTH,EQ,REVATHI EQUIPMENT INDIA L,Listed    ,02 SEP 2026,              10.00,           3066943,            723.85,     2220006690.55      
02 SEP 2026,S&SPOWER,EQ,S&S POWER SWITCHGEARS LTD,Listed    ,02 SEP 2026,              10.00,          12341550,            322.00,     3973979100.00  
02 SEP 2026,SAAKSHI,ST,SAAKSHI MEDTEC N PANELS L,Listed    ,02 SEP 2026,              10.00,          17656000,            310.90,     5489250400.00   
02 SEP 2026,SAATVIKGL,EQ,SAATVIK GREEN ENERGY LTD ,Listed    ,02 SEP 2026,               2.00,         127105004,            417.25,    53034562919.00 
02 SEP 2026,SAB,EQ,S A B INDUSTRIES LTD.    ,Permitted ,01 SEP 2026,              10.00,          15210078,            175.00,     2661763650.00       
02 SEP 2026,SABAR,ST,SABAR FLEX INDIA LIMITED ,Listed    ,02 SEP 2026,              10.00,          19219364,              8.65,      166247498.60     
02 SEP 2026,SACHEEROME,SM,SACHEEROME LIMITED       ,Listed    ,02 SEP 2026,              10.00,          22372800,            420.10,     9398813280.00
02 SEP 2026,SADBHAV,EQ,SADBHAV ENGINEERING LTD  ,Listed    ,02 SEP 2026,               1.00,         171570800,              8.05,     1384576356.00   
02 SEP 2026,SADBHIN,BE,SADBHAV INFRA PROJ LTD.  ,Listed    ,02 SEP 2026,              10.00,         352225216,              2.60,      908741057.30   
02 SEP 2026,SADHAV,SM,SADHAV SHIPPING LIMITED  ,Listed    ,02 SEP 2026,              10.00,          16133043,            111.25,     1794801033.75    
02 SEP 2026,SADHNANIQ,BE,SADHANA NITROCHEM LIMITED,Listed    ,02 SEP 2026,               1.00,        2964694385,              2.70,     8034321783.35 
02 SEP 2026,SAFARI,EQ,SAFARI IND (INDIA) LTD   ,Listed    ,02 SEP 2026,               2.00,          48995551,           1497.20,    73356138957.20    
02 SEP 2026,SAFEENTP,SM,SAFE ENTER RETAIL FIX LTD,Listed    ,02 SEP 2026,               5.00,          46604478,            265.30,    12364168013.40  
02 SEP 2026,SAGARDEEP,EQ,SAGARDEEP ALLOYS LIMITED ,Listed    ,02 SEP 2026,              10.00,          17057400,             23.65,      403578084.00 
02 SEP 2026,SAGCEM,EQ,SAGAR CEMENTS LIMITED    ,Listed    ,02 SEP 2026,               2.00,         130707548,            155.65,    20342015695.25    
02 SEP 2026,SAGILITY,EQ,SAGILITY LIMITED         ,Listed    ,02 SEP 2026,              10.00,        4681328413,             46.70,   218618036887.10  
02 SEP 2026,SAHAJSOLAR,SM,SAHAJ SOLAR LIMITED      ,Listed    ,02 SEP 2026,              10.00,          21972020,            100.25,     2202695005.00
02 SEP 2026,SAHANA,SM,SAHANA SYSTEM LIMITED    ,Listed    ,02 SEP 2026,              10.00,          10604525,            916.90,     9723288972.50    
02 SEP 2026,SAHASRA,ST,SAHASRA ELECTRONIC SOLU L,Listed    ,02 SEP 2026,              10.00,          24992763,            308.00,     7697771004.00   
02 SEP 2026,SAHLIBHFI,EQ,SHALIBHADRA FINANCE LTD  ,Listed    ,02 SEP 2026,              10.00,          30888400,             86.35,     2667522224.00 
02 SEP 2026,SAHYADRI,EQ,SAHYADRI INDUSTRIES LTD  ,Listed    ,02 SEP 2026,              10.00,          10946300,            356.20,     3899072060.00  
02 SEP 2026,SAICAPI,EQ,SAI CAPITAL LTD.         ,Permitted ,02 SEP 2026,              10.00,           2879300,            140.00,      403102000.00   
02 SEP 2026,SAIFL,SM,SAMEERA AGRO AND INFRA L ,Listed    ,02 SEP 2026,              10.00,          26949800,              4.85,      130706530.00     
02 SEP 2026,SAIL,EQ,STEEL AUTHORITY OF INDIA ,Listed    ,02 SEP 2026,              10.00,        4130525289,            196.50,   811648219288.50      
02 SEP 2026,SAILIFE,EQ,SAI LIFE SCIENCES LIMITED,Listed    ,02 SEP 2026,               1.00,         212115515,           1587.00,   336627322305.00   
02 SEP 2026,SAIPARENT,EQ,SAI PARENTERALS LIMITED  ,Listed    ,02 SEP 2026,               5.00,          44179231,            515.55,    22776602542.05 
02 SEP 2026,SAJHOTELS,ST,SAJ HOTELS LIMITED       ,Listed    ,01 SEP 2026,              10.00,          16125000,             37.90,      611137500.00 
02 SEP 2026,SAKAR,EQ,SAKAR HEALTHCARE LIMITED ,Listed    ,02 SEP 2026,              10.00,          22249910,            985.80,    21933961278.00     
02 SEP 2026,SAKHTISUG,EQ,SAKTHI SUGARS LTD        ,Listed    ,02 SEP 2026,              10.00,         118849036,             20.35,     2420954863.30 
02 SEP 2026,SAKSOFT,EQ,SAKSOFT LIMITED          ,Listed    ,02 SEP 2026,               1.00,         132551250,            150.40,    19933056975.00   
02 SEP 2026,SAKUMA,EQ,SAKUMA EXPORTS LIMITED   ,Listed    ,02 SEP 2026,               1.00,        1567718640,              1.60,     2508349824.00    
02 SEP 2026,SALASAR,EQ,SALASAR TECHNO ENGG. LTD.,Listed    ,02 SEP 2026,               1.00,        1747950290,              5.65,     9875919138.50   
02 SEP 2026,SALONA,EQ,SALONA COTSPIN LTD.      ,Listed    ,02 SEP 2026,              10.00,           5262400,            262.45,     1381116880.00    
02 SEP 2026,SALSTEEL,EQ,S.A.L. STEEL LTD.        ,Listed    ,02 SEP 2026,              10.00,         144766700,             82.05,    11876660068.00  
02 SEP 2026,SALZERELEC,EQ,SALZER ELECTRONICS LTD   ,Listed    ,02 SEP 2026,              10.00,          17682737,            535.85,     9475294621.45
02 SEP 2026,SAMAY,ST,SAMAY PROJECT SERVICES L ,Listed    ,01 SEP 2026,              10.00,          15349320,             46.00,      706068720.00     
02 SEP 2026,SAMBANDAM,EQ,SAMBANDAM SPINNING MILL L,Permitted ,02 SEP 2026,              10.00,           4264600,            114.45,      488083470.00 
02 SEP 2026,SAMBHAAV,EQ,SAMBHAAV MEDIA LTD       ,Listed    ,02 SEP 2026,               1.00,         191110840,              6.00,     1146665040.00  
02 SEP 2026,SAMBHV,EQ,SAMBHV STEEL TUBES LTD   ,Listed    ,02 SEP 2026,              10.00,         294671429,            126.20,    37181640911.20    
02 SEP 2026,SAMHI,EQ,SAMHI HOTELS LIMITED     ,Listed    ,02 SEP 2026,               1.00,         222134736,            151.45,    33642305767.20     
02 SEP 2026,SAMMAANCAP,EQ,SAMMAAN CAPITAL LIMITED  ,Listed    ,02 SEP 2026,               2.00,        1161543321,            152.30,   176914663221.50
02 SEP 2026,SAMPANN,EQ,SAMPANN UTPADAN INDIA LTD,Listed    ,02 SEP 2026,              10.00,          48810000,             24.35,     1187547300.00   
02 SEP 2026,SANATHAN,EQ,SANATHAN TEXTILES LIMITED,Listed    ,02 SEP 2026,              10.00,          84404059,            434.00,    36631361606.00  
02 SEP 2026,SANDESH,EQ,SANDESH LTD              ,Listed    ,02 SEP 2026,              10.00,           7569421,           1050.00,     7947892050.00   
02 SEP 2026,SANDHAR,EQ,SANDHAR TECHNOLOGIES LTD ,Listed    ,02 SEP 2026,              10.00,          60190708,            633.75,    38145861195.00   
02 SEP 2026,SANDUMA,EQ,SANDUR MANG & IRON ORES L,Listed    ,02 SEP 2026,              10.00,         486104814,            197.00,    95762648358.00   
02 SEP 2026,SANGAMIND,EQ,SANGAM (INDIA) LTD       ,Listed    ,02 SEP 2026,              10.00,          50246559,            569.80,    28630489318.20 
02 SEP 2026,SANGANI,SM,SANGANI HOSPITALS LIMITED,Listed    ,02 SEP 2026,              10.00,          13776990,             54.60,      752223654.00   
02 SEP 2026,SANGHVIMOV,EQ,SANGHVI MOVERS LTD       ,Listed    ,02 SEP 2026,               1.00,          86576000,            452.30,    39158324800.00
02 SEP 2026,SANGINITA,BE,SANGINITA CHEMICALS LTD  ,Listed    ,02 SEP 2026,              10.00,          60345986,             57.20,     3451790399.20 
02 SEP 2026,SANOFI,EQ,SANOFI INDIA LIMITED     ,Listed    ,02 SEP 2026,              10.00,          23030622,           3157.40,    72716885902.80    
02 SEP 2026,SANOFICONR,EQ,SANOFI CONS HEALTHC IND L,Listed    ,02 SEP 2026,              10.00,          23030622,           4182.40,    96323273452.80
02 SEP 2026,SANSERA,EQ,SANSERA ENGINEERING LTD  ,Listed    ,02 SEP 2026,               2.00,          62332048,           3810.60,   237522502108.80   
02 SEP 2026,SANSTAR,EQ,SANSTAR LIMITED          ,Listed    ,02 SEP 2026,               2.00,         200268407,            109.90,    22011500613.35   
02 SEP 2026,SANWARIA,BZ,SANWARIA CONSUMER LIMITED,Listed    ,02 SEP 2026,               1.00,         736100000,              0.20,      139859000.00  
02 SEP 2026,SAPPHIRE,EQ,SAPPHIRE FOODS INDIA LTD ,Listed    ,02 SEP 2026,               2.00,         321382905,            228.20,    73342792750.05  
02 SEP 2026,SAPPL,EQ,SHREE AJIT PULP & PAPER L,Permitted ,02 SEP 2026,              10.00,           8850744,            280.00,     2478208320.00     
02 SEP 2026,SARDAEN,EQ,SARDA ENERGY & MIN LTD   ,Listed    ,02 SEP 2026,               1.00,         352381270,            491.05,   173036822633.50   
02 SEP 2026,SAREGAMA,EQ,SAREGAMA INDIA LIMITED   ,Listed    ,02 SEP 2026,               1.00,         192809490,            477.30,    92027969577.00  
02 SEP 2026,SARLAPOLY,EQ,SARLA PERF. FIBERS LTD   ,Listed    ,02 SEP 2026,               1.00,          79503000,            102.45,     8145877380.00 
02 SEP 2026,SAROJA,SM,SAROJA PHARMA INDUS IND L,Listed    ,02 SEP 2026,              10.00,           4020486,             38.95,      156597929.70    
02 SEP 2026,SARTELE,SM,SAR TELEVENTURE LIMITED  ,Listed    ,02 SEP 2026,               2.00,          50147500,             89.85,     4505752875.00   
02 SEP 2026,SARVESHWAR,EQ,SARVESHWAR FOODS LIMITED ,Listed    ,02 SEP 2026,               1.00,        1231626469,              3.35,     4113632406.45
02 SEP 2026,SASKEN,EQ,SASKEN TECHNOLOGIES LTD  ,Listed    ,02 SEP 2026,              10.00,          15186471,           1885.50,    28634091070.50    
02 SEP 2026,SATECH,SM,S A TECH SOFTWARE INDIA L,Listed    ,02 SEP 2026,              10.00,          13057281,             37.05,      483772261.05    
02 SEP 2026,SATIA,EQ,SATIA INDUSTRIES LIMITED ,Listed    ,02 SEP 2026,               1.00,         100000000,             57.10,     5712000000.00     
02 SEP 2026,SATIN,EQ,SATIN CREDIT NET LTD     ,Listed    ,02 SEP 2026,              10.00,         110470965,            218.50,    24140115271.80     
02 SEP 2026,SATIPOLY,ST,SATI POLY PLAST LIMITED  ,Listed    ,02 SEP 2026,              10.00,           4947000,             37.05,      183286350.00  
02 SEP 2026,SATKARTAR,SM,SAT KARTAR LIFE LIMITED  ,Listed    ,02 SEP 2026,              10.00,          15795276,            121.70,     1922285089.20 
02 SEP 2026,SATTVAENGG,SM,SATTVA ENGINEERING CSTN L,Listed    ,02 SEP 2026,              10.00,          17468616,             62.00,     1083054192.00
02 SEP 2026,SAURASHCEM,EQ,SAURASHTRA CEMENT LIMITED,Listed    ,02 SEP 2026,              10.00,         111287280,             55.20,     6145283601.60
02 SEP 2026,SAVY,SM,SAVY INFRA AND LOGI LTD  ,Listed    ,02 SEP 2026,              10.00,          20808480,            135.00,     2809144800.00      
02 SEP 2026,SAWALIYA,SM,SAWALIYA FOOD PRODUCTS L ,Listed    ,02 SEP 2026,              10.00,           9918220,            143.25,     1420785015.00  
02 SEP 2026,SAYAJIHOTL,EQ,SAYAJI HOTELS LTD.       ,Permitted ,02 SEP 2026,              10.00,          17517977,            303.00,     5307947031.00
02 SEP 2026,SAYAJIIND,EQ,SAYAJI INDUSTRIES LTD.   ,Permitted ,02 SEP 2026,               5.00,          25280000,            117.50,     2969894400.00 
02 SEP 2026,SBC,EQ,SBC EXPORTS LIMITED      ,Listed    ,02 SEP 2026,               1.00,         476190000,             42.80,    20385693900.00       
02 SEP 2026,SBCL,EQ,SHIVALIK BIMETAL CON. LTD,Listed    ,02 SEP 2026,               2.00,          57604200,           1050.90,    60536253780.00      
02 SEP 2026,SBFC,EQ,SBFC FINANCE LIMITED     ,Listed    ,02 SEP 2026,              10.00,        1107306773,             99.25,   109878051084.80      
02 SEP 2026,SBGLP,EQ,SURATWWALA BUS GROUP LTD ,Listed    ,02 SEP 2026,               1.00,         173416440,             23.30,     4038868887.60     
02 SEP 2026,SBICARD,EQ,SBI CARDS & PAY SER LTD  ,Listed    ,02 SEP 2026,              10.00,         951609294,            635.15,   604414643084.10   
02 SEP 2026,SBIFUNDS,EQ,SBI FUNDS MANAGEMENT LTD ,Listed    ,02 SEP 2026,               1.00,        2036827612,            564.70,  1150196552496.40  
02 SEP 2026,SBILIFE,EQ,SBI LIFE INSURANCE CO LTD,Listed    ,02 SEP 2026,              10.00,        1003171541,           1719.90,  1725354733365.90   
02 SEP 2026,SBIN,EQ,STATE BANK OF INDIA      ,Listed    ,02 SEP 2026,               1.00,        9230617586,           1020.90,  9423537493547.40      
02 SEP 2026,SCANSTL,BE,SCAN STEELS LTD.         ,Permitted ,02 SEP 2026,              10.00,          58602295,             58.00,     3400105155.90   
02 SEP 2026,SCHAEFFLER,EQ,SCHAEFFLER INDIA LIMITED ,Listed    ,02 SEP 2026,               2.00,         156303670,           3967.10,   620072289257.00
02 SEP 2026,SCHAND,EQ,S CHAND AND COMPANY LTD  ,Listed    ,02 SEP 2026,               5.00,          35272192,            134.20,     4733528166.40    
02 SEP 2026,SCHNEIDER,EQ,SCHNEIDER ELECTRIC INFRA ,Listed    ,02 SEP 2026,               2.00,         239104035,           1169.50,   279632168932.50 
02 SEP 2026,SCI,EQ,SHIPPING CORP OF INDIA LT,Listed    ,02 SEP 2026,              10.00,         465799010,            288.20,   134243274682.00       
02 SEP 2026,SCILAL,EQ,SHIPPING CORP OF ILA LTD ,Listed    ,02 SEP 2026,              10.00,         465799010,             39.45,    18385086924.70    
02 SEP 2026,SCML,SM,SHARP CHUCKS N MACHINES L,Listed    ,02 SEP 2026,              10.00,          14496792,             83.95,     1217005688.40      
02 SEP 2026,SCODATUBES,EQ,SCODA TUBES LIMITED      ,Listed    ,02 SEP 2026,              10.00,          59908900,            128.60,     7704883629.00
02 SEP 2026,SCPL,BE,SHEETAL COOL PRODUCTS LTD,Listed    ,02 SEP 2026,              10.00,          10500000,            637.20,     6690600000.00      
02 SEP 2026,SDBL,EQ,SOM DIST & BREW LTD      ,Listed    ,02 SEP 2026,               2.00,         194988432,             72.60,    14152260394.55      
02 SEP 2026,SDREAMS,SM,S D RETAIL LIMITED       ,Listed    ,02 SEP 2026,              10.00,          18722386,             85.00,     1591402810.00   
02 SEP 2026,SEAMECLTD,EQ,SEAMEC LIMITED           ,Listed    ,02 SEP 2026,              10.00,          25425000,           1735.70,    44130172500.00 
02 SEP 2026,SECMARK,EQ,SECMARK CONSULTANCY LTD  ,Listed    ,02 SEP 2026,              10.00,          10447000,            142.80,     1491622660.00   
02 SEP 2026,SECURKLOUD,EQ,SECUREKLOUD TECH LIMITED ,Listed    ,02 SEP 2026,               5.00,          33410605,             17.35,      579673996.75
02 SEP 2026,SEDEMAC,EQ,SEDEMAC MECHATRONICS LTD ,Listed    ,02 SEP 2026,              10.00,          44161500,           2866.50,   126588939750.00   
02 SEP 2026,SEIL,EQ,SHANTI EDU INITIATIVES L ,Permitted ,02 SEP 2026,               1.00,         161000000,            201.55,    32451160000.00      
02 SEP 2026,SEITINVIT,IV,SUSTAINABLE ENERGY INFRA ,Listed    ,01 SEP 2026,             100.00,         324000000,            122.00,    39528000000.00 
02 SEP 2026,SEJALLTD,EQ,SEJAL GLASS LIMITED      ,Listed    ,02 SEP 2026,              10.00,          11400000,            672.85,     7670490000.00  
02 SEP 2026,SEKURITIND,EQ,SAINT GOBAIN SEKUR IND L ,Permitted ,02 SEP 2026,              10.00,          91105700,            113.70,    10358718090.00
02 SEP 2026,SEL,SM,SUNGARNER ENERGIES LTD   ,Listed    ,02 SEP 2026,              10.00,           2318750,            299.90,      695393125.00       
02 SEP 2026,SELLOWRAP,SM,SELLOWRAP INDUSTRIES LTD ,Listed    ,02 SEP 2026,              10.00,          13744220,             66.50,      913990630.00 
02 SEP 2026,SELMC,EQ,SEL MANUFACTURING CO LTD ,Listed    ,02 SEP 2026,              10.00,          33134700,             27.45,      908884821.00     
02 SEP 2026,SEMAC,EQ,SEMAC CONSTRUCTION LTD   ,Listed    ,01 SEP 2026,              10.00,           3117308,            292.00,      910253936.00     
02 SEP 2026,SENCO,EQ,SENCO GOLD LIMITED       ,Listed    ,02 SEP 2026,               5.00,         163838649,            348.60,    57114153041.40     
02 SEP 2026,SENORES,EQ,SENORES PHARMACEUTICALS L,Listed    ,02 SEP 2026,              10.00,          46053588,           1449.50,    66754675806.00   
02 SEP 2026,SEPC,EQ,SEPC LIMITED             ,Listed    ,02 SEP 2026,              10.00,        1920373759,              5.45,    10427629511.35      
02 SEP 2026,SERVICE,SM,SERVICE CARE LIMITED     ,Listed    ,02 SEP 2026,              10.00,          13328500,             70.30,      936993550.00   
02 SEP 2026,SERVOTECH,EQ,SERVOTECH REN POW SYS LTD,Listed    ,02 SEP 2026,               1.00,         225845348,             79.45,    17947929805.55 
02 SEP 2026,SESHAPAPER,EQ,SESHASAYEE PAPER & BOARDS,Listed    ,02 SEP 2026,               2.00,          63068140,            229.65,    14484859713.80
02 SEP 2026,SETCO,BE,SETCO AUTOMOTIVE LTD     ,Listed    ,02 SEP 2026,               2.00,         133767275,             17.50,     2342264985.25     
02 SEP 2026,SETL,EQ,STANDARD ENGNG TCNLGY LTD,Listed    ,02 SEP 2026,              10.00,         199491662,            374.95,    74799398666.90      
02 SEP 2026,SETUINFRA,BZ,SETUBANDHAN INFRA LTD    ,Listed    ,02 SEP 2026,               1.00,         125678260,              0.55,       66609477.80 
02 SEP 2026,SEYAIND,BE,SEYA INDUSTRIES LIMITED  ,Listed    ,02 SEP 2026,              10.00,          26570540,             12.25,      325489115.00   
02 SEP 2026,SFL,EQ,SHEELA FOAM LIMITED      ,Listed    ,02 SEP 2026,               5.00,         109203314,            646.85,    70638163660.90       
02 SEP 2026,SFML,SM,SUPREME FACILITY MGMT LTD,Listed    ,02 SEP 2026,              10.00,          24829200,             21.65,      537552180.00      
02 SEP 2026,SGFIN,EQ,SG FINSERVE LIMITED      ,Listed    ,02 SEP 2026,              10.00,          65895000,            674.60,    44452767000.00     
02 SEP 2026,SGIL,EQ,SYNERGY GREEN IND. LTD   ,Listed    ,02 SEP 2026,              10.00,          15543000,            590.65,     9180472950.00      
02 SEP 2026,SGL,EQ,STL GLOBAL LIMITED       ,Listed    ,02 SEP 2026,              10.00,          26990914,             10.20,      275577231.95       
02 SEP 2026,SGLRES,EQ,SGL RESOURCES LIMITED    ,Permitted ,02 SEP 2026,               2.00,         250479800,              2.35,      583617934.00    
02 SEP 2026,SGMART,EQ,SG MART LIMITED          ,Listed    ,02 SEP 2026,               1.00,         126035200,            827.20,   104256317440.00    
02 SEP 2026,SGRL,EQ,SHREE GANESH REMEDIES LTD,Permitted ,02 SEP 2026,              10.00,          12834922,            685.65,     8800264269.30      
02 SEP 2026,SHADOWFAX,EQ,SHADOWFAX TECHNOLOGIES L ,Listed    ,02 SEP 2026,              10.00,         584980412,            253.55,   148321783462.60 
02 SEP 2026,SHAH,EQ,SHAH METACORP LIMITED    ,Listed    ,02 SEP 2026,               1.00,         987679005,              3.55,     3526014047.85      
02 SEP 2026,SHAHALLOYS,EQ,SHAH ALLOYS LIMITED      ,Listed    ,02 SEP 2026,              10.00,          19797540,            112.45,     2226431348.40
02 SEP 2026,SHAILY,EQ,SHAILY ENG PLASTICS LTD  ,Listed    ,02 SEP 2026,               2.00,          45995248,           3172.50,   145919924280.00    
02 SEP 2026,SHAIVAL,ST,SHAIVAL REALITY LIMITED  ,Listed    ,20 MAR 2026,              10.00,          11574000,             33.00,      381942000.00   
02 SEP 2026,SHAKTIPUMP,EQ,SHAKTI PUMPS (I) LTD     ,Listed    ,02 SEP 2026,              10.00,         123397965,            472.35,    58287028767.75
02 SEP 2026,SHALBY,EQ,SHALBY LIMITED           ,Listed    ,02 SEP 2026,              10.00,         108009770,            151.35,    16345118494.10    
02 SEP 2026,SHALPAINTS,BE,SHALIM PAINTS LTD        ,Listed    ,02 SEP 2026,               2.00,          83711178,             77.65,     6501847195.25
02 SEP 2026,SHANKARA,EQ,SHANKARA BLDG PRODUCT LTD,Listed    ,02 SEP 2026,              10.00,          24249326,            147.35,     3572653199.60  
02 SEP 2026,SHANKESH,EQ,SHANKESH JEWELLERS LTD   ,Listed    ,02 SEP 2026,               5.00,         147031420,             97.95,    14401727589.00  
02 SEP 2026,SHANTHALA,SM,SHANTHALA FMCG PRODUCTS L,Listed    ,01 SEP 2026,              10.00,           6698064,             16.60,      111187862.40 
02 SEP 2026,SHANTI,EQ,SHANTI OVERSEAS INDIA LTD,Listed    ,02 SEP 2026,              10.00,          11106000,              6.30,       69856740.00    
02 SEP 2026,SHANTIGEAR,EQ,SHANTHI GEARS LTD        ,Listed    ,02 SEP 2026,               1.00,          76715853,            529.85,    40647894712.05
02 SEP 2026,SHANTIGOLD,EQ,SHANTI GOLD INTERNATION L,Listed    ,02 SEP 2026,              10.00,          76739471,            243.30,    18670713294.30
02 SEP 2026,SHARDACROP,EQ,SHARDA CROPCHEM LTD.     ,Listed    ,02 SEP 2026,              10.00,          90220495,            778.30,    70218611258.50
02 SEP 2026,SHARDAMOTR,EQ,SHARDA MOTOR INDS LTD    ,Listed    ,02 SEP 2026,               2.00,          57407706,            875.70,    50271928144.20
02 SEP 2026,SHARDUL,BE,SHARDUL SECURITIES LTD.  ,Permitted ,02 SEP 2026,               2.00,          87492165,             53.05,     4639709509.95   
02 SEP 2026,SHAREINDIA,EQ,SHARE IND. SECURITIES LTD,Listed    ,02 SEP 2026,               2.00,         217492050,            168.50,    36643060584.00
02 SEP 2026,SHBAJRG,EQ,SHRI BAJRANG ALLIANCE L  ,Permitted ,02 SEP 2026,              10.00,           9000000,            155.05,     1395630000.00   
02 SEP 2026,SHEEL,ST,SHEEL BIOTECH LIMITED    ,Listed    ,31 AUG 2026,              10.00,          20352550,             61.65,     1254734707.50     
02 SEP 2026,SHEETAL,SM,SHEETAL UNIVERSAL LIMITED,Listed    ,02 SEP 2026,              10.00,          11455999,            333.75,     3823439666.25   
02 SEP 2026,SHEKHAWATI,BE,SHEKHAWATI INDUSTRIES LTD,Listed    ,02 SEP 2026,              10.00,          34470000,             15.30,      527391000.00
02 SEP 2026,SHEMAROO,BE,SHEMAROO ENTER. LTD.     ,Listed    ,02 SEP 2026,              10.00,          28730299,            126.80,     3642427307.20  
02 SEP 2026,SHERA,SM,SHERA ENERGY LIMITED     ,Listed    ,02 SEP 2026,              10.00,          24439347,            176.30,     4308656876.10     
02 SEP 2026,SHERVANI,EQ,SHERVANI INDUSTRIAL SYN L,Permitted ,02 SEP 2026,              10.00,           2572973,            342.75,      881886495.75  
02 SEP 2026,SHETHJI,SM,SHREEJI GLOBAL FMCG LTD  ,Listed    ,02 SEP 2026,              10.00,          22760000,            186.55,     4245878000.00   
02 SEP 2026,SHIGAN,SM,SHIGAN QUANTUM TECH LTD  ,Listed    ,02 SEP 2026,              10.00,          20327400,             71.10,     1445278140.00    
02 SEP 2026,SHILCTECH,EQ,SHILCHAR TECHNOLOGIES LTD,Listed    ,02 SEP 2026,              10.00,          11440200,           3995.40,    45708175080.00 
02 SEP 2026,SHILGRAVQ,EQ,SHILP GRAVURES LTD.      ,Permitted ,02 SEP 2026,              10.00,           6149800,            155.10,      953956976.00 
02 SEP 2026,SHILPAMED,EQ,SHILPA MEDICARE LTD      ,Listed    ,02 SEP 2026,               1.00,         195581816,            928.55,   181607495246.80 
02 SEP 2026,SHINDL,EQ,SHARAT INDUSTRIES LTD.   ,Permitted ,02 SEP 2026,              10.00,          39214451,            160.70,     6300977986.70    
02 SEP 2026,SHIPROCKET,EQ,SHIPROCKET LIMITED       ,Listed    ,02 SEP 2026,              10.00,         727577587,            133.80,    97364432692.35
02 SEP 2026,SHIVAAGRO,EQ,SHIVA GLOBAL AGRO INDS. L,Permitted ,02 SEP 2026,              10.00,           9993000,             40.80,      407714400.00 
02 SEP 2026,SHIVACEM,EQ,SHIVA CEMENT LTD.        ,Permitted ,02 SEP 2026,               2.00,         295000000,             16.00,     4717050000.00  
02 SEP 2026,SHIVALIK,BE,SHIVALIK RASAYAN LIMITED ,Listed    ,02 SEP 2026,               5.00,          15750365,            325.85,     5132256435.25  
02 SEP 2026,SHIVAMAUTO,EQ,SHIVAM AUTO.LTD          ,Listed    ,02 SEP 2026,               2.00,         131495219,             17.85,     2347189659.15
02 SEP 2026,SHIVAMILLS,EQ,SHIVA MILLS LIMITED      ,Listed    ,02 SEP 2026,              10.00,           8641808,             61.15,      528446559.20
02 SEP 2026,SHIVASHRIT,SM,SHIVASHRIT FOODS LIMITED ,Listed    ,02 SEP 2026,              10.00,          18269000,            120.95,     2209635550.00
02 SEP 2026,SHIVATEX,EQ,SHIVA TEXYARN LIMITED    ,Listed    ,02 SEP 2026,              10.00,          12962713,            180.50,     2339899323.65  
02 SEP 2026,SHIVAUM,EQ,SHIV AUM STEELS LIMITED  ,Listed    ,02 SEP 2026,              10.00,          13600400,            448.20,     6095699280.00   
02 SEP 2026,SHK,EQ,S H KELKAR AND CO. LTD.  ,Listed    ,02 SEP 2026,              10.00,         138420801,            148.35,    20537494244.35       
02 SEP 2026,SHKSIL,SM,SHRI HARE-KRI SPO IRON L ,Listed    ,02 SEP 2026,              10.00,          19191050,             33.80,      648657490.00    
02 SEP 2026,SHOPERSTOP,EQ,SHOPPERS STOP LIMITED    ,Listed    ,02 SEP 2026,               5.00,         110124746,            381.25,    41985059412.50
02 SEP 2026,SHRADDHA,EQ,SHRADDHA PRIME PROJECTS L,Permitted ,02 SEP 2026,              10.00,          40401000,            157.90,     6378913890.00  
02 SEP 2026,SHRADHA,EQ,SHRADHA REALTY LIMITED   ,Listed    ,02 SEP 2026,               2.00,          80997568,             31.65,     2561953075.85   
02 SEP 2026,SHREDIGCEM,EQ,SHREE DIGVIJAY CEM CO LTD,Listed    ,02 SEP 2026,              10.00,         147869278,             70.95,    10491325274.10
02 SEP 2026,SHREECEM,EQ,SHREE CEMENT LIMITED     ,Listed    ,02 SEP 2026,              10.00,          36080748,          23680.00,   854392112640.00  
02 SEP 2026,SHREEDHAR,ST,SHREEDHAR SPINNERS LTD   ,Listed    ,02 SEP 2026,              10.00,          21438000,            111.20,     2383905600.00 
02 SEP 2026,SHREEJISPG,EQ,SHREEJI SHIPPING GLOBAL L,Listed    ,02 SEP 2026,              10.00,         162918254,            643.40,   104821604623.60
02 SEP 2026,SHREEKARNI,SM,SHREE KARNI FABCOM LTD   ,Listed    ,02 SEP 2026,              10.00,           7228750,            395.00,     2855356250.00
02 SEP 2026,SHREEOSFM,SM,SHREE OSFM E-MOBILITY LTD,Listed    ,02 SEP 2026,              10.00,          15403400,             59.00,      908800600.00 
02 SEP 2026,SHREEPUSHK,EQ,SHRE PUSH CHEM & FERT LTD,Listed    ,02 SEP 2026,              10.00,          32337691,            468.05,    15135656272.55
02 SEP 2026,SHREERAMA,EQ,SHREE RAMA MULTI TECH LTD,Listed    ,02 SEP 2026,               5.00,         133468005,             41.15,     5489539045.65 
02 SEP 2026,SHREMINVIT,IV,SHREM INVIT              ,Listed    ,02 SEP 2026,             100.00,         610844160,            101.00,    61695260160.00
02 SEP 2026,SHRENIK,BZ,SHRENIK LIMITED          ,Listed    ,02 SEP 2026,               1.00,         612000000,              0.30,      171360000.00   
02 SEP 2026,SHREYANIND,EQ,SHREYANS INDUSTRIES LTD  ,Listed    ,02 SEP 2026,              10.00,          13825000,            125.70,     1737940750.00
02 SEP 2026,SHRIAHIMSA,ST,SHRI AHIMSA NATURALS LTD ,Listed    ,02 SEP 2026,              10.00,          23430900,            485.60,    11378045040.00
02 SEP 2026,SHRIKANHA,SM,SHRI KANHA STAINLESS LTD ,Listed    ,02 SEP 2026,              10.00,          15582400,             22.25,      346708400.00 
02 SEP 2026,SHRIKRISH,EQ,SHRI KRISHNA DEVCON LTD. ,Permitted ,02 SEP 2026,              10.00,          28000000,             39.80,     1114680000.00 
02 SEP 2026,SHRINGARMS,EQ,SHRINGAR HOU OF MANGALS L,Listed    ,02 SEP 2026,              10.00,          96432080,            216.25,    20851508658.40
02 SEP 2026,SHRIPISTON,EQ,SPR AUTO TECHNOLOGIES LTD,Listed    ,02 SEP 2026,              10.00,          46386272,           4600.40,   213395405708.80
02 SEP 2026,SHRIRAMFIN,EQ,SHRIRAM FINANCE LIMITED  ,Listed    ,02 SEP 2026,               2.00,        2352830568,           1047.00,  2463413604696.00
02 SEP 2026,SHRIRAMPPS,EQ,SHRIRAM PROPERTIES LTD   ,Listed    ,02 SEP 2026,              10.00,         170654392,             75.70,    12915124386.55
02 SEP 2026,SHRITECH,SM,SHRI TECHTEX LIMITED     ,Listed    ,02 SEP 2026,              10.00,          24950000,             59.55,     1485772500.00  
02 SEP 2026,SHRJAGP,EQ,SHRI JAGDAMBA POLYMERS L ,Permitted ,02 SEP 2026,               1.00,           8758000,            615.55,     5390986900.00   
02 SEP 2026,SHUBHLAXMI,SM,SHUBHLAXMI JEWEL ART LTD ,Listed    ,02 SEP 2026,              10.00,          10604000,             18.50,      196174000.00
02 SEP 2026,SHUBHSHREE,SM,SHUBHSHREE BIOFUELS ENE L,Listed    ,02 SEP 2026,              10.00,           5242000,            347.50,     1821595000.00
02 SEP 2026,SHUKRAPHAR,EQ,SHUKRA PHARMACEUTICALS L ,Listed    ,02 SEP 2026,               1.00,         439614440,             46.80,    20569559647.60
02 SEP 2026,SHYAMCENT,BE,SHYAM CENTURY FERROUS LTD,Listed    ,02 SEP 2026,               1.00,         212172990,              5.00,     1065108409.80 
02 SEP 2026,SHYAMDHANI,ST,SHYAM DHANI INDUSTRIES L ,Listed    ,02 SEP 2026,              10.00,          20656000,             52.95,     1093735200.00
02 SEP 2026,SHYAMMETL,EQ,SHYAM METALICS AND ENGY L,Listed    ,02 SEP 2026,              10.00,         279131853,           1072.60,   299396825527.80 
02 SEP 2026,SHYAMTEL,EQ,SHYAM TELECOM LIMITED    ,Listed    ,02 SEP 2026,              10.00,          11270000,             11.10,      125322400.00  
02 SEP 2026,SICAGEN,EQ,SICAGEN INDIA LIMITED    ,Permitted ,02 SEP 2026,              10.00,          39571684,             57.95,     2292387654.10   
02 SEP 2026,SICALLOG,BE,SICAL LOGISTICS LIMITED  ,Listed    ,02 SEP 2026,              10.00,          79784870,            103.70,     8273691019.00  
02 SEP 2026,SIDDHICOTS,SM,SIDDHI COTSPIN LIMITED   ,Listed    ,02 SEP 2026,              10.00,          24406491,             26.75,      652873634.25
02 SEP 2026,SIDDHIKA,SM,SIDDHIKA COATINGS LIMITED,Listed    ,02 SEP 2026,              10.00,           6179000,            215.40,     1330956600.00  
02 SEP 2026,SIEL,EQ,SUPERIOR INDUSTRIAL ENT L,Permitted ,02 SEP 2026,              10.00,          13850000,             32.50,      450125000.00      
02 SEP 2026,SIEMENS,EQ,SIEMENS LTD              ,Listed    ,02 SEP 2026,               2.00,         356120505,           4018.90,  1431212697544.50   
02 SEP 2026,SIGACHI,EQ,SIGACHI INDUSTRIES LTD   ,Listed    ,02 SEP 2026,               1.00,         382117010,             32.55,    12430266335.30   
02 SEP 2026,SIGIND,BE,SIGNET INDUSTRIES LIMITED,Listed    ,02 SEP 2026,              10.00,          29437000,             71.60,     2107100460.00    
02 SEP 2026,SIGMA,EQ,SIGMA SOLVE LIMITED      ,Listed    ,02 SEP 2026,               1.00,         102774980,             46.85,     4815007813.00     
02 SEP 2026,SIGMAADV,BE,SIGMA ADVANCED SYSTEM LTD,Listed    ,02 SEP 2026,              10.00,         176239705,            772.95,   136224479979.75  
02 SEP 2026,SIGNATURE,EQ,SIGNATUREGLOBAL INDIA LTD,Listed    ,02 SEP 2026,               1.00,         140510691,            765.30,   107532831822.30 
02 SEP 2026,SIGNORIA,ST,SIGNORIA CREATION LIMITED,Listed    ,01 SEP 2026,              10.00,           4758000,            162.00,      770796000.00  
02 SEP 2026,SIGNPOST,EQ,SIGNPOST INDIA LIMITED   ,Listed    ,02 SEP 2026,               2.00,          53450000,            242.70,    12972315000.00  
02 SEP 2026,SIKA,EQ,SIKA INTERPLANT SYSTEMS L,Permitted ,02 SEP 2026,               2.00,          21200875,            987.40,    20933743975.00      
02 SEP 2026,SIKKO,BE,SIKKO INDUSTRIES LIMITED ,Listed    ,02 SEP 2026,               1.00,         436800000,              5.20,     2266992000.00     
02 SEP 2026,SIL,EQ,STANDARD INDUSTRIES LTD. ,Listed    ,02 SEP 2026,               5.00,          64328941,             19.65,     1265350269.45       
02 SEP 2026,SILGO,EQ,SILGO RETAIL LIMITED     ,Listed    ,02 SEP 2026,              10.00,          39290219,             71.90,     2824573843.90     
02 SEP 2026,SILINV,EQ,SIL INVESTMENTS LIMITED  ,Listed    ,02 SEP 2026,              10.00,          10595860,            477.65,     5061112529.00    
02 SEP 2026,SILKFLEX,SM,SILKFLEX POLYMERS INDIA L,Listed    ,02 SEP 2026,              10.00,          11607000,            261.55,     3035810850.00  
02 SEP 2026,SILKY,SM,SILKY OVERSEAS LIMITED   ,Listed    ,02 SEP 2026,              10.00,           6367623,             69.40,      441913036.20     
02 SEP 2026,SILLYMONKS,EQ,SILLY MONKS ENTERTAIN LTD,Listed    ,02 SEP 2026,              10.00,          13835837,             16.00,      221235033.65
02 SEP 2026,SILVERTUC,EQ,SILVER TOUCH TECHNO LTD  ,Listed    ,02 SEP 2026,               2.00,         126810000,            173.80,    22040846100.00 
02 SEP 2026,SIMBHALS,BZ,SIMBHAOLI SUGARS LTD.    ,Listed    ,02 SEP 2026,              10.00,          41279020,              8.10,      334772852.20  
02 SEP 2026,SIMCA,ST,SIMCA ADVERTISING LIMITED,Listed    ,02 SEP 2026,              10.00,          11971600,            258.00,     3088672800.00     
02 SEP 2026,SIMPLEXINF,EQ,SIMPLEX INFRASTRUCTURES L,Listed    ,02 SEP 2026,               2.00,          79095346,            265.20,    20976085759.20
02 SEP 2026,SIMPLXREA,EQ,SIMPLEX REALTY LTD.      ,Permitted ,31 AUG 2026,              10.00,           2991382,            136.70,      408862091.75 
02 SEP 2026,SINCLAIR,EQ,SINCLAIRS HOTELS LIMITED ,Listed    ,02 SEP 2026,               2.00,          51260000,             82.65,     4237664200.00  
02 SEP 2026,SINDHUTRAD,EQ,SINDHU TRADE LINKS LTD   ,Listed    ,02 SEP 2026,               1.00,        1541928780,             23.85,    36790420690.80
02 SEP 2026,SINGERIND,EQ,SINGER INDIA LIMITED     ,Listed    ,02 SEP 2026,               2.00,          62219117,             74.65,     4644034892.90 
02 SEP 2026,SINTERCOM,EQ,SINTERCOM INDIA LIMITED  ,Listed    ,02 SEP 2026,              10.00,          27527822,             76.55,     2106979495.90 
02 SEP 2026,SIRCA,EQ,SIRCA PAINT INDIA LIMITED,Listed    ,02 SEP 2026,              10.00,          56792800,            431.25,    24491895000.00     
02 SEP 2026,SIS,EQ,SIS LIMITED              ,Listed    ,02 SEP 2026,               5.00,         141300750,            430.00,    60759322500.00       
02 SEP 2026,SITINET,BZ,SITI NETWORKS LIMITED    ,Listed    ,02 SEP 2026,               1.00,         872053848,              0.30,      252895615.90   
02 SEP 2026,SIYSIL,EQ,SIYARAM SILK MILLS LTD   ,Listed    ,02 SEP 2026,               2.00,          45370088,            550.35,    24969427930.80    
02 SEP 2026,SJLOGISTIC,SM,S J LOGISTICS (INDIA) LTD,Listed    ,02 SEP 2026,              10.00,          15293130,            315.00,     4817335950.00
02 SEP 2026,SJS,EQ,SJS ENTERPRISES LIMITED  ,Listed    ,02 SEP 2026,              10.00,          32005154,           2403.80,    76933989185.20       
02 SEP 2026,SJVN,EQ,SJVN LTD                 ,Listed    ,02 SEP 2026,              10.00,        3929795175,             63.90,   251192507586.00      
02 SEP 2026,SKFINDIA,EQ,SKF INDIA LTD            ,Listed    ,02 SEP 2026,              10.00,          49437963,           1532.10,    75743903112.30  
02 SEP 2026,SKFINDUS,EQ,SKF IND (INDUSTRIAL) LTD ,Listed    ,02 SEP 2026,              10.00,          49437963,           3039.20,   150251857149.60  
02 SEP 2026,SKIPPER,EQ,SKIPPER LIMITED          ,Listed    ,02 SEP 2026,               1.00,         112904035,            537.15,    60646402400.25   
02 SEP 2026,SKMEGGPROD,EQ,SKM EGG PROD EXPORT(I) LT,Listed    ,02 SEP 2026,               5.00,          52660000,            261.75,    13783755000.00
02 SEP 2026,SKP,SM,SKP BEARING INDUSTRI. LTD,Listed    ,02 SEP 2026,              10.00,          16600000,            148.10,     2458460000.00       
02 SEP 2026,SKYGOLD,EQ,SKY GOLD AND DIAMONDS LTD,Listed    ,02 SEP 2026,              10.00,         154873884,            753.10,   116635522040.40   
02 SEP 2026,SKYTECH,ST,SKYTECH INFINITE PLATFM L,Listed    ,02 SEP 2026,              10.00,           9820600,             46.80,      459604080.00   
02 SEP 2026,SKYWAYS,EQ,SKYWAYS AIR SERVICES LTD ,Listed    ,02 SEP 2026,              10.00,         145343544,            129.30,    18794373674.65   
02 SEP 2026,SLONE,ST,SLONE INFOSYSTEMS LIMITED,Listed    ,02 SEP 2026,              10.00,           5269013,            174.20,      917862064.60     
02 SEP 2026,SMARTEN,ST,SMARTEN POWER SYSTEMS LTD,Listed    ,01 SEP 2026,              10.00,          19000800,             54.75,     1040293800.00   
02 SEP 2026,SMARTLINK,BE,SMARTLINK HOLDINGS LTD   ,Listed    ,02 SEP 2026,               2.00,           9975000,            209.35,     2088465750.00 
02 SEP 2026,SMARTWORKS,EQ,SMARTWORKS COWORKING SP L,Listed    ,02 SEP 2026,              10.00,         114262076,            525.45,    60039007834.20
02 SEP 2026,SMCGLOBAL,EQ,SMC GLOBAL SECURITIES LTD,Listed    ,02 SEP 2026,               2.00,         209400000,             79.35,    16620078000.00 
02 SEP 2026,SMLMAH,EQ,SML MAHINDRA LIMITED     ,Listed    ,02 SEP 2026,              10.00,          14471646,           5318.50,    76967449251.00    
02 SEP 2026,SMLT,EQ,SARTHAK METALS LIMITED   ,Listed    ,02 SEP 2026,              10.00,          13689750,             64.60,      884494747.50      
02 SEP 2026,SMSPHARMA,EQ,SMS PHARMACEUTICALS LTD. ,Listed    ,02 SEP 2026,               1.00,          93652030,            373.05,    34936889791.50 
02 SEP 2026,SMVD,SM,SMVD POLY PACK LIMITED   ,Listed    ,24 AUG 2026,              10.00,          10030108,             17.00,      170511836.00      
02 SEP 2026,SNEHAA,SM,SNEHAA ORGANICS LIMITED  ,Listed    ,02 SEP 2026,              10.00,          10179000,             46.00,      468234000.00    
02 SEP 2026,SNOWMAN,EQ,SNOWMAN LOGISTICS LTD.   ,Listed    ,02 SEP 2026,              10.00,         167087995,             36.05,     6026863979.65   
02 SEP 2026,SOBHA,EQ,SOBHA LIMITED            ,Listed    ,02 SEP 2026,              10.00,         106932806,           1230.10,   131538044660.60     
02 SEP 2026,SOCL,SM,SUNDREX OIL COMPANY LTD  ,Listed    ,02 SEP 2026,              10.00,          13393552,             29.00,      388413008.00      
02 SEP 2026,SOFTTECH,EQ,SOFTTECH ENGINEERS LTD   ,Listed    ,02 SEP 2026,              10.00,          13842138,            412.90,     5715418780.20  
02 SEP 2026,SOLARA,EQ,SOLARA ACTIVE PHA SCI LTD,Listed    ,02 SEP 2026,              10.00,          47711831,            640.35,    30552270980.85    
02 SEP 2026,SOLARINDS,EQ,SOLAR INDUSTRIES (I) LTD ,Listed    ,02 SEP 2026,               2.00,          90490055,          20600.00,  1864095133000.00 
02 SEP 2026,SOLARWORLD,EQ,SOLARWORLD ENERGY SOL LTD,Listed    ,02 SEP 2026,               5.00,          86672654,            142.85,    12379455170.80
02 SEP 2026,SOLEX,EQ,SOLEX ENERGY LIMITED     ,Listed    ,02 SEP 2026,              10.00,          10802489,            712.95,     7701634532.55     
02 SEP 2026,SOMANYCERA,EQ,SOMANY CERAMICS LIMITED  ,Listed    ,02 SEP 2026,               2.00,          41012806,            570.10,    23381400700.60
02 SEP 2026,SOMATEX,EQ,SOMA TEXTILES & INDUST LT,Listed    ,02 SEP 2026,              10.00,          33033000,             88.35,     2918135220.00   
02 SEP 2026,SOMICONVEY,EQ,SOMI CONVEYOR BELT. LTD. ,Listed    ,02 SEP 2026,              10.00,          11779656,             90.45,     1065469885.20
02 SEP 2026,SONACOMS,EQ,SONA BLW PRECISION FRGS L,Listed    ,02 SEP 2026,              10.00,         622028337,            782.65,   486830477953.05  
02 SEP 2026,SONAL,EQ,SONAL MERCANTILE LTD.    ,Permitted ,02 SEP 2026,              10.00,          14738525,             89.00,     1311581339.75     
02 SEP 2026,SONAMAC,SM,SONA MACHINERY LIMITED   ,Listed    ,02 SEP 2026,              10.00,          13724000,             32.50,      446030000.00   
02 SEP 2026,SONAMLTD,EQ,SONAM LIMITED            ,Listed    ,02 SEP 2026,               5.00,          40032000,             71.45,     2859886080.00  
02 SEP 2026,SONATSOFTW,EQ,SONATA SOFTWARE LTD      ,Listed    ,02 SEP 2026,               1.00,         280424816,            289.30,    81126899268.80
02 SEP 2026,SONUINFRA,ST,SONU INFRATECH LIMITED   ,Listed    ,02 SEP 2026,              10.00,          11764764,             40.35,      474708227.40 
02 SEP 2026,SOTAC,SM,SOTAC PHARMACEUTICALS LTD,Listed    ,20 AUG 2026,              10.00,          11050000,             90.05,      995052500.00     
02 SEP 2026,SOTL,EQ,SAVITA OIL TECHNOLO. LTD ,Listed    ,02 SEP 2026,               2.00,          68560415,            752.60,    51598568329.00      
02 SEP 2026,SOUTHBANK,EQ,THE SOUTH INDIAN BANK LTD,Listed    ,02 SEP 2026,               1.00,        2617618886,             45.75,   119729887845.65 
02 SEP 2026,SOUTHWEST,EQ,SOUTH WEST PINNACLE LTD  ,Listed    ,02 SEP 2026,              10.00,          29830011,            206.40,     6156317670.20 
02 SEP 2026,SPAL,EQ,S. P. APPARELS LIMITED   ,Listed    ,02 SEP 2026,              10.00,          25138883,           1072.40,    26958938129.20      
02 SEP 2026,SPANDANA,EQ,SPANDANA SPHOORTY FIN LTD,Listed    ,02 SEP 2026,              10.00,          71305144,            236.00,    16826587881.10  
02 SEP 2026,SPARC,EQ,SUN PHARMA ADV.RES.CO.LTD,Listed    ,02 SEP 2026,               1.00,         324499558,            199.60,    64763621785.65     
02 SEP 2026,SPCENET,EQ,SPACENET ENTERS IND LTD  ,Listed    ,02 SEP 2026,               1.00,         567735736,              3.10,     1759980781.60   
02 SEP 2026,SPCL,SM,SHIVALIC POWER CONTROL L ,Listed    ,02 SEP 2026,              10.00,          24115754,             60.70,     1463826267.80      
02 SEP 2026,SPCON,SM,SRINIBAS PRADHAN CONST L ,Listed    ,01 SEP 2026,              10.00,           7860997,            150.00,     1179149550.00     
02 SEP 2026,SPEB,SM,SPEB ADHESIVES LIMITED   ,Listed    ,02 SEP 2026,              10.00,          22464570,             92.00,     2066740440.00      
02 SEP 2026,SPECIALITY,BE,SPECIALITY REST LTD      ,Listed    ,02 SEP 2026,              10.00,          48235657,            138.10,     6660861875.15
02 SEP 2026,SPECTRUM,BE,SPECTRUM ELECTRIC IND LTD,Listed    ,02 SEP 2026,              10.00,          15713840,           2148.30,    33758042472.00  
02 SEP 2026,SPECTSTM,SM,SPECTRUM TALENT MGMT LTD ,Listed    ,02 SEP 2026,              10.00,          23093096,             58.45,     1349791461.20  
02 SEP 2026,SPELS,EQ,SPEL SEMICONDUCTOR LTD   ,Permitted ,02 SEP 2026,              10.00,          46117443,            148.70,     6856741425.25     
02 SEP 2026,SPENCERS,EQ,SPENCER S RETAIL LIMITED ,Listed    ,02 SEP 2026,               5.00,          90138789,             28.50,     2569856874.40  
02 SEP 2026,SPIC,EQ,SPIC LTD                 ,Listed    ,02 SEP 2026,              10.00,         203640336,             69.10,    14069510814.25      
02 SEP 2026,SPLIL,EQ,SPL INDUSTRIES LIMITED   ,Listed    ,02 SEP 2026,              10.00,          29000004,             31.45,      912050125.80     
02 SEP 2026,SPLPETRO,EQ,SUPREME PETROCHEM LIMITED,Listed    ,02 SEP 2026,               2.00,         188041342,            721.85,   135737642722.70  
02 SEP 2026,SPMLINFRA,EQ,SPML INFRA LIMITED       ,Listed    ,02 SEP 2026,               2.00,          83916179,            174.25,    14621555028.95 
02 SEP 2026,SPORTKING,EQ,SPORTKING INDIA LIMITED  ,Listed    ,02 SEP 2026,               1.00,         132872000,            225.75,    29994525280.00 
02 SEP 2026,SPPPOLY,SM,SPP POLYMER LIMITED      ,Listed    ,01 SEP 2026,              10.00,          15391160,             12.35,      190080826.00   
02 SEP 2026,SPRL,SM,SP REFRACTORIES LIMITED  ,Listed    ,28 AUG 2026,              10.00,           1789500,            102.50,      183423750.00      
02 SEP 2026,SPUNWEB,SM,SPUNWEB NONWOVEN LIMITED ,Listed    ,02 SEP 2026,              10.00,          24103409,            101.05,     2435649479.45   
02 SEP 2026,SRD,EQ,SHANKAR LAL RAMPAL LTD   ,Listed    ,02 SEP 2026,              10.00,          63966780,             38.65,     2471036711.40       
02 SEP 2026,SREEL,EQ,SREELEATHERS LIMITED     ,Listed    ,02 SEP 2026,              10.00,          23155012,            253.70,     5874426544.40     
02 SEP 2026,SRF,EQ,SRF LTD                  ,Listed    ,02 SEP 2026,              10.00,         296424825,           2598.40,   770230265280.00       
02 SEP 2026,SRGHFL,EQ,SRG HOUSING FINANCE L    ,Listed    ,02 SEP 2026,              10.00,          15706238,            246.85,     3877084850.30    
02 SEP 2026,SRHHYPOLTD,EQ,SREE RAYALSEEMA HHP LTD. ,Listed    ,02 SEP 2026,              10.00,          17164821,            498.20,     8551513822.20
02 SEP 2026,SRIKPRIND,EQ,SRI KPR INDUSTRIES LTD.  ,Permitted ,02 SEP 2026,              10.00,          20145695,             30.40,      612832041.90 
02 SEP 2026,SRIVASAVI,ST,SRIVASAVI ADHESIVE TAPE L,Listed    ,02 SEP 2026,              10.00,          14174166,             73.80,     1046053450.80 
02 SEP 2026,SRM,EQ,SRM CONTRACTORS LIMITED  ,Listed    ,02 SEP 2026,              10.00,          22944200,            458.30,    10515326860.00       
02 SEP 2026,SRTL,EQ,SHREE RAM TWISTEX LIMITED,Listed    ,02 SEP 2026,              10.00,          39975000,             37.00,     1478675250.00      
02 SEP 2026,SSDL,EQ,SARASWATI SAREE DEPOT LTD,Listed    ,02 SEP 2026,              10.00,          39599800,             56.05,     2218776794.00      
02 SEP 2026,SSEGL,SM,SATHLOKHAR SYN E&C GLOB L,Listed    ,02 SEP 2026,              10.00,          25978592,            406.35,    10556400859.20     
02 SEP 2026,SSFL,ST,SRIVARI SPICES N FOODS L ,Listed    ,02 SEP 2026,              10.00,           8570400,            253.00,     2168311200.00      
02 SEP 2026,SSWL,EQ,STEEL STRIPS WHEELS LTD. ,Listed    ,02 SEP 2026,               1.00,         157180425,            349.70,    54965994622.50      
02 SEP 2026,STALLION,BE,STALLION IND FLUOROCHEM L,Listed    ,02 SEP 2026,              10.00,         116085737,            212.45,    24662414825.65  
02 SEP 2026,STANLEY,EQ,STANLEY LIFESTYLES LTD   ,Listed    ,02 SEP 2026,               2.00,          57125663,            135.40,     7735386026.85   
02 SEP 2026,STAR,EQ,STRIDES PHARMA SCI LTD   ,Listed    ,02 SEP 2026,              10.00,          92172714,           1047.80,    96578569729.20      
02 SEP 2026,STARCEMENT,EQ,STAR CEMENT LIMITED      ,Listed    ,02 SEP 2026,               1.00,         412428997,            184.10,    75928178347.70
02 SEP 2026,STARHEALTH,EQ,STAR HEALTH & AL INS CO L,Listed    ,02 SEP 2026,              10.00,         588433502,            562.95,   331258639950.90
02 SEP 2026,STARPAPER,EQ,STAR PAPER MILLS LTD     ,Listed    ,02 SEP 2026,              10.00,          15608350,            147.15,     2296924786.00 
02 SEP 2026,STARTECK,EQ,STARTECK FINANCE LIMITED ,Listed    ,02 SEP 2026,              10.00,           9910330,            247.90,     2456770807.00  
02 SEP 2026,STCINDIA,EQ,THE STATE TRADING CORPN  ,Listed    ,02 SEP 2026,              10.00,          60000000,            112.95,     6778200000.00  
02 SEP 2026,STEELCAS,EQ,STEELCAST LIMITED        ,Listed    ,02 SEP 2026,               1.00,         101200000,            330.75,    33471900000.00  
02 SEP 2026,STEELCITY,EQ,STEEL CITY SECURITIES LTD,Listed    ,02 SEP 2026,              10.00,          15107095,             82.30,     1243464989.45 
02 SEP 2026,STEELXIND,EQ,STEEL EXCHANGE INDIA LTD ,Listed    ,02 SEP 2026,               1.00,        1275518412,             10.60,    13533250351.30 
02 SEP 2026,STEL,EQ,STEL HOLDINGS LIMITED    ,Listed    ,02 SEP 2026,              10.00,          18455405,            601.45,    11100003337.25      
02 SEP 2026,STERTOOLS,BE,STERLING TOOLS LIMITED   ,Listed    ,02 SEP 2026,               2.00,          36344426,            220.05,     7997954385.55 
02 SEP 2026,STLNETWORK,EQ,STL NETWORKS LIMITED     ,Listed    ,02 SEP 2026,               2.00,         488076500,             28.00,    13671022765.00
02 SEP 2026,STLSTRINF,EQ,STEEL STRIPS INFRA L     ,Permitted ,02 SEP 2026,              10.00,           8643000,             19.55,      169143510.00 
02 SEP 2026,STLTECH,BE,STERLITE TECHNOLOGIES LTD,Listed    ,02 SEP 2026,               2.00,         513911242,            714.35,   367112495722.70   
02 SEP 2026,STOVEKRAFT,EQ,STOVE KRAFT LIMITED      ,Listed    ,02 SEP 2026,              10.00,          33107321,            844.40,    27955821852.40
02 SEP 2026,STRIDERS,SM,STRIDERS IMPEX LIMITED   ,Listed    ,02 SEP 2026,              10.00,          18616880,             62.00,     1154246560.00  
02 SEP 2026,STUDDS,EQ,STUDDS ACCESSORIES LTD   ,Listed    ,02 SEP 2026,               5.00,          39353400,            433.40,    17055763560.00    
02 SEP 2026,STUDIOLSD,SM,STUDIO LSD LIMITED       ,Listed    ,02 SEP 2026,               2.00,          51891755,              9.25,      479998733.75 
02 SEP 2026,STYL,EQ,SESHAASAI TECHNOLOGIES L ,Listed    ,02 SEP 2026,              10.00,         161805826,            386.00,    62457048836.00      
02 SEP 2026,STYLAMIND,EQ,STYLAM INDUSTRIES LIMITED,Listed    ,02 SEP 2026,               5.00,          16948060,           3264.80,    55332026288.00 
02 SEP 2026,STYLEBAAZA,EQ,BAAZAR STYLE RETAIL LTD  ,Listed    ,02 SEP 2026,               5.00,          74617353,            395.45,    29507432243.85
02 SEP 2026,STYRENIX,EQ,STYRENIX PERFORMANCE LTD ,Listed    ,02 SEP 2026,              10.00,          17585625,           1990.80,    35009462250.00  
02 SEP 2026,SUBAHOTELS,SM,SUBA HOTELS LIMITED      ,Listed    ,02 SEP 2026,              10.00,          24242516,            102.35,     2481221512.60
02 SEP 2026,SUBEXLTD,EQ,SUBEX LTD                ,Listed    ,02 SEP 2026,               5.00,         562002935,             17.55,     9874391567.95  
02 SEP 2026,SUBROS,EQ,SUBROS LIMITED           ,Listed    ,02 SEP 2026,               2.00,          65235750,            706.80,    46108628100.00    
02 SEP 2026,SUDARCOLOR,EQ,SUDARSHAN COLORNT IND LTD,Listed    ,02 SEP 2026,              10.00,          23081798,            388.75,     8973048972.50
02 SEP 2026,SUDARSCHEM,EQ,SUDARSHAN CHEMICAL INDS L,Listed    ,02 SEP 2026,               2.00,          78627576,           1245.80,    97954234180.80
02 SEP 2026,SUDEEPPHRM,EQ,SUDEEP PHARMA LIMITED    ,Listed    ,02 SEP 2026,               1.00,         112948625,           1234.00,   139378603250.00
02 SEP 2026,SUKHJITS,EQ,SUKHJIT STARCH & CHEM LTD,Listed    ,02 SEP 2026,               5.00,          31244000,            157.75,     4928428560.00  
02 SEP 2026,SULA,EQ,SULA VINEYARDS LIMITED   ,Listed    ,02 SEP 2026,               2.00,          84447229,            148.35,    12528590894.45      
02 SEP 2026,SUMAX,ST,SUMAX ENGINEERING LIMITED,Listed    ,02 SEP 2026,              10.00,          19022700,            110.45,     2101057215.00     
02 SEP 2026,SUMEDHA,EQ,SUMEDHA FISCAL SERVICES L,Permitted ,02 SEP 2026,              10.00,           7984424,             39.05,      311951445.70   
02 SEP 2026,SUMEETINDS,EQ,SUMEET IND LIMITED       ,Listed    ,02 SEP 2026,               2.00,         694749898,             11.35,     7878463843.30
02 SEP 2026,SUMICHEM,EQ,SUMITOMO CHEM INDIA LTD  ,Listed    ,02 SEP 2026,              10.00,         499145736,            505.15,   252143468540.40  
02 SEP 2026,SUMIT,EQ,SUMIT WOODS LIMITED      ,Listed    ,02 SEP 2026,              10.00,          47858753,             50.70,     2425481602.05     
02 SEP 2026,SUMMITSEC,EQ,SUMMIT SECURITIES LTD    ,Listed    ,02 SEP 2026,              10.00,          10901781,           1413.30,    15407487087.30 
02 SEP 2026,SUNCLAY,EQ,SUNDARAM CLAYTON LIMITED ,Listed    ,02 SEP 2026,               5.00,          22046162,           1272.60,    28055945761.20   
02 SEP 2026,SUNDARAM,EQ,SUNDARAM MULTI PAP LTD   ,Listed    ,02 SEP 2026,               1.00,         473877773,              1.25,      582869660.80  
02 SEP 2026,SUNDARMFIN,EQ,SUNDARAM FINANCE LTD     ,Listed    ,02 SEP 2026,              10.00,         111103860,           4557.20,   506322510792.00
02 SEP 2026,SUNDRMBRAK,BE,SUNDARAMBRAKE LININGS LTD,Listed    ,02 SEP 2026,              10.00,           3934575,            748.00,     2943062100.00
02 SEP 2026,SUNDRMFAST,EQ,SUNDRAM FASTENERS LTD    ,Listed    ,02 SEP 2026,               1.00,         210128370,           1200.70,   252301133859.00
02 SEP 2026,SUNDROP,EQ,SUNDROP BRANDS LIMITED   ,Listed    ,02 SEP 2026,              10.00,          37696853,            653.80,    24646202491.40   
02 SEP 2026,SUNFLAG,EQ,SUNFLAG IRON AND STEEL CO,Listed    ,02 SEP 2026,              10.00,         180219448,            347.30,    62590214290.40   
02 SEP 2026,SUNLITE,SM,SUNLITE RECYCLING IND LTD,Listed    ,02 SEP 2026,              10.00,          13805848,            550.00,     7593216400.00   
02 SEP 2026,SUNLOC,EQ,SUNIL HEALTHCARE LTD.    ,Permitted ,02 SEP 2026,              10.00,          10254750,             79.60,      816073005.00    
02 SEP 2026,SUNPHARMA,EQ,SUN PHARMACEUTICAL IND L ,Listed    ,02 SEP 2026,               1.00,        2399334970,           1931.70,  4634795361549.00 
02 SEP 2026,SUNRAKSHAK,EQ,SUNRAKSHAKK INDUS IND L  ,Permitted ,02 SEP 2026,               2.00,          31006750,            371.55,    11520557962.50
02 SEP 2026,SUNREST,SM,SUNREST LIFESCIENCE LTD  ,Listed    ,02 SEP 2026,              10.00,          17164800,             35.00,      600768000.00   
02 SEP 2026,SUNSHIEL,EQ,SUNSHIELD CHEMICALS LTD. ,Permitted ,02 SEP 2026,              10.00,           8794836,           1150.00,    10114061400.00  
02 SEP 2026,SUNSHINE,EQ,SUNSHINE PICTURES LIMITED,Listed    ,02 SEP 2026,              10.00,          31148784,            445.80,    13886127907.20  
02 SEP 2026,SUNTECH,SM,SUNTECH INFRA SOLUTIONS L,Listed    ,02 SEP 2026,              10.00,          19362600,             43.85,      849050010.00   
02 SEP 2026,SUNTECK,EQ,SUNTECK REALTY LIMITED   ,Listed    ,02 SEP 2026,               1.00,         146842025,            295.50,    43391818387.50   
02 SEP 2026,SUNTV,EQ,SUN TV NETWORK LIMITED   ,Listed    ,02 SEP 2026,               5.00,         394084620,            460.60,   181515375972.00     
02 SEP 2026,SUPERHOUSE,EQ,SUPERHOUSE LIMITED       ,Listed    ,02 SEP 2026,              10.00,          11025000,            168.35,     1856279250.00
02 SEP 2026,SUPERSPIN,BE,SUPER SPINNING MILLS LTD ,Listed    ,02 SEP 2026,               1.00,          55000000,              6.50,      358050000.00 
02 SEP 2026,SUPRAJIT,EQ,SUPRAJIT ENGINEERING LTD ,Listed    ,02 SEP 2026,               1.00,         137171147,            501.30,    68763895991.10  
02 SEP 2026,SUPREME,EQ,SUPREME HOLDIN N HOSP I L,Listed    ,02 SEP 2026,              10.00,          38646853,             36.95,     1428387686.90   
02 SEP 2026,SUPREMEENG,BZ,SUPREME ENGINEERING LTD  ,Listed    ,02 SEP 2026,               1.00,         249950000,              2.95,      732353500.00
02 SEP 2026,SUPREMEIND,EQ,SUPREME INDUSTRIES LTD   ,Listed    ,02 SEP 2026,               2.00,         127026870,           3530.60,   448481067222.00
02 SEP 2026,SUPREMEINF,EQ,SUPREME INFRA. LTD.      ,Listed    ,02 SEP 2026,              10.00,          97502760,             84.60,     8250683551.20
02 SEP 2026,SUPREMEPWR,SM,SUPREME POWER EQUIPMENT L,Listed    ,02 SEP 2026,              10.00,          24991135,            214.75,     5366846241.25
02 SEP 2026,SUPRIYA,EQ,SUPRIYA LIFESCIENCE LTD  ,Listed    ,02 SEP 2026,               2.00,          80482800,            841.20,    67702131360.00   
02 SEP 2026,SUPTANERY,BE,SUPER TANNERY LTD.       ,Permitted ,02 SEP 2026,               1.00,         107973360,             14.65,     1583969191.20 
02 SEP 2026,SURAJEST,EQ,SURAJ ESTATE DEVELOPERS L,Listed    ,02 SEP 2026,               5.00,          47773388,            189.95,     9074077316.70  
02 SEP 2026,SURAJLTD,EQ,SURAJ LIMITED            ,Listed    ,02 SEP 2026,              10.00,          18364100,            204.15,     3749031015.00  
02 SEP 2026,SURAKSHA,EQ,SURAKSHA DIAGNOSTIC LTD  ,Listed    ,02 SEP 2026,               2.00,          52080758,            340.35,    17725685985.30  
02 SEP 2026,SURANASOL,EQ,SURANA SOLAR LIMITED     ,Listed    ,02 SEP 2026,               5.00,          49206600,             26.05,     1282816062.00 
02 SEP 2026,SURANAT&P,EQ,SURANA TELECOM AND POW LT,Listed    ,02 SEP 2026,               1.00,         135759963,             16.05,     2176232206.90 
02 SEP 2026,SURANI,SM,SURANI STEEL TUBES LTD.  ,Listed    ,02 SEP 2026,              10.00,          15548036,            103.10,     1603002511.60    
02 SEP 2026,SURYALA,EQ,SURYALATA SPINNING MILL L,Permitted ,02 SEP 2026,              10.00,           4267000,            414.95,     1770591650.00   
02 SEP 2026,SURYALAXMI,EQ,SURYALAKSHMI COT MIL LTD ,Listed    ,02 SEP 2026,              10.00,          18805290,             60.60,     1139600574.00
02 SEP 2026,SURYAROSNI,EQ,SURYA ROSHNI LTD         ,Listed    ,02 SEP 2026,               5.00,         217635896,            216.30,    47074644304.80
02 SEP 2026,SURYODAY,EQ,SURYODAY SMALL FIN BK LTD,Listed    ,02 SEP 2026,              10.00,         106289824,            151.80,    16135858181.45  
02 SEP 2026,SUTLEJTEX,BE,SUTLEJ TEXT & INDUS LTD  ,Listed    ,02 SEP 2026,               1.00,         163828620,             38.75,     6351635597.40 
02 SEP 2026,SUVEN,EQ,SUVEN LIFE SCIENCES LTD  ,Listed    ,02 SEP 2026,               1.00,         282562686,            372.85,   105353497475.10     
02 SEP 2026,SUVIDHAA,EQ,SUVIDHAA INFOSERVE LTD   ,Listed    ,02 SEP 2026,               1.00,         209806690,              2.10,      442692115.90  
02 SEP 2026,SUYOG,EQ,SUYOG TELEMATICS LIMITED ,Listed    ,02 SEP 2026,              10.00,          11717120,            731.35,     8569315712.00     
02 SEP 2026,SUZLON,EQ,SUZLON ENERGY LIMITED    ,Listed    ,02 SEP 2026,               2.00,       13742747864,             45.45,   624745317897.45    
02 SEP 2026,SVGLOBAL,EQ,S V GLOBAL MILL LTD.     ,Permitted ,02 SEP 2026,               5.00,          18082970,            120.00,     2170137229.70  
02 SEP 2026,SVLL,BE,SHREE VASU LOGISTICS LTD ,Listed    ,02 SEP 2026,              10.00,          11493700,            807.00,     9275415900.00      
02 SEP 2026,SVPGLOB,EQ,SVP GLOBAL TEXTILES LTD  ,Listed    ,02 SEP 2026,               1.00,         126500000,              3.60,      457930000.00   
02 SEP 2026,SWANCORP,EQ,SWAN CORP LIMITED        ,Listed    ,02 SEP 2026,               1.00,         313456886,            285.40,    89460595264.40  
02 SEP 2026,SWANDEF,BE,SWAN DEFENCE N HEVY IND L,Listed    ,02 SEP 2026,              10.00,          52682150,           2444.70,   128792052105.00   
02 SEP 2026,SWARAJ,BE,SWARAJ SUITING LIMITED   ,Listed    ,02 SEP 2026,              10.00,          26418260,            357.40,     9441886124.00    
02 SEP 2026,SWARAJENG,EQ,SWARAJ ENGINES LTD       ,Listed    ,02 SEP 2026,              10.00,          12149865,           3540.90,    43021456978.50 
02 SEP 2026,SWARNSAR,EQ,SWARNSARITA JEWELS IND L ,Permitted ,02 SEP 2026,              10.00,          20876800,             34.10,      712107648.00  
02 SEP 2026,SWASTIK,ST,SWASTIK PIPE LIMITED     ,Listed    ,02 SEP 2026,              10.00,          23231460,             20.00,      464629200.00   
02 SEP 2026,SWELECTES,EQ,SWELECT ENERGY SYS LTD   ,Listed    ,02 SEP 2026,              10.00,          15158760,            584.35,     8858021406.00 
02 SEP 2026,SWIGGY,EQ,SWIGGY LIMITED           ,Listed    ,02 SEP 2026,               1.00,        2760313555,            267.70,   738935938673.50    
02 SEP 2026,SWISSMLTRY,EQ,SWISS MILITARY CON GOOD L,Permitted ,02 SEP 2026,               2.00,         236138290,             15.90,     3752237428.10
02 SEP 2026,SWSOLAR,EQ,STRLNG & WIL REN ENE LTD ,Listed    ,02 SEP 2026,               1.00,         233531720,            187.15,    43707796715.20   
02 SEP 2026,SYLVANPLY,SM,SYLVAN PLYBOARD (INDIA) L,Listed    ,01 SEP 2026,              10.00,          19374830,             53.05,     1027834731.50 
02 SEP 2026,SYMBIOTEC,EQ,SYMBIOTEC PHARMALAB LTD  ,Listed    ,02 SEP 2026,               2.00,          64256112,           1092.80,    70219079193.60 
02 SEP 2026,SYMPHONY,EQ,SYMPHONY LIMITED         ,Listed    ,02 SEP 2026,               2.00,          68671400,            567.75,    38988187350.00  
02 SEP 2026,SYNCOMF,EQ,SYNCOM FORMU (I) LTD     ,Listed    ,02 SEP 2026,               1.00,         940000000,             21.40,    20106600000.00   
02 SEP 2026,SYNGENE,EQ,SYNGENE INTERNATIONAL LTD,Listed    ,02 SEP 2026,              10.00,         403669147,            398.60,   160902521994.20   
02 SEP 2026,SYNOPTICS,ST,SYNOPTICS TECHNOLOGIES L ,Listed    ,02 SEP 2026,              10.00,           8480000,             49.45,      419336000.00 
02 SEP 2026,SYRMA,EQ,SYRMA SGS TECHNOLOGY LTD ,Listed    ,02 SEP 2026,              10.00,         192830485,           1434.00,   276518915490.00     
02 SEP 2026,SYSTANGO,SM,SYSTANGO TECHNOLOGIES LTD,Listed    ,02 SEP 2026,              10.00,          14668800,            232.25,     3406828800.00  
02 SEP 2026,SYSTMTXC,BE,SYSTEMATIX CORP SERVICE L,Listed    ,02 SEP 2026,               1.00,         136538010,             56.80,     7758089728.20  
02 SEP 2026,TAALTECH,EQ,TAAL TECH LTD.           ,Permitted ,02 SEP 2026,              10.00,           3116342,           4399.60,    13710658263.20  
02 SEP 2026,TAC,ST,TAC INFOSEC LIMITED      ,Listed    ,02 SEP 2026,              10.00,          21026240,            427.00,     8978204480.00       
02 SEP 2026,TAINWALCHM,EQ,TAINWALA CHEMICAL AND PLA,Listed    ,02 SEP 2026,              10.00,           9363863,            207.50,     1942814295.25
02 SEP 2026,TAJGVK,EQ,TAJ GVK HOTELS & RESORTS ,Listed    ,02 SEP 2026,               2.00,          62701495,            343.45,    21534828457.75    
02 SEP 2026,TAKE,EQ,TAKE LIMITED             ,Listed    ,02 SEP 2026,               1.00,         147934000,             13.85,     2050365240.00      
02 SEP 2026,TALBROAUTO,EQ,TALBROS AUTO. COMP. LTD  ,Listed    ,02 SEP 2026,               2.00,          61728150,            407.40,    25148048310.00
02 SEP 2026,TAMBOLIIN,BE,TAMBOLI INDUSTRIES LTD.  ,Permitted ,02 SEP 2026,              10.00,           9920000,            253.00,     2509760000.00 
02 SEP 2026,TANAA,EQ,TANEJA AEROSPACE & AVIA L,Permitted ,02 SEP 2026,               5.00,          25500536,            281.50,     7178400884.00     
02 SEP 2026,TANKUP,ST,TANKUP ENGINEERS LIMITED ,Listed    ,02 SEP 2026,              10.00,           5295000,           1576.85,     8349420750.00    
02 SEP 2026,TANLA,EQ,TANLA PLATFORMS LIMITED  ,Listed    ,02 SEP 2026,               1.00,         132617359,            527.85,    70002072948.15     
02 SEP 2026,TAPIFRUIT,SM,TAPI FRUIT PROCESSING LTD,Listed    ,02 SEP 2026,              10.00,           4300500,             49.00,      210724500.00 
02 SEP 2026,TARACHAND,EQ,TARA CHAND INFRA SOLN LTD,Listed    ,02 SEP 2026,               2.00,          78824900,             47.65,     3754429987.00 
02 SEP 2026,TARAPUR,EQ,TARAPUR TRANSFORMERS LTD ,Listed    ,02 SEP 2026,              10.00,          19500011,             13.05,      254280143.45   
02 SEP 2026,TARC,EQ,TARC LIMITED             ,Listed    ,02 SEP 2026,               2.00,         295096335,            121.30,    35792234472.15      
02 SEP 2026,TARIL,EQ,TRANS & RECTI. LTD       ,Listed    ,02 SEP 2026,               1.00,         300165834,            302.00,    90650081868.00     
02 SEP 2026,TARMAT,EQ,TARMAT LIMITED           ,Listed    ,02 SEP 2026,              10.00,          25064255,             62.80,     1573533928.90    
02 SEP 2026,TARSONS,EQ,TARSONS PRODUCTS LIMITED ,Listed    ,02 SEP 2026,               2.00,          53206281,            345.35,    18374789143.35   
02 SEP 2026,TASTYBITE,EQ,TASTY BITE EATABLES LTD  ,Listed    ,02 SEP 2026,              10.00,           2566000,          10008.00,    25680528000.00 
02 SEP 2026,TATACAP,EQ,TATA CAPITAL LIMITED     ,Listed    ,02 SEP 2026,              10.00,        4244869037,            364.75,  1548315981245.75   
02 SEP 2026,TATACHEM,EQ,TATA CHEMICALS LTD       ,Listed    ,02 SEP 2026,              10.00,         254756278,            633.95,   161502742438.10  
02 SEP 2026,TATACOMM,EQ,TATA COMMUNICATIONS LTD  ,Listed    ,02 SEP 2026,              10.00,         285000000,           1710.00,   487350000000.00  
02 SEP 2026,TATACONSUM,EQ,TATA CONSUMER PRODUCT LTD,Listed    ,02 SEP 2026,               1.00,         989645268,           1012.00,  1001521011216.00
02 SEP 2026,TATAELXSI,EQ,TATA ELXSI LIMITED       ,Listed    ,02 SEP 2026,              10.00,          62297064,           3609.00,   224830103976.00 
02 SEP 2026,TATAINVEST,EQ,TATA INVESTMENT CORP LTD ,Listed    ,02 SEP 2026,               1.00,         505952960,            628.10,   317789054176.00
02 SEP 2026,TATAPOWER,EQ,TATA POWER CO LTD        ,Listed    ,02 SEP 2026,               1.00,        3195339547,            364.00,  1163103595108.00 
02 SEP 2026,TATASTEEL,EQ,TATA STEEL LIMITED       ,Listed    ,02 SEP 2026,               1.00,       12483527171,            183.85,  2295096470388.35 
02 SEP 2026,TATATECH,EQ,TATA TECHNOLOGIES LIMITED,Listed    ,02 SEP 2026,               2.00,         406051830,            813.25,   330221650747.50  
02 SEP 2026,TATVA,EQ,TATVA CHIN PHARM CHEM LTD,Listed    ,02 SEP 2026,              10.00,          23392055,           1616.90,    37822613729.50     
02 SEP 2026,TAURIAN,ST,TAURIAN MPS LIMITED      ,Listed    ,02 SEP 2026,              10.00,           8883200,            509.60,     4526878720.00   
02 SEP 2026,TBI,SM,TBI CORN LIMITED         ,Listed    ,02 SEP 2026,              10.00,          18158405,             71.15,     1291970515.75       
02 SEP 2026,TBOTEK,EQ,TBO TEK LIMITED          ,Listed    ,02 SEP 2026,               1.00,         108587787,           1700.00,   184599237900.00    
02 SEP 2026,TBZ,EQ,TRIB BHIMJI ZAVERI LTD   ,Listed    ,02 SEP 2026,              10.00,          66730620,            418.25,    27910081815.00       
02 SEP 2026,TCC,EQ,TCC CONCEPT LIMITED      ,Listed    ,02 SEP 2026,              10.00,          47528061,            233.30,    11088771911.90       
02 SEP 2026,TCI,EQ,TRANSPORT CORPN OF INDIA ,Listed    ,02 SEP 2026,               2.00,          76743797,            869.10,    66698033972.70       
02 SEP 2026,TCIEXP,EQ,TCI EXPRESS LIMITED      ,Listed    ,02 SEP 2026,               2.00,          38418990,            544.35,    20913377206.50    
02 SEP 2026,TCIFINANCE,BE,TCIFINANCELTD-ROLL SETT  ,Listed    ,02 SEP 2026,              10.00,          12872493,             15.20,      195661893.60
02 SEP 2026,TCL,SM,THAAI CASTING LIMITED    ,Listed    ,02 SEP 2026,              10.00,          24341437,            125.70,     3059718630.90       
02 SEP 2026,TCPLPACK,EQ,TCPL PACKAGING LIMITED   ,Listed    ,02 SEP 2026,              10.00,           9100000,           4000.30,    36402730000.00  
02 SEP 2026,TCS,EQ,TATA CONSULTANCY SERV LT ,Listed    ,02 SEP 2026,               1.00,        3618087518,           2348.00,  8495269492264.00       
02 SEP 2026,TDPOWERSYS,EQ,TD POWER SYSTEMS LTD.    ,Listed    ,02 SEP 2026,               1.00,         312456860,            735.05,   229671414943.00
02 SEP 2026,TEAMGTY,EQ,TEAM INDIA GUARANTY LTD  ,Listed    ,02 SEP 2026,              10.00,           8993149,            244.45,     2198285341.55   
02 SEP 2026,TEAMLEASE,EQ,TEAMLEASE SERVICES LTD.  ,Listed    ,02 SEP 2026,              10.00,          15281400,           1252.70,    19143009780.00 
02 SEP 2026,TEAMTECH,ST,TEAMTECH FORMWORK SOL LTD,Listed    ,02 SEP 2026,               5.00,          29976000,            141.00,     4226616000.00  
02 SEP 2026,TECHD,SM,TECHD CYBERSECURITY LTD  ,Listed    ,02 SEP 2026,              10.00,           7479733,            535.70,     4006892968.10     
02 SEP 2026,TECHERA,SM,TECHERA ENGINEER (IND) L ,Listed    ,02 SEP 2026,              10.00,          16520925,            166.95,     2758168428.75   
02 SEP 2026,TECHLABS,SM,TRIDENT TECHLABS LIMITED ,Listed    ,02 SEP 2026,              10.00,          17281064,            117.65,     2033117179.60  
02 SEP 2026,TECHM,EQ,TECH MAHINDRA LIMITED    ,Listed    ,02 SEP 2026,               5.00,         980057958,           1623.00,  1590634065834.00     
02 SEP 2026,TECHNOCRAF,EQ,TECHNOCRAFT VENTURES LTD ,Listed    ,02 SEP 2026,              10.00,          39606200,            376.10,    14895891820.00
02 SEP 2026,TECHNOE,EQ,TECHNO ELEC & ENG CO. LTD,Listed    ,02 SEP 2026,               2.00,         116299574,            969.95,   112804771801.30   
02 SEP 2026,TECHNVISN,EQ,TECHNVISION VENTURES LTD.,Permitted ,02 SEP 2026,              10.00,           6275000,           5112.00,    32077800000.00 
02 SEP 2026,TECILCHEM,EQ,TECIL CHEMICALS          ,Listed    ,02 SEP 2026,              10.00,          18963700,              9.90,      187550993.00 
02 SEP 2026,TEGA,EQ,TEGA INDUSTRIES LIMITED  ,Listed    ,02 SEP 2026,              10.00,          75127698,           1539.70,   115674116610.60      
02 SEP 2026,TEJA,SM,TEJA ENGINEERING IND L   ,Listed    ,02 SEP 2026,              10.00,           6417300,            238.05,     1527638265.00      
02 SEP 2026,TEJASCARGO,SM,TEJAS CARGO INDIA LIMITED,Listed    ,02 SEP 2026,              10.00,          23892840,            405.00,     9676600200.00
02 SEP 2026,TEJASNET,EQ,TEJAS NETWORKS LIMITED   ,Listed    ,02 SEP 2026,              10.00,         177850940,            548.85,    97613488419.00  
02 SEP 2026,TEMBO,EQ,TEMBO GLOBAL IND LTD     ,Listed    ,02 SEP 2026,               1.00,         185451980,             56.65,    10509563706.60     
02 SEP 2026,TEMPSENS,EQ,TEMPSENS INST (INDIA) LTD,Listed    ,02 SEP 2026,               4.00,          83832691,            566.30,    47474452913.30  
02 SEP 2026,TENNIND,EQ,TENNECO CLEAN AIR INDIA L,Listed    ,02 SEP 2026,              10.00,         403604309,            519.80,   209793519818.20   
02 SEP 2026,TERAI,EQ,TERAI TEA CO. LTD.       ,Permitted ,02 SEP 2026,              10.00,           6879300,            134.00,      921688614.00     
02 SEP 2026,TERASOFT,EQ,TERA SOFTWARE LIMITED    ,Listed    ,02 SEP 2026,              10.00,          12511875,            290.55,     3635325281.25  
02 SEP 2026,TEXINFRA,EQ,TEXMACO INFRA & HOLDG LTD,Listed    ,02 SEP 2026,               1.00,         127426590,            113.95,    14521534196.40  
02 SEP 2026,TEXMOPIPES,EQ,TEXMO PIPE & PRODUCTS LTD,Listed    ,02 SEP 2026,              10.00,          29195000,             45.65,     1333335650.00
02 SEP 2026,TEXRAIL,EQ,TEXMACO RAIL & ENG. LTD. ,Listed    ,02 SEP 2026,               1.00,         406864572,            113.65,    46240158607.80   
02 SEP 2026,TFCILTD,EQ,TOURISM FINANCE CORP. OF ,Listed    ,02 SEP 2026,               2.00,         462977240,            146.15,    67659493853.60   
02 SEP 2026,TFL,EQ,TRANSWARRANTY FIN. LTD.  ,Listed    ,02 SEP 2026,              10.00,          55116194,             12.45,      685645453.35       
02 SEP 2026,TGBHOTELS,EQ,TGB BANQUETS&HOTELS LTD  ,Listed    ,02 SEP 2026,              10.00,          29286400,              9.65,      283199488.00 
02 SEP 2026,TGL,ST,TEERTH GOPICON LIMITED   ,Listed    ,02 SEP 2026,              10.00,          11999600,             18.75,      224992500.00       
02 SEP 2026,TGVSL,EQ,T G V SRAAC LTD.         ,Permitted ,02 SEP 2026,              10.00,         107089800,            103.35,    11067730830.00     
02 SEP 2026,THACKER,BE,THACKER & CO. LTD.       ,Permitted ,02 SEP 2026,               1.00,           1087719,           1000.00,     1087719000.00   
02 SEP 2026,THAKDEV,EQ,THAKKERS DEVELOPERS LTD. ,Permitted ,02 SEP 2026,              10.00,           9000000,            138.10,     1242810000.00   
02 SEP 2026,THANGAMAYL,EQ,THANGAMAYIL JEWELLERY LTD,Listed    ,02 SEP 2026,              10.00,          31082021,           5238.00,   162807625998.00
02 SEP 2026,THEINVEST,EQ,THE INVEST TRUST OF IND L,Listed    ,02 SEP 2026,              10.00,          52242217,             94.60,     4942113728.20 
02 SEP 2026,THEJO,EQ,THEJO ENGINEERING LIMITED,Listed    ,02 SEP 2026,              10.00,          10847454,           2098.70,    22765551709.80     
02 SEP 2026,THELEELA,EQ,LEELA PALACES HOTEL LTD  ,Listed    ,02 SEP 2026,              10.00,         333957878,            569.90,   190322594672.20  
02 SEP 2026,THEMISMED,EQ,THEMIS MEDICARE LTD.     ,Listed    ,02 SEP 2026,               1.00,          92100120,            124.15,    11434229898.00 
02 SEP 2026,THERMAX,EQ,THERMAX LTD              ,Listed    ,02 SEP 2026,               2.00,         119156300,           3752.50,   447134015750.00   
02 SEP 2026,THESL,ST,THINKING HATS ENTER SOL L,Listed    ,02 SEP 2026,              10.00,          12487150,             17.00,      212281550.00     
02 SEP 2026,THOMASCOOK,EQ,THOMAS COOK (INDIA) LTD  ,Listed    ,02 SEP 2026,               1.00,         470380562,            106.10,    49902673822.60
02 SEP 2026,THOMASCOTT,EQ,THOMAS SCOTT (INDIA) LTD ,Listed    ,02 SEP 2026,              10.00,          14670380,            267.05,     3917724979.00
02 SEP 2026,THYROCARE,EQ,THYROCARE TECH LTD       ,Listed    ,02 SEP 2026,              10.00,         159165315,            576.75,    91798595426.25 
02 SEP 2026,TI,EQ,TILAKNAGAR INDUSTRIES LTD,Listed    ,02 SEP 2026,              10.00,         247473875,            552.35,   136692194856.25        
02 SEP 2026,TICL,BE,TWAMEV CONS AND INFRA LTD,Listed    ,02 SEP 2026,               1.00,         155000000,              8.25,     1275650000.00      
02 SEP 2026,TIGERLOGS,EQ,TIGER LOGISTICS (INDIA) L,Listed    ,02 SEP 2026,               1.00,         105725000,             28.25,     2986731250.00 
02 SEP 2026,TIIL,EQ,TECHNOCRAFT IND LTD      ,Listed    ,02 SEP 2026,              10.00,          22672798,           3262.00,    73958667076.00      
02 SEP 2026,TIINDIA,EQ,TUBE INVEST OF INDIA LTD ,Listed    ,02 SEP 2026,               1.00,         193562289,           2720.00,   526489426080.00   
02 SEP 2026,TIJARIA,EQ,TIJARIA POLYPIPES LTD    ,Listed    ,02 SEP 2026,              10.00,          28626579,              7.60,      216989468.80   
02 SEP 2026,TIL,BE,TIL LTD                  ,Listed    ,02 SEP 2026,              10.00,          80091402,            233.35,    18688527742.70       
02 SEP 2026,TIMESCAN,SM,TIMESCAN LOGISTICS IND L ,Listed    ,27 AUG 2026,              10.00,           6988000,             39.50,      276026000.00  
02 SEP 2026,TIMETECHNO,EQ,TIME TECHNOPLAST LTD.    ,Listed    ,02 SEP 2026,               1.00,         493635379,            188.00,    92813323959.60
02 SEP 2026,TIMEX,EQ,TIMEX GROUP INDIA LTD.   ,Permitted ,02 SEP 2026,               1.00,         100950000,            643.15,    64925992500.00     
02 SEP 2026,TIMKEN,EQ,TIMKEN INDIA LTD.        ,Listed    ,02 SEP 2026,              10.00,          75218734,           3134.50,   235773121723.00    
02 SEP 2026,TINNARUBR,EQ,TINNA RUBBER AND INFR LTD,Listed    ,02 SEP 2026,              10.00,          18015757,           1020.05,    18376972927.85 
02 SEP 2026,TIPSFILMS,EQ,TIPS FILMS LIMITED       ,Listed    ,02 SEP 2026,              10.00,           4322886,            330.45,     1428497678.70 
02 SEP 2026,TIPSMUSIC,EQ,TIPS MUSIC LIMITED       ,Listed    ,02 SEP 2026,               1.00,         128426590,            631.45,    81094970255.50 
02 SEP 2026,TIRUMALCHM,EQ,THIRUMALAI CHEMICALS LTD ,Listed    ,02 SEP 2026,               1.00,         120552774,            159.80,    19266744340.70
02 SEP 2026,TIRUPATI,SM,SHREE TIRUPATI BALAJEE   ,Listed    ,02 SEP 2026,              10.00,          10130040,            310.00,     3140312400.00  
02 SEP 2026,TIRUPATIFL,BE,TIRUPATI FORGE LIMITED   ,Listed    ,02 SEP 2026,               2.00,         129190000,             66.35,     8569172700.00
02 SEP 2026,TITAGARH,EQ,TITAGARH RAIL SYSTEMS LTD,Listed    ,02 SEP 2026,               2.00,         134673768,            824.95,   111099124911.60  
02 SEP 2026,TITAN,EQ,TITAN COMPANY LIMITED    ,Listed    ,02 SEP 2026,               1.00,         887786160,           5074.00,  4504626975840.00     
02 SEP 2026,TMB,EQ,TAMILNAD MERCA BANK LTD  ,Listed    ,02 SEP 2026,              10.00,         158351454,            906.60,   143561428196.40       
02 SEP 2026,TMCV,EQ,TATA MOTORS LIMITED      ,Listed    ,02 SEP 2026,               2.00,        3682488958,            447.45,  1647729684257.10      
02 SEP 2026,TMPV,EQ,TATA MOTORS PASS VEH LTD ,Listed    ,02 SEP 2026,               2.00,        3682830911,            312.75,  1151805367415.25      
02 SEP 2026,TNPETRO,EQ,TAMILNADU PETROPRODUCTS L,Listed    ,02 SEP 2026,              10.00,          89971474,            133.75,    12031885218.00   
02 SEP 2026,TNPL,EQ,TAMILNADU NEWSPRT & PAPER,Listed    ,02 SEP 2026,              10.00,          69210600,            145.70,    10083292314.00      
02 SEP 2026,TNTELE,EQ,TAMILNADU TELECOMMUNICATI,Listed    ,02 SEP 2026,              10.00,          45671400,              9.00,      411042600.00    
02 SEP 2026,TOKYOPLAST,EQ,TOKYO PLAST INTL LTD     ,Listed    ,02 SEP 2026,              10.00,           9501400,             77.00,      731607800.00
02 SEP 2026,TOLINS,EQ,TOLINS TYRES LIMITED     ,Listed    ,02 SEP 2026,               5.00,          39508831,             91.90,     3631256657.20    
02 SEP 2026,TORNTPHARM,EQ,TORRENT PHARMACEUTICALS L,Listed    ,02 SEP 2026,               5.00,         380367855,           5012.00,  1906403689260.00
02 SEP 2026,TORNTPOWER,EQ,TORRENT POWER LTD        ,Listed    ,02 SEP 2026,              10.00,         503903543,           1248.90,   629325134852.70
02 SEP 2026,TOTAL,EQ,TOTAL TRANSPORT SYS LTD  ,Listed    ,02 SEP 2026,              10.00,          16126973,             69.05,     1113728755.40     
02 SEP 2026,TOUCHWOOD,EQ,TOUCHWOOD ENTERTAIN LTD. ,Listed    ,02 SEP 2026,              10.00,          11081245,             58.15,      644152771.85 
02 SEP 2026,TOYAMSL,EQ,TOYAM SPORTS LTD.        ,Permitted ,02 SEP 2026,               1.00,         577815000,              0.65,      364023450.00   
02 SEP 2026,TPHQ,BE,TEAMO PRODUCTIONS HQ LTD ,Listed    ,02 SEP 2026,               1.00,        1096219600,              0.55,      624845172.00      
02 SEP 2026,TPLPLASTEH,EQ,TPL PLASTECH LIMITED     ,Listed    ,02 SEP 2026,               2.00,          78003000,             71.05,     5541333120.00
02 SEP 2026,TRACXN,EQ,TRACXN TECHNOLOGIES LTD  ,Listed    ,02 SEP 2026,               1.00,         106896447,             30.00,     3209031338.95    
02 SEP 2026,TRANSCOR,EQ,TRANSCORP INTERNATIONAL L,Permitted ,02 SEP 2026,               2.00,          32013744,             24.90,      797782500.50  
02 SEP 2026,TRANSPEK,BE,TRANSPEK INDUSTRIES LTD  ,Permitted ,02 SEP 2026,              10.00,           5585569,           1384.90,     7735454508.10  
02 SEP 2026,TRANSRAILL,EQ,TRANSRAIL LIGHTING LTD   ,Listed    ,02 SEP 2026,               2.00,         134256025,            427.15,    57347461078.75
02 SEP 2026,TRANSTEEL,SM,TRANSTEEL SEATING TECH L ,Listed    ,02 SEP 2026,              10.00,          22440010,             75.20,     1687488752.00 
02 SEP 2026,TRANSWIND,SM,TRANSWIND INFRA LIMITED  ,Listed    ,27 AUG 2026,              10.00,           7649000,             11.30,       86433700.00 
02 SEP 2026,TRANSWORLD,BE,TRANSWORLD SHIP LINES LTD,Listed    ,02 SEP 2026,              10.00,          21957533,            166.35,     3652635614.55
02 SEP 2026,TRAVELFOOD,EQ,TRAVEL FOOD SERVICES LTD ,Listed    ,02 SEP 2026,               1.00,         131679484,           1273.50,   167693822874.00
02 SEP 2026,TREEHOUSE,EQ,TREE HOUSE EDU LTD       ,Listed    ,02 SEP 2026,              10.00,          42310724,              6.10,      258941630.90 
02 SEP 2026,TREJHARA,EQ,TREJHARA SOLUTIONS LTD   ,Listed    ,02 SEP 2026,              10.00,          24116754,            144.80,     3491623644.10  
02 SEP 2026,TREL,EQ,TRANSINDIA REAL ESTATE L ,Listed    ,02 SEP 2026,               2.00,         245695524,             26.95,     6623951327.05      
02 SEP 2026,TRENT,EQ,TRENT LTD                ,Listed    ,02 SEP 2026,               1.00,         533251981,           2852.30,  1520994625406.30     
02 SEP 2026,TRF,EQ,TRF LIMITED              ,Listed    ,02 SEP 2026,              10.00,          11004412,            223.65,     2461026699.70       
02 SEP 2026,TRIDENT,EQ,TRIDENT LIMITED          ,Listed    ,02 SEP 2026,               1.00,        5095955670,             24.05,   122608693420.20   
02 SEP 2026,TRIDHYA,ST,TRIDHYA TECH LIMITED     ,Listed    ,02 SEP 2026,              10.00,          23288000,              7.55,      175824400.00   
02 SEP 2026,TRIGYN,EQ,TRIGYN TECHNOLOGIES LTD  ,Listed    ,02 SEP 2026,              10.00,          30785736,             59.35,     1827441288.95    
02 SEP 2026,TRITONV,EQ,TRITON VALVES LTD.       ,Permitted ,02 SEP 2026,              10.00,           5122108,           1124.40,     5759298235.20   
02 SEP 2026,TRITURBINE,EQ,TRIVENI TURBINE LIMITED  ,Listed    ,02 SEP 2026,               1.00,         317894979,            565.20,   179674242130.80
02 SEP 2026,TRIVENI,EQ,TRIVENI ENGG. & INDS. LTD,Listed    ,02 SEP 2026,               1.00,         218897968,            282.60,    61860565756.80   
02 SEP 2026,TROM,SM,TROM INDUSTRIES LIMITED  ,Listed    ,02 SEP 2026,              10.00,           9194866,             58.00,      533302228.00      
02 SEP 2026,TRU,EQ,TRUCAP FINANCE LIMITED   ,Listed    ,02 SEP 2026,               2.00,         118861871,              4.05,      483767814.95       
02 SEP 2026,TRUALT,EQ,TRUALT BIOENERGY LIMITED ,Listed    ,02 SEP 2026,              10.00,          85752591,            428.85,    36774998650.35    
02 SEP 2026,TRUST,SM,TRUST FINTECH LIMITED    ,Listed    ,02 SEP 2026,              10.00,          23825200,             32.85,      782657820.00     
02 SEP 2026,TSC,ST,TSC INDIA LIMITED        ,Listed    ,02 SEP 2026,              10.00,          14518933,             41.05,      596002199.65       
02 SEP 2026,TSFINV,EQ,TSF INVESTMENTS LIMITED  ,Listed    ,02 SEP 2026,               5.00,         222103860,            403.15,    89541171159.00    
02 SEP 2026,TTKHLTCARE,EQ,TTK HEALTHCARE LIMITED   ,Listed    ,02 SEP 2026,              10.00,          14130333,           1131.50,    15988471789.50
02 SEP 2026,TTKPRESTIG,EQ,TTK PRESTIGE LTD         ,Listed    ,02 SEP 2026,               1.00,         136950984,            586.25,    80287514370.00
02 SEP 2026,TTL,EQ,T T LIMITED              ,Listed    ,02 SEP 2026,               1.00,         258310944,              6.75,     1743598872.00       
02 SEP 2026,TTML,EQ,TATA TELESERV(MAHARASTRA),Listed    ,02 SEP 2026,              10.00,        1954927727,             38.00,    74287253626.00      
02 SEP 2026,TUNWAL,SM,TUNWAL E-MOTORS LIMITED  ,Listed    ,02 SEP 2026,               2.00,          57692384,             25.10,     1448078838.40    
02 SEP 2026,TURTLEMINT,EQ,TURTLEMINT FINTECH SOLS L,Listed    ,02 SEP 2026,               1.00,         294478906,            144.10,    42428520776.50
02 SEP 2026,TUTIALKA,EQ,TUTICORIN ALKAL CH & FE L,Permitted ,02 SEP 2026,              10.00,         121835830,             61.55,     7498995336.50  
02 SEP 2026,TVSELECT,EQ,TVS ELECTRONICS LTD      ,Listed    ,02 SEP 2026,              10.00,          18650318,            420.75,     7847121298.50  
02 SEP 2026,TVSHLTD,EQ,TVS HOLDINGS LIMITED     ,Listed    ,02 SEP 2026,               5.00,          20232104,          13045.00,   263927796680.00   
02 SEP 2026,TVSINVIT,IV,TVS INFRASTRUCTURE TRUST ,Listed    ,25 AUG 2026,             100.00,         197200000,            119.00,    23466800000.00  
02 SEP 2026,TVSMOTOR,EQ,TVS MOTOR COMPANY  LTD   ,Listed    ,02 SEP 2026,               1.00,         475087114,           4200.00,  1995365878800.00  
02 SEP 2026,TVSSCS,EQ,TVS SUPPLY CHAIN SOL L   ,Listed    ,02 SEP 2026,               1.00,         441180027,            124.40,    54878383558.55    
02 SEP 2026,TVSSRICHAK,EQ,TVS SRICHAKRA LIMITED    ,Listed    ,02 SEP 2026,              10.00,           7657050,           5426.00,    41547153300.00
02 SEP 2026,TVTODAY,EQ,TV TODAY NETWORK LTD     ,Listed    ,02 SEP 2026,               5.00,          59668615,            112.10,     6690045113.80   
02 SEP 2026,TVVISION,BE,TV VISION LIMITED        ,Listed    ,02 SEP 2026,              10.00,          38744500,              3.30,      128244295.00  
02 SEP 2026,UBL,EQ,UNITED BREWERIES LTD     ,Listed    ,02 SEP 2026,               1.00,         264405149,           1282.60,   339126044107.40       
02 SEP 2026,UCAL,BE,UCAL LIMITED             ,Listed    ,02 SEP 2026,              10.00,          22113625,            148.10,     3275248998.75      
02 SEP 2026,UCL,ST,USHANTI COLOUR CHEM LTD  ,Listed    ,24 AUG 2026,              10.00,          13886700,            254.80,     3538331160.00       
02 SEP 2026,UCOBANK,EQ,UCO BANK                 ,Listed    ,02 SEP 2026,              10.00,       12539558979,             24.40,   305839843497.80   
02 SEP 2026,UDAYJEW,EQ,UDAY JEWELLERY INDS. LTD.,Permitted ,02 SEP 2026,              10.00,          33602925,            133.30,     4479605931.75   
02 SEP 2026,UDS,EQ,UPDATER SERVICES LIMITED ,Listed    ,02 SEP 2026,              10.00,          66953241,            231.45,    15495658097.05       
02 SEP 2026,UEL,EQ,UJAAS ENERGY LIMITED     ,Listed    ,02 SEP 2026,               1.00,         333397890,            219.15,    73064147593.50       
02 SEP 2026,UFBL,BE,UNITED FOODBRANDS LIMITED,Listed    ,02 SEP 2026,               5.00,          39086387,            727.25,    28425574945.75      
02 SEP 2026,UFLEX,EQ,UFLEX LIMITED            ,Listed    ,02 SEP 2026,              10.00,          72211486,            701.80,    50678020874.80     
02 SEP 2026,UFO,EQ,UFO MOVIEZ INDIA LTD.    ,Listed    ,02 SEP 2026,              10.00,          38814757,             65.40,     2537708812.65       
02 SEP 2026,UGARSUGAR,EQ,THE UGAR SUGAR WORKS LTD ,Listed    ,02 SEP 2026,               1.00,         112500000,             55.00,     6188625000.00 
02 SEP 2026,UGROCAP,EQ,UGRO CAPITAL LIMITED     ,Listed    ,02 SEP 2026,              10.00,         155288323,             85.10,    13215036287.30   
02 SEP 2026,UHTL,ST,UNITED HEAT TRANSFER LTD ,Listed    ,02 SEP 2026,              10.00,          19004000,            152.30,     2894309200.00      
02 SEP 2026,UJJIVANSFB,EQ,UJJIVAN SMALL FINANC BANK,Listed    ,02 SEP 2026,              10.00,        1945255791,             63.65,   123796078539.25
02 SEP 2026,ULTRACEMCO,EQ,ULTRATECH CEMENT LIMITED ,Listed    ,02 SEP 2026,              10.00,         294679171,          11393.00,  3357279795203.00
02 SEP 2026,ULTRAMAR,EQ,ULTRAMARINE & PIGMENTS L ,Permitted ,02 SEP 2026,               2.00,          29200000,            441.35,    12887420000.00  
02 SEP 2026,UMA,SM,UMA CONVERTER LIMITED    ,Listed    ,02 SEP 2026,              10.00,          20274286,             17.55,      355813719.30       
02 SEP 2026,UMAEXPORTS,BE,UMA EXPORTS LIMITED      ,Listed    ,02 SEP 2026,              10.00,          33809830,             24.95,      843217160.20
02 SEP 2026,UMESLTD,EQ,USHA MARTIN EDU & SOL LTD,Listed    ,02 SEP 2026,               1.00,          26415811,              4.90,      128909157.70   
02 SEP 2026,UMIYA-MRO,EQ,UMIYA BUILDCON LIMITED   ,Listed    ,02 SEP 2026,               5.00,          18684602,             97.40,     1819693388.80 
02 SEP 2026,UNICHEMLAB,EQ,UNICHEM LABORATORIES LTD ,Listed    ,02 SEP 2026,               2.00,          70405750,            559.65,    39402577987.50
02 SEP 2026,UNIDT,BE,UNITED DRILLING TOOLS LTD,Listed    ,02 SEP 2026,              10.00,          20303126,            221.25,     4492472690.00     
02 SEP 2026,UNIECOM,EQ,UNICOMMERCE ESOLUTIONS L ,Listed    ,02 SEP 2026,               1.00,         112379173,             85.85,     9645504418.60   
02 SEP 2026,UNIENTER,EQ,UNIPHOS ENTERPRISES LTD  ,Listed    ,02 SEP 2026,               2.00,          69545849,             93.75,     6519227885.25  
02 SEP 2026,UNIHEALTH,SM,UNIHEALTH HOSPITALS LTD  ,Listed    ,02 SEP 2026,              10.00,          15899952,            717.60,    11409805555.20 
02 SEP 2026,UNIINFO,EQ,UNIINFO TELECOM SERVI LTD,Listed    ,02 SEP 2026,              10.00,          10693120,             11.45,      122436224.00   
02 SEP 2026,UNILEX,SM,UNILEX COLOURS AND CHEM L,Listed    ,02 SEP 2026,              10.00,          13617000,             26.50,      360850500.00    
02 SEP 2026,UNIMECH,EQ,UNIMECH AEROSPACE N MFG L,Listed    ,02 SEP 2026,               5.00,          50856883,           1451.90,    73839108427.70   
02 SEP 2026,UNIONBANK,EQ,UNION BANK OF INDIA      ,Listed    ,02 SEP 2026,              10.00,        7633605607,            186.85,  1426415543724.00 
02 SEP 2026,UNIPARTS,EQ,UNIPARTS INDIA LIMITED   ,Listed    ,02 SEP 2026,              10.00,          45143114,            886.35,    40012599093.90  
02 SEP 2026,UNITDSPR,EQ,UNITED SPIRITS LIMITED   ,Listed    ,02 SEP 2026,               2.00,         727350853,           1469.50,  1068842078483.50  
02 SEP 2026,UNITECH,EQ,UNITECH LTD              ,Listed    ,02 SEP 2026,               2.00,        2616301047,              3.75,     9784965915.80   
02 SEP 2026,UNITEDPOLY,EQ,UNITED POLYFAB GUJ. LTD. ,Listed    ,02 SEP 2026,               1.00,         229515500,             38.05,     8730769620.00
02 SEP 2026,UNITEDTEA,EQ,UNITED NILGIRI TEA LTD   ,Listed    ,02 SEP 2026,              10.00,           4996566,            442.95,     2213228909.70 
02 SEP 2026,UNIVASTU,BE,UNIVASTU INDIA LIMITED   ,Listed    ,02 SEP 2026,              10.00,          35986770,            160.70,     5783073939.00  
02 SEP 2026,UNIVCABLES,EQ,UNIVERSAL CABLES LTD     ,Listed    ,02 SEP 2026,              10.00,          31989828,           1628.00,    52079439984.00
02 SEP 2026,UNIVPHOTO,BE,UNIVERSUS IMAGINGS LTD   ,Listed    ,02 SEP 2026,              10.00,          10946604,            445.00,     4871238780.00 
02 SEP 2026,UNOMINDA,EQ,UNO MINDA LIMITED        ,Listed    ,02 SEP 2026,               2.00,         577558876,           1236.00,   713862770736.00  
02 SEP 2026,UPHOT,EQ,U P HOTELS LTD.          ,Permitted ,02 SEP 2026,              10.00,           5400000,           1459.00,     7878600000.00     
02 SEP 2026,UPL,EQ,UPL LIMITED              ,Listed    ,02 SEP 2026,               2.00,         844169318,            578.45,   488309741997.10       
02 SEP 2026,URAVIDEF,BE,URAVI DEFENCE &TECH LTD  ,Listed    ,02 SEP 2026,              10.00,          11400000,            124.05,     1414170000.00  
02 SEP 2026,URBAN,SM,URBAN ENVIRO WASTE MGMT L,Listed    ,02 SEP 2026,              10.00,           8660000,            121.35,     1050891000.00     
02 SEP 2026,URBANCO,EQ,URBAN COMPANY LIMITED    ,Listed    ,02 SEP 2026,               1.00,        1542180603,            171.85,   265008314819.50   
02 SEP 2026,URJA,EQ,URJA GLOBAL LIMITED      ,Listed    ,02 SEP 2026,               1.00,         525453377,              9.05,     4744843994.30      
02 SEP 2026,USASEEDS,SM,UPSURGE SEEDS OF AGRI LTD,Listed    ,02 SEP 2026,              10.00,          10085429,             93.45,      942483340.05  
02 SEP 2026,USHAFIN,SM,USHA FINANCIAL SERVICES L,Listed    ,02 SEP 2026,              10.00,          43475262,             49.40,     2147677942.80   
02 SEP 2026,USHAMART,EQ,USHA MARTIN LTD.         ,Listed    ,02 SEP 2026,               1.00,         304741780,            501.60,   152858476848.00  
02 SEP 2026,USK,EQ,UDAYSHIVAKUMAR INFRA LTD ,Listed    ,02 SEP 2026,              10.00,          55357142,             20.60,     1140357125.20       
02 SEP 2026,UTIAMC,EQ,UTI ASSET MNGMT CO LTD   ,Listed    ,02 SEP 2026,              10.00,         128523245,            877.00,   112714885865.00    
02 SEP 2026,UTKAL,SM,UTKAL SPEC INDUS INDIA L ,Listed    ,02 SEP 2026,              10.00,          19534000,             44.70,      873169800.00     
02 SEP 2026,UTKARSHBNK,EQ,UTKARSH SMALL FIN BANK L ,Listed    ,02 SEP 2026,              10.00,        1779523684,             14.75,    26283564812.70
02 SEP 2026,UTLSOLAR,EQ,FUJIYAMA POWER SYSTEMS L ,Listed    ,02 SEP 2026,               1.00,         306901762,            434.40,   133318125412.80  
02 SEP 2026,UTSSAV,ST,UTSSAV CZ GOLD JEWELS LTD,Listed    ,02 SEP 2026,              10.00,          24148000,            445.00,    10745860000.00    
02 SEP 2026,UTTAMSUGAR,EQ,UTTAM SUGAR MILLS LTD.   ,Listed    ,02 SEP 2026,              10.00,          38138120,            292.55,    11157307006.00
02 SEP 2026,UWCSL,SM,ULTRA WIRING CONN SYS LTD,Listed    ,01 SEP 2026,              10.00,           5203571,            105.00,      546374955.00     
02 SEP 2026,UYFINCORP,BE,U. Y. FINCORP LIMITED    ,Listed    ,02 SEP 2026,               5.00,         190238329,             19.30,     3671599749.70 
02 SEP 2026,V2RETAIL,EQ,V2 RETAIL LIMITED        ,Listed    ,02 SEP 2026,               1.00,         364637550,            218.15,    79549327908.00  
02 SEP 2026,VADILALIND,EQ,VADILAL INDUSTRIES LTD   ,Listed    ,02 SEP 2026,              10.00,           7187830,           7559.50,    54336400885.00
02 SEP 2026,VADILENT,EQ,VADILAL ENTERPRISES LTD. ,Permitted ,02 SEP 2026,              10.00,            862668,          10019.00,     8643070692.00  
02 SEP 2026,VAIBHAVGBL,EQ,VAIBHAV GLOBAL LIMITED   ,Listed    ,02 SEP 2026,               2.00,         167352172,            214.80,    35945573023.90
02 SEP 2026,VAISHALI,EQ,VAISHALI PHARMA LIMITED  ,Listed    ,02 SEP 2026,               2.00,         130462130,              8.05,     1051524767.80  
02 SEP 2026,VAKRANGEE,EQ,VAKRANGEE LIMITED        ,Listed    ,02 SEP 2026,               1.00,        1083191807,              5.75,     6239184808.30 
02 SEP 2026,VALIANTLAB,BE,VALIANT LABORATORIES LTD ,Listed    ,02 SEP 2026,              10.00,          54312500,             96.15,     5221060625.00
02 SEP 2026,VALIANTORG,BE,VALIANT ORGANICS LIMITED ,Listed    ,02 SEP 2026,              10.00,          27614049,            301.10,     8314590153.90
02 SEP 2026,VALUE360,SM,VALUE 360 COMMUNICATION L,Listed    ,02 SEP 2026,              10.00,          16090008,             74.90,     1205141599.20  
02 SEP 2026,VAML,EQ,VEDANTA ALUMINIUM METAL L,Listed    ,02 SEP 2026,               1.00,        3910388057,            437.10,  1709230619714.70      
02 SEP 2026,VARDHACRLC,BE,VARDHAMAN ACRYLICS LTD   ,Listed    ,02 SEP 2026,              10.00,          80363746,             42.70,     3431531954.20
02 SEP 2026,VARDMNPOLY,EQ,VARDHMAN POLYTEX LTD.    ,Listed    ,02 SEP 2026,               1.00,         483019004,              6.00,     2888453643.90
02 SEP 2026,VARROC,EQ,VARROC ENGINEERING LTD.  ,Listed    ,02 SEP 2026,               1.00,         152786400,            824.40,   125957108160.00    
02 SEP 2026,VASA,SM,VASA RETAIL & OVERSEA LTD,Listed    ,01 SEP 2026,              10.00,           5992550,              4.05,       24269827.50      
02 SEP 2026,VASCONEQ,EQ,VASCON ENGINEERS LTD     ,Listed    ,02 SEP 2026,              10.00,         231697111,             30.10,     6976400012.20  
02 SEP 2026,VASUPRADA,EQ,SHRI VASUPRADA PLANTATI L,Permitted ,02 SEP 2026,              10.00,           8284402,             97.20,      805243874.40 
02 SEP 2026,VASWANI,EQ,VASWANI IND LTD          ,Listed    ,02 SEP 2026,              10.00,          32946153,             47.80,     1575485036.45   
02 SEP 2026,VBL,EQ,VARUN BEVERAGES LIMITED  ,Listed    ,02 SEP 2026,               2.00,        3382296144,            415.00,  1403652899760.00       
02 SEP 2026,VCL,BE,VAXTEX COTFAB LIMITED    ,Listed    ,02 SEP 2026,               1.00,         183752220,              1.75,      319728862.80       
02 SEP 2026,VDEAL,SM,VDEAL SYSTEM LIMITED     ,Listed    ,02 SEP 2026,              10.00,           4890460,            160.00,      782473600.00     
02 SEP 2026,VEDAVAAG,EQ,VEDAVAAG SYSTEMS LTD.    ,Permitted ,02 SEP 2026,              10.00,          23464200,             18.30,      428925576.00  
02 SEP 2026,VEDL,EQ,VEDANTA LIMITED          ,Listed    ,02 SEP 2026,               1.00,        3910388057,            270.70,  1058542047029.90      
02 SEP 2026,VEDPOWER,EQ,VEDANTA POWER LIMITED    ,Listed    ,02 SEP 2026,              10.00,        3910388057,             34.70,   135768673339.05  
02 SEP 2026,VEEDOL,EQ,VEEDOL CORPORATION LTD   ,Listed    ,02 SEP 2026,               2.00,          17424000,           1473.70,    25677748800.00    
02 SEP 2026,VEEKAYEM,SM,VEEKAYEM FASH & APP LTD  ,Listed    ,02 SEP 2026,              10.00,           5875730,            110.35,      648386805.50  
02 SEP 2026,VELJAN,BE,VELJAN DENISON LTD.      ,Permitted ,02 SEP 2026,              10.00,           4500000,           1803.10,     8113950000.00    
02 SEP 2026,VELS,ST,VELS FILM INTERNATIONAL L,Listed    ,15 JUL 2026,              10.00,          12908000,             73.00,      942284000.00      
02 SEP 2026,VENKEYS,EQ,VENKY S (INDIA) LIMITED  ,Listed    ,02 SEP 2026,              10.00,          14087335,           1659.00,    23370888765.00   
02 SEP 2026,VENTIVE,EQ,VENTIVE HOSPITALITY LTD  ,Listed    ,02 SEP 2026,               1.00,         233541608,            578.80,   135173882710.40   
02 SEP 2026,VENUSPIPES,EQ,VENUS PIPES & TUBES LTD  ,Listed    ,02 SEP 2026,              10.00,          20716110,           1605.00,    33249356550.00
02 SEP 2026,VENUSREM,BE,VENUS REMEDIES LIMITED   ,Listed    ,02 SEP 2026,              10.00,          13366988,           1620.90,    21666550849.20  
02 SEP 2026,VERA,SM,VERA SYNTHETIC LIMITED   ,Listed    ,18 AUG 2026,              10.00,           4935000,             86.25,      425643750.00      
02 SEP 2026,VERANDA,EQ,VERANDA LEARNING SOL LTD ,Listed    ,02 SEP 2026,              10.00,          96320725,            243.90,    23494551242.00   
02 SEP 2026,VERITAAS,SM,VERITAAS ADVERTISING LTD ,Listed    ,28 AUG 2026,              10.00,           2823000,             31.45,       88783350.00  
02 SEP 2026,VERTEXPLUS,SM,VERTEXPLUS TECHNOLOGIES L,Listed    ,28 AUG 2026,              10.00,           5479600,             51.45,      281925420.00
02 SEP 2026,VERTIS,IV,VERTIS INFRASTRUCTURE TST,Listed    ,02 SEP 2026,             100.00,        1509983998,            115.25,   174025655769.50    
02 SEP 2026,VERTOZ,EQ,VERTOZ LIMITED           ,Listed    ,02 SEP 2026,              10.00,          85230000,             38.60,     3289025700.00    
02 SEP 2026,VESUVIUS,EQ,VESUVIUS INDIA LTD       ,Listed    ,02 SEP 2026,               1.00,         202960800,            412.90,    83802514320.00  
02 SEP 2026,VETO,BE,VETO SWITCHGEAR CABLE LTD,Listed    ,02 SEP 2026,              10.00,          19114955,            126.00,     2408866629.10      
02 SEP 2026,VGCL,EQ,VIBRANT GLOBAL CAPITAL L ,Permitted ,02 SEP 2026,              10.00,          22907380,             53.60,     1227606494.20      
02 SEP 2026,VGINFOTECH,SM,VIRTUAL GALAXY INFOTECH L,Listed    ,02 SEP 2026,              10.00,          24868635,            144.65,     3597248052.75
02 SEP 2026,VGL,EQ,VARVEE GLOBAL LIMITED    ,Listed    ,02 SEP 2026,               5.00,          51528678,             57.10,     2943318087.35       
02 SEP 2026,VGUARD,EQ,V-GUARD IND LTD.         ,Listed    ,02 SEP 2026,               1.00,         436891055,            341.20,   149067227966.00    
02 SEP 2026,VHL,EQ,VARDHMAN HOLDINGS LIMITED,Listed    ,02 SEP 2026,              10.00,           3183808,           3570.40,    11367468083.20       
02 SEP 2026,VHLTD,BE,VICEROY HOTELS LIMITED   ,Listed    ,02 SEP 2026,              10.00,         125503761,            115.25,    14464308455.25     
02 SEP 2026,VIAZ,SM,VIAZ TYRES LIMITED       ,Listed    ,02 SEP 2026,              10.00,          14307000,             70.10,     1002920700.00      
02 SEP 2026,VICTORYEV,SM,VICTORY ELEC VEHICL INT L,Listed    ,02 SEP 2026,               5.00,          24090000,             15.15,      364963500.00 
02 SEP 2026,VIDHIING,EQ,VIDHI SPCLTY F INGRDNTS L,Listed    ,02 SEP 2026,               1.00,          49945000,            342.90,    17126140500.00  
02 SEP 2026,VIDYAWIRES,EQ,VIDYA WIRES LIMITED      ,Listed    ,02 SEP 2026,               1.00,         212692307,             88.50,    18825396092.55
02 SEP 2026,VIESL,SM,VISION INFRA EQUIP SOL L ,Listed    ,02 SEP 2026,              10.00,          24642400,            378.45,     9325916280.00     
02 SEP 2026,VIGOR,ST,VIGOR PLAST INDIA LIMITED,Listed    ,02 SEP 2026,              10.00,          10351700,             96.50,      998939050.00     
02 SEP 2026,VIJAYA,EQ,VIJAYA DIAGNOSTIC CEN LTD,Listed    ,02 SEP 2026,               1.00,         102896728,           1481.10,   152400343840.80    
02 SEP 2026,VIJAYPD,SM,VIJAYPD CEUTICAL LIMITED ,Listed    ,02 SEP 2026,              10.00,          19528686,             69.00,     1347479334.00   
02 SEP 2026,VIJIFIN,BE,VIJI FINANCE LIMITED     ,Listed    ,02 SEP 2026,               1.00,         191500000,             15.95,     3054425000.00   
02 SEP 2026,VIJSOLX,EQ,VIJAY SOLVEX LTD.        ,Permitted ,02 SEP 2026,              10.00,           3201263,            689.00,     2205670207.00   
02 SEP 2026,VIKASECO,EQ,VIKAS ECOTECH LIMITED    ,Listed    ,02 SEP 2026,               1.00,        1768706024,              1.10,     1927889566.15  
02 SEP 2026,VIKASLIFE,EQ,VIKAS LIFECARE LIMITED   ,Listed    ,02 SEP 2026,               1.00,        1857668560,              1.25,     2340662385.60 
02 SEP 2026,VIKRAMSOLR,EQ,VIKRAM SOLAR LIMITED     ,Listed    ,02 SEP 2026,              10.00,         362354381,            169.15,    61292243546.15
02 SEP 2026,VIKRAN,EQ,VIKRAN ENGINEERING LTD   ,Listed    ,02 SEP 2026,               1.00,         257911026,             57.70,    14876307979.70    
02 SEP 2026,VILAS,SM,VILAS TRANSCORE LIMITED  ,Listed    ,02 SEP 2026,              10.00,          24480000,            349.00,     8543520000.00     
02 SEP 2026,VILINBIO,SM,VILIN BIO MED LIMITED    ,Listed    ,02 SEP 2026,              10.00,          15250000,             49.25,      751062500.00  
02 SEP 2026,VIMTALABS,EQ,VIMTA LABS LIMITED       ,Listed    ,02 SEP 2026,               2.00,          44669355,            655.35,    29274061799.25 
02 SEP 2026,VINATIORGA,EQ,VINATI ORGANICS LTD      ,Listed    ,02 SEP 2026,               1.00,         103665632,           1313.80,   136195907321.60
02 SEP 2026,VINCOFE,EQ,VINTAGE COFFEE N BVRGS L ,Listed    ,02 SEP 2026,              10.00,         145688409,            175.55,    25577057084.05   
02 SEP 2026,VINDHYATEL,EQ,VINDHYA TELELINKS LTD    ,Listed    ,02 SEP 2026,              10.00,          11850863,           2737.10,    32436997117.30
02 SEP 2026,VINEETLAB,EQ,VINEET LABORATORIES LTD  ,Listed    ,02 SEP 2026,              10.00,          19206266,             37.55,      721579413.60 
02 SEP 2026,VINNY,EQ,VINNY OVERSEAS LIMITED   ,Listed    ,02 SEP 2026,               1.00,         465246622,              1.05,      479204020.65     
02 SEP 2026,VINSYS,ST,VINSYS IT SERVICES IND LT,Listed    ,01 SEP 2026,              10.00,          14749857,            609.00,     8982662913.00    
02 SEP 2026,VINYAS,SM,VINYAS INNOVATIVE TECH L ,Listed    ,02 SEP 2026,              10.00,          12584726,           1537.45,    19348386988.70    
02 SEP 2026,VINYLINDIA,EQ,VINYL CHEMICALS (I) LTD. ,Listed    ,02 SEP 2026,               1.00,          18337111,            225.20,     4129150655.00
02 SEP 2026,VIPCLOTHNG,EQ,VIP CLOTHING LIMITED     ,Listed    ,02 SEP 2026,               2.00,          90129519,             20.25,     1823320169.35
02 SEP 2026,VIPIND,EQ,VIP INDUSTRIES LTD       ,Listed    ,02 SEP 2026,               2.00,         142051846,            304.40,    43240581922.40    
02 SEP 2026,VIPULLTD,BE,VIPUL LIMITED            ,Listed    ,02 SEP 2026,               1.00,         140959480,             14.55,     2050960434.00  
02 SEP 2026,VIRAT,EQ,VIRAT INDUSTRIES LTD.    ,Permitted ,02 SEP 2026,              10.00,          14523339,            437.80,     6358317814.20     
02 SEP 2026,VIRINCHI,EQ,VIRINCHI LIMITED         ,Listed    ,02 SEP 2026,              10.00,         109646896,             14.75,     1617291716.00  
02 SEP 2026,VIRTUALG,EQ,VIRTUAL GLOBAL EDU LTD   ,Permitted ,02 SEP 2026,               1.00,         566163698,              0.45,      260435301.10  
02 SEP 2026,VISACHROME,EQ,VISA CHROME LIMITED      ,Listed    ,02 SEP 2026,              10.00,         145789500,             38.55,     5618727330.00
02 SEP 2026,VISAKAIND,EQ,VISAKA INDUSTRIES LIMITED,Listed    ,02 SEP 2026,               2.00,          86404760,             87.85,     7589794118.40 
02 SEP 2026,VISAMAN,SM,VISAMAN GLOBAL SALES LTD ,Listed    ,02 SEP 2026,              10.00,          21271099,             67.95,     1445371177.05   
02 SEP 2026,VISDEM,SM,VISDEM TECHNOSYS LIMITED ,Listed    ,02 SEP 2026,              10.00,          10272000,             94.70,      972758400.00    
02 SEP 2026,VISHAL,EQ,VISHAL FABRICS LTD.      ,Permitted ,02 SEP 2026,               5.00,         247610003,             18.95,     4694685656.90    
02 SEP 2026,VISHNU,EQ,VISHNU CHEMICALS LIMITED ,Listed    ,02 SEP 2026,               2.00,          67315284,            659.55,    44397795562.20    
02 SEP 2026,VISHNUINFR,SM,VISHNUSURYA PROJ N INFR L,Listed    ,02 SEP 2026,              10.00,          25925538,            160.70,     4166233956.60
02 SEP 2026,VISHWARAJ,EQ,VISHWARAJ SUGAR IND LTD  ,Listed    ,02 SEP 2026,               2.00,         217827700,              5.85,     1278648599.00 
02 SEP 2026,VISHWAS,ST,VISHWAS AGRI SEEDS LTD   ,Listed    ,31 AUG 2026,              10.00,          10000000,             42.10,      421000000.00   
02 SEP 2026,VISL,EQ,VEDANTA IRON AND STEEL L ,Listed    ,02 SEP 2026,               1.00,        3910388057,             37.15,   145270916317.55      
02 SEP 2026,VITAL,EQ,VITAL CHEMTECH LIMITED   ,Listed    ,02 SEP 2026,              10.00,          23951100,             54.50,     1305334950.00     
02 SEP 2026,VIVIANA,BE,VIVIANA POWER TECH LTD   ,Listed    ,02 SEP 2026,              10.00,          10124800,            750.40,     7597649920.00   
02 SEP 2026,VIVIDEL,SM,VIVID ELECTROMECH LIMITED,Listed    ,02 SEP 2026,              10.00,           8887800,           1595.35,    14179151730.00   
02 SEP 2026,VIVIDHA,EQ,VISAGAR POLYTEX LTD      ,Listed    ,02 SEP 2026,               1.00,         292700534,              0.50,      146350267.00   
02 SEP 2026,VIVIMEDLAB,BE,VIVIMED LABS LIMITED     ,Listed    ,02 SEP 2026,               2.00,          82913915,              6.65,      553035813.05
02 SEP 2026,VIVO,ST,VIVO COLLAB SOLUTIONS LTD,Listed    ,02 SEP 2026,              10.00,           2015000,            159.00,      320385000.00      
02 SEP 2026,VIVOBIOT,EQ,VIVO BIO TECH LTD.       ,Permitted ,02 SEP 2026,              10.00,          22190628,             18.20,      404091335.90  
02 SEP 2026,VIYASH,EQ,VIYASH SCIENTIFIC LIMITED,Listed    ,02 SEP 2026,               2.00,         436875477,            259.10,   113194436090.70    
02 SEP 2026,VLEGOV,BE,VL E GOV AND IT SOL LTD  ,Listed    ,02 SEP 2026,              10.00,         108451329,             10.40,     1130062848.20    
02 SEP 2026,VLINFRA,SM,V.L.INFRAPROJECTS LIMITED,Listed    ,31 AUG 2026,              10.00,          15712500,             26.60,      417952500.00   
02 SEP 2026,VLSFINANCE,EQ,VLS FINANCE LTD          ,Listed    ,02 SEP 2026,              10.00,          31378663,            244.30,     7666434944.15
02 SEP 2026,VMARCIND,SM,V MARC INDIA LIMITED     ,Listed    ,02 SEP 2026,              10.00,         146524176,            321.05,    47041586704.80  
02 SEP 2026,VMART,EQ,VMART RETAIL LTD         ,Listed    ,02 SEP 2026,              10.00,          79548002,            849.95,    67611824299.90     
02 SEP 2026,VMM,EQ,VISHAL MEGA MART LIMITED ,Listed    ,02 SEP 2026,              10.00,        4676375306,            108.55,   507714066972.40       
02 SEP 2026,VMOBILE,SM,VINIT MOBILE LIMITED     ,Listed    ,02 SEP 2026,              10.00,           6170000,             60.50,      373285000.00   
02 SEP 2026,VMSTMT,EQ,VMS TMT LIMITED          ,Listed    ,02 SEP 2026,              10.00,          49631210,             45.55,     2261694239.70    
02 SEP 2026,VOEPL,EQ,VIRTUOSO OPTOELECTRONIC L,Listed    ,02 SEP 2026,              10.00,          31833079,            548.55,    17462035485.45     
02 SEP 2026,VOGL,EQ,VEDANTA OIL AND GAS LTD  ,Listed    ,02 SEP 2026,               1.00,        3910388057,             38.55,   150823667358.50      
02 SEP 2026,VOITHPAPR,EQ,VOITH PAPER FABRICS IND L,Permitted ,02 SEP 2026,              10.00,           4392559,           1466.00,     6439491494.00 
02 SEP 2026,VOLERCAR,SM,VOLER CAR LIMITED        ,Listed    ,02 SEP 2026,              10.00,          11143527,            209.50,     2334568906.50  
02 SEP 2026,VOLTAMP,EQ,VOLTAMP TRANSFORMERS LTD ,Listed    ,02 SEP 2026,              10.00,          10117120,          10682.00,   108071075840.00   
02 SEP 2026,VOLTAS,EQ,VOLTAS LTD               ,Listed    ,02 SEP 2026,               1.00,         330884740,           1152.10,   381212308954.00    
02 SEP 2026,VPRPL,EQ,VISHNU PRAKASH R PUNGLI L,Listed    ,02 SEP 2026,              10.00,         124644000,             35.15,     4381236600.00     
02 SEP 2026,VR,SM,V R INFRASPACE LIMITED   ,Listed    ,02 SEP 2026,              10.00,           8880000,            104.00,      923520000.00        
02 SEP 2026,VRAJ,EQ,VRAJ IRON AND STEEL LTD  ,Listed    ,02 SEP 2026,              10.00,          32982619,            122.40,     4037402391.80      
02 SEP 2026,VRLLOG,EQ,VRL LOGISTICS LIMITED    ,Listed    ,02 SEP 2026,              10.00,         176686990,            299.85,    52979593951.50    
02 SEP 2026,VSCL,SM,VADIVARHE SPCLTY CHEM LTD,Listed    ,27 AUG 2026,              10.00,          15000000,             23.10,      346500000.00      
02 SEP 2026,VSSL,EQ,VARDHMAN SPC STEEL LTD   ,Listed    ,02 SEP 2026,              10.00,          96685678,            362.10,    35009884003.80      
02 SEP 2026,VSTIND,EQ,VST INDUSTRIES LTD       ,Listed    ,02 SEP 2026,              10.00,         169861120,            207.60,    35261469900.80    
02 SEP 2026,VSTL,EQ,VIBHOR STEEL TUBES LTD   ,Listed    ,02 SEP 2026,              10.00,          18962443,            113.75,     2157167515.70      
02 SEP 2026,VSTTILLERS,EQ,VST TILLERS TRACTORS LTD ,Listed    ,02 SEP 2026,              10.00,           8652754,           4164.60,    36035259308.40
02 SEP 2026,VTL,EQ,VARDHMAN TEXTILES LIMITED,Listed    ,02 SEP 2026,               2.00,         289475800,            587.45,   170052558710.00       
02 SEP 2026,VTMLTD,EQ,V T M LTD.               ,Permitted ,02 SEP 2026,               1.00,         100569000,             57.75,     5805848370.00    
02 SEP 2026,WAAREEENER,EQ,WAAREE ENERGIES LIMITED  ,Listed    ,02 SEP 2026,              10.00,         287651335,           2581.10,   742456860768.50
02 SEP 2026,WAAREEINDO,EQ,INDOSOLAR LIMITED        ,Listed    ,02 SEP 2026,              10.00,          41603691,            264.95,    11022897930.45
02 SEP 2026,WAAREERTL,EQ,WAAREE RENEWABLE TECH LTD,Listed    ,02 SEP 2026,               2.00,         104345792,            853.25,    89033047024.00 
02 SEP 2026,WABAG,EQ,VA TECH WABAG LTD        ,Listed    ,02 SEP 2026,               2.00,          62315663,           1987.80,   123871074911.40     
02 SEP 2026,WAKEFIT,EQ,WAKEFIT INNOVATIONS LTD  ,Listed    ,02 SEP 2026,               1.00,         331331698,            152.45,    50518143994.05   
02 SEP 2026,WALCHANNAG,EQ,WALCHANDNAGAR INDUSTRIES ,Listed    ,02 SEP 2026,               2.00,          67842060,            206.10,    13981570145.40
02 SEP 2026,WALPAR,SM,WALPAR NUTRITIONS LIMITED,Listed    ,02 SEP 2026,              10.00,           9390440,             24.70,      231943868.00    
02 SEP 2026,WANBURY,EQ,WANBURY LIMITED          ,Listed    ,02 SEP 2026,              10.00,          34939398,            245.00,     8560152510.00   
02 SEP 2026,WARDINMOBI,EQ,WARDWIZARD INNO & MOB L  ,Permitted ,02 SEP 2026,               1.00,         300817446,              5.75,     1726692140.05
02 SEP 2026,WATERBASE,EQ,WATERBASE LTD.           ,Permitted ,02 SEP 2026,              10.00,          41426779,             47.30,     1959900914.50 
02 SEP 2026,WCIL,EQ,WESTERN CARRIERS (IND) L ,Listed    ,02 SEP 2026,               5.00,         101955213,             84.30,     8592785351.65      
02 SEP 2026,WEALTH,EQ,WEALTH FRST PORT. MG. LTD,Listed    ,02 SEP 2026,              10.00,          10655000,            846.60,     9020523000.00    
02 SEP 2026,WEBELSOLAR,EQ,WEBSOL ENERGY SYSTEM LTD ,Listed    ,02 SEP 2026,               1.00,         434163470,             73.85,    32067313894.20
02 SEP 2026,WEIZMANIND,EQ,WEIZMANN LTD             ,Listed    ,02 SEP 2026,              10.00,          15493852,             74.80,     1158630252.55
02 SEP 2026,WEL,EQ,WONDER ELECTRICALS LTD   ,Listed    ,02 SEP 2026,               1.00,         134008000,             76.00,    10181927840.00       
02 SEP 2026,WELCORP,EQ,WELSPUN CORP LIMITED     ,Listed    ,02 SEP 2026,               5.00,         263790645,           2523.50,   665675692657.50   
02 SEP 2026,WELENT,EQ,WELSPUN ENTERPRISES LTD. ,Listed    ,02 SEP 2026,              10.00,         138413810,            741.70,   102661522877.00    
02 SEP 2026,WELINV,BE,WELSPUN INV & COMM LTD   ,Listed    ,02 SEP 2026,              10.00,           3654476,           2145.10,     7839216467.60    
02 SEP 2026,WELSPLSOL,EQ,WELSPUN SPECIALTY SOL L  ,Permitted ,02 SEP 2026,               6.00,         662611445,             53.20,    35264181102.90 
02 SEP 2026,WELSPUNLIV,EQ,WELSPUN LIVING LIMITED   ,Listed    ,02 SEP 2026,               1.00,         959152514,            200.00,   191840094325.15
02 SEP 2026,WENDT,EQ,WENDT (INDIA) LIMITED    ,Listed    ,02 SEP 2026,              10.00,           2000000,           7991.50,    15983000000.00     
02 SEP 2026,WESTLIFE,EQ,WESTLIFE FOODWORLD LTD   ,Listed    ,02 SEP 2026,               2.00,         155936165,            547.55,    85382847145.75  
02 SEP 2026,WEWIN,EQ,WE WIN LIMITED           ,Listed    ,02 SEP 2026,              10.00,          10161000,             42.75,      434484360.00     
02 SEP 2026,WEWORK,EQ,WEWORK INDIA MANAGEMENT L,Listed    ,02 SEP 2026,              10.00,         138590252,            661.10,    91622015597.20    
02 SEP 2026,WHBRADY,EQ,W H BRADY & CO. LTD.     ,Permitted ,02 SEP 2026,              10.00,           2550000,            497.00,     1267350000.00   
02 SEP 2026,WHEELS,EQ,WHEELS INDIA LTD         ,Listed    ,02 SEP 2026,              10.00,          24433012,           1544.30,    37731900431.60    
02 SEP 2026,WHIRLPOOL,EQ,WHIRLPOOL OF INDIA LTD   ,Listed    ,02 SEP 2026,              10.00,         126871830,            800.20,   101522838366.00 
02 SEP 2026,WHITEFORCE,SM,HAPPY SQUARE OUTSOURC S L,Listed    ,02 SEP 2026,              10.00,          11600400,             40.50,      469816200.00
02 SEP 2026,WILLAMAGOR,EQ,WILLIAMSON MAGOR         ,Listed    ,02 SEP 2026,              10.00,          10956360,             24.70,      270512528.40
02 SEP 2026,WINDLAS,EQ,WINDLAS BIOTECH LIMITED  ,Listed    ,02 SEP 2026,               5.00,          20636229,           1096.60,    22629688721.40   
02 SEP 2026,WINDMACHIN,EQ,WINDSOR MACHINES LIMITED ,Listed    ,02 SEP 2026,               2.00,         101727012,            305.05,    31031825010.60
02 SEP 2026,WINNY,SM,WINNY IMMIGRA & EDU SER L,Listed    ,24 AUG 2026,              10.00,           2170000,             32.05,       69548500.00     
02 SEP 2026,WINSOL,SM,WINSOL ENGINEERS LIMITED ,Listed    ,02 SEP 2026,              10.00,          11535200,            115.00,     1326548000.00    
02 SEP 2026,WIPL,EQ,THE WESTERN INDIA PLY LTD,Listed    ,02 SEP 2026,              10.00,           8487340,            163.00,     1383351546.60      
02 SEP 2026,WIPRO,EQ,WIPRO LTD                ,Listed    ,02 SEP 2026,               2.00,        9904138590,            177.10,  1753923902903.10     
02 SEP 2026,WOCKPHARMA,EQ,WOCKHARDT LIMITED        ,Listed    ,02 SEP 2026,               5.00,         162492169,           1904.30,   309433837426.70
02 SEP 2026,WOL3D,SM,WOL 3D INDIA LIMITED     ,Listed    ,02 SEP 2026,              10.00,           6452000,            130.00,      838760000.00     
02 SEP 2026,WOMANCART,ST,WOMANCART LIMITED        ,Listed    ,02 SEP 2026,              10.00,           8212800,            108.50,      891088800.00 
02 SEP 2026,WONDERLA,EQ,WONDERLA HOLIDAYS LTD.   ,Listed    ,02 SEP 2026,              10.00,          63450048,            529.55,    33599972918.40  
02 SEP 2026,WORTHPERI,EQ,WORTH PERIPHERALS LIMITED,Listed    ,02 SEP 2026,              10.00,          15751000,            155.55,     2450068050.00 
02 SEP 2026,WPIL,EQ,W P I L LTD.             ,Permitted ,02 SEP 2026,               1.00,          97670800,            440.05,    42980035540.00      
02 SEP 2026,WSI,EQ,W.S.INDUSTRIES (I) LTD.  ,Listed    ,02 SEP 2026,              10.00,          75895318,             61.05,     4632650210.70       
02 SEP 2026,WSTCSTPAPR,EQ,WEST COAST PAPER MILLS LT,Listed    ,02 SEP 2026,               2.00,          66048908,            629.05,    41548065577.40
02 SEP 2026,WTICAB,SM,WISE TRAVEL INDIA LIMITED,Listed    ,02 SEP 2026,              10.00,          23811837,            107.00,     2547866559.00    
02 SEP 2026,XCHANGING,EQ,XCHANGING SOLUTIONS LTD  ,Listed    ,02 SEP 2026,              10.00,         111403716,             60.85,     6777802081.45 
02 SEP 2026,XELPMOC,EQ,XELPMOC DESIGN & TECH LTD,Listed    ,02 SEP 2026,              10.00,          14799493,             80.60,     1193135125.65   
02 SEP 2026,XPROINDIA,EQ,XPRO INDIA LIMITED       ,Listed    ,02 SEP 2026,              10.00,          23470378,           1285.60,    30173517956.80 
02 SEP 2026,XTGLOBAL,EQ,XTGLOBAL INFOTECH LIMITED,Listed    ,02 SEP 2026,               1.00,         134123705,             29.75,     3987497749.65  
02 SEP 2026,XTRANET,EQ,XTRANET TECHNOLOGIES LTD ,Listed    ,02 SEP 2026,              10.00,          52285700,            193.70,    10126694376.00   
02 SEP 2026,YAAP,SM,YAAP DIGITAL LIMITED     ,Listed    ,02 SEP 2026,              10.00,          20933000,            124.00,     2595692000.00      
02 SEP 2026,YASHO,EQ,YASHO INDUSTRIES LIMITED ,Listed    ,02 SEP 2026,              10.00,          12057095,           4129.50,    49789773802.50     
02 SEP 2026,YASHOPTICS,SM,YASH OPTICS & LENS LTD   ,Listed    ,02 SEP 2026,              10.00,          24765600,            121.10,     2999114160.00
02 SEP 2026,YATHARTH,EQ,YATHARTH HOSP & TRA C S L,Listed    ,02 SEP 2026,              10.00,          96354357,            966.50,    93126486040.50  
02 SEP 2026,YATRA,EQ,YATRA ONLINE LIMITED     ,Listed    ,02 SEP 2026,               1.00,         156916193,            114.15,    17911983430.95     
02 SEP 2026,YCCL,SM,YASONS CHEMEX CARE LTD   ,Listed    ,14 AUG 2026,              10.00,          19303920,              9.65,      186282828.00      
02 SEP 2026,YESBANK,EQ,YES BANK LIMITED         ,Listed    ,02 SEP 2026,               2.00,       31385887247,             22.15,   695197402521.05   
02 SEP 2026,YOGI,EQ,YOGI LTD.                ,Permitted ,02 SEP 2026,              10.00,          45000000,            155.05,     6977250000.00      
02 SEP 2026,YUDIZ,SM,YUDIZ SOLUTIONS LIMITED  ,Listed    ,02 SEP 2026,              10.00,          10319375,             24.70,      254888562.50     
02 SEP 2026,YUKEN,EQ,YUKEN INDIA LIMITED      ,Listed    ,02 SEP 2026,              10.00,          13584000,            967.25,    13139124000.00     
02 SEP 2026,ZAGGLE,EQ,ZAGGLE PREPA OCEAN SER L ,Listed    ,02 SEP 2026,               1.00,         134458445,            184.35,    24784725166.85    
02 SEP 2026,ZEAL,SM,ZEAL GLOBAL SERVICES LTD ,Listed    ,02 SEP 2026,              10.00,          13309750,             61.50,      818549625.00      
02 SEP 2026,ZEEL,EQ,ZEE ENTERTAINMENT ENT LTD,Listed    ,02 SEP 2026,               1.00,         960519420,             90.55,    86994243869.40      
02 SEP 2026,ZEELEARN,BE,ZEE LEARN LIMITED        ,Listed    ,02 SEP 2026,               1.00,         327731291,              7.35,     2412102301.75  
02 SEP 2026,ZEEMEDIA,EQ,ZEE MEDIA CORPORATION LTD,Listed    ,02 SEP 2026,               1.00,         625428680,              8.25,     5147278036.40  
02 SEP 2026,ZENITHDRUG,SM,ZENITH DRUGS LIMITED     ,Listed    ,02 SEP 2026,              10.00,          17148800,             40.00,      685952000.00
02 SEP 2026,ZENITHEXPO,EQ,ZENITH EXPORTS LTD       ,Listed    ,02 SEP 2026,              10.00,           5396250,            204.05,     1101212737.50
02 SEP 2026,ZENITHSTL,EQ,ZENITH STEEL PIP IND LTD ,Listed    ,02 SEP 2026,              10.00,         142280448,              5.30,      752663569.90 
02 SEP 2026,ZENSARTECH,EQ,ZENSAR TECHNOLOGIES  LTD ,Listed    ,02 SEP 2026,               2.00,         227495654,            460.55,   104773123449.70
02 SEP 2026,ZENTEC,EQ,ZEN TECHNOLOGIES LIMITED ,Listed    ,02 SEP 2026,               1.00,          90290356,           1829.10,   165150090159.60    
02 SEP 2026,ZFCVINDIA,EQ,ZF COM VE CTR SYS IND LTD,Listed    ,02 SEP 2026,               5.00,         113805504,           2572.20,   292730517388.80 
02 SEP 2026,ZFSTEERING,EQ,Z F STEERING GEAR (I) LTD,Permitted ,02 SEP 2026,              10.00,           9073300,            667.10,     6052798430.00
02 SEP 2026,ZIMLAB,EQ,ZIM LABORATORIES LIMITED ,Listed    ,02 SEP 2026,              10.00,          53549037,            133.95,     7172893506.15    
02 SEP 2026,ZODIAC,EQ,ZODIAC ENERGY LIMITED    ,Listed    ,02 SEP 2026,              10.00,          15123690,            240.30,     3634222707.00    
02 SEP 2026,ZODIACLOTH,EQ,ZODIAC CLOTHING CO. LTD. ,Listed    ,02 SEP 2026,              10.00,          27458131,             72.50,     1990439916.20
02 SEP 2026,ZOTA,EQ,ZOTA HEALTH CARE LIMITED ,Listed    ,02 SEP 2026,              10.00,          34632587,           1078.00,    37333928786.00      
02 SEP 2026,ZSARACOM,EQ,SARASWATI COMM (INDIA) L ,Permitted ,02 SEP 2026,              10.00,           1095928,          10437.00,    11438200536.00  
02 SEP 2026,ZTECH,SM,Z-TECH (INDIA) LIMITED   ,Listed    ,02 SEP 2026,              10.00,          14559448,            503.00,     7323402344.00     
02 SEP 2026,ZUARI,EQ,ZUARI AGRO CHEMICALS LTD ,Listed    ,02 SEP 2026,              10.00,          42058006,            222.85,     9373047217.15     
02 SEP 2026,ZUARIIND,EQ,ZUARI INDUSTRIES LIMITED ,Listed    ,02 SEP 2026,              10.00,          29781184,            270.80,     8064744627.20  
02 SEP 2026,ZYDUSLIFE,EQ,ZYDUS LIFESCIENCES LTD   ,Listed    ,02 SEP 2026,               1.00,        1006233990,           1154.20,  1161395271258.00 
02 SEP 2026,ZYDUSWELL,EQ,ZYDUS WELLNESS LIMITED   ,Listed    ,02 SEP 2026,               2.00,         318160720,            534.60,   170088720912.00 
02 SEP 2026,Listed    ,  ,                         ,          ,           ,               0.00,                 0,              0.00,482468668336204.20
02 SEP 2026,Permitted ,  ,                         ,          ,           ,               0.00,                 0,              0.00,  3777606704158.80
02 SEP 2026,Total     ,  ,                         ,          ,           ,               0.00,                 0,              0.00,486246275040363.00
